L,environment_id,environment_seed,samples,replica_1_mean,replica_2_mean,mean_height,conditional_variance,replica_1_variance,replica_2_variance,replica_1_ess,replica_2_ess,start_gap,standardized_start_gap,minimum_pair_swap_acceptance,target_exchange_acceptance
2,1,16503013862675582955,2000,3.874,3.848,3.8609999999999998,0.5319279639819908,0.4883681840920458,0.585188594297149,2000.0,1788.308077403466,0.026000000000000245,1.0876715262754173,0.8194285714285714,0.9911428571428571
2,2,7876645441089020994,2000,0.354,0.31,0.33199999999999996,1.1596118059029512,1.291329664832416,1.14447223611806,1110.4395317313051,1282.68389635166,0.043999999999999984,0.9705796062090898,0.8968571428571429,0.9682857142857143
2,3,12217605947908914083,2000,0.0,0.0,0.0,0.0,0.0,0.0,2000.0,2000.0,0.0,0.0,0.8608571428571429,0.9817142857142858
2,4,7008982407598474083,2000,-0.018,-0.006,-0.012,0.04795197598799406,0.0717118559279642,0.023975987993997003,1061.6490207533589,1201.444982753921,-0.011999999999999999,1.2828277786687603,0.894,0.9682857142857143
2,5,17995853470203864178,2000,0.476,0.498,0.487,1.7806483241620814,1.7743111555777877,1.7928924462231108,2000.0,2000.0,-0.02200000000000002,0.5209232359727367,0.9122857142857143,0.9731428571428572
2,6,184679872487367140,2000,-0.004,-0.018,-0.011,0.06793596798399204,0.032000000000000035,0.10372786393196615,2000.0,2000.0,0.013999999999999999,1.6994505273597218,0.8502857142857143,0.9668571428571429
2,7,6372658922972548020,2000,0.0,-0.006,-0.003,0.011987993996998491,0.0,0.023975987993996983,2000.0,2000.0,0.006,1.7329179169135918,0.8822857142857143,0.9754285714285714
2,8,12072279450063955472,2000,-0.016,-0.01,-0.013000000000000001,0.052008004002001056,0.06377588794397199,0.055927963981990986,2000.0,2000.0,-0.006,0.7755542558268047,0.9002857142857142,0.9722857142857143
2,9,11204976245762855672,2000,-0.674,-0.622,-0.648,2.111703851925962,2.242845422711352,2.10216708354177,2000.0,2000.0,-0.052000000000000046,1.115636786499036,0.87,0.9768571428571429
2,10,12018010025799607513,2000,-0.004,-0.004,-0.004,0.016008004002001,0.015991995997999015,0.015991995997999022,2000.0,2000.0,0.0,0.0,0.8622857142857143,0.9742857142857143
2,11,8324409309590821860,2000,0.0,0.0,0.0,0.0,0.0,0.0,2000.0,2000.0,0.0,0.0,0.8671428571428571,0.9711428571428572
2,12,11268415986047989819,2000,0.03,0.038,0.034,0.1360360180090045,0.11915957978989494,0.15063131565782872,2000.0,2000.0,-0.008,0.6887971476896814,0.8885714285714286,0.9597142857142857
2,13,4041576417893040964,2000,0.784,0.772,0.778,2.385120560280139,2.5226053026513244,2.493262631315657,1983.3165002810679,2000.0,0.01200000000000001,0.23911481211895844,0.9134285714285715,0.9734285714285714
2,14,9608222450850241923,2000,0.002,0.006,0.004,0.0240040020010005,0.008000000000000007,0.03998399199599801,2000.0,2000.0,-0.004,0.8166327658308377,0.8802857142857143,0.9731428571428572
2,15,11783809464752416572,2000,-0.004,-0.002,-0.003,0.012004002001000512,0.015991995997999015,0.008000000000000018,2000.0,2000.0,-0.002,0.5774465664581109,0.8188571428571428,0.978
2,16,17488108566552188701,2000,0.0,0.0,0.0,0.0,0.0,0.0,2000.0,2000.0,0.0,0.0,0.8805714285714286,0.9685714285714285
2,17,9168956008631356884,2000,0.0,0.0,0.0,0.0,0.0,0.0,2000.0,2000.0,0.0,0.0,0.8568571428571429,0.9711428571428572
2,18,7084167817291987927,2000,0.0,0.0,0.0,0.0,0.0,0.0,2000.0,2000.0,0.0,0.0,0.8525714285714285,0.9828571428571429
2,19,2016393574280746586,2000,0.0,0.0,0.0,0.0,0.0,0.0,2000.0,2000.0,0.0,0.0,0.7911428571428571,0.9754285714285714
2,20,18209828889037580146,2000,-0.004,0.0,-0.002,0.007995997998999506,0.01599199599799901,0.0,2000.0,2000.0,-0.004,1.414567425399369,0.8888571428571429,0.9648571428571429
2,21,13066138278044702885,2000,0.0,0.0,0.0,0.0,0.0,0.0,2000.0,2000.0,0.0,0.0,0.8311428571428572,0.9811428571428571
2,22,8827126381907060372,2000,-0.018,-0.01,-0.013999999999999999,0.06399999999999999,0.07171185592796414,0.055927963981990986,2000.0,2000.0,-0.007999999999999998,1.0014099297337777,0.9074285714285715,0.9771428571428571
2,23,7860441041686724660,2000,-0.002,0.0,-0.001,0.004000000000000008,0.008000000000000016,0.0,2000.0,2000.0,-0.002,0.9999999999999989,0.8802857142857143,0.9682857142857143
2,24,5927593106840548960,2000,0.0,0.0,0.0,0.0,0.0,0.0,2000.0,2000.0,0.0,0.0,0.7334285714285714,0.9908571428571429
2,25,12670224741265326835,2000,-0.124,-0.1,-0.112,0.4319279639819911,0.48086443221610836,0.39019509754877435,1994.8838557421193,2000.0,-0.023999999999999994,1.1491986391160454,0.6885714285714286,0.9828571428571429
2,26,2917635371682197844,2000,0.0,0.0,0.0,0.0,0.0,0.0,2000.0,2000.0,0.0,0.0,0.9165714285714286,0.9731428571428572
2,27,8401036808371221813,2000,0.404,0.35,0.377,1.347215607803902,1.517542771385694,1.2941470735367688,2000.0,2000.0,0.05400000000000005,1.440207444517521,0.9482857142857143,0.9808571428571429
2,28,8470465329713055577,2000,-2.838,-2.74,-2.789,3.4169064532266153,3.2994057028514288,3.454127063531766,1838.1164360776793,1899.212358281098,-0.09799999999999986,1.6302324281370235,0.9022857142857142,0.9674285714285714
2,29,15715092345882880589,2000,0.828,0.902,0.865,2.7466353176588267,2.6757538769384714,2.8598259129564765,963.2584784932139,968.5022238656962,-0.07400000000000007,0.9775294026618941,0.8682857142857143,0.9814285714285714
2,30,14123577998429086371,2000,1.928,1.834,1.881,3.8815227613806877,3.996814407203603,3.9744312156078005,1143.2164452103968,1014.5506538470555,0.09399999999999986,1.0917292171385162,0.8871428571428571,0.9751428571428571
2,31,16165480413011113708,2000,-0.012,-0.004,-0.008,0.03198399199599796,0.047879939969985075,0.01599199599799901,1001.5082895655012,1000.5012521287962,-0.008,1.0016304169577872,0.8708571428571429,0.9737142857142858
2,32,10793869253569989436,2000,0.002,0.0,0.001,0.004000000000000008,0.008000000000000016,0.0,2000.0,2000.0,0.002,0.9999999999999989,0.8454285714285714,0.9805714285714285
2,33,10677147765490364327,2000,0.002,0.004,0.003,0.012004002001000522,0.008000000000000012,0.01599199599799902,2000.0,1000.5012521288069,-0.002,0.4473927675310408,0.7922857142857143,0.966
2,34,9534212328815086779,2000,0.0,0.0,0.0,0.0,0.0,0.0,2000.0,2000.0,0.0,0.0,0.8308571428571428,0.9777142857142858
2,35,10782817867709826067,2000,0.0,0.0,0.0,0.0,0.0,0.0,2000.0,2000.0,0.0,0.0,0.8168571428571428,0.9765714285714285
2,36,5542754731037126976,2000,0.014,0.016,0.015,0.06002801400700355,0.05583191595797908,0.06377588794397199,2000.0,2000.0,-0.002,0.25862186265319026,0.8902857142857142,0.9731428571428572
2,37,3550357535929245277,2000,-0.062,-0.05,-0.056,0.23204402201100535,0.2602861430715361,0.19759879939969968,1879.9540415853812,1894.5071283828331,-0.011999999999999997,0.7701897340880638,0.8705714285714286,0.9714285714285714
2,38,18063209220106296906,2000,-0.022,0.026,0.002,1.1114037018509257,1.28816008004002,0.9357918959479732,2000.0,2000.0,-0.048,1.4394398867482654,0.9088571428571428,0.9565714285714285
2,39,9132535248702589307,2000,0.0,0.0,0.0,0.0,0.0,0.0,2000.0,2000.0,0.0,0.0,0.8265714285714286,0.9822857142857143
2,40,5101703214285295226,2000,-0.004,-0.006,-0.005,0.02000800400200098,0.015991995997999026,0.023975987993996986,2000.0,2000.0,0.002,0.4473926779360073,0.8454285714285714,0.9711428571428572
2,41,17500284358920036,2000,0.0,0.0,0.0,0.0,0.0,0.0,2000.0,2000.0,0.0,0.0,0.8185714285714286,0.9751428571428571
2,42,17136599440650597216,2000,-0.108,-0.1,-0.10400000000000001,0.41617608804402173,0.42054627313656834,0.3901950975487744,2000.0,2000.0,-0.007999999999999993,0.39734139977028454,0.8142857142857143,0.9728571428571429
2,43,1850636511557200465,2000,-0.01,-0.008,-0.009000000000000001,0.03601600800400204,0.03991995997998999,0.03195197598799401,2000.0,2000.0,-0.002,0.33363017389604466,0.86,0.9808571428571429
2,44,17481876647769011678,2000,-3.952,-3.958,-3.955,0.18007203601800925,0.18979089544772393,0.16631915957978988,2000.0,1860.4387146288552,0.006000000000000227,0.44197379325567754,0.8011428571428572,0.998
2,45,14392419666323957613,2000,-0.014,-0.016,-0.015,0.14006803401700843,0.15187993996998506,0.127807903951976,2000.0,2000.0,0.002,0.16912515124252372,0.898,0.9748571428571429
2,46,16484195785868656477,2000,-0.026,-0.034,-0.03,0.12803201600800396,0.1353916958479239,0.13491145572786398,2000.0,2000.0,0.008000000000000004,0.6881441625413863,0.8874285714285715,0.9791428571428571
2,47,10898773379333184956,2000,0.0,0.0,0.0,0.0,0.0,0.0,2000.0,2000.0,0.0,0.0,0.8697142857142857,0.9765714285714285
2,48,3564204126993266215,2000,0.1,0.104,0.10200000000000001,0.40819609804902457,0.3901950975487744,0.4053866933466729,2000.0,1950.1508663940285,-0.00399999999999999,0.19926109560296382,0.8717142857142857,0.9754285714285714
2,49,1425580827690003945,2000,-0.008,-0.016,-0.012,0.047991995997998915,0.031951975987994014,0.06377588794397203,1336.012498008698,1338.7132761109517,0.008,0.9457320760934527,0.8705714285714286,0.9685714285714285
2,50,2439011098518677536,2000,0.0,0.0,0.0,0.0,0.0,0.0,2000.0,2000.0,0.0,0.0,0.8382857142857143,0.9817142857142858
2,51,5697189617753370040,2000,0.01,0.006,0.008,0.03200800400200101,0.03991995997998999,0.023975987993996997,2000.0,2000.0,0.004,0.707682294705229,0.8097142857142857,0.9777142857142858
2,52,7782557638336321625,2000,0.0,0.0,0.0,0.0,0.0,0.0,2000.0,2000.0,0.0,0.0,0.8465714285714285,0.9797142857142858
2,53,15277900226520664737,2000,-0.004,-0.002,-0.003,0.012004002001000507,0.01599199599799899,0.008000000000000009,2000.0,2000.0,-0.002,0.5774465664581113,0.7885714285714286,0.9788571428571429
2,54,11252975053233234074,2000,0.0,0.0,0.0,0.0,0.0,0.0,2000.0,2000.0,0.0,0.0,0.856,0.9774285714285714
2,55,6458138186558408672,2000,2.162,2.186,2.174,4.089756878439222,4.08779989994997,4.047427713856924,1318.1009617043462,1499.152460142066,-0.02400000000000002,0.3151058198408606,0.8777142857142857,0.9717142857142858
2,56,7005692776000400354,2000,0.06,0.07,0.065,0.26008004002001034,0.23651825912956467,0.27523761880940445,1861.4964730783777,2000.0,-0.010000000000000009,0.6146699031694594,0.8968571428571429,0.9682857142857143
2,57,18269917364268815200,2000,0.004,0.0,0.002,0.007995997998999506,0.01599199599799901,0.0,2000.0,2000.0,0.004,1.414567425399369,0.8577142857142858,0.9728571428571429
2,58,14591077346762218869,2000,0.0,0.004,0.002,0.007995997998999506,0.0,0.01599199599799901,2000.0,2000.0,-0.004,1.414567425399369,0.8014285714285714,0.9808571428571429
2,59,16623558255996772727,2000,-0.002,-0.002,-0.002,0.0080040020010005,0.008000000000000004,0.008000000000000005,2000.0,2000.0,0.0,0.0,0.9157142857142857,0.9702857142857143
2,60,4697546374334961470,2000,-0.022,-0.01,-0.016,0.06395997998999503,0.08755977988994502,0.03991995997999,2000.0,2000.0,-0.011999999999999999,1.503057723525159,0.882,0.9748571428571429
2,61,18242555095560972628,2000,0.0,0.0,0.0,0.0,0.0,0.0,2000.0,2000.0,0.0,0.0,0.8794285714285714,0.972
2,62,12386845426767845231,2000,0.438,0.432,0.435,1.5887763881940957,1.5609364682341185,1.5421470735367673,846.5308228129026,1024.8710379121376,0.006000000000000005,0.10368518780258609,0.8514285714285714,0.9811428571428571
2,63,7588351857081764211,2000,0.014,0.01,0.012,0.07202801400700351,0.0878479239619811,0.05592796398199098,2000.0,2000.0,0.004,0.4717717809074543,0.8522857142857143,0.9765714285714285
2,64,11402664232020775766,2000,0.0,0.0,0.0,0.0,0.0,0.0,2000.0,2000.0,0.0,0.0,0.816,0.9788571428571429
4,1,17282016616865581245,2000,0.532,0.436,0.484,2.132458229114559,2.294123061530765,2.162985492746372,1540.3916054219787,1470.5892436331974,0.09600000000000003,1.764473154394445,0.7133333333333334,0.9293333333333333
4,2,5886055161830666488,2000,0.032,0.036,0.034,0.13606003001500758,0.12703951975987984,0.14277538769384687,532.955107128273,650.2502832952209,-0.003999999999999997,0.1869203692787139,0.682,0.946
4,3,1746759412847042884,2000,0.0,0.0,0.0,0.0,0.0,0.0,2000.0,2000.0,0.0,0.0,0.7093333333333334,0.9206666666666666
4,4,1014571002134228467,2000,0.0,0.0,0.0,0.0,0.0,0.0,2000.0,2000.0,0.0,0.0,0.6593333333333333,0.932
4,5,13058620766198014872,2000,-0.006,-0.008,-0.007,0.028012006003001536,0.02397598799399699,0.03195197598799399,2000.0,2000.0,0.002,0.37820780650537883,0.6946666666666667,0.9426666666666667
4,6,27383927088038612,2000,0.366,0.174,0.27,1.0941150575287644,1.3947413706853415,0.8101290645322663,259.21392260632126,459.9381867760824,0.192,2.2719038839638013,0.7133333333333334,0.9453333333333334
4,7,4760756650236809567,2000,-0.184,-0.154,-0.16899999999999998,1.8124562281140577,1.7910395197598785,1.905236618309152,411.9211157882838,454.83531648667133,-0.03,0.3246923408287125,0.742,0.9213333333333333
4,8,9310951924280829014,2000,-0.078,-0.066,-0.07200000000000001,0.2960760380190094,0.3060690345172586,0.3077978989494747,1315.2496749882223,1502.6013459780454,-0.011999999999999997,0.5736761077563443,0.6793333333333333,0.9206666666666666
4,9,9991041946535511762,2000,1.63,1.63,1.63,3.8419209604802402,3.8650325162581276,3.865032516258127,1490.5664403273977,1436.6175482995386,0.0,0.0,0.6773333333333333,0.93
4,10,1894710441496994400,2000,-2.182,-2.122,-2.152,3.9841920960480257,4.000876438219111,4.099165582791393,1613.8903789418623,1442.1652933138648,-0.06000000000000005,0.8225049222203915,0.7606666666666667,0.94
4,11,13445678961970919360,2000,-0.746,-0.696,-0.721,2.419959979989993,2.428698349174587,2.300734367183592,866.030541760324,890.0025817530527,-0.050000000000000044,0.6810769322260982,0.7946666666666666,0.916
4,12,3746123299479940832,2000,0.018,0.024,0.020999999999999998,0.08402401200600308,0.07171185592796413,0.095471735867934,2000.0,2000.0,-0.006000000000000002,0.6562501602974924,0.774,0.916
4,13,12617324544406650441,2000,0.0,-0.004,-0.002,0.007995997998999511,0.0,0.015991995997999022,2000.0,2000.0,0.004,1.4145674253993685,0.7006666666666667,0.928
4,14,14371455431428089463,2000,0.25,0.254,0.252,0.896440220110055,0.9379689844922461,0.9519599799899943,854.5547769612033,860.2925959744388,-0.0040000000000000036,0.08519967477173017,0.7573333333333333,0.932
4,15,11307368843888775368,2000,-0.688,-0.628,-0.6579999999999999,2.255327663831917,2.279795897948974,2.1186753376688365,1400.9865614838184,1550.8575518338248,-0.05999999999999994,1.0966501897859864,0.656,0.9366666666666666
4,16,528475296008202953,2000,0.084,0.028,0.056,0.45465932966483213,0.4891885942971483,0.43143171585792933,1424.318242632069,815.8712708857614,0.05600000000000001,1.8961238972520003,0.7286666666666667,0.9233333333333333
4,17,12353838787086816381,2000,1.79,1.762,1.776,3.921568784392198,3.957878939469736,3.9773446723361707,1421.9944609111872,1645.1345985034266,0.028000000000000025,0.3882539174531518,0.722,0.936
4,18,9905511250112615995,2000,0.0,0.002,0.001,0.004000000000000003,0.0,0.008000000000000005,2000.0,2000.0,-0.002,0.9999999999999998,0.6806666666666666,0.9326666666666666
4,19,18348511942648928791,2000,-0.006,-0.01,-0.008,0.032008004002001024,0.023975987993996997,0.03991995997999,2000.0,2000.0,0.004,0.7076822947052289,0.7273333333333334,0.932
4,20,9606665189652724534,2000,0.026,0.004,0.015,0.06779189594797401,0.103375687843922,0.03199999999999999,581.6745647568551,800.7219716266245,0.022,1.4911064944759675,0.7253333333333334,0.9086666666666666
4,21,12570405633506024452,2000,-1.676,-1.58,-1.6280000000000001,3.957370685342672,3.896972486243118,3.8255127563781874,418.92682336227057,297.29624784237825,-0.09599999999999986,0.6447462656246359,0.662,0.926
4,22,12328362133440629314,2000,0.306,0.358,0.33199999999999996,1.2232596298149063,1.1309294647323658,1.3685202601300643,1633.490295015835,1535.097958646392,-0.05199999999999999,1.306620715259906,0.614,0.9326666666666666
4,23,13755731609323336991,2000,0.0,0.0,0.0,0.0,0.0,0.0,2000.0,2000.0,0.0,0.0,0.708,0.93
4,24,15900627358214048099,2000,-0.344,-0.284,-0.31399999999999995,1.2548274137068545,1.3223251625812904,1.1999439719859935,1620.2730675207317,1855.8829942264001,-0.06,1.5688353113137037,0.6993333333333334,0.9213333333333333
4,25,13846089753738229772,2000,-0.012,0.0,-0.006,0.21603601800900427,0.17594397198599304,0.256128064032016,524.167878128264,592.5925925925926,-0.012,0.4330466737757813,0.732,0.9353333333333333
4,26,14368824160103477431,2000,-0.224,-0.296,-0.26,1.2620390195097562,1.3104792396198088,1.4170925462731352,509.7922152093434,562.7089134073217,0.07199999999999998,1.0092951828831525,0.678,0.926
4,27,17889244232879818449,2000,0.148,0.132,0.14,0.6081760880440213,0.5863891945972982,0.7029274637318653,513.3799662462221,663.2907933089848,0.015999999999999986,0.3409684840233794,0.676,0.9106666666666666
4,28,17072475270947425444,2000,-0.548,-0.388,-0.468,1.7800900450225101,1.8926423211605785,1.4021570785392683,460.46667187807714,521.250045814902,-0.16000000000000003,1.9402480067259693,0.726,0.9326666666666666
4,29,17476600774852222741,2000,0.0,0.0,0.0,0.0,0.0,0.0,2000.0,2000.0,0.0,0.0,0.7406666666666667,0.9286666666666666
4,30,5473965845889900357,2000,-0.038,-0.05,-0.044,0.20002801400700332,0.21466333166583268,0.19759879939969974,1589.9907210277092,2000.0,0.012000000000000004,0.7847856098951375,0.6366666666666667,0.9346666666666666
4,31,13662635848785027660,2000,-3.014,-3.058,-3.0359999999999996,3.06456428214107,2.9732906453226606,2.8980850425212603,688.2339982958738,434.63526128072886,0.04400000000000004,0.4197519969591581,0.7533333333333333,0.9153333333333333
4,32,5422221135230760691,2000,0.392,0.336,0.364,1.3591115557778892,1.4150435217608817,1.231719859929966,506.982253005831,433.67557090358616,0.055999999999999994,0.7462490241143572,0.7053333333333334,0.9326666666666666
4,33,6814908267184620058,2000,-0.008,-0.016,-0.012,0.04799199599799894,0.03195197598799399,0.063775887943972,2000.0,2000.0,0.008,1.156340670312775,0.7206666666666667,0.9373333333333334
4,34,16694903392383252157,2000,0.026,0.02,0.023,0.24410405202601335,0.2954717358679337,0.1916958479239621,1304.9592295022776,1508.6685448907645,0.005999999999999998,0.31912856304580556,0.8073333333333333,0.93
4,35,8903134147633345453,2000,0.616,0.504,0.56,1.9467013506753377,2.085586793396699,1.7628654327163567,316.23938926601767,209.5197562666738,0.11199999999999999,0.9142080174020732,0.674,0.916
4,36,16212047813180901266,2000,-0.056,-0.048,-0.052000000000000005,0.20807203601800897,0.22097448724362184,0.18979089544772393,1364.433400349129,794.7454562225255,-0.008,0.3996203191646972,0.7326666666666667,0.918
4,37,600516735026697915,2000,0.018,-0.004,0.006999999999999999,0.19585592796398194,0.1197358679339672,0.27212006003001504,589.9291818794849,829.3612318241708,0.022,0.9546516979159886,0.7053333333333334,0.9146666666666666
4,38,992481407852627495,2000,1.3,1.426,1.363,3.621872936468236,3.575787893946972,3.7203841920960494,328.02834223616986,253.25542039762223,-0.1259999999999999,0.7876369946055197,0.7286666666666667,0.9133333333333333
4,39,17633538545156724440,2000,-2.052,-2.12,-2.0860000000000003,3.9036398199099547,3.9992956478239106,3.987593796898454,287.24266678158585,184.78207250415133,0.06800000000000006,0.36089108670523123,0.7126666666666667,0.9186666666666666
4,40,5607073282657115688,2000,-0.02,-0.006,-0.013000000000000001,0.06793596798399208,0.09564782391195614,0.03998399199599801,755.1414389393948,910.8834019101984,-0.014,1.0719931870428103,0.7026666666666667,0.9146666666666666
4,41,1639495838507862801,2000,-0.01,-0.014,-0.012,0.048016008004002,0.03991995997999,0.055831915957979074,2000.0,2000.0,0.004,0.5780978357932955,0.618,0.926
4,42,16575335499189210869,2000,0.008,-0.018,-0.004999999999999999,0.10771585792896443,0.09598399199599796,0.11973586793396711,858.289478882598,589.929181879487,0.026,1.4654034293250138,0.702,0.9266666666666666
4,43,8962315928248566424,2000,0.0,0.004,0.002,0.0079959979989995,0.0,0.015991995997999,2000.0,2000.0,-0.004,1.4145674253993696,0.7,0.9266666666666666
4,44,428436427278036055,2000,-3.212,-3.394,-3.303,2.356616308154074,2.564338169084541,2.057792896448225,613.4223594741919,531.6906664999425,0.18199999999999994,2.0284093532165186,0.714,0.9346666666666666
4,45,7984379102564269422,2000,-0.108,-0.088,-0.098,0.39999999999999986,0.4525622811405707,0.3444282141070536,884.9534530009826,1144.191288192605,-0.020000000000000004,0.7016809666383013,0.6813333333333333,0.92
4,46,14023242140054347731,2000,-0.018,0.0,-0.009,0.035855927963982036,0.07171185592796407,0.0,547.709354404448,2000.0,-0.018,1.5730846856413994,0.6706666666666666,0.93
4,47,10707290128679037444,2000,0.086,0.048,0.067,0.4915237618809407,0.5448764382191094,0.429910955477739,867.029131853415,1194.7911802557996,0.03799999999999999,1.2087809402927778,0.724,0.9246666666666666
4,48,16567001323428929795,2000,2.468,2.492,2.48,3.697560780390198,3.78286743371686,3.7598159079539775,426.68601493247115,512.3890495742327,-0.02400000000000002,0.18854139442638226,0.7326666666666667,0.9353333333333333
4,49,1791723693206470048,2000,-0.006,-0.014,-0.01,0.05599599799899943,0.03998399199599798,0.07183991995998014,588.7978252374057,546.8139080873086,0.008,0.5666965379698657,0.6706666666666666,0.9286666666666666
4,50,10537385368564614635,2000,0.0,0.0,0.0,0.0,0.0,0.0,2000.0,2000.0,0.0,0.0,0.68,0.916
4,51,12866017898008659538,2000,0.042,0.044,0.043,0.1720840420210104,0.16631915957978985,0.17415107553776904,2000.0,2000.0,-0.001999999999999995,0.15328703300415542,0.748,0.9166666666666666
4,52,15569947602681116112,2000,0.088,0.082,0.08499999999999999,0.34015207603801934,0.34442821410705377,0.3214367183591794,618.1950703683852,488.6506373715305,0.0059999999999999915,0.17213570225725447,0.7126666666666667,0.9386666666666666
4,53,6359086406496370104,2000,-0.006,-0.006,-0.006,0.0240120060030015,0.023975987993996997,0.023975987993996983,667.3360076899002,667.336007689883,0.0,0.0,0.6933333333333334,0.9353333333333333
4,54,6399709782204971628,2000,-0.072,-0.074,-0.073,0.3401680840420209,0.34698949474737356,0.3386933466733369,1563.3578237274396,1707.1152349580789,0.0020000000000000018,0.09754909052489184,0.7366666666666667,0.9273333333333333
4,55,13756017853064492542,2000,1.058,0.89,0.974,2.8673216608304144,3.114193096548273,2.769284642321162,244.88925274178015,374.71786840646166,0.16800000000000004,1.1847725887504148,0.6973333333333334,0.9233333333333333
4,56,17576592950189269856,2000,0.004,0.0,0.002,0.00799599799899951,0.01599199599799902,0.0,2000.0,2000.0,0.004,1.4145674253993687,0.7593333333333333,0.934
4,57,5559294505717104815,2000,-0.002,-0.002,-0.002,0.0080040020010005,0.008000000000000014,0.008000000000000018,2000.0,2000.0,0.0,0.0,0.68,0.9513333333333334
4,58,9071537710661954913,2000,1.28,1.298,1.2890000000000001,3.5576168084042012,3.483341670835415,3.5089504752376213,192.09989194380992,234.83777314876167,-0.018000000000000016,0.09897434754921397,0.722,0.924
4,59,3610143032107567252,2000,-3.046,-2.996,-3.021,2.9802401200600293,2.9073376688344155,3.0094887443721854,231.96313344655857,689.7603196718468,-0.04999999999999982,0.38465279293391513,0.6933333333333334,0.928
4,60,12605706162694546304,2000,0.0,0.002,0.001,0.012004002001000515,0.016008004002001,0.008000000000000012,2000.0,2000.0,-0.002,0.5772540200818151,0.6826666666666666,0.9446666666666667
4,61,15643762553894826580,2000,0.102,0.192,0.147,3.041470735367686,3.295243621810903,2.8765742871435735,1231.7230888187723,1192.8482211893854,-0.09000000000000001,1.2618825051814786,0.7246666666666667,0.928
4,62,6166023010955577681,2000,2.186,1.914,2.05,3.7808984492246114,3.9673876938469186,3.9946013006503267,414.61573196451,469.76547708126685,0.272,2.023313072111871,0.692,0.914
4,63,12044346288588898577,2000,-0.982,-0.892,-0.937,2.8013506753376713,2.965158579289647,2.7737228614307146,548.715020563958,548.7786127053935,-0.08999999999999997,0.8800644326055413,0.686,0.9433333333333334
4,64,17453553408357878911,2000,0.0,-0.006,-0.003,0.011987993996998495,0.0,0.02397598799399699,2000.0,1201.4449827539243,0.006,1.3431203776717846,0.7393333333333333,0.9286666666666666
4,65,15268978400682696128,2000,-1.172,-1.276,-1.224,3.4363101550775377,3.4761540770385158,3.6216348174087036,794.407258177602,547.4797459246166,0.10400000000000009,0.9920121320246171,0.8013333333333333,0.92
4,66,60127398719573407,2000,0.232,0.27,0.251,0.9957758879439731,0.8746133066533262,1.0076038019009501,795.099731491576,708.1492644487079,-0.038000000000000006,0.7565468656081917,0.7613333333333333,0.9286666666666666
4,67,17496496335222771845,2000,-0.008,0.0,-0.004,0.015975987993997003,0.03195197598799401,0.0,500.75414175857986,2000.0,-0.008,1.0015056447611155,0.6206666666666667,0.9273333333333333
4,68,8176571191506918193,2000,0.932,0.956,0.944,2.913168584292148,2.860806403201602,2.911519759879943,1898.0338402851621,1912.2649831366641,-0.02399999999999991,0.43601800870389146,0.726,0.936
4,69,2580573455211006008,2000,-0.024,-0.012,-0.018000000000000002,0.07196398199099548,0.09547173586793402,0.047879939969985075,502.2784441697831,669.3561760359919,-0.012,0.7419167923795909,0.6933333333333334,0.9266666666666666
4,70,16443157232253251160,2000,-0.218,-0.284,-0.251,0.9542991495747878,0.8248884442221108,1.0558719359679836,657.1650622825209,626.1452230684224,0.06599999999999998,1.2169071907966167,0.7393333333333333,0.9286666666666666
4,71,7236662573998750459,2000,0.024,0.032,0.028,0.11202401200600297,0.095471735867934,0.12703951975987984,1511.410847794044,1802.0112771028325,-0.008,0.6919575581688241,0.7626666666666667,0.9273333333333333
4,72,7886381643723008675,2000,3.494,3.578,3.536,1.749346673336669,1.7688484242121045,1.510671335667832,565.5418279395212,483.71540908843525,-0.08399999999999963,1.0624603697877857,0.714,0.92
4,73,8639687428442050191,2000,-1.792,-1.748,-1.77,4.433248624312157,4.823147573786894,4.834913456728366,156.7584833011116,215.9619784904708,-0.04400000000000004,0.19084346046746767,0.7046666666666667,0.9233333333333333
4,74,17663396818026896184,2000,0.0,0.0,0.0,0.0,0.0,0.0,2000.0,2000.0,0.0,0.0,0.638,0.942
4,75,3334840493304675416,2000,0.112,0.116,0.114,0.44821610805402734,0.43567383691845885,0.4507693846923463,1251.1005050739088,1009.4192448204109,-0.0040000000000000036,0.14188362285452497,0.6413333333333333,0.9293333333333333
4,76,7779460673876939856,2000,-0.022,-0.004,-0.013,0.05186393196598301,0.087559779889945,0.01599199599799902,715.5580183330538,1000.5012521288083,-0.018,1.5303239351160287,0.7206666666666667,0.9253333333333333
4,77,17015720857851429237,2000,0.016,0.016,0.016,0.080040020010005,0.06377588794397197,0.09579189594797399,805.8330663404456,669.0554689917863,0.0,0.0,0.734,0.9153333333333333
4,78,11041832702339546984,2000,0.048,0.034,0.041,0.18799599799899971,0.25382291145572805,0.13491145572786398,1396.8468754184487,2000.0,0.013999999999999999,0.8869164676974035,0.7486666666666667,0.916
4,79,5988983505747271575,2000,0.496,0.462,0.479,1.7322881440720361,1.770869434717357,1.6833976988494244,1880.597047402801,1838.70294166112,0.033999999999999975,0.7889526832875738,0.7506666666666667,0.9166666666666666
4,80,1969367965666556149,2000,0.036,0.064,0.05,0.19970785392696355,0.14277538769384687,0.252030015007504,917.9460773834851,653.1904103150922,-0.028000000000000004,1.2033886709491721,0.7466666666666667,0.9346666666666666
4,81,2536103480375153074,2000,-0.018,-0.022,-0.019999999999999997,0.44821610805402723,0.5679599799899949,0.3596958479239622,546.3894536852347,1014.708961624731,0.004,0.10713585052850372,0.6673333333333333,0.9353333333333333
4,82,13283593593828240090,2000,1.922,1.86,1.891,4.916536268134067,4.844338169084543,4.686743371685843,723.6258051519089,481.51428780886874,0.06199999999999983,0.4837277103579566,0.6993333333333334,0.9213333333333333
4,83,3670619290811866886,2000,-0.168,-0.14,-0.15400000000000003,0.8320240120060033,0.8201860930465236,0.7967983991995987,1824.166135407411,1866.8970829615978,-0.027999999999999997,0.9458023436453199,0.734,0.9366666666666666
4,84,880813657929392984,2000,0.0,0.0,0.0,0.0,0.0,0.0,2000.0,2000.0,0.0,0.0,0.7473333333333333,0.9433333333333334
4,85,12889353286363346840,2000,0.0,0.0,0.0,0.0,0.0,0.0,2000.0,2000.0,0.0,0.0,0.6793333333333333,0.934
4,86,7932410176044035881,2000,0.616,0.636,0.626,2.1208604302151097,2.0855867933967,2.1405742871435702,399.4728518422836,328.40131344365204,-0.020000000000000018,0.1845925614131087,0.6793333333333333,0.9306666666666666
4,87,11145384737165688591,2000,0.03,0.028,0.028999999999999998,0.116056028014007,0.11915957978989494,0.11127163581790891,2000.0,2000.0,0.0019999999999999983,0.18632637639299848,0.6573333333333333,0.9453333333333334
4,88,10793022138121086873,2000,-0.02,0.0,-0.01,0.0878439219609805,0.1116558279139571,0.064032016008004,540.1773872839492,500.0,-0.02,1.0930982659384065,0.7086666666666667,0.9273333333333333
4,89,13328890295679768534,2000,-0.872,-0.904,-0.888,2.7528644322161058,2.728980490245122,2.8161920960480256,1027.8900214836938,918.5882592761963,0.03200000000000003,0.4230821878267506,0.7413333333333333,0.932
4,90,3923995717150535991,2000,0.014,0.008,0.011,0.044004002001000506,0.055831915957979074,0.03195197598799401,561.897923716471,500.7541417585795,0.006,0.46971023306395165,0.7333333333333333,0.9173333333333333
4,91,9175004213678105128,2000,0.36,0.344,0.352,1.2725082541270623,1.3270635317658832,1.2582931465732865,792.2570965067622,945.9897203830378,0.016000000000000014,0.29186704230013283,0.6426666666666667,0.9213333333333333
4,92,13855508737521514388,2000,-0.174,-0.186,-0.18,0.7603081540770394,0.7300890445222613,0.7097588794397198,1474.204998422908,1970.081249591663,0.01200000000000001,0.41026866540482443,0.7186666666666667,0.9246666666666666
4,93,6412815459631908242,2000,0.0,0.0,0.0,0.0,0.0,0.0,2000.0,2000.0,0.0,0.0,0.678,0.934
4,94,14371726814629707262,2000,0.0,0.0,0.0,0.0,0.0,0.0,2000.0,2000.0,0.0,0.0,0.7213333333333334,0.9313333333333333
4,95,3456544565373382465,2000,-1.654,-1.582,-1.6179999999999999,4.047431715857929,3.8822251125562763,3.8271895947973973,188.86683664365592,127.3021658567585,-0.07199999999999984,0.32001840264959525,0.734,0.926
4,96,8403477402475646204,2000,0.0,-0.024,-0.012,0.04773586793396701,0.0,0.09547173586793402,2000.0,502.27844416978735,0.024,1.7407888743661348,0.7306666666666667,0.922
4,97,3813769022644107489,2000,-0.064,-0.076,-0.07,0.3280920460230113,0.3640860430215108,0.29837318659329654,1292.0354625786974,1942.1778264436655,0.011999999999999997,0.5750779038936168,0.6913333333333334,0.92
4,98,10668057765596491668,2000,0.388,0.45,0.41900000000000004,1.6749154577288625,1.5622371185592785,1.7583791895947973,460.1266332465711,542.6656384580862,-0.062,0.7611232814744714,0.7553333333333333,0.916
4,99,13765227915259209771,2000,-0.064,-0.01,-0.037,0.9470155077538764,0.9083581790895443,0.9363681840920476,678.7920964981386,857.6097100589222,-0.054,1.0954377223184606,0.7693333333333333,0.9326666666666666
4,100,1286167341511228246,2000,-0.002,-0.002,-0.002,0.0560280140070035,0.05602401200600301,0.05602401200600309,736.9253394454792,736.9253394454952,0.0,0.0,0.6966666666666667,0.944
4,101,1004770436824066552,2000,0.602,0.498,0.55,1.9155497748874448,2.062627313656827,1.7448684342171077,1145.979238769254,623.1233568947026,0.10399999999999998,1.5333831153577095,0.6746666666666666,0.9173333333333333
4,102,9950724153689261513,2000,0.0,-0.002,-0.001,0.004000000000000008,0.0,0.008000000000000016,2000.0,2000.0,0.002,0.9999999999999989,0.6433333333333333,0.9253333333333333
4,103,3011330489243082416,2000,1.132,1.21,1.1709999999999998,3.2345752876438203,3.248200100050023,3.377588794397199,1436.0578455205837,1631.1235319393008,-0.07800000000000007,1.1850053706283288,0.782,0.9406666666666667
4,104,16095217438880881169,2000,0.01,0.008,0.009000000000000001,0.036016008004002065,0.03991995997998999,0.03195197598799399,2000.0,2000.0,0.002,0.33363017389604466,0.7733333333333333,0.9253333333333333
4,105,18390626826264202775,2000,-0.006,0.0,-0.003,0.011987993996998493,0.023975987993996986,0.0,667.3360076898834,2000.0,-0.006,1.0010027568933166,0.734,0.9293333333333333
4,106,17456338859381965837,2000,0.28,0.284,0.28200000000000003,1.0565202601300647,1.0421210605302658,1.0558719359679845,833.1888158160099,1150.286293264287,-0.003999999999999948,0.08589382368283824,0.6986666666666667,0.9273333333333333
4,107,5626225389420389205,2000,-0.074,-0.092,-0.08299999999999999,0.2999879939969985,0.29066933466733375,0.35971585792896443,635.9737843009439,458.3571017732236,0.018000000000000002,0.5107868212603823,0.7066666666666667,0.926
4,108,8365345257627069455,2000,-0.026,-0.042,-0.034,0.1359399699849925,0.10337568784392201,0.16631915957978993,1058.3008607057639,1172.1560436717182,0.016000000000000004,1.0337166960497381,0.696,0.9293333333333333
4,109,12880946358779342392,2000,0.342,0.46,0.401,1.413744872436219,1.2516618309154577,1.6292146073036529,916.4580716234565,811.1108033942005,-0.118,2.0313507184825297,0.7293333333333333,0.9313333333333333
4,110,14536813348916772572,2000,0.0,0.0,0.0,0.0,0.0,0.0,2000.0,2000.0,0.0,0.0,0.608,0.9293333333333333
4,111,480862735742859885,2000,-0.926,-1.116,-1.0210000000000001,3.3716358179089543,3.3762121060530266,3.492290145072533,863.4989069960089,617.5484059742442,0.19000000000000006,1.9427232425341687,0.69,0.9293333333333333
4,112,12557437840330950040,2000,0.006,0.018,0.012,0.04795197598799399,0.023975987993996986,0.0717118559279641,2000.0,953.2712234315081,-0.011999999999999999,1.284947402561242,0.7606666666666667,0.93
4,113,46171286890690919,2000,-0.016,-0.028,-0.022,0.24805202601300624,0.20784792396198107,0.28735967983992006,898.9229540502488,1134.1040978805606,0.012,0.5451172292432127,0.7473333333333333,0.9313333333333333
4,114,1011531481287349542,2000,-0.3,-0.282,-0.291,1.0683721860930482,1.1105552776388203,1.0650085042521262,2000.0,2000.0,-0.018000000000000016,0.5457598627352147,0.8126666666666666,0.9246666666666666
4,115,4664396968746422276,2000,0.0,0.008,0.004,0.015975987993997003,0.0,0.03195197598799401,2000.0,500.75414175857946,-0.008,1.001505644761115,0.722,0.9386666666666666
4,116,18304277874775012243,2000,-0.016,0.0,-0.008,0.06390395197598803,0.12780790395197605,0.0,500.7541417585835,2000.0,-0.016,1.001505644761119,0.75,0.9166666666666666
4,117,1047625634118813846,2000,-0.344,-0.296,-0.31999999999999995,1.575635817908955,1.5624452226113055,1.4651165582791388,1341.3309663110244,1434.5052973908823,-0.04799999999999999,1.0265915096962575,0.6986666666666667,0.928
4,118,14455065676744636375,2000,-0.004,-0.002,-0.003,0.012004002001000515,0.015991995997999026,0.008000000000000014,2000.0,2000.0,-0.002,0.5774465664581108,0.7386666666666667,0.916
4,119,11214085883260389749,2000,0.0,0.0,0.0,0.0,0.0,0.0,2000.0,2000.0,0.0,0.0,0.7413333333333333,0.9273333333333333
4,120,3930283014589467430,2000,0.152,0.164,0.158,1.5286923461730877,1.5136528264132063,1.5898989494747362,1313.3729973200957,1296.0519852050716,-0.01200000000000001,0.2460164697985908,0.7033333333333334,0.926
4,121,8850141322295903621,2000,-0.096,-0.088,-0.092,0.36815207603801875,0.3749714857428714,0.34442821410705365,1737.392629372852,1361.38028116969,-0.008000000000000007,0.3694751940433876,0.6953333333333334,0.9346666666666666
4,122,10344359621069197344,2000,0.752,1.088,0.92,2.7929484742371167,2.443717858929467,3.169840920460229,464.03923317723246,200.24319127845848,-0.3360000000000001,2.3133307763432582,0.7166666666666667,0.924
4,123,1156180163773093322,2000,-0.17,-0.154,-0.162,0.616180090045022,0.6514257128564284,0.5925802901450727,1751.6501251726315,1712.5614894999792,-0.016000000000000014,0.5971511014657237,0.702,0.9266666666666666
4,124,5024704196921646253,2000,0.0,0.0,0.0,0.0,0.0,0.0,2000.0,2000.0,0.0,0.0,0.7106666666666667,0.9353333333333333
4,125,17870801986369485915,2000,-1.456,-1.786,-1.621,3.9115057528764394,3.705916958479237,3.9561820910455223,512.276146051913,258.1727376085776,0.33000000000000007,2.19717007302695,0.702,0.9373333333333334
4,126,5126151530917476755,2000,0.002,0.002,0.002,0.0080040020010005,0.008000000000000004,0.008000000000000014,2000.0,2000.0,0.0,0.0,0.712,0.9386666666666666
4,127,3063494926262619261,2000,0.04,0.048,0.044,0.17605602801400702,0.22251125562781385,0.18979089544772387,502.7179318401346,504.605804805409,-0.008,0.27958808893359527,0.728,0.9286666666666666
4,128,14760955165141101073,2000,0.0,0.0,0.0,0.0,0.0,0.0,2000.0,2000.0,0.0,0.0,0.7166666666666667,0.9393333333333334
4,129,656858084963402002,2000,0.088,0.09,0.089,0.3561760880440218,0.3444282141070537,0.3520760380190096,1825.0487689063646,1376.622147147188,-0.0020000000000000018,0.09486492777910562,0.7253333333333334,0.914
4,130,7056543146514001963,2000,-0.456,-0.458,-0.457,1.6048004002000993,1.6168724362181086,1.623047523761883,313.9894947379207,353.13498344179123,0.0020000000000000018,0.020259402448889085,0.7226666666666667,0.94
4,131,11811441697867190873,2000,0.466,0.494,0.48,1.6884522261130572,1.6476678339169593,1.732830415207603,398.071802151399,134.35375861808126,-0.02799999999999997,0.21451912560140352,0.7066666666666667,0.9293333333333333
4,132,1755787757380752876,2000,0.986,0.696,0.841,2.6832916458229112,2.9732906453226593,2.300734367183591,221.90041288041405,224.13156736962046,0.29000000000000004,1.885172083471422,0.7353333333333333,0.926
4,133,7166976225111953877,2000,-0.038,-0.1,-0.069,0.2742151075537771,0.15063131565782872,0.3901950975487743,651.9221988125573,562.3080583070299,0.062000000000000006,2.0385759221565345,0.752,0.9313333333333333
4,134,8609839860856706255,2000,-0.092,-0.028,-0.06,0.3821430715357677,0.47177188594297115,0.28735967983992006,1624.0227745622747,1808.39614221584,-0.064,3.019005915484683,0.718,0.932
4,135,952713637800141292,2000,-0.07,-0.056,-0.063,0.2840440220110057,0.3072536268134066,0.2689984992496246,1112.2840014915012,1433.3063060189177,-0.014000000000000005,0.6499942179979749,0.7366666666666667,0.93
4,136,3254418187567846361,2000,0.062,0.014,0.038,0.22295947973986976,0.2923021510755382,0.15187993996998495,620.9024415189082,746.6502013157826,0.048,1.8486372653487226,0.7313333333333333,0.9266666666666666
4,137,16138065376577064247,2000,0.0,0.0,0.0,0.0,0.0,0.0,2000.0,2000.0,0.0,0.0,0.7353333333333333,0.9366666666666666
4,138,16217368793333323172,2000,0.114,0.162,0.138,0.5511235617808904,0.4432256128064034,0.622067033516758,396.20535927894105,379.9411098245974,-0.048,0.9143356886610733,0.7046666666666667,0.922
4,139,1345823229350477874,2000,0.042,-0.004,0.019000000000000003,0.8113476738369184,0.6625672836418208,0.9604642321160582,825.4375812219483,805.4152459660114,0.046,1.0298292900679722,0.7673333333333333,0.9246666666666666
4,140,15539691238356842265,2000,-0.022,-0.026,-0.024,0.1840840420210105,0.21562381190595298,0.15139969984992485,1473.0642549813283,1549.9430862668605,0.004,0.2560430421707108,0.724,0.9313333333333333
4,141,7532824074834305296,2000,-0.332,-0.396,-0.364,1.3826433216608316,1.2824172086043029,1.475921960980491,477.9677173738767,527.8555697298862,0.064,0.8646174845778407,0.6806666666666666,0.9206666666666666
4,142,8901142542502912098,2000,-2.082,-1.948,-2.0149999999999997,3.9890165082541325,3.9952736368184034,3.9992956478239097,459.7292273279353,306.37386344855634,-0.1339999999999999,0.9087275619561208,0.698,0.9213333333333333
4,143,13487843770722455467,2000,-0.852,-0.794,-0.823,2.5475917958979486,2.683437718859432,2.546837418709356,936.1940142089958,957.6393116767813,-0.05799999999999994,0.7802424026924558,0.708,0.938
4,144,6546209902110161887,2000,0.232,0.242,0.237,0.9484242121060542,0.9706613306653323,0.9579149574787396,551.2724268762163,635.976234672967,-0.009999999999999981,0.17495523959752607,0.6533333333333333,0.9206666666666666
4,145,4036805684036948021,2000,1.01,1.068,1.0390000000000001,2.859747873936967,3.021410705352679,3.1329424712356193,354.8693538996405,422.4644348866721,-0.05800000000000005,0.45953627974254724,0.7033333333333334,0.9326666666666666
4,146,16475374210180571009,2000,-0.006,-0.008,-0.007,0.22811205602801388,0.2160720360180092,0.256064032016008,982.1103696619342,941.7173731666433,0.002,0.09017432618673966,0.674,0.9433333333333334
4,147,2977238913867057239,2000,-3.042,-2.966,-3.004,3.1506873436718377,2.9156938469234635,3.0683781890945476,700.4874589271578,700.393132506615,-0.07599999999999962,0.8222433563955872,0.6973333333333334,0.9086666666666666
4,148,1871243357791398909,2000,-2.29,-2.272,-2.2809999999999997,3.9818289144572265,3.9178589294647366,3.9279799899949963,765.8338480255427,895.3535145953256,-0.018000000000000238,0.18464812042278525,0.742,0.92
4,149,5646762199875441957,2000,0.0,0.0,0.0,0.0,0.0,0.0,2000.0,2000.0,0.0,0.0,0.7666666666666667,0.9253333333333333
4,150,6640252217430254981,2000,-0.104,-0.12,-0.11199999999999999,0.5281360680340166,0.5014347173586788,0.5458729364682343,1668.2173283918191,1726.7003060968725,0.016,0.64428318612246,0.7226666666666667,0.9213333333333333
4,151,16706891293330157711,2000,2.176,2.148,2.162,3.969592796398201,3.9710095047523746,3.980086043021507,1608.5874332219305,1660.1975002746553,0.028000000000000025,0.40139549745832065,0.7393333333333333,0.936
4,152,1767811649906686051,2000,-0.082,-0.114,-0.098,0.5037398699349678,0.4014767383691843,0.5872976488244125,530.8089251235652,630.6303654380406,0.032,0.778951909021559,0.7193333333333334,0.9246666666666666
4,153,18241706352645397341,2000,-0.056,-0.048,-0.052000000000000005,0.20807203601800903,0.22097448724362173,0.1897908954477239,505.3927352613465,504.60580480539926,-0.008,0.28051181399733516,0.7186666666666667,0.9293333333333333
4,154,3511816171902348368,2000,0.154,0.168,0.161,0.6602321160580296,0.5925802901450726,0.6921220610305158,996.8352361204307,1196.4408954987691,-0.014000000000000012,0.40877946789048364,0.778,0.936
4,155,10502875591320860489,2000,0.146,0.14,0.14300000000000002,0.5642641320660325,0.5629654827413701,0.5406703351675834,1826.8051076494803,1832.0469904458396,0.005999999999999978,0.24428064387972084,0.7113333333333334,0.9233333333333333
4,156,2653460807583552110,2000,-3.102,-3.152,-3.127,2.7161080540270115,2.786989494747371,2.674233116558276,488.6419038150268,428.57862950398226,0.050000000000000266,0.4575173583803262,0.7013333333333334,0.922
4,157,15328401472572892446,2000,0.838,0.868,0.853,2.7329164582291154,2.6670895447723857,2.719935967983991,314.2868291948981,281.6589119279413,-0.030000000000000027,0.22272379533094436,0.7386666666666667,0.9306666666666666
4,158,10261482603864322044,2000,-0.05,-0.042,-0.046,0.19206403201600808,0.21360680340170074,0.16631915957979,713.4681738055319,749.4160554207529,-0.008,0.3503774775770097,0.7053333333333334,0.928
4,159,13894961944836624127,2000,0.0,0.0,0.0,0.0,0.0,0.0,2000.0,2000.0,0.0,0.0,0.7506666666666667,0.926
4,160,12217837843671344719,2000,-0.016,0.0,-0.008,0.03188794397198601,0.06377588794397201,0.0,1151.453073662931,2000.0,-0.016,2.149883107989005,0.7313333333333333,0.9213333333333333
4,161,4918722875304456433,2000,-2.37,-2.24,-2.305,3.861480740370186,3.9450725362681327,3.992396198099047,1208.1689020799342,857.6813029602779,-0.1299999999999999,1.4607476113066622,0.7386666666666667,0.9413333333333334
4,162,2304339853773395276,2000,0.28,0.148,0.21400000000000002,1.0718239119559787,1.170185092546274,0.9545732866433215,390.96972257729647,367.14479131636966,0.13200000000000003,1.765023915892387,0.6966666666666667,0.9186666666666666
4,163,4830886986731379869,2000,-1.348,-1.316,-1.332,3.6172966483241593,3.576684342171087,3.629958979489742,1830.0558657621016,2000.0,-0.03200000000000003,0.5212118940797758,0.7426666666666667,0.928
4,164,10550017170574623246,2000,-0.426,-0.366,-0.396,1.4709354677338682,1.5232856428214125,1.3307093546773372,1354.1763977567862,1468.0523415532223,-0.06,1.3312558225012618,0.6946666666666667,0.936
4,165,7819706776756088733,2000,-0.05,-0.028,-0.039,0.15583591795897947,0.1975987993996999,0.11127163581790897,520.7749658859509,336.9068759538022,-0.022000000000000002,0.8258160646640603,0.736,0.9166666666666666
4,166,5875208532122738419,2000,-0.044,-0.028,-0.036,0.14394397198599296,0.17415107553776907,0.11127163581790889,540.9978558503008,541.8466423554125,-0.015999999999999997,0.6967967882435249,0.7166666666666667,0.9313333333333333
4,167,8668488652754257039,2000,0.0,0.002,0.001,0.004000000000000002,0.0,0.008000000000000004,2000.0,2000.0,-0.002,0.9999999999999998,0.714,0.9326666666666666
4,168,15347752283156666675,2000,0.03,0.026,0.027999999999999997,0.112048024012006,0.119159579789895,0.10337568784392197,2000.0,2000.0,0.004,0.3792063184228421,0.6426666666666667,0.9413333333333334
4,169,7440864121542060932,2000,3.494,3.538,3.516,1.6798719359679843,1.8488884442221096,1.6513816908454222,655.6416855766345,475.65326539046305,-0.043999999999999595,0.5547096268525875,0.71,0.924
4,170,282994238896846608,2000,-1.354,-1.486,-1.42,3.761168584292147,3.584476238119059,3.7376728364182066,207.56521034602133,204.418993705191,0.1319999999999999,0.7000556668455369,0.7493333333333333,0.9326666666666666
4,171,7980400376922884527,2000,0.046,0.002,0.024,0.17511955977989008,0.22999899949974983,0.12005602801400711,482.84775981777176,967.7877716487213,0.044,1.7957081220791327,0.742,0.93
4,172,9739335810563458068,2000,-0.096,-0.074,-0.08499999999999999,0.34793196598299164,0.4229954977488743,0.3867173586793399,669.262397057607,463.26283549997567,-0.022000000000000006,0.5744299271399421,0.6853333333333333,0.934
4,173,2698454847497902739,2000,0.108,0.146,0.127,0.891723861930966,0.8847783891945973,0.9151415707853924,742.4276337231155,512.5087848859364,-0.03799999999999999,0.6964160490500344,0.7093333333333334,0.9226666666666666
4,174,6690766241640696195,2000,0.184,0.174,0.179,0.6682841420710365,0.7024952476238119,0.6660570285142572,1699.287456289351,1769.297522993563,0.010000000000000009,0.35581588103850287,0.6153333333333333,0.9326666666666666
4,175,2234246528930023463,2000,-2.314,-2.354,-2.334,4.001200600300149,3.903355677838913,3.876622311155576,1276.9588713440692,1361.2414442827221,0.040000000000000036,0.5205520022324299,0.7513333333333333,0.9306666666666666
4,176,1303754741169761909,2000,3.492,3.572,3.532,1.7096548274137089,1.7748234117058537,1.5295807903951966,489.8451925101336,399.8973042662903,-0.08000000000000007,0.9269691394164676,0.6553333333333333,0.9393333333333334
4,177,12906753151579291997,2000,1.228,1.218,1.2229999999999999,3.461680840420208,3.4057188594297116,3.3901710855427694,532.1776115857283,581.3484729193776,0.010000000000000009,0.09042036662802265,0.6933333333333334,0.93
4,178,6883258402676526785,2000,-2.95,-2.97,-2.96,3.0493246623311667,3.099049524762382,3.0606303151575793,1625.0096726766226,1869.728896033299,0.020000000000000018,0.33595495564626493,0.658,0.938
4,179,16015128216559128276,2000,0.0,-0.024,-0.012,0.04773586793396697,0.0,0.09547173586793394,2000.0,502.278444169783,0.024,1.7407888743661282,0.6813333333333333,0.9253333333333333
4,180,12184494119426939445,2000,-3.182,-3.208,-3.1950000000000003,2.620972486243122,2.6201860930465255,2.54200700350175,324.9474177551076,568.2134776561271,0.026000000000000245,0.2322067422465523,0.7433333333333333,0.922
4,181,8710137874696253575,2000,3.904,3.968,3.936,0.25407903951975974,0.37497148574287154,0.12703951975987982,509.413714920391,503.04871864565854,-0.06400000000000006,2.0354689836595106,0.66,0.9253333333333333
4,182,2941278691399849980,2000,-0.562,-0.544,-0.553,1.972824412206104,1.9331225612806389,1.8810045022511246,326.86508394115646,308.8026413053823,-0.018000000000000016,0.16427971535555735,0.7846666666666666,0.9346666666666666
4,183,8038457905209484638,2000,-3.142,-3.136,-3.1390000000000002,2.6212926463231643,2.697184592296148,2.72686743371686,201.39525769374603,215.46677654700045,-0.005999999999999783,0.037176033178600826,0.6873333333333334,0.9306666666666666
4,184,6765496487997502410,2000,0.436,0.32,0.378,1.409976988494247,1.5546813406703337,1.1781890945472746,891.9749777502149,868.416084576182,0.11599999999999999,2.0835305389365777,0.7613333333333333,0.9306666666666666
4,185,8548764941561857002,2000,-0.016,-0.004,-0.01,0.03994797398699352,0.063775887943972,0.01599199599799902,501.51360431182894,1000.5012521287937,-0.012,1.0029617190981095,0.716,0.9366666666666666
4,186,5820179121435031379,2000,-0.992,-0.978,-0.985,3.0854447223611805,3.081476738369184,3.021026513256627,1765.2492829545977,1924.7349341698043,-0.014000000000000012,0.2431488982274603,0.7066666666666667,0.9273333333333333
4,187,4358111472945352261,2000,-0.422,-0.364,-0.393,1.4430395197598815,1.5106713356678323,1.324166083041522,1885.5449080500848,1885.2869907231923,-0.057999999999999996,1.495782609594958,0.6706666666666666,0.9246666666666666
4,188,13873770187779886609,2000,2.27,1.974,2.122,3.9741790895447755,3.9290645322661306,4.001324662331171,131.5388214954283,187.81855260444593,0.29600000000000004,1.3084772235549775,0.684,0.92
4,189,3047576114384021948,2000,0.0,0.056,0.028,0.5026833416708352,0.512256128064032,0.4931105552776384,503.93700787401576,562.8980456122847,-0.056,1.2872613116616065,0.628,0.9266666666666666
4,190,15952979136394904768,2000,0.056,0.024,0.04,0.27162381190595314,0.22097448724362173,0.33559179589794913,1791.3542113564308,936.9849465618287,0.032,1.4582902003949503,0.7486666666666667,0.9366666666666666
4,191,17254653007229402323,2000,0.216,0.252,0.23399999999999999,0.8637838919459725,0.8177528764382183,0.9449684842421202,564.8618260221234,566.4274231819882,-0.036000000000000004,0.6449169217119769,0.6633333333333333,0.938
4,192,15703707211130807765,2000,0.0,0.0,0.0,0.0,0.0,0.0,2000.0,2000.0,0.0,0.0,0.7393333333333333,0.9293333333333333
6,1,8767661925002525222,2000,-0.206,-0.234,-0.22,0.9921040520260129,1.0220750375187588,1.009748874437218,1303.4801331232861,1268.1503073479391,0.028000000000000025,0.7043384368497339,0.6111428571428571,0.8862857142857142
6,2,15144744728893277140,2000,0.004,0.012,0.008,0.031983991995997975,0.015991995997999008,0.04787993996998511,1000.5012521288133,601.9958244716371,-0.008,0.8185484241264176,0.596,0.8871428571428571
6,3,3717651751859091584,2000,0.128,0.222,0.175,3.5853746873436703,3.4893606803401673,3.768600300150076,680.2876328117525,983.1281374638004,-0.094,0.9929167446089326,0.6311428571428571,0.8857142857142857
6,4,12018175216750263045,2000,-1.27,-1.172,-1.221,3.5769864932466255,3.756978489244622,3.5081700850425177,1796.3689008172673,1473.0599056919968,-0.09800000000000009,1.4653031817014304,0.588,0.8837142857142857
6,5,5779791669246356034,2000,-2.678,-2.732,-2.705,3.8044442221110604,3.622127063531764,3.786069034517255,1034.4140315618422,994.0025014832279,0.05400000000000027,0.6315666313427839,0.6774285714285714,0.8777142857142857
6,6,16843704493276803448,2000,-0.54,-0.464,-0.502,1.7739989994997492,1.9013506753376692,1.6415247623811902,632.2153859747496,1173.3848702374426,-0.07600000000000001,1.144909884455779,0.5525714285714286,0.898
6,7,15738655657772056308,2000,0.0,-0.026,-0.013,0.09170785392696343,0.064032016008004,0.1513996998499248,1333.3333333333333,1088.7741787350787,0.026,1.9009057924532968,0.57,0.8977142857142857
6,8,15317407316451818833,2000,0.006,0.004,0.005,0.28414007003501723,0.24808804402201137,0.3201440720360182,1319.5895442383928,1379.479363284632,0.002,0.09758071875172182,0.6277142857142857,0.89
6,9,14008271387399474524,2000,-0.024,-0.012,-0.018000000000000002,0.07196398199099545,0.09547173586793398,0.04787993996998507,1340.5313844830107,1202.8978134084737,-0.012,1.1388708323818706,0.5197142857142857,0.8988571428571429
6,10,5692879794647046279,2000,-0.188,-0.194,-0.191,0.7563601800900442,0.7810465232616304,0.7547413706853425,905.1869245970361,815.3558707730313,0.006000000000000005,0.14187468224856542,0.612,0.8834285714285715
6,11,191950031638759827,2000,-2.764,-2.852,-2.808,3.3097828914457237,3.4180130065032492,3.2757338669334652,571.3935109830325,431.77146128149616,0.08800000000000008,0.7554658233541012,0.5568571428571428,0.8874285714285715
6,12,16205500217549938247,2000,-0.116,-0.136,-0.126,2.240920460230117,2.1796338169084546,2.3026553276638317,1312.5267081891627,838.4185915971198,0.020000000000000004,0.30126952093202347,0.596,0.8934285714285715
6,13,15407086789300899559,2000,-0.472,-0.334,-0.403,1.4512036018009007,1.6660490245122566,1.225056528264131,435.6260177676814,798.3553635917458,-0.13799999999999996,1.8851176557476277,0.5822857142857143,0.8968571428571429
6,14,14139865231106187890,2000,0.248,0.31,0.279,1.0265912956478238,0.9309614807403697,1.1444722361180595,458.1523778759029,584.3862208993651,-0.062,0.9814835185275658,0.5934285714285714,0.8982857142857142
6,15,85330330499226253,2000,-0.096,-0.09,-0.093,0.5082361180590294,0.4390035017508753,0.624212106053026,1555.0265279904897,814.3582360444584,-0.006000000000000005,0.18526810349773487,0.6291428571428571,0.8834285714285715
6,16,17053691571960805308,2000,-0.756,-0.838,-0.7969999999999999,4.066671335667837,3.750339169584794,3.787649824912457,1445.1283597812467,1400.4012494731019,0.08199999999999996,1.1263726829086131,0.5965714285714285,0.8937142857142857
6,17,1469530626583674222,2000,-1.34,-0.994,-1.167,3.137710855427714,3.5661830915457737,2.9894587293646797,177.91347287757546,538.2334214038809,-0.3460000000000001,2.1625555351987047,0.5865714285714285,0.8902857142857142
6,18,12347979315302287329,2000,-0.036,-0.032,-0.034,0.13606003001500758,0.1427753876938469,0.12703951975987976,1208.7889077659079,1239.2316763606555,-0.003999999999999997,0.26929515562115125,0.4977142857142857,0.8994285714285715
6,19,15397071908704797198,2000,3.598,3.48,3.5389999999999997,1.669872936468235,1.4471195597798883,1.8105052526263121,801.6022921384472,910.89644774546,0.11799999999999988,1.916005599268744,0.5454285714285714,0.8937142857142857
6,20,8701432002209885282,2000,0.008,0.008,0.008,0.032016008004002,0.03195197598799401,0.03195197598799401,1001.0040130431458,1001.0040130431428,0.0,0.0,0.5405714285714286,0.8925714285714286
6,21,12196214089618380065,2000,0.0,0.022,0.011,0.07579589794897452,0.064032016008004,0.08755977988994501,1333.3333333333333,2000.0,-0.022,2.296106936585093,0.6254285714285714,0.8837142857142857
6,22,8616477521613827557,2000,0.088,0.098,0.093,0.3561280640320165,0.3444282141070536,0.3825872936468236,1905.8798643739146,2000.0,-0.010000000000000009,0.5184672131495767,0.5565714285714286,0.8977142857142857
6,23,13305332034285925446,2000,-2.808,-2.772,-2.79,3.441072536268137,3.348810405202599,3.4057188594297143,1720.3056775202394,2000.0,-0.03600000000000003,0.595917362111847,0.5891428571428572,0.8914285714285715
6,24,8289032956055938085,2000,2.152,2.1,2.1260000000000003,3.8965962981490727,3.9788854427213645,3.991995997999003,445.0175926578607,343.1890520112043,0.052000000000000046,0.3625386274002509,0.5834285714285714,0.8914285714285715
6,25,14294742932789967396,2000,-1.006,-0.976,-0.991,3.157128564282141,3.1095187593796867,3.0169324662331145,478.0571498427407,295.9381924078096,-0.030000000000000027,0.2321541999754764,0.5608571428571428,0.8828571428571429
6,26,17237628062784278719,2000,-1.378,-1.226,-1.302,3.6462711355677806,3.614923461730869,3.4826653326663295,320.1835849806556,272.22188958620916,-0.1519999999999999,0.9794505984207909,0.552,0.8831428571428571
6,27,13038210822483140947,2000,1.684,1.64,1.662,4.673368684342171,4.558423211605803,4.624712356178091,532.4749553598823,926.727127939831,0.04400000000000004,0.37797572715166095,0.5748571428571428,0.8934285714285715
6,28,5038930961336602521,2000,0.686,0.398,0.542,3.056056028014007,3.3790935467733876,2.9870895447723833,819.9082952472066,874.540457168063,0.28800000000000003,3.3173830137625053,0.5971428571428572,0.8925714285714286
6,29,11725832673206116777,2000,0.066,0.04,0.053000000000000005,0.3478359179589792,0.33981390695347674,0.35057528764382206,1363.4655729760061,1002.3364967195175,0.026000000000000002,1.0623434740822932,0.62,0.8931428571428571
6,30,9359668446022494711,2000,1.548,1.392,1.47,3.533598799399701,3.7975947973986943,3.6321520760380204,227.64774803632446,314.89543682848284,0.15600000000000014,0.928697119101903,0.5734285714285714,0.8928571428571429
6,31,15484055672229649933,2000,-0.032,-0.048,-0.04,0.15995197598799402,0.1270395197598798,0.18979089544772396,855.5588903953108,1006.1161269824338,0.016,0.8714147950950614,0.5545714285714286,0.8862857142857142
6,32,11013332071307351485,2000,-0.444,-0.39,-0.41700000000000004,1.5072956478239123,1.6116698349174587,1.4086043021510755,833.376152445447,277.896180442442,-0.05399999999999999,0.6452981194416666,0.5997142857142858,0.8865714285714286
6,33,7350973032382596896,2000,0.026,0.004,0.015,0.05978789394697351,0.10337568784392197,0.015991995997998994,1043.8279434854005,1000.5012521288187,0.022,2.051339667789804,0.53,0.892
6,34,1644885968316324121,2000,-3.726,-3.606,-3.666,1.2894447223611794,1.0534507253626813,1.421474737368685,889.3848585207097,266.7566302164739,-0.1200000000000001,1.4869073731189826,0.6108571428571429,0.8848571428571429
6,35,18237492022173351727,2000,1.2,1.092,1.146,3.6279819909954956,3.537768884442221,3.481276638319161,460.4358514938161,286.2362518888927,0.10799999999999987,0.7666369856947256,0.6202857142857143,0.8825714285714286
6,36,16714117759592397957,2000,0.002,0.0,0.001,0.004000000000000002,0.008000000000000004,0.0,2000.0,2000.0,0.002,0.9999999999999998,0.6145714285714285,0.8897142857142857
6,37,6079974122905082602,2000,-0.048,-0.068,-0.058,0.3119559779889944,0.2698309154577289,0.3475497748874435,1918.959262871916,1551.2141818029284,0.020000000000000004,1.0473310091424246,0.5282857142857142,0.8862857142857142
6,38,4394350088696692791,2000,-3.626,-3.736,-3.681,1.198549274637319,1.3728104052026013,0.9867973986993498,908.7764786877956,1007.7576940102672,0.11000000000000032,2.2044951468797382,0.6142857142857143,0.8857142857142857
6,39,14500927098403540208,2000,-0.444,-0.496,-0.47,2.4238599299649817,2.3000140070035013,2.507237618809404,479.7925350350463,641.7742524156029,0.05199999999999999,0.5574826243190821,0.5968571428571429,0.8957142857142857
6,40,3113713482143661353,2000,-0.094,-0.084,-0.089,0.3481240620310159,0.36734767383691846,0.3291085542771385,1548.9048076492477,1813.2380666749332,-0.009999999999999995,0.4887248731360327,0.578,0.892
6,41,4402521790715217611,2000,0.002,0.002,0.002,0.0080040020010005,0.008000000000000004,0.008000000000000004,2000.0,2000.0,0.0,0.0,0.5757142857142857,0.88
6,42,8460970944740556388,2000,0.06,0.024,0.041999999999999996,0.39955177588794416,0.46063031515757863,0.36760780390195125,1676.631529267127,1536.4664563358992,0.036,1.5879059739232173,0.5751428571428572,0.8751428571428571
6,43,14653397441276518923,2000,-1.774,-1.776,-1.775,4.070033016508254,3.9508994497248615,3.951799899949979,1110.4452810428575,1226.8968324806374,0.0020000000000000018,0.02429125528782875,0.6205714285714286,0.886
6,44,1126349316604926119,2000,0.094,0.124,0.109,0.4357678839419714,0.3993636818409206,0.4968724362181093,1930.7388293081758,1988.2063664559844,-0.03,1.403717290184511,0.5997142857142858,0.8891428571428571
6,45,17725418237660166698,2000,-0.63,-0.586,-0.608,2.6003321660830414,2.572386193096549,2.5618849424712375,1660.4725355704968,1013.4208772248904,-0.04400000000000004,0.68908770831964,0.6374285714285715,0.888
6,46,9218292932700435366,2000,-0.266,-0.276,-0.271,1.372636318159081,1.4579729864932476,1.2844662331165584,1250.145608569414,1036.7321933551634,0.010000000000000009,0.2039034043824403,0.644,0.8854285714285715
6,47,7979676135394461205,2000,0.004,-0.004,0.0,0.015975987993997003,0.015991995997999008,0.015991995997999015,1000.5012521287979,1000.5012521287953,0.008,1.4149219084502422,0.6008571428571429,0.8862857142857142
6,48,7856556291115141965,2000,-1.578,-1.59,-1.584,4.033944972486237,4.127979989994997,4.21800900450225,412.7962489416388,215.17290249483887,0.01200000000000001,0.06974513809101127,0.528,0.8894285714285715
6,49,9641274104446803296,2000,-0.09,-0.118,-0.104,0.607911955977989,0.6402201100550274,0.5543531765882942,624.1801782556759,997.9319562402326,0.027999999999999997,0.7041491939682287,0.5854285714285714,0.8814285714285715
6,50,11301554466634842812,2000,-0.024,-0.04,-0.032,0.23198799399699857,0.14349574787393693,0.31855927963981995,1290.5302662748022,870.9371765442177,0.016,0.7326223968542857,0.6297142857142857,0.8977142857142857
6,51,14339712281555121080,2000,0.118,0.09,0.104,0.5198679339669837,0.5543531765882941,0.48014007003501735,1757.7202219367398,1622.7209334212796,0.027999999999999997,1.1325106720392406,0.5788571428571428,0.8942857142857142
6,52,14476099028972570596,2000,0.0,0.004,0.002,0.007995997998999502,0.0,0.015991995997999005,2000.0,1000.5012521287999,-0.004,1.0005008763145795,0.5105714285714286,0.892
6,53,486912619254588716,2000,-0.198,-0.156,-0.177,0.6994677338669334,0.8172046023011508,0.6319799899949975,799.6662344401143,1033.6110526504765,-0.04200000000000001,1.0392215809975636,0.65,0.8868571428571429
6,54,10471442211729750326,2000,-1.848,-1.708,-1.778,5.080740370185091,5.003397698849424,5.005238619309652,1534.1882690839186,1457.8673181465258,-0.14000000000000012,1.711071117166079,0.5382857142857143,0.8962857142857142
6,55,11675740446219490670,2000,0.48,0.532,0.506,2.1036998499249617,2.202701350675339,2.1820670335167573,1044.4117897089034,779.3936464262789,-0.052000000000000046,0.7421960062683634,0.5025714285714286,0.8905714285714286
6,56,3867044959636925567,2000,-1.716,-1.668,-1.692,3.8087523761880924,3.9213046523261657,3.9077298649324685,1057.7207285226293,680.5351083818236,-0.04800000000000004,0.49378486413558054,0.582,0.8874285714285715
6,57,2691074237142929069,2000,0.948,0.956,0.952,2.809372686343172,2.894743371685844,2.911519759879943,1521.6736250614038,1311.4747620552128,-0.008000000000000007,0.12459945648447303,0.6042857142857143,0.8928571428571429
6,58,91444441747793587,2000,3.964,3.95,3.957,0.1719879939969987,0.1427753876938469,0.19759879939969974,1208.788907765902,1040.8637851868,0.01399999999999979,0.797781565903467,0.5771428571428572,0.9014285714285715
6,59,7293201322963477754,2000,0.138,0.172,0.155,0.7077758879439722,0.6612866433216608,0.834833416708354,695.264881523451,209.96098202605395,-0.033999999999999975,0.4843685694627611,0.6148571428571429,0.8851428571428571
6,60,5800317510010746182,2000,-0.006,-0.008,-0.007,0.02801200600300154,0.02397598799399699,0.03195197598799401,2000.0,2000.0,0.002,0.3782078065053788,0.64,0.886
6,61,17283130341905510631,2000,0.0,0.0,0.0,0.0,0.0,0.0,2000.0,2000.0,0.0,0.0,0.5462857142857143,0.9034285714285715
6,62,10115486277562638029,2000,0.862,0.778,0.8200000000000001,2.5257348674337177,2.738325162581289,2.5239779889944995,207.9879094722528,235.88357847812213,0.08399999999999996,0.5437389740768515,0.6225714285714286,0.874
6,63,10749967462444713471,2000,0.164,0.132,0.14800000000000002,1.3841800900450232,1.4138109054527257,1.4392956478239116,740.0623735853927,1145.3290257330832,0.032,0.5686196179174648,0.5437142857142857,0.9037142857142857
6,64,16741030848598655292,2000,-0.016,0.016,0.0,0.15956778389194604,0.12780790395197608,0.19183991995998007,1604.5041873057628,1095.0340425469724,-0.032,2.0045210366313295,0.6488571428571429,0.8894285714285715
6,65,17977737738638084211,2000,0.346,0.364,0.355,1.2764762381190613,1.2649164582291126,1.3241660830415218,1858.2406177407997,1876.8054927718217,-0.018000000000000016,0.4834503503205037,0.5562857142857143,0.882
6,66,303200435773598137,2000,-0.252,-0.314,-0.28300000000000003,1.0425992996498243,0.9449684842421204,1.1579829914957482,1227.3426519005088,1212.4260625356694,0.062,1.4927732362127393,0.5825714285714285,0.8937142857142857
6,67,14244378663724541256,2000,-3.604,-3.65,-3.627,1.4036438219109564,1.427897948974488,1.2781390695347679,675.928880481681,884.9802741187592,0.04599999999999982,0.7713134240564438,0.5774285714285714,0.888
6,68,5561596009687005176,2000,0.018,0.026,0.022,0.09601600800400205,0.07171185592796414,0.11938369184592297,1061.6490207533554,1037.7293822946488,-0.008,0.5920393140189038,0.5822857142857143,0.9014285714285715
6,69,11547464217266317359,2000,-0.23,-0.124,-0.177,0.84680540270135,0.9955977988994497,0.6889684842421215,512.9973770167346,865.2201453943375,-0.10600000000000001,2.026120948028043,0.6065714285714285,0.9
6,70,17235984410332450547,2000,-0.108,-0.078,-0.093,0.3477238619309658,0.4205462731365682,0.30606903451725864,1256.6167477485376,865.173537635826,-0.03,1.1433807294798835,0.5537142857142857,0.89
6,71,2952307777313231251,2000,0.344,0.33,0.33699999999999997,1.2445242621310653,1.2903091545772882,1.211705852926463,1607.745133261898,1822.3113290481683,0.013999999999999957,0.3654609763482316,0.5417142857142857,0.8985714285714286
6,72,16780694622219135484,2000,-3.372,-3.452,-3.412,2.1018509254627333,2.118675337668836,1.9086503251625804,687.2588922800772,586.4667308841402,0.08000000000000007,1.004936225358921,0.608,0.8902857142857142
6,73,2741934117876539412,2000,-0.008,0.006,-0.001,0.02791595797898955,0.03195197598799401,0.023975987993996986,1001.004013043154,2000.0,-0.014,2.112791270705711,0.5371428571428571,0.8868571428571429
6,74,2610641496609316198,2000,-0.01,-0.016,-0.013000000000000001,0.07602001000500255,0.071935967983992,0.079783891945973,2000.0,2000.0,0.006,0.6888823086468213,0.5797142857142857,0.8888571428571429
6,75,6849151338617204608,2000,-1.774,-1.89,-1.8319999999999999,4.019281640820413,3.9508994497248615,3.9898949474737386,561.2003916133608,343.76354726224935,0.11599999999999988,0.849489867406583,0.602,0.8925714285714286
6,76,7240289207049784311,2000,1.072,1.026,1.049,3.0684762381190596,3.1563941970985474,3.052850425212604,672.8030130393979,926.7566493876394,0.04600000000000004,0.5147613131655571,0.5831428571428572,0.8928571428571429
6,77,945688121022239536,2000,0.53,0.456,0.493,1.7381310655327646,1.8400200100050033,1.6168724362181088,1650.3339007487098,2000.0,0.07400000000000001,1.6873292008549767,0.6614285714285715,0.882
6,78,12600862464756256090,2000,-0.018,-0.03,-0.024,0.2400480240120058,0.21578389194597286,0.2792396198099052,950.6798024418159,1324.9494242926173,0.012,0.5735567314111827,0.6242857142857143,0.8994285714285715
6,79,4712401352599204611,2000,-0.468,-0.384,-0.42600000000000005,1.5412426213106563,1.6698109054527275,1.389238619309655,514.22145260805,925.8023364219464,-0.08400000000000002,1.2190775302593222,0.5325714285714286,0.8968571428571429
6,80,5228488513021942779,2000,0.0,0.012,0.006,0.8803681840920469,0.8164082041020511,0.8963041520760382,1120.8791208791208,1067.8707776992985,-0.012,0.3030745805064961,0.48942857142857144,0.8962857142857142
6,81,8635685293713952577,2000,0.004,0.008,0.006,0.02400400200100049,0.015991995997999015,0.03195197598799401,1000.5012521287949,1001.0040130431747,-0.004,0.5779290180258472,0.572,0.8851428571428571
6,82,7516747695208724137,2000,3.376,3.436,3.4059999999999997,2.0792396198099055,2.107677838919459,1.9708894447223588,993.5744865430019,1017.4670521398526,-0.06000000000000005,0.9418371088698898,0.634,0.8602857142857143
6,83,9490899939620110362,2000,-0.026,-0.028,-0.027,0.10805202601300655,0.10337568784392202,0.1112716358179089,1265.7295599817146,1770.289920311488,0.0020000000000000018,0.16636203865808685,0.4794285714285714,0.8877142857142857
6,84,12858690811504307965,2000,0.008,-0.022,-0.006999999999999999,0.1396198099049526,0.06396798399199594,0.21562381190595298,2000.0,539.6114099785533,0.03,1.4440863626641218,0.5865714285714285,0.8917142857142857
6,85,7829581268281618373,2000,0.002,0.004,0.003,0.03601600800400199,0.02400800400200103,0.04800800400200094,1200.1601680664137,1500.6258445398514,-0.002,0.2773607980611835,0.5842857142857143,0.8934285714285715
6,86,2798015910080855253,2000,-1.038,-1.25,-1.1440000000000001,3.6113336668334153,3.348230115057533,3.7433716858429213,420.9680876574142,322.9337210149131,0.21199999999999997,1.5163989975040286,0.5922857142857143,0.8851428571428571
6,87,17685552757228362264,2000,0.046,0.014,0.03,0.11954777388694339,0.18197498749374663,0.05583191595797903,1028.6105452250006,1562.8788764389524,0.032,2.19447376951627,0.5225714285714286,0.8954285714285715
6,88,16540682180248100255,2000,-0.006,-0.004,-0.005,0.020008004002001034,0.023975987993996986,0.015991995997999015,2000.0,2000.0,-0.002,0.4473926779360073,0.5674285714285714,0.8908571428571429
6,89,4252735745595917156,2000,-0.002,0.0,-0.001,0.004000000000000005,0.00800000000000001,0.0,2000.0,2000.0,-0.002,0.9999999999999993,0.49314285714285716,0.8942857142857142
6,90,16307538883697100577,2000,2.018,2.19,2.104,3.8671415707853933,4.001676838419213,3.9658829414707384,243.4833461876803,205.05044644989502,-0.17200000000000015,0.9093515053868496,0.628,0.886
6,91,15489778917914396991,2000,-0.116,-0.162,-0.139,0.6192516258129065,0.5628254127063532,0.7021070535267631,1211.3488492952542,976.5225937426072,0.046,1.337065797694388,0.6217142857142857,0.9048571428571428
6,92,15795189918448356610,2000,-0.04,-0.064,-0.052000000000000005,0.2078159079539772,0.19049524762381184,0.2520300150075038,1004.2236465132804,653.9179253257605,0.024,1.0007739786229028,0.5837142857142857,0.8662857142857143
6,93,3376241415612956456,2000,-0.172,-0.024,-0.09799999999999999,0.8374667333666841,1.2030175087543773,0.5276878439219612,711.612626837929,987.718184022379,-0.148,3.1377343998340974,0.6065714285714285,0.8842857142857142
6,94,8048546092666638860,2000,-0.208,-0.264,-0.236,0.9028834417208605,0.7891305652826412,0.9867973986993495,1762.5449753595622,1515.7317285651081,0.05600000000000002,1.6894166266954787,0.5088571428571429,0.8991428571428571
6,95,3975761407972826093,2000,-0.048,-0.056,-0.052000000000000005,0.208072036018009,0.18979089544772396,0.22097448724362184,1277.0456642921085,1168.502376790047,0.008,0.43531892088713087,0.6045714285714285,0.8925714285714286
6,96,9979814271909663509,2000,0.008,0.032,0.02,0.07975187593796897,0.031951975987994014,0.12703951975987982,1336.012498008697,1468.550516953474,-0.024,2.283926506960833,0.5791428571428572,0.8931428571428571
6,97,6327693538076806073,2000,2.988,3.122,3.0549999999999997,2.9324882441220637,3.0253686843421748,2.742487243621808,559.6407152270069,237.39375543939153,-0.1339999999999999,1.0289930089462198,0.5745714285714286,0.8754285714285714
6,98,8188327426279735701,2000,0.946,0.896,0.921,2.876188094047022,2.890529264632315,2.782575287643824,1115.8303504895916,806.377627593083,0.04999999999999993,0.6432932331005746,0.5517142857142857,0.8857142857142857
6,99,15086333099801324140,2000,-0.074,-0.094,-0.08399999999999999,0.33596798399199584,0.30667733866933466,0.38335567783891955,1022.4853714481488,1022.47526937112,0.020000000000000004,0.7698789047531248,0.5902857142857143,0.8917142857142857
6,100,11514739970670444896,2000,0.03,0.012,0.020999999999999998,0.10789194597298646,0.16718359179589803,0.04787993996998508,1027.3622029695064,1001.5082895654942,0.018,1.2405277616311263,0.5905714285714285,0.8937142857142857
6,101,6779388617110119915,2000,0.234,0.268,0.251,1.00392396198099,0.9137008504252122,1.0326923461730875,1106.8599330375753,1012.5339908167665,-0.034,0.7914689823495135,0.5362857142857143,0.8977142857142857
6,102,10068779448220711808,2000,-0.044,-0.03,-0.037,0.14797598799399722,0.17415107553776907,0.11915957978989494,2000.0,2000.0,-0.013999999999999999,1.1560566424153427,0.5217142857142857,0.8957142857142857
6,103,473998502535683061,2000,0.006,0.0,0.003,0.011987993996998495,0.02397598799399699,0.0,1201.4449827539308,2000.0,0.006,1.3431203776717884,0.5197142857142857,0.9028571428571428
6,104,10802874087698990010,2000,-0.236,-0.252,-0.244,0.8883161580790386,0.8887483741870934,0.9449684842421204,1022.5947691622388,688.8736410088375,0.016000000000000014,0.3379960842908508,0.5771428571428572,0.8831428571428571
6,105,11480835565829552398,2000,2.408,2.688,2.548,3.4985492746373152,3.8354537268634337,3.528420210105051,253.0255806585196,526.4300279111866,-0.28000000000000025,1.8937556522178929,0.564,0.8882857142857142
6,106,2790150978618259326,2000,-0.044,-0.064,-0.054,0.19989994997498742,0.17415107553776907,0.2520300150075038,1108.017215974083,681.8512538717863,0.020000000000000004,0.8713792848056869,0.5005714285714286,0.8954285714285715
6,107,2625223046606703842,2000,-0.918,-0.702,-0.81,2.633988994497249,2.830691345672839,2.3323621810905477,378.8117518812984,239.5492838785609,-0.21600000000000008,1.6465531203369321,0.5142857142857142,0.8951428571428571
6,108,2661948348417128339,2000,0.358,0.312,0.33499999999999996,1.2355597798899458,1.3044882441220602,1.151231615807905,1864.2267472880665,1744.4014744990295,0.045999999999999985,1.2474851732543832,0.5134285714285715,0.8988571428571429
6,109,15520685342341349315,2000,0.434,0.412,0.423,1.5805482741370689,1.5964422211105551,1.5910515257628812,1731.8133264987136,1162.8248574892893,0.02200000000000002,0.45972249571544704,0.598,0.8894285714285715
6,110,12960598484386929763,2000,0.252,0.28,0.266,1.0321240620310153,0.9449684842421202,1.0901450725362685,774.6322027444511,812.2638724471373,-0.028000000000000025,0.5531825285034223,0.558,0.8968571428571429
6,111,14492114115536407510,2000,0.052,0.04,0.046,0.19202401200600291,0.22140670335167578,0.15847923961980984,1287.0338021082669,1261.1545296466886,0.011999999999999997,0.6955023748347681,0.594,0.8965714285714286
6,112,569829005511104639,2000,0.034,0.018,0.026000000000000002,0.10392396198099056,0.134911455727864,0.07171185592796409,1815.7036797017063,864.9728568244792,0.016000000000000004,1.276089704373371,0.5734285714285714,0.8902857142857142
6,113,14699936467094398176,2000,-3.748,-3.682,-3.715,1.0343391695847926,0.9609764882441215,1.187469734867433,984.8057729360067,707.9476216248664,-0.06600000000000028,1.281337394025696,0.5585714285714286,0.8857142857142857
6,114,7523884087345717983,2000,-0.568,-0.62,-0.594,2.0316638319159566,1.950351175587794,2.09664832416208,829.2589477248819,763.3330861255126,0.052000000000000046,0.7282440118893628,0.5542857142857143,0.8831428571428571
6,115,6901425976372254240,2000,-0.026,-0.004,-0.015,0.21986793396698345,0.18341570785392688,0.24010405202601315,2000.0,1666.833453733031,-0.022,1.4328193020969853,0.612,0.892
6,116,6363146845185953270,2000,-0.11,-0.122,-0.11599999999999999,0.45615607803901975,0.42811405702851424,0.4733526763381692,1456.770860905954,1527.8240022288892,0.011999999999999997,0.4883942759089906,0.6065714285714285,0.8954285714285715
6,117,12664756177182767300,2000,-0.072,-0.052,-0.062,0.2479239619809904,0.2829574787393695,0.20539869934967483,1604.8901391140857,2000.0,-0.019999999999999997,1.197349556091962,0.54,0.8908571428571429
6,118,18355778140489004964,2000,-2.33,-1.862,-2.096,4.772874437218608,4.421310655327664,4.671291645822908,431.0836866972227,524.5895961524612,-0.46799999999999997,3.380940821819277,0.588,0.8825714285714286
6,119,15139666183844351872,2000,0.006,0.022,0.013999999999999999,0.055899949974987505,0.023975987993996993,0.08755977988994501,1201.4449827539333,1050.9433235858032,-0.016,1.5744540902129576,0.5657142857142857,0.9008571428571429
6,120,16493188478716813410,2000,-0.088,-0.062,-0.075,0.2998119059529762,0.3444282141070536,0.24427813906953508,697.7927552922197,695.3709658680987,-0.025999999999999995,0.8944861823112916,0.5254285714285715,0.8917142857142857
6,121,6725036375857299454,2000,-2.344,-2.554,-2.449,3.5917458729364697,3.8836058029014495,3.6949314657328665,358.20469232732296,228.18249066648883,0.20999999999999996,1.2771978794881866,0.53,0.8911428571428571
6,122,4009244576255394270,2000,0.172,0.174,0.173,1.068532266133066,0.9628974487243623,1.1462971485742872,1757.4868828721385,1488.0630696728824,-0.0020000000000000018,0.05508551955638811,0.546,0.8934285714285715
6,123,13455295531536548467,2000,0.018,-0.034,-0.008000000000000002,1.3753356678339155,1.2402961480740389,1.3995437718859431,659.4240977062625,1032.2217376084936,0.052000000000000005,0.9140077308952653,0.5377142857142857,0.8951428571428571
6,124,9275646469584623234,2000,-0.008,-0.056,-0.032,0.15892746373186598,0.09598399199599789,0.2209744872436217,1000.3340007788004,1007.1573545469397,0.048,2.7029663213119735,0.548,0.8994285714285715
6,125,4568947750472659885,2000,1.784,1.884,1.834,3.8929464732366164,3.9553216608304154,4.020554277138567,1904.3150071389057,1615.4016801575744,-0.09999999999999987,1.4799119509442409,0.5157142857142857,0.9
6,126,4086119886231136134,2000,-0.592,-0.558,-0.575,2.0284362181090545,2.0505612806403213,1.9376048024011987,1760.278865462238,1935.0911818778698,-0.03399999999999992,0.7305148301025415,0.5931428571428572,0.8928571428571429
6,127,14468928740859937062,2000,-0.834,-0.85,-0.842,2.6251845922961468,2.6417648824412234,2.678839419709853,772.6035855414048,882.5463481039662,0.016000000000000014,0.199151453704317,0.5351428571428571,0.8902857142857142
6,128,11312110858664873713,2000,-0.024,-0.04,-0.032,0.127935967983992,0.09547173586793403,0.1584792396198099,1003.0302816254978,734.189888202911,0.016,0.9072195438381478,0.5665714285714286,0.8968571428571429
6,129,6497673522179564946,2000,0.0,0.0,0.0,0.0,0.0,0.0,2000.0,2000.0,0.0,0.0,0.534,0.908
6,130,9948970493513912651,2000,0.222,0.19,0.20600000000000002,0.7918839419709854,0.8391355677838916,0.7242621310655328,778.9053939181009,825.2589194283747,0.032,0.7237402643592349,0.5651428571428572,0.8837142857142857
6,131,12459261474483235097,2000,-0.296,-0.514,-0.405,1.476976488244124,1.1289484742371176,1.856732366183091,168.8763258925155,93.2763142689065,0.21800000000000003,1.3368754101150797,0.5428571428571428,0.8942857142857142
6,132,1275578532482733572,2000,-0.06,-0.072,-0.066,0.26406003001500733,0.2365182591295648,0.2829574787393696,811.2860737460371,1009.2590784498365,0.011999999999999997,0.5017905813821696,0.5842857142857143,0.8868571428571429
6,133,6676674610501234826,2000,0.018,0.038,0.027999999999999997,0.2639319659829915,0.1997758879439719,0.31071135567783875,1024.6887399415696,1025.1346473737701,-0.02,0.8961712926188378,0.5771428571428572,0.8842857142857142
6,134,3812895238863568253,2000,-1.672,-1.598,-1.635,3.7951595797898925,3.894363181590797,3.840316158079041,1240.9312666924427,1649.1403800838937,-0.07399999999999984,1.0008286305177954,0.5654285714285714,0.8888571428571429
6,135,1678171581404224300,2000,0.324,0.356,0.33999999999999997,1.3601680840420216,1.2556518259129565,1.3619449724862418,1273.6155572467494,732.0318758371411,-0.03199999999999997,0.5997943799781713,0.5677142857142857,0.8771428571428571
6,136,8234858033295126539,2000,-2.622,-2.668,-2.645,3.652768384192096,3.63093146573287,3.587569784892446,1168.9773488897706,1488.0154587191817,0.04600000000000026,0.6193046222701033,0.606,0.8891428571428571
6,137,12070948107416158230,2000,-0.022,-0.022,-0.022,0.096048024012006,0.08755977988994501,0.10356778389194601,1050.9433235858032,1042.7327632746603,0.0,0.0,0.5662857142857143,0.9031428571428571
6,138,15891481735584339104,2000,0.004,-0.006,-0.001,0.051975987993997,0.015991995997998994,0.08800800400200105,1000.5012521288044,1047.8643278007116,0.01,1.000140229591045,0.5917142857142857,0.8805714285714286
6,139,718261015283815220,2000,0.002,0.0,0.001,0.028012006003001525,0.04001600800400203,0.016008004002001,1428.7348309448134,2000.0,0.002,0.3332777731442871,0.5931428571428572,0.8928571428571429
6,140,13298774896407103390,2000,-0.066,-0.044,-0.055,0.2198679339669836,0.2597738869434717,0.17415107553776918,761.9982679392579,758.9862764690632,-0.022000000000000006,0.9211848406117976,0.5842857142857143,0.884
6,141,11383479818853017945,2000,-0.404,-0.428,-0.41600000000000004,1.5044642321160566,1.4535107553776896,1.5615967983991985,579.6997873477493,725.8883954126256,0.023999999999999966,0.35162650479766505,0.5737142857142857,0.8934285714285715
6,142,12347677288788685194,2000,2.204,2.244,2.224,3.825112556278137,3.9603641820910487,3.942435217608809,459.5598709710416,627.6859773396948,-0.040000000000000036,0.32770776192531836,0.6165714285714285,0.8862857142857142
6,143,6125960413723980435,2000,-0.038,-0.016,-0.027,0.10781190595297653,0.15063131565782878,0.063775887943972,1032.3843917161169,1146.1476321004143,-0.022,1.5496419352494795,0.5497142857142857,0.9
6,144,9327652957435209909,2000,-1.19,-1.08,-1.135,3.4716858429214583,3.5216608304152057,3.347273636818411,536.4198712359216,381.8709026151532,-0.10999999999999988,0.8884099422628006,0.5948571428571429,0.8922857142857142
6,145,1576881969831837605,2000,1.404,1.524,1.464,3.65862931465733,3.6786233116558265,3.7753116558279123,1498.8937669063048,1374.5732948593259,-0.1200000000000001,1.66397914766563,0.6162857142857143,0.8871428571428571
6,146,17367014356388625723,2000,0.0,0.0,0.0,0.016008004002001,0.0,0.032016008004002,2000.0,1000.0,0.0,0.0,0.5248571428571429,0.9
6,147,17502854364535790011,2000,-0.234,-0.226,-0.23,1.2405882941470734,1.1378129064532256,1.2695587793896939,1348.9992986779891,1269.7360444504056,-0.008000000000000007,0.1863334389877938,0.5942857142857143,0.8822857142857143
6,148,12878773993961135759,2000,-0.77,-0.742,-0.756,2.793004502251127,2.82451225612806,2.738805402701351,536.7441394435881,279.870845444066,-0.028000000000000025,0.22825209177040354,0.5282857142857142,0.8948571428571429
6,149,15446015893940227318,2000,0.05,0.086,0.068,0.2714877438719363,0.1975987993996998,0.33677238619309674,1026.7807823029866,637.7280243248892,-0.03599999999999999,1.3411505223754978,0.5417142857142857,0.8871428571428571
6,150,11088461262830433136,2000,-0.496,-0.454,-0.475,1.6599479739869933,1.7388534267133553,1.6106893446723358,1701.9337216018548,1780.0558709352567,-0.04199999999999998,0.9568846615881044,0.5914285714285714,0.8911428571428571
6,151,11797064628425048421,2000,1.162,1.144,1.153,3.1974367183591785,3.2994057028514288,3.3009144572286155,1998.6898121954262,2000.0,0.018000000000000016,0.31328085629337293,0.6337142857142857,0.8988571428571429
6,152,13365251911827897984,2000,-0.012,-0.066,-0.039,0.21865132566283146,0.12791995997998998,0.30779789894947474,1231.9441214442993,539.9515305201329,0.054000000000000006,2.0801826527924914,0.6211428571428571,0.8842857142857142
6,153,14980433420296425811,2000,-3.572,-3.464,-3.518,1.6990175087543766,1.5295807903951966,1.8576328164082028,928.3803585531691,593.1622668158896,-0.1080000000000001,1.562213874554282,0.5714285714285714,0.898
6,154,1313951238240016785,2000,0.0,0.0,0.0,0.0,0.0,0.0,2000.0,2000.0,0.0,0.0,0.49257142857142855,0.9028571428571428
6,155,9718665022385372007,2000,-0.004,-0.024,-0.014,0.1838919459729865,0.2080880440220108,0.15950375187593793,1000.0385044443201,1001.8115858243152,0.02,1.0435716672655473,0.5651428571428572,0.8885714285714286
6,156,7327404925674141170,2000,0.098,0.084,0.091,0.36408404202101075,0.38258729364682353,0.32910855427713837,1418.4396216053292,1527.9620624834583,0.013999999999999999,0.6356321692853536,0.5751428571428572,0.8957142857142857
6,157,548230730116773204,2000,-0.01,0.0,-0.005,0.07598799399699852,0.071935967983992,0.080040020010005,1639.6825994100386,1428.5714285714287,-0.01,1.0005008763145902,0.6005714285714285,0.8997142857142857
6,158,1119129710536174972,2000,-0.37,-0.378,-0.374,1.7928644322161087,1.8080040020009986,1.7539929964982492,881.1746622421898,360.13135785916376,0.008000000000000007,0.09615386845936871,0.5294285714285715,0.8788571428571429
6,159,18416194465259540975,2000,-0.12,-0.104,-0.11199999999999999,0.5761600800400195,0.5618809404702353,0.5814747373686836,1390.1733360001535,1307.70391112336,-0.016,0.5491723673531468,0.6057142857142858,0.884
6,160,17438824704054245993,2000,0.0,0.0,0.0,0.0,0.0,0.0,2000.0,2000.0,0.0,0.0,0.6251428571428571,0.8902857142857142
6,161,9312054405585997464,2000,0.33,0.342,0.336,1.8328444222111067,1.8360180090045033,1.9239979989994986,1060.0959013900044,1194.2282349433083,-0.01200000000000001,0.20754486439574943,0.5574285714285714,0.8902857142857142
6,162,15556264156723991859,2000,-3.314,-3.224,-3.269,2.29709854927464,2.2745412706353183,2.5030755377688814,1868.0544655029632,1586.9391228133277,-0.08999999999999986,1.7023922077209166,0.49142857142857144,0.8937142857142857
6,163,6000491131440607911,2000,0.052,0.098,0.075,0.29909154577288644,0.20539869934967478,0.38258729364682337,650.3250307372444,861.5713751848494,-0.046000000000000006,1.6687077568235433,0.5514285714285714,0.864
6,164,5569060407570526490,2000,-0.01,-0.004,-0.007,0.02799599799899952,0.03991995997998999,0.01599199599799902,1432.6776170154756,2000.0,-0.006,1.0019518114619173,0.5388571428571428,0.8802857142857143
6,165,8441204745160292200,2000,3.288,3.214,3.251,2.562543271635816,2.4542831415707878,2.687547773886942,1271.8342144573894,729.3086194556746,0.07399999999999984,0.9875640642751311,0.6642857142857143,0.8771428571428571
6,166,10218440748260185961,2000,-1.064,-1.076,-1.07,3.697776888444218,3.7017548774387157,3.80412606303152,1816.091026398977,1461.8773131711303,0.01200000000000001,0.17615602660526164,0.526,0.886
6,167,4953837066228123142,2000,-0.012,-0.034,-0.023,0.09180390195097551,0.04787993996998501,0.13491145572786403,1505.666637553404,1815.7036797017067,0.022000000000000002,2.1357975036322534,0.5537142857142857,0.8908571428571429
6,168,17108227567391247901,2000,-1.624,-1.618,-1.621,3.78987693846924,3.892570285142569,3.888020010005,1832.9370904518476,1809.3243712747096,-0.006000000000000005,0.09179250776360104,0.5071428571428571,0.9062857142857143
6,169,1141801724011760677,2000,0.008,0.0,0.004,0.015975987993996996,0.03195197598799399,0.0,1001.0040130431486,2000.0,0.008,1.4159862485863433,0.5608571428571428,0.8991428571428571
6,170,17176404600624447695,2000,-0.51,-0.546,-0.528,2.0163601800900457,1.9248624312156062,2.014891445722858,1482.9347462849266,1045.477034133096,0.03600000000000003,0.6338996049306227,0.57,0.8914285714285715
6,171,15982087344055615225,2000,-0.08,-0.062,-0.07100000000000001,0.28397998999499746,0.31375687843921923,0.244278139069535,1010.3196940174561,876.573738802048,-0.018000000000000002,0.7415349037514364,0.5757142857142857,0.9105714285714286
6,172,15446992853424800624,2000,0.182,0.206,0.194,0.760092046023011,0.6952236118059038,0.7819549774887441,639.8602359223052,369.3902685982609,-0.023999999999999994,0.4240385629359424,0.6145714285714285,0.8928571428571429
6,173,17888620816214785684,2000,-0.724,-0.604,-0.6639999999999999,2.2659329664832413,2.373010505252626,2.0522101050525254,1485.640328479851,1386.4852550117416,-0.12,2.1631452117365866,0.6151428571428571,0.8817142857142857
6,174,16368957983940322416,2000,3.848,3.848,3.848,0.576288144072036,0.585188594297149,0.5851885942971491,1599.6654687992186,1597.180405974626,0.0,0.0,0.5874285714285714,0.9002857142857142
6,175,13939882501882544367,2000,0.01,0.01,0.01,0.0400200100050025,0.03991995997998999,0.03991995997998999,1112.972263559649,1112.972263559646,0.0,0.0,0.5588571428571428,0.9062857142857143
6,176,521389313977552737,2000,0.0,0.002,0.001,0.004000000000000007,0.0,0.008000000000000014,2000.0,2000.0,-0.002,0.9999999999999991,0.5557142857142857,0.8877142857142857
6,177,3846991731643058443,2000,-0.006,-0.016,-0.011,0.09199599799899952,0.08800800400200114,0.09579189594797408,1158.2442900007322,1092.7700405698486,0.01,0.7817184943559391,0.5925714285714285,0.8922857142857142
6,178,9661058664675514632,2000,0.148,0.168,0.158,0.6641320660330159,0.5863891945972982,0.7241380690345179,763.7786159606269,975.2562257420071,-0.020000000000000018,0.514641018336818,0.5805714285714285,0.8845714285714286
6,179,9826772434106918316,2000,0.0,-0.004,-0.002,0.00799599799899951,0.0,0.01599199599799902,2000.0,1000.5012521288079,0.004,1.000500876314583,0.5591428571428572,0.886
6,180,17413609332710665620,2000,0.176,0.238,0.207,0.8104832416208109,0.6733606803401704,0.8958039019509753,451.77293813081883,509.28613493587034,-0.062,1.0876481544357752,0.5837142857142857,0.8877142857142857
6,181,5003724137148175072,2000,0.024,0.018,0.020999999999999998,0.09202801400700358,0.11147973986993508,0.07171185592796413,1408.0115940575456,1061.6490207533557,0.006000000000000002,0.49533872538086654,0.6068571428571429,0.8905714285714286
6,182,7150983376421105463,2000,0.084,0.056,0.07,0.2797478739369684,0.32910855427713825,0.22097448724362176,1007.9503252428111,931.8582376564993,0.028000000000000004,1.1793830499634625,0.5591428571428572,0.8894285714285715
6,183,10645220378451741981,2000,-0.02,0.012,-0.004,0.06351975987993991,0.07963981990995513,0.04787993996998504,1002.5214169305323,1001.5082895654971,-0.032,2.83677964558976,0.548,0.8922857142857142
6,184,12402310404015988301,2000,-3.54,-3.544,-3.542,1.6488164082041008,1.6292146073036529,1.6168724362181086,864.6811214899241,963.5622841550912,0.0040000000000000036,0.0670194926221598,0.5614285714285714,0.8931428571428571
6,185,5049491543524324463,2000,1.02,1.124,1.072,3.1961900950475224,3.0571285642821433,3.250249124562279,179.44475484673265,393.5865118695809,-0.10400000000000009,0.6539117983826129,0.5694285714285714,0.894
6,186,7895789387143586845,2000,1.5,1.394,1.447,4.040402201100551,4.072036018009005,3.8266773386693385,1779.9158147925436,1793.5504747171565,0.1060000000000001,1.5941480006974302,0.554,0.8971428571428571
6,187,13729544419467247692,2000,-3.18,-3.112,-3.146,2.7590675337668835,2.6089044522261142,2.764838419209606,425.0957794131776,261.70263812732736,-0.06800000000000006,0.5261679024078579,0.57,0.8997142857142857
6,188,2472823006771669988,2000,0.478,0.554,0.516,2.094159079539769,1.9725022511255623,2.2141910955477746,897.1757514261537,1048.723177148233,-0.07600000000000007,1.1576586951002963,0.6097142857142858,0.8942857142857142
6,189,9370106006553423067,2000,0.014,-0.044,-0.015,0.25044322161080534,0.3279679839919964,0.20616708354177107,1038.3207850197202,722.1764207071509,0.057999999999999996,2.3651924445741996,0.5968571428571429,0.8871428571428571
6,190,3831300105577742839,2000,0.0,0.0,0.0,0.016008004002001,0.0,0.032016008004002,2000.0,1000.0,0.0,0.0,0.6074285714285714,0.896
6,191,697826629901046560,2000,1.712,1.454,1.583,3.9406883441720897,4.031071535767889,4.135951975987993,922.7158290864153,483.2465265809774,0.258,2.2691562929864793,0.5917142857142857,0.9045714285714286
6,192,2954621558549198933,2000,0.262,0.246,0.254,1.024384192096047,1.043877938969485,1.0680180090045033,295.4541730770996,768.3705710895409,0.016000000000000014,0.22803437571452786,0.5768571428571428,0.8694285714285714
8,1,1136782549756480039,2000,-1.264,-1.476,-1.37,3.5392976488244106,3.4920500250125075,3.727287643821909,636.3101070421136,556.7073951057403,0.21199999999999997,1.9206802924348767,0.44457142857142856,0.8498571428571429
8,2,12695920229914589857,2000,0.13,0.134,0.132,0.6243041520760382,0.5193596798399199,0.6783831915957981,1549.9073295150488,1796.9759768542542,-0.0040000000000000036,0.1498427339778661,0.46714285714285714,0.8658571428571429
8,3,2639510527720166662,2000,0.35,0.106,0.22799999999999998,0.874669334667333,1.2941470735367693,0.4449864932466233,218.4740176797561,613.8611245301519,0.244,2.9924638039863614,0.47814285714285715,0.8535714285714285
8,4,14670016489927610296,2000,-0.18,-0.112,-0.146,0.5819789894947476,0.7359679839919966,0.4356738369184591,1187.4647885050313,887.3984721721683,-0.06799999999999999,2.040343380614231,0.4687142857142857,0.85
8,5,1640691309855468893,2000,0.212,0.142,0.177,1.442271135567784,1.4757938969484745,1.3965342671335659,1404.0876692839938,1469.1730489965735,0.07,1.5646110453998705,0.4492857142857143,0.8548571428571429
8,6,4635289567414241178,2000,0.346,0.408,0.377,1.3947753876938451,1.2649164582291124,1.4662691345672836,752.8628817472663,714.618864711577,-0.062,1.0148996475731027,0.4694285714285714,0.8394285714285714
8,7,17682118144755239760,2000,-0.384,-0.264,-0.324,1.1933966983491737,1.405246623311656,0.9867973986993495,630.9221180031793,664.8823291806189,-0.12,1.9697401317425267,0.47085714285714286,0.8388571428571429
8,8,18352609485421632911,2000,-2.67,-2.622,-2.646,3.6966963481740853,3.552876438219109,3.614923461730869,535.4765625296961,255.87780498950087,-0.04800000000000004,0.33312039391065157,0.47385714285714287,0.8508571428571429
8,9,5317284677570503696,2000,-0.018,-0.042,-0.03,0.16779589794897457,0.16775987993997007,0.16631915957979,1832.2474902647973,1489.7387028282687,0.024000000000000004,1.683629027388495,0.439,0.8412857142857143
8,10,2230137736505612544,2000,0.02,0.03,0.025,0.1,0.07963981990995504,0.11915957978989493,1271.5898707323165,1473.1475262624724,-0.009999999999999998,0.8347319305203337,0.4897142857142857,0.8575714285714285
8,11,18344392163427468181,2000,0.04,0.04,0.04,0.16008004002001,0.15847923961981,0.15847923961980984,1093.9830929885572,1047.7021985871709,0.0,0.0,0.44942857142857146,0.8561428571428571
8,12,15179733649662597766,2000,-1.968,-1.748,-1.858,3.9457728864432235,4.000976488244116,3.970481240620314,201.55441146557285,289.797027169789,-0.21999999999999997,1.201065435367674,0.49128571428571427,0.8514285714285714
8,13,5263610642156528156,2000,0.096,0.082,0.089,0.4201120560280145,0.4870275137568785,0.36946073036518245,989.9727191320137,1019.6797732336827,0.013999999999999999,0.47898862240647094,0.493,0.8548571428571429
8,14,3941318450051058196,2000,-0.516,-0.444,-0.48,1.6862511255627837,1.7986433216608302,1.5796538269134568,2000.0,2000.0,-0.07200000000000001,1.751856669692649,0.48842857142857143,0.8595714285714285
8,15,1239780196455066340,2000,-0.018,-0.012,-0.015,0.06001200600300156,0.07171185592796409,0.047879939969985054,2000.0,2000.0,-0.005999999999999998,0.7759175131094048,0.458,0.8507142857142858
8,16,10919339466149363484,2000,0.01,0.016,0.013000000000000001,0.06001200600300156,0.03991995997998999,0.07978389194597302,2000.0,1121.5242648885405,-0.006,0.6286298026728443,0.501,0.8477142857142858
8,17,12096363364134812738,2000,3.898,3.916,3.907,0.3560160080040019,0.39779489744872437,0.32910855427713837,1532.0675640886295,1514.9000354979967,-0.017999999999999794,0.8242554075723885,0.45485714285714285,0.8718571428571429
8,18,16083689384991817214,2000,-0.186,-0.258,-0.222,0.8698429214607314,0.7737908954477236,0.9819269634817404,431.880078902879,342.77573452577144,0.07200000000000001,1.0551431293871738,0.4878571428571429,0.8572857142857143
8,19,9349955597031336909,2000,-0.096,0.108,0.005999999999999998,4.533458729364679,4.29693246623312,5.078875437718855,1078.3675226157334,934.0201221573336,-0.20400000000000001,2.101606260354967,0.5057142857142857,0.8411428571428572
8,20,14584411628663654251,2000,0.068,0.012,0.04,0.3906273136568283,0.36355777888944446,0.4000560280140066,498.03054696268623,1429.8966845146736,0.05600000000000001,1.762287118201834,0.4472857142857143,0.8534285714285714
8,21,12157309003807379219,2000,-1.584,-1.774,-1.679,3.8038519259629804,3.8448664332166023,3.9829154577288635,622.2850294675087,612.9950343180622,0.18999999999999995,1.6875664423736476,0.48342857142857143,0.8477142857142858
8,22,10879682118602769125,2000,3.914,3.908,3.911,0.3401520760380192,0.33677238619309663,0.3597158579289642,1477.315994689136,2000.0,0.006000000000000227,0.2971097172107587,0.4575714285714286,0.8611428571428571
8,23,11543597817222777447,2000,3.442,3.248,3.345,2.146255127563782,1.9215967983991986,2.443717858929467,265.52808250253685,343.55283284264937,0.19399999999999995,1.6194827092196724,0.4074285714285714,0.8598571428571429
8,24,17882436244960443741,2000,-0.544,-0.478,-0.511,1.9788114057028516,2.169148574287143,1.8444382191095543,569.6570353888234,1391.905435923635,-0.06600000000000006,0.9212153420780411,0.42042857142857143,0.8452857142857143
8,25,2722172730699672483,2000,0.834,0.648,0.741,2.427915957978991,2.6417648824412234,2.173182591295649,440.9361829485575,600.3067597788704,0.18599999999999994,1.897230014883131,0.4828571428571429,0.8477142857142858
8,26,12171313119755799770,2000,2.078,2.562,2.32,3.7887663831915956,3.9959139569784914,3.6859989994997497,175.6029179297536,578.1172868783113,-0.484,2.835735387494439,0.36328571428571427,0.8594285714285714
8,27,18307783467335924845,2000,-2.392,-1.776,-2.084,4.116330165082543,4.216444222111057,4.191919959979995,301.68996663741717,232.63737566447998,-0.6159999999999999,3.4438029733675313,0.4807142857142857,0.8468571428571429
8,28,900698536767980969,2000,-2.44,-2.406,-2.423,3.9493966983491715,3.9523761880940476,3.9011145572786448,1944.5699125652368,1928.511486556782,-0.03399999999999981,0.5339037940918057,0.4322857142857143,0.8568571428571429
8,29,11415647143997737820,2000,1.686,1.818,1.752,4.0653206603301655,3.9033556778389134,3.9688604302151087,1246.3726269745575,1061.1702844167942,-0.13200000000000012,1.592344573248874,0.501,0.8561428571428571
8,30,16102538614226323418,2000,-0.148,-0.212,-0.18,2.335119559779891,2.283237618809408,2.2441780890445213,847.7435098818388,884.4330788128722,0.064,0.8849092831150661,0.5311428571428571,0.8531428571428571
8,31,17593257472289731479,2000,-0.012,0.002,-0.005,0.21200800400200098,0.22396798399199572,0.20009604802401207,1222.8392744230653,1351.525500721486,-0.014,0.7692701800899152,0.4075714285714286,0.863
8,32,12075110986761267365,2000,-0.08,-0.064,-0.07200000000000001,0.2960200100050024,0.32976488244122015,0.2520300150075039,320.27661949583097,1596.8167522954411,-0.016,0.46431301408612674,0.4677142857142857,0.8518571428571429
8,33,10137619681179593337,2000,0.102,0.092,0.097,0.3721360680340174,0.39779489744872437,0.35971585792896443,2000.0,2000.0,0.009999999999999995,0.5138313477297332,0.4858571428571429,0.8455714285714285
8,34,11364515378407486375,2000,3.588,3.562,3.575,1.5244242121060527,1.4789954977488737,1.5769444722361194,1710.5299101913047,2000.0,0.026000000000000245,0.6394726193440292,0.47785714285714287,0.861
8,35,4100237613674066006,2000,0.078,0.068,0.07300000000000001,0.380140070035018,0.3701010505252628,0.36355777888944446,2000.0,2000.0,0.009999999999999995,0.5221171077180068,0.45814285714285713,0.8458571428571429
8,36,2366997062193939691,2000,0.004,0.0,0.002,0.007995997998999508,0.015991995997999015,0.0,2000.0,2000.0,0.004,1.414567425399369,0.4684285714285714,0.853
8,37,1442808564195678654,2000,0.726,0.806,0.766,2.654127063531767,2.4901690845422686,2.83177988994497,942.2991894265244,660.2793420443232,-0.08000000000000007,0.9609020270746014,0.47585714285714287,0.8534285714285714
8,38,16991210322193108241,2000,3.478,3.446,3.462,1.8484122061030517,1.8164242121060543,1.9100390195097556,1258.540487583893,940.6385115218517,0.03200000000000003,0.5429303357425295,0.44257142857142856,0.8578571428571429
8,39,1575369776152927639,2000,0.144,0.176,0.15999999999999998,0.575775887943972,0.5555417708854427,0.6733606803401704,1085.834490588938,694.3995055474057,-0.032,0.8314272612706501,0.44971428571428573,0.8504285714285714
8,40,11405398459917947872,2000,0.358,0.268,0.313,1.248574287143573,1.3845282641320653,1.192772386193098,1932.4248309298632,1269.5906076773545,0.08999999999999997,2.211652249036986,0.45557142857142857,0.8362857142857143
8,41,18292502644826587946,2000,0.09,0.204,0.147,1.6223131565782876,1.4566283141570777,1.7352516258129072,593.7204852530132,406.94946198551276,-0.11399999999999999,1.3909228071318425,0.445,0.8581428571428571
8,42,7940191130062418754,2000,-0.04,-0.068,-0.054000000000000006,0.22371985992996507,0.17448724362181084,0.26750975487743855,2000.0,1403.3031072990348,0.028000000000000004,1.6797143703283874,0.46485714285714286,0.8622857142857143
8,43,18392062282033425192,2000,0.286,0.25,0.268,2.136420210105053,2.407407703851924,1.946473236618309,1238.5915673070726,882.150397460785,0.035999999999999976,0.5588165957152319,0.4287142857142857,0.8468571428571429
8,44,6131386863005149748,2000,1.54,1.422,1.4809999999999999,3.7909334667333647,3.7902951475737874,3.667749874937473,915.0848417273343,1200.7710384500363,0.1180000000000001,1.3909804363426148,0.5032857142857143,0.859
8,45,11929753253749154941,2000,0.03,0.064,0.047,0.4436438219109556,0.4873436718359184,0.42811805902951494,1640.9110003695343,402.5867675040321,-0.034,0.9218141823932087,0.4947142857142857,0.8568571428571429
8,46,9523381249821264926,2000,0.682,0.694,0.688,4.073964982491241,3.672712356178092,3.9923601800900452,247.71419053645968,251.87741737104398,-0.0119999999999999,0.06851348762934469,0.45871428571428574,0.841
8,47,11085261573056897044,2000,2.854,2.918,2.886,3.319611805902952,3.2883281640820385,3.1588554277138576,682.3044879398606,410.93184293477896,-0.06400000000000006,0.572284667954584,0.43842857142857145,0.8451428571428572
8,48,7400561619965924550,2000,0.262,0.376,0.319,1.2381210605302644,1.0438779389694846,1.3793136568284134,745.0038058561242,478.71017553469727,-0.11399999999999999,1.7420354281477701,0.4684285714285714,0.8492857142857143
8,49,47618780284794000,2000,0.324,0.242,0.28300000000000003,1.1932346173086543,1.335691845922961,1.0539629814907452,1208.1202289791809,1735.907498295283,0.08200000000000002,1.981376413140389,0.46,0.861
8,50,11167947565702024877,2000,0.734,0.69,0.712,2.7604122061030507,2.7025952976488274,2.717258629314658,1071.4972732068286,694.7172050262509,0.04400000000000004,0.5485629031647151,0.477,0.8512857142857143
8,51,7839726026629746799,2000,0.114,0.008,0.061,1.319041520760379,1.1956018009004503,1.5206963481740863,1224.0813297809605,1152.1255707718867,0.10600000000000001,2.211869488296529,0.3985714285714286,0.8618571428571429
8,52,11242122350849377066,2000,-0.216,-0.338,-0.277,1.0130645322661325,0.8497688844422204,1.2383751875937967,539.7534891193176,1280.0242119943337,0.12200000000000003,2.41984098456438,0.43714285714285717,0.852
8,53,8945731780481691745,2000,-2.426,-2.14,-2.2830000000000004,3.821012506253126,3.820434217108555,3.9983991995997985,475.4099803764964,551.7663689423717,-0.28600000000000003,2.31348678743363,0.473,0.8471428571428572
8,54,7690802595959964405,2000,0.0,-0.002,-0.001,0.012004002001000503,0.0,0.024008004002001006,2000.0,2000.0,0.002,0.5772540200818153,0.48528571428571426,0.8477142857142858
8,55,6922571102183359471,2000,-2.046,-1.806,-1.926,4.125262631315657,3.9998839419709853,3.980354177088548,631.7229746055369,359.3178118442759,-0.23999999999999977,1.8189525825460706,0.4665714285714286,0.8534285714285714
8,56,17116336214569254419,2000,-0.032,-0.164,-0.098,0.9357558779389701,0.8313916958479245,1.0296188094047019,608.7876985124238,697.8092955295772,0.132,2.4764332219019267,0.4667142857142857,0.8528571428571429
8,57,9618668451409140721,2000,-3.308,-3.306,-3.307,2.261128564282141,2.2902811405702845,2.2955117558779374,1827.0850121057429,1752.7530931833448,-0.0019999999999997797,0.039503964965700945,0.5032857142857143,0.8278571428571428
8,58,606615259120600331,2000,-3.068,-3.002,-3.035,2.8272356178089026,2.9088304152076048,3.0135027513756873,303.80006693077445,434.00415921780376,-0.06600000000000028,0.5135245098237128,0.487,0.8555714285714285
8,59,1666639439875453174,2000,-0.016,-0.02,-0.018000000000000002,0.2721280640320161,0.23986393196598305,0.3197598799399701,1767.8166756174376,1612.5288852561466,0.004,0.2188765327614985,0.46785714285714286,0.8534285714285714
8,60,4150193659005631401,2000,0.322,0.308,0.315,1.4046043021510752,1.4570445222611303,1.2977848924462236,2000.0,2000.0,0.014000000000000012,0.3772208399331766,0.4794285714285714,0.8535714285714285
8,61,8232622803827352047,2000,0.054,0.092,0.073,3.4770165082541276,3.6709194597298667,3.625348674337169,940.866107998745,1185.426841220303,-0.038,0.4554933136368868,0.46,0.8455714285714285
8,62,16695773825571100700,2000,3.004,2.91,2.957,2.9850745372686327,3.0415047523761913,3.2695347673836896,691.7634802337828,418.0350040706865,0.09399999999999986,0.8504110021939604,0.4595714285714286,0.854
8,63,5141359313639625542,2000,-0.076,-0.038,-0.056999999999999995,0.5795677838919463,0.49046923461730785,0.6788954477238619,1806.7238325118306,1962.0899524886117,-0.038,1.529233708015258,0.477,0.8518571428571429
8,64,8874511143035872049,2000,-0.062,-0.138,-0.1,0.3813026513256624,0.24427813906953516,0.533222611305653,390.8517047262889,204.65065970804469,0.07600000000000001,1.3371424956704923,0.47314285714285714,0.855
8,65,8269433969715823898,2000,0.266,0.236,0.251,1.0120560280140076,1.089788894447225,0.952780390195097,531.4460919416631,840.3458397494599,0.030000000000000027,0.5316270110270461,0.502,0.8501428571428571
8,66,8391272022635386277,2000,0.076,0.096,0.086,0.34397198599299633,0.29837318659329654,0.3749714857428714,790.5277144664406,1075.7808228841616,-0.020000000000000004,0.7422732156430084,0.481,0.8598571428571429
8,67,5688377982749714889,2000,0.258,0.262,0.26,0.9924882441220605,0.9659189594797395,1.011861930965483,859.4967220236416,615.6155712149991,-0.0040000000000000036,0.07603576181589414,0.4452857142857143,0.8605714285714285
8,68,8985144329702532877,2000,-2.728,-2.78,-2.754,3.4483721860930454,3.5357838919459725,3.4093046523261656,1958.7554611451287,2000.0,0.0519999999999996,0.8777362230688565,0.46885714285714286,0.8547142857142858
8,69,17455704210477092969,2000,-0.144,-0.146,-0.145,0.5402681340670336,0.5555417708854424,0.5629654827413703,343.7930261370696,581.6556734822248,0.0020000000000000018,0.039346099148522246,0.43028571428571427,0.8641428571428571
8,70,10913248982990038074,2000,0.082,0.056,0.069,0.3638439219609801,0.3374447223611801,0.3970625312656326,553.8815726522569,427.42362671808075,0.026000000000000002,0.6629281477610646,0.45557142857142857,0.8492857142857143
8,71,3844806701682384008,2000,-1.05,-1.12,-1.085,3.371235617808908,3.22711355677839,3.4193096548274147,216.63044126153542,1034.5990056999801,0.07000000000000006,0.5188485483681814,0.462,0.8568571428571429
8,72,6731624566979129876,2000,-0.104,-0.102,-0.103,0.45222411205602775,0.42139469734867396,0.4618269134567285,1631.79058332113,1651.1825939464798,-0.0020000000000000018,0.08623130735245378,0.48228571428571426,0.8541428571428571
8,73,11068076932823003703,2000,0.0,0.002,0.001,0.004000000000000007,0.0,0.008000000000000014,2000.0,2000.0,-0.002,0.9999999999999991,0.4044285714285714,0.8614285714285714
8,74,16444805628065957732,2000,-2.99,-2.948,-2.9690000000000003,3.0366363181590783,3.0374187093546787,3.1028474237118564,471.3380099801454,968.8639944327945,-0.04200000000000026,0.4276194332637813,0.48114285714285715,0.8415714285714285
8,75,8867597781522075249,2000,-0.004,0.0,-0.002,0.007995997998999502,0.015991995997999005,0.0,2000.0,2000.0,-0.004,1.4145674253993694,0.4154285714285714,0.8531428571428571
8,76,7724374977058287474,2000,0.254,0.262,0.258,1.0164762381190589,0.9839759879939963,1.059885942971486,631.3710208197194,956.2576478062763,-0.008000000000000007,0.15491419320799515,0.4672857142857143,0.8507142857142858
8,77,8487756756003480307,2000,0.81,0.776,0.793,2.7007723861930955,2.777288644322162,2.567107553776886,315.2783593077295,659.2800041078681,0.03400000000000003,0.301667845537571,0.49257142857142855,0.8497142857142858
8,78,13977512813497614390,2000,-0.034,-0.036,-0.035,0.1640800400200099,0.1829354677338671,0.15878339169584788,2000.0,1844.2083648673015,0.001999999999999995,0.15008936656882585,0.43057142857142855,0.8541428571428571
8,79,1568132083625778640,2000,-0.164,-0.152,-0.158,1.0724642321160596,1.013610805402701,1.1134527263631808,1873.621550018147,1522.673842938853,-0.01200000000000001,0.33643175408502285,0.44114285714285717,0.8535714285714285
8,80,6746894842807192231,2000,2.774,2.634,2.7039999999999997,3.4719359679839927,3.4346413206603263,3.5998439219609812,1708.8070689349372,1729.8027909993034,0.14000000000000012,2.18882667441637,0.4617142857142857,0.8487142857142858
8,81,10938114286532832636,2000,1.638,1.844,1.741,4.248906453226614,4.351131565782893,4.2978129064532276,1227.2845996954693,1811.7038705819384,-0.20600000000000018,2.6779046195185168,0.48,0.854
8,82,10236288585668632306,2000,-0.002,-0.008,-0.005,0.01999199599799901,0.008000000000000012,0.03195197598799401,2000.0,2000.0,0.006,1.3424468996027474,0.5092857142857142,0.8592857142857143
8,83,4517069561307840164,2000,0.1,0.084,0.092,0.8482961480740362,0.8704352176088044,0.8093486743371683,1972.8114831233904,1238.282283344629,0.016,0.48355770918066937,0.463,0.8464285714285714
8,84,5483839760004895936,2000,-0.032,-0.01,-0.021,0.10781190595297653,0.12703951975987982,0.087943971985993,2000.0,2000.0,-0.022,2.121949883504151,0.4752857142857143,0.8514285714285714
8,85,18140159090849670349,2000,-0.16,-0.172,-0.16599999999999998,0.6482521260630322,0.6147073536768383,0.6587453726863431,671.8454755406377,303.2224542450104,0.011999999999999983,0.21596446093437405,0.40914285714285714,0.8611428571428571
8,86,625283115361242370,2000,0.192,0.134,0.163,0.7066713356678341,0.7795257628814409,0.5823351675837922,1394.1388907720616,1180.4283964324352,0.057999999999999996,1.7878170610133648,0.471,0.8478571428571429
8,87,11446724856749186949,2000,-0.096,-0.066,-0.081,0.3237118559279642,0.3749714857428716,0.259773886943472,133.40708387970292,115.09033472482456,-0.03,0.42141391663091843,0.49014285714285716,0.8518571428571429
8,88,1770211685752957346,2000,0.002,0.0,0.001,0.004,0.008,0.0,2000.0,2000.0,0.002,1.0,0.45471428571428574,0.8615714285714285
8,89,754854148410556534,2000,2.188,1.694,1.941,3.8038839419709847,3.9986553276638293,3.956342171085537,298.12974313627626,117.81131078712727,0.4940000000000002,2.2787856598568887,0.4585714285714286,0.8338571428571429
8,90,18079577691477298786,2000,1.236,1.272,1.254,5.257980990495254,5.4190135067533785,5.888960480240119,357.9272811040435,274.2180321829086,-0.03600000000000003,0.18813530409112605,0.4784285714285714,0.849
8,91,11054227263843250655,2000,0.176,-0.082,0.04699999999999999,2.84414007003502,2.834441220610306,3.202877438719358,1804.2882436269244,575.3765048141438,0.258,3.0538375041938375,0.47714285714285715,0.8534285714285714
8,92,831952008785342822,2000,0.092,0.114,0.10300000000000001,0.8361760880440218,0.8079399699849918,0.8434257128564285,487.4984692324847,377.9775725762359,-0.022000000000000006,0.3527918054946608,0.4828571428571429,0.8498571428571429
8,93,6768888204410725348,2000,0.332,0.348,0.33999999999999997,1.632688344172085,1.602577288644323,1.511651825912958,1480.56327926509,1699.4340249957718,-0.01599999999999996,0.36030976993862573,0.4534285714285714,0.8447142857142858
8,94,14680903378376420467,2000,0.09,0.034,0.062,0.6147393696848422,0.6242121060530263,0.5991435717858936,1259.1080493915908,1098.8124797944236,0.055999999999999994,1.7356336958798846,0.43142857142857144,0.8465714285714285
8,95,9423540356294645024,2000,0.436,0.576,0.506,1.9351675837918956,1.6827453726863417,2.1973226613306647,856.0602512532931,627.8913448629103,-0.13999999999999996,1.8937581095141065,0.4367142857142857,0.8657142857142858
8,96,6914377841691966517,2000,-0.536,-0.43,-0.483,4.960862431215611,5.123265632816412,4.673436718359181,749.8892319852974,1051.5335165812385,-0.10600000000000004,0.9982056699760136,0.499,0.8498571428571429
8,97,1017194212266938981,2000,-0.394,-0.384,-0.389,1.404652326163083,1.4214747373686851,1.4212546273136573,789.808231559046,1417.7486080565054,-0.010000000000000009,0.18890652227553104,0.42028571428571426,0.8634285714285714
8,98,15398550814575487034,2000,-1.658,-1.8,-1.729,3.8518439219609815,3.8849784892446215,4.010005002501253,950.3101306278293,1093.3254771023564,0.14200000000000013,1.6124052176721368,0.46214285714285713,0.8475714285714285
8,99,4051343637355128615,2000,1.028,0.434,0.731,2.2447043521760874,3.0567443721860896,1.548418209104552,260.14316490969264,199.66431700854562,0.5940000000000001,4.253139343800282,0.42928571428571427,0.8547142857142858
8,100,10342051937261715468,2000,-0.284,-0.322,-0.303,1.099827913956979,1.055871935967984,1.2009164582291147,444.64490770518256,280.0644284914341,0.038000000000000034,0.4655436153091644,0.44671428571428573,0.8542857142857143
8,101,12897335311229967570,2000,1.282,1.362,1.322,3.534567283641821,3.5022271135567844,3.642777388694347,494.2749899309368,544.2035920104089,-0.08000000000000007,0.6815150421553446,0.45785714285714285,0.8568571428571429
8,102,12934554617385534675,2000,-0.088,-0.12,-0.104,0.8078919459729865,0.680596298149075,0.9140570285142573,1123.1191795449922,1690.416875748446,0.032,0.9449785984562588,0.5357142857142857,0.8374285714285714
8,103,17094316637270391245,2000,-1.396,-1.352,-1.374,3.656860430215107,3.637002501250621,3.5818869434717326,1352.1215174571787,848.4863947082258,-0.04399999999999982,0.5292626038703219,0.4298571428571429,0.8501428571428571
8,104,5045314903067367868,2000,-0.688,-0.718,-0.703,2.3327163581790904,2.2797958979489734,2.3576548274137066,737.9085709643298,1208.8412858945665,0.030000000000000027,0.42258216526479886,0.4625714285714286,0.8517142857142858
8,105,9627299388624198510,2000,-0.252,-0.358,-0.305,1.1429534767383678,0.9449684842421204,1.3044882441220602,575.5878724139437,482.7007289932431,0.10599999999999998,1.6082360667241244,0.441,0.8584285714285714
8,106,14015007716524791331,2000,0.078,0.05,0.064,0.26373986993496756,0.3060690345172586,0.21360680340170085,921.5706103819059,1561.3858670810919,0.027999999999999997,1.2930264993189837,0.5052857142857143,0.846
8,107,10585259927565684660,2000,-0.454,-0.364,-0.40900000000000003,1.6087543771885964,1.8508094047023504,1.5322701350675352,293.163199775422,413.054929906104,-0.09000000000000002,0.8989738230298949,0.4952857142857143,0.8554285714285714
8,108,8296880357851192250,2000,0.8,0.72,0.76,3.6946473236618314,3.873936968484238,3.675437718859433,1694.915254237298,470.5242000268877,0.08000000000000007,0.7961483596985858,0.4827142857142857,0.8495714285714285
8,109,231201070060089200,2000,0.238,0.236,0.237,1.0445202601300652,0.9758439219609806,1.0488284142071027,494.3575170292589,231.47181099656186,0.0020000000000000018,0.024797235925133547,0.42,0.8528571428571429
8,110,11306310384277311317,2000,-1.952,-2.036,-1.994,3.926435217608804,3.999695847923961,4.000704352176088,372.6748570812549,219.68681924046834,0.08400000000000007,0.49374752195455823,0.4642857142857143,0.852
8,111,7976630461022959021,2000,-3.906,-3.932,-3.919,0.3158199099549772,0.3673476738369185,0.26750975487743855,2000.0,1626.0476664231,0.0259999999999998,1.3933676578750438,0.4907142857142857,0.8591428571428571
8,112,1880054855122592869,2000,0.444,0.484,0.46399999999999997,1.6320160080040014,1.5796538269134568,1.702595297648825,362.93937308134724,423.2087286387494,-0.03999999999999998,0.4370748669877259,0.4898571428571429,0.8515714285714285
8,113,12011538815588149289,2000,-3.936,-3.98,-3.958,0.16711555777888953,0.2520300150075039,0.07963981990995507,1558.3132209574037,2000.0,0.04400000000000004,3.0992641625738266,0.3787142857142857,0.8387142857142857
8,114,9281213631168543452,2000,-0.832,-1.044,-0.938,2.90698149074537,2.7331425712856436,3.183655827913953,256.43416411497975,280.848750713502,0.21200000000000008,1.4294954084904623,0.45171428571428573,0.8397142857142857
8,115,13453320608781063117,2000,-2.066,-2.468,-2.267,3.781088544272138,3.9976428214107047,3.7828674337168606,256.56066374025096,347.5852104714743,0.40200000000000014,2.4711012065411024,0.5008571428571429,0.8578571428571429
8,116,17415696464677618913,2000,-1.344,-1.448,-1.396,4.108646323161579,3.9396338169084517,4.113352676338168,637.5964840604825,446.2397941246468,0.10399999999999987,0.8381459488958561,0.4105714285714286,0.8561428571428571
8,117,7743754689576688287,2000,0.002,0.002,0.002,0.016008004002001,0.024008004002001024,0.008000000000000009,2000.0,2000.0,0.0,0.0,0.4471428571428571,0.8604285714285714
8,118,16726962702004074655,2000,3.658,3.628,3.643,1.3562281140570291,1.3156938469234616,1.3662991495747887,656.0102725662726,444.0764460190113,0.029999999999999805,0.4208140671142029,0.44242857142857145,0.859
8,119,10387052432408937807,2000,-0.01,-0.028,-0.019,0.0758759379689845,0.039919959979989976,0.11127163581790891,1432.6776170154817,732.9068148155606,0.018000000000000002,1.342811657608951,0.412,0.8635714285714285
8,120,485499945011723302,2000,-0.044,-0.024,-0.034,0.143871935967984,0.19015907953977007,0.09547173586793403,2000.0,2000.0,-0.019999999999999997,1.6735645335786886,0.4972857142857143,0.8522857142857143
8,121,1601582257949053360,2000,-1.18,-1.402,-1.291,3.5971565782891437,3.329264632316162,3.6442181090545325,378.72713492967847,265.6133319814262,0.22199999999999998,1.4796488598259188,0.4595714285714286,0.8545714285714285
8,122,13239264072508456948,2000,0.052,0.074,0.063,2.5730445222611285,2.510551275637816,2.467757878939467,946.2133195276319,1017.3014169107811,-0.022,0.30869631799639397,0.493,0.8377142857142857
8,123,8025568083426296996,2000,0.734,0.706,0.72,3.089152576288146,2.990739369684845,2.9510395197598784,1210.3865598290015,1463.731028339719,0.028000000000000025,0.4180033968572773,0.479,0.8591428571428571
8,124,8622112504409099422,2000,-0.002,0.008,0.003,0.17203601800900467,0.18408804402201098,0.14400800400200092,1703.824522853476,1801.3623553713949,-0.01,0.7293483203296788,0.46,0.8492857142857143
8,125,15815638766645921830,2000,1.93,1.752,1.841,3.9341250625312645,4.093146573286641,3.9884902451225615,520.9452499415967,300.2527629939942,0.17799999999999994,1.2242157839022905,0.42414285714285715,0.85
8,126,3163876124919971961,2000,-0.12,-0.154,-0.137,0.5637038519259631,0.4818409204602303,0.6085882941470738,1911.274934676941,1844.1406862358008,0.034,1.4092045382444425,0.5122857142857142,0.8475714285714285
8,127,13822275952586322079,2000,0.018,0.018,0.018,0.0720360180090045,0.07171185592796409,0.07171185592796414,1397.260693763791,2000.0,0.0,0.0,0.4135714285714286,0.8674285714285714
8,128,9483423171124783293,2000,0.0,0.002,0.001,0.004000000000000008,0.0,0.008000000000000016,2000.0,2000.0,-0.002,0.9999999999999989,0.445,0.8577142857142858
8,129,4698078063115107533,2000,0.11,0.27,0.19,0.7795897948974476,0.4921460730365181,1.0716358179089542,796.0525889915328,658.7234657550296,-0.16000000000000003,3.376797454562173,0.47814285714285715,0.8395714285714285
8,130,15672667540725897087,2000,-1.596,-1.868,-1.7320000000000002,4.053034517258629,3.9027353676838388,4.032592296148076,192.91375266695883,289.2064290266198,0.272,1.4713644930552414,0.49157142857142855,0.841
8,131,17913525516213929239,2000,0.06,0.068,0.064,0.2560960480240119,0.23651825912956478,0.26750975487743855,631.2733456312302,453.73191581953824,-0.008000000000000007,0.2576298862638919,0.43885714285714283,0.8582857142857143
8,132,9585290872017901281,2000,0.212,0.146,0.179,0.9783111555777889,1.0916018009004507,0.819093546773386,1001.0124845447365,1309.4289095456388,0.066,1.5932398619927322,0.4605714285714286,0.8478571428571429
8,133,3385207500636872330,2000,0.452,0.49,0.471,1.6601080540270132,1.6365142571285636,1.7207603801900944,297.46034577112863,240.18599856256756,-0.03799999999999998,0.3376490225546061,0.45571428571428574,0.8457142857142858
8,134,16013457944729456289,2000,-0.026,-0.032,-0.028999999999999998,0.11604002001000509,0.10337568784392195,0.1270395197598798,2000.0,2000.0,0.006000000000000002,0.5589985462669963,0.4655714285714286,0.8458571428571429
8,135,700148315315185084,2000,0.854,0.686,0.77,2.587181590795397,2.8321000500250126,2.46663731865933,1247.250336559019,643.5073059324817,0.16799999999999993,2.1503517343126455,0.4367142857142857,0.8708571428571429
8,136,10050699198541808399,2000,0.0,0.002,0.001,0.004000000000000004,0.0,0.008000000000000009,2000.0,2000.0,-0.002,0.9999999999999996,0.45071428571428573,0.857
8,137,548689106618341948,2000,-0.162,-0.126,-0.14400000000000002,0.7117078539269632,0.734123061530765,0.6804642321160582,1939.3544877739023,1787.548535578688,-0.036000000000000004,1.3065374641746896,0.49514285714285716,0.8705714285714286
8,138,11984716301841529,2000,-0.002,0.0,-0.001,0.004000000000000007,0.008000000000000014,0.0,2000.0,2000.0,-0.002,0.9999999999999991,0.4654285714285714,0.8524285714285714
8,139,983842964381570939,2000,-0.312,-0.24,-0.276,2.3825992996498253,2.35183191595798,2.5356678339169587,475.1405497996693,731.8608022931688,-0.07200000000000001,0.7849097460837828,0.4987142857142857,0.8551428571428571
8,140,16374240683566029122,2000,-1.124,-1.122,-1.1230000000000002,3.309652826413207,3.3462971485742843,3.3748034017008477,574.1394250788196,796.7197739725281,-0.0020000000000000018,0.019936065103894538,0.4908571428571429,0.8508571428571429
8,141,6740158449717919421,2000,0.076,0.06,0.068,0.2880160080040019,0.2983731865932966,0.28454227113556785,1607.2317582235098,1453.770704986791,0.016,0.8193057893750305,0.49328571428571427,0.8447142857142858
8,142,15055468235872912662,2000,0.412,0.288,0.35,1.2889564782391203,1.4789954977488744,1.0695907953976984,211.50451947804643,315.6364768741152,0.124,1.2170078510171356,0.4908571428571429,0.8584285714285714
8,143,4090543777617312797,2000,-0.174,-0.2,-0.187,0.9081160580290143,0.8421450725362682,1.0325162581290646,1688.042270373415,1639.6568160152435,0.026000000000000023,0.7739317375186958,0.4044285714285714,0.8612857142857143
8,144,7550376651752656964,2000,-0.472,-0.538,-0.505,1.746695347673837,1.6660490245122568,1.8634877438719377,1758.9582294573484,1255.6549205101876,0.06600000000000006,1.3385315535266609,0.4074285714285714,0.8562857142857143
8,145,17638512159116058056,2000,0.218,0.576,0.39699999999999996,1.3005682841420712,0.8248884442221112,1.9732106053026492,186.97951421838468,97.09498950028106,-0.358,2.2763274131269604,0.4794285714285714,0.8581428571428571
8,146,2670048313809376179,2000,-0.48,-0.462,-0.471,1.74070835417709,1.7704852426213118,1.7474297148574278,662.9264667098287,519.7887824683552,-0.01799999999999996,0.23175182823122212,0.42528571428571427,0.86
8,147,14463644811098305512,2000,-3.354,-3.32,-3.3369999999999997,2.3005722861430713,2.167767883941971,2.2587293646823423,2000.0,475.80589412559704,-0.03400000000000025,0.4452516648628484,0.44642857142857145,0.8502857142857143
8,148,12714845934858195177,2000,-0.002,0.0,-0.001,0.004000000000000002,0.008000000000000004,0.0,2000.0,2000.0,-0.002,0.9999999999999998,0.41585714285714287,0.8582857142857143
8,149,14852636927950465568,2000,-0.04,-0.062,-0.051000000000000004,0.580048024012006,0.5906953476738378,0.5484302151075542,781.0168458349023,601.4177126054418,0.022,0.5386381791035874,0.4717142857142857,0.8382857142857143
8,150,10429837425292490995,2000,-3.384,-3.396,-3.3899999999999997,2.1530045022511244,2.085586793396699,2.0522101050525254,195.57211779636802,579.7219612341363,0.01200000000000001,0.10068751328259987,0.4427142857142857,0.8348571428571429
8,151,10453864177944538241,2000,-0.272,-0.22,-0.246,3.1762361180590286,2.983507753876938,3.0091045522761366,585.4910262197341,402.1186879058098,-0.05200000000000002,0.4636418998432225,0.4787142857142857,0.8614285714285714
8,152,13011990459500858486,2000,-0.05,-0.036,-0.043,0.20400400200100072,0.2136068034017008,0.206807403701851,803.5945329224508,930.0021322597062,-0.014000000000000005,0.6336287021477421,0.5077142857142857,0.8465714285714285
8,153,2679508826139666849,2000,0.156,0.038,0.097,2.1180970485242625,1.8966123061530773,2.295703851925964,286.9273159846904,407.0454249042539,0.118,1.066139333352052,0.4865714285714286,0.8582857142857143
8,154,13958817666659380763,2000,0.816,0.816,0.816,2.6813406703351674,2.695491745872936,2.6154517258629317,2000.0,1874.5899936748783,0.0,0.0,0.4777142857142857,0.8547142857142858
8,155,11707087217506372675,2000,1.084,1.096,1.09,3.177516758379186,3.162525262631317,3.1843761880940438,121.52846090422287,135.31762725352698,-0.01200000000000001,0.05390576498179419,0.4712857142857143,0.836
8,156,8934672601696156120,2000,-0.014,-0.01,-0.012,0.12005202601300655,0.15187993996998514,0.08794397198599302,1030.2873980873603,2000.0,-0.004,0.2891369890276263,0.4742857142857143,0.8511428571428571
8,157,6892011627673861610,2000,0.01,0.018,0.013999999999999999,0.33613606803401674,0.32806403201600803,0.3438479239619809,2000.0,1835.9789106562814,-0.007999999999999998,0.4268168284476319,0.45257142857142857,0.8601428571428571
8,158,16896342972981963497,2000,-0.204,-0.156,-0.18,0.6711835917958978,0.7907793896948472,0.599963981990995,683.8593447557573,381.3274588888071,-0.04799999999999999,0.9187205489849626,0.49942857142857144,0.8534285714285714
8,159,16716276076187632519,2000,0.03,0.016,0.023,0.14797598799399717,0.19919959979990015,0.095791895947974,1534.5053686492965,1346.5491976510853,0.013999999999999999,0.9876009116899841,0.42457142857142854,0.8617142857142858
8,160,7804946254530614220,2000,1.484,1.536,1.51,3.6404682341170576,3.7676278139069543,3.8666373186593286,180.57946112967824,221.46645369662355,-0.052000000000000046,0.26562664488414844,0.5002857142857143,0.8474285714285714
8,161,1890843629304232783,2000,0.06,0.118,0.089,0.5065712856428213,0.5246623311655827,0.47431315657828915,306.71427015631366,649.979237589359,-0.057999999999999996,1.1740973072818373,0.43814285714285717,0.8515714285714285
8,162,8378879565256653213,2000,-0.01,-0.014,-0.012,0.04801600800400197,0.03991995997998999,0.055831915957979046,2000.0,2000.0,0.004,0.5780978357932957,0.4592857142857143,0.8517142857142858
8,163,10894877427364922530,2000,0.052,0.054,0.053,0.2361160580290144,0.2534227113556778,0.21319059529764894,1152.2962036676743,1048.8403925641078,-0.0020000000000000018,0.0972213131164695,0.428,0.854
8,164,16980000110879400921,2000,-0.05,-0.026,-0.038,0.15178789394697356,0.19759879939969974,0.10337568784392197,2000.0,1542.4793443110389,-0.024000000000000004,1.8637800438055105,0.47514285714285714,0.857
8,165,16619470925667841505,2000,0.222,0.264,0.243,0.8755557778889449,0.8391355677838919,1.0028054027013504,220.18823085667913,137.98244571836793,-0.04200000000000001,0.3990307954817259,0.4602857142857143,0.853
8,166,2348670051284472261,2000,0.808,0.92,0.8640000000000001,2.683069534767384,2.596434217108553,2.8350175087543756,399.51030946753355,246.22374661893986,-0.11199999999999999,0.834496705436453,0.5188571428571429,0.8351428571428572
8,167,3645633500153769934,2000,-1.578,-1.622,-1.6,4.161112556278139,4.33608404202101,4.403317658829416,466.5348442573066,1403.2731740015054,0.04400000000000004,0.3946208237460506,0.48928571428571427,0.8572857142857143
8,168,290710582019355450,2000,1.302,1.368,1.335,5.972808404202101,5.86772986493246,6.003577788894442,1054.2911866517732,1204.325506555553,-0.06600000000000006,0.6425482500736848,0.44542857142857145,0.8465714285714285
8,169,12597960273297672475,2000,1.712,1.762,1.737,4.148824412206103,4.047079539769888,4.057384692346175,411.9260530558727,365.98101962455576,-0.050000000000000044,0.3457654473536604,0.45371428571428574,0.8584285714285714
8,170,7708429653156475041,2000,-0.146,-0.14,-0.14300000000000002,0.7723681840920451,0.755061530765382,0.7807903951975977,1808.3624612780138,1900.6785841454598,-0.005999999999999978,0.20847231858005344,0.3707142857142857,0.8712857142857143
8,171,11354405197327029998,2000,3.94,3.934,3.9370000000000003,0.25210805402701386,0.23651825912956492,0.2597738869434717,1928.250170067747,1656.5168822652956,0.005999999999999783,0.3589027284620431,0.49042857142857144,0.8578571428571429
8,172,5480919073609604820,2000,-0.016,-0.004,-0.01,0.06395997998999502,0.063775887943972,0.06401600800400198,2000.0,2000.0,-0.012,1.5012208485351723,0.4614285714285714,0.853
8,173,7048265459303144781,2000,2.704,2.676,2.6900000000000004,3.5293726863431734,3.522145072536272,3.5608044022011005,180.57653571305696,299.02109960585057,0.028000000000000025,0.1579799312213529,0.47514285714285714,0.8547142857142858
8,174,14456814881113437662,2000,-0.42,-0.35,-0.385,4.323711855927969,4.449824912456228,4.127563781890946,322.2543136909177,590.1788615327492,-0.07,0.4853372757070011,0.44842857142857145,0.8507142857142858
8,175,1902021369434186830,2000,-1.032,-0.984,-1.008,3.1844402201100532,3.144548274137065,3.0492686343171576,1603.1380491230998,1501.5361098135288,-0.04800000000000004,0.759681821977438,0.487,0.8428571428571429
8,176,3054490789581499996,2000,0.166,0.14,0.15300000000000002,0.5879559779889943,0.6367623811905951,0.5406703351675838,1425.2171150471736,1345.9050763335558,0.025999999999999995,0.8925817298417628,0.4694285714285714,0.8507142857142858
8,177,3154010193462059509,2000,-1.166,-1.104,-1.135,3.075615807903951,3.30609704852426,3.198783391695851,576.1918313795593,221.02740667281907,-0.06199999999999983,0.4361206071471186,0.46785714285714286,0.852
8,178,17606813427905284844,2000,0.006,0.004,0.005,0.020008004002001027,0.023975987993996983,0.015991995997999022,2000.0,1000.5012521287922,0.002,0.37815374588415385,0.4144285714285714,0.8361428571428572
8,179,3680347784779219234,2000,0.466,0.322,0.394,1.3743191595797897,1.6476678339169588,1.1849084542271138,502.52877084960727,1148.7168913527028,0.14400000000000002,2.193364411929017,0.438,0.8545714285714285
8,180,5267537687326120699,2000,0.292,0.232,0.262,1.6390195097548785,1.8356538269134557,1.4829174587293652,815.1847396216878,1337.2660430422484,0.05999999999999997,1.0349839334951816,0.4772857142857143,0.8497142857142858
8,181,1321958841790890807,2000,0.188,0.242,0.215,0.7949394697348668,0.7170145072536267,0.9098909454727364,836.1115517030914,268.4202668794696,-0.05399999999999999,0.8285797557355766,0.4735714285714286,0.8508571428571429
8,182,6753261929553905537,2000,0.08,0.104,0.092,0.35989194597298657,0.3137568784392191,0.4053866933466731,1370.9169755892951,1081.273289390136,-0.023999999999999994,0.9767220513396604,0.43885714285714283,0.8631428571428571
8,183,5041843313801179496,2000,-0.58,-0.59,-0.585,2.0849924962481237,1.9845922961480722,2.0129064532266137,2000.0,1832.8724429099495,0.010000000000000009,0.2187120497893211,0.4652857142857143,0.8577142857142858
8,184,6866183654884271961,2000,3.274,3.218,3.246,2.439651825912958,2.3781130565282607,2.5177348674337185,1101.0910883032534,1720.775317459614,0.05600000000000005,0.9303765286646661,0.4805714285714286,0.855
8,185,1136274199746611070,2000,-3.248,-3.384,-3.316,2.17583991995998,2.443717858929467,2.085586793396699,471.562218263082,609.7131739518538,0.13599999999999968,1.466288914963583,0.45271428571428574,0.8565714285714285
8,186,760706567195774961,2000,-0.194,-0.186,-0.19,1.280608304152076,1.2349814907453733,1.3660870435217596,2000.0,2000.0,-0.008000000000000007,0.22183449898727045,0.4482857142857143,0.8474285714285714
8,187,12866012249925828474,2000,1.678,1.626,1.652,3.9206083041520756,3.8982651325662854,3.8620550275137586,1241.785483166939,1162.2254063994271,0.052000000000000046,0.6468630040938739,0.43814285714285717,0.8648571428571429
8,188,7010953803008223748,2000,0.008,0.004,0.006,0.0240040020010005,0.031951975987994014,0.015991995997999015,2000.0,2000.0,0.004,0.8169735264406313,0.48114285714285715,0.8467142857142858
8,189,9709947059458907548,2000,0.106,0.076,0.091,0.555827913956979,0.5730505252626311,0.5545012506253117,1642.850849838104,1677.4570121676566,0.03,1.1509762653453202,0.46514285714285714,0.8638571428571429
8,190,9508917226076284357,2000,3.396,3.516,3.456,1.8977488744372175,2.0682181090545266,1.702595297648825,1425.1757210038588,1536.7004756953413,-0.1200000000000001,2.372098660437636,0.5051428571428571,0.8458571428571429
8,191,7811588327815357500,2000,0.158,0.15,0.154,3.889912956478239,3.7929324662331205,3.635317658829415,912.586515334975,648.4506495548984,0.008000000000000007,0.08096766370078849,0.4764285714285714,0.8542857142857143
8,192,2477916560312387564,2000,-0.414,-0.334,-0.374,5.44752376188094,5.199203601800898,5.739313656828416,1775.7516994013695,1227.764802382696,-0.07999999999999996,0.917512502192155,0.47385714285714287,0.8485714285714285
10,1,18386286671628159000,2000,-0.168,-0.058,-0.113,0.47018509254627305,0.6761140570285146,0.24475837918959473,949.6731681669088,757.3366094001989,-0.11000000000000001,3.4189745046187805,0.36438461538461536,0.8184615384615385
10,2,975257782215818372,2000,1.486,1.506,1.496,3.8817408704352188,3.7376728364182075,3.7578429214607265,401.586539248121,178.87927760852017,-0.020000000000000018,0.11486862496352544,0.37023076923076925,0.8075384615384615
10,3,3064859561067030349,2000,2.76,3.144,2.952,3.0557998999499714,3.4241120560280143,2.6926103051525754,270.34695790158224,407.543403454851,-0.38400000000000034,2.7660602567549684,0.3366153846153846,0.8088461538461539
10,4,9881014341743309449,2000,-3.328,-3.4,-3.364,2.1264712356178106,2.237534767383689,2.041020510255128,2000.0,1950.5478744764998,0.07200000000000006,1.547349589593859,0.36946153846153845,0.810923076923077
10,5,14137527433379286131,2000,-3.35,-3.404,-3.377,2.0995917958979513,2.1785892946473244,2.0297988994497245,1335.6888075105153,1405.2880942554923,0.053999999999999826,0.9737302049256334,0.37953846153846155,0.8052307692307692
10,6,4987598278873782611,2000,0.148,0.162,0.155,0.7642841420710359,0.6984452226113051,0.7821470735367685,573.2147736540262,413.91893186597474,-0.014000000000000012,0.25112018600946046,0.3629230769230769,0.8074615384615385
10,7,7427278261711599853,2000,-0.344,-0.33,-0.33699999999999997,1.2125082541270635,1.2743011505752873,1.2117058529264628,198.39943565673892,422.9730785022033,-0.013999999999999957,0.14526978548893918,0.3840769230769231,0.7955384615384615
10,8,1380582139889526118,2000,0.426,0.328,0.377,1.3118539269634808,1.5232856428214123,1.2050185092546288,1114.177417257909,1569.7419088725537,0.09799999999999998,2.1210143816416602,0.3242307692307692,0.8084615384615385
10,9,4596697687300969139,2000,0.342,0.258,0.30000000000000004,1.109026513256629,1.2516618309154577,1.0299509754877436,589.7134505473123,592.2978015874677,0.08400000000000002,1.3517829136774802,0.3676923076923077,0.8117692307692308
10,10,16831799971677928603,2000,0.04,0.072,0.055999999999999994,0.21559579789894964,0.1584792396198099,0.2829574787393696,720.0733165558663,718.8553948112764,-0.031999999999999994,1.2917200940967264,0.3426153846153846,0.8178461538461539
10,11,10862924502286898685,2000,-0.37,-0.39,-0.38,1.488544272136069,1.5838919459729848,1.424612306153077,1627.4554855303988,2000.0,0.020000000000000018,0.4871477342701319,0.3880769230769231,0.8205384615384615
10,12,17342085916981740206,2000,-0.312,-0.626,-0.469,1.5314677338669305,1.2472796398199117,2.273260630315156,75.04547891249457,104.21057755790576,0.314,1.601656805946024,0.39353846153846156,0.7936923076923077
10,13,10895909670603108095,2000,0.072,0.254,0.163,4.3496128064032,4.3009664832416235,4.585776888444224,582.3118936937715,1206.8920250063368,-0.182,1.7208390757002758,0.3098461538461538,0.8013846153846154
10,14,10011157402710140000,2000,0.026,0.13,0.078,1.4593216608304163,1.2879679839919957,1.6399199599799918,815.2761467105368,631.0188922421152,-0.10400000000000001,1.6088515170391664,0.33192307692307693,0.8155384615384615
10,15,1012444696661867741,2000,-0.002,0.002,0.0,0.007995997998999502,0.00800000000000001,0.008000000000000002,2000.0,2000.0,-0.004,1.4142135623730947,0.3433076923076923,0.819076923076923
10,16,7486059556696791106,2000,-1.318,-1.132,-1.225,3.8766403201600843,4.16095647823912,3.7924722361180554,225.06297164511588,282.4262680378963,-0.18600000000000017,1.041136542536401,0.33684615384615385,0.8117692307692308
10,17,17481523182630188576,2000,-0.146,-0.142,-0.144,1.008496248124062,1.0912296148074034,0.9803261630815406,1292.0619574013833,1601.069798212313,-0.0040000000000000036,0.1047975772103291,0.33684615384615385,0.814
10,18,10751340710286067403,2000,-1.284,-1.462,-1.373,6.423369684842424,6.706697348674345,6.081596798399198,289.30981156177893,1609.8933309364236,0.17799999999999994,1.0840898136596473,0.36253846153846153,0.8074615384615385
10,19,7517151389518119365,2000,3.904,3.93,3.917,0.3238239119559777,0.37497148574287154,0.2752376188094045,435.4328095052867,1381.1530594724381,-0.026000000000000245,0.7984226105334609,0.3733076923076923,0.8267692307692308
10,20,9450361109982366133,2000,-0.026,-0.046,-0.036,0.16788394197098547,0.135391695847924,0.19798299149574777,1509.773766887546,1386.6470549909013,0.02,1.311778552043355,0.3636153846153846,0.8117692307692308
10,21,14751511652891065305,2000,1.424,1.536,1.48,3.9076818409204583,3.8781630815407673,3.9626853426713344,266.5411899568289,338.618390566916,-0.1120000000000001,0.6912465059164872,0.4026153846153846,0.809076923076923
10,22,17077058134515537515,2000,-1.342,-1.22,-1.2810000000000001,3.534325162581289,3.6488604302151053,3.521360680340174,682.5746364115705,754.8919663288531,-0.12200000000000011,1.2193629021306969,0.3559230769230769,0.811923076923077
10,23,7482145831305178330,2000,0.568,0.44,0.504,1.6886523261630801,1.9503511755877931,1.567183591795899,972.0183709844596,585.1633884964771,0.12799999999999995,1.8701193847252386,0.4123846153846154,0.805923076923077
10,24,18425679798251629243,2000,-2.132,-2.134,-2.133,3.98198899449725,3.9845682841420658,4.000044022011005,1938.2970293196288,2000.0,0.0019999999999997797,0.03140476874215889,0.34115384615384614,0.8304615384615385
10,25,297087047967807337,2000,0.794,0.93,0.8620000000000001,3.1203121560780405,2.979053526763383,3.112656328164085,355.9021152069736,272.848352716768,-0.136,0.9670366065917866,0.37546153846153846,0.813923076923077
10,26,14816747089617728732,2000,0.206,0.138,0.172,1.0061910955477755,0.9100190095047518,1.045478739369684,904.9164432587238,1485.7670744076963,0.06799999999999998,1.644748874397724,0.38876923076923076,0.8151538461538461
10,27,1153242348985868668,2000,0.532,0.51,0.521,1.8446803401700853,1.8619069534767372,1.780790395197597,1082.0356343431192,1003.6212746396184,0.02200000000000002,0.37212794681558875,0.3763076923076923,0.8166923076923077
10,28,8135145705348222652,2000,-0.146,-0.202,-0.174,0.7267953976988492,0.6590135067533763,0.7995957978989496,313.51772875634066,291.1263287726719,0.05600000000000002,0.8042327760464474,0.35015384615384615,0.8183076923076923
10,29,14111893133706131333,2000,-3.234,-3.036,-3.135,2.6016988494247117,2.4784832416208102,2.928168084042018,334.9918884896765,150.5809311463774,-0.19799999999999995,1.208475826959499,0.33153846153846156,0.8156923076923077
10,30,14875369294518370305,2000,0.148,0.224,0.186,0.717470735367683,0.570381190595297,0.8462471235617806,773.1104416288331,594.7612764325955,-0.07600000000000001,1.635028981774106,0.34523076923076923,0.8165384615384615
10,31,2453174077733046488,2000,0.18,0.204,0.192,0.7440840420210099,0.687943971985993,0.7747713856928464,569.2731583897574,676.7428677168782,-0.023999999999999994,0.4947335182801081,0.3483846153846154,0.8204615384615385
10,32,16698046077426088632,2000,2.196,2.102,2.149,3.953558779389693,3.9635657828914463,3.991591795897954,538.9929563828734,611.0779271386058,0.0940000000000003,0.7977080086716448,0.36646153846153845,0.8206923076923077
10,33,9380356174447448181,2000,-0.986,-0.896,-0.9410000000000001,2.9774387193596823,3.0853466733366672,2.7985832916458255,334.5994219933243,797.3794374550574,-0.08999999999999997,0.7976560243721899,0.3639230769230769,0.8163846153846154
10,34,18354170053100847812,2000,-0.392,-0.216,-0.304,1.0970605302651328,1.4150435217608806,0.8177528764382185,210.76574325635028,260.33303099422625,-0.17600000000000002,1.7729003643051016,0.33976923076923077,0.8253076923076923
10,35,7817470823387401876,2000,3.112,3.582,3.347,2.1346173086543265,2.7648384192096054,1.4980250125062515,302.639172123217,376.68316638674787,-0.46999999999999975,4.104429086509272,0.3323846153846154,0.8167692307692308
10,36,1747260535563750440,2000,2.812,2.904,2.8579999999999997,3.3654507253626815,3.3583351675837956,3.184376188094043,558.4332271291812,676.0975093275307,-0.09200000000000008,0.888410530593136,0.36653846153846154,0.8178461538461539
10,37,15481420507493215754,2000,0.0,0.002,0.001,0.004000000000000007,0.0,0.008000000000000014,2000.0,2000.0,-0.002,0.9999999999999991,0.36346153846153845,0.8185384615384615
10,38,12507356852338730488,2000,-3.22,-3.264,-3.242,2.4962801400700343,2.5128564282141084,2.403505752876437,1757.8697496624338,1818.049370967314,0.043999999999999595,0.8388162051004864,0.33992307692307694,0.8145384615384615
10,39,12113520546149976284,2000,1.034,0.988,1.0110000000000001,4.205044522261131,4.445066533266634,4.225968984492248,228.36804054376105,426.4859205966187,0.04600000000000004,0.26839935805777726,0.3316153846153846,0.8165384615384615
10,40,3504508621557285353,2000,1.622,1.572,1.597,3.892696348174086,3.875053526763385,3.85074137068534,1745.172300932159,1887.477235367446,0.050000000000000044,0.7660108375408334,0.32569230769230767,0.8153846153846154
10,41,7010569223075861920,2000,-0.726,-0.808,-0.767,2.6099429714857436,2.4101290645322635,2.644458229114555,867.4990474477183,1619.9026132544868,0.08200000000000007,1.234692007217158,0.36007692307692307,0.818076923076923
10,42,1976034232259697289,2000,-0.016,-0.124,-0.07,1.707021510755377,1.7126003001500725,1.6814647323661855,402.3457300626935,367.7212746465133,0.108,1.1493785225575268,0.37123076923076925,0.8183076923076923
10,43,2415816275599760267,2000,0.228,0.22,0.224,0.8243801900950473,0.876454227113556,0.8320160080040025,1910.8045402888058,2000.0,0.008000000000000007,0.270497073107808,0.3647692307692308,0.8127692307692308
10,44,5537018735364814885,2000,0.056,0.084,0.07,0.47184392196098046,0.36504652326163095,0.5852366183091543,1030.28925718785,1176.7248845448016,-0.028000000000000004,0.9594566555679404,0.38269230769230766,0.7992307692307692
10,45,13858706792293371442,2000,-0.206,-0.14,-0.173,0.83423911955978,0.8780030015007501,0.7487743871935958,1622.9042099821438,675.6194366792881,-0.06599999999999998,1.6251595292099286,0.40515384615384614,0.804076923076923
10,46,5461427310612583797,2000,-0.022,0.068,0.023000000000000003,0.5522261130565281,0.503767883941971,0.6196858429214609,2000.0,1232.5073290662551,-0.09,3.276154342877965,0.355,0.8206153846153846
10,47,16408555139613371684,2000,0.014,0.028,0.021,0.08394397198599308,0.05583191595797911,0.11127163581790887,1562.878876438968,1292.6257569489765,-0.014,1.2685113476237337,0.3156923076923077,0.8177692307692308
10,48,457868482968312239,2000,-0.83,-0.868,-0.849,2.7486523261630817,2.6484242121060526,2.735943971985992,2000.0,1796.5322694216093,0.038000000000000034,0.7121657792270211,0.362,0.8241538461538461
10,49,6105609199563585269,2000,-0.074,-0.05,-0.062,0.6160200100050023,0.5467973986993505,0.6618309154577288,1716.9994767167182,2000.0,-0.023999999999999994,0.9418092819322396,0.33084615384615385,0.817076923076923
10,50,2623738666722758895,2000,-0.136,-0.118,-0.127,0.5080920460230116,0.525766883441721,0.474313156578289,196.34054790992812,756.3590303621182,-0.018000000000000016,0.31310589561563107,0.34484615384615386,0.8088461538461539
10,51,11289137133826556989,2000,-0.058,-0.022,-0.04,0.2234637318659333,0.2927823911955975,0.16759979989995005,400.16657899957727,2000.0,-0.036000000000000004,1.2606760928424603,0.36615384615384616,0.8061538461538461
10,52,15662528923520653323,2000,0.024,0.036,0.03,2.481168584292145,2.352600300150073,2.5919999999999987,676.6951608845955,1010.3384367636664,-0.011999999999999997,0.15437892694166155,0.3749230769230769,0.8027692307692308
10,53,6848500593856998296,2000,0.12,0.104,0.11199999999999999,0.6481960980490241,0.6579289644822414,0.5654667333666828,1688.0721887026552,1715.3424964594863,0.016,0.59653172057586,0.3853076923076923,0.8038461538461539
10,54,6097000619954035212,2000,-0.214,-0.206,-0.21,0.9364362181090544,0.9866973486743371,0.8780030015007497,670.2787389658953,1055.2617456147761,-0.008000000000000007,0.1666632634488758,0.3723076923076923,0.8091538461538461
10,55,2654528486242212329,2000,2.872,3.268,3.07,2.9070455227613796,3.2412366183091503,2.393372686343172,253.44772954140004,391.64965866511494,-0.3959999999999999,2.880507825278936,0.39915384615384614,0.8092307692307692
10,56,5021310630283581280,2000,0.29,0.18,0.235,2.263081540770385,2.4531265632816446,2.2247123561780877,749.5835124889002,762.561377685999,0.10999999999999999,1.3981210765895469,0.3696153846153846,0.8146923076923077
10,57,15274406878868313586,2000,0.2,0.176,0.188,0.7200720360180084,0.760380190095047,0.7053766883441723,1653.2521209484548,2000.0,0.02400000000000002,0.8419144046542829,0.31353846153846154,0.827
10,58,51079883501275139,2000,0.0,0.0,0.0,0.0,0.0,0.0,2000.0,2000.0,0.0,0.0,0.31184615384615383,0.8222307692307692
10,59,8728432297242731184,2000,2.59,2.604,2.597,3.7417728864432216,3.717758879439722,3.685026513256624,431.9270718240036,219.40263408493024,-0.014000000000000234,0.08783844863201253,0.38253846153846155,0.8074615384615385
10,60,12013174057215544576,2000,-0.438,-0.6,-0.519,1.7597578789394697,1.5769444722361192,2.057028514257129,804.7555085127369,557.1181599926185,0.16199999999999998,2.154872998815251,0.34723076923076923,0.826076923076923
10,61,15158818011607414760,2000,0.006,0.002,0.004,0.0240040020010005,0.02397598799399699,0.02400800400200102,2000.0,2000.0,0.004,0.8166327658308377,0.35223076923076924,0.8154615384615385
10,62,10179614416575411168,2000,-3.442,-3.6,-3.521,1.6963661830915477,1.9215967983991977,1.4407203601800886,245.47928261811637,910.5164651727556,0.15799999999999992,1.6287577962583704,0.312,0.8106923076923077
10,63,13856460115661181877,2000,0.814,0.736,0.7749999999999999,2.4581870935467705,2.594701350675337,2.4035057528764376,212.37333627542455,426.01630356766583,0.07799999999999996,0.5836607156430506,0.39276923076923076,0.8078461538461539
10,64,16434294127858305467,2000,-2.052,-1.904,-1.978,4.119107553776887,4.14336768384192,4.024796398199095,881.7183957798892,258.12945995683145,-0.14800000000000013,1.03897753095987,0.32553846153846155,0.8313076923076923
10,65,1697807218165517287,2000,0.366,0.414,0.39,2.0078519259629815,1.906997498749374,1.9495787893946983,846.0700182505307,1096.8621199952206,-0.04799999999999999,0.7559887362614054,0.36215384615384616,0.8098461538461539
10,66,6214512054286346103,2000,-0.698,-0.704,-0.701,2.3811725862931477,2.305948974487244,2.353560780390197,2000.0,1715.7754244345474,0.006000000000000005,0.11941172416644391,0.35,0.8222307692307692
10,67,11497487908715655894,2000,0.094,0.066,0.08,0.34377988994497255,0.38335567783891955,0.30779789894947474,834.1698130036438,1069.5442907085019,0.027999999999999997,1.0242267369994957,0.38669230769230767,0.821076923076923
10,68,7105424553000379600,2000,3.046,2.988,3.017,2.90777188594297,3.0354017008504233,3.1214167083541806,600.316073550701,308.8728217095245,0.05799999999999983,0.47102862630701287,0.3686153846153846,0.8165384615384615
10,69,12052195758169118795,2000,0.488,0.478,0.483,1.6687843921960992,1.71471335667834,1.6843581790895443,1148.873355256987,1256.7900638636634,0.010000000000000009,0.187887499408487,0.3476923076923077,0.8126153846153846
10,70,153163445819879642,2000,0.128,0.14,0.134,0.5522041020510259,0.5438879439719863,0.6047023511755873,2000.0,1522.8285709246595,-0.01200000000000001,0.4639344886483714,0.32776923076923076,0.812
10,71,2677980987164355441,2000,2.758,2.93,2.8440000000000003,3.19480540270135,3.4591655827913934,3.152676338169084,264.26174584490406,258.6990118561414,-0.17200000000000015,1.081855591806336,0.3713076923076923,0.8173846153846154
10,72,12416971113143006635,2000,-1.006,-0.6,-0.8029999999999999,2.77897148574287,3.1895587793896913,2.169084542271137,357.84668181222236,568.4440156059815,-0.406,3.598557336483691,0.3466153846153846,0.8075384615384615
10,73,1989230661380900263,2000,-0.42,-0.442,-0.431,1.6525842921460734,1.536368184092047,1.6214467233616798,1939.4991454381814,2000.0,0.02200000000000002,0.5495073410746775,0.3383076923076923,0.8246923076923077
10,74,16641682984801470090,2000,-0.304,-0.182,-0.243,0.9490325162581278,1.1401540770385183,0.7272396198099049,136.80062925523325,160.90919259079263,-0.122,1.0760709512352842,0.3403076923076923,0.8184615384615385
10,75,14113453273328105468,2000,2.664,2.674,2.669,3.581740870435216,3.560884442221111,3.579513756878436,1102.4620532436247,1101.6037141947272,-0.009999999999999787,0.12423266663599215,0.3425384615384615,0.8201538461538461
10,76,8659636715773050046,2000,3.624,3.532,3.5780000000000003,1.484510255127564,1.3633056528264125,1.6538029014507254,646.2661646789452,344.4400993008804,0.09200000000000008,1.1066732821100724,0.34723076923076923,0.817923076923077
10,77,8817555540348377075,2000,0.092,0.058,0.075,0.29957178589294686,0.359715857928964,0.2287503751875936,413.32157641815564,217.1313352836357,0.033999999999999996,0.7751702192518897,0.3426153846153846,0.8092307692307692
10,78,659465307151474524,2000,-3.994,-3.998,-3.9960000000000004,0.016000000000000004,0.023975987993996986,0.008000000000000009,2000.0,2000.0,0.0040000000000000036,1.0003753988745143,0.34384615384615386,0.8222307692307692
10,79,11486597200431428348,2000,-0.828,-0.39,-0.609,2.1891725862931475,2.755793896948476,1.5846923461730864,264.84487680292625,185.6213913096122,-0.43799999999999994,3.182401549822275,0.3454615384615385,0.8182307692307692
10,80,15800524687191178640,2000,-0.018,-0.022,-0.019999999999999997,0.08003201600800396,0.07171185592796418,0.08755977988994502,1647.2001389534666,1706.8380281390703,0.004,0.4107481689851775,0.35484615384615387,0.811
10,81,8235109950508561231,2000,-0.12,-0.1,-0.11,0.43201600800400186,0.4658329164582293,0.3901950975487744,230.03134275856468,193.69738508530168,-0.01999999999999999,0.31467623403866135,0.3627692307692308,0.8188461538461539
10,82,5235681956546963045,2000,1.496,1.498,1.4969999999999999,3.6778369184592306,3.795881940970481,3.7498709354677335,1794.8158339748288,1445.0060602801495,-0.0020000000000000018,0.029142105573957213,0.3336153846153846,0.8181538461538461
10,83,5854144076131928852,2000,-0.706,-0.964,-0.835,2.748092046023013,2.4067673836918444,2.97619209604802,387.7278681536092,358.69104767963387,0.258,2.1422238784765417,0.3415384615384615,0.8047692307692308
10,84,5180160321213788104,2000,-2.374,-2.296,-2.335,3.9709434717358674,3.8620550275137586,3.9143411705852906,273.9632152947493,394.76183443668634,-0.07800000000000029,0.5033548092444003,0.3610769230769231,0.8151538461538461
10,85,4714831870265815172,2000,0.838,0.938,0.8879999999999999,2.748374187093546,2.7151135567783884,3.0176648324162083,254.11948380205413,213.256407071543,-0.09999999999999998,0.63455552961044,0.3706923076923077,0.8105384615384615
10,86,7641009240727900616,2000,-0.762,-0.74,-0.751,2.4049604802401188,2.4685902951475773,2.4136068034017,1223.4189166835324,1589.009356343191,-0.02200000000000002,0.36993247366426324,0.36146153846153845,0.814
10,87,14555632113742878286,2000,-0.108,-0.092,-0.1,0.39206803401700846,0.42054627313656834,0.3597158579289643,1284.0293310598715,1486.4864417896624,-0.016,0.670453643227008,0.35953846153846153,0.817923076923077
10,88,10406831380791934240,2000,-0.004,-0.01,-0.007,0.03600000000000002,0.032000000000000015,0.039919959979990004,2000.0,2000.0,0.006,1.000556297328296,0.3403846153846154,0.8072307692307692
10,89,4491193382766143946,2000,-0.034,-0.02,-0.027000000000000003,0.11595997998999513,0.15091945972986504,0.07963981990995508,1361.5035423967433,2000.0,-0.014000000000000002,1.140560080099756,0.35407692307692307,0.8218461538461539
10,90,17518190884667323760,2000,-0.134,-0.078,-0.10600000000000001,0.5186913456728361,0.5503191595797899,0.4821570785392698,679.5571978988244,516.5607899768594,-0.05600000000000001,1.3412572532942415,0.3395384615384615,0.8255384615384616
10,91,10245768155831407451,2000,0.042,0.062,0.052000000000000005,0.19989994997498747,0.16631915957978993,0.2442781390695351,2000.0,1463.5090494066228,-0.019999999999999997,1.2647284350298988,0.3733076923076923,0.8094615384615385
10,92,8827638354316591100,2000,0.016,-0.016,0.0,0.3116438219109557,0.30389594797398706,0.3199039519759879,1525.5603686031536,1216.3205087316476,0.032,1.4884326004324075,0.36546153846153845,0.8104615384615385
10,93,4892802457695628207,2000,-1.636,-1.176,-1.406,3.5519759879939956,3.8854467233616754,3.3226853426713374,375.0444789642766,393.34742478948095,-0.45999999999999996,3.3542556885035544,0.3505384615384615,0.8247692307692308
10,94,638706263246452860,2000,0.094,0.104,0.099,0.6202601300650334,0.5914597298649327,0.6775227613806896,1724.8096847495938,1925.0728042667076,-0.009999999999999995,0.37935993988625066,0.37246153846153846,0.8288461538461539
10,95,9573496299466890953,2000,-0.48,-0.142,-0.311,1.5396478239119575,2.1226613306653346,0.9643181590795398,266.2051908004699,453.4249549347642,-0.33799999999999997,3.3631388833122804,0.3666153846153846,0.8118461538461539
10,96,5178349254398142721,2000,0.018,0.042,0.03,0.19981190595297668,0.18376788394197108,0.21434317158579297,912.7203670392456,793.8159339173444,-0.024000000000000004,1.1054427046259991,0.326,0.8256153846153846
10,97,4908913092679741653,2000,-0.774,-0.58,-0.677,2.26631515757879,2.4981730865432694,1.984592296148073,485.5843887284493,634.3570137992131,-0.19400000000000006,2.132874994347282,0.3740769230769231,0.811076923076923
10,98,7154769375740732454,2000,1.942,2.144,2.043,3.953574787393696,3.9986353176588336,3.9812546273136578,182.97861990314624,273.31176707028993,-0.20200000000000018,1.0584807947286474,0.3546923076923077,0.8156923076923077
10,99,6030835832779722307,2000,-3.932,-3.91,-3.9210000000000003,0.31591595797898964,0.26750975487743855,0.3520760380190096,1155.0451665790313,1156.7416110758015,-0.021999999999999797,0.9502819464807108,0.34176923076923077,0.8062307692307692
10,100,7692638135129018998,2000,-2.386,-2.42,-2.403,3.9333886943471703,3.852930465232615,3.8415207603801877,224.21390021590958,256.0429428747379,0.03399999999999981,0.18951109498534294,0.311,0.8113076923076923
10,101,7607838771755358146,2000,0.014,0.01,0.012,0.07202801400700352,0.07183991995998011,0.071935967983992,2000.0,1639.682599410036,0.004,0.4477965416665784,0.34515384615384614,0.8103076923076923
10,102,6704439655003822312,2000,-0.062,-0.046,-0.054,0.21597998999499743,0.24427813906953516,0.1819749874937467,1934.1834806838785,1878.482922303234,-0.016,1.07103443462996,0.37123076923076925,0.8227692307692308
10,103,8937520234727185521,2000,1.116,1.232,1.174,3.3149294647323675,3.2201540770385173,3.427889944972483,1141.6048768631265,1127.8845921281602,-0.11599999999999988,1.5153438135116886,0.32653846153846156,0.8232307692307692
10,104,12751789832742854767,2000,-0.292,-0.304,-0.298,1.144500250125064,1.1152936468234118,1.140154077038519,1771.3335529819801,2000.0,0.01200000000000001,0.34645172897156035,0.34184615384615386,0.8243076923076923
10,105,10802743672266618877,2000,0.082,0.114,0.098,1.4802281140570293,1.4580050025012514,1.5637858929464732,950.3271228773277,460.31211310211404,-0.032,0.45568313472155986,0.3821538461538462,0.812076923076923
10,106,9404981646213314904,2000,0.03,0.034,0.032,0.27212806403201606,0.29524762381190617,0.2469674837418711,1469.2754147055919,1785.2909023052666,-0.0040000000000000036,0.2171597580516865,0.36338461538461536,0.8225384615384616
10,107,7847914320063163855,2000,3.652,3.634,3.643,1.2764762381190615,1.287539769884944,1.3467173586793386,739.7401328809758,516.3696622082737,0.018000000000000238,0.2729598893873403,0.3346923076923077,0.8213076923076923
10,108,1878172817723025543,2000,-0.616,-0.786,-0.7010000000000001,2.510805402701351,2.26167483741871,2.7195637818909435,2000.0,1979.7594590989906,0.17000000000000004,3.396929637416432,0.3986153846153846,0.8006153846153846
10,109,6638061034704225801,2000,-0.274,-0.332,-0.30300000000000005,1.0988674337168598,1.0214347173586793,1.2183851925962998,367.46770516399187,205.9222108834124,0.057999999999999996,0.6219545376604794,0.34084615384615385,0.8134615384615385
10,110,14851402751252615361,2000,-3.138,-2.962,-3.05,2.8739489744872455,2.706309154577287,3.0921020510255106,1539.3690494721445,1006.4374329808816,-0.1759999999999997,2.5323379082360966,0.3966153846153846,0.822
10,111,4411094197235889362,2000,3.18,2.908,3.044,2.9084622311155566,2.6089044522261147,3.1771245622811426,1186.6609047747795,636.7091183737227,0.27200000000000024,3.2081269775205827,0.32792307692307693,0.816076923076923
10,112,17276520031839147214,2000,-3.854,-3.836,-3.8449999999999998,0.5881320660330173,0.5629654827413701,0.6294187093546774,1277.4502046330538,941.1631899991453,-0.018000000000000238,0.5404013085530575,0.3423846153846154,0.8098461538461539
10,113,13046469466444050726,2000,-0.112,-0.134,-0.123,0.484,0.45168184092046004,0.5183031515757881,2000.0,2000.0,0.022000000000000006,0.998976268147455,0.3496153846153846,0.808923076923077
10,114,8446548492737295823,2000,0.202,-0.236,-0.016999999999999987,5.198677338669334,5.441916958479239,4.714661330665338,1014.3454288203195,837.9383897248666,0.438,4.177789041432681,0.34507692307692306,0.8164615384615385
10,115,17919990119611899669,2000,1.848,2.356,2.102,4.0009684842421205,3.994893446723365,3.8752016008003993,301.91565626659,174.0066307452785,-0.5079999999999998,2.696098830767204,0.3141538461538462,0.8096923076923077
10,116,4066406198179885211,2000,0.292,0.204,0.248,1.2047303651825918,1.3554137068534267,1.0148914457228613,243.15225558099394,670.942812811243,0.088,1.0453270343491778,0.33253846153846156,0.8086153846153846
10,117,16131149170200611777,2000,-0.584,-0.71,-0.647,4.214169084542272,4.108998499249626,4.258029014507249,286.67009947681777,237.76880245258639,0.126,0.7017150310526351,0.3353846153846154,0.8084615384615385
10,118,1279257435923969748,2000,-0.008,-0.012,-0.01,0.06402401200600294,0.07997598799399692,0.04787993996998503,2000.0,503.4162371176379,0.004,0.34414025165835815,0.4016923076923077,0.8175384615384615
10,119,10215667878752018527,2000,0.268,0.26,0.264,0.9844602301150571,1.0006763381690853,0.9728864432216103,922.7798345791181,650.7725749285274,0.008000000000000007,0.15751857451533258,0.35092307692307695,0.8102307692307692
10,120,13438088225402125712,2000,-1.38,-1.742,-1.561,3.7323441720860404,3.6174087043521768,3.9354037018509254,491.295524938578,257.06472511217964,0.3620000000000001,2.4041616509328723,0.3433846153846154,0.813076923076923
10,121,7293610706685228942,2000,0.11,0.184,0.147,3.859191595797897,4.0459229614807395,3.2637758879439676,524.6653158406423,368.1834354004399,-0.074,0.5747674935675593,0.344,0.818923076923077
10,122,14236236029862229918,2000,0.71,0.602,0.6559999999999999,2.3553456728364166,2.4651325662831396,2.078635317658828,647.1269215397101,763.7039604292452,0.10799999999999998,1.3363787470984843,0.3806923076923077,0.8177692307692308
10,123,17842943239071605908,2000,0.272,0.23,0.251,0.9315837918959476,1.0305312656328165,0.867533766883442,1947.1480101076515,1950.1890981708002,0.04200000000000001,1.3456993796933916,0.3392307692307692,0.8245384615384616
10,124,17857209835966212337,2000,-1.494,-1.316,-1.405,4.16624112056028,4.049988994497246,4.142215107553774,191.69404134486524,364.05437881406226,-0.17799999999999994,0.9872847587926971,0.35292307692307695,0.8241538461538461
10,125,14160741921235969231,2000,0.108,0.13,0.119,0.4519839919959981,0.42054627313656817,0.503351675837919,723.2119131895349,879.3767279791913,-0.022000000000000006,0.6476490534354999,0.30638461538461537,0.8204615384615385
10,126,7996221435323451099,2000,-0.002,0.0,-0.001,0.004000000000000002,0.008000000000000004,0.0,2000.0,2000.0,-0.002,0.9999999999999998,0.32346153846153847,0.8043846153846154
10,127,12544436315394769671,2000,0.002,-0.004,-0.001,0.011987993996998498,0.008000000000000007,0.015991995997999,2000.0,2000.0,0.006,1.7323396993743334,0.33584615384615385,0.8133846153846154
10,128,17857106405907201725,2000,2.028,2.004,2.016,3.969696848424215,4.001216608304151,4.001984992496247,1425.6845806093231,1540.8781666213104,0.02400000000000002,0.3264857858949032,0.36915384615384617,0.8138461538461539
12,1,13662626704092478131,2000,-1.516,-1.34,-1.428,3.754389194597301,3.84766783391696,3.5821910955477754,162.1451107569688,136.67621791817405,-0.17599999999999993,0.7875756854966988,0.29928,0.76912
12,2,17189247909633678775,2000,2.42,2.336,2.378,3.9264352176088035,3.825512756378187,3.8890485242621344,1970.448630070275,1974.5529231939995,0.08400000000000007,1.3431789792151054,0.22776,0.7874
12,3,16749957393162479750,2000,-1.108,-1.12,-1.114,4.754305152576283,4.7747233616808415,4.411805902951475,1100.1930382856706,1001.8320877075633,0.01200000000000001,0.12833208915037242,0.27036,0.77504
12,4,12052173748391073294,2000,0.07,0.012,0.041,0.15439519759879922,0.2752376188094044,0.04787993996998507,385.08687726528206,1505.666637553394,0.05800000000000001,2.122760662368805,0.28316,0.7746
12,5,16571017521569471536,2000,-0.128,-0.05,-0.089,0.43317458729364733,0.5598959479739875,0.2936468234117055,406.0062175041749,749.4533905743876,-0.078,1.8535487350888842,0.24596,0.78288
12,6,418895238407515706,2000,-0.002,-0.012,-0.007,0.38814407203601853,0.37618409204602254,0.44808004002000956,1843.1718760666913,1601.546080438967,0.01,0.45460382422963025,0.26504,0.78984
12,7,7622264114544431973,2000,-0.388,-1.49,-0.9390000000000001,2.6221090545272623,1.4021570785392676,3.7417708854427203,113.30726942306441,132.31314809858242,1.1019999999999999,5.4654683892687155,0.28348,0.7728
12,8,15872111177308283197,2000,-1.374,-0.898,-1.1360000000000001,3.648536268134068,3.946097048524262,3.2512216108053975,247.45795784239178,314.75179819088135,-0.4760000000000001,2.936481174051871,0.27312,0.78332
12,9,7804177220945066085,2000,1.778,1.858,1.818,4.054827413706855,4.160796398199099,4.1419069534767425,2000.0,2000.0,-0.08000000000000007,1.241638653620174,0.27664,0.7612
12,10,13773186812076140959,2000,0.778,0.28,0.529,1.8008984492246118,2.539985992996498,1.1221610805402706,129.11522352715272,194.30419832888109,0.498,3.1218108950972843,0.29208,0.7714
12,11,15512375545327536580,2000,1.052,0.966,1.009,2.937770885442724,3.1028474237118564,2.9323101550775363,193.77648195568432,213.638270897273,0.08600000000000008,0.49870290538209316,0.26916,0.77444
12,12,2957609836892744732,2000,-3.946,-4.06,-4.003,1.8384212106053013,1.942055027513756,1.5331665832916468,1811.347093989941,2000.0,0.11399999999999944,2.6585462939734064,0.28708,0.77672
12,13,6627935800459869467,2000,0.828,0.584,0.706,2.427445722861431,2.707769884942474,2.1240060030015004,1455.844006673155,610.5133636831126,0.244,3.3393401518494263,0.2868,0.77088
12,14,16535957211350773035,2000,0.01,0.012,0.011,0.10805202601300652,0.10395197598799401,0.11191195597798896,2000.0,2000.0,-0.002,0.19251073483125375,0.26208,0.78404
12,15,7877163024185045754,2000,-0.434,-0.416,-0.425,1.58062831415708,1.6284582291145573,1.5397138569284665,588.8477722869119,974.5022929942518,-0.018000000000000016,0.2730565760598707,0.26984,0.77224
12,16,16028085354706000936,2000,-1.396,-1.16,-1.278,3.4538789394697367,3.685026513256624,3.296048024012004,297.6874145846253,227.8359293609033,-0.236,1.4403743862569738,0.2412,0.78424
12,17,4477700991258611071,2000,0.012,-0.024,-0.006,0.08739569784892445,0.04787993996998505,0.12748774387193604,1505.6666375534091,1025.5456678164344,0.036000000000000004,2.8812732419680303,0.2662,0.78088
12,18,11511481360887022883,2000,-3.216,-3.248,-3.232,2.3926843421710844,2.522605302651325,2.4437178589294675,442.47574908079895,404.2660427328849,0.03200000000000003,0.29526098540214896,0.25912,0.78108
12,19,9301593777760362479,2000,3.248,3.194,3.221,2.6198519259629847,2.4597258629314687,2.623675837918958,842.9278345900648,894.1136824896456,0.05400000000000027,0.7058696052067956,0.28768,0.7782
12,20,14216839614351271547,2000,0.002,0.006,0.004,0.015999999999999993,0.008000000000000014,0.023975987993996997,2000.0,2000.0,-0.004,1.000375398874513,0.22808,0.78148
12,21,4916429659385338579,2000,0.128,0.03,0.079,1.0317138569284638,0.9440880440220114,1.0636318159079547,858.5794353687219,1091.3209597937312,0.098,2.151783452768031,0.22012,0.7746
12,22,2240749354988150936,2000,1.626,1.262,1.444,4.407955977988996,4.438343171585794,4.209460730365187,351.10528629125025,300.5360151672355,0.3639999999999999,2.2298342033680103,0.265,0.77748
12,23,14022420472194434129,2000,-0.002,-0.004,-0.003,0.012004002001000507,0.008000000000000007,0.01599199599799901,2000.0,2000.0,0.002,0.5774465664581111,0.23952,0.76836
12,24,1593408091221081467,2000,-2.244,-1.9,-2.072,4.687175587793896,4.886907453726865,4.984492246123065,451.93700794657474,481.63908101871203,-0.3440000000000003,2.3647069680264097,0.28436,0.78164
12,25,8248639304365935923,2000,0.006,0.012,0.009000000000000001,0.07602001000500258,0.08800800400200101,0.06388794397198601,2000.0,2000.0,-0.006,0.6884828934016098,0.25884,0.78304
12,26,8977800824338286119,2000,1.168,1.084,1.126,3.094019009504752,3.30943071535768,3.1625252626313163,604.0207277138516,353.49679905381726,0.08399999999999985,0.6993833054910032,0.30236,0.76924
12,27,14565403608000525840,2000,0.418,0.83,0.624,2.0601580790395184,1.498025012506251,2.6324162081040514,131.84501707162633,161.32766085714113,-0.412,2.47639723297294,0.2232,0.78024
12,28,7876068002628636988,2000,0.072,0.028,0.049999999999999996,0.4152396198099049,0.5550935467733865,0.30336768384192103,219.2841640598127,657.8319236484588,0.044,0.8043254703978252,0.26976,0.77496
12,29,9784529612988394688,2000,-1.486,-1.434,-1.46,3.480388194097047,3.8017048524262114,3.6974927463731815,1375.3328468119876,1206.528839632237,-0.052000000000000046,0.6811058313373682,0.28968,0.77692
12,30,12539224596576745766,2000,3.356,3.224,3.29,2.288432216108054,2.1623451725862948,2.5030755377688814,296.8664153107251,215.48272393954858,0.13199999999999967,0.960157940395689,0.27748,0.773
12,31,10752512707569418867,2000,-0.374,-0.27,-0.322,1.1071455727863933,1.3568024012005997,1.0076038019009506,211.3827171879113,125.68413521396339,-0.10399999999999998,0.8655957424497059,0.24048,0.77644
12,32,17991147275531567703,2000,-1.506,-1.382,-1.444,3.6341290645322677,3.757842921460726,3.635893946973486,719.8609119712031,798.5866481003414,-0.12400000000000011,1.254308882677232,0.28328,0.7826
12,33,3070932310462720366,2000,0.048,0.036,0.041999999999999996,0.24805202601300613,0.2538229114557279,0.23882341170585306,1669.8316519875282,2000.0,0.012000000000000004,0.7283881739269026,0.2434,0.77616
12,34,278156940466284842,2000,0.044,0.038,0.040999999999999995,0.17206803401700882,0.19015907953977002,0.15063131565782872,1470.876484636148,1053.2688061258725,0.005999999999999998,0.3636056417573465,0.28828,0.7878
12,35,15115434819950584760,2000,-0.32,-0.336,-0.328,2.0088764382191093,1.9145572786393208,2.0801440720360214,1854.5395903886472,1475.5982132207102,0.016000000000000014,0.32377401705435804,0.29324,0.7666
12,36,9181853225294640835,2000,-0.016,0.0,-0.008,0.5441440720360176,0.6240560280140068,0.496248124062031,1015.3185376996223,837.8378378378382,-0.016,0.46055099140920136,0.27388,0.78408
12,37,13995345650383039462,2000,-1.85,-1.94,-1.895,4.049974987493749,3.995497748874442,3.998399199599796,1014.3139934882984,1317.33830680955,0.08999999999999986,1.0776840434835098,0.24392,0.78548
12,38,10993278057685691857,2000,-2.854,-3.044,-2.949,3.107503751875936,3.2723201600800373,2.911519759879943,257.8475985570862,194.1983396836872,0.18999999999999995,1.1419412928704904,0.21628,0.77644
12,39,2572003245616862858,2000,-0.006,-0.004,-0.005,0.03601600800400202,0.05599199599799901,0.015991995997999022,934.697881340331,2000.0,-0.002,0.24271443952291616,0.27008,0.7806
12,40,10153005055349684008,2000,1.294,1.526,1.4100000000000001,3.7429594797398735,3.695411705852931,3.9212846423211625,468.88738366198237,1095.4321123975694,-0.23199999999999998,2.1670979484085304,0.22668,0.7848
12,41,15436591996349829084,2000,-2.456,-2.344,-2.4,4.011733866933465,3.906017008504254,4.267797898949474,2000.0,1187.473668077403,-0.1120000000000001,1.503792895512847,0.26972,0.78544
12,42,18299726015495886067,2000,-0.004,0.01,0.003,0.09995197598799409,0.06401600800400202,0.13596798399199597,1600.5606565060302,973.8479894231036,-0.014,1.0446152750837054,0.25592,0.77896
12,43,12570649096124385037,2000,0.09,0.05,0.07,0.27933966983491787,0.3520760380190096,0.19759879939969974,1834.2842264848493,2000.0,0.039999999999999994,2.3458844252417896,0.23516,0.79024
12,44,11070999494471238978,2000,0.024,0.078,0.051000000000000004,0.29068734367183596,0.14349574787393707,0.45014107053526764,2000.0,248.5379895672098,-0.054,1.2444564000851497,0.23744,0.78592
12,45,3865690945780194462,2000,-3.714,-3.704,-3.709,1.0684842421210614,1.062735367683841,1.112940470235117,1609.2024582073323,1228.040023464257,-0.009999999999999787,0.25264409788585535,0.26872,0.78428
12,46,10295206676952758219,2000,0.05,0.038,0.044,0.2640600300150074,0.30965482741370676,0.2146633316658327,1702.9237191964064,2000.0,0.012000000000000004,0.7056762542501934,0.23592,0.78932
12,47,16786730862325825805,2000,0.954,1.192,1.073,3.9296428214107078,3.979873936968484,4.037154577288641,152.0143293481476,323.0734658423515,-0.238,1.2101816375437808,0.26472,0.76636
12,48,2648741114588355943,2000,0.046,0.042,0.044,0.17608004002000993,0.18197498749374677,0.16631915957978993,526.4866091185979,909.6594898000697,0.003999999999999997,0.17399907447753438,0.27928,0.76624
12,49,229037564891241187,2000,-2.232,-2.126,-2.1790000000000003,4.040402201100551,3.9481500750375154,3.9861170585292665,633.6972041747817,764.766875377986,-0.10600000000000032,0.9909337853017988,0.25768,0.78016
12,50,4351036946410113401,2000,0.524,0.574,0.5489999999999999,1.9317158579289637,1.8223351675837913,1.9675077538769392,849.366190539283,1432.3203714857468,-0.04999999999999993,0.8428487051701485,0.24004,0.77696
12,51,1093332565401434451,2000,-3.58,-3.7,-3.64,1.29744872436218,1.504352176088045,1.1105552776388203,551.8936787619093,994.7751897690388,0.1200000000000001,1.9359399850078929,0.25476,0.79024
12,52,15654615883467242612,2000,-1.166,-0.93,-1.048,5.046675337668836,5.339113556778391,4.6494247123561765,654.3055962980593,208.12951064932088,-0.23599999999999988,1.351352819856951,0.27796,0.7826
12,53,7381183829841751863,2000,0.064,0.024,0.044,0.22331165582791418,0.30005402701350675,0.14349574787393696,1329.057055857832,2000.0,0.04,2.3190355476935043,0.28152,0.77684
12,54,6535447975700233706,2000,1.158,1.18,1.169,3.301408704352172,3.2926823411705906,3.329264632316162,314.65535544890156,247.35955788679013,-0.02200000000000002,0.14223590073042938,0.26368,0.78956
12,55,8846488916622925377,2000,-0.008,-0.002,-0.005,0.027995997998999527,0.04795997998999496,0.008000000000000007,2000.0,2000.0,-0.006,1.1342988008357167,0.24632,0.76648
12,56,15568797508900534331,2000,0.16,0.122,0.14100000000000001,1.0678119059529767,1.0629314657328655,0.9696008004002002,1924.7715783126946,1988.9270699390554,0.038000000000000006,1.1784789168253016,0.27112,0.78312
12,57,17991784388013189866,2000,3.762,3.702,3.732,1.038719359679841,0.9118119059529762,1.1517718859429715,2000.0,1641.0127154579893,0.06000000000000005,1.7633545400768886,0.21808,0.79332
12,58,8670034425000047820,2000,-0.036,-0.046,-0.040999999999999995,0.15602801400700356,0.14277538769384687,0.18197498749374677,1327.9718152536368,1770.904691378567,0.010000000000000002,0.6896189719971895,0.25856,0.78676
12,59,2499345019776384762,2000,0.078,0.076,0.077,0.4842401200600297,0.4341330665332669,0.4904692346173082,2000.0,1982.0395095340093,0.0020000000000000018,0.09279534909242639,0.27124,0.79348
12,60,14526281088567881532,2000,4.0,4.0,4.0,0.0,0.0,0.0,2000.0,2000.0,0.0,0.0,0.29028,0.78784
12,61,7688588327168589794,2000,-0.01,0.01,0.0,0.09584792396198097,0.13596798399199603,0.055927963981990986,2000.0,2000.0,-0.02,2.0417947900184297,0.25328,0.7816
12,62,13906717277801530547,2000,-0.01,0.0,-0.005,0.03596798399199598,0.05592796398199097,0.016008004002001,2000.0,2000.0,-0.01,1.6674082726510466,0.25972,0.78696
12,63,4671219465811055604,2000,-2.216,-2.262,-2.239,3.620752376188094,3.9553216608304154,3.933322661330669,394.92275779233495,246.9621689386397,0.04599999999999982,0.2855972231798908,0.27568,0.78712
12,64,2841854592840708722,2000,2.092,2.036,2.064,3.840352176088044,3.993532766383192,4.000704352176088,300.3577224824949,284.67823789917094,0.05600000000000005,0.33862151316443884,0.25504,0.78476
12,65,11673899644809382928,2000,-0.134,-0.08,-0.10700000000000001,0.5067953976988491,0.582335167583792,0.4418209104552272,443.7360736108856,320.6245208057452,-0.054000000000000006,1.0410932421659116,0.29964,0.78408
12,66,14347548598164239107,2000,-2.516,-2.55,-2.533,3.813328664332163,3.751619809904954,3.7473736868434204,2000.0,2000.0,0.03399999999999981,0.5552549340073726,0.21648,0.7902
12,67,1426076981811892052,2000,1.378,1.48,1.4289999999999998,3.5365662831415716,3.6149234617308683,3.7314657328664356,221.76257023594525,197.1406570255795,-0.10200000000000009,0.5434394879172981,0.29024,0.78108
12,68,3195905313852022988,2000,2.18,2.068,2.124,4.163809904952475,4.0656328164082005,4.109430715357675,2000.0,1851.6566333225255,0.1120000000000001,1.717568610037576,0.25856,0.78472
12,69,9248096461049804223,2000,-1.286,-1.224,-1.255,4.372264132066032,4.580494247123558,4.151899949974987,362.989271937633,300.33435767663644,-0.062000000000000055,0.3812727126123131,0.26468,0.775
12,70,14232768725855218734,2000,0.014,0.048,0.031,0.12348374187093557,0.05583191595797911,0.1897908954477239,2000.0,680.6757888857802,-0.034,1.941294860962678,0.25504,0.77404
12,71,7955477634329204047,2000,-0.16,-0.196,-0.178,0.7037038519259626,0.6147073536768385,0.7619649824912451,474.2614366169396,490.50843911478995,0.036000000000000004,0.6743944637756233,0.25652,0.78248
12,72,9861232361420958007,2000,-0.79,-0.91,-0.8500000000000001,2.914257128564283,2.6812406203101546,2.989394697348679,1572.6211003042881,375.4331588813235,0.12,1.2204634730018658,0.284,0.76812
12,73,16339580109045262479,2000,-3.796,-3.862,-3.8289999999999997,0.6501470735367685,0.774771385692846,0.533222611305653,317.66314809173895,1063.403677434598,0.06600000000000028,1.2171401969514921,0.28368,0.77728
12,74,9926272549436071943,2000,-1.526,-1.558,-1.542,3.8894327163581757,3.7932206103051547,3.902587293646829,1918.4726668676722,2000.0,0.03200000000000003,0.5105478794481731,0.22744,0.7894
12,75,5606693782613041592,2000,0.002,-0.044,-0.020999999999999998,2.908396198099049,3.0495207603801884,2.6073676838419213,1087.0241390895774,758.8432906980075,0.046,0.5822616393069985,0.29872,0.78532
12,76,13217332408972072777,2000,0.924,0.86,0.892,3.2235637818909466,3.1157818909454766,3.214007003501749,961.2913911868611,792.3347068055746,0.06400000000000006,0.749185407505274,0.24284,0.79428
12,77,14475454094300744669,2000,-0.08,-0.232,-0.156,0.6047503751875938,0.31375687843921923,0.8906213106553273,1555.7037178144028,337.8147852294959,0.15200000000000002,2.853183434094818,0.2662,0.78004
12,78,1001838982438949987,2000,-0.026,-0.022,-0.024,0.11204802401200605,0.11938369184592301,0.10356778389194603,1781.3364298765873,1140.1787396163093,-0.004,0.3183701809109175,0.28536,0.77536
12,79,9887642128924336220,2000,2.07,1.616,1.843,4.070977488744374,4.237218609304649,4.126607303651826,227.04848046098067,522.7673512183219,0.45399999999999974,2.7859603769689008,0.2824,0.76532
12,80,1934928841198103741,2000,-0.354,-0.332,-0.34299999999999997,1.2683921960980495,1.3233456728364181,1.2343931965983002,1093.5109775957626,1210.7491873887702,-0.021999999999999964,0.4659063127886086,0.22212,0.78972
12,81,6000212060743836255,2000,0.0,-0.042,-0.021,0.147191595797899,0.128064032016008,0.1663191595797899,1230.7692307692307,1860.4387146288514,0.042,3.0197090440113152,0.26584,0.78924
12,82,12932370681772667408,2000,0.064,0.074,0.069,0.3481240620310159,0.25203001500750394,0.4347413706853432,552.7375676176683,357.7362130632465,-0.009999999999999995,0.24461478885767146,0.30064,0.77604
12,83,11270409295992141299,2000,3.69,3.662,3.676,1.2242201100550272,1.1604802401200611,1.2543831915957981,1871.4042445332655,2000.0,0.028000000000000025,0.7928151547061334,0.25736,0.78316
12,84,14436666910639914088,2000,-1.314,-1.498,-1.4060000000000001,3.5368404202101034,3.5311695847923956,3.749870935467735,329.67058765806274,201.4029869562892,0.18399999999999994,1.0743904793522836,0.28076,0.78388
12,85,5145179136430490643,2000,0.044,0.026,0.034999999999999996,0.13990795397698838,0.174151075537769,0.103375687843922,1537.4207706832003,2000.0,0.018,1.4014566287592438,0.27264,0.76548
12,86,15904949155337159828,2000,-0.024,-0.044,-0.034,0.16788394197098547,0.111479739869935,0.22217508754377205,2000.0,1509.026788623225,0.019999999999999997,1.4038265374685959,0.2264,0.78
12,87,7014872548178391124,2000,0.0,0.0,0.0,0.0,0.0,0.0,2000.0,2000.0,0.0,0.0,0.28544,0.7734
12,88,1043501165609003473,2000,0.22,0.25,0.235,0.9240120060030022,0.8800400200100056,1.0340170085042522,1933.4953225503632,1407.3191489361707,-0.03,0.8696940648963287,0.29608,0.77884
12,89,18030331871649993962,2000,3.698,3.744,3.721,1.0114477238619315,1.11735467733867,0.9589434717358679,357.0693702712464,249.8035065900259,-0.04600000000000026,0.5510650736333255,0.27512,0.77916
12,90,6630049420468782646,2000,0.742,1.228,0.985,2.9913976988494273,2.418645322661331,3.4057188594297116,247.98050312805705,186.14456687313503,-0.486,2.9018434507895368,0.26624,0.78172
12,91,14807529173427811929,2000,0.028,0.008,0.018000000000000002,0.1358679339669835,0.17530365182591284,0.09598399199599786,664.3350332994079,1716.0856989614742,0.02,1.1183655054207575,0.26948,0.78672
12,92,11827906791133770545,2000,-3.302,-3.344,-3.323,2.1241800900450216,2.305948974487244,2.1947613806903434,559.1163397189852,752.2734345816623,0.041999999999999815,0.5005046313624962,0.25076,0.78144
12,93,1860667276406357732,2000,1.4,1.894,1.6469999999999998,5.244604302151079,6.091045522761377,4.72712756378189,381.793324888056,1227.6255720439585,-0.494,3.5103148153879573,0.24332,0.78328
12,94,11706300358980646838,2000,0.394,0.796,0.595,3.613004502251128,3.4704992496248135,3.768268134067032,331.171352360311,336.7386399453373,-0.402,2.7308452815500566,0.28088,0.7694
12,95,15745820415281382166,2000,0.0,0.0,0.0,0.0,0.0,0.0,2000.0,2000.0,0.0,0.0,0.26152,0.78188
12,96,10330816606301294723,2000,-0.026,-0.022,-0.024,0.09604002001000496,0.10337568784392197,0.08755977988994501,1542.479344311049,2000.0,-0.004,0.38000730945101663,0.26104,0.7816
