order,sample_id,seed,center_row,center_column,center_height
16,1,7802508269138862097,17,9,16
16,2,2165883742455637244,17,9,20
16,3,3441827242646498232,17,9,16
16,4,13928713635307688350,17,9,20
16,5,8743269580758738356,17,9,20
16,6,11778755349118551846,17,9,20
16,7,664372894056379861,17,9,20
16,8,7760622337429315781,17,9,16
16,9,206354136724895339,17,9,12
16,10,6711694549659386584,17,9,16
16,11,4009587547853675733,17,9,20
16,12,8160082381093668803,17,9,20
16,13,8843002692356011766,17,9,16
16,14,8007705376914279271,17,9,16
16,15,11432010757318933123,17,9,16
16,16,14959760794841913126,17,9,16
16,17,12310464245084325254,17,9,20
16,18,10373776546534880467,17,9,20
16,19,12461865607081613754,17,9,16
16,20,13555628383469753943,17,9,16
16,21,11074339780348395465,17,9,16
16,22,17062486941514471133,17,9,16
16,23,8396124794507793923,17,9,16
16,24,12212849282213277927,17,9,16
16,25,8465861642909839889,17,9,16
16,26,16635422115854425856,17,9,16
16,27,8169922908699416554,17,9,20
16,28,5297390923979784083,17,9,16
16,29,18205109314041266789,17,9,16
16,30,2029339378689627212,17,9,16
16,31,12213498362695790003,17,9,20
16,32,14487710024120963999,17,9,16
16,33,15043408791330092049,17,9,16
16,34,17678006945319269545,17,9,20
16,35,6756699520884346776,17,9,16
16,36,4757394771627593318,17,9,16
16,37,63584830340411972,17,9,16
16,38,4628698867049251186,17,9,20
16,39,7475910765340491105,17,9,16
16,40,8432703988204333706,17,9,16
16,41,5876423222195446290,17,9,16
16,42,16366443369003821302,17,9,16
16,43,6316126204072554264,17,9,20
16,44,18337498950439895352,17,9,16
16,45,9593542400853865820,17,9,16
16,46,17144844795024929108,17,9,12
16,47,4876110477146057621,17,9,16
16,48,829275560150921239,17,9,16
16,49,11987101122232600100,17,9,16
16,50,2497249927710258249,17,9,20
16,51,2238578216907586454,17,9,16
16,52,2880802765721920501,17,9,20
16,53,8268431102764140361,17,9,16
16,54,13957376686628526117,17,9,12
16,55,7845752806485130239,17,9,20
16,56,12062805633574677413,17,9,20
16,57,1262520349734770609,17,9,16
16,58,16724564442302789316,17,9,16
16,59,17955503528968205421,17,9,12
16,60,15812943277076517465,17,9,16
16,61,5269352997604750234,17,9,16
16,62,17044802730468235240,17,9,16
16,63,13223112307527569539,17,9,16
16,64,6157715302225568860,17,9,20
16,65,14835417681133772924,17,9,16
16,66,6854879468345071589,17,9,20
16,67,5328427635358064081,17,9,16
16,68,7036200141346075203,17,9,20
16,69,8837679333916685308,17,9,16
16,70,17291315304974868156,17,9,16
16,71,8684879877704258123,17,9,12
16,72,15503665364682294888,17,9,16
16,73,18187895371306554074,17,9,20
16,74,2855420401162009481,17,9,16
16,75,15844958529224181370,17,9,20
16,76,7514663033190270428,17,9,20
16,77,16254732407673828184,17,9,16
16,78,4178201749909011149,17,9,16
16,79,2259578540485209123,17,9,16
16,80,17482278162767902527,17,9,20
16,81,13620778067891608589,17,9,16
16,82,17278472189732725865,17,9,16
16,83,5211845313677203065,17,9,16
16,84,196057708051112216,17,9,20
16,85,6771062663899655005,17,9,16
16,86,11562308816349250586,17,9,20
16,87,2021111525822694826,17,9,16
16,88,14791744607236852892,17,9,16
16,89,3284094338559230443,17,9,12
16,90,13561171883929127031,17,9,16
16,91,17452173637496607159,17,9,16
16,92,7656974200153140105,17,9,12
16,93,3210595721543872320,17,9,16
16,94,14807625703518246073,17,9,20
16,95,10811381723179787032,17,9,16
16,96,10052009914578569629,17,9,20
16,97,12438011263116820589,17,9,20
16,98,4344421591395149171,17,9,20
16,99,15319589536137611762,17,9,20
16,100,7376177482649242677,17,9,20
16,101,14720776181100255700,17,9,16
16,102,1159216644731318755,17,9,20
16,103,16199967674633348670,17,9,16
16,104,8118316144998420401,17,9,16
16,105,17672896171524433228,17,9,12
16,106,12823596781953408160,17,9,24
16,107,10238282936794953765,17,9,12
16,108,1403440566154163704,17,9,16
16,109,4324135648888397996,17,9,16
16,110,14616967968393388831,17,9,20
16,111,190240134319422249,17,9,20
16,112,4869020197571552064,17,9,16
16,113,5850329853191698915,17,9,16
16,114,15928537795140238090,17,9,16
16,115,11807781693757732769,17,9,20
16,116,18285225801232637722,17,9,16
16,117,11713250133885649385,17,9,16
16,118,7876455356029391761,17,9,16
16,119,3831055910701721508,17,9,16
16,120,13513499548426868934,17,9,20
16,121,14271089138750906323,17,9,12
16,122,16319321887773656842,17,9,16
16,123,4260761578359690102,17,9,16
16,124,14343527060276707399,17,9,16
16,125,9597378795546326706,17,9,16
16,126,6811354125572328981,17,9,16
16,127,15429787282301703975,17,9,20
16,128,15496315556391973497,17,9,16
16,129,15509069334187702117,17,9,20
16,130,15448727560546430144,17,9,16
16,131,15387604022722027892,17,9,16
16,132,7717515743951402556,17,9,16
16,133,9235896813077690772,17,9,16
16,134,5440392972392562404,17,9,16
16,135,16853888267910605209,17,9,16
16,136,8138354273278695286,17,9,16
16,137,634485229429044042,17,9,20
16,138,2282458064553783141,17,9,16
16,139,18092395434505132969,17,9,16
16,140,2421740263780265822,17,9,16
16,141,4525788510803358906,17,9,16
16,142,15956924393592768042,17,9,16
16,143,7993610443440851936,17,9,20
16,144,7534702542225163738,17,9,16
16,145,12982024271615467705,17,9,16
16,146,17683237377963275862,17,9,16
16,147,306802059767314216,17,9,16
16,148,14144024999129080564,17,9,16
16,149,5636319898179795286,17,9,16
16,150,17093768139988205780,17,9,16
16,151,893042812739514497,17,9,16
16,152,2160794045039032,17,9,16
16,153,3283718929880991025,17,9,16
16,154,2807639229792560582,17,9,16
16,155,9561140265009115840,17,9,20
16,156,2903235407323234759,17,9,20
16,157,9313736848183024548,17,9,16
16,158,3202150003936616782,17,9,16
16,159,16776618146062275441,17,9,20
16,160,4320192082124003061,17,9,20
16,161,5216522285392006702,17,9,20
16,162,12484247686062921136,17,9,16
16,163,852506857752210146,17,9,20
16,164,8255070721325112395,17,9,20
16,165,7426747304776164210,17,9,16
16,166,15882516940160424629,17,9,16
16,167,6478246938450868193,17,9,20
16,168,10348049343279787853,17,9,20
16,169,12181301036802355551,17,9,16
16,170,1077652959255906441,17,9,16
16,171,3231766886016328961,17,9,16
16,172,11793750414475496218,17,9,16
16,173,9589636507949153820,17,9,16
16,174,5457307168003817512,17,9,20
16,175,13653744123314451097,17,9,16
16,176,4240217208597040231,17,9,12
16,177,16476857374370434797,17,9,16
16,178,5883410171900099305,17,9,16
16,179,3791320766085639768,17,9,20
16,180,3583456677620492491,17,9,16
16,181,8901860369511278986,17,9,16
16,182,13868957009893857303,17,9,20
16,183,3253057029251972241,17,9,16
16,184,3342418776416641923,17,9,20
16,185,9394532211649795904,17,9,16
16,186,14354157092175398248,17,9,16
16,187,15714916089223123580,17,9,16
16,188,15731242115224222666,17,9,16
16,189,13574521564365284000,17,9,20
16,190,12721347082362362748,17,9,16
16,191,10409300912361827726,17,9,16
16,192,2152352346748524061,17,9,16
16,193,2485166107924376698,17,9,20
16,194,8412815626419776297,17,9,16
16,195,1776827312747963803,17,9,20
16,196,16110236946654902158,17,9,16
16,197,10437480939049702443,17,9,16
16,198,12967746692707739130,17,9,16
16,199,573388471145465067,17,9,20
16,200,7324849454274836964,17,9,16
16,201,5800825256844444641,17,9,16
16,202,5076258082754015796,17,9,20
16,203,3624586015772304341,17,9,16
16,204,14370355024121421727,17,9,16
16,205,1420884359321543877,17,9,16
16,206,6736413290572328254,17,9,16
16,207,13406108945552879751,17,9,16
16,208,15153924077974299810,17,9,16
16,209,10777219481318097610,17,9,16
16,210,1430674035973234115,17,9,20
16,211,479251302127727164,17,9,20
16,212,7048272364196056507,17,9,20
16,213,6845937966521747277,17,9,16
16,214,5966294140105332468,17,9,20
16,215,11822415777648593537,17,9,16
16,216,12935460879184737780,17,9,16
16,217,8921248364330295113,17,9,16
16,218,15452046119000857646,17,9,16
16,219,3665380683426646071,17,9,16
16,220,638220035144657687,17,9,16
16,221,2796786846875540382,17,9,16
16,222,17986005814869130328,17,9,20
16,223,17061274038001349622,17,9,16
16,224,10084411123414773748,17,9,16
16,225,16932996223084918132,17,9,16
16,226,11406583446905317743,17,9,16
16,227,15379268082513886669,17,9,16
16,228,6452635866400116972,17,9,20
16,229,4512913093198847391,17,9,20
16,230,16440636709130119717,17,9,12
16,231,9252063643437981844,17,9,16
16,232,11295609046409371952,17,9,16
16,233,13664371879216636016,17,9,12
16,234,2158002922769379882,17,9,20
16,235,13898451439358303549,17,9,16
16,236,15790037557434295412,17,9,12
16,237,12525421472612747580,17,9,16
16,238,5307545368836399067,17,9,16
16,239,11203357267004612569,17,9,16
16,240,14035875231491107826,17,9,16
16,241,17422416700395774045,17,9,20
16,242,1003738454744079784,17,9,16
16,243,4103803679883303793,17,9,16
16,244,17845567882438310831,17,9,16
16,245,3641487534349381647,17,9,16
16,246,16880600041643752480,17,9,20
16,247,6218040698459240126,17,9,20
16,248,7927570846722554758,17,9,20
16,249,12843001793655086468,17,9,20
16,250,16291362893141484973,17,9,20
16,251,2636863789197073229,17,9,16
16,252,671601223117446454,17,9,16
16,253,6871838757492859139,17,9,16
16,254,1537633446149749830,17,9,16
16,255,9532326082612274294,17,9,16
16,256,17771221219422670335,17,9,16
16,257,1707429115429979280,17,9,16
16,258,11945661503696742041,17,9,16
16,259,7418581937633564734,17,9,20
16,260,7009663146714582475,17,9,20
16,261,4022884499378059328,17,9,16
16,262,6724925119061025301,17,9,16
16,263,9104251253748904558,17,9,12
16,264,9497587391907474767,17,9,20
16,265,12719234650460631591,17,9,20
16,266,15798385135899740261,17,9,16
16,267,8993579743925123287,17,9,20
16,268,8965141591927239122,17,9,16
16,269,14797754675968272242,17,9,16
16,270,6668930751998740475,17,9,16
16,271,7295950527470359679,17,9,12
16,272,2452611393809560546,17,9,16
16,273,7042808985350414285,17,9,16
16,274,11214778671398339711,17,9,20
16,275,4738582744859272249,17,9,16
16,276,1277500294908992191,17,9,16
16,277,16853362424577102623,17,9,20
16,278,16048912191761911493,17,9,20
16,279,14225555534765091475,17,9,16
16,280,14600016699744783151,17,9,16
16,281,15899570206622475694,17,9,16
16,282,9277081217470533182,17,9,20
16,283,3722224926679193489,17,9,16
16,284,3163415354536946403,17,9,20
16,285,16971041639596057987,17,9,20
16,286,2866223361869525828,17,9,12
16,287,17644586101624481239,17,9,20
16,288,4553949843578713070,17,9,16
16,289,1321656429819094918,17,9,16
16,290,13506390168083454141,17,9,12
16,291,6301707477991026069,17,9,20
16,292,8980243080726896925,17,9,20
16,293,9825527135952125809,17,9,20
16,294,7809371129301863356,17,9,16
16,295,13005224454144110620,17,9,20
16,296,10254146962923942454,17,9,16
16,297,17207367075695425413,17,9,16
16,298,4725292890604108271,17,9,16
16,299,12103856957159035385,17,9,20
16,300,2983883220599798408,17,9,16
16,301,17611579095448106287,17,9,20
16,302,10554525779173749382,17,9,16
16,303,4673652826130916084,17,9,20
16,304,3874519792895365983,17,9,16
16,305,1261807461719214239,17,9,12
16,306,3033962520652392033,17,9,12
16,307,14056116032697159936,17,9,16
16,308,1901032071203357925,17,9,16
16,309,15226374289908765301,17,9,16
16,310,13625455565686116187,17,9,12
16,311,10440673101068360810,17,9,16
16,312,4930259263001978664,17,9,20
16,313,5427055076131181011,17,9,16
16,314,6879242486025396308,17,9,20
16,315,11373514500298247063,17,9,16
16,316,14081377884561453684,17,9,20
16,317,7321119846920879755,17,9,12
16,318,36480669551577810,17,9,20
16,319,11836838719293968616,17,9,20
16,320,5658015132495844369,17,9,16
16,321,5840848857521862420,17,9,16
16,322,6689638212727565267,17,9,20
16,323,15084976072035249840,17,9,20
16,324,1657227962886511593,17,9,16
16,325,2757318100555865771,17,9,16
16,326,17364524056779308347,17,9,16
16,327,8390445416879383771,17,9,20
16,328,3049293971244652935,17,9,16
16,329,15101053241313688761,17,9,16
16,330,11053108223482312303,17,9,16
16,331,16989136924351414929,17,9,20
16,332,10974375447224620684,17,9,16
16,333,10951666317945236177,17,9,16
16,334,10561617057700579105,17,9,20
16,335,10451710823576824169,17,9,20
16,336,8575867659891026646,17,9,20
16,337,7139487780760149212,17,9,16
16,338,3717624289063870587,17,9,16
16,339,5289250702223255871,17,9,16
16,340,9436438245290726886,17,9,16
16,341,10557757358329499138,17,9,16
16,342,8538009909236757354,17,9,20
16,343,6513677631423893730,17,9,16
16,344,13564626152906231942,17,9,12
16,345,18150576067864733481,17,9,20
16,346,16937001948682602760,17,9,16
16,347,8590482770532302604,17,9,12
16,348,2704437264301757173,17,9,16
16,349,6975616913321296248,17,9,16
16,350,8562043589361086156,17,9,20
16,351,17076487497332191839,17,9,16
16,352,6812886085106413683,17,9,16
16,353,13311564336873870488,17,9,20
16,354,3014793142594992213,17,9,20
16,355,1712417753225616157,17,9,16
16,356,14783361223113789108,17,9,16
16,357,17286464090103890454,17,9,16
16,358,15062952440710581226,17,9,16
16,359,18430377196034528301,17,9,16
16,360,8916477219561968862,17,9,16
16,361,13608874969821925751,17,9,16
16,362,14326761060816386485,17,9,16
16,363,120920351542695861,17,9,16
16,364,12402459786735478431,17,9,16
16,365,12446530625463943398,17,9,16
16,366,13018912468012962272,17,9,16
16,367,13745386428574551753,17,9,12
16,368,15827228226612968129,17,9,20
16,369,2674341788800116532,17,9,16
16,370,5009439114930146149,17,9,16
16,371,10837783139895015198,17,9,16
16,372,6602696822485366840,17,9,16
16,373,13774794987492239641,17,9,16
16,374,1519791576005010679,17,9,20
16,375,1174509202496780805,17,9,16
16,376,18398084730906366095,17,9,16
16,377,10401632960605399919,17,9,16
16,378,10616602344280818728,17,9,16
16,379,3463185485889573301,17,9,16
16,380,17633284681356559098,17,9,16
16,381,13121951714205994170,17,9,12
16,382,9547023900319082923,17,9,20
16,383,14444800864587022367,17,9,16
16,384,18222556471824955295,17,9,20
16,385,13864609582736816039,17,9,20
16,386,11433048396763855090,17,9,16
16,387,17418026897793274328,17,9,20
16,388,6378166868358071835,17,9,20
16,389,1985709744436261039,17,9,20
16,390,5885918670412139707,17,9,12
16,391,13863119695803151117,17,9,16
16,392,13908375312215318282,17,9,20
16,393,15525568195686746776,17,9,16
16,394,5798949333565682225,17,9,20
16,395,5424349025830851632,17,9,16
16,396,7321857658585280256,17,9,16
16,397,1534852622240097301,17,9,20
16,398,5591194173525294390,17,9,16
16,399,9288537822418550475,17,9,16
16,400,16740512427347351411,17,9,16
16,401,1841009740766848214,17,9,16
16,402,9150345390679853194,17,9,16
16,403,12441655675876290371,17,9,20
16,404,3059371908501911283,17,9,16
16,405,5844900199078104517,17,9,16
16,406,297124572794997232,17,9,16
16,407,8085241163684396065,17,9,16
16,408,7476345255602678026,17,9,16
16,409,9419327957424157501,17,9,16
16,410,14214005054834604718,17,9,20
16,411,12489474612606134019,17,9,20
16,412,5561341307282145400,17,9,12
16,413,8759610429573440492,17,9,20
16,414,3143331026179128831,17,9,16
16,415,17595527781408843739,17,9,16
16,416,6483734811585925355,17,9,16
16,417,3288035315883572783,17,9,16
16,418,13502183646560957719,17,9,16
16,419,12447861904519175440,17,9,16
16,420,13725611092379506245,17,9,16
16,421,7353707610710149595,17,9,16
16,422,9822314445686641981,17,9,20
16,423,1674279907044102380,17,9,20
16,424,8150774516169899391,17,9,16
16,425,12014714167770488706,17,9,16
16,426,10771914500848692248,17,9,16
16,427,11592806016977255221,17,9,16
16,428,16823287757553813807,17,9,16
16,429,16142811286550910890,17,9,16
16,430,7668438986560044396,17,9,20
16,431,10384560391809548177,17,9,20
16,432,12585527546643700870,17,9,16
16,433,9478884678347836190,17,9,16
16,434,17520372872955386136,17,9,20
16,435,17356255491610390362,17,9,16
16,436,18252374948782868952,17,9,12
16,437,13160433770800406462,17,9,20
16,438,6858054222534103965,17,9,16
16,439,7039910826571150302,17,9,16
16,440,226117046847419868,17,9,16
16,441,493913309770748844,17,9,16
16,442,15848585619840804176,17,9,16
16,443,16309620292280916589,17,9,20
16,444,9237641709030232184,17,9,16
16,445,18277957743042541335,17,9,12
16,446,2318822242535310827,17,9,16
16,447,15867257973515237463,17,9,16
16,448,6450109370708238562,17,9,16
16,449,8120485624155196186,17,9,16
16,450,12602670769391513828,17,9,12
16,451,2015769345296683963,17,9,20
16,452,16682444151360133155,17,9,20
16,453,2525739773036405838,17,9,16
16,454,4849920765597339420,17,9,16
16,455,18221071714399851687,17,9,16
16,456,9776236579644165200,17,9,20
16,457,1107733305041131256,17,9,20
16,458,5752060942442148998,17,9,16
16,459,2288985028670202872,17,9,16
16,460,15294340550224393318,17,9,20
16,461,5667085370612952894,17,9,16
16,462,10802090804951420668,17,9,16
16,463,14718295497392542892,17,9,16
16,464,7759300514990800150,17,9,20
16,465,3878215954024174234,17,9,16
16,466,8907704556465677913,17,9,16
16,467,9797806127623436038,17,9,20
16,468,16906438778451669832,17,9,20
16,469,10197717609801801065,17,9,16
16,470,6071279751065378617,17,9,20
16,471,16827407852274331544,17,9,20
16,472,14958903572232007286,17,9,20
16,473,4029347639332167662,17,9,16
16,474,13458157963579792509,17,9,20
16,475,17594908163472936355,17,9,16
16,476,10765777214161174731,17,9,16
16,477,16341229658390612156,17,9,16
16,478,16462630013502579367,17,9,16
16,479,17808548888433369361,17,9,20
16,480,16131082411185541235,17,9,16
16,481,5156516721695231589,17,9,16
16,482,2407216738633644071,17,9,20
16,483,6073417011634766278,17,9,20
16,484,16329499534030553443,17,9,16
16,485,12271810809832342132,17,9,20
16,486,11820216612927073961,17,9,16
16,487,14092151345623548076,17,9,16
16,488,7121850685217727165,17,9,16
16,489,13697028699270908334,17,9,20
16,490,799902475899706038,17,9,16
16,491,1926011699095253937,17,9,16
16,492,6561086235042206562,17,9,16
16,493,9176202195912609266,17,9,16
16,494,10381769498147080334,17,9,20
16,495,16932698481893276111,17,9,16
16,496,9700031536500252441,17,9,16
16,497,17729877635040648313,17,9,20
16,498,5894343806210779283,17,9,16
16,499,2717370081871256827,17,9,24
16,500,13913618506625526868,17,9,16
16,501,6088426460788515151,17,9,20
16,502,2247339539242491901,17,9,16
16,503,910574690621770102,17,9,16
16,504,9275255145722571756,17,9,16
16,505,5882916422515862715,17,9,20
16,506,17644978384078666496,17,9,16
16,507,14148929340553069902,17,9,16
16,508,16201188716908191751,17,9,16
16,509,1123762557877040327,17,9,12
16,510,15760213141092797872,17,9,16
16,511,15473689323971716710,17,9,16
16,512,15242037245269059553,17,9,16
16,513,11797064585170408359,17,9,16
16,514,18230837864606958210,17,9,20
16,515,9621794395983422288,17,9,20
16,516,13804748915535202362,17,9,20
16,517,1257609708304770578,17,9,16
16,518,14286350682908538561,17,9,16
16,519,2265424054867752800,17,9,16
16,520,4925066706794740636,17,9,16
16,521,190626810214712994,17,9,16
16,522,12812677158421612944,17,9,16
16,523,6354330238368163082,17,9,16
16,524,15332095643887638363,17,9,20
16,525,87539825409309775,17,9,16
16,526,13954435049044585238,17,9,16
16,527,11617312407399194117,17,9,16
16,528,10169112415818284377,17,9,16
16,529,18317702634558883694,17,9,16
16,530,11453892705697941476,17,9,16
16,531,18119115383459940407,17,9,16
16,532,2043586814070394979,17,9,16
16,533,10273807619933675380,17,9,16
16,534,9101861057373051272,17,9,20
16,535,513675890758116441,17,9,16
16,536,4913129754733409129,17,9,16
16,537,15361117310823706877,17,9,12
16,538,15294465751021068072,17,9,16
16,539,4470819233570396775,17,9,20
16,540,14714929922357368076,17,9,16
16,541,10891989029118384800,17,9,16
16,542,665421374210085068,17,9,16
16,543,13405611845146048044,17,9,16
16,544,1081771639597472090,17,9,20
16,545,15097129789303752380,17,9,16
16,546,5701358921668324711,17,9,16
16,547,6627250978902826790,17,9,16
16,548,5908093388775205057,17,9,16
16,549,16454942417138919390,17,9,12
16,550,7099284940144369776,17,9,12
16,551,12272019680775837863,17,9,16
16,552,15250542070531906930,17,9,16
16,553,1888876912190069159,17,9,16
16,554,6462403716932408935,17,9,16
16,555,18069512970906798880,17,9,16
16,556,7698798209498053573,17,9,16
16,557,6772228851423140385,17,9,16
16,558,5278727637365604548,17,9,20
16,559,14551565781889064843,17,9,20
16,560,3676077402214839731,17,9,16
16,561,9168011338987532765,17,9,16
16,562,11733901387625013954,17,9,20
16,563,6558041115796140233,17,9,20
16,564,10252205718939266161,17,9,20
16,565,17505258600741936732,17,9,16
16,566,5622677643926146142,17,9,20
16,567,1730713505798909311,17,9,12
16,568,8193337993896746627,17,9,16
16,569,9391698338375331361,17,9,20
16,570,9517786792001710384,17,9,20
16,571,9004549015830199346,17,9,16
16,572,2348481268049169394,17,9,16
16,573,14750974556614215093,17,9,16
16,574,3862493405384597258,17,9,16
16,575,101954842421752085,17,9,12
16,576,6042650973268701986,17,9,16
16,577,7929732578144921286,17,9,16
16,578,3379370474680805609,17,9,12
16,579,4744370628001714408,17,9,16
16,580,5419004215538942745,17,9,16
16,581,4956138041460620726,17,9,16
16,582,13551113961011927274,17,9,16
16,583,3084218998234781560,17,9,16
16,584,17318384450060751326,17,9,20
16,585,9498677418340671886,17,9,16
16,586,8449698292179819291,17,9,16
16,587,3718370871353725776,17,9,20
16,588,9231393082000797251,17,9,20
16,589,15570189753134752257,17,9,20
16,590,16154657423078080899,17,9,16
16,591,16398728623132206720,17,9,16
16,592,12861553911240227897,17,9,20
16,593,12994379796792672413,17,9,20
16,594,2513417583602323115,17,9,20
16,595,6309538872386315107,17,9,16
16,596,16552264664492432079,17,9,16
16,597,1029082658906644157,17,9,16
16,598,209767579230154015,17,9,20
16,599,8820396685978040650,17,9,16
16,600,10890718936627943753,17,9,16
16,601,7505927023909809248,17,9,16
16,602,3943634741260781416,17,9,16
16,603,10523767300170651205,17,9,20
16,604,13157331198999510771,17,9,16
16,605,12180031122499554381,17,9,16
16,606,724780199201476897,17,9,16
16,607,14119704713418482833,17,9,16
16,608,3430357129971194065,17,9,16
16,609,2386949157208562129,17,9,16
16,610,10380688531005143375,17,9,16
16,611,16784157373376099515,17,9,16
16,612,8120749372987469096,17,9,16
16,613,593792954906674118,17,9,20
16,614,8154446310359866670,17,9,16
16,615,10011460366158222994,17,9,16
16,616,4051867696590342268,17,9,16
16,617,3785417206257008301,17,9,16
16,618,16717444211298749011,17,9,16
16,619,14747679409719146167,17,9,16
16,620,14037582281402304752,17,9,16
16,621,2607601636621360111,17,9,12
16,622,356672294000538438,17,9,16
16,623,7044461244943128302,17,9,16
16,624,6898313302453654373,17,9,20
16,625,10262172698971137922,17,9,16
16,626,11289471153185387014,17,9,16
16,627,18394810207940299553,17,9,16
16,628,13512854515003836177,17,9,16
16,629,16984848999008171111,17,9,20
16,630,10034354492579835073,17,9,16
16,631,6410170280616996646,17,9,16
16,632,1292190091486627540,17,9,16
16,633,5068779618965228074,17,9,16
16,634,15384325251118935871,17,9,16
16,635,9784198054425438723,17,9,16
16,636,5983901228573311033,17,9,16
16,637,347402105232004545,17,9,16
16,638,421724423991254835,17,9,12
16,639,14573408536555604078,17,9,16
16,640,17156532375327546086,17,9,16
16,641,15381537009809897513,17,9,16
16,642,8560324095822902074,17,9,16
16,643,2521653525906121673,17,9,20
16,644,15510699287157052564,17,9,20
16,645,8436933231510989943,17,9,16
16,646,13071786721142211348,17,9,20
16,647,14241069059922736164,17,9,16
16,648,8192637997690428047,17,9,16
16,649,16712718972719518497,17,9,16
16,650,9281769298505173324,17,9,16
16,651,16293990404836662161,17,9,16
16,652,5869298360032359168,17,9,16
16,653,14734477742330098886,17,9,16
16,654,9747070571207398492,17,9,20
16,655,18281317415689568131,17,9,16
16,656,4204835742129118316,17,9,20
16,657,4122474156304784440,17,9,16
16,658,16807630524971031939,17,9,20
16,659,8554951671101675256,17,9,16
16,660,10448585603335344702,17,9,20
16,661,4498230824732475632,17,9,16
16,662,15274857875793697926,17,9,16
16,663,12242092256335838392,17,9,20
16,664,11390095728218351055,17,9,16
16,665,14472224315288992809,17,9,16
16,666,10999388821472138732,17,9,16
16,667,6585866300966158668,17,9,16
16,668,17669269302092151756,17,9,16
16,669,11079042077444377280,17,9,16
16,670,14800489541626891215,17,9,20
16,671,13009296391425688816,17,9,20
16,672,10362891389416877325,17,9,16
16,673,10090427390954879353,17,9,16
16,674,8971724119060849726,17,9,16
16,675,18410108843034496506,17,9,16
16,676,5168731506458504027,17,9,20
16,677,11855263115846508468,17,9,20
16,678,13646023067566855469,17,9,12
16,679,14293556756705661263,17,9,16
16,680,12798110099690299643,17,9,20
16,681,504637299075005162,17,9,16
16,682,14486064618178712326,17,9,16
16,683,16048020625916274035,17,9,16
16,684,10714958077296088952,17,9,16
16,685,7044648642464831961,17,9,20
16,686,12191833109618799190,17,9,12
16,687,7495908198578235445,17,9,16
16,688,11411013763207501926,17,9,16
16,689,7901338116245406797,17,9,16
16,690,16351503542494884213,17,9,20
16,691,10859375704025059624,17,9,16
16,692,16314693690923006649,17,9,16
16,693,210456967568353787,17,9,20
16,694,7371173540907189161,17,9,16
16,695,13431478900078141550,17,9,16
16,696,8952114775584051102,17,9,12
16,697,3394912636689248485,17,9,20
16,698,10086519882645983524,17,9,16
16,699,10197703511852550918,17,9,20
16,700,17765777866351604152,17,9,16
16,701,13134966903854333964,17,9,20
16,702,852405999487911914,17,9,16
16,703,5933866943634860189,17,9,16
16,704,1171586387784255298,17,9,20
16,705,14243887393622600888,17,9,16
16,706,15978145567868116182,17,9,20
16,707,5483275078670655080,17,9,16
16,708,9133306263206020921,17,9,20
16,709,1789835875262590442,17,9,16
16,710,6357051400381562404,17,9,16
16,711,14456753630964186559,17,9,16
16,712,3635268095434524246,17,9,16
16,713,8435416244820127939,17,9,16
16,714,6927928507455219115,17,9,12
16,715,8574841191609630733,17,9,16
16,716,17044448792278876955,17,9,20
16,717,9408981847223345508,17,9,16
16,718,2894225020924338486,17,9,16
16,719,16123141539633812876,17,9,16
16,720,13850692592083548570,17,9,20
16,721,423622938937572380,17,9,16
16,722,17358099596269056652,17,9,12
16,723,843223252093315774,17,9,20
16,724,3141475263761748076,17,9,16
16,725,12474711602568577546,17,9,20
16,726,12213384335995421955,17,9,20
16,727,4097179978222256499,17,9,16
16,728,6791152387664031995,17,9,16
16,729,3895115654204335895,17,9,20
16,730,11621262409635416550,17,9,20
16,731,3552784231797081401,17,9,20
16,732,11567636897420156775,17,9,20
16,733,8579403623862069401,17,9,20
16,734,2904468240996325701,17,9,12
16,735,11735240194664590615,17,9,16
16,736,16743943881124514592,17,9,16
16,737,17899580104218636955,17,9,16
16,738,4913444893846721590,17,9,16
16,739,11951732403124394697,17,9,16
16,740,8116048692127346525,17,9,16
16,741,15604244327960298200,17,9,16
16,742,12461201533800927128,17,9,16
16,743,10175881586654368084,17,9,20
16,744,14742876693905584049,17,9,16
16,745,10368244887863126007,17,9,16
16,746,11547818853031784759,17,9,16
16,747,9713111437728504683,17,9,16
16,748,13209095631856525785,17,9,20
16,749,6140420155144862243,17,9,16
16,750,8835155381253522317,17,9,16
16,751,530760868597715257,17,9,16
16,752,17655435343087075165,17,9,16
16,753,9143808088651125119,17,9,20
16,754,9640953768687114312,17,9,20
16,755,5567720140847109057,17,9,16
16,756,8215467756288637203,17,9,20
16,757,17818348279700502941,17,9,20
16,758,13934554643781253177,17,9,16
16,759,7571025943019674241,17,9,16
16,760,1717452021915230452,17,9,16
16,761,10576010300547718337,17,9,16
16,762,15179673999454834764,17,9,16
16,763,1357816512486495333,17,9,16
16,764,6529374301224324187,17,9,12
16,765,5374794032730407904,17,9,12
16,766,6074646918141583596,17,9,16
16,767,10027876101675042643,17,9,20
16,768,11726950221493227119,17,9,20
16,769,12098479629112338526,17,9,16
16,770,16380769966252423016,17,9,16
16,771,12617394043980867717,17,9,12
16,772,1983133808636685096,17,9,16
16,773,16836350811264985327,17,9,20
16,774,8725268130289910594,17,9,20
16,775,2084594775731530356,17,9,12
16,776,7694164275920168177,17,9,16
16,777,9864453933032787467,17,9,16
16,778,13099492146675680829,17,9,20
16,779,17387752427738983871,17,9,16
16,780,1324870360202992294,17,9,20
16,781,8503068122212998708,17,9,16
16,782,4110926296934649560,17,9,16
16,783,1454684175075008189,17,9,16
16,784,6357974782034380315,17,9,16
16,785,16459395263241503657,17,9,16
16,786,16845718058582472906,17,9,16
16,787,6631738820706302135,17,9,16
16,788,17858785832997954076,17,9,20
16,789,1528140312014525298,17,9,16
16,790,9733216139323162475,17,9,16
16,791,5769627390944270105,17,9,16
16,792,13269149111137118689,17,9,16
16,793,12247498184564354867,17,9,16
16,794,12560745950863795420,17,9,16
16,795,10789205812631592274,17,9,20
16,796,4555626366866183763,17,9,16
16,797,13581730440418398848,17,9,20
16,798,380933785175140297,17,9,16
16,799,3013327706227720169,17,9,16
16,800,5019260187453342171,17,9,16
16,801,15436128518941737247,17,9,16
16,802,4817108204366045932,17,9,16
16,803,12884455692389766421,17,9,16
16,804,2492582045161321148,17,9,16
16,805,5160070238331286636,17,9,16
16,806,18227337108709929638,17,9,16
16,807,6273355293282222555,17,9,20
16,808,3343602444541008367,17,9,16
16,809,16237034329559896590,17,9,16
16,810,3767454933243791951,17,9,20
16,811,696428330620735707,17,9,20
16,812,2133056812478922264,17,9,20
16,813,815561298063615015,17,9,16
16,814,541708941615604546,17,9,20
16,815,12880379804015849526,17,9,16
16,816,1568675901962281056,17,9,16
16,817,8086334426203427785,17,9,16
16,818,1444820848815886305,17,9,16
16,819,14067609015974198965,17,9,20
16,820,15220761845905982913,17,9,16
16,821,6889281127106812454,17,9,20
16,822,17350343075417935572,17,9,16
16,823,10237339830530377944,17,9,16
16,824,15054239216373764553,17,9,16
16,825,4795603418679781265,17,9,12
16,826,12432161486619064854,17,9,20
16,827,12157785630468271545,17,9,16
16,828,10981510573069756145,17,9,16
16,829,3266308695021578774,17,9,16
16,830,1560400009831968463,17,9,16
16,831,2962957205139997210,17,9,16
16,832,5546560243424598248,17,9,16
16,833,14735235455349455004,17,9,12
16,834,8853069736755147909,17,9,16
16,835,1841688620155614454,17,9,16
16,836,8528982081112926377,17,9,16
16,837,17105401430838989953,17,9,16
16,838,11980853813824304690,17,9,20
16,839,5743257967454028542,17,9,12
16,840,14716180685910287495,17,9,16
16,841,10088427847345136908,17,9,16
16,842,15304067755215801106,17,9,16
16,843,12838538504090022450,17,9,16
16,844,9550937579749397078,17,9,16
16,845,8873658319044702516,17,9,16
16,846,6025399451801521253,17,9,16
16,847,16777426284315683185,17,9,16
16,848,11916924664074116797,17,9,16
16,849,2067113604285089151,17,9,16
16,850,9719252416002354220,17,9,16
16,851,12213218106418911381,17,9,20
16,852,713577727123649895,17,9,16
16,853,12571788573816662549,17,9,16
16,854,11301125014526336472,17,9,16
16,855,18209802783948806490,17,9,16
16,856,17179736628883517193,17,9,16
16,857,2502181576591198663,17,9,16
16,858,6266573361178651528,17,9,20
16,859,14395299989092061892,17,9,16
16,860,1131981436019199746,17,9,20
16,861,9319510905247309029,17,9,16
16,862,14847130761462781091,17,9,16
16,863,18159411826517435476,17,9,20
16,864,2225371997739430492,17,9,20
16,865,6063733962746233469,17,9,16
16,866,8307379209206057537,17,9,16
16,867,13876331674803635843,17,9,16
16,868,11245744227906235624,17,9,20
16,869,9593646376744790935,17,9,16
16,870,3174523394492294762,17,9,12
16,871,2506876566969447200,17,9,16
16,872,863321016684106666,17,9,16
16,873,7765618281796011039,17,9,16
16,874,5285188215022318342,17,9,16
16,875,15968424692616091715,17,9,16
16,876,2591143565618189828,17,9,20
16,877,679021876543148197,17,9,20
16,878,3698986296269093836,17,9,16
16,879,14571280273578017803,17,9,16
16,880,14258191229745904885,17,9,20
16,881,4997043896634716088,17,9,16
16,882,11757115348690195638,17,9,16
16,883,14199722591514614426,17,9,16
16,884,4959728356412086981,17,9,16
16,885,14414443512679061910,17,9,20
16,886,3435324627048371925,17,9,16
16,887,15418694697962588819,17,9,16
16,888,7050493189855109395,17,9,16
16,889,17407688789441799022,17,9,16
16,890,17312510084071496393,17,9,16
16,891,16406622569642796369,17,9,16
16,892,12063794895095276618,17,9,20
16,893,8742329712155758962,17,9,20
16,894,6921869830541773894,17,9,20
16,895,890328286191994303,17,9,16
16,896,5669454571187453215,17,9,16
16,897,3437343321712802829,17,9,16
16,898,12891554530034684310,17,9,16
16,899,6183772106094655960,17,9,16
16,900,9778461294005294434,17,9,16
16,901,1484307096320614359,17,9,20
16,902,8215937388892529742,17,9,16
16,903,17929016154951687056,17,9,16
16,904,4852695045231133753,17,9,16
16,905,17931777181523199785,17,9,20
16,906,1761677778709341647,17,9,16
16,907,16902611401174734557,17,9,12
16,908,17446249556179735238,17,9,16
16,909,16365873798156159563,17,9,16
16,910,12114711657579911710,17,9,16
16,911,18263467245018596776,17,9,20
16,912,8490797862499931210,17,9,20
16,913,8609246545360036470,17,9,20
16,914,16785356323887221308,17,9,16
16,915,11644996632763988148,17,9,16
16,916,13072237141833698827,17,9,16
16,917,7439369414791543468,17,9,16
16,918,17741419920186961588,17,9,16
16,919,4548121047793085894,17,9,16
16,920,8347748339014930987,17,9,16
16,921,6395861003272484237,17,9,20
16,922,7743584339979501549,17,9,16
16,923,3471366771688651249,17,9,20
16,924,7491089659960572428,17,9,16
16,925,5909948485087565352,17,9,20
16,926,17522613223355538336,17,9,20
16,927,14052686067396916880,17,9,16
16,928,14408690256735012919,17,9,16
16,929,16678558331654495240,17,9,16
16,930,15920842053126515672,17,9,16
16,931,6272362968942797634,17,9,16
16,932,3742155326861521434,17,9,16
16,933,8896821902207350541,17,9,20
16,934,733331158834313847,17,9,20
16,935,15213040230997010837,17,9,16
16,936,15627712311029145314,17,9,24
16,937,4929866788898878385,17,9,20
16,938,18868827401210120,17,9,20
16,939,1064088139939383607,17,9,16
16,940,10940848576039422670,17,9,16
16,941,4230651980656598766,17,9,16
16,942,11554744318220007593,17,9,16
16,943,11408699697825361669,17,9,16
16,944,11832589890337829787,17,9,16
16,945,15933808445778771191,17,9,16
16,946,11674513940848937012,17,9,16
16,947,6158802632818162624,17,9,20
16,948,6802808165403142810,17,9,16
16,949,6272316493555435407,17,9,20
16,950,9293290548157197147,17,9,16
16,951,7120454253827941526,17,9,16
16,952,8471583369811480353,17,9,20
16,953,15914489745540155932,17,9,16
16,954,10486789566800452918,17,9,20
16,955,7718636894389619450,17,9,16
16,956,14885327454572054712,17,9,16
16,957,10604851276549794484,17,9,16
16,958,11597679766113616905,17,9,16
16,959,16421706169884165109,17,9,16
16,960,6552043253520398194,17,9,20
16,961,10346265312793358724,17,9,20
16,962,3481832592745646621,17,9,16
16,963,4602010777830568214,17,9,20
16,964,11490767071100553343,17,9,20
16,965,16941726521725663768,17,9,16
16,966,14754372558275963210,17,9,16
16,967,7213004993222635444,17,9,16
16,968,5985313660654940610,17,9,16
16,969,7453676126340165602,17,9,16
16,970,5669612680008099393,17,9,20
16,971,8415204618921016076,17,9,16
16,972,1140958235738755834,17,9,16
16,973,12822186840571069272,17,9,20
16,974,11694279842455876069,17,9,16
16,975,6080378294458155037,17,9,16
16,976,9129537177752221986,17,9,16
16,977,14929867428009794102,17,9,16
16,978,17644654209032888463,17,9,16
16,979,2136664377375911501,17,9,20
16,980,2800838039285550057,17,9,16
16,981,4940978137192561801,17,9,20
16,982,16723572893979329133,17,9,16
16,983,12344184087439395227,17,9,16
16,984,11769447834711610779,17,9,16
16,985,1588486435533016436,17,9,20
16,986,18060461006263680550,17,9,16
16,987,13278135453729533483,17,9,20
16,988,17946850808721684805,17,9,12
16,989,8808165138904386532,17,9,16
16,990,14138626983891643419,17,9,16
16,991,16917725909730226222,17,9,16
16,992,2806155347564251248,17,9,20
16,993,12233304021143005698,17,9,16
16,994,6041505729420992712,17,9,16
16,995,1990811461192503651,17,9,20
16,996,3014467975009509746,17,9,16
16,997,1009665909059961752,17,9,20
16,998,14565275017384489997,17,9,16
16,999,742478096926473027,17,9,20
16,1000,253042238209756214,17,9,20
16,1001,4741448792462477197,17,9,16
16,1002,17477199626113182076,17,9,16
16,1003,9350548645061860139,17,9,16
16,1004,13302472798194322341,17,9,16
16,1005,12022715194916857385,17,9,16
16,1006,1938049062202508021,17,9,16
16,1007,17432382387888516326,17,9,16
16,1008,4831058433319863351,17,9,20
16,1009,9177219303224356153,17,9,20
16,1010,14529362216417729593,17,9,16
16,1011,9573923486424242734,17,9,16
16,1012,15912566332245196047,17,9,16
16,1013,4126831904342899667,17,9,16
16,1014,7268880109773637588,17,9,20
16,1015,5631651414703637295,17,9,16
16,1016,565348011074580230,17,9,16
16,1017,2730253693426715292,17,9,16
16,1018,13401016149334748533,17,9,20
16,1019,14636936060707355322,17,9,20
16,1020,5401838027711424151,17,9,16
16,1021,12313643941946718001,17,9,16
16,1022,7959061688136618028,17,9,16
16,1023,17963096132595563878,17,9,16
16,1024,4959416105990622007,17,9,16
16,1025,16896280974839764638,17,9,12
16,1026,10943357133213294913,17,9,16
16,1027,941010512753540102,17,9,16
16,1028,16851438146709898666,17,9,16
16,1029,14404320086368829092,17,9,20
16,1030,844003235645424774,17,9,16
16,1031,3454126913029341322,17,9,16
16,1032,4141256658475632019,17,9,16
16,1033,14600262159914413124,17,9,20
16,1034,559631384346762985,17,9,16
16,1035,3087259025058064759,17,9,16
16,1036,3039368372046573935,17,9,16
16,1037,5958955551775299470,17,9,20
16,1038,3720228730008516918,17,9,20
16,1039,3831543644996788634,17,9,16
16,1040,13983701462695981844,17,9,16
16,1041,16076915856100907411,17,9,20
16,1042,4061028778093062777,17,9,20
16,1043,5519160978419173647,17,9,16
16,1044,6551203763436342261,17,9,16
16,1045,16605076107478476867,17,9,20
16,1046,789672623040975750,17,9,16
16,1047,8320468874543192418,17,9,16
16,1048,2329677575890914140,17,9,20
16,1049,17082652896600610354,17,9,16
16,1050,2460852086197101047,17,9,16
16,1051,14982580127456309854,17,9,16
16,1052,12240762173944718280,17,9,16
16,1053,6258354294380726586,17,9,16
16,1054,9961916384793585295,17,9,12
16,1055,3046586121738149983,17,9,16
16,1056,12974735945094978253,17,9,20
16,1057,11489553897536099408,17,9,20
16,1058,14753495546152882007,17,9,20
16,1059,13292643652486707441,17,9,16
16,1060,9732770713779149677,17,9,20
16,1061,3004540625323426314,17,9,20
16,1062,6687955897425734200,17,9,16
16,1063,249876279167399460,17,9,16
16,1064,3517694347912446027,17,9,16
16,1065,2224707544246665232,17,9,20
16,1066,10528547232934784553,17,9,16
16,1067,10657006970848472858,17,9,20
16,1068,6103377679577089982,17,9,16
16,1069,10352881835785709625,17,9,16
16,1070,14234221847310045999,17,9,16
16,1071,6030079986825922131,17,9,20
16,1072,1732719525425346333,17,9,16
16,1073,6838747751537195074,17,9,16
16,1074,18148551672518479982,17,9,16
16,1075,8080326365814561872,17,9,12
16,1076,3148483010778939950,17,9,20
16,1077,8871039034411250754,17,9,20
16,1078,9880863745365006722,17,9,20
16,1079,9870863357267857277,17,9,16
16,1080,16216143354419493470,17,9,16
16,1081,18286050596919664430,17,9,12
16,1082,14963098879856740222,17,9,16
16,1083,14139251882265277315,17,9,20
16,1084,2342523381636813491,17,9,16
16,1085,9365737676076176651,17,9,16
16,1086,15911904387034512174,17,9,16
16,1087,3171677614660041872,17,9,16
16,1088,1759368767908957643,17,9,16
16,1089,4516448758410034472,17,9,20
16,1090,409669160672296473,17,9,20
16,1091,8185459643195742492,17,9,16
16,1092,13595687500116967063,17,9,16
16,1093,5934673928156549837,17,9,16
16,1094,11081063448879751278,17,9,16
16,1095,11201857900751022353,17,9,12
16,1096,10903943223055842741,17,9,16
16,1097,14205291155943369288,17,9,12
16,1098,17089498469076343029,17,9,16
16,1099,2584819023081141584,17,9,16
16,1100,15568314819555580233,17,9,16
16,1101,13306067679492628220,17,9,16
16,1102,7403231032350551467,17,9,16
16,1103,4984891529418075895,17,9,20
16,1104,9937840100025216253,17,9,20
16,1105,13853840897073965551,17,9,16
16,1106,6728363843409025264,17,9,20
16,1107,16661792746563032811,17,9,12
16,1108,5428772969567720565,17,9,12
16,1109,11890656586515342581,17,9,16
16,1110,9992671508292277133,17,9,16
16,1111,45326741471647175,17,9,20
16,1112,12644501024244782410,17,9,16
16,1113,14877445827198027674,17,9,16
16,1114,7320912068509893609,17,9,16
16,1115,3287277745321267181,17,9,16
16,1116,15985320638160584970,17,9,16
16,1117,6931890898169133658,17,9,20
16,1118,7484879026474477128,17,9,16
16,1119,7457343176873094145,17,9,20
16,1120,18232260363203197161,17,9,20
16,1121,2332600229207252500,17,9,16
16,1122,9361198341141311098,17,9,16
16,1123,17067903631427533380,17,9,16
16,1124,1849156971825544608,17,9,16
16,1125,15077430666411037440,17,9,16
16,1126,1738600778186095037,17,9,20
16,1127,1370981123869275154,17,9,16
16,1128,15423925289385835102,17,9,20
16,1129,9090019391283537026,17,9,16
16,1130,1002020841493623845,17,9,16
16,1131,6207658449699564516,17,9,16
16,1132,3805705792777836981,17,9,20
16,1133,5228000705593063752,17,9,16
16,1134,16327853893321850531,17,9,16
16,1135,4350637839419826582,17,9,16
16,1136,13025608376448801596,17,9,16
16,1137,9094011109755050274,17,9,16
16,1138,18382736763748717056,17,9,16
16,1139,12626666897248632271,17,9,16
16,1140,6223344036150523094,17,9,16
16,1141,8037776045089355384,17,9,20
16,1142,12685956259876308572,17,9,16
16,1143,13818349041999811889,17,9,16
16,1144,17587829047777014944,17,9,16
16,1145,4219135182750960329,17,9,16
16,1146,17770376939331368030,17,9,20
16,1147,3908637884367563168,17,9,16
16,1148,770880262444983581,17,9,16
16,1149,3353430350566923356,17,9,16
16,1150,10449123786456576408,17,9,16
16,1151,3653852295196567933,17,9,20
16,1152,17541664422184543700,17,9,16
16,1153,3331801491404432236,17,9,20
16,1154,13015320619263841093,17,9,16
16,1155,9993507876668325268,17,9,16
16,1156,9223882920725296558,17,9,20
16,1157,13757799324645886767,17,9,16
16,1158,7956174177142602925,17,9,20
16,1159,14356003578942670633,17,9,16
16,1160,16040277016390258305,17,9,20
16,1161,5112287145204221695,17,9,20
16,1162,15079687382295951990,17,9,16
16,1163,1712907775046542844,17,9,16
16,1164,15491285473471306564,17,9,16
16,1165,13241825812114668863,17,9,20
16,1166,5015905661587767896,17,9,16
16,1167,16008608616360633021,17,9,16
16,1168,14901303312637880335,17,9,16
16,1169,6405768901426726962,17,9,16
16,1170,3135430272686677159,17,9,20
16,1171,489766854341321906,17,9,16
16,1172,11709303056472839893,17,9,20
16,1173,13309906740382960512,17,9,20
16,1174,18358055924708847078,17,9,16
16,1175,13705965973496787244,17,9,16
16,1176,7983051974896136108,17,9,20
16,1177,5242153270827820220,17,9,16
16,1178,6676187854815161428,17,9,16
16,1179,9777831283769155266,17,9,16
16,1180,9050490439634960951,17,9,16
16,1181,6878694964126616584,17,9,16
16,1182,1488402935611422184,17,9,16
16,1183,14090738372843586967,17,9,20
16,1184,641140220202818798,17,9,20
16,1185,14174974028150400092,17,9,16
16,1186,3173604398115862,17,9,20
16,1187,6965247212133582176,17,9,20
16,1188,4367989965090406645,17,9,16
16,1189,10005238435358453901,17,9,20
16,1190,15266981660645180175,17,9,16
16,1191,10258069449657392402,17,9,16
16,1192,11423326777478748106,17,9,16
16,1193,7901215728830967017,17,9,20
16,1194,6728590008725011471,17,9,12
16,1195,12634247185399402719,17,9,16
16,1196,17489881361671584731,17,9,16
16,1197,10524833872686131642,17,9,20
16,1198,5630724758754317580,17,9,20
16,1199,16071193431104811346,17,9,16
16,1200,7925409024389859593,17,9,16
16,1201,4282955038265898431,17,9,12
16,1202,15294104384664834759,17,9,16
16,1203,10187182571543574870,17,9,16
16,1204,146396729762882847,17,9,20
16,1205,4018171148713952185,17,9,16
16,1206,13406339822956418911,17,9,16
16,1207,17751310734178468985,17,9,12
16,1208,11431911089055141586,17,9,16
16,1209,12779379175056602284,17,9,16
16,1210,3409325265091329140,17,9,20
16,1211,17573148932116334703,17,9,16
16,1212,14596919805271729757,17,9,16
16,1213,15715991103695554782,17,9,20
16,1214,10344153855871654994,17,9,16
16,1215,10040298081811742617,17,9,16
16,1216,17614364424432405263,17,9,20
16,1217,4248363375793193658,17,9,16
16,1218,8049572074211025512,17,9,16
16,1219,17775935196006305121,17,9,16
16,1220,12464835212712892977,17,9,16
16,1221,5898607254983465625,17,9,16
16,1222,4314798134858843387,17,9,20
16,1223,9347107380131107779,17,9,16
16,1224,207893695082327577,17,9,20
16,1225,4956062690468036646,17,9,16
16,1226,17090498744673428879,17,9,16
16,1227,9144777025661349180,17,9,20
16,1228,14010227053027266814,17,9,16
16,1229,8132072862112210187,17,9,16
16,1230,15512315514815326738,17,9,16
16,1231,2810024116466066850,17,9,20
16,1232,1427293415331930984,17,9,16
16,1233,14234763298315715380,17,9,16
16,1234,5053995154058326832,17,9,16
16,1235,6833471272427830975,17,9,20
16,1236,7508878688287179507,17,9,12
16,1237,3099096272687480382,17,9,16
16,1238,1519233587107735134,17,9,16
16,1239,8878634922218729100,17,9,20
16,1240,6313299243825302967,17,9,16
16,1241,6463388666551749504,17,9,12
16,1242,15939656304056558423,17,9,12
16,1243,15332144685550722470,17,9,16
16,1244,14158071096344308531,17,9,24
16,1245,8446298224783520849,17,9,20
16,1246,8620601502843276934,17,9,16
16,1247,704436854496694872,17,9,20
16,1248,3103876039146288508,17,9,16
16,1249,6026034009386303107,17,9,16
16,1250,9804449685886004234,17,9,16
16,1251,7738205664245849246,17,9,16
16,1252,12731067769907033300,17,9,16
16,1253,17149917152991936217,17,9,20
16,1254,7010167486758482342,17,9,16
16,1255,9238657662140480623,17,9,16
16,1256,15194903795239116204,17,9,16
16,1257,347516958994932263,17,9,20
16,1258,4394561094536430208,17,9,16
16,1259,12601233698959470476,17,9,16
16,1260,1531408758443745313,17,9,16
16,1261,5907910599624042106,17,9,16
16,1262,12865457503818599543,17,9,16
16,1263,3186864088622367229,17,9,20
16,1264,12677874477067292887,17,9,20
16,1265,13453086517023002376,17,9,16
16,1266,10912211962685930114,17,9,20
16,1267,125218070706935177,17,9,20
16,1268,13940890504544276596,17,9,20
16,1269,15442829009404810906,17,9,16
16,1270,12737323141067967502,17,9,20
16,1271,9937062049468653810,17,9,20
16,1272,11866706259838816177,17,9,20
16,1273,5654669071399073913,17,9,16
16,1274,12068757560563894070,17,9,16
16,1275,12090696169048438629,17,9,20
16,1276,17069988912244044579,17,9,16
16,1277,4646270898240763952,17,9,16
16,1278,2578559716355742593,17,9,16
16,1279,14397713625307197534,17,9,12
16,1280,2383471884987930618,17,9,16
16,1281,13523097318741066569,17,9,16
16,1282,14833019888186389020,17,9,16
16,1283,6629708562112382877,17,9,16
16,1284,14452812907018865360,17,9,16
16,1285,14280248086139716271,17,9,16
16,1286,4577938049941163807,17,9,20
16,1287,5456983531308633862,17,9,16
16,1288,12193175013946177,17,9,16
16,1289,6474869900364802223,17,9,16
16,1290,14469057377788220478,17,9,16
16,1291,16471315881577761606,17,9,12
16,1292,15076178184120860748,17,9,16
16,1293,15901516740827329501,17,9,16
16,1294,1504469853486358519,17,9,16
16,1295,16630748908834613435,17,9,12
16,1296,13858212876179295654,17,9,20
16,1297,2190636718553708933,17,9,20
16,1298,4884761948203582341,17,9,20
16,1299,1691635172895780807,17,9,16
16,1300,7069804082259961276,17,9,16
16,1301,16958143247728490271,17,9,20
16,1302,12741053140150612859,17,9,16
16,1303,3750965566606782793,17,9,20
16,1304,16677977941252200309,17,9,16
16,1305,16427970359055713410,17,9,20
16,1306,8236609060741261533,17,9,12
16,1307,872688747521623259,17,9,16
16,1308,18331107175927267280,17,9,16
16,1309,12231364434057446993,17,9,16
16,1310,3749519515560974019,17,9,12
16,1311,13764823735172762911,17,9,16
16,1312,3466098242972431871,17,9,20
16,1313,3050710075542289138,17,9,16
16,1314,15232277957384250417,17,9,16
16,1315,8800002919934681596,17,9,16
16,1316,15864475926850768700,17,9,12
16,1317,16311680571962985776,17,9,12
16,1318,4222732827002155547,17,9,16
16,1319,14619415633609205620,17,9,16
16,1320,2387799396822983848,17,9,16
16,1321,6223444269235521185,17,9,16
16,1322,3333396963044295388,17,9,20
16,1323,12753614234732767496,17,9,16
16,1324,4108604427409522321,17,9,24
16,1325,2988207814862386902,17,9,16
16,1326,5144578477297289644,17,9,20
16,1327,13720290321408993447,17,9,20
16,1328,7599149610282399817,17,9,16
16,1329,11313833013365751962,17,9,20
16,1330,4671748586919885841,17,9,16
16,1331,12541660855032186647,17,9,16
16,1332,16965201193860060141,17,9,16
16,1333,8314800370837230978,17,9,16
16,1334,2053399650015417231,17,9,16
16,1335,7655859753707133270,17,9,16
16,1336,13270316513000424300,17,9,16
16,1337,14316573628999694940,17,9,12
16,1338,15053100796957457821,17,9,20
16,1339,9301973589929364271,17,9,20
16,1340,2737906353592333039,17,9,12
16,1341,11293234678516963301,17,9,16
16,1342,12979926857761346794,17,9,16
16,1343,4718415896971218489,17,9,20
16,1344,6226306472158146670,17,9,16
16,1345,1780355682800513624,17,9,20
16,1346,620176259083745657,17,9,16
16,1347,7326115715341638034,17,9,20
16,1348,7619475475862704044,17,9,16
16,1349,5703795308903306628,17,9,16
16,1350,8156959591568743298,17,9,16
16,1351,6342073416039663284,17,9,16
16,1352,7381397567993047207,17,9,20
16,1353,9896294567109037492,17,9,20
16,1354,5228774701955825901,17,9,12
16,1355,9046303419208267126,17,9,16
16,1356,12446894687753810957,17,9,16
16,1357,7254971879197688054,17,9,16
16,1358,17521805088693365062,17,9,20
16,1359,795845394916042894,17,9,20
16,1360,3608664621804564908,17,9,16
16,1361,11094135836401524669,17,9,20
16,1362,9115197736572621702,17,9,16
16,1363,1244097825865845625,17,9,16
16,1364,16927455857248484477,17,9,12
16,1365,5945665646432377372,17,9,16
16,1366,6385705461632806799,17,9,16
16,1367,7800046318239814627,17,9,20
16,1368,7703821375113783880,17,9,16
16,1369,14902875664264372514,17,9,20
16,1370,13352661122599027449,17,9,20
16,1371,3426024231642892124,17,9,16
16,1372,12019540205213408920,17,9,20
16,1373,11465306990198063938,17,9,20
16,1374,17139086809129502134,17,9,16
16,1375,18104818942907963100,17,9,16
16,1376,15490653972426250935,17,9,12
16,1377,6128279897066014617,17,9,16
16,1378,3673078580560089702,17,9,20
16,1379,17115785172331880241,17,9,16
16,1380,16542287146990627984,17,9,16
16,1381,10588438800024251845,17,9,16
16,1382,13887677780868651768,17,9,16
16,1383,3219708610832835333,17,9,20
16,1384,4425928043825429807,17,9,12
16,1385,498202646880820453,17,9,16
16,1386,18389830098155828629,17,9,16
16,1387,10122701150881042851,17,9,16
16,1388,15500388367456550839,17,9,16
16,1389,11532491940460584206,17,9,16
16,1390,5741572745903243491,17,9,16
16,1391,14301062259556824754,17,9,20
16,1392,980341638728713929,17,9,16
16,1393,262452153106519065,17,9,20
16,1394,17938031148361718655,17,9,20
16,1395,4953370085795272679,17,9,16
16,1396,13576142064815891338,17,9,16
16,1397,8576917466460395213,17,9,20
16,1398,390578057094604913,17,9,16
16,1399,12695575697243768092,17,9,16
16,1400,16771027798570421910,17,9,16
16,1401,18397589850370020132,17,9,16
16,1402,1042046947184624052,17,9,16
16,1403,12470632759892927049,17,9,16
16,1404,7268173850919251033,17,9,20
16,1405,7946638177586920407,17,9,20
16,1406,1039815281788502096,17,9,16
16,1407,2134118555822909640,17,9,16
16,1408,12238143492775567905,17,9,20
16,1409,16849023661486822282,17,9,16
16,1410,4456646082583483866,17,9,20
16,1411,14948652093499597947,17,9,16
16,1412,1435868456116020214,17,9,16
16,1413,16576660352286349042,17,9,16
16,1414,7281366574839797489,17,9,16
16,1415,4679295506512825391,17,9,20
16,1416,11282937640771688269,17,9,16
16,1417,3578085761411749695,17,9,16
16,1418,17918094837687409322,17,9,16
16,1419,15133408513094463161,17,9,16
16,1420,14315147407629101735,17,9,16
16,1421,5165057102898672442,17,9,16
16,1422,2731425692156314305,17,9,20
16,1423,4777012074869508347,17,9,16
16,1424,7116199815298786473,17,9,20
16,1425,16563363641602505872,17,9,16
16,1426,5377715661798242458,17,9,20
16,1427,14494266433474522313,17,9,16
16,1428,8390506280563016899,17,9,12
16,1429,3990094407426376923,17,9,16
16,1430,1787044625837111445,17,9,16
16,1431,4413421819224480601,17,9,16
16,1432,2289125092845616650,17,9,16
16,1433,13185805467196484077,17,9,20
16,1434,4496335460959787295,17,9,12
16,1435,6063627026438594700,17,9,16
16,1436,9605586333803443565,17,9,16
16,1437,4662862623130727179,17,9,20
16,1438,15928803095416611700,17,9,16
16,1439,8960054433297177406,17,9,16
16,1440,375489086769245356,17,9,16
16,1441,433256818060621554,17,9,12
16,1442,10555580718749279452,17,9,20
16,1443,16985347808432294711,17,9,16
16,1444,762760199195277414,17,9,20
16,1445,12188525146673158309,17,9,16
16,1446,13840985671240420373,17,9,16
16,1447,1861617339616526450,17,9,16
16,1448,662121606311503389,17,9,20
16,1449,10173194366285040581,17,9,16
16,1450,13712097074282618708,17,9,12
16,1451,12571875525669070997,17,9,16
16,1452,3855101259309157198,17,9,16
16,1453,5094209184500008908,17,9,20
16,1454,8022281182773152712,17,9,20
16,1455,4456984055488668507,17,9,20
16,1456,7109540011560190979,17,9,20
16,1457,7720553773615421647,17,9,16
16,1458,14285769632379504468,17,9,16
16,1459,2049360082299055881,17,9,20
16,1460,15489993083718757649,17,9,16
16,1461,5915037783717378142,17,9,20
16,1462,1759357258350385621,17,9,16
16,1463,17409618860108847477,17,9,16
16,1464,14316709590278674837,17,9,16
16,1465,16738624493330684979,17,9,20
16,1466,18170449089534270809,17,9,20
16,1467,1052898488379279916,17,9,12
16,1468,2672811193145363559,17,9,20
16,1469,14960773820511506192,17,9,16
16,1470,15249357887667944834,17,9,16
16,1471,14081761944770630616,17,9,20
16,1472,326330730298402467,17,9,16
16,1473,14407001092942476842,17,9,20
16,1474,12103473214708933275,17,9,20
16,1475,9445336349333442792,17,9,20
16,1476,12211083677903115250,17,9,16
16,1477,9684948423344002349,17,9,20
16,1478,2846946607691724875,17,9,20
16,1479,15475847011225309715,17,9,16
16,1480,8496232410274801004,17,9,16
16,1481,5219060097843216165,17,9,20
16,1482,11510450989242018631,17,9,20
16,1483,4016306557205812947,17,9,16
16,1484,833626075718332879,17,9,16
16,1485,4986752477408694352,17,9,16
16,1486,4690694773551050308,17,9,16
16,1487,4534520909783255711,17,9,16
16,1488,643807489896785870,17,9,16
16,1489,11797025713406457494,17,9,20
16,1490,5451937734190719894,17,9,20
16,1491,2984002384023998670,17,9,16
16,1492,18241546491029122271,17,9,16
16,1493,8011950269434443224,17,9,20
16,1494,18135675665133849337,17,9,16
16,1495,12618678483782128561,17,9,20
16,1496,148672297366243578,17,9,16
16,1497,4108255868026618127,17,9,20
16,1498,1027193746258346157,17,9,16
16,1499,2721101894659323449,17,9,16
16,1500,12344568591989477472,17,9,16
16,1501,8551905979493981177,17,9,20
16,1502,5507557334952587726,17,9,20
16,1503,12723009203032589634,17,9,20
16,1504,4338612391217591020,17,9,16
16,1505,6874534139463384454,17,9,20
16,1506,9230748253627730720,17,9,16
16,1507,8734826272656631282,17,9,16
16,1508,8598243042906861317,17,9,16
16,1509,1333724923932676887,17,9,12
16,1510,7923354254204329435,17,9,16
16,1511,18425345159302574408,17,9,16
16,1512,11171228688179853450,17,9,16
16,1513,12732894013992649178,17,9,16
16,1514,1074273092580707944,17,9,16
16,1515,16216237390463284093,17,9,20
16,1516,5927507503991837191,17,9,16
16,1517,18199067277628222528,17,9,16
16,1518,16392502458203646832,17,9,20
16,1519,12628513397335282574,17,9,16
16,1520,13588511921546612156,17,9,16
16,1521,6134300964802413543,17,9,16
16,1522,8692506478788542438,17,9,20
16,1523,18246545482463611006,17,9,16
16,1524,6252584073123045452,17,9,20
16,1525,11879675744682451369,17,9,16
16,1526,14628576880097375857,17,9,16
16,1527,9900793519890528328,17,9,16
16,1528,12909631867271753690,17,9,16
16,1529,10306877642751720577,17,9,16
16,1530,13763295767023082752,17,9,20
16,1531,1012909749615277770,17,9,20
16,1532,13599612263959889751,17,9,16
16,1533,14654833814036785184,17,9,16
16,1534,8174653663229874164,17,9,16
16,1535,8251263019143041193,17,9,16
16,1536,11542719129419553818,17,9,16
16,1537,3371194057446536298,17,9,16
16,1538,18213687542229398545,17,9,16
16,1539,12016959922395919758,17,9,12
16,1540,14558598520202252476,17,9,12
16,1541,10845498901487899450,17,9,16
16,1542,14968336526023056544,17,9,20
16,1543,11132390333711911485,17,9,20
16,1544,16556435590030921933,17,9,20
16,1545,15464872616148964316,17,9,20
16,1546,920278246117596571,17,9,20
16,1547,11913211372186605149,17,9,16
16,1548,11489970594713970801,17,9,16
16,1549,13434930457533728407,17,9,16
16,1550,7827878399075819525,17,9,16
16,1551,5521205246457124633,17,9,20
16,1552,18233401234423138610,17,9,20
16,1553,10167625644322209662,17,9,16
16,1554,1687945404127751255,17,9,20
16,1555,6796846318887009863,17,9,16
16,1556,13158653187183380274,17,9,20
16,1557,2886543150876940806,17,9,12
16,1558,7189757416086051081,17,9,16
16,1559,13369050678618239902,17,9,16
16,1560,9265170057859529904,17,9,16
16,1561,7720748139991142558,17,9,16
16,1562,530785714882367365,17,9,20
16,1563,9899966290836203408,17,9,16
16,1564,14682875926526191676,17,9,16
16,1565,17325758668997564318,17,9,16
16,1566,8430782988748255489,17,9,20
16,1567,15692022143555342585,17,9,20
16,1568,3751704788429919443,17,9,16
16,1569,247376106101425815,17,9,16
16,1570,9798714286497975746,17,9,20
16,1571,2462179351975150775,17,9,16
16,1572,16061795038784828428,17,9,16
16,1573,7727753402133398076,17,9,16
16,1574,11495452318722395162,17,9,16
16,1575,18179455182408560879,17,9,16
16,1576,14137122690778096950,17,9,20
16,1577,17453597588071463446,17,9,16
16,1578,6472973488008583749,17,9,20
16,1579,15732004666406832073,17,9,16
16,1580,37044874037566182,17,9,16
16,1581,13397553811889482980,17,9,16
16,1582,17986537992073713969,17,9,16
16,1583,770857223326583936,17,9,16
16,1584,1259920914030776462,17,9,16
16,1585,2965916695402554066,17,9,16
16,1586,17011376650254961131,17,9,16
16,1587,11675342629248534196,17,9,20
16,1588,5486969803605353326,17,9,16
16,1589,7209819569482672359,17,9,16
16,1590,12430899763893089576,17,9,16
16,1591,6543691041726131561,17,9,16
16,1592,5448113337791720971,17,9,16
16,1593,11785940852481457450,17,9,16
16,1594,14102858296061323245,17,9,16
16,1595,4600204936372236046,17,9,16
16,1596,129783817128373210,17,9,16
16,1597,143745045228994275,17,9,16
16,1598,11809756354469545782,17,9,20
16,1599,4981725564970548413,17,9,16
16,1600,852791562395311124,17,9,16
16,1601,14687005361633398762,17,9,16
16,1602,12739177268005645593,17,9,16
16,1603,13569923820536100194,17,9,16
16,1604,6615860838772709387,17,9,12
16,1605,3604401611240926822,17,9,16
16,1606,904761419599528259,17,9,16
16,1607,5167385766273461332,17,9,16
16,1608,8070900485372198273,17,9,16
16,1609,13636366740067887050,17,9,16
16,1610,13247263513953374354,17,9,16
16,1611,7919841641669535423,17,9,16
16,1612,14053801932652727532,17,9,16
16,1613,4671593354831583352,17,9,16
16,1614,10959920517452493890,17,9,20
16,1615,7899392029512153485,17,9,16
16,1616,5043325351377033715,17,9,12
16,1617,2886396913566093425,17,9,16
16,1618,17940758609444994863,17,9,16
16,1619,10954468512964268214,17,9,12
16,1620,12975232408573334059,17,9,20
16,1621,413051000578700453,17,9,16
16,1622,9890539581326563512,17,9,20
16,1623,6020184396349789676,17,9,20
16,1624,7955376809473277915,17,9,20
16,1625,15315120094701734197,17,9,20
16,1626,4648486071190780540,17,9,16
16,1627,17172176705274145625,17,9,16
16,1628,16634903534383696502,17,9,16
16,1629,17175808915039047110,17,9,20
16,1630,8601488449491336370,17,9,16
16,1631,3990827899309955711,17,9,16
16,1632,9504540342605776566,17,9,16
16,1633,7835376706313963510,17,9,16
16,1634,15821633843269201211,17,9,16
16,1635,4140751577590590688,17,9,16
16,1636,11063516111050998254,17,9,16
16,1637,5302378107479369821,17,9,16
16,1638,12446823703951238707,17,9,20
16,1639,16830943855749389046,17,9,20
16,1640,9960754065235861007,17,9,20
16,1641,13770048078991092990,17,9,16
16,1642,11720050198482458442,17,9,16
16,1643,13542847450581481095,17,9,16
16,1644,9402487206958045903,17,9,20
16,1645,10439128812410081912,17,9,16
16,1646,18000852151072540407,17,9,16
16,1647,10369449721494278822,17,9,16
16,1648,17516414258587843109,17,9,16
16,1649,7130455431772433710,17,9,16
16,1650,4820469870429975526,17,9,12
16,1651,9313632130611192180,17,9,20
16,1652,16678093870181205058,17,9,16
16,1653,14026117704937374521,17,9,16
16,1654,8130818052623774809,17,9,20
16,1655,12613019486503012179,17,9,16
16,1656,2156292154125267719,17,9,16
16,1657,13257761927746433699,17,9,20
16,1658,2210659561244979353,17,9,16
16,1659,2863911817985810128,17,9,16
16,1660,7385144193148378423,17,9,16
16,1661,2061285090812437374,17,9,16
16,1662,17246501403181175639,17,9,20
16,1663,7432626116774183566,17,9,20
16,1664,6761177885647102005,17,9,16
16,1665,6138129663797581772,17,9,16
16,1666,3354585824415514546,17,9,16
16,1667,10118396645353083784,17,9,20
16,1668,10358405801612552014,17,9,16
16,1669,14642459106607668499,17,9,16
16,1670,8097848585269198875,17,9,16
16,1671,14241539860366231007,17,9,20
16,1672,7122545565475523149,17,9,20
16,1673,9850382737039675928,17,9,12
16,1674,13280764864413752299,17,9,12
16,1675,16949878960239478273,17,9,16
16,1676,4923347396610699986,17,9,20
16,1677,18336485361082461860,17,9,20
16,1678,6116555252530574121,17,9,20
16,1679,17793724118810327099,17,9,16
16,1680,10976211649759721353,17,9,16
16,1681,5744405130685192685,17,9,20
16,1682,7161579444023061423,17,9,20
16,1683,12029540123460835131,17,9,20
16,1684,11869711871760561173,17,9,16
16,1685,9885581041725607348,17,9,16
16,1686,10301604270788539814,17,9,20
16,1687,15969877638829728884,17,9,20
16,1688,10170011380059651664,17,9,16
16,1689,9240276684031540053,17,9,16
16,1690,16178661846188701720,17,9,16
16,1691,1554007483112228390,17,9,24
16,1692,16033998552477113528,17,9,16
16,1693,9160450380993967433,17,9,16
16,1694,5306850207881397732,17,9,16
16,1695,11937453952014907131,17,9,20
16,1696,3386714645534106700,17,9,16
16,1697,1330026540915254320,17,9,16
16,1698,15501816353388817816,17,9,20
16,1699,10948673655476791631,17,9,16
16,1700,5846161399510462936,17,9,16
16,1701,15442389753837852765,17,9,16
16,1702,2724964972466020460,17,9,12
16,1703,12784543258004243970,17,9,16
16,1704,18059232179980161489,17,9,16
16,1705,12484049752296555158,17,9,20
16,1706,12929089307584471536,17,9,20
16,1707,11813005025226686257,17,9,16
16,1708,16286537252963198186,17,9,20
16,1709,5744469525372129724,17,9,20
16,1710,15420595270396575504,17,9,16
16,1711,1814753413650932153,17,9,16
16,1712,2718327225253009958,17,9,16
16,1713,12686018700010697546,17,9,16
16,1714,10640311114252022053,17,9,20
16,1715,16242174631673978402,17,9,16
16,1716,14465250261073458119,17,9,16
16,1717,17221690688931240508,17,9,16
16,1718,4303979788087366822,17,9,16
16,1719,2514873803250170001,17,9,16
16,1720,90286768024958520,17,9,20
16,1721,312145503298520403,17,9,16
16,1722,4259452083464945549,17,9,16
16,1723,15536247516123697131,17,9,16
16,1724,17938043504074256986,17,9,16
16,1725,3557896530060910451,17,9,16
16,1726,4865329896786258478,17,9,16
16,1727,3121754891562355590,17,9,20
16,1728,8100264431920975631,17,9,12
16,1729,18036807581867343889,17,9,16
16,1730,18307072591898757209,17,9,16
16,1731,5180138339882469391,17,9,16
16,1732,167019085446866474,17,9,16
16,1733,5386139083696951134,17,9,16
16,1734,5045852893990016350,17,9,16
16,1735,4805079429073479388,17,9,20
16,1736,8083481722193830271,17,9,16
16,1737,15382821417539040658,17,9,20
16,1738,2291329327411169835,17,9,20
16,1739,12977157611849839048,17,9,12
16,1740,17253991670144875338,17,9,12
16,1741,14182942768772555501,17,9,16
16,1742,11369112342862116647,17,9,20
16,1743,13918976617065067051,17,9,16
16,1744,13629958629232020811,17,9,20
16,1745,17935600019300243127,17,9,16
16,1746,11185261126986181846,17,9,20
16,1747,2996480814394634816,17,9,16
16,1748,11199633369206702612,17,9,20
16,1749,15834906678350313726,17,9,16
16,1750,14618878021147478554,17,9,20
16,1751,13310679476507673462,17,9,12
16,1752,13582780758667465692,17,9,16
16,1753,990137028775227886,17,9,16
16,1754,16536617641261610798,17,9,16
16,1755,2443546359187325635,17,9,16
16,1756,13438270324452175218,17,9,16
16,1757,7833555297900902127,17,9,20
16,1758,18217513197039167859,17,9,16
16,1759,1379012065041142027,17,9,16
16,1760,3243529573247344359,17,9,16
16,1761,1075568415651139435,17,9,12
16,1762,4120600459873453463,17,9,16
16,1763,17826497563130907152,17,9,16
16,1764,3506882290038494580,17,9,20
16,1765,13283214139293735710,17,9,20
16,1766,7050854956069838824,17,9,16
16,1767,3413520509373661273,17,9,16
16,1768,11339306117172743391,17,9,16
16,1769,6921807527133385755,17,9,16
16,1770,12398893395662634928,17,9,20
16,1771,16502657996851075419,17,9,16
16,1772,3826723235054978380,17,9,16
16,1773,1232223428909452810,17,9,12
16,1774,11743338194833079193,17,9,16
16,1775,16815812313612968789,17,9,16
16,1776,12926462805491120269,17,9,20
16,1777,17047466559072993204,17,9,12
16,1778,2630333231281759000,17,9,16
16,1779,17782171602831462899,17,9,16
16,1780,9832766487290336087,17,9,16
16,1781,17260644953535741226,17,9,16
16,1782,15989316785891440597,17,9,16
16,1783,11591867085685761712,17,9,16
16,1784,17451327914474891635,17,9,16
16,1785,990988710417048189,17,9,16
16,1786,2344496616643036392,17,9,20
16,1787,14157974009601760376,17,9,12
16,1788,12481430875332447006,17,9,16
16,1789,2595319349251703584,17,9,16
16,1790,10099147922058301292,17,9,16
16,1791,2098568357051971845,17,9,16
16,1792,12093060889635703405,17,9,16
16,1793,10316625883670391303,17,9,16
16,1794,12962963235115436693,17,9,20
16,1795,17937229662638468303,17,9,16
16,1796,819572901258600449,17,9,20
16,1797,4074415204546340516,17,9,16
16,1798,12556833580050099213,17,9,16
16,1799,17625708634392666524,17,9,12
16,1800,9585018236878938633,17,9,16
16,1801,11128402207029999005,17,9,16
16,1802,14189026613050098098,17,9,16
16,1803,1698273663747628481,17,9,16
16,1804,3691225849460984163,17,9,20
16,1805,422392451828891126,17,9,20
16,1806,13664923477113140622,17,9,20
16,1807,2584805492467088092,17,9,16
16,1808,18156847315369047773,17,9,20
16,1809,3819242308932516585,17,9,16
16,1810,6607425205590424978,17,9,20
16,1811,3670850950374891292,17,9,16
16,1812,16722060150479526635,17,9,16
16,1813,2296112059950151897,17,9,16
16,1814,6886851002605673049,17,9,20
16,1815,10105798927703604718,17,9,16
16,1816,3348502997390927689,17,9,16
16,1817,14042695076944777798,17,9,20
16,1818,3560329431645476036,17,9,16
16,1819,15153960365428840524,17,9,16
16,1820,4033351063356842742,17,9,16
16,1821,8773037097054337456,17,9,16
16,1822,6506677026654197739,17,9,16
16,1823,14958452448984805813,17,9,16
16,1824,2917806864116507967,17,9,16
16,1825,11544954531752804406,17,9,20
16,1826,2416186549064584899,17,9,20
16,1827,15477188556752878126,17,9,16
16,1828,3509364214028328951,17,9,20
16,1829,4865878822076484600,17,9,16
16,1830,1282444182907048172,17,9,16
16,1831,13065676582248454705,17,9,16
16,1832,1745760277765586017,17,9,12
16,1833,13122244760782672776,17,9,16
16,1834,182544866886899854,17,9,16
16,1835,10341108882075435219,17,9,16
16,1836,11623193215450015414,17,9,16
16,1837,14132208698459051548,17,9,16
16,1838,16735791693789199222,17,9,16
16,1839,6862539669337997901,17,9,20
16,1840,10892165354843970818,17,9,20
16,1841,7386336445666171804,17,9,20
16,1842,2245821802949875207,17,9,20
16,1843,1006837267909269027,17,9,16
16,1844,13244702087884116530,17,9,20
16,1845,11908441253153368556,17,9,16
16,1846,17284954074636108756,17,9,16
16,1847,1886772313018093396,17,9,16
16,1848,1338484639791932199,17,9,16
16,1849,17956723963783350123,17,9,16
16,1850,920070812196776443,17,9,16
16,1851,3644106559807975076,17,9,20
16,1852,6332681493566666335,17,9,16
16,1853,16823270046053347040,17,9,16
16,1854,674223075822725220,17,9,16
16,1855,2602758757905068765,17,9,20
16,1856,16352578325548948645,17,9,16
16,1857,18240515707102013376,17,9,16
16,1858,9334729854208321365,17,9,20
16,1859,205434001436659007,17,9,16
16,1860,6852969258653607735,17,9,16
16,1861,2522220254105288494,17,9,12
16,1862,10451184895704051738,17,9,16
16,1863,15776106807880668953,17,9,16
16,1864,6255693512440506516,17,9,20
16,1865,2801571318695248926,17,9,16
16,1866,9551841928202232892,17,9,16
16,1867,18191402477261984530,17,9,20
16,1868,11859535215668043870,17,9,20
16,1869,15237033213124282671,17,9,16
16,1870,828803806025171576,17,9,20
16,1871,5977706043314928733,17,9,16
16,1872,13375733384927420278,17,9,16
16,1873,6053923368665176647,17,9,16
16,1874,10004077594001068123,17,9,20
16,1875,9806660460393668002,17,9,16
16,1876,11734458320152141212,17,9,20
16,1877,8066940339624195354,17,9,20
16,1878,8689089581077032306,17,9,20
16,1879,3327268914712737513,17,9,16
16,1880,14129912634907455422,17,9,16
16,1881,13868088915102669740,17,9,16
16,1882,15872177162443738872,17,9,16
16,1883,17049223388842783702,17,9,16
16,1884,1069510896798779082,17,9,16
16,1885,1045918446950089311,17,9,16
16,1886,1765556730098939240,17,9,16
16,1887,14307418493163748356,17,9,16
16,1888,3989653439590553802,17,9,16
16,1889,1153554719352857618,17,9,16
16,1890,10187474559100853993,17,9,16
16,1891,3129070373911571669,17,9,16
16,1892,15066564965324926484,17,9,16
16,1893,3155431553657291257,17,9,16
16,1894,17143541198320678056,17,9,16
16,1895,8010146156386310987,17,9,16
16,1896,14072054439365639112,17,9,20
16,1897,9462357595913026447,17,9,16
16,1898,9816462290012876053,17,9,16
16,1899,14512057392646059123,17,9,16
16,1900,2470972569048563154,17,9,16
16,1901,2502048747563827283,17,9,20
16,1902,16280250910529782632,17,9,16
16,1903,4759709785903719545,17,9,20
16,1904,11873732382297688958,17,9,16
16,1905,2729046424971385979,17,9,20
16,1906,1570102370769151597,17,9,16
16,1907,7368311587021202181,17,9,16
16,1908,14049933260190511796,17,9,16
16,1909,14861192075923544081,17,9,20
16,1910,4737771079227230637,17,9,20
16,1911,3912801027580299564,17,9,16
16,1912,16353100953830581163,17,9,20
16,1913,12311106077674752753,17,9,16
16,1914,3037347744300963605,17,9,16
16,1915,2355490975335426964,17,9,16
16,1916,1117918726375238052,17,9,16
16,1917,11021707096347617284,17,9,16
16,1918,6793667001032532480,17,9,16
16,1919,12133411584323323865,17,9,20
16,1920,8720869169201248197,17,9,16
16,1921,13634281476861766373,17,9,16
16,1922,13152509657018541026,17,9,20
16,1923,4682290739595830171,17,9,20
16,1924,18070323607925072683,17,9,16
16,1925,138028396972047343,17,9,20
16,1926,11151068377077619586,17,9,16
16,1927,15313424888336924570,17,9,16
16,1928,16741092075136669709,17,9,20
16,1929,5179708062025717775,17,9,16
16,1930,10694320562748665987,17,9,20
16,1931,10865982015466787884,17,9,16
16,1932,17544074289061349694,17,9,20
16,1933,14580798931673310435,17,9,16
16,1934,1228364576817551642,17,9,16
16,1935,11615534343642889822,17,9,16
16,1936,8930863555394025726,17,9,12
16,1937,15731238592689927231,17,9,16
16,1938,7790237564252196874,17,9,16
16,1939,1040368423048567230,17,9,16
16,1940,10998373838250106286,17,9,20
16,1941,14452956181207176002,17,9,20
16,1942,18097753596789144661,17,9,20
16,1943,1095713451216344014,17,9,16
16,1944,7923009791500136821,17,9,16
16,1945,3426163390630402767,17,9,20
16,1946,16355827136930952568,17,9,16
16,1947,7506554752217812564,17,9,8
16,1948,15006917311159335647,17,9,16
16,1949,206911441726440202,17,9,16
16,1950,4440205321558932039,17,9,12
16,1951,4377239205905537105,17,9,16
16,1952,14161336915555304387,17,9,16
16,1953,17457252985269663072,17,9,16
16,1954,9683175282670627893,17,9,16
16,1955,17442440618919202618,17,9,16
16,1956,1205417244054640221,17,9,20
16,1957,3982475969834400670,17,9,16
16,1958,2188279960554216866,17,9,20
16,1959,3778346814789686306,17,9,20
16,1960,3689829643454280550,17,9,12
16,1961,10692856727982396589,17,9,16
16,1962,7195503818854730261,17,9,20
16,1963,13752169980273142607,17,9,16
16,1964,9419495094045828307,17,9,12
16,1965,10006168943615866710,17,9,20
16,1966,825489110698078087,17,9,20
16,1967,8082833041122198220,17,9,20
16,1968,15176923561525856750,17,9,16
16,1969,16396479516922473885,17,9,16
16,1970,1035329661007294599,17,9,16
16,1971,15415962215154239108,17,9,16
16,1972,9919801905140135758,17,9,12
16,1973,9733855237066263581,17,9,16
16,1974,8168366019053170919,17,9,16
16,1975,2851098649303568117,17,9,16
16,1976,4416451499119156853,17,9,16
16,1977,3579970828448323648,17,9,16
16,1978,4875063672412151283,17,9,12
16,1979,13629835704866981313,17,9,16
16,1980,1680298985281814498,17,9,20
16,1981,10027901676465896311,17,9,16
16,1982,15335210159760570069,17,9,24
16,1983,932474074409605286,17,9,16
16,1984,16889374034850033199,17,9,20
16,1985,7894135325764913028,17,9,16
16,1986,8784749668307238595,17,9,16
16,1987,2527426144659889643,17,9,20
16,1988,14289498382578573669,17,9,16
16,1989,13710515918654463214,17,9,16
16,1990,14970976406477186326,17,9,20
16,1991,199692312055185932,17,9,16
16,1992,4408947547930694051,17,9,16
16,1993,18358111335334431838,17,9,20
16,1994,3021355221033262170,17,9,16
16,1995,2937074180371665540,17,9,20
16,1996,2295945340774497064,17,9,20
16,1997,3620257855375308052,17,9,16
16,1998,17118583268745071378,17,9,16
16,1999,6462412661320903968,17,9,20
16,2000,10221830533591870811,17,9,16
16,2001,7821256765722250151,17,9,16
16,2002,5803072966887164784,17,9,16
16,2003,7425386396723037513,17,9,16
16,2004,10484520135729498753,17,9,20
16,2005,4485191866614981516,17,9,20
16,2006,2811524347623881971,17,9,16
16,2007,2795913028817387628,17,9,20
16,2008,15338114843483022437,17,9,20
16,2009,5818741595956469989,17,9,16
16,2010,11161885866142441101,17,9,16
16,2011,18225861439749808980,17,9,20
16,2012,17925862257217842438,17,9,20
16,2013,7572005225479740270,17,9,20
16,2014,7344562032042939170,17,9,16
16,2015,1099970538982532842,17,9,16
16,2016,18334838550493988818,17,9,20
16,2017,138624084114155303,17,9,20
16,2018,12273657323712234519,17,9,20
16,2019,9857923346456420679,17,9,16
16,2020,17131089160738635493,17,9,16
16,2021,11134504458084488796,17,9,20
16,2022,2945757195407641166,17,9,16
16,2023,12116660742194567269,17,9,20
16,2024,1060802729918307710,17,9,16
16,2025,9841798339489582778,17,9,16
16,2026,16002896206037757245,17,9,16
16,2027,7677496545127025525,17,9,16
16,2028,6455269092618298314,17,9,16
16,2029,6527620665637970039,17,9,16
16,2030,16445878960295291076,17,9,20
16,2031,18402955174536419112,17,9,16
16,2032,12349468287533836404,17,9,16
16,2033,10360976211992924984,17,9,16
16,2034,2231799766037252196,17,9,16
16,2035,16106099443631418051,17,9,16
16,2036,566812679981215948,17,9,16
16,2037,14326611048968947839,17,9,16
16,2038,11398394766008329897,17,9,16
16,2039,8242902017939449220,17,9,16
16,2040,14187771914211598733,17,9,20
16,2041,18318520131800870515,17,9,20
16,2042,11999206891653421802,17,9,16
16,2043,7440105719435276343,17,9,20
16,2044,6244306774827672036,17,9,20
16,2045,11515534611631177398,17,9,16
16,2046,7185527970017724443,17,9,16
16,2047,6089987771352566940,17,9,20
16,2048,6112285472669101276,17,9,16
16,2049,4348566280337350060,17,9,16
16,2050,6118820390342885526,17,9,16
16,2051,15556203249079382559,17,9,16
16,2052,6042547605135380080,17,9,20
16,2053,18008512996541034640,17,9,20
16,2054,12346218340472975265,17,9,12
16,2055,13070273149940149586,17,9,20
16,2056,4888141875155000988,17,9,16
16,2057,8599116349117786350,17,9,20
16,2058,925539771089785445,17,9,16
16,2059,7071780167088847629,17,9,20
16,2060,2380896199019929868,17,9,16
16,2061,9211903274817159792,17,9,16
16,2062,12720020898285662439,17,9,16
16,2063,13721079122255134239,17,9,16
16,2064,14748804456373519736,17,9,16
16,2065,17792336620218445280,17,9,16
16,2066,3123380452475891853,17,9,20
16,2067,11706297472785905562,17,9,16
16,2068,17193875709294909593,17,9,16
16,2069,12956136570897084753,17,9,16
16,2070,1575605514008132332,17,9,12
16,2071,15444501591193873375,17,9,16
16,2072,11439505227635128736,17,9,16
16,2073,11616170338057091769,17,9,16
16,2074,6138592043892215938,17,9,20
16,2075,7282547614745609466,17,9,20
16,2076,2942476903892950958,17,9,20
16,2077,2805936143059327675,17,9,20
16,2078,2265036760349180512,17,9,12
16,2079,12064687337138498209,17,9,12
16,2080,3975889769054289073,17,9,16
16,2081,15690332522234283408,17,9,16
16,2082,1894699347918927925,17,9,16
16,2083,5288199385206701975,17,9,16
16,2084,15405044699255202583,17,9,20
16,2085,967622358821672696,17,9,16
16,2086,17688597653364616753,17,9,16
16,2087,13951051875840531085,17,9,16
16,2088,13866320066001770482,17,9,20
16,2089,2910724192032526646,17,9,16
16,2090,9608519892637612255,17,9,16
16,2091,10488827343458789389,17,9,16
16,2092,7477086820970148238,17,9,16
16,2093,7702674020002219025,17,9,12
16,2094,9345964420333550716,17,9,20
16,2095,3546985064075434402,17,9,12
16,2096,3631469463428770109,17,9,20
16,2097,14713634874895996533,17,9,16
16,2098,14601645171491416609,17,9,16
16,2099,10491422015418740518,17,9,20
16,2100,1185708571798604235,17,9,16
16,2101,10576432056817490579,17,9,16
16,2102,7800075134003866338,17,9,20
16,2103,16984941881208490754,17,9,20
16,2104,11563667052681084676,17,9,16
16,2105,12057067006377237492,17,9,16
16,2106,11376265978521522255,17,9,16
16,2107,14955166478456853783,17,9,16
16,2108,14978461123652244913,17,9,16
16,2109,17283150927213577304,17,9,20
16,2110,15287598533566981344,17,9,16
16,2111,7237008191722974101,17,9,20
16,2112,301410994903618295,17,9,16
16,2113,12134353852423160617,17,9,16
16,2114,17120288545899528777,17,9,12
16,2115,626693276651019386,17,9,16
16,2116,5636830814026178112,17,9,16
16,2117,16391942679085178325,17,9,16
16,2118,285216276372020673,17,9,16
16,2119,15631639528173816408,17,9,20
16,2120,17536028769673087804,17,9,16
16,2121,2036367851973924046,17,9,12
16,2122,2456653499278129485,17,9,16
16,2123,9573475288538029170,17,9,16
16,2124,11638852203326055075,17,9,16
16,2125,3873622676202351687,17,9,20
16,2126,14535779955010447764,17,9,16
16,2127,4905426278511978133,17,9,16
16,2128,12243005058247470054,17,9,16
16,2129,13114884468081392002,17,9,20
16,2130,11169183042285255814,17,9,16
16,2131,6471066369306707571,17,9,20
16,2132,10093926051565805850,17,9,20
16,2133,13078414665436286059,17,9,16
16,2134,10239571937612286617,17,9,20
16,2135,17521924443359670862,17,9,16
16,2136,7417743470829652858,17,9,20
16,2137,2342034372045583181,17,9,16
16,2138,2339433107325888666,17,9,16
16,2139,3316391629344145116,17,9,16
16,2140,17092640329091300089,17,9,16
16,2141,6626784644345171558,17,9,16
16,2142,8918016234704573010,17,9,12
16,2143,1534902075704361647,17,9,20
16,2144,13353067535617745913,17,9,16
16,2145,2312171714712038354,17,9,20
16,2146,13503894215062868026,17,9,16
16,2147,5958465270430151900,17,9,20
16,2148,10130603790076484234,17,9,20
16,2149,4049985440302422871,17,9,16
16,2150,4841649537329441029,17,9,16
16,2151,12573402461889563111,17,9,16
16,2152,62527309790848081,17,9,16
16,2153,11242427371233786905,17,9,16
16,2154,667188540878203107,17,9,20
16,2155,1639028841076874241,17,9,16
16,2156,8466450381225605782,17,9,16
16,2157,12252521405228346745,17,9,16
16,2158,12616712266951433452,17,9,16
16,2159,6390589537981070804,17,9,20
16,2160,3125480120605968293,17,9,20
16,2161,9107906524006183914,17,9,16
16,2162,12590150421173477175,17,9,20
16,2163,13292496882643879707,17,9,16
16,2164,5334601549256890002,17,9,16
16,2165,7775343993484226312,17,9,16
16,2166,17108679417574628824,17,9,16
16,2167,4356574943117908149,17,9,20
16,2168,16903734955952874957,17,9,12
16,2169,13312893805424926652,17,9,16
16,2170,11647954613859525898,17,9,16
16,2171,3816946210640720082,17,9,16
16,2172,5367897199520363271,17,9,16
16,2173,3109365656871698664,17,9,20
16,2174,4724402348562849266,17,9,16
16,2175,5558283798906224330,17,9,16
16,2176,3358307521666114447,17,9,16
16,2177,13623660292637566523,17,9,16
16,2178,17744376230484999836,17,9,16
16,2179,14870608578416435281,17,9,20
16,2180,17554079938564942877,17,9,20
16,2181,12959701568273734989,17,9,16
16,2182,16663676004858841261,17,9,16
16,2183,18245128266245766965,17,9,16
16,2184,2268341019359921540,17,9,16
16,2185,7671057174469833315,17,9,16
16,2186,212891741504939922,17,9,20
16,2187,16596631073150598083,17,9,16
16,2188,9803954426506129684,17,9,16
16,2189,9683479049832481278,17,9,20
16,2190,1743986653239540545,17,9,16
16,2191,737388552559085225,17,9,16
16,2192,13192289876332926410,17,9,20
16,2193,14849197108611533292,17,9,16
16,2194,6617755467577496472,17,9,16
16,2195,16100362235677489044,17,9,16
16,2196,18329129259750721176,17,9,16
16,2197,17988762881454260938,17,9,16
16,2198,3407607702700315281,17,9,16
16,2199,7193543688999361604,17,9,16
16,2200,10270810751812649041,17,9,16
16,2201,17503390711527816950,17,9,16
16,2202,14440343406843899398,17,9,16
16,2203,16364041629093875684,17,9,20
16,2204,16707070134623744620,17,9,16
16,2205,7813139179437056498,17,9,20
16,2206,17341631058320074020,17,9,16
16,2207,9411902852835715273,17,9,16
16,2208,8821972295547314970,17,9,20
16,2209,10940321065623091148,17,9,16
16,2210,11002384636075932824,17,9,20
16,2211,16571518162206401616,17,9,12
16,2212,5181299259373969658,17,9,20
16,2213,2529982727941720859,17,9,16
16,2214,2460755532684532803,17,9,20
16,2215,7793427406806477018,17,9,16
16,2216,1204718387777022241,17,9,20
16,2217,373355581177745382,17,9,12
16,2218,11593750592378591794,17,9,16
16,2219,682404651710295269,17,9,16
16,2220,13164405582896820170,17,9,16
16,2221,13025464272941619417,17,9,20
16,2222,17485872141205649086,17,9,16
16,2223,2908460166490828343,17,9,16
16,2224,8430606587578195168,17,9,16
16,2225,7082813200196675890,17,9,16
16,2226,17986598418243151473,17,9,20
16,2227,14239477743920355050,17,9,16
16,2228,12685026581657020448,17,9,20
16,2229,17457509798518383984,17,9,20
16,2230,17939419700026209503,17,9,16
16,2231,3641779620575110317,17,9,20
16,2232,11351524020616608780,17,9,16
16,2233,16067694144636503680,17,9,20
16,2234,32629190322462609,17,9,16
16,2235,11938708087620018683,17,9,20
16,2236,3233040769103371945,17,9,16
16,2237,1571358290926459823,17,9,20
16,2238,18204036387924444347,17,9,16
16,2239,2800699587015781156,17,9,20
16,2240,1988252875175129674,17,9,16
16,2241,8808708851558315017,17,9,16
16,2242,5318416513363523086,17,9,16
16,2243,4289892526092402872,17,9,16
16,2244,11994182664991617926,17,9,16
16,2245,11845411515563438208,17,9,16
16,2246,17785261903857913788,17,9,16
16,2247,1182595129230675916,17,9,16
16,2248,16999942472273899412,17,9,12
16,2249,13231728283040988565,17,9,16
16,2250,7844431815641314302,17,9,16
16,2251,3124412415745948701,17,9,16
16,2252,12968343870405922767,17,9,16
16,2253,11628750983090865834,17,9,16
16,2254,10849347908776042727,17,9,16
16,2255,12210930115185611039,17,9,16
16,2256,10666030913745810618,17,9,16
16,2257,16221173698823327487,17,9,16
16,2258,4475024272448610105,17,9,16
16,2259,15472603165740946247,17,9,20
16,2260,7947506883646078946,17,9,12
16,2261,15684970356852372804,17,9,12
16,2262,5770569600372372425,17,9,20
16,2263,15478375096603620480,17,9,20
16,2264,6850852125462675738,17,9,20
16,2265,6972001617687328799,17,9,12
16,2266,6329879928069646263,17,9,16
16,2267,16025194300041731738,17,9,16
16,2268,23155762789055315,17,9,16
16,2269,10959202088353288213,17,9,16
16,2270,8965959912141115812,17,9,16
16,2271,14898891441547347077,17,9,16
16,2272,16566853749889081067,17,9,16
16,2273,17900397445965703072,17,9,16
16,2274,13803271498598488901,17,9,16
16,2275,15794530050883370495,17,9,16
16,2276,11078477659415364573,17,9,20
16,2277,18414977602922212888,17,9,16
16,2278,11750476242906875025,17,9,16
16,2279,4501592513071789046,17,9,16
16,2280,7403494703202368018,17,9,16
16,2281,9805317190402587194,17,9,16
16,2282,1951059344710750271,17,9,16
16,2283,15443769890061467550,17,9,16
16,2284,10341743581396453012,17,9,16
16,2285,16191044163537146725,17,9,16
16,2286,6032807838932197739,17,9,20
16,2287,15651155505403369016,17,9,20
16,2288,10282004687363643461,17,9,20
16,2289,9764966211986180717,17,9,20
16,2290,7432665737066855318,17,9,16
16,2291,10595329293851841328,17,9,16
16,2292,10133039562632214217,17,9,20
16,2293,12627101695978323781,17,9,16
16,2294,11703898177186254033,17,9,20
16,2295,2877694183060679591,17,9,20
16,2296,17720757956119986136,17,9,16
16,2297,15918635754861556661,17,9,16
16,2298,3974971006676123546,17,9,16
16,2299,17332290817803886961,17,9,16
16,2300,4490802375510862276,17,9,16
16,2301,8635963201891484424,17,9,16
16,2302,7215728482803196483,17,9,16
16,2303,18331587215226779754,17,9,12
16,2304,683146960361382715,17,9,16
16,2305,7935956049171082596,17,9,16
16,2306,17912701336206443563,17,9,16
16,2307,9043044009334253162,17,9,16
16,2308,530395089112413382,17,9,16
16,2309,7436221535356236226,17,9,16
16,2310,5825113789514679132,17,9,16
16,2311,844575641122769755,17,9,16
16,2312,3374828269888227422,17,9,12
16,2313,5728999222054532691,17,9,16
16,2314,18111126684299995275,17,9,16
16,2315,2527053315389538928,17,9,20
16,2316,17575264360408441854,17,9,16
16,2317,6061128503503429645,17,9,16
16,2318,7919550932429463342,17,9,16
16,2319,12382357947274607640,17,9,16
16,2320,3609324068141129351,17,9,20
16,2321,11857762625384734013,17,9,16
16,2322,2193388107225045172,17,9,16
16,2323,8267912071103443329,17,9,20
16,2324,6647233577289595469,17,9,20
16,2325,6167201555264957722,17,9,16
16,2326,2081803583440980834,17,9,16
16,2327,12943232964230715019,17,9,16
16,2328,2662755392682979610,17,9,20
16,2329,14439888087729072149,17,9,16
16,2330,11542076303705439237,17,9,20
16,2331,8235510720790478473,17,9,16
16,2332,230781222193060908,17,9,20
16,2333,8812032148649832427,17,9,16
16,2334,13225913408056022182,17,9,16
16,2335,8050724253221924636,17,9,20
16,2336,7628602467975864882,17,9,20
16,2337,15281149348795522304,17,9,16
16,2338,14168177097603049073,17,9,12
16,2339,693254962462514354,17,9,20
16,2340,5633265827768057090,17,9,16
16,2341,6917475893145097274,17,9,16
16,2342,17215499069856414746,17,9,16
16,2343,7805559251111597706,17,9,20
16,2344,5112249529850994984,17,9,20
16,2345,9868709341029770951,17,9,16
16,2346,2504212820802330183,17,9,16
16,2347,15493597310060661972,17,9,16
16,2348,8846593597010669782,17,9,20
16,2349,1794509267829664959,17,9,16
16,2350,17178963174807302559,17,9,20
16,2351,10702927693753904342,17,9,16
16,2352,3727087972790702554,17,9,16
16,2353,8285684432210269197,17,9,16
16,2354,10083199856608107074,17,9,16
16,2355,3554667612044808032,17,9,20
16,2356,7690049688695741840,17,9,16
16,2357,6903633025607642622,17,9,12
16,2358,10446193231501477927,17,9,16
16,2359,6336207745330873570,17,9,16
16,2360,11493065702269983315,17,9,12
16,2361,13968942027131532404,17,9,16
16,2362,4067828502129742286,17,9,20
16,2363,14205919914499439066,17,9,12
16,2364,3102135719847745926,17,9,16
16,2365,6819473095439554044,17,9,16
16,2366,16914703095562571284,17,9,20
16,2367,3602383623769566258,17,9,16
16,2368,11727432005969045408,17,9,16
16,2369,7950524413006744468,17,9,16
16,2370,12804945110739236501,17,9,20
16,2371,10627891391341460922,17,9,16
16,2372,6566303951998223094,17,9,12
16,2373,5860907927462942946,17,9,20
16,2374,13363210305591547619,17,9,16
16,2375,1976419209916609570,17,9,16
16,2376,13132003020878505276,17,9,20
16,2377,8976978876350496522,17,9,20
16,2378,11862980416509103170,17,9,20
16,2379,5313576967060991131,17,9,16
16,2380,6447817303355528570,17,9,16
16,2381,1823069597752585808,17,9,16
16,2382,13727308362491695771,17,9,16
16,2383,2944812969382560257,17,9,20
16,2384,3835513727235478649,17,9,16
16,2385,3481443976355871941,17,9,16
16,2386,4664452974890450812,17,9,20
16,2387,1240468616529058860,17,9,16
16,2388,5712465922257740620,17,9,16
16,2389,8676715680814811107,17,9,16
16,2390,6288960786167951254,17,9,20
16,2391,14685196250344973919,17,9,16
16,2392,4347724402890330584,17,9,16
16,2393,13143160829996149283,17,9,16
16,2394,18226105552856502376,17,9,16
16,2395,18318581065940608586,17,9,16
16,2396,8601310604431374543,17,9,16
16,2397,3220790580560326578,17,9,20
16,2398,7557092920758786248,17,9,20
16,2399,13766518849380242951,17,9,16
16,2400,5943473012047825537,17,9,12
16,2401,6450660591628853574,17,9,16
16,2402,12497011295269478293,17,9,16
16,2403,9392459126618118397,17,9,12
16,2404,3699842135637569422,17,9,16
16,2405,10275362407427533986,17,9,16
16,2406,11503958048799783508,17,9,16
16,2407,13236864500010064244,17,9,16
16,2408,10312476366820738664,17,9,16
16,2409,12225132092323763130,17,9,16
16,2410,16123424183948893058,17,9,16
16,2411,10217461334451375040,17,9,20
16,2412,16619518164583323073,17,9,20
16,2413,9092959040777621494,17,9,20
16,2414,9701242050614351882,17,9,16
16,2415,6774635316479454867,17,9,16
16,2416,2897854678219248168,17,9,20
16,2417,3999157356218359743,17,9,16
16,2418,936479993666098893,17,9,16
16,2419,5942335997921818331,17,9,20
16,2420,14107014569182559100,17,9,20
16,2421,14878501557840775229,17,9,16
16,2422,8445928140559985457,17,9,16
16,2423,12692833325940499022,17,9,20
16,2424,16245422798764191054,17,9,20
16,2425,4066676973928999130,17,9,16
16,2426,13862618671729276871,17,9,16
16,2427,1518842386060532300,17,9,16
16,2428,15383671621500269779,17,9,16
16,2429,1035488279768583613,17,9,20
16,2430,18327062190110065885,17,9,16
16,2431,9976305372026107126,17,9,20
16,2432,12409268304398222982,17,9,20
16,2433,7434505764541257211,17,9,16
16,2434,11841985376370589815,17,9,16
16,2435,12643456706883838785,17,9,20
16,2436,14109241708180731767,17,9,16
16,2437,9688780929235522765,17,9,16
16,2438,7053738117670737513,17,9,20
16,2439,4999558783572058444,17,9,20
16,2440,15147206935405549886,17,9,20
16,2441,5576895451665691960,17,9,20
16,2442,13159547942341323432,17,9,16
16,2443,16331341557166035963,17,9,16
16,2444,14203080574094748639,17,9,20
16,2445,13100943782668372129,17,9,16
16,2446,2380700431555487891,17,9,16
16,2447,13813916116314478507,17,9,16
16,2448,11031180323270229213,17,9,16
16,2449,414181703362610362,17,9,16
16,2450,17171876372321251119,17,9,16
16,2451,2801299114265579872,17,9,16
16,2452,9553966936270719218,17,9,16
16,2453,14445024682078889900,17,9,16
16,2454,12386310416303881431,17,9,16
16,2455,16547553246698520808,17,9,16
16,2456,1105061433756768147,17,9,20
16,2457,6087179428515944669,17,9,16
16,2458,11804587066270974417,17,9,16
16,2459,13028406375242543422,17,9,16
16,2460,4241635761861996232,17,9,16
16,2461,4681841870665223481,17,9,16
16,2462,11937610202222459759,17,9,20
16,2463,15879164317965476709,17,9,20
16,2464,8250099112833828120,17,9,20
16,2465,13967719229251510747,17,9,16
16,2466,18231294760660440171,17,9,20
16,2467,1593203621045834848,17,9,16
16,2468,7934148960603607408,17,9,20
16,2469,12849472205668173845,17,9,16
16,2470,15574924959752963230,17,9,16
16,2471,9814724309886783674,17,9,16
16,2472,14873983440030719079,17,9,16
16,2473,14464275928681330310,17,9,20
16,2474,8496798860538186708,17,9,16
16,2475,7364275644197738364,17,9,16
16,2476,11313788805140644915,17,9,16
16,2477,13063468850645605144,17,9,12
16,2478,12269932266281800269,17,9,20
16,2479,5282292923183830194,17,9,16
16,2480,12819923028860725822,17,9,16
16,2481,3183835103900408250,17,9,16
16,2482,17465952027755797178,17,9,12
16,2483,12878581699294128501,17,9,16
16,2484,7053821123436204064,17,9,16
16,2485,3517835354425820840,17,9,16
16,2486,15930910649843608478,17,9,16
16,2487,8827213428617057753,17,9,12
16,2488,18187822220880466690,17,9,16
16,2489,11536891330005242572,17,9,16
16,2490,9377856123435726011,17,9,16
16,2491,6097215998435826031,17,9,16
16,2492,12134532152938564801,17,9,20
16,2493,17660832433070288057,17,9,16
16,2494,11236070231247536077,17,9,20
16,2495,6255512001367131115,17,9,16
16,2496,5358681946743282030,17,9,16
16,2497,11421734108744888582,17,9,16
16,2498,939564635962059603,17,9,12
16,2499,4715504642042411794,17,9,20
16,2500,13666676097512327417,17,9,12
16,2501,15892874366552472236,17,9,16
16,2502,17002178248368068814,17,9,16
16,2503,13485906595243902613,17,9,20
16,2504,4101843064154477629,17,9,16
16,2505,2268299025525398997,17,9,16
16,2506,13498440802850112683,17,9,16
16,2507,3027730651221724271,17,9,16
16,2508,17308954817466449913,17,9,20
16,2509,2772972076628022732,17,9,16
16,2510,2867900993451141443,17,9,12
16,2511,16978980069093976530,17,9,20
16,2512,16567962268267929462,17,9,16
16,2513,14560827693552469638,17,9,16
16,2514,16990286472065694496,17,9,20
16,2515,14328664892398712111,17,9,20
16,2516,2067245680972972556,17,9,16
16,2517,15477592504861066581,17,9,20
16,2518,14542069312481673643,17,9,16
16,2519,227128437260935982,17,9,12
16,2520,10961603899853646479,17,9,16
16,2521,17763591038994707324,17,9,16
16,2522,4758214756030910675,17,9,20
16,2523,17212833961937719760,17,9,16
16,2524,8724482664432811547,17,9,16
16,2525,17700666770962331079,17,9,16
16,2526,13138697819885400655,17,9,16
16,2527,4714144516085198978,17,9,16
16,2528,13593057643539412662,17,9,20
16,2529,2069625203936887112,17,9,16
16,2530,4027417698272645487,17,9,16
16,2531,13502025573945225564,17,9,16
16,2532,10762631404319427961,17,9,16
16,2533,4930358818498562833,17,9,16
16,2534,13247020424503333361,17,9,20
16,2535,6960018135273605884,17,9,12
16,2536,8338322901329091760,17,9,12
16,2537,883165683591867343,17,9,16
16,2538,9183004382505048393,17,9,20
16,2539,17317301435891321782,17,9,16
16,2540,18431806355788334042,17,9,16
16,2541,7712068465637736141,17,9,16
16,2542,13492083358343466427,17,9,16
16,2543,2822140692917693709,17,9,20
16,2544,10686028688327855733,17,9,16
16,2545,11264748786919992851,17,9,16
16,2546,10499216765880965752,17,9,20
16,2547,5400462773436043263,17,9,16
16,2548,7398733151698493778,17,9,16
16,2549,17018327838647801346,17,9,20
16,2550,6586247766218684408,17,9,16
16,2551,7568584957520871209,17,9,20
16,2552,7055518934411119085,17,9,20
16,2553,7878903991273652100,17,9,16
16,2554,9983301483106817354,17,9,16
16,2555,15476780903620791674,17,9,12
16,2556,10603803693900126613,17,9,16
16,2557,17116344047987122817,17,9,20
16,2558,17949046827873914419,17,9,12
16,2559,15662867716230135674,17,9,12
16,2560,2610043506898169678,17,9,16
16,2561,13058504774784176182,17,9,16
16,2562,1633154568483130593,17,9,16
16,2563,6941058852735013010,17,9,16
16,2564,14619864765419316394,17,9,16
16,2565,6744381639735085404,17,9,16
16,2566,11911092693987846220,17,9,20
16,2567,5178783957866011628,17,9,16
16,2568,17743337151804111030,17,9,16
16,2569,2321469601717067010,17,9,16
16,2570,15199131850105603651,17,9,16
16,2571,9010169965471209366,17,9,16
16,2572,6838748847541919582,17,9,16
16,2573,1390545896860664349,17,9,16
16,2574,268999969734606559,17,9,20
16,2575,3271820098337058041,17,9,16
16,2576,16252409477780724557,17,9,16
16,2577,5549561009536800101,17,9,16
16,2578,12133428807761480425,17,9,16
16,2579,4407514408927054078,17,9,16
16,2580,6149405430375715868,17,9,16
16,2581,17754506255934397367,17,9,16
16,2582,15358736259008680035,17,9,16
16,2583,7727143531813265210,17,9,20
16,2584,11337358346563360057,17,9,20
16,2585,1017242545712069287,17,9,20
16,2586,11830468889911666512,17,9,16
16,2587,12788473169706115546,17,9,16
16,2588,551131554944757493,17,9,16
16,2589,17064046937306361993,17,9,16
16,2590,12560997189047261487,17,9,20
16,2591,3437919454935991370,17,9,16
16,2592,1615446444900900298,17,9,20
16,2593,4700699142191853939,17,9,16
16,2594,13391390209695089945,17,9,16
16,2595,6982245706837912426,17,9,12
16,2596,10085711052010672212,17,9,20
16,2597,4851718762628597431,17,9,20
16,2598,229706884013827004,17,9,20
16,2599,7306033154551888147,17,9,20
16,2600,8063282461739695565,17,9,16
16,2601,11589390995848882692,17,9,20
16,2602,16383581559973391434,17,9,16
16,2603,2780365345723329475,17,9,20
16,2604,10757383912008349913,17,9,16
16,2605,11255861394098680831,17,9,12
16,2606,7775494064125904919,17,9,16
16,2607,4558009400330070860,17,9,20
16,2608,7827235065195427543,17,9,16
16,2609,13030104735810992335,17,9,20
16,2610,4770938266400202047,17,9,16
16,2611,4307950147030949874,17,9,16
16,2612,15461084064873443131,17,9,20
16,2613,10249748279425496854,17,9,20
16,2614,18041270250629975059,17,9,16
16,2615,1309596151000843106,17,9,16
16,2616,15267299876617554549,17,9,16
16,2617,1958528718698928802,17,9,20
16,2618,7956539338654813835,17,9,16
16,2619,14678935844557432193,17,9,16
16,2620,3116552768368382315,17,9,20
16,2621,14119580328682483480,17,9,16
16,2622,15380248609041398231,17,9,16
16,2623,18124856169633351758,17,9,16
16,2624,5442938025173148306,17,9,20
16,2625,1444918391222285151,17,9,16
16,2626,13676422608788495573,17,9,16
16,2627,17685973901560953777,17,9,20
16,2628,11790764919753005142,17,9,16
16,2629,14005619982226158431,17,9,16
16,2630,13850409973498109456,17,9,16
16,2631,15715730536331577172,17,9,16
16,2632,8669148346094860992,17,9,16
16,2633,8429002388921988019,17,9,16
16,2634,9403752893191320526,17,9,20
16,2635,9437465799425769314,17,9,16
16,2636,6416691147189775457,17,9,16
16,2637,11106248769444737645,17,9,16
16,2638,8411283524751652694,17,9,16
16,2639,9261720809058825129,17,9,16
16,2640,1259804174099079377,17,9,20
16,2641,15797929203832275571,17,9,16
16,2642,14391119117161874199,17,9,12
16,2643,10766034690803500208,17,9,16
16,2644,690399936712227953,17,9,16
16,2645,15424730422056225202,17,9,16
16,2646,17213229657300334206,17,9,20
16,2647,13317352794448755400,17,9,16
16,2648,2590791385648846885,17,9,20
16,2649,4625158029072807941,17,9,20
16,2650,2680974549761547199,17,9,16
16,2651,16126662280569899928,17,9,16
16,2652,1034440300801649368,17,9,16
16,2653,11103656097076630717,17,9,20
16,2654,17997152032776661533,17,9,20
16,2655,14000265840804525696,17,9,20
16,2656,16891027625717793840,17,9,16
16,2657,12715027818366388840,17,9,20
16,2658,9207317080809069412,17,9,20
16,2659,6826951728701954964,17,9,20
16,2660,13238015196136512810,17,9,16
16,2661,12679500158683587870,17,9,16
16,2662,286322815139787885,17,9,16
16,2663,16470656990772337348,17,9,20
16,2664,17540579518118475836,17,9,20
16,2665,8700361073424235597,17,9,20
16,2666,3792185430715137752,17,9,16
16,2667,211329820983168807,17,9,16
16,2668,10981490590632493185,17,9,16
16,2669,259134108500650094,17,9,12
16,2670,537927855839834012,17,9,20
16,2671,706726733243775658,17,9,16
16,2672,15632593666903563855,17,9,16
16,2673,15317940183615796373,17,9,12
16,2674,12084679064920247480,17,9,16
16,2675,9183535179041329239,17,9,16
16,2676,8284747752716291132,17,9,16
16,2677,3036315041186850547,17,9,24
16,2678,11888436737027813882,17,9,16
16,2679,7666496339432944797,17,9,16
16,2680,1484835337078698837,17,9,16
16,2681,9374642142072540664,17,9,12
16,2682,7845202764635493399,17,9,20
16,2683,4211378340000676315,17,9,12
16,2684,14074246637046096252,17,9,20
16,2685,14989785351272382539,17,9,20
16,2686,5547648000216657839,17,9,20
16,2687,13389252475291552635,17,9,20
16,2688,10922938226911894994,17,9,20
16,2689,4319152785316284420,17,9,16
16,2690,9977511158337059087,17,9,16
16,2691,16828983501382903435,17,9,20
16,2692,15284675551706223458,17,9,16
16,2693,15532279199132556680,17,9,16
16,2694,14475786509104103770,17,9,16
16,2695,2689831244080743847,17,9,20
16,2696,5187103627888919942,17,9,16
16,2697,17842138728407736948,17,9,20
16,2698,11273149989748664720,17,9,16
16,2699,13891819056672072436,17,9,16
16,2700,15719625606796156097,17,9,16
16,2701,8638212846425299945,17,9,16
16,2702,16070415973327574519,17,9,16
16,2703,3946798269676275959,17,9,20
16,2704,12956436603422872683,17,9,20
16,2705,6160967241544221786,17,9,20
16,2706,8270268911711226670,17,9,16
16,2707,284888216533062349,17,9,12
16,2708,10746827459359199016,17,9,20
16,2709,1659006573687965263,17,9,16
16,2710,8688644806530425114,17,9,16
16,2711,5279072436289595634,17,9,12
16,2712,8569363163049925741,17,9,16
16,2713,3086484168227630897,17,9,16
16,2714,16933267697697287399,17,9,20
16,2715,679197929720318354,17,9,16
16,2716,8406351773554051225,17,9,20
16,2717,1072252279389672,17,9,16
16,2718,17955103145556597319,17,9,12
16,2719,16991512858916299806,17,9,16
16,2720,4196828876854255771,17,9,16
16,2721,6654695405607639728,17,9,12
16,2722,7935127371593395828,17,9,16
16,2723,8584521333655020879,17,9,20
16,2724,11079807809911584099,17,9,12
16,2725,12660484844724037754,17,9,20
16,2726,6338187157482599901,17,9,20
16,2727,11855636076735041929,17,9,16
16,2728,3433889028183447352,17,9,12
16,2729,9400779914208112480,17,9,16
16,2730,10402944220134590569,17,9,12
16,2731,7203845638296786721,17,9,20
16,2732,17985803951543167498,17,9,12
16,2733,9151651739410793418,17,9,12
16,2734,7794489886843201628,17,9,16
16,2735,708297210607435184,17,9,16
16,2736,12118774352876172177,17,9,16
16,2737,12902091934049696063,17,9,20
16,2738,11086263384942499490,17,9,16
16,2739,4043632534261854005,17,9,20
16,2740,16905593377608594615,17,9,16
16,2741,12562966267510674189,17,9,20
16,2742,7625686421150870381,17,9,20
16,2743,16904812740032851648,17,9,20
16,2744,3182604290885105388,17,9,12
16,2745,7113894648686793785,17,9,16
16,2746,9671277179099393489,17,9,16
16,2747,16859327833122163672,17,9,16
16,2748,14429367091281674562,17,9,16
16,2749,7898849604502587616,17,9,16
16,2750,10349610294051598497,17,9,16
16,2751,4673279435114475561,17,9,20
16,2752,10591573363857941511,17,9,20
16,2753,166984162074151454,17,9,20
16,2754,17841583483747358115,17,9,16
16,2755,9486719709706290477,17,9,16
16,2756,1822206017505651711,17,9,16
16,2757,2014634776422553634,17,9,16
16,2758,13829982080477919811,17,9,16
16,2759,11167404331949831967,17,9,16
16,2760,2997856134377833512,17,9,16
16,2761,17727866201200048332,17,9,12
16,2762,12465320067332283472,17,9,16
16,2763,12745831603661651111,17,9,20
16,2764,11011529533294094413,17,9,16
16,2765,16291881279860340526,17,9,16
16,2766,8729252927218549687,17,9,16
16,2767,17620933649491334847,17,9,16
16,2768,12645768029581841499,17,9,16
16,2769,2488175559507738716,17,9,16
16,2770,3529609724686796070,17,9,20
16,2771,5794504512697376511,17,9,20
16,2772,14928664692504805063,17,9,16
16,2773,12375154942784851120,17,9,16
16,2774,13647845822239477055,17,9,20
16,2775,18117406147928766919,17,9,8
16,2776,14851237716239120563,17,9,16
16,2777,283870224500570551,17,9,16
16,2778,1938948299459904428,17,9,16
16,2779,5095219162356780059,17,9,16
16,2780,18174003928962728809,17,9,16
16,2781,6874360527619259791,17,9,16
16,2782,15193283496513309165,17,9,16
16,2783,10520586737955283361,17,9,16
16,2784,7101304640434110135,17,9,16
16,2785,16711592641800293630,17,9,16
16,2786,304042215342408139,17,9,16
16,2787,6088936056987115401,17,9,20
16,2788,1863631494686760692,17,9,16
16,2789,14264917492667656765,17,9,20
16,2790,5108855040490270509,17,9,20
16,2791,16047777840037458044,17,9,20
16,2792,2942159621020782864,17,9,20
16,2793,16997355784155072461,17,9,16
16,2794,9885152593857457899,17,9,16
16,2795,18158562093216311125,17,9,20
16,2796,11440709780562484333,17,9,16
16,2797,476963661145192842,17,9,20
16,2798,1903005597738898888,17,9,16
16,2799,18136333614888832382,17,9,16
16,2800,7871648702089813734,17,9,20
16,2801,1643183584973423096,17,9,16
16,2802,4119905896112790743,17,9,16
16,2803,15255245691760931122,17,9,16
16,2804,7868387480599341933,17,9,16
16,2805,8239002128605179926,17,9,16
16,2806,17744018196691494767,17,9,16
16,2807,3473892279357422084,17,9,20
16,2808,10968275095806962438,17,9,16
16,2809,7592584783165199395,17,9,12
16,2810,1127090538225368731,17,9,16
16,2811,3450293580783892614,17,9,16
16,2812,3249817643529476582,17,9,16
16,2813,17465975332256594707,17,9,16
16,2814,9431169278078557724,17,9,16
16,2815,4050810206926337444,17,9,16
16,2816,6004913341559820807,17,9,20
16,2817,7467309967326704596,17,9,16
16,2818,15335196632011844367,17,9,16
16,2819,3615704436474359650,17,9,20
16,2820,13673248279684788393,17,9,16
16,2821,3367783108737801829,17,9,16
16,2822,9547291239810657153,17,9,20
16,2823,17208795861685513904,17,9,20
16,2824,3395950809331510788,17,9,16
16,2825,3455249996915110524,17,9,16
16,2826,17865137875109739846,17,9,20
16,2827,4228807980674639465,17,9,16
16,2828,5870489892901895244,17,9,20
16,2829,11547337015236613036,17,9,16
16,2830,3017595636429593103,17,9,20
16,2831,15395580184779578108,17,9,16
16,2832,17509170868313231581,17,9,20
16,2833,2718928358291844883,17,9,20
16,2834,11000834432418218191,17,9,16
16,2835,7888500044669001318,17,9,16
16,2836,6384177044656289346,17,9,20
16,2837,13582141432990764146,17,9,16
16,2838,6056628929188622040,17,9,16
16,2839,7960497192758516462,17,9,20
16,2840,17278342001932167158,17,9,20
16,2841,8381295166100935527,17,9,16
16,2842,7298882501776581914,17,9,20
16,2843,17882032261010085965,17,9,16
16,2844,18046405133733084005,17,9,16
16,2845,15401192495222192557,17,9,16
16,2846,14801945826248955602,17,9,20
16,2847,7002158101258939775,17,9,16
16,2848,9297231350988751699,17,9,16
16,2849,275460395896169740,17,9,16
16,2850,17856363047919571011,17,9,16
16,2851,9877306010346528658,17,9,20
16,2852,3547633324570994608,17,9,16
16,2853,5007359480048805642,17,9,16
16,2854,11185452292520856,17,9,20
16,2855,577791890863802306,17,9,16
16,2856,18379675433180562226,17,9,16
16,2857,5931159204844273675,17,9,16
16,2858,13845675019480796412,17,9,20
16,2859,13408472409048474524,17,9,16
16,2860,16492721029842318258,17,9,12
16,2861,4296182061896161796,17,9,16
16,2862,16916024481745437230,17,9,16
16,2863,14720861568193961413,17,9,16
16,2864,15670803273734587574,17,9,20
16,2865,343152978021043480,17,9,16
16,2866,9177821750790834139,17,9,12
16,2867,17022289006083336773,17,9,16
16,2868,3390915746238969427,17,9,16
16,2869,5389461061298959205,17,9,16
16,2870,983661387551558261,17,9,20
16,2871,15844569430094309895,17,9,16
16,2872,4191822027312305007,17,9,20
16,2873,5511852675361354468,17,9,16
16,2874,6661770421806040613,17,9,20
16,2875,15387669325800435563,17,9,16
16,2876,14167467132605686069,17,9,16
16,2877,14356125434292022884,17,9,24
16,2878,18308235559145230313,17,9,16
16,2879,17199763133732953942,17,9,16
16,2880,5552405491628004577,17,9,16
16,2881,3599797112823307131,17,9,16
16,2882,6023316035107147931,17,9,16
16,2883,17933333749991921316,17,9,16
16,2884,6961187499472036193,17,9,20
16,2885,5741935802111270776,17,9,16
16,2886,10756803837864756910,17,9,16
16,2887,15315712958122155619,17,9,20
16,2888,994756690770859257,17,9,16
16,2889,14355263135951435297,17,9,16
16,2890,9412121690662583473,17,9,12
16,2891,12072990074317873031,17,9,20
16,2892,4511807647420662491,17,9,16
16,2893,5776856357812023244,17,9,20
16,2894,10013223312875193302,17,9,12
16,2895,541549917564201993,17,9,16
16,2896,3490127804533274217,17,9,16
16,2897,10117473487623240853,17,9,16
16,2898,4598853766481060079,17,9,20
16,2899,8073299899758184272,17,9,16
16,2900,13480139491651347101,17,9,12
16,2901,6386685509627319668,17,9,16
16,2902,12530388536965709798,17,9,16
16,2903,6973669440510594435,17,9,16
16,2904,10380828724394728035,17,9,16
16,2905,4852735195734098895,17,9,16
16,2906,2066056605354614293,17,9,16
16,2907,6931451843431013077,17,9,20
16,2908,17238086960155427374,17,9,16
16,2909,18391185713589524810,17,9,16
16,2910,4537319975529927409,17,9,16
16,2911,6536914472030439715,17,9,16
16,2912,15130799193789526896,17,9,16
16,2913,5251684374042751589,17,9,16
16,2914,5245466892382097244,17,9,16
16,2915,353591101029968024,17,9,16
16,2916,10608353812000791729,17,9,12
16,2917,11678612259133616032,17,9,12
16,2918,8967406202732813428,17,9,16
16,2919,267278407627446406,17,9,20
16,2920,8632952979826916213,17,9,16
16,2921,1425988253361765127,17,9,16
16,2922,9504991407611315532,17,9,16
16,2923,14014474282014935335,17,9,16
16,2924,16120900701210868404,17,9,16
16,2925,3642202906778955738,17,9,16
16,2926,6791201113043849959,17,9,16
16,2927,17982924612237248785,17,9,16
16,2928,9168400310566483256,17,9,16
16,2929,8931113360123923482,17,9,16
16,2930,14729359296882510761,17,9,16
16,2931,8279325646932381573,17,9,16
16,2932,244566833588225196,17,9,16
16,2933,14519534181500903632,17,9,12
16,2934,13732028850651919664,17,9,20
16,2935,18053895986806744376,17,9,20
16,2936,10507647311493282164,17,9,16
16,2937,6359611271512489185,17,9,16
16,2938,3426811983947072597,17,9,16
16,2939,12936810344195742168,17,9,16
16,2940,3910022363166411938,17,9,16
16,2941,8735711696642446872,17,9,20
16,2942,354459312497358753,17,9,16
16,2943,16885108038784741887,17,9,16
16,2944,9423496655314848944,17,9,20
16,2945,16160286088779429927,17,9,16
16,2946,6988042403874709919,17,9,16
16,2947,17143226731773290123,17,9,16
16,2948,4688812010228692584,17,9,16
16,2949,12167110065436550515,17,9,16
16,2950,2302057891247401188,17,9,16
16,2951,6148707073937208253,17,9,12
16,2952,9561092548239343437,17,9,20
16,2953,7368837811655281337,17,9,16
16,2954,18138152235777337108,17,9,12
16,2955,893594851556366255,17,9,16
16,2956,9407923692216706378,17,9,16
16,2957,9606050119550678017,17,9,20
16,2958,10828254423634536888,17,9,16
16,2959,14004213903111797980,17,9,16
16,2960,5109887529345091085,17,9,16
16,2961,13366312681381853407,17,9,16
16,2962,4149128680481901440,17,9,16
16,2963,7509250956817746609,17,9,16
16,2964,754428190152704770,17,9,16
16,2965,8386126854058910590,17,9,20
16,2966,16359868717998112742,17,9,12
16,2967,16759222745708445208,17,9,16
16,2968,18029778117806023965,17,9,20
16,2969,10687756302674083982,17,9,16
16,2970,5714210229722584782,17,9,20
16,2971,3025517206423422608,17,9,16
16,2972,13510013127541921199,17,9,20
16,2973,3028951938162466803,17,9,16
16,2974,12768002716837337339,17,9,16
16,2975,15269629409921122464,17,9,16
16,2976,6748212610408104959,17,9,20
16,2977,6731990094141321174,17,9,16
16,2978,15403620522248931369,17,9,20
16,2979,18271364585263612930,17,9,20
16,2980,11434479353005993589,17,9,20
16,2981,13728124079446686581,17,9,16
16,2982,5936377317083345212,17,9,16
16,2983,14326821144887935148,17,9,16
16,2984,17255831943110173699,17,9,16
16,2985,5510291142458146146,17,9,12
16,2986,1269070616285265143,17,9,16
16,2987,2559870641308675520,17,9,16
16,2988,11596171308363201813,17,9,20
16,2989,9378182030159704075,17,9,16
16,2990,15612549337093143977,17,9,20
16,2991,183678409782625943,17,9,20
16,2992,10944883483639962734,17,9,16
16,2993,14237606096867195309,17,9,16
16,2994,17602229699946487521,17,9,16
16,2995,11693891614106450058,17,9,16
16,2996,1303022741768527098,17,9,16
16,2997,650487199153480740,17,9,20
16,2998,15044611522709866866,17,9,16
16,2999,4920290768300466125,17,9,20
16,3000,9108116826121659885,17,9,20
16,3001,3945708086483679276,17,9,16
16,3002,6174220451894752802,17,9,16
16,3003,3658689153262699407,17,9,20
16,3004,9862035553841806796,17,9,16
16,3005,12080973405686536846,17,9,16
16,3006,1186048288572747646,17,9,20
16,3007,18388540983951422279,17,9,16
16,3008,9554653617784758313,17,9,20
16,3009,17999811944709998007,17,9,16
16,3010,14682946114250479015,17,9,16
16,3011,9129358284817051128,17,9,20
16,3012,15029927225779543627,17,9,16
16,3013,10104892695587684315,17,9,20
16,3014,17666160536006090685,17,9,16
16,3015,2017606293117709397,17,9,16
16,3016,4028507743037785517,17,9,16
16,3017,8377609682869791772,17,9,12
16,3018,13196006470998381858,17,9,16
16,3019,15960687426848403685,17,9,16
16,3020,133720888664369821,17,9,16
16,3021,13025960986552624396,17,9,16
16,3022,18272023908516039274,17,9,16
16,3023,6994441583919514300,17,9,20
16,3024,3757050398125409178,17,9,20
16,3025,18321237310065585684,17,9,16
16,3026,10176141143052051431,17,9,20
16,3027,17889639907351469819,17,9,16
16,3028,12674516976764339876,17,9,16
16,3029,9522360514988556867,17,9,16
16,3030,6727028222379645965,17,9,20
16,3031,6954108375503408303,17,9,16
16,3032,8649805176484211993,17,9,20
16,3033,984201445273228084,17,9,12
16,3034,8162706172497365798,17,9,12
16,3035,4773155562022817680,17,9,20
16,3036,8184633834147846640,17,9,16
16,3037,1173011272838030058,17,9,16
16,3038,10929637234465633587,17,9,12
16,3039,12451577561458807491,17,9,16
16,3040,15516234191341068904,17,9,20
16,3041,9609583806308101761,17,9,16
16,3042,2310889301513422905,17,9,16
16,3043,17915430993322494708,17,9,16
16,3044,6931400994235797510,17,9,16
16,3045,5594594165184599578,17,9,16
16,3046,627727359441419232,17,9,20
16,3047,8817150138234436826,17,9,16
16,3048,9819252227921456328,17,9,16
16,3049,2296377144484655187,17,9,16
16,3050,3435359181282551771,17,9,16
16,3051,5357814684225980715,17,9,20
16,3052,1010819182208999630,17,9,16
16,3053,9065446449301839750,17,9,16
16,3054,14082429734043412735,17,9,20
16,3055,9972723387407671568,17,9,20
16,3056,3757128426675684846,17,9,20
16,3057,9160109890855268307,17,9,12
16,3058,4631820268062027952,17,9,20
16,3059,2594124963426920655,17,9,20
16,3060,13191972146396365406,17,9,20
16,3061,8636463066319692390,17,9,16
16,3062,9155661280869848717,17,9,12
16,3063,3483470466208868923,17,9,16
16,3064,9971136718189839379,17,9,16
16,3065,2259595955451439612,17,9,16
16,3066,520266981724114238,17,9,20
16,3067,321959341697410604,17,9,20
16,3068,17523363714113450259,17,9,16
16,3069,15523770597700041326,17,9,16
16,3070,12961965613570013161,17,9,16
16,3071,5655876585965043016,17,9,20
16,3072,15575396654888319244,17,9,20
16,3073,5072903246107072160,17,9,16
16,3074,9116517670609997149,17,9,20
16,3075,12239218302170232383,17,9,20
16,3076,6886799132572584983,17,9,16
16,3077,16799667996787230706,17,9,16
16,3078,15309883428412227791,17,9,16
16,3079,12229066199769469147,17,9,16
16,3080,10283494851372514978,17,9,12
16,3081,15466597951774643300,17,9,20
16,3082,16959498166421794952,17,9,16
16,3083,4846601591259159556,17,9,16
16,3084,18137860927071229017,17,9,20
16,3085,13453354699422628472,17,9,16
16,3086,2465567137475282741,17,9,16
16,3087,1347618347237257358,17,9,20
16,3088,4548030520885091583,17,9,16
16,3089,3045064223134526568,17,9,16
16,3090,11199521868028727504,17,9,16
16,3091,2865619021451992420,17,9,20
16,3092,3883344767535430267,17,9,12
16,3093,9664009051056182289,17,9,16
16,3094,13229374409772146755,17,9,12
16,3095,13645022787158390705,17,9,16
16,3096,4364224600068343664,17,9,16
16,3097,6039292589455691056,17,9,20
16,3098,11831237035065313949,17,9,20
16,3099,10231802942271167263,17,9,16
16,3100,9237736496224971018,17,9,20
16,3101,910314674886651237,17,9,20
16,3102,17948735116726094329,17,9,16
16,3103,3708853417016329283,17,9,16
16,3104,7139684592478656206,17,9,12
16,3105,1775811234831048582,17,9,16
16,3106,13874416340371314111,17,9,20
16,3107,12353128493854543743,17,9,16
16,3108,7033682486856438380,17,9,16
16,3109,14984011577132341453,17,9,16
16,3110,1432315366575752884,17,9,16
16,3111,10046726351092230928,17,9,16
16,3112,18072985422292328,17,9,20
16,3113,424118487519431683,17,9,20
16,3114,17378655639444341702,17,9,20
16,3115,14322688825463544822,17,9,20
16,3116,8660554194615935720,17,9,16
16,3117,8603208852027587050,17,9,16
16,3118,14992991498008823934,17,9,16
16,3119,16309957536458245285,17,9,16
16,3120,11256993500115936858,17,9,16
16,3121,17524374585664829802,17,9,16
16,3122,1800019934331398560,17,9,20
16,3123,8815698267056087415,17,9,16
16,3124,763526535687410131,17,9,12
16,3125,6726495512850851028,17,9,16
16,3126,12662428116858535534,17,9,16
16,3127,2347670226036094557,17,9,16
16,3128,17193974671394634369,17,9,16
16,3129,5099786301036380340,17,9,20
16,3130,16605881672899516114,17,9,16
16,3131,14621165781385473041,17,9,20
16,3132,16077217104526125049,17,9,16
16,3133,16137517629099827472,17,9,20
16,3134,13861364206418084109,17,9,16
16,3135,12016155844858795380,17,9,16
16,3136,15506250574992562145,17,9,24
16,3137,7193845452184797492,17,9,16
16,3138,7123944307438828601,17,9,16
16,3139,6909683396053291693,17,9,20
16,3140,17041626566417603720,17,9,16
16,3141,3381668233446245935,17,9,16
16,3142,6187459976397491498,17,9,20
16,3143,9088729325111779190,17,9,16
16,3144,1921374232540879222,17,9,20
16,3145,7918903538213851376,17,9,20
16,3146,12494602688677322513,17,9,20
16,3147,3166176203559320264,17,9,16
16,3148,5217962160043678233,17,9,16
16,3149,10262691346381521208,17,9,16
16,3150,6497345827522261204,17,9,16
16,3151,14924594238735549543,17,9,12
16,3152,11945401290921689459,17,9,16
16,3153,17117979902442465344,17,9,20
16,3154,10768630641252777633,17,9,16
16,3155,15806530883074333831,17,9,12
16,3156,7485660279196066610,17,9,20
16,3157,17481993544290091857,17,9,16
16,3158,8816846939458680229,17,9,12
16,3159,13820984607907926197,17,9,20
16,3160,18373657873715191114,17,9,20
16,3161,16840099300347939123,17,9,16
16,3162,6461669333705115569,17,9,16
16,3163,1382733998878243150,17,9,16
16,3164,13476725421924299421,17,9,16
16,3165,4079535319757713468,17,9,16
16,3166,8281890623724612642,17,9,16
16,3167,18007152123384135864,17,9,20
16,3168,16812893865612347263,17,9,16
16,3169,1405067802215636835,17,9,20
16,3170,668189877341089731,17,9,16
16,3171,7739104401169668342,17,9,16
16,3172,14812294910095366697,17,9,20
16,3173,9583920865440044619,17,9,16
16,3174,13147566505878616363,17,9,12
16,3175,2860366389512715631,17,9,16
16,3176,6063240308503988928,17,9,20
16,3177,6265989955958099866,17,9,16
16,3178,6125678064350118905,17,9,16
16,3179,8605974841321929869,17,9,20
16,3180,12386181670607536552,17,9,16
16,3181,13455063136939791613,17,9,16
16,3182,6011867798109172836,17,9,20
16,3183,1877748298291145633,17,9,20
16,3184,1315587859118530024,17,9,16
16,3185,13326662885282295865,17,9,16
16,3186,11162020561026154357,17,9,16
16,3187,12508764567301148214,17,9,16
16,3188,17962787000889018919,17,9,12
16,3189,17676695619525729855,17,9,12
16,3190,4088962776036067635,17,9,16
16,3191,18425417606882146742,17,9,16
16,3192,12819542187580959032,17,9,16
16,3193,11713817042240665567,17,9,16
16,3194,7226558667293661383,17,9,12
16,3195,5141547681074487534,17,9,12
16,3196,4272367499097167870,17,9,16
16,3197,18057325024579473416,17,9,16
16,3198,7465222464505019877,17,9,16
16,3199,9020971572105249781,17,9,20
16,3200,18247745453294863119,17,9,16
16,3201,14479980624458849055,17,9,16
16,3202,899398980342567671,17,9,16
16,3203,4547437130073071147,17,9,16
16,3204,6536143912425145233,17,9,20
16,3205,7511722942573380964,17,9,16
16,3206,7197894969366306958,17,9,16
16,3207,2937545638084980963,17,9,16
16,3208,9016316789447994469,17,9,16
16,3209,18263486194513198896,17,9,16
16,3210,2198415137706346729,17,9,20
16,3211,16534956499904580242,17,9,16
16,3212,14269307406418705450,17,9,12
16,3213,8998764872465909613,17,9,16
16,3214,3779948072388065903,17,9,16
16,3215,14129987901401887998,17,9,16
16,3216,16922800730809028350,17,9,16
16,3217,1707526455734393900,17,9,16
16,3218,1278403776168529348,17,9,16
16,3219,5580591181290684432,17,9,16
16,3220,11374333008871531060,17,9,20
16,3221,16100919623516757732,17,9,20
16,3222,14856137581416257504,17,9,20
16,3223,12712040916826530544,17,9,16
16,3224,9197063776128866039,17,9,16
16,3225,15319445083529698704,17,9,16
16,3226,8573883101584730907,17,9,16
16,3227,11244165658919362033,17,9,16
16,3228,10691430232868268536,17,9,20
16,3229,18140770980284935732,17,9,16
16,3230,5094020478678234363,17,9,20
16,3231,8621704977813814674,17,9,16
16,3232,4162450518040982416,17,9,16
16,3233,7048022732251852521,17,9,16
16,3234,17498440117180998740,17,9,16
16,3235,8158811240486116316,17,9,16
16,3236,17264132424012914204,17,9,24
16,3237,6380862195539828411,17,9,20
16,3238,13674948263297497653,17,9,16
16,3239,14968687111991832383,17,9,20
16,3240,2247948526739871738,17,9,20
16,3241,16369102374988877446,17,9,16
16,3242,18445318980775568934,17,9,16
16,3243,5237389152935975684,17,9,16
16,3244,985934931659871403,17,9,16
16,3245,13742191212520433703,17,9,20
16,3246,14412013536336965796,17,9,16
16,3247,4006240711222423643,17,9,16
16,3248,13541845840835072080,17,9,16
16,3249,12113489280585885017,17,9,16
16,3250,12424931461340317198,17,9,16
16,3251,6025645571437307229,17,9,16
16,3252,5215500409023897915,17,9,20
16,3253,540570226951911296,17,9,16
16,3254,883276140176084620,17,9,16
16,3255,14950450259938758235,17,9,12
16,3256,4498175689305552046,17,9,12
16,3257,14835831470039633641,17,9,12
16,3258,6854852370958454552,17,9,20
16,3259,7914847218065136912,17,9,16
16,3260,14981261827894974624,17,9,20
16,3261,17797911103583368364,17,9,20
16,3262,11317359079190729445,17,9,16
16,3263,3339196910679120399,17,9,20
16,3264,8904278601104600086,17,9,20
16,3265,6098467463236399309,17,9,16
16,3266,11107012478020701309,17,9,16
16,3267,17156727356203662000,17,9,16
16,3268,14828793777445414971,17,9,16
16,3269,1708146678776433462,17,9,16
16,3270,17417752175358215950,17,9,16
16,3271,12887378947199029429,17,9,16
16,3272,1857225314905190768,17,9,16
16,3273,9480873048665472171,17,9,16
16,3274,8005196655637973121,17,9,16
16,3275,7700886881443418408,17,9,16
16,3276,16821734453434429562,17,9,20
16,3277,3056674030715406100,17,9,16
16,3278,763168176052479064,17,9,16
16,3279,7143195004192500696,17,9,16
16,3280,12323737763536544845,17,9,12
16,3281,7768410455511597403,17,9,16
16,3282,1357698936260352226,17,9,20
16,3283,15096545348023559560,17,9,16
16,3284,12624717560919686175,17,9,16
16,3285,791823547926642258,17,9,16
16,3286,8223407317511343838,17,9,16
16,3287,11655670305147287460,17,9,16
16,3288,5371800037158892581,17,9,16
16,3289,3742988531899385350,17,9,16
16,3290,8173738817974781517,17,9,12
16,3291,16208315985261902902,17,9,16
16,3292,15834288931432703433,17,9,12
16,3293,10076584256130874912,17,9,16
16,3294,15513513456777886977,17,9,20
16,3295,5379282008099617649,17,9,16
16,3296,8006968845555487958,17,9,16
16,3297,8844022560820993653,17,9,16
16,3298,2388197576698516667,17,9,16
16,3299,6360760929444895100,17,9,16
16,3300,14552289159387465496,17,9,16
16,3301,17019924275692784398,17,9,20
16,3302,589105308420831764,17,9,16
16,3303,10046481775538376297,17,9,16
16,3304,6866561188042190063,17,9,16
16,3305,4280813874376095070,17,9,16
16,3306,12201994660928520285,17,9,16
16,3307,9616491720366034691,17,9,16
16,3308,7826085873420146987,17,9,16
16,3309,7972816173377023807,17,9,20
16,3310,7780449184108393303,17,9,20
16,3311,10546360021470371719,17,9,16
16,3312,6929247408717838489,17,9,16
16,3313,7019565346278008293,17,9,16
16,3314,3171844804801402021,17,9,16
16,3315,9299089850635053164,17,9,16
16,3316,16325233254937720731,17,9,16
16,3317,5761591361200141358,17,9,16
16,3318,10408009272522366634,17,9,16
16,3319,2085930873262619996,17,9,16
16,3320,62964903704824947,17,9,20
16,3321,11540789977876165215,17,9,20
16,3322,10358029257160659736,17,9,20
16,3323,13716408350293254007,17,9,20
16,3324,7300174087585537691,17,9,16
16,3325,3166035308941566731,17,9,16
16,3326,2669605680324376260,17,9,12
16,3327,8383758631077047268,17,9,16
16,3328,3870662402084322738,17,9,16
16,3329,241067000963931920,17,9,12
16,3330,3290815764076035503,17,9,20
16,3331,6725724410734758842,17,9,12
16,3332,15364404267975876579,17,9,12
16,3333,10530146794197109251,17,9,20
16,3334,14587581587696099039,17,9,20
16,3335,16102250682689656120,17,9,16
16,3336,10054408161304747268,17,9,20
16,3337,12518145698523128732,17,9,16
16,3338,3648433001904750807,17,9,16
16,3339,9580435684668670845,17,9,16
16,3340,10905855988858339912,17,9,12
16,3341,17154553225884164652,17,9,16
16,3342,5750420002609779128,17,9,20
16,3343,13347551063048234593,17,9,16
16,3344,17508455818382253312,17,9,20
16,3345,1313582442545758656,17,9,16
16,3346,8745169104139973653,17,9,16
16,3347,18412861774045525723,17,9,16
16,3348,2117108547601844584,17,9,16
16,3349,16970940376029731396,17,9,12
16,3350,9324543222515622434,17,9,16
16,3351,10394142831457143193,17,9,16
16,3352,278981885417078448,17,9,16
16,3353,16740302295028808619,17,9,20
16,3354,10531105205257766616,17,9,20
16,3355,2757312395560360629,17,9,12
16,3356,42242328967983734,17,9,20
16,3357,10415512236414534341,17,9,16
16,3358,5365759152635242328,17,9,20
16,3359,9433019693693322254,17,9,16
16,3360,13765694944483727322,17,9,16
16,3361,17450906044453990752,17,9,20
16,3362,18175862334880769093,17,9,12
16,3363,7087703906563451118,17,9,20
16,3364,9638058124317709615,17,9,20
16,3365,12305060717012897313,17,9,20
16,3366,16399623464201223312,17,9,16
16,3367,12360225550651108801,17,9,16
16,3368,4024012848747415226,17,9,16
16,3369,9738284543776052787,17,9,16
16,3370,6411958581536629575,17,9,16
16,3371,969045792157017708,17,9,16
16,3372,15236647673472265567,17,9,20
16,3373,1463847940995619697,17,9,16
16,3374,4605176962005509529,17,9,16
16,3375,8644900068524768126,17,9,16
16,3376,10670737150626250057,17,9,16
16,3377,11857308265514541992,17,9,20
16,3378,1134465112951626625,17,9,16
16,3379,8540589380097732575,17,9,16
16,3380,16539574046608672085,17,9,20
16,3381,385325938760929130,17,9,20
16,3382,9280327412567837509,17,9,16
16,3383,14959634689937848392,17,9,16
16,3384,8022069115152674617,17,9,16
16,3385,9881901943655305186,17,9,16
16,3386,9898791308329448422,17,9,16
16,3387,8234443930142452809,17,9,16
16,3388,3165284555209013267,17,9,20
16,3389,8388059000725979001,17,9,12
16,3390,9920668078344170978,17,9,16
16,3391,1924344087705963339,17,9,20
16,3392,8564830664209141113,17,9,16
16,3393,4042337278310680459,17,9,12
16,3394,3437940815175352576,17,9,16
16,3395,5150949917301063980,17,9,16
16,3396,16758680208058360374,17,9,16
16,3397,16677773711407236158,17,9,16
16,3398,7298682615295648038,17,9,20
16,3399,11492829799954184988,17,9,20
16,3400,17241893477195779285,17,9,16
16,3401,8369055776477380647,17,9,16
16,3402,16101787594531984411,17,9,16
16,3403,14962162537405568947,17,9,16
16,3404,15844443317652218246,17,9,20
16,3405,3057855802226876480,17,9,16
16,3406,11286652633786143462,17,9,16
16,3407,14981735372099479477,17,9,20
16,3408,12247122253066792960,17,9,20
16,3409,10612980752563611597,17,9,20
16,3410,11595401067123901530,17,9,16
16,3411,14224156573236472463,17,9,20
16,3412,9607467363905155326,17,9,16
16,3413,6840660985527418439,17,9,16
16,3414,18006584300288438957,17,9,20
16,3415,4468436278123187383,17,9,16
16,3416,17507584589771137558,17,9,20
16,3417,2465389430901166070,17,9,16
16,3418,14753494860962441116,17,9,16
16,3419,11638121599124541139,17,9,16
16,3420,8610456061672359548,17,9,20
16,3421,7860326222136303394,17,9,20
16,3422,4784481127965860131,17,9,20
16,3423,6958758868824200449,17,9,16
16,3424,9770626275766625528,17,9,16
16,3425,16152400420121448956,17,9,16
16,3426,7044727962858508050,17,9,16
16,3427,82041638105528516,17,9,16
16,3428,1509421893856706752,17,9,16
16,3429,15951431418757654724,17,9,12
16,3430,3624933826401626760,17,9,16
16,3431,1983254143497470294,17,9,16
16,3432,37017208394669928,17,9,16
16,3433,17001755785448882501,17,9,16
16,3434,13127406825054688391,17,9,16
16,3435,12545566805894201429,17,9,16
16,3436,95762749731326243,17,9,16
16,3437,7743284954206468910,17,9,16
16,3438,10360346407539577140,17,9,16
16,3439,10820567569123218327,17,9,16
16,3440,11300210831895059719,17,9,16
16,3441,14331435232501966145,17,9,16
16,3442,4189592763412660290,17,9,12
16,3443,5957382028812768373,17,9,12
16,3444,15955481299003932639,17,9,16
16,3445,6268635863461651225,17,9,16
16,3446,1031166505130653538,17,9,20
16,3447,13230982680967266965,17,9,16
16,3448,15314630588582916102,17,9,16
16,3449,1472868541626099538,17,9,16
16,3450,11944600535875970992,17,9,16
16,3451,14920735009135146553,17,9,16
16,3452,13580996700834520457,17,9,16
16,3453,14750735083508230747,17,9,20
16,3454,353872284715976989,17,9,16
16,3455,17536051499143617569,17,9,16
16,3456,2040695881045527405,17,9,16
16,3457,5856267864786511400,17,9,12
16,3458,15503380775861351569,17,9,20
16,3459,3582865510725585252,17,9,20
16,3460,16466290599807344059,17,9,20
16,3461,9662675114476680128,17,9,20
16,3462,18235455529665383765,17,9,20
16,3463,7433910000119626590,17,9,16
16,3464,13355812789255164336,17,9,16
16,3465,340491160728235735,17,9,16
16,3466,5694424524628204050,17,9,16
16,3467,14653287923683375872,17,9,16
16,3468,16906312471982888853,17,9,16
16,3469,16225094569295516817,17,9,16
16,3470,9309370231168678977,17,9,16
16,3471,18443089212606984992,17,9,16
16,3472,8551962896453507738,17,9,16
16,3473,8773091071919941905,17,9,16
16,3474,8134570336011703013,17,9,16
16,3475,14096204631266732616,17,9,16
16,3476,11049120868096642413,17,9,16
16,3477,15396779315322348316,17,9,16
16,3478,11494110084557687895,17,9,16
16,3479,10044531923077238443,17,9,16
16,3480,11663581213309837749,17,9,16
16,3481,10320304492522780920,17,9,16
16,3482,17906618039314171478,17,9,16
16,3483,13101556759461622358,17,9,16
16,3484,13637838389850409123,17,9,16
16,3485,3189496186545051609,17,9,20
16,3486,17268275564238524556,17,9,16
16,3487,17559817388989067522,17,9,12
16,3488,6583905229344666741,17,9,20
16,3489,16767573078914699251,17,9,16
16,3490,1771622884853653932,17,9,20
16,3491,8700283390359519035,17,9,20
16,3492,13975955293337185246,17,9,16
16,3493,2555495998499716955,17,9,16
16,3494,9765145865740967043,17,9,16
16,3495,3463564043974419427,17,9,20
16,3496,15556311225676163229,17,9,16
16,3497,13764104842156469668,17,9,16
16,3498,11278876466101286083,17,9,16
16,3499,12984233402242635256,17,9,16
16,3500,2201492700089422310,17,9,12
16,3501,12618170944591034531,17,9,12
16,3502,16125044265281469885,17,9,12
16,3503,1537056611633555443,17,9,20
16,3504,9282929646616245184,17,9,20
16,3505,8659011108872980509,17,9,16
16,3506,9716880123915791972,17,9,16
16,3507,6837034771851223853,17,9,16
16,3508,4003267983029010123,17,9,16
16,3509,13571105557845621902,17,9,16
16,3510,8521486227421929705,17,9,20
16,3511,13810169161616563558,17,9,16
16,3512,18432004871942195525,17,9,16
16,3513,10852887907082462577,17,9,16
16,3514,8645444642394797106,17,9,16
16,3515,4128654370462931093,17,9,16
16,3516,12594149157646156023,17,9,16
16,3517,5773206455538236687,17,9,16
16,3518,10511996777859719211,17,9,16
16,3519,7824238294967002944,17,9,16
16,3520,5633746750940226260,17,9,16
16,3521,10018543615183327564,17,9,16
16,3522,904875833449833969,17,9,16
16,3523,12681834785921779401,17,9,20
16,3524,7291069927923452019,17,9,16
16,3525,3725777310711479357,17,9,16
16,3526,3794802315627904985,17,9,20
16,3527,15710838248448048658,17,9,16
16,3528,12782678164310673793,17,9,16
16,3529,14211119154515747405,17,9,16
16,3530,6013428262614980856,17,9,20
16,3531,5705932672789786385,17,9,16
16,3532,14563294877240268863,17,9,20
16,3533,8172830875422922228,17,9,16
16,3534,16375347022411087988,17,9,16
16,3535,13588070710267640106,17,9,20
16,3536,9360204687105245601,17,9,20
16,3537,13722903354206219785,17,9,20
16,3538,4547265803845901473,17,9,16
16,3539,2116289816823486429,17,9,16
16,3540,388926927946538263,17,9,20
16,3541,9307021319440699608,17,9,16
16,3542,3425966077734486475,17,9,16
16,3543,15876167033386585277,17,9,16
16,3544,12185827382802559874,17,9,16
16,3545,17361516901779657469,17,9,20
16,3546,6509738116662898169,17,9,16
16,3547,1641508781485127461,17,9,20
16,3548,8549288168401503796,17,9,16
16,3549,3228992308610345064,17,9,16
16,3550,10159679653374323578,17,9,20
16,3551,9870406510265322275,17,9,16
16,3552,5411209825292928630,17,9,16
16,3553,15633545148671748072,17,9,16
16,3554,12261320946888771807,17,9,16
16,3555,5301889460077019921,17,9,20
16,3556,6630977500371971629,17,9,20
16,3557,12181305387037644854,17,9,16
16,3558,5359064182816831490,17,9,20
16,3559,11395363583034658438,17,9,16
16,3560,629815178266492436,17,9,16
16,3561,17125132984517613087,17,9,16
16,3562,11737597004846556856,17,9,16
16,3563,8386023731487575812,17,9,16
16,3564,2137696881154777200,17,9,20
16,3565,16265600958460953790,17,9,16
16,3566,7599260142257878800,17,9,20
16,3567,295377028022811915,17,9,20
16,3568,5737720210966199489,17,9,16
16,3569,4982047510380456211,17,9,20
16,3570,4067209931661370293,17,9,16
16,3571,16055970679274418475,17,9,12
16,3572,2426656979439000751,17,9,16
16,3573,5790758676816033692,17,9,16
16,3574,14807105289858491672,17,9,16
16,3575,13106851794247670501,17,9,16
16,3576,14701460056393330928,17,9,16
16,3577,16737551455990692542,17,9,16
16,3578,14796225233972000930,17,9,20
16,3579,16272800953294962383,17,9,16
16,3580,2924139671329239516,17,9,16
16,3581,17495625889616378673,17,9,16
16,3582,4163100387963535104,17,9,16
16,3583,15734783302028949354,17,9,16
16,3584,5902679438448306036,17,9,16
16,3585,10350051552084976948,17,9,16
16,3586,11178858594063989810,17,9,16
16,3587,18169299560297795351,17,9,16
16,3588,1865278908629733657,17,9,20
16,3589,9304465520552234852,17,9,16
16,3590,11663960890267706010,17,9,20
16,3591,10950914435853031997,17,9,16
16,3592,4038543760590162057,17,9,16
16,3593,261405009383221436,17,9,16
16,3594,10046231665077028389,17,9,16
16,3595,2705350778436830198,17,9,16
16,3596,7033963876918631280,17,9,20
16,3597,9096977516989947177,17,9,16
16,3598,5444752844142200031,17,9,16
16,3599,8155386351326197894,17,9,20
16,3600,8462021979732900835,17,9,16
16,3601,16967088729002773067,17,9,16
16,3602,1875265180056348757,17,9,20
16,3603,11899931124073000680,17,9,20
16,3604,3303025625061308526,17,9,16
16,3605,11735346452984320082,17,9,16
16,3606,2213315924401129260,17,9,16
16,3607,13856583512504037035,17,9,16
16,3608,9856374216583248065,17,9,20
16,3609,16898738861164808693,17,9,16
16,3610,14466727734548528925,17,9,16
16,3611,12676392539270764404,17,9,16
16,3612,10987501682198137868,17,9,16
16,3613,6935579242724702492,17,9,16
16,3614,12848654533642535337,17,9,16
16,3615,14578489856197293955,17,9,16
16,3616,1167451914570265569,17,9,20
16,3617,11131653022537103661,17,9,20
16,3618,13221939094826972600,17,9,16
16,3619,412473899864312373,17,9,20
16,3620,17020442873401402403,17,9,16
16,3621,11036048944285306245,17,9,16
16,3622,10732961597884470046,17,9,20
16,3623,10764402826602196197,17,9,16
16,3624,8304656669856324604,17,9,16
16,3625,9393044569618070358,17,9,16
16,3626,2367418393775940797,17,9,16
16,3627,806754547256694399,17,9,12
16,3628,7015751794743743787,17,9,20
16,3629,16594608345206415914,17,9,16
16,3630,12914334740808150409,17,9,20
16,3631,4160724496031666575,17,9,20
16,3632,9660813625274116881,17,9,16
16,3633,6683551874374019336,17,9,16
16,3634,7411527730923119942,17,9,20
16,3635,13269252384569593396,17,9,12
16,3636,6887973985007452201,17,9,16
16,3637,4979062063418599429,17,9,16
16,3638,16100208635941937750,17,9,16
16,3639,1278530113021703379,17,9,20
16,3640,4394761566840514478,17,9,16
16,3641,2144099796568874603,17,9,20
16,3642,1289975200962523293,17,9,16
16,3643,5326164338901183022,17,9,20
16,3644,10898620048665628339,17,9,16
16,3645,9207112784072227927,17,9,20
16,3646,11632546388352034165,17,9,16
16,3647,7016743748883761211,17,9,20
16,3648,10876080863803513881,17,9,16
16,3649,9767774214865166970,17,9,16
16,3650,390019419609404264,17,9,20
16,3651,11310311387343844436,17,9,16
16,3652,14328112555070386662,17,9,16
16,3653,974017707080255726,17,9,16
16,3654,15996765538907888269,17,9,16
16,3655,8695410699335228777,17,9,16
16,3656,15335984014175836333,17,9,16
16,3657,890868944382359923,17,9,20
16,3658,5904075618458701680,17,9,16
16,3659,10540624586879738681,17,9,12
16,3660,12344435843261972925,17,9,16
16,3661,1725337785305331221,17,9,20
16,3662,5417100067752360345,17,9,16
16,3663,6051730534516921984,17,9,20
16,3664,4789162693524436400,17,9,20
16,3665,12523634343285234495,17,9,12
16,3666,6214277389549765342,17,9,16
16,3667,16736277374824129498,17,9,20
16,3668,7548674296758105042,17,9,20
16,3669,10983655350430759228,17,9,16
16,3670,1277473827992897567,17,9,16
16,3671,806631348503650203,17,9,16
16,3672,16946995062482352084,17,9,24
16,3673,2213330449285565960,17,9,16
16,3674,15542321772713147692,17,9,12
16,3675,6715621276737091726,17,9,20
16,3676,6828886458764777089,17,9,20
16,3677,10648091141696700360,17,9,16
16,3678,6314769647542880312,17,9,16
16,3679,1354062317315195947,17,9,12
16,3680,1741875647868689558,17,9,16
16,3681,224405164534446512,17,9,16
16,3682,4666294069672462518,17,9,20
16,3683,4157748694524306827,17,9,16
16,3684,17953611464297802769,17,9,16
16,3685,6409887631222767604,17,9,16
16,3686,18226942889869326925,17,9,16
16,3687,12349950475098348772,17,9,16
16,3688,17052441881155477826,17,9,20
16,3689,7112864404650911020,17,9,16
16,3690,17953901027574252641,17,9,20
16,3691,17174214248500044116,17,9,16
16,3692,14749069390047953036,17,9,16
16,3693,11399667343800984680,17,9,16
16,3694,1370176281569260501,17,9,16
16,3695,1223343547633113289,17,9,16
16,3696,6818657887968811902,17,9,16
16,3697,5286105071074639323,17,9,20
16,3698,17207952232850307402,17,9,16
16,3699,12331089459251461023,17,9,20
16,3700,14866926972233049531,17,9,16
16,3701,13494877648701565780,17,9,16
16,3702,2970804560255051979,17,9,16
16,3703,7972628969013527547,17,9,20
16,3704,17824935190641416080,17,9,16
16,3705,6434063280576857587,17,9,20
16,3706,13532900532895264138,17,9,16
16,3707,2056257210093554324,17,9,16
16,3708,13915950603247906622,17,9,16
16,3709,15455843777462163433,17,9,16
16,3710,6127986101827233858,17,9,20
16,3711,16945721389449820173,17,9,20
16,3712,12708297072881542295,17,9,16
16,3713,10523827114970015258,17,9,16
16,3714,11657160424468775761,17,9,16
16,3715,13315404149370092882,17,9,16
16,3716,4894427883288974967,17,9,16
16,3717,10996028371589538534,17,9,16
16,3718,14281147036861800058,17,9,20
16,3719,16772940349714872737,17,9,16
16,3720,2154128067063193202,17,9,16
16,3721,16622531744715907587,17,9,16
16,3722,7860695076044376428,17,9,20
16,3723,7518764086313203011,17,9,16
16,3724,10240763138865807206,17,9,20
16,3725,6897829734298204867,17,9,16
16,3726,6430077297186176430,17,9,12
16,3727,12030937397212559050,17,9,20
16,3728,5201101819452812643,17,9,16
16,3729,8220109950203534138,17,9,16
16,3730,3023052548929667817,17,9,16
16,3731,11601434335819377313,17,9,16
16,3732,1523114411957136392,17,9,20
16,3733,3698431968419583493,17,9,16
16,3734,13265445327054342859,17,9,16
16,3735,4657731645235957362,17,9,16
16,3736,11900163102359758257,17,9,16
16,3737,10542036907031514314,17,9,16
16,3738,12913298379365836175,17,9,16
16,3739,14155478158344723818,17,9,16
16,3740,1549063404677865282,17,9,16
16,3741,4837151693447320072,17,9,16
16,3742,16912485238158854034,17,9,20
16,3743,3437077724104852873,17,9,12
16,3744,6764483720866501455,17,9,16
16,3745,5128010789745771437,17,9,16
16,3746,8970829378522752323,17,9,20
16,3747,4767768898581933940,17,9,20
16,3748,4567240759529469196,17,9,20
16,3749,16283148744394963179,17,9,16
16,3750,6216220733494415829,17,9,16
16,3751,6934196894874460390,17,9,20
16,3752,6662130294063067414,17,9,16
16,3753,5634657860188849987,17,9,12
16,3754,17839130457041540084,17,9,16
16,3755,10634983620287795930,17,9,16
16,3756,15141917184325032534,17,9,16
16,3757,4045413647143249059,17,9,20
16,3758,11054953884288794853,17,9,16
16,3759,16224896518938958962,17,9,16
16,3760,8261011204273242715,17,9,16
16,3761,3550133496476848040,17,9,16
16,3762,2728531156688171092,17,9,16
16,3763,10799859529973898447,17,9,20
16,3764,9268631622941235545,17,9,16
16,3765,13100154666367656649,17,9,20
16,3766,4691675545941442882,17,9,16
16,3767,11844456359908975123,17,9,12
16,3768,14632816657223999554,17,9,16
16,3769,17985627215031825437,17,9,16
16,3770,15430056462530519828,17,9,20
16,3771,6356424512899369732,17,9,20
16,3772,3483812074482845292,17,9,16
16,3773,3797055474753471849,17,9,20
16,3774,7581675636773146807,17,9,16
16,3775,8170001565495493548,17,9,20
16,3776,7631382211285309054,17,9,20
16,3777,4411524242638097405,17,9,20
16,3778,12572446148524337494,17,9,20
16,3779,307129608342240673,17,9,16
16,3780,5801667051093245326,17,9,20
16,3781,12713256288082312513,17,9,16
16,3782,10630694829230004152,17,9,16
16,3783,10266790972623938016,17,9,16
16,3784,13582035426098814125,17,9,20
16,3785,3066447818984949334,17,9,16
16,3786,17532026787822442101,17,9,20
16,3787,7737454148992896730,17,9,20
16,3788,1192359503580640312,17,9,16
16,3789,15483363664855963986,17,9,12
16,3790,1437521483450273193,17,9,16
16,3791,8155319513474989602,17,9,16
16,3792,1618652955852897047,17,9,20
16,3793,15842383444227521282,17,9,16
16,3794,3858873861455898082,17,9,16
16,3795,2930957023466273017,17,9,16
16,3796,1587334318749172653,17,9,16
16,3797,7380440262457683998,17,9,20
16,3798,319022801203350899,17,9,16
16,3799,464958797700520397,17,9,20
16,3800,14397617910155468626,17,9,16
16,3801,15585504836036237578,17,9,16
16,3802,17583848092500717536,17,9,12
16,3803,5567777665584721454,17,9,16
16,3804,15481229850828741014,17,9,16
16,3805,5700653859048764760,17,9,20
16,3806,13251434232462201975,17,9,16
16,3807,3523378294647335701,17,9,16
16,3808,7410655041680653428,17,9,20
16,3809,8882684527407304971,17,9,24
16,3810,17243221021281946456,17,9,16
16,3811,17399068058086136776,17,9,20
16,3812,4017017662151691613,17,9,12
16,3813,17701259050573344156,17,9,16
16,3814,15878400495767632749,17,9,16
16,3815,13706727417232561131,17,9,16
16,3816,1941693683159086939,17,9,20
16,3817,7200082837455743365,17,9,20
16,3818,7452861629231442224,17,9,16
16,3819,6835800995679969966,17,9,16
16,3820,6029117792893749994,17,9,16
16,3821,1885711975174351362,17,9,16
16,3822,13454582679659020796,17,9,20
16,3823,517322349552046132,17,9,20
16,3824,18000306747349173330,17,9,16
16,3825,11340560215839251187,17,9,16
16,3826,10114905592487906176,17,9,16
16,3827,11552698437398210890,17,9,16
16,3828,16006746472604448337,17,9,12
16,3829,4061196262197613292,17,9,20
16,3830,3799250447529857023,17,9,20
16,3831,11780777231182055230,17,9,20
16,3832,6555999322063380631,17,9,20
16,3833,5903858278003158014,17,9,20
16,3834,15667753615514398825,17,9,20
16,3835,8563198016659219542,17,9,20
16,3836,12946559080955741843,17,9,16
16,3837,401008586594250998,17,9,16
16,3838,12209577405586348414,17,9,16
16,3839,15182217959394501226,17,9,16
16,3840,16292283231417829443,17,9,20
16,3841,9019632551099700026,17,9,16
16,3842,5160718335518185880,17,9,16
16,3843,12239052756379602387,17,9,12
16,3844,16179778410699438228,17,9,16
16,3845,9138077963112063269,17,9,16
16,3846,4662945574174010214,17,9,20
16,3847,13209441936071093634,17,9,16
16,3848,6999928354787839436,17,9,16
16,3849,2128482780353354506,17,9,16
16,3850,5583147853857112595,17,9,16
16,3851,2667693640589601505,17,9,16
16,3852,11782902939402539477,17,9,12
16,3853,15091248809979984282,17,9,20
16,3854,7522055703602132047,17,9,16
16,3855,7326124018943098756,17,9,16
16,3856,12631497279725233835,17,9,20
16,3857,6667138527958052430,17,9,20
16,3858,2082270809417436136,17,9,16
16,3859,3490063709057235132,17,9,20
16,3860,2440947600306305052,17,9,16
16,3861,15964928866695566680,17,9,16
16,3862,7277218422653886939,17,9,16
16,3863,2806324976404497395,17,9,16
16,3864,8856782044127673048,17,9,16
16,3865,8292967317659113989,17,9,16
16,3866,14637425697731541757,17,9,16
16,3867,8861770397658743537,17,9,16
16,3868,12508729633792098062,17,9,20
16,3869,1942641467030948090,17,9,12
16,3870,13212004960278927556,17,9,20
16,3871,5639553062076405461,17,9,16
16,3872,11252900458913077956,17,9,16
16,3873,2668891860304509289,17,9,16
16,3874,995764241100617949,17,9,16
16,3875,7186083579928443087,17,9,16
16,3876,14200663947980539233,17,9,16
16,3877,15545877729505189560,17,9,16
16,3878,4548276483621770582,17,9,16
16,3879,13404824523141745380,17,9,24
16,3880,13808335628625703208,17,9,16
16,3881,8311308603312180862,17,9,16
16,3882,5645253026934458529,17,9,20
16,3883,17169709763610086904,17,9,16
16,3884,4767546527726016948,17,9,16
16,3885,418067520052186977,17,9,20
16,3886,15585780159256600496,17,9,20
16,3887,4543511635355619179,17,9,16
16,3888,408867416646740599,17,9,12
16,3889,6444825070547981512,17,9,12
16,3890,1626080345865301456,17,9,12
16,3891,6913166737077500461,17,9,20
16,3892,4792662719944945525,17,9,16
16,3893,17817852830229243943,17,9,16
16,3894,12628494158276475163,17,9,20
16,3895,14071771622069000426,17,9,16
16,3896,9559644083511823497,17,9,20
16,3897,5212961509541689370,17,9,16
16,3898,3944928341747326499,17,9,16
16,3899,1258749857946576573,17,9,16
16,3900,7817842967023339691,17,9,16
16,3901,13774864657865091252,17,9,16
16,3902,10510891270488478254,17,9,16
16,3903,15262824613997829145,17,9,16
16,3904,4706834954601628463,17,9,16
16,3905,5419956855319893225,17,9,16
16,3906,7449056432047758942,17,9,12
16,3907,12167166416684433545,17,9,16
16,3908,8718122623232724532,17,9,16
16,3909,9102508194048125100,17,9,20
16,3910,484979912325303431,17,9,16
16,3911,3973770575656999847,17,9,20
16,3912,8661839551819812515,17,9,20
16,3913,6770945429213898504,17,9,16
16,3914,18092770310138084532,17,9,12
16,3915,2717036565378443528,17,9,12
16,3916,15810411684647643845,17,9,16
16,3917,15652362928964542635,17,9,16
16,3918,2338911821604784405,17,9,16
16,3919,1134600242683472394,17,9,12
16,3920,3088066059241775036,17,9,16
16,3921,14624082833171863986,17,9,16
16,3922,10970013139820879842,17,9,16
16,3923,2784609691737567584,17,9,12
16,3924,8250839719219582905,17,9,20
16,3925,2308041300414811167,17,9,16
16,3926,14206011446129216254,17,9,16
16,3927,18299644092045989400,17,9,16
16,3928,10144656148173921341,17,9,20
16,3929,6819486187343427362,17,9,20
16,3930,7326398620511896612,17,9,12
16,3931,10375012872444586775,17,9,20
16,3932,15826713002043734157,17,9,16
16,3933,737051806309675755,17,9,16
16,3934,17277096876377503778,17,9,16
16,3935,10215739926742568583,17,9,20
16,3936,7500989780250576719,17,9,20
16,3937,5593769528195743397,17,9,20
16,3938,8373929385064520094,17,9,16
16,3939,5173953318600312745,17,9,16
16,3940,11599306826955694810,17,9,16
16,3941,10360478028595002470,17,9,16
16,3942,15299068216195458909,17,9,12
16,3943,10948030532824359921,17,9,16
16,3944,1164328157685124442,17,9,16
16,3945,9706756950529033653,17,9,20
16,3946,18186339257195522033,17,9,16
16,3947,1669601600350760992,17,9,16
16,3948,17452085369523038674,17,9,16
16,3949,10515443161622847070,17,9,16
16,3950,17521181028555234932,17,9,16
16,3951,9824267322055831310,17,9,16
16,3952,542536209021773181,17,9,16
16,3953,1701306797689295932,17,9,20
16,3954,12252840539455049760,17,9,16
16,3955,2389835788655802016,17,9,16
16,3956,9526114906027538471,17,9,16
16,3957,776090895422047291,17,9,20
16,3958,729150904715619260,17,9,16
16,3959,16280373509360339639,17,9,20
16,3960,6926344631918462904,17,9,12
16,3961,8327946252513467014,17,9,16
16,3962,8792536113937957139,17,9,16
16,3963,5733402945578718627,17,9,20
16,3964,1205131611116178225,17,9,20
16,3965,18210466289242000475,17,9,20
16,3966,10453659528020511813,17,9,16
16,3967,2058396820677037506,17,9,16
16,3968,4247834568303228005,17,9,20
16,3969,16579773505117345291,17,9,20
16,3970,12798571455800931884,17,9,20
16,3971,9105075197239264440,17,9,16
16,3972,8500392934719097443,17,9,20
16,3973,8516256558427773687,17,9,16
16,3974,15609511403379696686,17,9,16
16,3975,5052872668156785772,17,9,20
16,3976,9921740746691241892,17,9,16
16,3977,2739152311842935579,17,9,16
16,3978,16599712207240860859,17,9,20
16,3979,190819582399272345,17,9,16
16,3980,4086529807796262790,17,9,16
16,3981,6083509734861386010,17,9,16
16,3982,1825336240410760626,17,9,16
16,3983,4412912475422919142,17,9,16
16,3984,16305143195710640725,17,9,16
16,3985,11540734398593648941,17,9,20
16,3986,1470059702844042623,17,9,16
16,3987,15698531853560795688,17,9,20
16,3988,6927911352792519469,17,9,16
16,3989,5824792820609496890,17,9,12
16,3990,9498919766881429850,17,9,16
16,3991,10211990628551682224,17,9,16
16,3992,12494735838595313097,17,9,16
16,3993,17921528186211370515,17,9,16
16,3994,10934750984679314464,17,9,16
16,3995,1859507131893907835,17,9,16
16,3996,10809637251986367064,17,9,16
16,3997,2897416679881744203,17,9,20
16,3998,7790072784186006674,17,9,16
16,3999,13600544410178805272,17,9,20
16,4000,7169850340588516874,17,9,20
24,1,11233421158626600056,25,13,20
24,2,12100245456492880297,25,13,28
24,3,14512997343194277434,25,13,24
24,4,5079941937811731940,25,13,24
24,5,16139449411514709085,25,13,20
24,6,14954302901225164371,25,13,28
24,7,8634966925404826356,25,13,28
24,8,12579260845571189282,25,13,28
24,9,5692376201565006969,25,13,28
24,10,2389493988083021850,25,13,24
24,11,610246277475887062,25,13,28
24,12,9967411336746685720,25,13,24
24,13,2362089047740510185,25,13,28
24,14,10123745092577306398,25,13,28
24,15,17961839821156334374,25,13,24
24,16,2313785552881639936,25,13,24
24,17,9554525630557453383,25,13,24
24,18,8236643548405737029,25,13,24
24,19,8887186354949750954,25,13,24
24,20,3842289992109901197,25,13,24
24,21,6430563188347411990,25,13,24
24,22,5175157394201946705,25,13,24
24,23,15562767989541656305,25,13,24
24,24,17943184765546131634,25,13,28
24,25,12427881086128935743,25,13,28
24,26,4010574049317399897,25,13,24
24,27,1930519094815267705,25,13,24
24,28,11434616160143599702,25,13,24
24,29,17184300945016694068,25,13,24
24,30,191882259964367476,25,13,28
24,31,15447897429622402137,25,13,24
24,32,14706490503688025271,25,13,24
24,33,8052137305702776120,25,13,24
24,34,12524357451187264954,25,13,24
24,35,3497787793912335100,25,13,28
24,36,2847902610061121845,25,13,28
24,37,15890398779682146409,25,13,28
24,38,1435506258442067089,25,13,28
24,39,678331696887087236,25,13,24
24,40,14349010414585277556,25,13,28
24,41,5053946458728151769,25,13,24
24,42,10838974321835907425,25,13,28
24,43,17870752947902961061,25,13,24
24,44,94320599777826332,25,13,24
24,45,12493354332498206950,25,13,24
24,46,11807121886452442491,25,13,24
24,47,3256193565391182252,25,13,24
24,48,13659132935518259347,25,13,24
24,49,6091614351079465176,25,13,20
24,50,14740791725232717764,25,13,20
24,51,2994530721283062264,25,13,20
24,52,13214367394156276945,25,13,24
24,53,6849924573290760036,25,13,24
24,54,8910384042227667214,25,13,28
24,55,3231228518860914388,25,13,24
24,56,3141310932150748905,25,13,24
24,57,14316610408657947587,25,13,28
24,58,2757335947986096413,25,13,28
24,59,1601012025903654128,25,13,28
24,60,1549039247562244412,25,13,24
24,61,115900036860894014,25,13,24
24,62,5684496138939159097,25,13,24
24,63,1399911775608619935,25,13,24
24,64,2891817097590460544,25,13,24
24,65,3603034645130889623,25,13,24
24,66,361494005172356930,25,13,24
24,67,9397282039189278986,25,13,24
24,68,10648213670788922202,25,13,28
24,69,9748147755113018855,25,13,24
24,70,15099537758628511557,25,13,28
24,71,14706328885369628503,25,13,24
24,72,18147681274037287751,25,13,24
24,73,8386322196900985215,25,13,24
24,74,17759677880663693185,25,13,28
24,75,10790830724545367331,25,13,24
24,76,613148237375234605,25,13,24
24,77,7532078157008559451,25,13,24
24,78,14241565731327499344,25,13,28
24,79,15770580659001886608,25,13,24
24,80,2678045582736985741,25,13,28
24,81,4538299970127746864,25,13,28
24,82,1355106490002416781,25,13,28
24,83,12567123211498701918,25,13,24
24,84,15746760007684155903,25,13,24
24,85,18015893419422487739,25,13,20
24,86,6498820551300454434,25,13,24
24,87,10117844169036472178,25,13,28
24,88,6007113967858465925,25,13,28
24,89,13881435640085733671,25,13,24
24,90,7239443082522638999,25,13,24
24,91,14004129256565027907,25,13,28
24,92,2492359739879665418,25,13,28
24,93,8194060706344114207,25,13,28
24,94,13087639541203592497,25,13,24
24,95,2048086955512975461,25,13,20
24,96,4100916689718097801,25,13,24
24,97,18376247229498476766,25,13,28
24,98,13808681878540590931,25,13,24
24,99,9596694166135860623,25,13,28
24,100,4822327072790861782,25,13,24
24,101,10687657910884751718,25,13,28
24,102,8897539439819857274,25,13,28
24,103,8247569273490376455,25,13,24
24,104,107732609675824422,25,13,28
24,105,9122188661069764071,25,13,24
24,106,36523854693801091,25,13,24
24,107,9941223884399831382,25,13,24
24,108,9847090725670760416,25,13,24
24,109,9477494204219121787,25,13,24
24,110,12309845527880539168,25,13,28
24,111,2871175993681737651,25,13,28
24,112,15297697958953024923,25,13,28
24,113,17939464692850442327,25,13,28
24,114,7340597182658871480,25,13,28
24,115,9155529154435453265,25,13,24
24,116,15595048050742224916,25,13,28
24,117,631811840786472159,25,13,28
24,118,6085226708969107282,25,13,24
24,119,8889364072165574646,25,13,24
24,120,12099917010718218468,25,13,24
24,121,16546354676792620422,25,13,24
24,122,7520101918793448109,25,13,24
24,123,11918713742651427641,25,13,28
24,124,9026425650602079925,25,13,24
24,125,17220100241569833282,25,13,24
24,126,16771494931651090681,25,13,24
24,127,7110338562659462337,25,13,28
24,128,13485093150944019235,25,13,28
24,129,12871583314188389540,25,13,24
24,130,16880741913125716740,25,13,24
24,131,14306531015550452989,25,13,20
24,132,11488455497580483950,25,13,24
24,133,12230707936911813647,25,13,24
24,134,17793695314897095280,25,13,28
24,135,7516127363031877099,25,13,28
24,136,8662825099799381227,25,13,28
24,137,15029168933238259992,25,13,28
24,138,17075298660961431079,25,13,24
24,139,12757951681350796703,25,13,28
24,140,6670505526523426364,25,13,32
24,141,8056206394928264273,25,13,28
24,142,5109635873082996291,25,13,24
24,143,9836575670571675494,25,13,28
24,144,16867589530388075855,25,13,24
24,145,6896474334627405408,25,13,24
24,146,17078523466992559407,25,13,24
24,147,8226231115711769590,25,13,24
24,148,13424529207281023587,25,13,20
24,149,9266765340069412501,25,13,24
24,150,13840044063502536955,25,13,28
24,151,12289209117427214608,25,13,28
24,152,6324522397792287704,25,13,24
24,153,6854341412559927309,25,13,24
24,154,14118591440434447213,25,13,28
24,155,12713806670883798038,25,13,24
24,156,6819100841542548552,25,13,24
24,157,9644963037920872928,25,13,24
24,158,12007214059445971359,25,13,24
24,159,12312478889523357712,25,13,28
24,160,7859895080250062703,25,13,28
24,161,10717494096044964601,25,13,24
24,162,1792535234207991769,25,13,28
24,163,9009958346720129435,25,13,24
24,164,14436264745205270332,25,13,28
24,165,679175599246718095,25,13,24
24,166,860278747954651716,25,13,24
24,167,12553437540251177024,25,13,28
24,168,4235909589968186624,25,13,24
24,169,1927895248093909845,25,13,24
24,170,730259129351395116,25,13,24
24,171,13937344986132427929,25,13,24
24,172,7384938185581742118,25,13,24
24,173,5232746611148043358,25,13,24
24,174,16608515573543287015,25,13,28
24,175,4574448601439046098,25,13,28
24,176,14391524404602955321,25,13,24
24,177,11246170218442077415,25,13,24
24,178,11750038203128833466,25,13,28
24,179,6177086983014904849,25,13,28
24,180,11472462893956411772,25,13,24
24,181,4063591800746388625,25,13,24
24,182,3809952242917034363,25,13,24
24,183,18059870939158532990,25,13,28
24,184,694590586871732874,25,13,20
24,185,9955735021377849698,25,13,24
24,186,2354632428407840883,25,13,28
24,187,7281561261936203323,25,13,20
24,188,1298955543343467982,25,13,28
24,189,10171229015001210213,25,13,28
24,190,7567035033517078438,25,13,24
24,191,15991027341349453847,25,13,20
24,192,18092770217618221877,25,13,28
24,193,2062823072349592765,25,13,24
24,194,14581653005191697463,25,13,24
24,195,2099420487750530254,25,13,28
24,196,10092671089565326675,25,13,24
24,197,18214991656322492268,25,13,24
24,198,14161584011772060629,25,13,24
24,199,261780042763264680,25,13,24
24,200,13584331011242161180,25,13,20
24,201,2471114647132448792,25,13,24
24,202,2035482092064653200,25,13,28
24,203,13661929289468398262,25,13,20
24,204,16800321200049351094,25,13,24
24,205,16232468409544657557,25,13,28
24,206,1136128360482774661,25,13,24
24,207,4280716944482161224,25,13,28
24,208,13550854260646027782,25,13,24
24,209,12748821465340450319,25,13,28
24,210,8536515010426866780,25,13,24
24,211,15627851549792283988,25,13,28
24,212,14660991740163475526,25,13,28
24,213,9525751120950965022,25,13,24
24,214,13485297761933001852,25,13,24
24,215,12895395157272901611,25,13,28
24,216,932652991499828484,25,13,24
24,217,3743190705119489805,25,13,20
24,218,6588556888074981429,25,13,28
24,219,8755624497768606991,25,13,28
24,220,10897415112276694019,25,13,24
24,221,1896038481850299067,25,13,24
24,222,304949980437446855,25,13,24
24,223,16380612215077934753,25,13,28
24,224,10707015474906155922,25,13,28
24,225,15182350535537874930,25,13,28
24,226,14733113589647623644,25,13,28
24,227,16727427977665627794,25,13,24
24,228,1346589298717603069,25,13,24
24,229,8587998167544850411,25,13,24
24,230,17322118334968767522,25,13,24
24,231,662805484577423801,25,13,20
24,232,7914195835196262831,25,13,24
24,233,3763977392662960888,25,13,20
24,234,9287856811191709836,25,13,28
24,235,16542122027790683320,25,13,24
24,236,8640524807400856554,25,13,28
24,237,3465244673385146500,25,13,24
24,238,11919659400921540077,25,13,24
24,239,8277352096252354492,25,13,28
24,240,10990470393742297403,25,13,24
24,241,5135918373242323989,25,13,24
24,242,5415352183526338377,25,13,28
24,243,17710798199442642752,25,13,32
24,244,15245125601988660049,25,13,24
24,245,3344437471401150197,25,13,24
24,246,8501607524328090732,25,13,28
24,247,12888362235646088721,25,13,28
24,248,8218492175061752970,25,13,24
24,249,6917595129880228204,25,13,28
24,250,3166535166606232878,25,13,28
24,251,13930588364246125192,25,13,28
24,252,5178233228039089581,25,13,24
24,253,2229515992158641173,25,13,24
24,254,4245699827730318483,25,13,28
24,255,16462805881172833981,25,13,24
24,256,12476636624094500061,25,13,24
24,257,5925704646407835782,25,13,28
24,258,6730668401910501376,25,13,20
24,259,13544554525141592119,25,13,28
24,260,14540121024390642573,25,13,28
24,261,6283658203481241616,25,13,24
24,262,295341506417951815,25,13,28
24,263,10227217229662098244,25,13,24
24,264,6795145292620978751,25,13,28
24,265,197479421707449206,25,13,24
24,266,9294061769295357720,25,13,24
24,267,7186433570602741643,25,13,28
24,268,4468239271202988965,25,13,24
24,269,12792448312637200776,25,13,28
24,270,15311952592749479765,25,13,20
24,271,15426232795570152568,25,13,28
24,272,16243591855984656059,25,13,24
24,273,13197310693420722724,25,13,28
24,274,9071965708026439393,25,13,28
24,275,10282332043767643097,25,13,28
24,276,5893458252690824422,25,13,28
24,277,13425263190558410507,25,13,28
24,278,16414637625567856744,25,13,28
24,279,4335071022255985586,25,13,20
24,280,12549841750537051828,25,13,28
24,281,1679173308904224314,25,13,24
24,282,2988574833700323990,25,13,28
24,283,12105191932972711675,25,13,24
24,284,11568373926224644117,25,13,28
24,285,4225007019309505091,25,13,28
24,286,17872650357089461589,25,13,24
24,287,14274944795604778912,25,13,24
24,288,18017108896729774354,25,13,28
24,289,15872738209940369875,25,13,24
24,290,3129046948119174594,25,13,24
24,291,5492740333433123589,25,13,24
24,292,16532673553697400282,25,13,24
24,293,3991092198852098684,25,13,24
24,294,16279914048046610713,25,13,28
24,295,16123766330720432591,25,13,24
24,296,17362480661566745136,25,13,24
24,297,14213558723189571813,25,13,24
24,298,1068176769874159737,25,13,24
24,299,14300317687988338814,25,13,24
24,300,801047995294816297,25,13,28
24,301,14941930859044981212,25,13,24
24,302,1915474719320643328,25,13,28
24,303,5073844444474276398,25,13,24
24,304,11230380452420424179,25,13,24
24,305,6793641406660762301,25,13,24
24,306,2453049435005330203,25,13,24
24,307,14229791311115285856,25,13,24
24,308,14851328129800866616,25,13,28
24,309,17306827167090997070,25,13,24
24,310,11021658622035678006,25,13,24
24,311,13249484810602129709,25,13,28
24,312,3364420430255294795,25,13,24
24,313,15994874974686053201,25,13,24
24,314,13012197139579226090,25,13,28
24,315,16516166588581457653,25,13,24
24,316,10490073187874193072,25,13,28
24,317,15507539401246117274,25,13,28
24,318,10375662828292188840,25,13,24
24,319,13894598502523908345,25,13,24
24,320,4828038414344781539,25,13,28
24,321,12289139370980464933,25,13,24
24,322,3678285369501362679,25,13,20
24,323,17808986983322154981,25,13,24
24,324,7732317412643408849,25,13,28
24,325,17865187348432911755,25,13,24
24,326,6396567999542760308,25,13,28
24,327,15423009458668306504,25,13,28
24,328,8155320387535572951,25,13,24
24,329,13425310560917041695,25,13,28
24,330,11560265994054666994,25,13,28
24,331,4764909137384246210,25,13,28
24,332,16484135083343800699,25,13,28
24,333,1853189497227184150,25,13,28
24,334,3654140367425709147,25,13,24
24,335,5128801183761761102,25,13,24
24,336,8173849112916071073,25,13,28
24,337,5726547188216825027,25,13,24
24,338,15663493496211836035,25,13,28
24,339,2780844353305852317,25,13,28
24,340,12440683689305922489,25,13,28
24,341,12281158602144679502,25,13,24
24,342,8233509499954949243,25,13,24
24,343,9421569943387435136,25,13,28
24,344,11693157539289217714,25,13,24
24,345,11700180773503664568,25,13,28
24,346,16039471726923603360,25,13,20
24,347,5447481921443065230,25,13,24
24,348,15272541584883101824,25,13,28
24,349,14419154672727697093,25,13,24
24,350,808465369789527144,25,13,24
24,351,11305152546339417083,25,13,28
24,352,6102838847809336098,25,13,20
24,353,3993438157570082051,25,13,24
24,354,9750672673789355083,25,13,28
24,355,10046211669308548899,25,13,24
24,356,6166186535010540168,25,13,24
24,357,4521508019584954678,25,13,24
24,358,7224100231019730250,25,13,24
24,359,2797180989830110800,25,13,28
24,360,828209974092471706,25,13,28
24,361,13688709281001124450,25,13,24
24,362,16658418877453905114,25,13,24
24,363,4212047065438418512,25,13,28
24,364,2766063712958515199,25,13,20
24,365,4249810190128220246,25,13,24
24,366,16812384636082803707,25,13,28
24,367,9008955034969286233,25,13,24
24,368,13249399782094407203,25,13,24
24,369,18355696787020551618,25,13,28
24,370,6104483000584713380,25,13,28
24,371,13105074246596226325,25,13,24
24,372,2198747794661220905,25,13,28
24,373,12726284870199029442,25,13,24
24,374,9211095801899003316,25,13,24
24,375,11581453693316635541,25,13,24
24,376,8127178052481686780,25,13,24
24,377,10410021893524836385,25,13,24
24,378,13753246496745025690,25,13,24
24,379,16072127961893753484,25,13,24
24,380,9096588057468803661,25,13,24
24,381,13010385405919444027,25,13,24
24,382,7904860075579749764,25,13,24
24,383,14782968374361038812,25,13,28
24,384,15789873667635959796,25,13,24
24,385,5439686965397637779,25,13,28
24,386,10497979176023600544,25,13,28
24,387,13233403154649935111,25,13,24
24,388,18094224623770969854,25,13,24
24,389,14107998174103162149,25,13,24
24,390,18071203469332914056,25,13,24
24,391,10381607511674644944,25,13,24
24,392,5433947766043252844,25,13,24
24,393,4474139900158178717,25,13,24
24,394,15625999317489465549,25,13,24
24,395,8608123892585499592,25,13,24
24,396,3072756015691514651,25,13,28
24,397,18005752202726148375,25,13,24
24,398,14721328484406136760,25,13,24
24,399,11908848559453119866,25,13,24
24,400,9741724744922615520,25,13,24
24,401,17711322682601978713,25,13,24
24,402,9006914830843507331,25,13,24
24,403,1251491295393617207,25,13,28
24,404,15449640531587694505,25,13,24
24,405,17196771435573876998,25,13,32
24,406,3637496710580714733,25,13,28
24,407,1677158532359716147,25,13,24
24,408,6920258619804604136,25,13,24
24,409,38175113050847471,25,13,28
24,410,8947780534120049558,25,13,28
24,411,91939254009244757,25,13,24
24,412,315257182383918723,25,13,32
24,413,15881292408531097951,25,13,24
24,414,7593117288080153858,25,13,24
24,415,5469532513838879809,25,13,28
24,416,14074334496864958131,25,13,24
24,417,3028752838480966084,25,13,24
24,418,8598109883905293386,25,13,28
24,419,13426400098727218230,25,13,28
24,420,10217212707624425543,25,13,28
24,421,1922067840415510860,25,13,24
24,422,9685065918729747563,25,13,28
24,423,95341138254654761,25,13,24
24,424,12257846081057518980,25,13,24
24,425,1905878560594881250,25,13,24
24,426,17744125411708987443,25,13,24
24,427,9128046253157235988,25,13,24
24,428,4008488333712988860,25,13,24
24,429,6493495964224403941,25,13,28
24,430,6586600036363599271,25,13,24
24,431,4626589223671010081,25,13,24
24,432,6964514842053311060,25,13,24
24,433,3377703301874111929,25,13,20
24,434,10511022215230413161,25,13,24
24,435,15624258282601124847,25,13,28
24,436,10501387901713562770,25,13,24
24,437,14217596846154482830,25,13,24
24,438,10414246423902852581,25,13,28
24,439,12822988092289984514,25,13,28
24,440,5637126433471810089,25,13,28
24,441,16306632434482593091,25,13,24
24,442,3016270209079117582,25,13,24
24,443,13338760923235055249,25,13,24
24,444,796380111021811117,25,13,28
24,445,2346824791312579514,25,13,28
24,446,9077984361634755525,25,13,24
24,447,257936737664539066,25,13,24
24,448,5271888258525926743,25,13,24
24,449,13714822128940291620,25,13,24
24,450,9061125157475349732,25,13,28
24,451,5050311053198583551,25,13,28
24,452,6635723918113490749,25,13,24
24,453,15550345138788101420,25,13,24
24,454,10695084122762228041,25,13,28
24,455,4238594056081922713,25,13,24
24,456,14043383978704554186,25,13,28
24,457,8713156333489320644,25,13,24
24,458,11866305335031794229,25,13,24
24,459,9102089749363753929,25,13,24
24,460,16564769022686781169,25,13,24
24,461,5882296770506000273,25,13,24
24,462,5601020137283956947,25,13,28
24,463,13906623338913114259,25,13,24
24,464,2954709110473840957,25,13,28
24,465,13460255584806124828,25,13,24
24,466,16260162616373829918,25,13,28
24,467,3183021866040682570,25,13,24
24,468,18173906981262345674,25,13,24
24,469,15846842263754362066,25,13,28
24,470,5811460860891435977,25,13,24
24,471,18431267134063328486,25,13,28
24,472,14141731160882110971,25,13,28
24,473,9793219407296117500,25,13,24
24,474,4444631824201314256,25,13,24
24,475,2487680645685820925,25,13,24
24,476,2213187455596080030,25,13,24
24,477,16031312508941798551,25,13,24
24,478,12862235238837736205,25,13,28
24,479,18347961591109909302,25,13,24
24,480,14663347654802757037,25,13,24
24,481,10233526520718997236,25,13,24
24,482,14077147116438890127,25,13,28
24,483,1833862489570353670,25,13,24
24,484,448532881948730067,25,13,28
24,485,15777031922813481532,25,13,28
24,486,8164005554620973931,25,13,24
24,487,2291298826019652514,25,13,28
24,488,2427012283261296299,25,13,28
24,489,5948995912103762475,25,13,24
24,490,12441035959625095766,25,13,24
24,491,1428101163784287518,25,13,28
24,492,5028347307237893660,25,13,28
24,493,14976569597347131498,25,13,24
24,494,7766631396909911199,25,13,28
24,495,10053328704564930727,25,13,24
24,496,872530570244781147,25,13,28
24,497,723341652164871537,25,13,24
24,498,12618999654186256558,25,13,24
24,499,12618457898262255029,25,13,24
24,500,2839689627814780997,25,13,20
24,501,12214226079797220249,25,13,24
24,502,6379139160590992179,25,13,32
24,503,6149040053727534871,25,13,24
24,504,16424863398856355347,25,13,28
24,505,6164238261762209613,25,13,28
24,506,17767104874923761174,25,13,24
24,507,16139135942253465448,25,13,24
24,508,17424090604986674846,25,13,28
24,509,11190468760720210012,25,13,24
24,510,9861780426550690227,25,13,28
24,511,14879539866675518195,25,13,24
24,512,8040482521288715378,25,13,28
24,513,8594188102953985126,25,13,28
24,514,3305724023968949701,25,13,24
24,515,10743471456809170692,25,13,28
24,516,12420581625474444545,25,13,24
24,517,993069804901071290,25,13,24
24,518,16186122324666805207,25,13,24
24,519,9397441307215511462,25,13,28
24,520,6598559990955699696,25,13,28
24,521,4241516707439801625,25,13,28
24,522,16009161978265314085,25,13,24
24,523,1597417779602147609,25,13,24
24,524,2712374822864687146,25,13,24
24,525,18062998981993755001,25,13,24
24,526,11987748216912363453,25,13,24
24,527,13008849519372784817,25,13,24
24,528,14717943505837848720,25,13,24
24,529,8084668795495648883,25,13,24
24,530,14841497304962170525,25,13,24
24,531,16720271310700773466,25,13,24
24,532,7000270427451203937,25,13,24
24,533,10692061168695017379,25,13,28
24,534,8456249285159415636,25,13,24
24,535,17556337852719140893,25,13,24
24,536,15932317217299895920,25,13,24
24,537,15531949315027325194,25,13,24
24,538,2623159073082803113,25,13,20
24,539,8410413009897697123,25,13,24
24,540,7399014801876792537,25,13,28
24,541,12348763312021676942,25,13,24
24,542,18197961740682811628,25,13,24
24,543,13618261794297272284,25,13,24
24,544,7869551630025576263,25,13,24
24,545,6361583909156319474,25,13,24
24,546,4243096060669079094,25,13,28
24,547,9503050641517168056,25,13,24
24,548,3235290076685984107,25,13,24
24,549,14228605905831828584,25,13,24
24,550,15544767321778863983,25,13,24
24,551,18011119653721282972,25,13,24
24,552,4882638405260049791,25,13,28
24,553,4345732987844820382,25,13,28
24,554,5838242997689194652,25,13,24
24,555,1204111466137758215,25,13,24
24,556,12405565095252599041,25,13,28
24,557,8620660530778425736,25,13,24
24,558,4975781922457823908,25,13,24
24,559,11316008482615067129,25,13,24
24,560,7795840710009361925,25,13,28
24,561,6607463247417091842,25,13,24
24,562,4253408408659587369,25,13,28
24,563,13167681154470076170,25,13,20
24,564,2760774896090207290,25,13,28
24,565,5217404781438181114,25,13,24
24,566,2719533825866778810,25,13,28
24,567,13105207344493048133,25,13,24
24,568,16515640056686409647,25,13,24
24,569,5530682361893922938,25,13,24
24,570,340956532762358987,25,13,28
24,571,4604425863870243545,25,13,24
24,572,2122206466620988366,25,13,24
24,573,11328922880854725825,25,13,24
24,574,14932923109753095719,25,13,24
24,575,13140809555921751195,25,13,24
24,576,6103762808056315299,25,13,24
24,577,13122528037202587729,25,13,24
24,578,14714737913572928505,25,13,28
24,579,5245590365918752099,25,13,28
24,580,15175825188928220105,25,13,28
24,581,1607204412316627503,25,13,24
24,582,12994215296315900372,25,13,24
24,583,221310480554289950,25,13,24
24,584,2833424726151807362,25,13,24
24,585,8695886086564785754,25,13,24
24,586,17790561233936398011,25,13,28
24,587,3010540171456883604,25,13,24
24,588,15090405951192788537,25,13,24
24,589,17973976609784330011,25,13,24
24,590,12986240817129869326,25,13,28
24,591,8975669393698445315,25,13,24
24,592,10340104168746038746,25,13,28
24,593,2739267738570586182,25,13,28
24,594,15096021491783475799,25,13,24
24,595,8404725837546525861,25,13,24
24,596,1031492113859534329,25,13,28
24,597,12468972393511183176,25,13,24
24,598,5390918552408385706,25,13,24
24,599,4785129029017906992,25,13,24
24,600,15575717616772087806,25,13,24
24,601,3958742694604770675,25,13,28
24,602,14558344042502038679,25,13,28
24,603,17390413448107305048,25,13,28
24,604,12190507543123959838,25,13,24
24,605,2066965878787354840,25,13,28
24,606,1214668648578813965,25,13,24
24,607,12731474885694414098,25,13,24
24,608,18003011317933024203,25,13,24
24,609,6781653670174379195,25,13,28
24,610,13037937752959894167,25,13,28
24,611,15394555643173020152,25,13,28
24,612,11340003583551814085,25,13,24
24,613,10276397965370070637,25,13,24
24,614,7570433930680865451,25,13,24
24,615,11173472819776500876,25,13,24
24,616,11596882295225834011,25,13,24
24,617,12483767539391812103,25,13,28
24,618,4425699713287823708,25,13,28
24,619,18429203568935889629,25,13,28
24,620,13497213981490075248,25,13,24
24,621,12594294873551016323,25,13,28
24,622,5923754740531318662,25,13,28
24,623,13158313655745244673,25,13,20
24,624,3983898058304323373,25,13,28
24,625,2615320852370019947,25,13,28
24,626,5008242260849876710,25,13,28
24,627,12207081731130791285,25,13,24
24,628,18131868050269111507,25,13,24
24,629,9385102823428722889,25,13,28
24,630,18289805350268871211,25,13,24
24,631,4653130668008360918,25,13,28
24,632,9233842743379627777,25,13,24
24,633,17115210201728657857,25,13,24
24,634,4861595437199764494,25,13,28
24,635,9633812717050778383,25,13,28
24,636,9944213117900590445,25,13,24
24,637,18088342227730411334,25,13,28
24,638,14047814044235392865,25,13,28
24,639,10185909109060782733,25,13,24
24,640,7904332887371259321,25,13,24
24,641,778277552910610730,25,13,28
24,642,3683953586115630838,25,13,28
24,643,10404537601123799071,25,13,24
24,644,10476361595620786678,25,13,24
24,645,535220446334193730,25,13,28
24,646,13416636659416711014,25,13,28
24,647,5990729726544249919,25,13,24
24,648,7576312265763085629,25,13,24
24,649,15114624552061359281,25,13,20
24,650,10521236022113387707,25,13,24
24,651,8400495246629656125,25,13,24
24,652,17718422910891187072,25,13,24
24,653,1447835913747587060,25,13,20
24,654,2758192102789191472,25,13,28
24,655,12367979021900145675,25,13,24
24,656,142936458071220182,25,13,24
24,657,16622822022815101129,25,13,28
24,658,10024215210466263342,25,13,28
24,659,1565768367164469836,25,13,28
24,660,16520407627096678763,25,13,28
24,661,1356423074648002169,25,13,24
24,662,14467884947293440055,25,13,28
24,663,1831617681316610679,25,13,24
24,664,17286876793604374136,25,13,28
24,665,14167878705458976526,25,13,24
24,666,693625210808079054,25,13,28
24,667,6338367452867413152,25,13,24
24,668,7042536073395983163,25,13,24
24,669,6156028344541105631,25,13,24
24,670,10519594432289572374,25,13,32
24,671,8105842704223582941,25,13,28
24,672,11547983646068025544,25,13,28
24,673,6963490347947291401,25,13,24
24,674,2915957710136013382,25,13,24
24,675,14063164132855051269,25,13,24
24,676,7772591432316382684,25,13,28
24,677,15872236411799850538,25,13,24
24,678,4205653105243393571,25,13,24
24,679,10860872903318543504,25,13,20
24,680,15022531590984089620,25,13,24
24,681,8455641824064397880,25,13,24
24,682,10055391196911784881,25,13,28
24,683,4732341280239580024,25,13,24
24,684,5918479158996769419,25,13,28
24,685,2647541897573413190,25,13,28
24,686,8231081505435276754,25,13,28
24,687,11816259607822443976,25,13,28
24,688,2902397150835657241,25,13,24
24,689,2208755094855610783,25,13,24
24,690,16159838226112539426,25,13,28
24,691,16356489628531285221,25,13,24
24,692,7629595186171399780,25,13,24
24,693,13376116889172921814,25,13,20
24,694,5988881634724656794,25,13,24
24,695,8190337366370104907,25,13,28
24,696,17811281573268365438,25,13,24
24,697,6326690588442834013,25,13,24
24,698,15777598178498758284,25,13,28
24,699,8809671116421853858,25,13,28
24,700,10811504300116130964,25,13,24
24,701,17486976784875231157,25,13,28
24,702,5640005945703278904,25,13,24
24,703,15265309686752780222,25,13,24
24,704,3796357147406283762,25,13,24
24,705,11101843819804741613,25,13,24
24,706,785713475727492073,25,13,28
24,707,3984837938633230002,25,13,28
24,708,17090447717589749977,25,13,24
24,709,15781170472926227240,25,13,24
24,710,8488262605456630430,25,13,24
24,711,3608060751387788307,25,13,24
24,712,3771924225973724463,25,13,24
24,713,1732920693719687427,25,13,24
24,714,17525348702261603031,25,13,28
24,715,13404309926600080193,25,13,28
24,716,12270704812896514445,25,13,28
24,717,7826963795282864895,25,13,24
24,718,1853181162527570134,25,13,28
24,719,6685416983556850588,25,13,24
24,720,17769196809558118391,25,13,28
24,721,14318422260585839890,25,13,28
24,722,12068717037199609297,25,13,28
24,723,17072006174480765643,25,13,28
24,724,15102536618499678773,25,13,24
24,725,14950068603003383424,25,13,24
24,726,16841544077603891684,25,13,28
24,727,4343605472091305402,25,13,24
24,728,8346989638430352496,25,13,24
24,729,463694629669111123,25,13,24
24,730,2928969644113402763,25,13,24
24,731,1177028852684193243,25,13,24
24,732,906252626968071582,25,13,28
24,733,6608697221930031532,25,13,28
24,734,12909346633580608948,25,13,28
24,735,3336246024590632190,25,13,24
24,736,8341252888112252770,25,13,24
24,737,10264118300348207771,25,13,28
24,738,10424398629406340336,25,13,24
24,739,17180291724375474443,25,13,24
24,740,11536274632275782436,25,13,24
24,741,4111602811509774258,25,13,24
24,742,14038190652365114991,25,13,24
24,743,6809106719954650435,25,13,24
24,744,13144128680284903725,25,13,24
24,745,9184041843384713073,25,13,28
24,746,15399176309821267800,25,13,28
24,747,14188976898301553158,25,13,24
24,748,16764743076958009785,25,13,24
24,749,8153097873813826433,25,13,28
24,750,6645586809425270406,25,13,24
24,751,2017913095345072493,25,13,24
24,752,8807282415643679064,25,13,20
24,753,17172156737453692331,25,13,24
24,754,15617913387446669104,25,13,24
24,755,10543844596012067523,25,13,24
24,756,14405597282093072022,25,13,28
24,757,10347860368242555063,25,13,24
24,758,9797437642564395651,25,13,24
24,759,15678681091196481740,25,13,24
24,760,11869285018313036400,25,13,24
24,761,9954033222518251255,25,13,24
24,762,6197669056493803122,25,13,28
24,763,16266989823503176391,25,13,28
24,764,12106733849516590351,25,13,28
24,765,5884908653783030107,25,13,28
24,766,4316398115241756562,25,13,24
24,767,3965960747432241073,25,13,24
24,768,10687006878462487055,25,13,28
24,769,1508632972821430337,25,13,24
24,770,18413421007617636856,25,13,28
24,771,18265834359122750519,25,13,28
24,772,512112364857813105,25,13,24
24,773,742071858615026941,25,13,24
24,774,1783350525929584348,25,13,28
24,775,8625549805988983372,25,13,24
24,776,7637722014566230410,25,13,24
24,777,17903464718399671571,25,13,28
24,778,12997936512380950356,25,13,28
24,779,15742915921766194390,25,13,24
24,780,7230903607979962958,25,13,28
24,781,6149541755526554233,25,13,28
24,782,8213111036390183917,25,13,24
24,783,11171396661520582462,25,13,20
24,784,4573809340609688799,25,13,24
24,785,15486127163858415239,25,13,24
24,786,1948201671360488867,25,13,20
24,787,17856574049736132040,25,13,28
24,788,12242561868585599856,25,13,24
24,789,15341420876816048571,25,13,24
24,790,9875389228559647534,25,13,24
24,791,13952296522489524160,25,13,28
24,792,6725329637650842943,25,13,24
24,793,10587860915717901034,25,13,24
24,794,15508740033300044066,25,13,28
24,795,11122632125026706127,25,13,24
24,796,5836628621703170716,25,13,20
24,797,2452174662445815041,25,13,28
24,798,1935070876825071270,25,13,28
24,799,18256251843254739272,25,13,24
24,800,5667487960653150779,25,13,24
24,801,5329639366646422911,25,13,24
24,802,3914255827035322042,25,13,28
24,803,13561744416664547716,25,13,24
24,804,18400124822545577109,25,13,24
24,805,7117701307335701549,25,13,28
24,806,10290676243579166924,25,13,24
24,807,15071453656528903706,25,13,28
24,808,13633384153101079390,25,13,28
24,809,6716441764633668053,25,13,24
24,810,7871877237734194493,25,13,28
24,811,5897890429185124739,25,13,20
24,812,12059632463173580873,25,13,24
24,813,5509475429766024667,25,13,24
24,814,14826398671102858958,25,13,28
24,815,11329857979738701048,25,13,28
24,816,13477058976945311487,25,13,24
24,817,9269707237185073295,25,13,24
24,818,3948509826535474665,25,13,32
24,819,13719570658143472585,25,13,28
24,820,1052333816537465863,25,13,28
24,821,8639308332836517564,25,13,24
24,822,2762960939517606891,25,13,28
24,823,13126483983861986948,25,13,28
24,824,5687843529314888543,25,13,24
24,825,12980756071821564397,25,13,28
24,826,11330113324769064698,25,13,28
24,827,1589231032088222881,25,13,24
24,828,14682214830897336711,25,13,28
24,829,15869787460582120984,25,13,28
24,830,7888452916021757150,25,13,24
24,831,17885407427382386412,25,13,28
24,832,17274167391524039247,25,13,28
24,833,9947852333619056390,25,13,28
24,834,17312079027095158432,25,13,28
24,835,7924287462482999483,25,13,24
24,836,8027821802167264699,25,13,28
24,837,1533643221218278979,25,13,24
24,838,8437067489474062811,25,13,24
24,839,17590907669924816188,25,13,28
24,840,8315533401453456793,25,13,24
24,841,4264037094716559412,25,13,24
24,842,11808067438187632780,25,13,24
24,843,11961448215729105711,25,13,24
24,844,4657902196417088742,25,13,24
24,845,6944615720388849049,25,13,28
24,846,3312523780625996127,25,13,28
24,847,2680962179250831793,25,13,24
24,848,4303132228667399180,25,13,24
24,849,9998266556410002775,25,13,24
24,850,6255672011178238376,25,13,28
24,851,6185119896486315823,25,13,32
24,852,10500576144616680668,25,13,24
24,853,14369830723751757523,25,13,24
24,854,9146012483509553161,25,13,24
24,855,14103514785233452577,25,13,24
24,856,14909059610840768443,25,13,24
24,857,14085242683853489414,25,13,24
24,858,13106399068175199018,25,13,24
24,859,3854950331665595302,25,13,28
24,860,4289606660759067148,25,13,28
24,861,1993082798505267075,25,13,28
24,862,17610475179112045291,25,13,24
24,863,13608611830874981850,25,13,24
24,864,11379732578143833554,25,13,24
24,865,9199180428514045132,25,13,20
24,866,15778961639694422515,25,13,24
24,867,5292598336495851230,25,13,24
24,868,1152363084020673210,25,13,24
24,869,15343735435128212713,25,13,28
24,870,17066814064457828827,25,13,24
24,871,12783160510724250607,25,13,24
24,872,1184267569355814941,25,13,24
24,873,15360732171245687984,25,13,28
24,874,18072270253072534060,25,13,28
24,875,12837643813112534773,25,13,24
24,876,4884678473174985026,25,13,28
24,877,8451151521581931139,25,13,24
24,878,3784471302701955937,25,13,24
24,879,17775270286245917156,25,13,28
24,880,1592509217663998280,25,13,20
24,881,7708256818965465138,25,13,24
24,882,12730492004544604712,25,13,24
24,883,14057355763172131034,25,13,28
24,884,2765519420649892457,25,13,24
24,885,11206971321373043734,25,13,28
24,886,10632090413557420437,25,13,24
24,887,13696980045215487674,25,13,28
24,888,11924693825594443543,25,13,24
24,889,2645246820080063274,25,13,28
24,890,14153783119643727236,25,13,24
24,891,10972998450172006922,25,13,32
24,892,11992769334832253791,25,13,24
24,893,18012077262088366860,25,13,24
24,894,3143692196675887778,25,13,28
24,895,6645578688788674916,25,13,24
24,896,5882765512010499727,25,13,24
24,897,7466261621514982877,25,13,20
24,898,201012053063513017,25,13,24
24,899,6635985380929946570,25,13,28
24,900,6817886115981688074,25,13,24
24,901,6982196150582894292,25,13,24
24,902,2299124625188815852,25,13,24
24,903,5324457849685623009,25,13,28
24,904,16680843563261725894,25,13,28
24,905,17611846485034600028,25,13,20
24,906,3612405995401643450,25,13,24
24,907,9912415044575419765,25,13,20
24,908,4769067985253771748,25,13,28
24,909,2752453097388839733,25,13,24
24,910,13412161960568577236,25,13,28
24,911,17788102270659198885,25,13,24
24,912,17425427260749565839,25,13,28
24,913,1941517273111916092,25,13,24
24,914,18174587090739454303,25,13,24
24,915,8792005902303590404,25,13,28
24,916,13519217683187436208,25,13,28
24,917,3630904928226817433,25,13,24
24,918,1190286623057528824,25,13,24
24,919,12270073940820458634,25,13,24
24,920,11897294136136073422,25,13,28
24,921,12013820197274403720,25,13,24
24,922,5891196479836517576,25,13,28
24,923,9644037678481685396,25,13,28
24,924,13282378200595776682,25,13,28
24,925,8537789100204705690,25,13,24
24,926,15734824906469327096,25,13,24
24,927,13104433790190570436,25,13,24
24,928,9899270789666826996,25,13,28
24,929,374542617904437912,25,13,24
24,930,13517272358729642027,25,13,24
24,931,9019295130257104606,25,13,28
24,932,14446440807643001066,25,13,24
24,933,10984514824565251320,25,13,24
24,934,9297391377269340736,25,13,28
24,935,8312528035960195235,25,13,24
24,936,10356998463448913813,25,13,24
24,937,17782841707736763334,25,13,24
24,938,347638536407931709,25,13,28
24,939,11755817459156198763,25,13,28
24,940,14846190450293892034,25,13,24
24,941,3198973701455013492,25,13,24
24,942,7131010264468164114,25,13,24
24,943,12651347591442369432,25,13,24
24,944,16403808811872857620,25,13,28
24,945,15951681149116170380,25,13,24
24,946,14464456816810858963,25,13,24
24,947,5986618422988455157,25,13,28
24,948,17666852391190003500,25,13,28
24,949,10554773496591089442,25,13,24
24,950,2672016227727786363,25,13,24
24,951,8248149958395057890,25,13,24
24,952,10582479927166380309,25,13,24
24,953,5541425105101972834,25,13,24
24,954,13071042875359551850,25,13,28
24,955,15613236021459333629,25,13,20
24,956,6870375929632568476,25,13,24
24,957,17861561480993522452,25,13,28
24,958,13796651393263505784,25,13,28
24,959,6909522200443979922,25,13,24
24,960,812784451507383803,25,13,28
24,961,13863191938986508570,25,13,24
24,962,6162203746196101448,25,13,24
24,963,18285144069077995481,25,13,24
24,964,5798207417698830184,25,13,24
24,965,76745394528529471,25,13,20
24,966,14927168140096226930,25,13,28
24,967,4420889148431137935,25,13,28
24,968,4025680497522213876,25,13,28
24,969,6857557883293142187,25,13,24
24,970,16160888262952888165,25,13,24
24,971,646336869720592770,25,13,28
24,972,9742925930163682060,25,13,20
24,973,14189998267171998141,25,13,28
24,974,12380618429292366470,25,13,24
24,975,1091802579530636170,25,13,24
24,976,6330857965980324435,25,13,28
24,977,7676095207318442674,25,13,24
24,978,306796564593448816,25,13,24
24,979,10440424492420069837,25,13,24
24,980,1332080616199298043,25,13,24
24,981,2339937800878922330,25,13,28
24,982,2459909667794513516,25,13,24
24,983,11108353669475040446,25,13,28
24,984,17552402901499010877,25,13,24
24,985,12982139001540156716,25,13,28
24,986,4470049340234925655,25,13,28
24,987,7042607710155512037,25,13,24
24,988,17733626297881568765,25,13,28
24,989,4833123756371608255,25,13,28
24,990,4092750807179418832,25,13,24
24,991,10485719456162097591,25,13,24
24,992,3807392171732751426,25,13,24
24,993,16251738246212571132,25,13,24
24,994,17466999686029767772,25,13,28
24,995,14441928833635274712,25,13,24
24,996,4064479693484348484,25,13,20
24,997,4853385758387267380,25,13,28
24,998,2164205037225965533,25,13,20
24,999,15014141181779119522,25,13,28
24,1000,5529501204296531306,25,13,24
24,1001,3435755329138056838,25,13,24
24,1002,17889104230069592281,25,13,32
24,1003,7990777238355797005,25,13,28
24,1004,11795252101842920296,25,13,24
24,1005,13357259879901263769,25,13,24
24,1006,9108359136544550171,25,13,24
24,1007,3380445488454231537,25,13,24
24,1008,14172529343927466472,25,13,24
24,1009,10852061643228683614,25,13,24
24,1010,2972825447395428888,25,13,24
24,1011,14704032563114745867,25,13,24
24,1012,11614613888593253944,25,13,24
24,1013,3186942781206637462,25,13,28
24,1014,7486033613083577422,25,13,28
24,1015,17487379058609370584,25,13,24
24,1016,17406256008384951126,25,13,24
24,1017,11554720394868397461,25,13,24
24,1018,8133449361023756146,25,13,28
24,1019,11735989956118186,25,13,24
24,1020,2710587517161306892,25,13,24
24,1021,16535451757528428038,25,13,24
24,1022,13372611385967445187,25,13,24
24,1023,10599749687562751943,25,13,28
24,1024,1716352220543098658,25,13,28
24,1025,7111241644970295688,25,13,24
24,1026,2167430934318168952,25,13,28
24,1027,10319800595779075858,25,13,24
24,1028,7222059765773012786,25,13,24
24,1029,15431389172503661937,25,13,32
24,1030,5060427247840031023,25,13,28
24,1031,4778153689729291074,25,13,24
24,1032,18102333729522552850,25,13,24
24,1033,10634526280103257414,25,13,24
24,1034,1815553743284062424,25,13,24
24,1035,15425011809282271092,25,13,24
24,1036,3063774853491586176,25,13,28
24,1037,16113917264288583492,25,13,24
24,1038,18389301950729130163,25,13,28
24,1039,1068021313553073942,25,13,24
24,1040,14067870979863487235,25,13,32
24,1041,12936751959310445751,25,13,28
24,1042,480660202836128692,25,13,24
24,1043,10816314587895127566,25,13,24
24,1044,15810534135246715262,25,13,28
24,1045,7021972188376513946,25,13,24
24,1046,17580561409787465864,25,13,28
24,1047,11619971221243061914,25,13,28
24,1048,6374365056163093143,25,13,32
24,1049,679581965250023105,25,13,24
24,1050,2859305217673131016,25,13,20
24,1051,3776234313444868809,25,13,24
24,1052,13614563918228390829,25,13,24
24,1053,5865792266231548011,25,13,20
24,1054,10339266750073983112,25,13,24
24,1055,15317240076147270702,25,13,24
24,1056,929400102369708290,25,13,24
24,1057,10801114447077035141,25,13,28
24,1058,8185550326705564762,25,13,28
24,1059,11220593405963558377,25,13,28
24,1060,3623006119480195224,25,13,24
24,1061,342758605820752820,25,13,24
24,1062,13425514991356459098,25,13,24
24,1063,7529901255483397294,25,13,24
24,1064,9205225008968642400,25,13,24
24,1065,6847794816755115925,25,13,24
24,1066,16395413622581830306,25,13,24
24,1067,16640022332240923912,25,13,24
24,1068,6719485782606588567,25,13,28
24,1069,8925661946985005022,25,13,28
24,1070,2055237423791480782,25,13,28
24,1071,9440916066521326684,25,13,28
24,1072,5470746071664844731,25,13,24
24,1073,2726506062334146680,25,13,24
24,1074,7017737111481337361,25,13,28
24,1075,16964568097153440807,25,13,28
24,1076,15327317601781884877,25,13,20
24,1077,1813943411873109467,25,13,28
24,1078,7910202963607313737,25,13,28
24,1079,1202783733204886097,25,13,28
24,1080,5318458258189936470,25,13,24
24,1081,11797982116207196489,25,13,24
24,1082,16019195315322332678,25,13,28
24,1083,15618102168801868981,25,13,24
24,1084,2841751306794611615,25,13,28
24,1085,6942997857534540693,25,13,28
24,1086,2178757897505190199,25,13,24
24,1087,13304843074182429042,25,13,28
24,1088,11751765946698248840,25,13,28
24,1089,15153240700657534402,25,13,28
24,1090,8745270993229834556,25,13,24
24,1091,15536369774069819639,25,13,28
24,1092,18246587301321101724,25,13,24
24,1093,2466801730803445284,25,13,24
24,1094,510740437174713917,25,13,28
24,1095,12096805315002985326,25,13,28
24,1096,17361687685259738547,25,13,28
24,1097,3008287058915512522,25,13,28
24,1098,8163325674982134514,25,13,24
24,1099,17088414571590848057,25,13,24
24,1100,17798780294777561843,25,13,24
24,1101,3344986458776760612,25,13,28
24,1102,13848892152442178090,25,13,28
24,1103,3709754086950129552,25,13,24
24,1104,11381156116206913154,25,13,24
24,1105,10407562438587213373,25,13,20
24,1106,15709726923452055153,25,13,28
24,1107,8353904156391051647,25,13,24
24,1108,12113758059646984785,25,13,24
24,1109,10926855182479591693,25,13,24
24,1110,4246245078653673730,25,13,28
24,1111,14708149008729931437,25,13,24
24,1112,16220992027718620446,25,13,24
24,1113,6196461181793374969,25,13,24
24,1114,1826192244629649142,25,13,24
24,1115,7567399112107742301,25,13,24
24,1116,11886850168868501883,25,13,28
24,1117,4791898733730074642,25,13,28
24,1118,14810694332308080425,25,13,24
24,1119,15763360270818851266,25,13,24
24,1120,10581572323722634720,25,13,28
24,1121,7043430497191956170,25,13,24
24,1122,17169244641748211640,25,13,20
24,1123,9522447896153530171,25,13,28
24,1124,13614911274417682929,25,13,24
24,1125,10058623717673367712,25,13,28
24,1126,10299011618978123127,25,13,24
24,1127,8222595626422877643,25,13,28
24,1128,10342199389167251909,25,13,28
24,1129,4995620467792467554,25,13,28
24,1130,7605646136928656116,25,13,24
24,1131,11512153920060187338,25,13,24
24,1132,12240076704548884009,25,13,24
24,1133,8453801752554977057,25,13,28
24,1134,1180053139680878645,25,13,24
24,1135,2932488205442952356,25,13,24
24,1136,7359646332212387219,25,13,24
24,1137,10197616753876670548,25,13,24
24,1138,6540695689262048973,25,13,20
24,1139,7850767865801494468,25,13,28
24,1140,14867575725384249211,25,13,24
24,1141,14567508944255853655,25,13,24
24,1142,4298824023563957507,25,13,24
24,1143,2136079814164701580,25,13,24
24,1144,3779717056247381974,25,13,24
24,1145,3516052649625056582,25,13,24
24,1146,3226942808284606882,25,13,28
24,1147,4828743149447251833,25,13,24
24,1148,15491757062130012320,25,13,28
24,1149,9868859217632451534,25,13,20
24,1150,15865832368972428954,25,13,24
24,1151,4690310133846664156,25,13,24
24,1152,1162923878606697168,25,13,28
24,1153,15581493310152767942,25,13,24
24,1154,8503329617859180886,25,13,28
24,1155,8895728964961591028,25,13,24
24,1156,11626961335539949091,25,13,28
24,1157,11885332966185110501,25,13,28
24,1158,9115993272043054323,25,13,24
24,1159,9740922244718119065,25,13,24
24,1160,8573402612666440733,25,13,24
24,1161,5913550976466495008,25,13,24
24,1162,17780925447901702216,25,13,28
24,1163,18283540703898369918,25,13,28
24,1164,5017010814539382418,25,13,28
24,1165,14753250756676733110,25,13,24
24,1166,18428216723180338396,25,13,28
24,1167,8188694722522282945,25,13,24
24,1168,11375474515824088778,25,13,28
24,1169,5271198508288897734,25,13,24
24,1170,5975065204337462242,25,13,24
24,1171,14472501970337620819,25,13,24
24,1172,9287614501884542259,25,13,28
24,1173,10011265806203478667,25,13,28
24,1174,13204206647547773962,25,13,24
24,1175,12791366229149661931,25,13,28
24,1176,3535828923739692672,25,13,24
24,1177,2133145583894884816,25,13,24
24,1178,8283845002394626137,25,13,24
24,1179,7346707508265361691,25,13,24
24,1180,16777829438855024613,25,13,24
24,1181,6941299095394059017,25,13,24
24,1182,13580210437413257953,25,13,24
24,1183,14155602927349875156,25,13,28
24,1184,14726815329447523195,25,13,24
24,1185,14087577088552717382,25,13,28
24,1186,4463559538754725087,25,13,24
24,1187,13889489808171688911,25,13,28
24,1188,8172042639478511988,25,13,28
24,1189,1995100650690253304,25,13,28
24,1190,2350626825548140998,25,13,24
24,1191,8694917700623205418,25,13,24
24,1192,5975453422938064600,25,13,28
24,1193,16609909432332630362,25,13,24
24,1194,4617515139318023401,25,13,28
24,1195,13295911677243935382,25,13,20
24,1196,11664270021692966502,25,13,24
24,1197,11689896431711466398,25,13,28
24,1198,16441106682436412829,25,13,24
24,1199,2973246359098817874,25,13,24
24,1200,15206673600080422768,25,13,24
24,1201,3988426382063909960,25,13,24
24,1202,14333013861594498316,25,13,28
24,1203,2446848904106540914,25,13,28
24,1204,8006499350004929371,25,13,28
24,1205,5675542698974151161,25,13,20
24,1206,1670669078771715516,25,13,24
24,1207,16824591662384509603,25,13,24
24,1208,8303004251901278135,25,13,24
24,1209,7712366821075194694,25,13,24
24,1210,14504836295706557358,25,13,24
24,1211,7191919176191076228,25,13,24
24,1212,16558311884987296701,25,13,32
24,1213,17873584253404448199,25,13,24
24,1214,2239655591624074201,25,13,28
24,1215,11307127649671864029,25,13,28
24,1216,16001591078172713916,25,13,24
24,1217,6676144865478225590,25,13,24
24,1218,9153157952008912011,25,13,28
24,1219,10081323201555574126,25,13,24
24,1220,16417916747101591514,25,13,28
24,1221,14931175704803680398,25,13,24
24,1222,6719798957543473731,25,13,28
24,1223,8745882021124172014,25,13,24
24,1224,8095746791570169670,25,13,24
24,1225,16009283222271097377,25,13,24
24,1226,8943500180922076808,25,13,24
24,1227,12699205062073040772,25,13,24
24,1228,129389921960548209,25,13,24
24,1229,15688483441512011327,25,13,24
24,1230,9806889729746489127,25,13,24
24,1231,717781610481513664,25,13,20
24,1232,17256610240237572469,25,13,28
24,1233,15086264107060921584,25,13,24
24,1234,2809560197669383878,25,13,28
24,1235,7511551048713219854,25,13,24
24,1236,4019495611497614600,25,13,28
24,1237,9504378018541373049,25,13,24
24,1238,395950785802010521,25,13,24
24,1239,3589988983869934581,25,13,24
24,1240,15087189398597697773,25,13,28
24,1241,17173380818493006504,25,13,28
24,1242,13654505859807259354,25,13,28
24,1243,14858615227403840798,25,13,28
24,1244,12618287379648864533,25,13,24
24,1245,14520564530191400219,25,13,20
24,1246,6436863627228695644,25,13,24
24,1247,10207843093880430204,25,13,28
24,1248,10659936239054661684,25,13,20
24,1249,16009321741055762121,25,13,28
24,1250,4415811691485320792,25,13,28
24,1251,11258664762346779542,25,13,28
24,1252,12457809307322280494,25,13,28
24,1253,2923882604037216546,25,13,28
24,1254,14612742194840010463,25,13,24
24,1255,3804110883434105065,25,13,24
24,1256,2060185455967795488,25,13,28
24,1257,14687258398207537120,25,13,24
24,1258,7499072622466262323,25,13,28
24,1259,10255722142834518558,25,13,28
24,1260,13057610201416304996,25,13,20
24,1261,14140632167078707246,25,13,24
24,1262,12234551467448688427,25,13,28
24,1263,11103117372280279666,25,13,24
24,1264,895854047089329216,25,13,28
24,1265,10436763484991037340,25,13,24
24,1266,6190243157529855562,25,13,28
24,1267,16588560679874013428,25,13,28
24,1268,13461569055015609809,25,13,24
24,1269,2593156891946344440,25,13,20
24,1270,8958758000773892360,25,13,24
24,1271,7613702394230269361,25,13,28
24,1272,4924561757949953767,25,13,24
24,1273,8299755096248281210,25,13,24
24,1274,17091437380351426331,25,13,28
24,1275,6795757821151870069,25,13,24
24,1276,4926402698783510116,25,13,24
24,1277,13043825781407956731,25,13,24
24,1278,9066501048425426308,25,13,24
24,1279,5799707313572905396,25,13,24
24,1280,11451172115595177331,25,13,24
24,1281,10899454507727412800,25,13,24
24,1282,7252112364010430332,25,13,24
24,1283,7552770505885116012,25,13,24
24,1284,17049106630880950364,25,13,24
24,1285,15323632186405285582,25,13,24
24,1286,16898317066471935237,25,13,24
24,1287,2728857712292870412,25,13,24
24,1288,2744634395128217829,25,13,20
24,1289,5682672754147243927,25,13,24
24,1290,14925863080522801849,25,13,28
24,1291,5840817110900602700,25,13,24
24,1292,5765516107031401671,25,13,28
24,1293,8128824489473400513,25,13,28
24,1294,8561738845473385996,25,13,28
24,1295,17803970253697915651,25,13,24
24,1296,13838190248844216158,25,13,24
24,1297,15277182735894946173,25,13,24
24,1298,23096580642028707,25,13,24
24,1299,16965067806225446937,25,13,24
24,1300,13777066532990906731,25,13,28
24,1301,6417412938355266553,25,13,28
24,1302,17776021505587149406,25,13,24
24,1303,5363023968378928971,25,13,28
24,1304,10579837863581915830,25,13,24
24,1305,3371217606450383704,25,13,24
24,1306,2543654118155238770,25,13,28
24,1307,14417563389535796300,25,13,20
24,1308,9760451125246219134,25,13,28
24,1309,4373739624509151800,25,13,28
24,1310,3473987250076550599,25,13,24
24,1311,11425921395987231753,25,13,24
24,1312,14462697747574454608,25,13,28
24,1313,6608051657089869997,25,13,24
24,1314,12100290349326401667,25,13,24
24,1315,9162248314781820108,25,13,28
24,1316,17902465843142687902,25,13,24
24,1317,14752867766315204602,25,13,28
24,1318,9542203295349567206,25,13,24
24,1319,1831906635379099680,25,13,28
24,1320,5507486795708610919,25,13,24
24,1321,7871295491365315285,25,13,24
24,1322,17580156160723797181,25,13,24
24,1323,5214908484702169139,25,13,24
24,1324,5379601144502557487,25,13,24
24,1325,13335651977700504157,25,13,24
24,1326,16385559480907337781,25,13,24
24,1327,5554989347397513609,25,13,28
24,1328,9758870239031482087,25,13,20
24,1329,15104024094986315626,25,13,24
24,1330,337346409104802895,25,13,20
24,1331,4808716032127317742,25,13,24
24,1332,5772623547898465670,25,13,24
24,1333,1577430091648979005,25,13,24
24,1334,4920402997736808365,25,13,28
24,1335,5744200078374217983,25,13,24
24,1336,2470373933237079731,25,13,24
24,1337,11809375881851248553,25,13,28
24,1338,2171244112442549644,25,13,28
24,1339,6664671018362310574,25,13,28
24,1340,7005946444436593805,25,13,20
24,1341,4379644073274918486,25,13,28
24,1342,13824211276453299643,25,13,32
24,1343,6003343999839103004,25,13,28
24,1344,1200173565414230071,25,13,24
24,1345,1487989214239168515,25,13,28
24,1346,278583411362162343,25,13,24
24,1347,2559299891616572129,25,13,32
24,1348,4525210857979590683,25,13,24
24,1349,16337833267582252767,25,13,20
24,1350,16110761549671906557,25,13,24
24,1351,11127076800116917781,25,13,28
24,1352,17650209277548320122,25,13,24
24,1353,5178870234033194218,25,13,28
24,1354,13148058118708077122,25,13,24
24,1355,9859100882792060807,25,13,24
24,1356,5656561404817801601,25,13,24
24,1357,6815292807926155889,25,13,28
24,1358,17644669270301787690,25,13,28
24,1359,15004363757424480395,25,13,24
24,1360,7137991551367630882,25,13,24
24,1361,8549047608010929945,25,13,28
24,1362,2665943311825973273,25,13,28
24,1363,14285651691779606920,25,13,24
24,1364,11277293025716150107,25,13,28
24,1365,10060007429804406368,25,13,20
24,1366,1324091729224006471,25,13,24
24,1367,4053824835757228057,25,13,28
24,1368,1039659256231918268,25,13,28
24,1369,1457797586580764525,25,13,28
24,1370,17679149951566041919,25,13,24
24,1371,8690956753051350948,25,13,24
24,1372,17254458921054146606,25,13,28
24,1373,6700462477594180099,25,13,24
24,1374,2662517462605956733,25,13,24
24,1375,17400568658818336492,25,13,24
24,1376,6145205778716947072,25,13,20
24,1377,16521199364118276563,25,13,28
24,1378,7524302564214723145,25,13,28
24,1379,9563187606738538199,25,13,24
24,1380,13078190767780602138,25,13,24
24,1381,13435733824131864839,25,13,24
24,1382,10925562623261785351,25,13,24
24,1383,8116817599276780820,25,13,28
24,1384,16896535370910904207,25,13,28
24,1385,14029979695732188510,25,13,28
24,1386,1865916791118019335,25,13,28
24,1387,5501484855897040428,25,13,24
24,1388,12189332671075591545,25,13,28
24,1389,18246074270330670869,25,13,24
24,1390,17373509995792415341,25,13,24
24,1391,6652151406337633970,25,13,28
24,1392,3342680416430423113,25,13,20
24,1393,2299068940415823093,25,13,28
24,1394,253270671065755032,25,13,24
24,1395,15088342899016567036,25,13,20
24,1396,4672062086364694211,25,13,28
24,1397,5441366983108062075,25,13,24
24,1398,5671943886662727446,25,13,28
24,1399,10347596356094954700,25,13,24
24,1400,11590785167146668903,25,13,24
24,1401,9629855934023037016,25,13,24
24,1402,4172609361897430461,25,13,24
24,1403,12457031178272982445,25,13,28
24,1404,3342298924647053222,25,13,24
24,1405,8447046287854940630,25,13,24
24,1406,12759887226891946938,25,13,20
24,1407,13260946673948540810,25,13,20
24,1408,4117383130081269474,25,13,24
24,1409,10252441100023309110,25,13,24
24,1410,17584426271430083833,25,13,24
24,1411,14888836833829338945,25,13,24
24,1412,12788001136159709003,25,13,28
24,1413,12604582219024066985,25,13,24
24,1414,5123129978927233700,25,13,24
24,1415,5772882785482843847,25,13,24
24,1416,4363690636278382043,25,13,28
24,1417,17038114618815966836,25,13,28
24,1418,12635473990146009665,25,13,24
24,1419,852591082852590140,25,13,24
24,1420,12260602399567934146,25,13,28
24,1421,11631378969782469848,25,13,24
24,1422,14797088856847597792,25,13,24
24,1423,13380284687867569063,25,13,28
24,1424,8088955416461941446,25,13,24
24,1425,3040674523979868059,25,13,24
24,1426,106861760927000206,25,13,24
24,1427,12550554295986813589,25,13,28
24,1428,17224336448626397913,25,13,24
24,1429,15835593671180643156,25,13,28
24,1430,10606224791720601873,25,13,24
24,1431,14341935809175190631,25,13,20
24,1432,15612584438408846218,25,13,28
24,1433,11929298467980975263,25,13,24
24,1434,10907300387873889383,25,13,28
24,1435,3503469128271473214,25,13,28
24,1436,7208731510358692383,25,13,28
24,1437,10344213425141597507,25,13,28
24,1438,4861223128288202016,25,13,24
24,1439,16404976464349117231,25,13,24
24,1440,7125666458737388602,25,13,24
24,1441,15707931013602544753,25,13,24
24,1442,7184158465495037378,25,13,24
24,1443,12945787830882602554,25,13,24
24,1444,162135330541347647,25,13,24
24,1445,5636218944106649573,25,13,24
24,1446,1579559691708548567,25,13,24
24,1447,672785996132016894,25,13,28
24,1448,12985494575293030819,25,13,24
24,1449,1225191777979319403,25,13,28
24,1450,11511212947740644998,25,13,24
24,1451,10717856246847888555,25,13,24
24,1452,15275701174018418303,25,13,24
24,1453,13898203674048816188,25,13,28
24,1454,16725435743810970863,25,13,24
24,1455,12625644585118671837,25,13,28
24,1456,2735396756721409425,25,13,24
24,1457,10858319537606845444,25,13,28
24,1458,15309384236225257679,25,13,24
24,1459,515712401418097322,25,13,20
24,1460,14119840453069012562,25,13,28
24,1461,10478991199205326907,25,13,28
24,1462,14185685322568043862,25,13,28
24,1463,164926344753499557,25,13,24
24,1464,7689659591856523157,25,13,24
24,1465,5964618799352817224,25,13,24
24,1466,8421952457264664519,25,13,28
24,1467,10895761963878883607,25,13,24
24,1468,13355473754775605197,25,13,28
24,1469,11834895223974574113,25,13,28
24,1470,17425403607693811902,25,13,24
24,1471,7437966395590553548,25,13,24
24,1472,3839048301027875799,25,13,24
24,1473,5947057572796776306,25,13,28
24,1474,5959478972910462157,25,13,28
24,1475,12277779731601983683,25,13,24
24,1476,11158609912518215860,25,13,24
24,1477,4229648852295452381,25,13,20
24,1478,13821384826327029526,25,13,24
24,1479,10039103114168060982,25,13,24
24,1480,6914898163456054658,25,13,24
24,1481,122912511764209138,25,13,24
24,1482,3939925986061590275,25,13,24
24,1483,12715169558323003548,25,13,24
24,1484,6239757648136859317,25,13,24
24,1485,7503337349347043735,25,13,28
24,1486,8503115780109827583,25,13,28
24,1487,969555360127379869,25,13,28
24,1488,15314184771468795859,25,13,24
24,1489,9332737928101754951,25,13,24
24,1490,15922084689967446166,25,13,24
24,1491,11729949456622540255,25,13,24
24,1492,10998108470581990581,25,13,20
24,1493,16889968165915210299,25,13,28
24,1494,16239519057873451685,25,13,24
24,1495,11626325330891151278,25,13,28
24,1496,3516998256160811218,25,13,28
24,1497,12947362304034256139,25,13,24
24,1498,14719303720542629496,25,13,24
24,1499,2617623404990073990,25,13,24
24,1500,6993837991875303919,25,13,28
24,1501,14381409762681466603,25,13,24
24,1502,721296054536390470,25,13,28
24,1503,4806451818034953777,25,13,24
24,1504,4213604497431823494,25,13,28
24,1505,13544713576615559404,25,13,28
24,1506,16741202259953676586,25,13,28
24,1507,12803941398392828279,25,13,24
24,1508,4128238484100880073,25,13,24
24,1509,398824523916928611,25,13,24
24,1510,13996049616576082649,25,13,24
24,1511,882166182105456761,25,13,28
24,1512,14803989573382652037,25,13,24
24,1513,7074857159635127041,25,13,28
24,1514,12890565459564805256,25,13,24
24,1515,873572115682711052,25,13,24
24,1516,2626200685500586519,25,13,24
24,1517,5789821359710285336,25,13,24
24,1518,13918163932900032173,25,13,24
24,1519,9966586644366961783,25,13,28
24,1520,16414322657894999634,25,13,28
24,1521,3364656556985098202,25,13,24
24,1522,6283576921671329701,25,13,24
24,1523,10803309621987893639,25,13,28
24,1524,18204579182808324050,25,13,28
24,1525,7826435574399640295,25,13,24
24,1526,7971720908690740755,25,13,28
24,1527,4749196991208841416,25,13,24
24,1528,8950630811210299310,25,13,24
24,1529,2255398442706277195,25,13,28
24,1530,2602936245078136884,25,13,28
24,1531,7663441183452859678,25,13,24
24,1532,12779876981788288021,25,13,24
24,1533,15011686806483540586,25,13,28
24,1534,12440414304038129478,25,13,24
24,1535,3499033588572557450,25,13,28
24,1536,15497498009028142228,25,13,24
24,1537,9773242053295903051,25,13,24
24,1538,14685005210490640055,25,13,24
24,1539,8082162001574816392,25,13,24
24,1540,6403790473860958311,25,13,28
24,1541,2885982796519174974,25,13,24
24,1542,6901193530432181332,25,13,24
24,1543,3150455753099249944,25,13,24
24,1544,4681265166070935075,25,13,24
24,1545,1842213555504317776,25,13,24
24,1546,7204382118458184487,25,13,28
24,1547,10060729789994686720,25,13,28
24,1548,1159077026785535462,25,13,24
24,1549,12734790392071831022,25,13,28
24,1550,14242903642250147612,25,13,28
24,1551,3904603095774301433,25,13,24
24,1552,5424170243015383970,25,13,24
24,1553,8075834937411282204,25,13,24
24,1554,11291328622325592171,25,13,28
24,1555,8582429867227023760,25,13,28
24,1556,16965864744206653247,25,13,24
24,1557,17324147104359457215,25,13,20
24,1558,1159640105544441153,25,13,24
24,1559,17513459136295679412,25,13,28
24,1560,18046386524871378601,25,13,24
24,1561,2257562909582585035,25,13,24
24,1562,1766665388323416502,25,13,20
24,1563,10037996813908995879,25,13,24
24,1564,2092440892741551411,25,13,28
24,1565,2833096318661303348,25,13,24
24,1566,11936248900955204226,25,13,28
24,1567,12964982756894410815,25,13,20
24,1568,7169855230882681515,25,13,28
24,1569,14581989506970690821,25,13,24
24,1570,6558258777964244737,25,13,28
24,1571,13122437881804603311,25,13,28
24,1572,8654170214207974303,25,13,24
24,1573,2847513749254169494,25,13,24
24,1574,4322557247140796615,25,13,28
24,1575,9949084061181133458,25,13,24
24,1576,5992511249422650848,25,13,28
24,1577,11272153030507872195,25,13,24
24,1578,696842029352507303,25,13,28
24,1579,11417380315739697153,25,13,28
24,1580,1966757852955163368,25,13,28
24,1581,5855257434524947736,25,13,24
24,1582,15979979800243117570,25,13,28
24,1583,16354574210043850700,25,13,24
24,1584,4037716634300723030,25,13,24
24,1585,17293384164917066137,25,13,24
24,1586,7874388838820165002,25,13,24
24,1587,1823318655931147314,25,13,28
24,1588,12973714320144730233,25,13,24
24,1589,14611646546544755170,25,13,28
24,1590,9187077819844207538,25,13,28
24,1591,12809699547839913692,25,13,28
24,1592,14592076135554235053,25,13,28
24,1593,6727588622532992452,25,13,24
24,1594,12257958317863101597,25,13,24
24,1595,14280726282425800045,25,13,28
24,1596,1967816065213885902,25,13,28
24,1597,2148127095376797597,25,13,24
24,1598,7930353832298461561,25,13,24
24,1599,2272565591023525790,25,13,24
24,1600,676268607542078916,25,13,24
24,1601,8493984584759596160,25,13,24
24,1602,11192042613217537908,25,13,24
24,1603,6099077027354203774,25,13,24
24,1604,4225914947766983314,25,13,24
24,1605,14754899039096376446,25,13,24
24,1606,12217483585312213955,25,13,28
24,1607,6005107949320869481,25,13,24
24,1608,17486164568424060256,25,13,24
24,1609,6093723456028329519,25,13,28
24,1610,13685652765972678887,25,13,24
24,1611,13795372876037237632,25,13,24
24,1612,6201722361001384527,25,13,24
24,1613,379458587375420451,25,13,28
24,1614,9713700991082017773,25,13,28
24,1615,10829336304035740769,25,13,24
24,1616,5078406827623554325,25,13,28
24,1617,4867572617023340718,25,13,28
24,1618,13689410180439363024,25,13,20
24,1619,14246433537516264081,25,13,28
24,1620,6880436246798400970,25,13,28
24,1621,6321255514697715797,25,13,24
24,1622,16639879136098209703,25,13,24
24,1623,8699294339505817522,25,13,24
24,1624,2405386838222153360,25,13,24
24,1625,7170136822274320191,25,13,24
24,1626,8926257144131537598,25,13,24
24,1627,996883540933536865,25,13,24
24,1628,15604743259395520462,25,13,28
24,1629,17714560703596364461,25,13,24
24,1630,13165884300991505429,25,13,28
24,1631,5021415242780216278,25,13,24
24,1632,7905129817309584296,25,13,24
24,1633,1058841775355648451,25,13,24
24,1634,94700650128318227,25,13,24
24,1635,9980027394627488557,25,13,24
24,1636,1318322035817142819,25,13,24
24,1637,4319134833269949743,25,13,28
24,1638,14051029826328520712,25,13,24
24,1639,7496152260518932781,25,13,28
24,1640,14429936156529417648,25,13,28
24,1641,5647694834525083833,25,13,24
24,1642,10138040316078663184,25,13,24
24,1643,731435092419198287,25,13,28
24,1644,13371714056536619363,25,13,24
24,1645,2878894763522921546,25,13,28
24,1646,4972600876080986722,25,13,24
24,1647,10324868436420860251,25,13,28
24,1648,10614015850604361925,25,13,24
24,1649,8504432623684518854,25,13,24
24,1650,13693769187369334021,25,13,28
24,1651,13728328033795384746,25,13,28
24,1652,13347056424064433793,25,13,24
24,1653,14190634513727830360,25,13,24
24,1654,11377575474300060461,25,13,24
24,1655,1070594013804264607,25,13,28
24,1656,12034646865395704282,25,13,24
24,1657,230868201969191144,25,13,24
24,1658,6322343856110923890,25,13,24
24,1659,15070623918703447228,25,13,28
24,1660,13067150607067517123,25,13,24
24,1661,5608069053149417484,25,13,24
24,1662,3117365091621967056,25,13,24
24,1663,3973450314830505619,25,13,24
24,1664,3811526203803715340,25,13,28
24,1665,4591749158088393577,25,13,24
24,1666,12140451004246253363,25,13,24
24,1667,9424796452292253026,25,13,24
24,1668,11782935592169597451,25,13,24
24,1669,16136372404162172820,25,13,24
24,1670,12363292451721324044,25,13,24
24,1671,4320253218940668245,25,13,24
24,1672,14788492716495550772,25,13,24
24,1673,8134230427458417567,25,13,24
24,1674,15546230785640676903,25,13,28
24,1675,11778342448888793632,25,13,28
24,1676,16731375156246242854,25,13,28
24,1677,10587325155313905351,25,13,24
24,1678,18048807713648770603,25,13,24
24,1679,2669858980177682297,25,13,24
24,1680,5174241425868663035,25,13,28
24,1681,16620215558575816574,25,13,28
24,1682,14114530190161623538,25,13,24
24,1683,10116447488596582722,25,13,24
24,1684,18090839033441580868,25,13,32
24,1685,8441383706849974684,25,13,28
24,1686,591092359165309745,25,13,24
24,1687,12037146233098505933,25,13,24
24,1688,7284161967184915658,25,13,24
24,1689,17530710166950595909,25,13,24
24,1690,13748564012718783022,25,13,24
24,1691,5964563143324986520,25,13,24
24,1692,15468262402722535567,25,13,28
24,1693,14703716623041067575,25,13,24
24,1694,12230347903434868234,25,13,24
24,1695,12091860655457103319,25,13,28
24,1696,12129438720033280332,25,13,24
24,1697,3745221026626398315,25,13,28
24,1698,15552354053242916601,25,13,24
24,1699,6650174247218054095,25,13,24
24,1700,7502192241844794823,25,13,28
24,1701,17482502973443752769,25,13,28
24,1702,957662317772872807,25,13,28
24,1703,17174751400166220910,25,13,24
24,1704,14410177552877053095,25,13,28
24,1705,5246946503404991450,25,13,28
24,1706,15100974998655996075,25,13,24
24,1707,2083263260950520715,25,13,24
24,1708,5059233680613535602,25,13,28
24,1709,10718507353579383210,25,13,28
24,1710,11789035411436160644,25,13,24
24,1711,18223322640910837982,25,13,24
24,1712,814948028809133118,25,13,24
24,1713,1648974333524276447,25,13,28
24,1714,14922381685526930821,25,13,28
24,1715,13107236601140098041,25,13,28
24,1716,4056056903622014741,25,13,28
24,1717,2301701224935595066,25,13,24
24,1718,10449992822895828658,25,13,28
24,1719,12529211877942232860,25,13,28
24,1720,10627407407163799601,25,13,28
24,1721,11305940599516066706,25,13,24
24,1722,1371834095498156794,25,13,28
24,1723,17410441811036735383,25,13,28
24,1724,11336994595537544857,25,13,24
24,1725,17089422228883116904,25,13,24
24,1726,7562213201517321524,25,13,24
24,1727,4193223280055684186,25,13,28
24,1728,3132088817348564220,25,13,28
24,1729,15603702479603536029,25,13,28
24,1730,5388215864193954935,25,13,28
24,1731,7515944073606561761,25,13,24
24,1732,17139501557651702741,25,13,28
24,1733,13039532552953008531,25,13,28
24,1734,1165696192329240555,25,13,24
24,1735,8875080522405051099,25,13,24
24,1736,15127447024203131328,25,13,32
24,1737,12073440802110120078,25,13,24
24,1738,16111712944475382767,25,13,28
24,1739,10510036669046164908,25,13,28
24,1740,10463570158252833180,25,13,24
24,1741,11061732812580454169,25,13,28
24,1742,17564517902319317941,25,13,24
24,1743,9335316530995557048,25,13,24
24,1744,12182520058954744055,25,13,24
24,1745,11290629098640976856,25,13,28
24,1746,1573352935799913206,25,13,24
24,1747,802992303818796136,25,13,24
24,1748,15093255031745520093,25,13,24
24,1749,16225194335866436297,25,13,24
24,1750,9355658821152104074,25,13,28
24,1751,13149041838898137964,25,13,24
24,1752,7229037438063208083,25,13,24
24,1753,2442736828809988800,25,13,28
24,1754,9875580675458478258,25,13,28
24,1755,5104446004956216965,25,13,28
24,1756,12727136204984234612,25,13,24
24,1757,1231584525134531817,25,13,20
24,1758,2540066765410942151,25,13,28
24,1759,15302013494735282577,25,13,20
24,1760,17449952266195938929,25,13,24
24,1761,7421628469561874614,25,13,28
24,1762,15028440767195591261,25,13,28
24,1763,12831457336146649195,25,13,24
24,1764,625730698788103594,25,13,20
24,1765,11670626576357746484,25,13,24
24,1766,4703491691354703466,25,13,28
24,1767,5890806351610738110,25,13,28
24,1768,644670784156024547,25,13,28
24,1769,13435079507986605774,25,13,24
24,1770,496427716611541949,25,13,28
24,1771,16847781992721848184,25,13,20
24,1772,2561752991320891841,25,13,28
24,1773,1576336878907149798,25,13,24
24,1774,11717714312308750309,25,13,24
24,1775,1030728801764042497,25,13,28
24,1776,4304974717924451071,25,13,28
24,1777,12294487108252781899,25,13,24
24,1778,2373205571210387163,25,13,28
24,1779,5901128075661257536,25,13,24
24,1780,11134735921457322692,25,13,24
24,1781,2513297437334429970,25,13,28
24,1782,3792730152593389601,25,13,28
24,1783,16105521654199664646,25,13,24
24,1784,12209038641211176984,25,13,24
24,1785,15307687598482759485,25,13,24
24,1786,15142379652903840727,25,13,24
24,1787,15739878632163750993,25,13,24
24,1788,1579639048999996814,25,13,24
24,1789,14306049353278644495,25,13,28
24,1790,5011740901578364611,25,13,28
24,1791,12233779276950908330,25,13,28
24,1792,14088611486190853484,25,13,28
24,1793,4725504067262494879,25,13,28
24,1794,2621682077025578015,25,13,28
24,1795,4373838708448782226,25,13,28
24,1796,14563345544870387220,25,13,24
24,1797,9303359650252108556,25,13,24
24,1798,5917279640993388561,25,13,28
24,1799,4491699835074287030,25,13,24
24,1800,13700038398521213218,25,13,24
24,1801,17285990760188411377,25,13,24
24,1802,17295170762631523546,25,13,28
24,1803,12833271764809648105,25,13,20
24,1804,13685637406496439343,25,13,28
24,1805,748762342914957800,25,13,28
24,1806,17619856909485888180,25,13,24
24,1807,12869609986473900953,25,13,24
24,1808,10800566771881390534,25,13,24
24,1809,17547901632439059727,25,13,24
24,1810,6238177748299818611,25,13,24
24,1811,6663153548349962543,25,13,20
24,1812,4939529755394207493,25,13,28
24,1813,16453335189797393063,25,13,24
24,1814,15817601023569411630,25,13,20
24,1815,4518636009859453856,25,13,24
24,1816,9743131635801358745,25,13,28
24,1817,13957036375165760641,25,13,24
24,1818,8508661878487627044,25,13,24
24,1819,5201542817617772953,25,13,20
24,1820,13884372009808355267,25,13,28
24,1821,14952475813131594348,25,13,24
24,1822,17677655256300316635,25,13,24
24,1823,4790593661837171664,25,13,28
24,1824,11992586509617071076,25,13,24
24,1825,9903800196087561464,25,13,24
24,1826,6541914861072730345,25,13,24
24,1827,16012887670779336481,25,13,28
24,1828,4283383565855454788,25,13,28
24,1829,14827063188786586095,25,13,24
24,1830,13557843616559684471,25,13,24
24,1831,4169610047535861782,25,13,28
24,1832,915873144292040016,25,13,24
24,1833,6534401775416607019,25,13,24
24,1834,6991876607020230268,25,13,28
24,1835,7097626853469994131,25,13,28
24,1836,7406864328376095385,25,13,24
24,1837,16983732851413128473,25,13,24
24,1838,11361120046871391167,25,13,24
24,1839,10864877303175778403,25,13,24
24,1840,15909842382079060074,25,13,24
24,1841,8715496181491225661,25,13,24
24,1842,13047440187984638842,25,13,24
24,1843,5194738736483341373,25,13,24
24,1844,6258349088441692792,25,13,20
24,1845,6894972143286858270,25,13,24
24,1846,18218839831478147206,25,13,28
24,1847,907867543064511470,25,13,20
24,1848,10739372092210470906,25,13,28
24,1849,6532540519039392406,25,13,24
24,1850,8593096892194159410,25,13,24
24,1851,9783071380201332118,25,13,24
24,1852,8056001628837957076,25,13,24
24,1853,5790295607496831337,25,13,28
24,1854,10389911257719273025,25,13,28
24,1855,16563566604802267397,25,13,24
24,1856,10614426049024762236,25,13,32
24,1857,18212741885223761699,25,13,28
24,1858,4493643704590640608,25,13,28
24,1859,12791137037506265497,25,13,24
24,1860,2742987196335108252,25,13,24
24,1861,3087433283891263600,25,13,28
24,1862,10527910689977724406,25,13,24
24,1863,3380868837782622369,25,13,28
24,1864,9818832665146840784,25,13,28
24,1865,10743028877623928381,25,13,28
24,1866,3095056519755701384,25,13,24
24,1867,11841141761454723529,25,13,24
24,1868,13911208430980543558,25,13,24
24,1869,4807201926738652564,25,13,28
24,1870,16004391492415766861,25,13,24
24,1871,2965169753750109109,25,13,28
24,1872,3049205607168771643,25,13,24
24,1873,5773868092818210941,25,13,28
24,1874,17242039689933082846,25,13,24
24,1875,5360914629135283532,25,13,28
24,1876,11108268283503259088,25,13,28
24,1877,518654783322986592,25,13,24
24,1878,9888908141455577125,25,13,28
24,1879,12126508802586120552,25,13,24
24,1880,15508777965136659874,25,13,24
24,1881,12840356734056506677,25,13,24
24,1882,6172390194123294701,25,13,24
24,1883,2376807541994352388,25,13,28
24,1884,4840791207907277982,25,13,24
24,1885,9873153632979569002,25,13,28
24,1886,11625656996583017110,25,13,24
24,1887,14082005970361510886,25,13,28
24,1888,1236155275902770933,25,13,24
24,1889,4130526096977061565,25,13,24
24,1890,15645182152000034125,25,13,24
24,1891,2984888970135560431,25,13,28
24,1892,14179765043826638712,25,13,24
24,1893,15026112757542224107,25,13,24
24,1894,4082587911907679915,25,13,28
24,1895,1228115776997565348,25,13,24
24,1896,12618894702481142841,25,13,20
24,1897,2249912298032925591,25,13,28
24,1898,10689827792949367465,25,13,24
24,1899,16363999471760867399,25,13,24
24,1900,3415626607932947778,25,13,24
24,1901,130016228182158519,25,13,24
24,1902,13803279197139057178,25,13,28
24,1903,968463838703035384,25,13,20
24,1904,13298225640184718820,25,13,28
24,1905,15858673722266905002,25,13,24
24,1906,6539170709752156122,25,13,20
24,1907,4292816307250457584,25,13,24
24,1908,16758987596240672952,25,13,24
24,1909,15668279553486907280,25,13,24
24,1910,1979696135064099607,25,13,28
24,1911,13978213035854240603,25,13,24
24,1912,10894940998072842536,25,13,24
24,1913,15418810187073349843,25,13,28
24,1914,4028752234047737757,25,13,24
24,1915,9992262337829170508,25,13,24
24,1916,12115416456443771552,25,13,24
24,1917,698709893359630876,25,13,24
24,1918,1758015187441141226,25,13,24
24,1919,18136072598890620127,25,13,24
24,1920,13215741771384822732,25,13,28
24,1921,15288033865769982474,25,13,28
24,1922,14701973751604307534,25,13,24
24,1923,14657841278895060892,25,13,28
24,1924,6717285809847575432,25,13,24
24,1925,3900871530050354215,25,13,28
24,1926,485603108081236413,25,13,24
24,1927,1375937686708846297,25,13,20
24,1928,1861575902768872824,25,13,28
24,1929,17076513802460739527,25,13,24
24,1930,14022298586809249000,25,13,24
24,1931,17345817892126484405,25,13,24
24,1932,9576853781619905097,25,13,24
24,1933,18372553338506434230,25,13,24
24,1934,1726072624289519652,25,13,24
24,1935,14270742759461849817,25,13,24
24,1936,15357966820518866360,25,13,24
24,1937,14941719298100928501,25,13,24
24,1938,3053057414183438862,25,13,28
24,1939,2439585844836986689,25,13,28
24,1940,17727948658959761435,25,13,24
24,1941,13452991017693823604,25,13,28
24,1942,15289295014394508248,25,13,24
24,1943,4564991325839684421,25,13,24
24,1944,8983250240968175221,25,13,24
24,1945,14284776882860213457,25,13,28
24,1946,1981306265394790178,25,13,28
24,1947,15522554982403902542,25,13,24
24,1948,266904106980926491,25,13,28
24,1949,14620358273148489427,25,13,20
24,1950,1084332850123750367,25,13,28
24,1951,11957160874592856989,25,13,24
24,1952,4530458078163180923,25,13,24
24,1953,11227915302318626332,25,13,24
24,1954,12467090617209029041,25,13,24
24,1955,11317899898390522078,25,13,24
24,1956,18138388441486067270,25,13,24
24,1957,5333464563493886579,25,13,28
24,1958,4718067070366525841,25,13,24
24,1959,17523672004067981319,25,13,28
24,1960,5532745748442631185,25,13,24
24,1961,3767260361384062425,25,13,28
24,1962,3302776668482430834,25,13,24
24,1963,655372010661545506,25,13,28
24,1964,7756144474416902773,25,13,20
24,1965,867888789243456552,25,13,28
24,1966,506775388499742335,25,13,24
24,1967,2402265529918372496,25,13,28
24,1968,11273812274024935657,25,13,24
24,1969,6762223514138509341,25,13,28
24,1970,5437817044084701185,25,13,24
24,1971,10270287580848438510,25,13,24
24,1972,12991363384786798922,25,13,24
24,1973,8066725434689274859,25,13,24
24,1974,8761893729151921707,25,13,28
24,1975,18273162060859876477,25,13,28
24,1976,12064733201957840991,25,13,28
24,1977,6321568445218181468,25,13,20
24,1978,12575842238479484614,25,13,24
24,1979,1250142004394723235,25,13,24
24,1980,1803888395830824215,25,13,28
24,1981,8765091520015138494,25,13,24
24,1982,17565249105426985788,25,13,24
24,1983,15832125436407236263,25,13,28
24,1984,12847862662925786857,25,13,24
24,1985,9469778759177525249,25,13,28
24,1986,14047519426212918684,25,13,28
24,1987,10856966447706502553,25,13,28
24,1988,15754827923561521159,25,13,24
24,1989,3461694782006247458,25,13,28
24,1990,3767923112125929068,25,13,24
24,1991,15488540714593976598,25,13,24
24,1992,9520020823145683814,25,13,24
24,1993,11073212639133225803,25,13,24
24,1994,14989378993685901568,25,13,28
24,1995,9013309439322915273,25,13,24
24,1996,5815832662512687381,25,13,24
24,1997,5952939776674920519,25,13,24
24,1998,16684403865250604824,25,13,24
24,1999,16125896568765874839,25,13,24
24,2000,14958373395938693242,25,13,24
24,2001,15566402172179346032,25,13,32
24,2002,13289125555464338488,25,13,24
24,2003,4959932711698241041,25,13,28
24,2004,908239331559945429,25,13,28
24,2005,5205715217126634390,25,13,24
24,2006,13366186188790085200,25,13,24
24,2007,18307000647705403899,25,13,28
24,2008,18054426438073792922,25,13,24
24,2009,16195689844174250175,25,13,24
24,2010,6106472342729580266,25,13,28
24,2011,4925128009601251807,25,13,24
24,2012,3227014059997623239,25,13,28
24,2013,17278161409359791533,25,13,24
24,2014,9755691475299995263,25,13,24
24,2015,14220852201729748577,25,13,28
24,2016,4763078371579292274,25,13,24
24,2017,7444735339404147780,25,13,24
24,2018,9305548026712935993,25,13,24
24,2019,6329982260477861055,25,13,24
24,2020,4314965192951865921,25,13,24
24,2021,6779369013855736103,25,13,28
24,2022,2965210138050827471,25,13,28
24,2023,9309155403548270920,25,13,24
24,2024,4651965493664236165,25,13,24
24,2025,7057197895265511948,25,13,32
24,2026,4696521690682630697,25,13,24
24,2027,14782595136525704467,25,13,24
24,2028,4727125677179916945,25,13,24
24,2029,8014483477536155497,25,13,24
24,2030,9289417730486367941,25,13,24
24,2031,3343554331763028002,25,13,28
24,2032,2595512428880857576,25,13,24
24,2033,6341567964052697742,25,13,24
24,2034,10827593158845895449,25,13,28
24,2035,9137914480025956596,25,13,24
24,2036,11818977320034009398,25,13,24
24,2037,4814708199432528533,25,13,20
24,2038,13057199085480727112,25,13,24
24,2039,8625483721090894288,25,13,24
24,2040,8987525554962155196,25,13,24
24,2041,16109958889337018475,25,13,24
24,2042,10975665324977942813,25,13,24
24,2043,5793730515649214988,25,13,24
24,2044,2598001468058037593,25,13,24
24,2045,1660781919313094337,25,13,20
24,2046,16465805718192468931,25,13,28
24,2047,14282584981547380948,25,13,24
24,2048,14616477370204561927,25,13,24
24,2049,16756064320101654199,25,13,28
24,2050,16731465635783205805,25,13,28
24,2051,16977613716242401291,25,13,24
24,2052,5858395385749918660,25,13,28
24,2053,68196897673464885,25,13,28
24,2054,7155127812735496574,25,13,28
24,2055,6765497168557672444,25,13,24
24,2056,13577320912184904593,25,13,24
24,2057,2371208206266132867,25,13,28
24,2058,14069958134208529267,25,13,28
24,2059,7936041691011098107,25,13,24
24,2060,17818631487486091684,25,13,24
24,2061,14226825827526975873,25,13,24
24,2062,17785846800933920805,25,13,28
24,2063,1419328146449468827,25,13,24
24,2064,2609136065880770180,25,13,28
24,2065,7333890398008004227,25,13,28
24,2066,15708092611862085676,25,13,28
24,2067,11013043188335210137,25,13,24
24,2068,12758029268533000504,25,13,28
24,2069,11350808510590745880,25,13,24
24,2070,9191112638619522281,25,13,24
24,2071,4552497073347240700,25,13,24
24,2072,1238302991061421062,25,13,24
24,2073,12367982018155744394,25,13,24
24,2074,7498451593746488649,25,13,24
24,2075,15988620240971870541,25,13,24
24,2076,8637266578958193996,25,13,28
24,2077,13136703062927028737,25,13,28
24,2078,12229329698520599700,25,13,24
24,2079,17758163332973938262,25,13,24
24,2080,3740723172410348524,25,13,24
24,2081,17052569268335218564,25,13,24
24,2082,8555252649097726634,25,13,28
24,2083,17715679775903536975,25,13,24
24,2084,8618444855063492221,25,13,24
24,2085,12184319398482001665,25,13,28
24,2086,9247775974891422760,25,13,24
24,2087,13424692019771619632,25,13,24
24,2088,6533769697153935939,25,13,24
24,2089,9889734281098708117,25,13,28
24,2090,8437098137996361385,25,13,28
24,2091,611437932681159742,25,13,24
24,2092,12642228579012761113,25,13,28
24,2093,17614776439143384401,25,13,28
24,2094,5231697502688727766,25,13,24
24,2095,14814404519345140821,25,13,28
24,2096,246943454066044253,25,13,28
24,2097,7502716559401092969,25,13,24
24,2098,10063811453887006559,25,13,28
24,2099,13699002639472822437,25,13,24
24,2100,10923726003327817940,25,13,24
24,2101,3615593491545389802,25,13,24
24,2102,6827558570256311705,25,13,24
24,2103,10975589681889646127,25,13,28
24,2104,1091099581542275899,25,13,24
24,2105,6563726810103457732,25,13,24
24,2106,8118101893285685898,25,13,24
24,2107,16341658960443717835,25,13,24
24,2108,4499277772311023290,25,13,24
24,2109,14740826817069665091,25,13,28
24,2110,11987288867271087189,25,13,24
24,2111,466986473454247713,25,13,28
24,2112,17327782994165569772,25,13,24
24,2113,8581897074301431217,25,13,24
24,2114,7989145789782623681,25,13,24
24,2115,16607212048252443614,25,13,24
24,2116,1907108319533101434,25,13,28
24,2117,16884881347130844047,25,13,28
24,2118,13007061570242772373,25,13,24
24,2119,17033601004437528987,25,13,24
24,2120,8598015473950052515,25,13,28
24,2121,377197679988185060,25,13,28
24,2122,3897775632369834327,25,13,24
24,2123,16029642111529516386,25,13,20
24,2124,1129358292331157527,25,13,24
24,2125,6081683287716515289,25,13,28
24,2126,2410338586222469385,25,13,20
24,2127,11482766518907236948,25,13,28
24,2128,13634466260494317806,25,13,24
24,2129,7401238141619496951,25,13,24
24,2130,3108565742657746589,25,13,24
24,2131,9543263224272108170,25,13,28
24,2132,13068278615764036079,25,13,24
24,2133,5734789045052318536,25,13,28
24,2134,10982417705659878852,25,13,24
24,2135,16975470218747771962,25,13,24
24,2136,2679018522543042401,25,13,24
24,2137,11434996032851567723,25,13,28
24,2138,2605494588943786144,25,13,24
24,2139,4277462881674304374,25,13,24
24,2140,17282611898190069556,25,13,24
24,2141,4170329910586214092,25,13,20
24,2142,17554946024241104768,25,13,28
24,2143,6790921919988999283,25,13,24
24,2144,2464410264011122905,25,13,24
24,2145,4938711252823989324,25,13,28
24,2146,13036482046156474304,25,13,24
24,2147,10761883288510111223,25,13,28
24,2148,9927986877479330011,25,13,24
24,2149,9695183277501463193,25,13,24
24,2150,10897580841302914672,25,13,24
24,2151,9098770313752044175,25,13,24
24,2152,5872666837263525009,25,13,28
24,2153,6702076363006503896,25,13,24
24,2154,8348932657910263677,25,13,28
24,2155,18379182010376992686,25,13,24
24,2156,17396475399556420168,25,13,20
24,2157,14442684858021526358,25,13,28
24,2158,12705877923916708393,25,13,28
24,2159,215662383977196034,25,13,28
24,2160,15694021270531619104,25,13,28
24,2161,5049372074904429858,25,13,28
24,2162,3471474713046252587,25,13,24
24,2163,3450600101446984424,25,13,28
24,2164,14465924888829042897,25,13,24
24,2165,2769211500675266195,25,13,24
24,2166,1203301604266240972,25,13,24
24,2167,18264638224526392629,25,13,28
24,2168,15014094608872584370,25,13,20
24,2169,7204654357500662777,25,13,24
24,2170,16087915154971793409,25,13,24
24,2171,4722443098820495214,25,13,28
24,2172,1509150129540742613,25,13,28
24,2173,17742311134420414812,25,13,28
24,2174,15623779500259216208,25,13,24
24,2175,7079848218398189029,25,13,28
24,2176,16595664584786458456,25,13,28
24,2177,11676205323350925273,25,13,24
24,2178,7712220917635188550,25,13,28
24,2179,9279656322041958530,25,13,24
24,2180,1682109522612246740,25,13,24
24,2181,7847369009078685340,25,13,20
24,2182,6356778183681426827,25,13,24
24,2183,2226888892994715945,25,13,24
24,2184,14575513532617365712,25,13,24
24,2185,5125170668985504314,25,13,24
24,2186,6614340233923107304,25,13,24
24,2187,9553479737558852411,25,13,28
24,2188,13323508051602016384,25,13,24
24,2189,2900875690666857693,25,13,28
24,2190,6289433770046351549,25,13,28
24,2191,16511459360412280309,25,13,24
24,2192,9352927265571613887,25,13,24
24,2193,9734082415400174901,25,13,28
24,2194,12491893397246330580,25,13,32
24,2195,16418386954206474316,25,13,28
24,2196,48172282143218738,25,13,28
24,2197,1338063763430055849,25,13,28
24,2198,926674840789968655,25,13,24
24,2199,2972621267755665057,25,13,24
24,2200,3541940819443329906,25,13,20
24,2201,418822303433843506,25,13,24
24,2202,608114661252803374,25,13,28
24,2203,7025509379520953700,25,13,24
24,2204,16318772933844966385,25,13,24
24,2205,16639361460447910555,25,13,28
24,2206,1862870657947375893,25,13,24
24,2207,3314958471935006630,25,13,28
24,2208,1396421109530143352,25,13,24
24,2209,7343712650903462710,25,13,24
24,2210,5556552037606448692,25,13,24
24,2211,15856753951354000416,25,13,24
24,2212,18030779604243917785,25,13,28
24,2213,16111138816195122273,25,13,24
24,2214,1810992813086562792,25,13,28
24,2215,9971416643933659894,25,13,24
24,2216,2593208250348191644,25,13,24
24,2217,15389202944020096120,25,13,24
24,2218,3385803414344325137,25,13,24
24,2219,15226383427409238948,25,13,28
24,2220,11629517471347930509,25,13,24
24,2221,12670924637382804626,25,13,24
24,2222,7661524412265521937,25,13,28
24,2223,14954268839888056362,25,13,28
24,2224,15120846211178338701,25,13,24
24,2225,11902104200760353962,25,13,24
24,2226,310006143111334363,25,13,24
24,2227,15141376080949564661,25,13,24
24,2228,15776088998348008999,25,13,28
24,2229,994010308443847758,25,13,24
24,2230,13304187580289045722,25,13,20
24,2231,6101970253809918681,25,13,28
24,2232,11080828730288082944,25,13,28
24,2233,9625952944787918159,25,13,24
24,2234,9743636069498663484,25,13,24
24,2235,549417430034640879,25,13,24
24,2236,4569827425718702629,25,13,28
24,2237,8737693193532013575,25,13,28
24,2238,1433157211448374135,25,13,28
24,2239,11267503871606289524,25,13,28
24,2240,3880069906633577872,25,13,28
24,2241,6993760044036265053,25,13,28
24,2242,18226159313823676293,25,13,24
24,2243,340133915210192440,25,13,24
24,2244,13432153021502967229,25,13,24
24,2245,7292408462402733937,25,13,24
24,2246,2037175409082538748,25,13,24
24,2247,9500256601952000294,25,13,28
24,2248,10068643883149041231,25,13,24
24,2249,987514941335681103,25,13,24
24,2250,11072390949891533833,25,13,24
24,2251,2710005667620524504,25,13,28
24,2252,5982964506113586456,25,13,28
24,2253,7231855750156154488,25,13,24
24,2254,8247013622344162737,25,13,24
24,2255,535606706075843047,25,13,24
24,2256,3899282790208250471,25,13,28
24,2257,4930111781990755502,25,13,24
24,2258,13274166827228036166,25,13,24
24,2259,16905969210885157560,25,13,24
24,2260,11313823849513703762,25,13,28
24,2261,2384221086204959877,25,13,28
24,2262,3490249119679727082,25,13,20
24,2263,17691486234704841101,25,13,20
24,2264,8625196998541362845,25,13,20
24,2265,6112597487862305646,25,13,28
24,2266,3397261907732919127,25,13,24
24,2267,3010466093261936573,25,13,24
24,2268,5300947192002330196,25,13,24
24,2269,18407687598167762206,25,13,24
24,2270,14403710483060624620,25,13,24
24,2271,4504396344416001188,25,13,24
24,2272,1023324358060588996,25,13,28
24,2273,4108033390146196581,25,13,24
24,2274,11383206173426266687,25,13,20
24,2275,2010575273826485287,25,13,24
24,2276,840932575590651195,25,13,24
24,2277,16708054423685249685,25,13,24
24,2278,8437902690997404246,25,13,28
24,2279,9190850444408680704,25,13,28
24,2280,18080264141296553599,25,13,24
24,2281,8394023377211019727,25,13,28
24,2282,15009505151449815907,25,13,20
24,2283,2944333146523640652,25,13,24
24,2284,2532541961923930167,25,13,24
24,2285,5190178381601062416,25,13,24
24,2286,1046825619530774279,25,13,24
24,2287,516651073079928727,25,13,28
24,2288,13698031327974927492,25,13,24
24,2289,693933556601862912,25,13,24
24,2290,666593135432711921,25,13,24
24,2291,6779381484292405036,25,13,24
24,2292,12026874110829521646,25,13,24
24,2293,8647643355657541164,25,13,24
24,2294,11623222514931709784,25,13,24
24,2295,7678397006662148327,25,13,28
24,2296,9226128474839616532,25,13,24
24,2297,7496553141366237671,25,13,24
24,2298,15974500570370212008,25,13,24
24,2299,628931886287433607,25,13,24
24,2300,1075404540675730287,25,13,28
24,2301,2600750892701474035,25,13,24
24,2302,12129618649726738711,25,13,24
24,2303,10833336609215317805,25,13,24
24,2304,1625687014529512275,25,13,20
24,2305,9229503338900473752,25,13,24
24,2306,389046647212862265,25,13,28
24,2307,15467423825016025395,25,13,28
24,2308,4190867596425360847,25,13,28
24,2309,7657458092329456788,25,13,28
24,2310,13448935122258789016,25,13,20
24,2311,716101197320023012,25,13,28
24,2312,13490412770693515040,25,13,24
24,2313,6948828080358659371,25,13,24
24,2314,11552935291035505567,25,13,28
24,2315,16289147954457060396,25,13,24
24,2316,6705495431718445839,25,13,20
24,2317,295827956892874389,25,13,24
24,2318,10591547895740864578,25,13,28
24,2319,11669935835379397950,25,13,28
24,2320,4698263059720095111,25,13,28
24,2321,4736703522396367462,25,13,24
24,2322,15221235213176292432,25,13,28
24,2323,2984932296412271972,25,13,24
24,2324,13851539600605113070,25,13,24
24,2325,6690236318575557276,25,13,28
24,2326,15231427916007386768,25,13,24
24,2327,16640851215138458165,25,13,20
24,2328,7879552026872732446,25,13,24
24,2329,13415935673562975365,25,13,24
24,2330,18358494638668120948,25,13,20
24,2331,895713947384391583,25,13,28
24,2332,13472459416434028508,25,13,24
24,2333,17238932533716510428,25,13,28
24,2334,15514297833772523576,25,13,24
24,2335,12442123875881506441,25,13,28
24,2336,2298226851870344762,25,13,24
24,2337,3536491530505392225,25,13,24
24,2338,7564193529828254663,25,13,24
24,2339,3103811067470334886,25,13,20
24,2340,4284218809578022890,25,13,28
24,2341,9009523995051959878,25,13,28
24,2342,2449272443515190236,25,13,24
24,2343,5400192722699578547,25,13,24
24,2344,10749697525651340328,25,13,28
24,2345,4695024257973108274,25,13,24
24,2346,173279145972217172,25,13,28
24,2347,1072573386762050655,25,13,24
24,2348,3294462128834207162,25,13,28
24,2349,8083444826457856399,25,13,28
24,2350,3152890721665027314,25,13,24
24,2351,14235930472763137736,25,13,24
24,2352,13499530431955452712,25,13,24
24,2353,15232951983766626928,25,13,28
24,2354,8449310245560455791,25,13,28
24,2355,2478232774061183951,25,13,28
24,2356,12108932993683207451,25,13,24
24,2357,4540462459144038763,25,13,24
24,2358,10164952341610265517,25,13,24
24,2359,6653108394602567384,25,13,24
24,2360,13819591477281423439,25,13,24
24,2361,14503136142432578763,25,13,24
24,2362,4328959017807134767,25,13,24
24,2363,6891828541048116038,25,13,28
24,2364,1526380733293095805,25,13,24
24,2365,9733799168845299957,25,13,28
24,2366,14155656814204986773,25,13,20
24,2367,16509917613001661954,25,13,24
24,2368,9700581261035383780,25,13,24
24,2369,9726877806347632272,25,13,24
24,2370,17408875653661169223,25,13,20
24,2371,10721941287688972705,25,13,28
24,2372,10615642256119799678,25,13,24
24,2373,18425863930131832796,25,13,28
24,2374,4640312043510824773,25,13,28
24,2375,3860352323483427646,25,13,28
24,2376,2591694381695917159,25,13,24
24,2377,3028941416264580099,25,13,28
24,2378,13757112687885585732,25,13,24
24,2379,9286136407316131352,25,13,28
24,2380,5718045471782389259,25,13,28
24,2381,9333699707099072562,25,13,24
24,2382,13324921931256573409,25,13,24
24,2383,9827295773903622577,25,13,24
24,2384,8405086499074508800,25,13,24
24,2385,12000266700825915587,25,13,24
24,2386,8180481709664130862,25,13,28
24,2387,9887469001352574283,25,13,28
24,2388,15374056262121643330,25,13,24
24,2389,5913260305868481381,25,13,24
24,2390,15548717667018321675,25,13,24
24,2391,5487169252718814997,25,13,28
24,2392,824052658946255350,25,13,24
24,2393,13498511347225617764,25,13,28
24,2394,7746626780344651869,25,13,28
24,2395,11800773608753916840,25,13,28
24,2396,2708887818149059562,25,13,28
24,2397,35574319651984364,25,13,28
24,2398,188758978403397336,25,13,24
24,2399,10637360387852377835,25,13,24
24,2400,13423111867788816308,25,13,24
24,2401,120563168121874503,25,13,28
24,2402,2520002605292272838,25,13,24
24,2403,12410634960883002040,25,13,20
24,2404,8651258044175423377,25,13,20
24,2405,1931696091213242945,25,13,24
24,2406,3312363017253089287,25,13,28
24,2407,8360838241257699697,25,13,24
24,2408,6148329596127607923,25,13,28
24,2409,6734566262880273803,25,13,24
24,2410,11756106170406662108,25,13,24
24,2411,8593906590781393769,25,13,24
24,2412,2102502022542928029,25,13,24
24,2413,10010251065883776890,25,13,20
24,2414,12310540375805135488,25,13,24
24,2415,16829171904763601467,25,13,24
24,2416,14443510600820497664,25,13,24
24,2417,10255847022562075701,25,13,24
24,2418,5783920285309029109,25,13,24
24,2419,2900122077210982309,25,13,24
24,2420,16595886653527938259,25,13,28
24,2421,7229052017480305536,25,13,28
24,2422,17348812981556754056,25,13,28
24,2423,14803539961576389964,25,13,24
24,2424,3260673475163601813,25,13,28
24,2425,18409481874289378762,25,13,24
24,2426,6161476329445847328,25,13,28
24,2427,2439790979136722581,25,13,28
24,2428,610896105656272149,25,13,24
24,2429,12406657283255541517,25,13,24
24,2430,11774259306706388119,25,13,24
24,2431,15168297325246978533,25,13,24
24,2432,7826119486768771879,25,13,24
24,2433,3128673421549998045,25,13,24
24,2434,15734071594711624365,25,13,28
24,2435,3027187519112475855,25,13,24
24,2436,17120112217853176956,25,13,28
24,2437,17378229384711693,25,13,28
24,2438,14577863940930628827,25,13,24
24,2439,656464559526991391,25,13,28
24,2440,17954291493789498377,25,13,28
24,2441,9924650881119926636,25,13,24
24,2442,4204297486284272894,25,13,24
24,2443,5891639071087263970,25,13,24
24,2444,17430461602214964310,25,13,28
24,2445,9936929487723479917,25,13,24
24,2446,18416618238343195446,25,13,32
24,2447,16487253943106119124,25,13,24
24,2448,11845190886495914136,25,13,24
24,2449,3679568791740808395,25,13,28
24,2450,9565927614119966050,25,13,24
24,2451,1294179175638630654,25,13,24
24,2452,13767771091946812334,25,13,28
24,2453,5592807731787983367,25,13,28
24,2454,8907949103803324374,25,13,28
24,2455,9716564931461550852,25,13,28
24,2456,911887182120741127,25,13,28
24,2457,1001374703691078609,25,13,24
24,2458,9290843942064305167,25,13,24
24,2459,2235453207755549507,25,13,28
24,2460,399869415864257575,25,13,28
24,2461,1993165672024100738,25,13,24
24,2462,5239638600600788179,25,13,28
24,2463,7563290968911297306,25,13,28
24,2464,9842913032171882883,25,13,24
24,2465,3834971577894514085,25,13,28
24,2466,4275690207373478849,25,13,28
24,2467,3722171572570791943,25,13,24
24,2468,902820403126181995,25,13,28
24,2469,9373538237409847057,25,13,24
24,2470,8528761375077211449,25,13,28
24,2471,11812330184918868531,25,13,28
24,2472,2927094362342582132,25,13,24
24,2473,7693568503238571315,25,13,28
24,2474,5668423727808523181,25,13,20
24,2475,3891572040512929510,25,13,28
24,2476,13659306178136610593,25,13,28
24,2477,9548021635247380403,25,13,28
24,2478,17450937525608224114,25,13,28
24,2479,10402691828388797560,25,13,28
24,2480,15805541255468831941,25,13,28
24,2481,17921596959854169243,25,13,32
24,2482,4291410455407897994,25,13,28
24,2483,2927047815868893818,25,13,24
24,2484,4375010484478152017,25,13,28
24,2485,233572508415004107,25,13,20
24,2486,18070631661366601076,25,13,28
24,2487,12640924717646597832,25,13,24
24,2488,845214363058993324,25,13,28
24,2489,744968723314460118,25,13,32
24,2490,11434928616964645015,25,13,24
24,2491,16340963021914437777,25,13,28
24,2492,10372742702667873498,25,13,24
24,2493,14997080742330314572,25,13,28
24,2494,15999636761598515878,25,13,24
24,2495,3548097914199898092,25,13,24
24,2496,16047347484261708392,25,13,28
24,2497,17445357737336366073,25,13,24
24,2498,15172071983571733341,25,13,28
24,2499,15731548153180756190,25,13,24
24,2500,2191738199987602040,25,13,28
24,2501,8740705648920885943,25,13,28
24,2502,5156817541705852577,25,13,24
24,2503,9184356014366954291,25,13,24
24,2504,18144945216015041511,25,13,24
24,2505,14761840941733299105,25,13,28
24,2506,12342864721701482242,25,13,28
24,2507,7323419935621350540,25,13,24
24,2508,4010556352214164526,25,13,28
24,2509,2019623893969358814,25,13,24
24,2510,3482123930987250904,25,13,24
24,2511,13448026264374135054,25,13,28
24,2512,12191013647536440543,25,13,24
24,2513,7218492456908623747,25,13,24
24,2514,5104076984549292188,25,13,24
24,2515,13299239768586491685,25,13,24
24,2516,10954686064258048525,25,13,24
24,2517,8194371941183215757,25,13,24
24,2518,5027115253148296783,25,13,28
24,2519,6262363528448967931,25,13,24
24,2520,3336729637916019398,25,13,28
24,2521,16275150885406410706,25,13,24
24,2522,12933011498580157681,25,13,28
24,2523,1688406883754313135,25,13,20
24,2524,5438687312452513302,25,13,28
24,2525,3209865394089331466,25,13,24
24,2526,12805508857219163461,25,13,28
24,2527,4949370056732643822,25,13,24
24,2528,3866721565288669042,25,13,24
24,2529,14636925131065794057,25,13,28
24,2530,6256819253499447424,25,13,28
24,2531,6053363849111978684,25,13,28
24,2532,15023658274560563223,25,13,20
24,2533,5727406508359836887,25,13,24
24,2534,12055078346942973130,25,13,24
24,2535,11922064852833907232,25,13,28
24,2536,6704512268590090822,25,13,28
24,2537,8198582479857725275,25,13,28
24,2538,9784546409931531803,25,13,28
24,2539,4162372646348555056,25,13,24
24,2540,7750454717508892579,25,13,24
24,2541,4541515384549032645,25,13,24
24,2542,15601038674475781522,25,13,24
24,2543,6318441941910931510,25,13,28
24,2544,16622234343913155067,25,13,24
24,2545,1559197742061218752,25,13,24
24,2546,12724499964161688089,25,13,28
24,2547,18348827931954247868,25,13,28
24,2548,4557807653257888108,25,13,24
24,2549,16467032752984744386,25,13,20
24,2550,12144583447762473533,25,13,28
24,2551,1826027154988586559,25,13,24
24,2552,18236830119189604102,25,13,24
24,2553,12837114920305799975,25,13,24
24,2554,13673688378998715727,25,13,28
24,2555,10643608993265020694,25,13,28
24,2556,16385581261387192355,25,13,28
24,2557,9353334709916073236,25,13,28
24,2558,16697534780744739069,25,13,28
24,2559,7784537123374431772,25,13,24
24,2560,5271190152086284821,25,13,24
24,2561,12395894443774518845,25,13,24
24,2562,2380396780950708069,25,13,24
24,2563,4982492797985156027,25,13,32
24,2564,6661958102300836313,25,13,28
24,2565,2011647574815933675,25,13,24
24,2566,3331941184692680178,25,13,24
24,2567,8504285765227680206,25,13,24
24,2568,9546272908043626514,25,13,28
24,2569,4372971258481839566,25,13,24
24,2570,15126858529654072391,25,13,24
24,2571,15496275114614962145,25,13,20
24,2572,5345323506553236359,25,13,28
24,2573,1581908108077168101,25,13,24
24,2574,96589910699324670,25,13,28
24,2575,14404347627966081664,25,13,24
24,2576,13935923497907340681,25,13,24
24,2577,13191524579526390800,25,13,24
24,2578,17530682903855953244,25,13,24
24,2579,17747834941817643432,25,13,24
24,2580,15954667336211228523,25,13,20
24,2581,16850469294780515171,25,13,24
24,2582,17356399791204891592,25,13,24
24,2583,7171912835306166572,25,13,28
24,2584,13405162005380177903,25,13,24
24,2585,16827160373909637353,25,13,28
24,2586,5694880279282339937,25,13,24
24,2587,8983577606411260887,25,13,28
24,2588,14588651072752935135,25,13,24
24,2589,7169253594173980426,25,13,24
24,2590,9508553678804929062,25,13,20
24,2591,15321681106539852267,25,13,24
24,2592,16536001281376792367,25,13,28
24,2593,5826176819401509067,25,13,24
24,2594,8908408361420427882,25,13,28
24,2595,15214325440502849678,25,13,20
24,2596,17558807769678514955,25,13,28
24,2597,10596448868163802286,25,13,28
24,2598,13708019725784206856,25,13,20
24,2599,12845617781155528358,25,13,24
24,2600,6168966047475825334,25,13,24
24,2601,13481367396186096287,25,13,24
24,2602,12853075990219164150,25,13,28
24,2603,4279500601666074324,25,13,24
24,2604,7894851050447554830,25,13,32
24,2605,9970448714025806354,25,13,24
24,2606,6106946306513742201,25,13,24
24,2607,2162203056772716250,25,13,28
24,2608,11764997167601508702,25,13,24
24,2609,3878339031203544140,25,13,24
24,2610,3659206327534577456,25,13,28
24,2611,6161299617799358649,25,13,24
24,2612,1218255912757555576,25,13,28
24,2613,770280021068621927,25,13,20
24,2614,16220216755390879615,25,13,28
24,2615,13694865455955618056,25,13,28
24,2616,3015294335217654195,25,13,24
24,2617,14184304354784461294,25,13,28
24,2618,17496412446766334090,25,13,24
24,2619,17514997841009616360,25,13,28
24,2620,5029448777654709705,25,13,28
24,2621,8498953201826766261,25,13,24
24,2622,11412070765860675057,25,13,20
24,2623,10937684560807345217,25,13,28
24,2624,6787716565723950033,25,13,24
24,2625,37379366410548468,25,13,24
24,2626,15074567742373461007,25,13,28
24,2627,14120862782617186878,25,13,24
24,2628,43663442528514649,25,13,24
24,2629,4444869775331822651,25,13,28
24,2630,15930026094539907355,25,13,24
24,2631,17495282038180240395,25,13,28
24,2632,5102561322169147873,25,13,24
24,2633,1954394262612091635,25,13,28
24,2634,1054936955088207224,25,13,28
24,2635,2261778838638322296,25,13,28
24,2636,5400699269495013720,25,13,24
24,2637,14986004135352889062,25,13,28
24,2638,3992192292671763878,25,13,24
24,2639,8528632928631782565,25,13,28
24,2640,17728048883356956921,25,13,20
24,2641,14415418741906907754,25,13,28
24,2642,14754201871579791313,25,13,28
24,2643,18089935583289917482,25,13,24
24,2644,8452206658491796046,25,13,28
24,2645,2099350604920003183,25,13,24
24,2646,17549050748817996219,25,13,28
24,2647,6857319001572158001,25,13,32
24,2648,3144535316231553817,25,13,28
24,2649,11777210471715655379,25,13,24
24,2650,14423210665347486794,25,13,24
24,2651,2625471962914541680,25,13,24
24,2652,512562663710652005,25,13,28
24,2653,6502946355784663439,25,13,24
24,2654,17523153788738637116,25,13,24
24,2655,16670466889974246304,25,13,28
24,2656,15677588818340793699,25,13,28
24,2657,11248456392912887734,25,13,24
24,2658,6717982433868972383,25,13,20
24,2659,14823556864196156070,25,13,24
24,2660,3354829854549059829,25,13,24
24,2661,17070583496149700437,25,13,24
24,2662,18351566978250338053,25,13,24
24,2663,9543611212566464423,25,13,20
24,2664,3152496191712470323,25,13,28
24,2665,14081693792011518953,25,13,28
24,2666,1734080083699231954,25,13,24
24,2667,15587531254154590586,25,13,28
24,2668,2262871632884732323,25,13,28
24,2669,15119213772144514758,25,13,24
24,2670,1374883481918826558,25,13,24
24,2671,15019329668795915878,25,13,28
24,2672,12980699196042274921,25,13,28
24,2673,14985929840289324620,25,13,28
24,2674,8507938038717170208,25,13,24
24,2675,8458929281435541831,25,13,24
24,2676,10198614395444315503,25,13,24
24,2677,449294804318324351,25,13,24
24,2678,11949957755610034830,25,13,24
24,2679,17594167653870349415,25,13,24
24,2680,13823592454517205551,25,13,24
24,2681,3292011733066940630,25,13,24
24,2682,16899794708184224936,25,13,24
24,2683,3342285159620964746,25,13,24
24,2684,3166225320007951823,25,13,28
24,2685,1584163929526765831,25,13,28
24,2686,12684996169416928172,25,13,28
24,2687,1088655630181997157,25,13,24
24,2688,1696951021751431546,25,13,24
24,2689,15092875120860191524,25,13,24
24,2690,13575578313538505264,25,13,28
24,2691,17425236882795742187,25,13,24
24,2692,2158550643257658895,25,13,24
24,2693,8344677809732711739,25,13,20
24,2694,16914060375951991813,25,13,28
24,2695,10963974516465224583,25,13,28
24,2696,1161787215792007601,25,13,28
24,2697,1174434688806069053,25,13,24
24,2698,2151933031626788214,25,13,20
24,2699,4700168378295354366,25,13,20
24,2700,18279545260143518584,25,13,24
24,2701,11838774879874423801,25,13,28
24,2702,6663196419356296308,25,13,24
24,2703,3267083241665521221,25,13,24
24,2704,16388087671814829870,25,13,24
24,2705,16090801042111311613,25,13,28
24,2706,16553434396660142173,25,13,28
24,2707,10544916094941856715,25,13,28
24,2708,5406051318530801204,25,13,28
24,2709,16319789126989303853,25,13,28
24,2710,9435391470193436044,25,13,28
24,2711,390636200090207797,25,13,24
24,2712,14723625627406597053,25,13,24
24,2713,680293307287950450,25,13,24
24,2714,6349600546715010945,25,13,28
24,2715,1118790838749075845,25,13,24
24,2716,3862719646994926510,25,13,24
24,2717,8893302187087171600,25,13,28
24,2718,17228939674495297452,25,13,24
24,2719,1786631942563164005,25,13,24
24,2720,4773269451140290738,25,13,28
24,2721,5133773677382657741,25,13,28
24,2722,11672198366297151636,25,13,28
24,2723,9156671024809063251,25,13,28
24,2724,3316434485261039393,25,13,24
24,2725,10525000568668333625,25,13,20
24,2726,14747724085409107362,25,13,28
24,2727,3260051651899177370,25,13,24
24,2728,12160210683339812207,25,13,24
24,2729,18364703394951134353,25,13,24
24,2730,6501333569559649067,25,13,24
24,2731,16344032050593233362,25,13,24
24,2732,4322142882039382530,25,13,24
24,2733,17402054750901689143,25,13,24
24,2734,5160940523039103327,25,13,28
24,2735,5505067693992639911,25,13,28
24,2736,8877496551450602042,25,13,28
24,2737,7474328442825220354,25,13,28
24,2738,16915739419425815479,25,13,24
24,2739,5083804182788185135,25,13,24
24,2740,10890314775749472812,25,13,24
24,2741,2292037130780080053,25,13,28
24,2742,10979249177274758209,25,13,28
24,2743,4437569448899540136,25,13,20
24,2744,3209920359475739520,25,13,24
24,2745,6682762794282705876,25,13,24
24,2746,15735459183670213452,25,13,24
24,2747,3065254208308842403,25,13,24
24,2748,15324339408179537087,25,13,28
24,2749,16397008183301024443,25,13,24
24,2750,8786219628200598342,25,13,24
24,2751,12775655844417306662,25,13,24
24,2752,10533011702148190009,25,13,28
24,2753,350047399047997661,25,13,24
24,2754,3939653024958470560,25,13,24
24,2755,2765735255937141889,25,13,28
24,2756,3986867392807499213,25,13,24
24,2757,16478193749735772678,25,13,24
24,2758,724152611430411074,25,13,28
24,2759,10308949797024354844,25,13,28
24,2760,10099419017529402810,25,13,28
24,2761,6948079589258510660,25,13,24
24,2762,15095741456943637205,25,13,24
24,2763,13476342486433275680,25,13,28
24,2764,17210923405049335505,25,13,28
24,2765,12445523422059534906,25,13,28
24,2766,11057848883404269911,25,13,28
24,2767,15190355890660585296,25,13,24
24,2768,14978902754201607889,25,13,24
24,2769,11974218917538229801,25,13,28
24,2770,6386578648806817254,25,13,24
24,2771,45212266698053011,25,13,24
24,2772,17153508742323455528,25,13,28
24,2773,9049600617144311520,25,13,28
24,2774,8609273206418826404,25,13,28
24,2775,4252445205432941085,25,13,24
24,2776,17122715447122433629,25,13,28
24,2777,15070474722723534895,25,13,28
24,2778,10663781332114933177,25,13,28
24,2779,10095684063970130833,25,13,28
24,2780,16930363990731502618,25,13,28
24,2781,15422974579170343074,25,13,20
24,2782,6474728815304652332,25,13,28
24,2783,1936130107758106054,25,13,24
24,2784,13946828046810804871,25,13,28
24,2785,9783593221125974714,25,13,28
24,2786,16740193782318405115,25,13,28
24,2787,13636605263721327394,25,13,28
24,2788,17191556450975463174,25,13,24
24,2789,18438868871660536341,25,13,24
24,2790,3126566060754369978,25,13,28
24,2791,6779776588681804057,25,13,20
24,2792,4019753649967468176,25,13,24
24,2793,14662627489199248429,25,13,20
24,2794,2670589981273783324,25,13,24
24,2795,4572534486438295088,25,13,24
24,2796,6722705129853569218,25,13,24
24,2797,972331162737814911,25,13,24
24,2798,16166082267601702931,25,13,24
24,2799,10288807059876207189,25,13,24
24,2800,8723119337181035861,25,13,24
24,2801,8018074894697103310,25,13,24
24,2802,17289799208269900366,25,13,28
24,2803,6218423095263319179,25,13,28
24,2804,8974082675764473044,25,13,24
24,2805,10464239191979355830,25,13,24
24,2806,9016026710166802436,25,13,28
24,2807,10361120424635116996,25,13,28
24,2808,6295515865691886439,25,13,24
24,2809,9773551628692613456,25,13,28
24,2810,3599329552840377911,25,13,28
24,2811,9984400008744497191,25,13,24
24,2812,17553471537898793509,25,13,24
24,2813,18272934177484099376,25,13,24
24,2814,13136847888528773669,25,13,24
24,2815,4186247703864388907,25,13,28
24,2816,4971058805991896890,25,13,24
24,2817,17161688490065446132,25,13,24
24,2818,15690445536522295421,25,13,28
24,2819,12912157342545382881,25,13,24
24,2820,7883511680720954075,25,13,28
24,2821,16971658954859335651,25,13,24
24,2822,4317599523158004704,25,13,20
24,2823,16423386905699141263,25,13,24
24,2824,16410079798516292497,25,13,28
24,2825,4203982275716363448,25,13,24
24,2826,5612680319696807624,25,13,28
24,2827,15670732342691823601,25,13,28
24,2828,4644524991629330311,25,13,24
24,2829,17225752048004937041,25,13,24
24,2830,842684804917956543,25,13,24
24,2831,4687783267977006037,25,13,24
24,2832,12396117848912942385,25,13,24
24,2833,3732480125889635989,25,13,24
24,2834,12332647751444800344,25,13,28
24,2835,15137700497176166507,25,13,28
24,2836,13503290069726389703,25,13,24
24,2837,17789442954485434568,25,13,28
24,2838,3318397866360696648,25,13,28
24,2839,2744878865264121428,25,13,28
24,2840,14915907245612687669,25,13,28
24,2841,11246163146476178576,25,13,28
24,2842,7996570491257786599,25,13,24
24,2843,9753971712260703409,25,13,24
24,2844,3725998033484351309,25,13,24
24,2845,15313375257237218515,25,13,24
24,2846,9241748403441592912,25,13,20
24,2847,799680785864076485,25,13,28
24,2848,16385742896764379468,25,13,24
24,2849,6469824944197059704,25,13,24
24,2850,17672277422863141667,25,13,24
24,2851,1578182781586242942,25,13,24
24,2852,6032219288294326480,25,13,28
24,2853,15612711154066161859,25,13,20
24,2854,2472458487077090578,25,13,28
24,2855,11488472974474617528,25,13,24
24,2856,12209656402650264873,25,13,24
24,2857,13917014033680653674,25,13,24
24,2858,13869459644712964427,25,13,24
24,2859,7183464726977980503,25,13,24
24,2860,14038459806962856841,25,13,28
24,2861,9366321879475586098,25,13,28
24,2862,9019631292065465991,25,13,24
24,2863,8433393151505241605,25,13,24
24,2864,6817274472209899816,25,13,28
24,2865,12929592939875702773,25,13,28
24,2866,9338652454966123477,25,13,24
24,2867,13568732834325869866,25,13,24
24,2868,5202535812724792795,25,13,24
24,2869,14327240441026210418,25,13,24
24,2870,12178584258995755,25,13,28
24,2871,3784111758139130329,25,13,28
24,2872,2883134747402855629,25,13,24
24,2873,2191683726043639066,25,13,24
24,2874,1560255258066810078,25,13,24
24,2875,12580901880939845281,25,13,28
24,2876,6323756123874177159,25,13,24
24,2877,4732664292997635585,25,13,28
24,2878,1735937770709680250,25,13,24
24,2879,16941720770904953935,25,13,24
24,2880,16528786511302180610,25,13,24
24,2881,11380535931119376482,25,13,28
24,2882,14975369750626527180,25,13,28
24,2883,15630631837571844058,25,13,24
24,2884,13368002872921594666,25,13,24
24,2885,5618039929276886995,25,13,24
24,2886,5870307933197082354,25,13,28
24,2887,10000608536755978598,25,13,28
24,2888,11739776113514903307,25,13,28
24,2889,12731889893769964632,25,13,28
24,2890,270892684548943923,25,13,28
24,2891,1962215715160388466,25,13,24
24,2892,5420401281854540281,25,13,24
24,2893,3099402244366584283,25,13,24
24,2894,15158049147127876267,25,13,24
24,2895,11114130768532146641,25,13,32
24,2896,2719135583191882805,25,13,28
24,2897,3353212164629575180,25,13,24
24,2898,3576970036231297071,25,13,28
24,2899,665913836840571412,25,13,24
24,2900,7876487938255553134,25,13,28
24,2901,8170858677486489271,25,13,32
24,2902,9010840102700382350,25,13,28
24,2903,14215057345182141829,25,13,24
24,2904,15364308267768036890,25,13,20
24,2905,15957794913048992424,25,13,24
24,2906,13980590282301182696,25,13,24
24,2907,11765247968156194978,25,13,28
24,2908,4268073867868428395,25,13,24
24,2909,6284772592697555328,25,13,28
24,2910,3507486831818570812,25,13,28
24,2911,5098953958562989930,25,13,28
24,2912,10891623227121503747,25,13,24
24,2913,5191995178317688378,25,13,28
24,2914,16727545892688455459,25,13,24
24,2915,7523766091660165387,25,13,24
24,2916,8081672967157146177,25,13,20
24,2917,9807215052140049322,25,13,28
24,2918,5899791686166629496,25,13,24
24,2919,8265898630189495195,25,13,24
24,2920,18121000996474038919,25,13,20
24,2921,8993660098299156815,25,13,24
24,2922,15517109221695635395,25,13,24
24,2923,17168710777285244703,25,13,24
24,2924,8362499715188179976,25,13,28
24,2925,9414232519192969792,25,13,24
24,2926,6424608367956255934,25,13,24
24,2927,9143539027310270285,25,13,28
24,2928,4471236521466862168,25,13,24
24,2929,3326518718378545736,25,13,20
24,2930,14901858979010299130,25,13,24
24,2931,9865844814315103119,25,13,24
24,2932,915311371491302140,25,13,28
24,2933,12940138452898467216,25,13,20
24,2934,2863220247500615335,25,13,32
24,2935,10535546102873475779,25,13,28
24,2936,10201374506250057324,25,13,24
24,2937,16658796246356788367,25,13,24
24,2938,4119084803486441193,25,13,24
24,2939,537180514965789926,25,13,28
24,2940,8902139245202554138,25,13,28
24,2941,17818605704236365393,25,13,28
24,2942,15676054769601554140,25,13,24
24,2943,3994695910263548382,25,13,24
24,2944,13937451056615559573,25,13,32
24,2945,6400351450084607971,25,13,28
24,2946,5165418081656219340,25,13,24
24,2947,7134609658170759613,25,13,24
24,2948,2220184436028712280,25,13,24
24,2949,3492374484933630837,25,13,24
24,2950,18332868711482800908,25,13,28
24,2951,7349103780556151325,25,13,24
24,2952,10624777007685057564,25,13,24
24,2953,14761553523064165982,25,13,28
24,2954,2655105264172340822,25,13,28
24,2955,15423737678818601731,25,13,24
24,2956,6327819839204868032,25,13,24
24,2957,17347136080698444985,25,13,24
24,2958,3937420183621422176,25,13,24
24,2959,16984484207676012538,25,13,24
24,2960,18108454316925647213,25,13,24
24,2961,15403917378933417220,25,13,24
24,2962,3586048109047141140,25,13,28
24,2963,11549927959972282,25,13,28
24,2964,5892559805091692555,25,13,24
24,2965,16236036584586773445,25,13,24
24,2966,1763946839312657450,25,13,28
24,2967,10106827078369734921,25,13,28
24,2968,13410908880073940167,25,13,28
24,2969,10568368613110372657,25,13,28
24,2970,1271722695024165771,25,13,28
24,2971,5042634865608363436,25,13,24
24,2972,6752426069534777288,25,13,24
24,2973,4880886401937120891,25,13,28
24,2974,9202191994777508796,25,13,24
24,2975,13234387847599573508,25,13,28
24,2976,3096793104772447098,25,13,28
24,2977,8101796908738431956,25,13,24
24,2978,4430365406648774686,25,13,28
24,2979,14842532310158132116,25,13,24
24,2980,7500540687629651541,25,13,24
24,2981,13683517936475452390,25,13,28
24,2982,1060819274723891675,25,13,20
24,2983,11610079016411724498,25,13,24
24,2984,102839311901164148,25,13,20
24,2985,5703081123426179821,25,13,24
24,2986,13328582396664387192,25,13,24
24,2987,15752173102303950873,25,13,28
24,2988,143403625287663691,25,13,24
24,2989,10238633074753771971,25,13,28
24,2990,16832926786981703012,25,13,24
24,2991,15600158201391625035,25,13,24
24,2992,8864747235514201860,25,13,32
24,2993,13517481654955322957,25,13,24
24,2994,12318084110711036979,25,13,24
24,2995,17591829701012403810,25,13,28
24,2996,6635538021661472622,25,13,28
24,2997,25870883169357565,25,13,28
24,2998,12672751230953782635,25,13,28
24,2999,13594733800610055056,25,13,24
24,3000,6313069562065564862,25,13,28
24,3001,18003369477610817399,25,13,20
24,3002,14062844202067074878,25,13,24
24,3003,12378260983907625847,25,13,28
24,3004,5173671385188218381,25,13,24
24,3005,6755332049076084872,25,13,28
24,3006,2729297190701269581,25,13,20
24,3007,14815175391614006360,25,13,24
24,3008,13660653301279635424,25,13,20
24,3009,1215820352419293174,25,13,24
24,3010,10376066744582063430,25,13,28
24,3011,6821538831333152613,25,13,20
24,3012,859087049306973732,25,13,28
24,3013,5627932229956569159,25,13,24
24,3014,4002626180740267212,25,13,24
24,3015,7037368870575145880,25,13,28
24,3016,17563292798274761783,25,13,24
24,3017,18346008453382268058,25,13,20
24,3018,12210985078589723089,25,13,24
24,3019,14716720739164005869,25,13,28
24,3020,2934675751278373601,25,13,28
24,3021,5921104265359271752,25,13,24
24,3022,13468109758230273146,25,13,28
24,3023,17653662957148937962,25,13,28
24,3024,7844809045370239713,25,13,24
24,3025,10457398252113456614,25,13,28
24,3026,3225648279307467942,25,13,28
24,3027,4491514174980224576,25,13,28
24,3028,18421168864365285211,25,13,28
24,3029,2501635036505427892,25,13,24
24,3030,14661125305391264811,25,13,24
24,3031,10356013603960647150,25,13,28
24,3032,1846366204442555331,25,13,24
24,3033,3926490899981369640,25,13,28
24,3034,2163045594679232179,25,13,28
24,3035,4692182251713416258,25,13,24
24,3036,3900062451677882871,25,13,24
24,3037,8154799450714392123,25,13,24
24,3038,16930689115412577781,25,13,20
24,3039,2820648777560856554,25,13,28
24,3040,9642046084076773782,25,13,28
24,3041,15680222386040633419,25,13,24
24,3042,17843956965280773037,25,13,24
24,3043,1380529992995864421,25,13,28
24,3044,4764540001413938575,25,13,20
24,3045,1644348176213153218,25,13,20
24,3046,12057425738311128952,25,13,24
24,3047,2216279423908732781,25,13,28
24,3048,11669920910893764688,25,13,24
24,3049,3160308880247294771,25,13,24
24,3050,5828938885817074621,25,13,28
24,3051,6186026629979101865,25,13,28
24,3052,4375449384248483644,25,13,24
24,3053,4532109059263135930,25,13,24
24,3054,10531504436625100860,25,13,28
24,3055,18234406498312764619,25,13,24
24,3056,9855067714977823044,25,13,24
24,3057,3986670583813349647,25,13,24
24,3058,2311309275605322867,25,13,24
24,3059,12830658520553556576,25,13,24
24,3060,12566128925808202503,25,13,24
24,3061,5275167022433493120,25,13,28
24,3062,4884521848282980373,25,13,24
24,3063,1467094083675001017,25,13,28
24,3064,13317654339974787485,25,13,28
24,3065,3629085336886797648,25,13,24
24,3066,14156138558195031335,25,13,24
24,3067,14210379118670365481,25,13,24
24,3068,13250265776150492509,25,13,28
24,3069,5098884587887185833,25,13,24
24,3070,7398296109295954938,25,13,24
24,3071,7258091599801540539,25,13,24
24,3072,1979470705723729498,25,13,24
24,3073,9645967130303565479,25,13,24
24,3074,8901574160075651328,25,13,24
24,3075,728075947534710034,25,13,24
24,3076,6180402045659737046,25,13,28
24,3077,11351323104008106165,25,13,24
24,3078,13323359293607167690,25,13,28
24,3079,3036885738380300797,25,13,28
24,3080,623984783110046928,25,13,24
24,3081,8365335843365122282,25,13,24
24,3082,2427318618249258493,25,13,24
24,3083,13195103247650389568,25,13,24
24,3084,12056355290768401396,25,13,24
24,3085,3593024767276762046,25,13,24
24,3086,8353344766220170426,25,13,28
24,3087,1135838767764297382,25,13,20
24,3088,7402301746043536547,25,13,24
24,3089,8443298475653023468,25,13,24
24,3090,5297005224403701266,25,13,24
24,3091,15289871150094174453,25,13,24
24,3092,2705763888897554574,25,13,28
24,3093,11690278197790642727,25,13,24
24,3094,4827507384878619612,25,13,28
24,3095,12882510543116245098,25,13,24
24,3096,198349860026387619,25,13,24
24,3097,3169089962550559854,25,13,28
24,3098,15263070300038922607,25,13,28
24,3099,14655943876981120198,25,13,28
24,3100,10698993369632412770,25,13,24
24,3101,14917903920917308660,25,13,24
24,3102,10835636335581886563,25,13,28
24,3103,7265169090280325469,25,13,24
24,3104,12891434219126156171,25,13,24
24,3105,7262578441431376831,25,13,24
24,3106,15207308360460622584,25,13,28
24,3107,12925209478367373535,25,13,24
24,3108,4740106537946677398,25,13,20
24,3109,2302120694606127367,25,13,20
24,3110,2412313875385368951,25,13,28
24,3111,1754945313949600505,25,13,28
24,3112,15612123673576435400,25,13,24
24,3113,15660177416798260859,25,13,24
24,3114,16036239312013010561,25,13,24
24,3115,6520867823202101855,25,13,24
24,3116,4224501929090775455,25,13,28
24,3117,12214069083425130929,25,13,24
24,3118,9307224947574554398,25,13,24
24,3119,2565436316924898736,25,13,24
24,3120,10263307345525325246,25,13,20
24,3121,17887922520781476538,25,13,28
24,3122,666258180335873590,25,13,28
24,3123,7838890780179788379,25,13,28
24,3124,9490338704043284763,25,13,24
24,3125,13470975325329698322,25,13,24
24,3126,4535611131518747102,25,13,28
24,3127,2523059531700411774,25,13,28
24,3128,6244222185699869346,25,13,28
24,3129,9486933320296124034,25,13,28
24,3130,6941544013665566499,25,13,24
24,3131,11526898323265765032,25,13,24
24,3132,1218432370967266262,25,13,28
24,3133,18438522189720144362,25,13,24
24,3134,9502402024759676686,25,13,24
24,3135,15882015576926482351,25,13,28
24,3136,6066612757322985238,25,13,24
24,3137,7038243994390123305,25,13,28
24,3138,16809657539318828151,25,13,24
24,3139,18004432117012666980,25,13,24
24,3140,420289494429863575,25,13,24
24,3141,7157635547993339699,25,13,28
24,3142,11564923113514396955,25,13,28
24,3143,649873176474195812,25,13,24
24,3144,8339168169324383836,25,13,28
24,3145,2400424814299285754,25,13,28
24,3146,16897646362064679650,25,13,20
24,3147,7228873948912019961,25,13,28
24,3148,3282327362248066390,25,13,28
24,3149,1428021277908888205,25,13,24
24,3150,15017402228952555698,25,13,28
24,3151,1502106838636409087,25,13,24
24,3152,2443380888297030440,25,13,24
24,3153,1135351497961389355,25,13,24
24,3154,4523843161735711979,25,13,28
24,3155,8467044619898236764,25,13,24
24,3156,8069845905322242647,25,13,24
24,3157,8518846773639276228,25,13,28
24,3158,4532805718571410260,25,13,28
24,3159,5185030215891446225,25,13,24
24,3160,16872955098647555385,25,13,24
24,3161,10481265886254333839,25,13,28
24,3162,16229396550763327936,25,13,24
24,3163,11258016897531008621,25,13,24
24,3164,7195898766350891258,25,13,24
24,3165,8605622689578056347,25,13,28
24,3166,14279015276810952758,25,13,20
24,3167,13276654522567778241,25,13,24
24,3168,14851918072652279861,25,13,24
24,3169,15436518029037084349,25,13,24
24,3170,9935670198664393316,25,13,24
24,3171,5307552666663861809,25,13,28
24,3172,12334448142296487739,25,13,28
24,3173,17332469302017924734,25,13,28
24,3174,17788202526105016906,25,13,24
24,3175,13476380732295725165,25,13,24
24,3176,457548547102614808,25,13,24
24,3177,6426871434707567875,25,13,28
24,3178,2675337057564674477,25,13,24
24,3179,6111036971605981597,25,13,28
24,3180,18376032912186178849,25,13,28
24,3181,9853313122842205382,25,13,28
24,3182,14612332149374110143,25,13,20
24,3183,1583160652418812022,25,13,28
24,3184,14005623917001427451,25,13,24
24,3185,15380692137982366736,25,13,28
24,3186,5516942349193601985,25,13,24
24,3187,58100357686346154,25,13,24
24,3188,3991909269952834408,25,13,24
24,3189,15690920121075844727,25,13,24
24,3190,3580344039240728445,25,13,24
24,3191,2920753876612365891,25,13,28
24,3192,14114314241430868288,25,13,24
24,3193,5462250319247849923,25,13,28
24,3194,6808012607439758913,25,13,28
24,3195,16002580698590162244,25,13,24
24,3196,12079943188089724619,25,13,24
24,3197,8037900280893518863,25,13,28
24,3198,10684186429227352443,25,13,28
24,3199,15853273548728688736,25,13,28
24,3200,15022620386504248879,25,13,24
24,3201,5391530519068503049,25,13,24
24,3202,9794226881094771413,25,13,28
24,3203,6909088312190480259,25,13,24
24,3204,13500196770384079448,25,13,28
24,3205,3866027384395141056,25,13,24
24,3206,10037954607197960094,25,13,24
24,3207,2589532533289106249,25,13,24
24,3208,10322055085796890539,25,13,28
24,3209,14193748619576699439,25,13,28
24,3210,15689544175769260993,25,13,28
24,3211,11063259552104337270,25,13,28
24,3212,15062011577052911251,25,13,24
24,3213,16258720957125956742,25,13,24
24,3214,298295362585466974,25,13,24
24,3215,3031786094979642134,25,13,32
24,3216,10064733192686122122,25,13,24
24,3217,5006582625520160802,25,13,28
24,3218,3491076693083217273,25,13,24
24,3219,13277399418701796185,25,13,28
24,3220,1395101441168576522,25,13,28
24,3221,16175207501506022497,25,13,28
24,3222,14669147417388263828,25,13,28
24,3223,10307973623303776901,25,13,28
24,3224,2602239994445457447,25,13,24
24,3225,907184096835404791,25,13,28
24,3226,7499313592627206829,25,13,28
24,3227,14802285070842261973,25,13,24
24,3228,13939211487765381197,25,13,28
24,3229,15579118828829609600,25,13,24
24,3230,10991576772371685020,25,13,28
24,3231,17736037592620271395,25,13,28
24,3232,17812715160910329712,25,13,28
24,3233,2279014568560254164,25,13,24
24,3234,12768778731039865148,25,13,24
24,3235,15862249625564044054,25,13,20
24,3236,964547662879527434,25,13,28
24,3237,10501347067264910855,25,13,24
24,3238,15036844180265362764,25,13,24
24,3239,8630568510417615681,25,13,24
24,3240,7610531351006595929,25,13,24
24,3241,554635996455617203,25,13,24
24,3242,11371366337997208928,25,13,24
24,3243,10108853138870862653,25,13,24
24,3244,14824751050094338634,25,13,28
24,3245,16551136213925941526,25,13,28
24,3246,339201560806977999,25,13,28
24,3247,17267159088616762977,25,13,28
24,3248,16567485923432241263,25,13,28
24,3249,1918327051507262293,25,13,28
24,3250,6749110731535912137,25,13,28
24,3251,3150052014661262807,25,13,20
24,3252,7349422761576498802,25,13,24
24,3253,13023073326332375842,25,13,28
24,3254,4309934366227626296,25,13,24
24,3255,8018075856716806529,25,13,28
24,3256,10024365402114326970,25,13,24
24,3257,8861716402075145146,25,13,28
24,3258,13134738592881929354,25,13,28
24,3259,11815626758058456960,25,13,24
24,3260,7389083220338225417,25,13,24
24,3261,9900918630882903133,25,13,20
24,3262,11228945069853534436,25,13,24
24,3263,11283816880316392630,25,13,24
24,3264,5648139761682954919,25,13,28
24,3265,3335446883447285457,25,13,24
24,3266,15591493808622729769,25,13,24
24,3267,13023496823276647402,25,13,24
24,3268,610326986437442483,25,13,24
24,3269,12343968781948429437,25,13,28
24,3270,4972353281253874985,25,13,24
24,3271,17651628356796130044,25,13,24
24,3272,7915325715903526624,25,13,28
24,3273,15181456455253734778,25,13,28
24,3274,612608695978612399,25,13,28
24,3275,10563556465131298729,25,13,28
24,3276,9181123618005351368,25,13,24
24,3277,1084286616627376595,25,13,28
24,3278,18133523572411000770,25,13,24
24,3279,17968681943012115670,25,13,28
24,3280,17966609414945134521,25,13,24
24,3281,7405176722229426068,25,13,28
24,3282,11680515736944663951,25,13,28
24,3283,5314123614077585942,25,13,28
24,3284,16733095421150834226,25,13,24
24,3285,3119759095400475603,25,13,24
24,3286,8735035439395535708,25,13,24
24,3287,5551509233826771799,25,13,24
24,3288,13807121903654908559,25,13,28
24,3289,4627048132095726614,25,13,28
24,3290,3268935891242208167,25,13,28
24,3291,6670462836171298146,25,13,28
24,3292,5329520560867140390,25,13,24
24,3293,3023137244405753842,25,13,24
24,3294,3255429839889908243,25,13,24
24,3295,4558864261397040279,25,13,24
24,3296,10466409655986504502,25,13,28
24,3297,10760064420659865856,25,13,28
24,3298,1323443319569312721,25,13,28
24,3299,9054736067942225889,25,13,24
24,3300,3916035415277890970,25,13,28
24,3301,375701705819637159,25,13,20
24,3302,18240414129506218324,25,13,28
24,3303,3674902137969875303,25,13,28
24,3304,4754068978531039898,25,13,24
24,3305,16513388526919026938,25,13,28
24,3306,10895537442473843819,25,13,28
24,3307,9455970901546572586,25,13,28
24,3308,15947559728635734444,25,13,24
24,3309,10266813786708256933,25,13,24
24,3310,14518555415897608760,25,13,24
24,3311,2738786894095223952,25,13,24
24,3312,2748899211619886558,25,13,28
24,3313,18086910953142937080,25,13,28
24,3314,14179247170995471891,25,13,24
24,3315,9161464737100969012,25,13,28
24,3316,6285187305338488333,25,13,28
24,3317,225599079031372092,25,13,28
24,3318,14103305141717070821,25,13,24
24,3319,11200092317348996107,25,13,28
24,3320,15743572726908712702,25,13,24
24,3321,13622247708744792992,25,13,32
24,3322,10555476375790189263,25,13,28
24,3323,15764457488458186117,25,13,24
24,3324,2561750607737946921,25,13,20
24,3325,12284180536577915775,25,13,28
24,3326,4810156598199059053,25,13,28
24,3327,830854635960606477,25,13,24
24,3328,16325019976334152294,25,13,24
24,3329,8599667957078940682,25,13,28
24,3330,3720117245856857500,25,13,28
24,3331,7243918149119786162,25,13,24
24,3332,15278525108243459131,25,13,28
24,3333,8508528582780945752,25,13,24
24,3334,428435514527131507,25,13,24
24,3335,279332932951934328,25,13,24
24,3336,10393964472444769735,25,13,24
24,3337,4726491204683542370,25,13,28
24,3338,16139686880042603127,25,13,28
24,3339,9058080056448434270,25,13,28
24,3340,14306591528457762058,25,13,28
24,3341,11444429083876054229,25,13,24
24,3342,9274951162858083688,25,13,24
24,3343,11681116449708124554,25,13,24
24,3344,6193955319580392445,25,13,28
24,3345,4021136834020713695,25,13,24
24,3346,10111175817946443130,25,13,28
24,3347,18278634879110275885,25,13,28
24,3348,12200517089007275686,25,13,24
24,3349,11250151757480328977,25,13,24
24,3350,16254087731674653502,25,13,24
24,3351,17105844623203278534,25,13,24
24,3352,7224577977612143288,25,13,24
24,3353,2981522709702918771,25,13,28
24,3354,9166806553348001092,25,13,24
24,3355,2899006096552840226,25,13,24
24,3356,16193759013166369800,25,13,24
24,3357,8069744108360250780,25,13,28
24,3358,11139240732897882594,25,13,24
24,3359,17467027891467722669,25,13,24
24,3360,451193828992159712,25,13,24
24,3361,15821817110485986027,25,13,24
24,3362,10825966308897644139,25,13,24
24,3363,6857929779813591736,25,13,24
24,3364,17829290835219536799,25,13,28
24,3365,7058643014942290428,25,13,24
24,3366,17504475355013348345,25,13,24
24,3367,992898655673942115,25,13,24
24,3368,4437749374260441483,25,13,24
24,3369,5207974175828009643,25,13,28
24,3370,16266834270825158725,25,13,24
24,3371,1986783439630116917,25,13,24
24,3372,4458670709987092055,25,13,24
24,3373,10694667028158287251,25,13,28
24,3374,10736816908953397933,25,13,28
24,3375,4215708647070015657,25,13,24
24,3376,5127660512702816937,25,13,28
24,3377,7828187070278197501,25,13,24
24,3378,512855528036506623,25,13,24
24,3379,4319350492700245569,25,13,28
24,3380,13904151246766435959,25,13,28
24,3381,18437980768538964494,25,13,28
24,3382,7771139361450697894,25,13,24
24,3383,2614476032638339560,25,13,28
24,3384,5466183721130347296,25,13,24
24,3385,7900344495908000358,25,13,24
24,3386,17508775648673404661,25,13,24
24,3387,15279854119726057343,25,13,28
24,3388,6835082878789682395,25,13,24
24,3389,16803623080452939230,25,13,24
24,3390,10912764695661012916,25,13,24
24,3391,2223959848112751391,25,13,28
24,3392,14827949111500079901,25,13,24
24,3393,344963323928772774,25,13,24
24,3394,6270768887898621720,25,13,28
24,3395,18271273152110898168,25,13,24
24,3396,7518940310648874323,25,13,24
24,3397,10332216221494949862,25,13,32
24,3398,11221767563464020756,25,13,28
24,3399,18181241028872597880,25,13,20
24,3400,2583815682470599653,25,13,24
24,3401,6336829007749874947,25,13,24
24,3402,4777179933184679031,25,13,24
24,3403,13758511072375237667,25,13,24
24,3404,17146448549570370813,25,13,28
24,3405,4396988726358540942,25,13,20
24,3406,11224767856072482305,25,13,24
24,3407,4429615302922627701,25,13,24
24,3408,16870167107689941885,25,13,28
24,3409,242996601918083904,25,13,28
24,3410,679846895429638404,25,13,24
24,3411,11642695001566544463,25,13,24
24,3412,15924537901110271734,25,13,28
24,3413,13504192368677421660,25,13,28
24,3414,2273905973359109152,25,13,24
24,3415,12000293737698926927,25,13,28
24,3416,7404529853472191280,25,13,24
24,3417,13369533374622417762,25,13,24
24,3418,12960097478301654240,25,13,24
24,3419,13461742911055260745,25,13,24
24,3420,3355351465236099588,25,13,24
24,3421,5376146130742107170,25,13,24
24,3422,11711835451350277770,25,13,32
24,3423,13471478284096972253,25,13,24
24,3424,17771956351442680265,25,13,24
24,3425,3436348380231438544,25,13,28
24,3426,11006289017165076573,25,13,24
24,3427,6154624276578218071,25,13,24
24,3428,15182512558489856176,25,13,28
24,3429,11645730545918718504,25,13,28
24,3430,7943150176697312081,25,13,28
24,3431,6949230536909654265,25,13,24
24,3432,2672368234552585480,25,13,24
24,3433,10714592906637475079,25,13,24
24,3434,17218454164278568442,25,13,24
24,3435,5281473823423341039,25,13,24
24,3436,7936617238872471964,25,13,24
24,3437,7753916224698927770,25,13,28
24,3438,12821358525659785944,25,13,24
24,3439,7402844046448914206,25,13,24
24,3440,9954855991668545807,25,13,28
24,3441,159321964795431153,25,13,28
24,3442,16634193933675236026,25,13,24
24,3443,3798708034229649456,25,13,28
24,3444,15506383272287164955,25,13,28
24,3445,16670625408720171922,25,13,28
24,3446,11031146104272723629,25,13,24
24,3447,17061518694690312059,25,13,24
24,3448,12591974616924810482,25,13,28
24,3449,1497978718651668340,25,13,28
24,3450,3246110801341630551,25,13,24
24,3451,11937603004077275557,25,13,24
24,3452,9296294281242557555,25,13,28
24,3453,833575818805259418,25,13,24
24,3454,7805918920846824942,25,13,24
24,3455,8357337976268346835,25,13,28
24,3456,22425737890342026,25,13,24
24,3457,13069060361189292793,25,13,24
24,3458,10702447076668525059,25,13,28
24,3459,13482096361454409244,25,13,24
24,3460,13735146383368395232,25,13,28
24,3461,3933597679000364573,25,13,28
24,3462,3910254899146830935,25,13,24
24,3463,11408875198193734309,25,13,24
24,3464,232782005686562514,25,13,24
24,3465,7744852931302645794,25,13,28
24,3466,3054879063016118781,25,13,24
24,3467,15297256426642742505,25,13,24
24,3468,4660414171073065982,25,13,24
24,3469,15391395603553718360,25,13,28
24,3470,3920489705303594990,25,13,28
24,3471,11965498492601068484,25,13,24
24,3472,16829328835663738371,25,13,28
24,3473,12430524109719308749,25,13,28
24,3474,5992024034113914894,25,13,24
24,3475,13317641200965478548,25,13,24
24,3476,8569857567072421796,25,13,28
24,3477,11976053901290951066,25,13,24
24,3478,1178957354596366418,25,13,20
24,3479,14973603235261577456,25,13,24
24,3480,6677195793315329748,25,13,24
24,3481,13501671087991781557,25,13,24
24,3482,14900534207608367916,25,13,28
24,3483,2974751272486662541,25,13,24
24,3484,10294469531487789325,25,13,24
24,3485,5262174943060579991,25,13,24
24,3486,1204882828623236028,25,13,24
24,3487,15009516001909284061,25,13,24
24,3488,2162909874210778879,25,13,20
24,3489,12816318720238268933,25,13,24
24,3490,6368250843596213902,25,13,24
24,3491,11959537691822128300,25,13,28
24,3492,44849106077520230,25,13,24
24,3493,518426885384081416,25,13,28
24,3494,1242439988356168383,25,13,24
24,3495,9235409400648040478,25,13,28
24,3496,2499035855438666852,25,13,28
24,3497,17504563107043220508,25,13,24
24,3498,2608217004879546548,25,13,28
24,3499,2487794316523792867,25,13,24
24,3500,9834701161283004658,25,13,24
24,3501,1466107885891128390,25,13,20
24,3502,16696063925548334522,25,13,28
24,3503,10777089812258522563,25,13,28
24,3504,18331530732836150016,25,13,24
24,3505,12053628958024536203,25,13,24
24,3506,2237614232743452060,25,13,32
24,3507,13536694272241754332,25,13,24
24,3508,1818137457275786148,25,13,24
24,3509,1339275068654977839,25,13,24
24,3510,16425750118572107804,25,13,24
24,3511,16824614988717846769,25,13,24
24,3512,12112897019456152088,25,13,28
24,3513,13796791610865406145,25,13,24
24,3514,4307577075709564149,25,13,32
24,3515,16826901783083523351,25,13,24
24,3516,10308932438745575382,25,13,24
24,3517,16131406844386743200,25,13,28
24,3518,5035660072700556719,25,13,24
24,3519,7797782250388277991,25,13,24
24,3520,8498310620911385200,25,13,24
24,3521,16782853844618356936,25,13,24
24,3522,7480369181089079587,25,13,24
24,3523,1004838188977697201,25,13,24
24,3524,16277417175771712224,25,13,24
24,3525,10795583449216178202,25,13,28
24,3526,6527163569599771742,25,13,24
24,3527,13315088686242509563,25,13,28
24,3528,4773265467203948941,25,13,24
24,3529,8436843967164000334,25,13,24
24,3530,2072711977694059281,25,13,24
24,3531,1952046400191542769,25,13,24
24,3532,6677713216620531913,25,13,24
24,3533,6297012820811575445,25,13,24
24,3534,7624563142092157002,25,13,24
24,3535,7985478067458303847,25,13,28
24,3536,9275852626587449734,25,13,28
24,3537,9167135812617082776,25,13,24
24,3538,5676503391314256411,25,13,28
24,3539,15795013665201003356,25,13,28
24,3540,15468563791130605878,25,13,24
24,3541,15029544987320666033,25,13,24
24,3542,17160831850652550833,25,13,28
24,3543,11512557117195894453,25,13,28
24,3544,178596044410185090,25,13,28
24,3545,14613585955163942966,25,13,28
24,3546,8479729353909830552,25,13,28
24,3547,4340799090559973400,25,13,28
24,3548,9484148049837219871,25,13,28
24,3549,15561595983367416605,25,13,24
24,3550,12276960283003943772,25,13,28
24,3551,2089679999076725051,25,13,28
24,3552,8797351131461949633,25,13,28
24,3553,4555481642058448138,25,13,24
24,3554,2537053080287810462,25,13,28
24,3555,12208771767728287988,25,13,24
24,3556,13798116927814549519,25,13,28
24,3557,9824258007321659078,25,13,20
24,3558,7492607541405338240,25,13,24
24,3559,6937206223023561315,25,13,24
24,3560,970817867539365334,25,13,32
24,3561,16447830312372196358,25,13,28
24,3562,13467920674771886440,25,13,24
24,3563,1071024170754543042,25,13,28
24,3564,1741535869543358993,25,13,24
24,3565,3049592449649161375,25,13,24
24,3566,17304024270244484995,25,13,24
24,3567,14747419232122599103,25,13,28
24,3568,12866867872101537642,25,13,20
24,3569,17135986621194532805,25,13,24
24,3570,401664232050228354,25,13,28
24,3571,11367426107502927702,25,13,24
24,3572,13775078784846739556,25,13,28
24,3573,15488938343900070100,25,13,24
24,3574,13055347352857936656,25,13,28
24,3575,13942371175897800331,25,13,24
24,3576,983966326752075903,25,13,24
24,3577,11648267216484586647,25,13,28
24,3578,8831875094748023661,25,13,24
24,3579,18065186052119275413,25,13,24
24,3580,6926834640656404498,25,13,28
24,3581,11699248474320400901,25,13,24
24,3582,4165969315857193324,25,13,28
24,3583,15480597291978732613,25,13,20
24,3584,11269216788440246695,25,13,28
24,3585,6302365510291252294,25,13,24
24,3586,10655912105814334607,25,13,24
24,3587,2053802091316514969,25,13,28
24,3588,7681644417706691313,25,13,28
24,3589,14141370290412298444,25,13,24
24,3590,4956956898765337271,25,13,24
24,3591,217681187016461630,25,13,28
24,3592,378176197671624736,25,13,24
24,3593,17368238527573862279,25,13,24
24,3594,3642756367314452143,25,13,32
24,3595,3333606065743791124,25,13,24
24,3596,2024638679471548766,25,13,28
24,3597,6599720107989925920,25,13,28
24,3598,1723250180748047997,25,13,24
24,3599,278749420680479819,25,13,24
24,3600,12835485203750071369,25,13,24
24,3601,16133425793131689757,25,13,28
24,3602,515564748108808179,25,13,24
24,3603,1130437956720615907,25,13,24
24,3604,7655226297482352886,25,13,20
24,3605,6013449353708363053,25,13,28
24,3606,6064238234185447008,25,13,28
24,3607,9730011327203322240,25,13,24
24,3608,3939427526325356202,25,13,28
24,3609,15113378231904574011,25,13,24
24,3610,16075390003808899006,25,13,28
24,3611,13625462381302371689,25,13,24
24,3612,2773934048538690793,25,13,28
24,3613,5336610783974109921,25,13,28
24,3614,11268850679218212546,25,13,24
24,3615,12122738103411342863,25,13,24
24,3616,3447832485614735626,25,13,28
24,3617,14205584531124502373,25,13,20
24,3618,12958967918672917233,25,13,24
24,3619,11498941852970364670,25,13,28
24,3620,11441282352799537319,25,13,28
24,3621,8705419943242911409,25,13,28
24,3622,16694748456473948111,25,13,24
24,3623,17064455072357380767,25,13,24
24,3624,15322942100189916314,25,13,24
24,3625,3888545614673405857,25,13,24
24,3626,8480997769889866664,25,13,32
24,3627,14831051873582119497,25,13,28
24,3628,12969135157631931713,25,13,28
24,3629,10204638394859410499,25,13,24
24,3630,7654958605242552716,25,13,28
24,3631,979650017509857910,25,13,24
24,3632,2924928598486090772,25,13,28
24,3633,10209222511128439443,25,13,28
24,3634,12889616847428831001,25,13,24
24,3635,9981691641622627871,25,13,28
24,3636,10906151846666195457,25,13,24
24,3637,1788564506735385499,25,13,28
24,3638,4664411481815247915,25,13,24
24,3639,12429254429072545869,25,13,28
24,3640,12779862155567104672,25,13,24
24,3641,7839815597437583989,25,13,24
24,3642,6976133207200083016,25,13,28
24,3643,7187912371915223921,25,13,24
24,3644,11677376753750105722,25,13,28
24,3645,4787837648758982345,25,13,28
24,3646,16607493221913956497,25,13,28
24,3647,1023527272996494945,25,13,24
24,3648,5433353409303050549,25,13,24
24,3649,4498852715290412745,25,13,28
24,3650,16735015835719956989,25,13,24
24,3651,5324678295162301914,25,13,24
24,3652,3228645582684455214,25,13,24
24,3653,1407343466268170146,25,13,28
24,3654,15401504825917186652,25,13,24
24,3655,16491383950713171026,25,13,28
24,3656,338952915551607573,25,13,24
24,3657,15727276187442099096,25,13,28
24,3658,3916279209697604169,25,13,24
24,3659,6937721163148269526,25,13,28
24,3660,10313701881709857860,25,13,28
24,3661,12676392669425447602,25,13,24
24,3662,2554898770859417896,25,13,28
24,3663,17892089947389366552,25,13,28
24,3664,14671876973263336904,25,13,28
24,3665,12436391569029627244,25,13,24
24,3666,9116900985329202546,25,13,28
24,3667,17258252925525868531,25,13,20
24,3668,2074892899260282131,25,13,24
24,3669,4771571529736443764,25,13,28
24,3670,9263220697340438057,25,13,24
24,3671,3281386025311290340,25,13,28
24,3672,10894450068991969552,25,13,20
24,3673,6382073770842894482,25,13,28
24,3674,11881992495883501977,25,13,28
24,3675,3616182933012137061,25,13,24
24,3676,16732502596141578773,25,13,24
24,3677,441199877336548373,25,13,24
24,3678,2165037290581461825,25,13,24
24,3679,6791524341536630672,25,13,24
24,3680,5334990882574000475,25,13,24
24,3681,16971845466202512170,25,13,24
24,3682,15450454977711843419,25,13,28
24,3683,4191428311060376949,25,13,24
24,3684,7387717467780023840,25,13,20
24,3685,17064352858663435598,25,13,24
24,3686,12485664360323054236,25,13,24
24,3687,16700207653255623613,25,13,24
24,3688,10255328825629190522,25,13,24
24,3689,15675767906896112681,25,13,20
24,3690,18106518463392414090,25,13,28
24,3691,6010821688166187657,25,13,24
24,3692,13055832537689315101,25,13,24
24,3693,3566059874786729334,25,13,24
24,3694,17156362942320571569,25,13,24
24,3695,5622868461931418499,25,13,28
24,3696,11095842017191665335,25,13,24
24,3697,13820261268638521069,25,13,24
24,3698,6026893827842387599,25,13,28
24,3699,217657405714401228,25,13,24
24,3700,5757039333931108635,25,13,24
24,3701,17986065671645827673,25,13,24
24,3702,8407520755494457433,25,13,24
24,3703,15222104424798093088,25,13,24
24,3704,6464742394612407415,25,13,24
24,3705,7173033415137580521,25,13,28
24,3706,9285084645659319717,25,13,24
24,3707,5633563799388298324,25,13,28
24,3708,2146236292611609130,25,13,28
24,3709,14108906544666512144,25,13,24
24,3710,2133170071179522485,25,13,28
24,3711,11733913367751236937,25,13,28
24,3712,4364615698915329362,25,13,28
24,3713,10894918940416469359,25,13,24
24,3714,2327167820902039302,25,13,24
24,3715,2598734382828583635,25,13,24
24,3716,5104661334124663351,25,13,24
24,3717,11169558984389897923,25,13,24
24,3718,779430333558966407,25,13,24
24,3719,969092903655003769,25,13,28
24,3720,10112147343162354660,25,13,24
24,3721,8035383804898528793,25,13,28
24,3722,4922416067592196078,25,13,28
24,3723,14143259472440135904,25,13,24
24,3724,3227647147712829547,25,13,24
24,3725,16017119834536773352,25,13,24
24,3726,12308386358019009711,25,13,28
24,3727,6167103748056168823,25,13,24
24,3728,17929324025060763386,25,13,28
24,3729,4663655500198861624,25,13,28
24,3730,11245600807154646512,25,13,24
24,3731,11962936775824142648,25,13,24
24,3732,2371888131625717283,25,13,24
24,3733,10159723401769986600,25,13,28
24,3734,18103516953272146629,25,13,24
24,3735,9756742422390286691,25,13,24
24,3736,2782819550011708162,25,13,28
24,3737,7149058493025217473,25,13,24
24,3738,8573734812141851372,25,13,28
24,3739,16303665611974871275,25,13,24
24,3740,17339073164542261073,25,13,24
24,3741,1791670018167367953,25,13,28
24,3742,4767962740276474542,25,13,24
24,3743,9786022342697100121,25,13,24
24,3744,9526911427980374468,25,13,28
24,3745,17619946853535385307,25,13,24
24,3746,6792839943776352959,25,13,28
24,3747,10866896565930891365,25,13,28
24,3748,2861212654528579370,25,13,28
24,3749,17889634294213732093,25,13,28
24,3750,15722450398601293004,25,13,28
24,3751,16498674543242006953,25,13,28
24,3752,6908046985465130319,25,13,28
24,3753,855525740275605607,25,13,28
24,3754,7442927660483564399,25,13,24
24,3755,12276626826454377711,25,13,24
24,3756,6783717756340250602,25,13,20
24,3757,15403277364453526861,25,13,24
24,3758,18445107734934882559,25,13,24
24,3759,9607356892776363212,25,13,24
24,3760,8043990546084145155,25,13,24
24,3761,5534853733304079249,25,13,28
24,3762,11292274615916625480,25,13,24
24,3763,4113545235184810670,25,13,28
24,3764,16917650197357187461,25,13,24
24,3765,3031368098219745626,25,13,28
24,3766,3697575468949924779,25,13,24
24,3767,1961050169602458874,25,13,24
24,3768,1240842032423867383,25,13,24
24,3769,6832467571267506584,25,13,24
24,3770,4692548361443526003,25,13,28
24,3771,4497072988369446141,25,13,24
24,3772,16585847856446948575,25,13,28
24,3773,12365692931711827558,25,13,28
24,3774,8848079899867701027,25,13,24
24,3775,15774584171756798688,25,13,24
24,3776,150377045938724769,25,13,20
24,3777,5893309796975001177,25,13,28
24,3778,2772065806872094074,25,13,24
24,3779,11768667779015775426,25,13,24
24,3780,9994077291202177861,25,13,28
24,3781,15670356177997306606,25,13,24
24,3782,9741111170676481826,25,13,24
24,3783,9079410559113045067,25,13,24
24,3784,4646842732752414430,25,13,24
24,3785,11501295372099955077,25,13,24
24,3786,14163674423682579876,25,13,24
24,3787,13073181494668371179,25,13,24
24,3788,13219286407877175788,25,13,28
24,3789,13292351445445103358,25,13,28
24,3790,5700866087228614635,25,13,28
24,3791,4582035172696236040,25,13,24
24,3792,15645194519462808018,25,13,28
24,3793,15605633652101577240,25,13,24
24,3794,15804207662130273791,25,13,28
24,3795,12194108573064210874,25,13,28
24,3796,1685008855638508251,25,13,28
24,3797,166182549554458562,25,13,28
24,3798,7052425273225750398,25,13,24
24,3799,3119878745136556436,25,13,28
24,3800,14947525352835939729,25,13,28
24,3801,10769082397138835432,25,13,24
24,3802,1267223060453413812,25,13,28
24,3803,4824172844214936428,25,13,24
24,3804,9337498030372090468,25,13,28
24,3805,6772094900911721321,25,13,28
24,3806,9726155205157368479,25,13,28
24,3807,12976944297034494469,25,13,24
24,3808,16383277346043021561,25,13,24
24,3809,2389827893507976176,25,13,24
24,3810,10966868301799119905,25,13,24
24,3811,9701707224200526753,25,13,24
24,3812,6941238735665955948,25,13,24
24,3813,454445156805744540,25,13,28
24,3814,13487420727622492054,25,13,28
24,3815,17469198690103127585,25,13,20
24,3816,11830228438658413770,25,13,24
24,3817,14177479329848742666,25,13,24
24,3818,6850405762128791589,25,13,28
24,3819,9138026912636274814,25,13,24
24,3820,15544122865134778195,25,13,28
24,3821,10753169266906912323,25,13,24
24,3822,4140204370854748396,25,13,24
24,3823,13524044287321430934,25,13,24
24,3824,17044166391278617478,25,13,28
24,3825,1235007656296329866,25,13,28
24,3826,2202333661360492981,25,13,24
24,3827,538231124153809171,25,13,28
24,3828,8408453888509515627,25,13,24
24,3829,6584656982063718665,25,13,24
24,3830,13190390939220863115,25,13,28
24,3831,12581945660388327823,25,13,24
24,3832,7774129423885976806,25,13,24
24,3833,1941382972065771395,25,13,24
24,3834,8556716782871239495,25,13,28
24,3835,1713611239278008792,25,13,24
24,3836,11092151747005803448,25,13,28
24,3837,18196431049523172527,25,13,28
24,3838,11078209028598910135,25,13,28
24,3839,14869169919075179032,25,13,28
24,3840,13227267629074017209,25,13,24
24,3841,14016906118691394192,25,13,28
24,3842,6615386862312185732,25,13,28
24,3843,17924467881543595132,25,13,24
24,3844,14842602857482571755,25,13,24
24,3845,13669346134708878315,25,13,24
24,3846,16519060636636479479,25,13,28
24,3847,9840876234224827049,25,13,28
24,3848,7367133485179690792,25,13,24
24,3849,4069068283631107285,25,13,28
24,3850,10903058104882752572,25,13,24
24,3851,1021277156020949346,25,13,28
24,3852,13471226803001683495,25,13,24
24,3853,13485073240890714036,25,13,24
24,3854,15403382190478625704,25,13,24
24,3855,11065368992841070312,25,13,28
24,3856,9807041070700054253,25,13,24
24,3857,6311490942848352917,25,13,28
24,3858,15060271037849902654,25,13,24
24,3859,15852613979592554801,25,13,24
24,3860,13422835054176571375,25,13,24
24,3861,2228037345701844076,25,13,20
24,3862,17351769387907908234,25,13,24
24,3863,17289902301587459105,25,13,28
24,3864,8250910633788427638,25,13,24
24,3865,2652794578161238475,25,13,24
24,3866,897601584713456598,25,13,24
24,3867,13376003463478432138,25,13,28
24,3868,1027430928430586960,25,13,24
24,3869,10261481189231756716,25,13,24
24,3870,4738498509039284110,25,13,24
24,3871,4482179763817919674,25,13,28
24,3872,18162305055884837633,25,13,32
24,3873,1351297592037407472,25,13,24
24,3874,10467113717958209333,25,13,28
24,3875,2466076568582658559,25,13,20
24,3876,5817228417848330220,25,13,24
24,3877,14694052930899405769,25,13,24
24,3878,11406341771032127827,25,13,28
24,3879,18269811612484118482,25,13,24
24,3880,8191521809452453811,25,13,28
24,3881,6894846354656373408,25,13,24
24,3882,10631214147239016387,25,13,28
24,3883,14351517048942881378,25,13,28
24,3884,13415316718937111560,25,13,28
24,3885,4281596203931497472,25,13,24
24,3886,585415719662361474,25,13,24
24,3887,2194322692552885856,25,13,28
24,3888,12890801914722072648,25,13,24
24,3889,14103472886998090620,25,13,24
24,3890,9993447249745687002,25,13,24
24,3891,10664265584901172102,25,13,24
24,3892,6404534062784039362,25,13,24
24,3893,17185379028969134135,25,13,28
24,3894,18302497883897258813,25,13,28
24,3895,14642096923452842142,25,13,24
24,3896,8316163364151915049,25,13,24
24,3897,2121937997923325277,25,13,24
24,3898,8783989107994577016,25,13,28
24,3899,3990992327885472259,25,13,24
24,3900,9447454466830151219,25,13,24
24,3901,11728495748503653012,25,13,24
24,3902,11976595475461747466,25,13,28
24,3903,15159355069719905715,25,13,24
24,3904,4725392295164914790,25,13,28
24,3905,8213931021497727217,25,13,24
24,3906,12954608573238122547,25,13,24
24,3907,5909519707105258534,25,13,28
24,3908,4683134622559359807,25,13,24
24,3909,376629504760462168,25,13,20
24,3910,10999264031599523934,25,13,28
24,3911,18130032883281202296,25,13,24
24,3912,7957440146494102086,25,13,32
24,3913,9262354498614498148,25,13,24
24,3914,7738012781189459453,25,13,28
24,3915,5903629959796626267,25,13,24
24,3916,7615764017776325269,25,13,24
24,3917,6626759530009063818,25,13,24
24,3918,754881059226041616,25,13,24
24,3919,3573260594973295301,25,13,24
24,3920,10207958587324921745,25,13,24
24,3921,14143813134652731594,25,13,24
24,3922,14410763148808349971,25,13,28
24,3923,2137136712132083731,25,13,24
24,3924,6808910289031546290,25,13,24
24,3925,13979210610820603836,25,13,28
24,3926,9707226012876214487,25,13,28
24,3927,7052397190409260320,25,13,24
24,3928,848593318363554498,25,13,28
24,3929,15798722228021569550,25,13,24
24,3930,10036758963157479633,25,13,28
24,3931,8284208807890607825,25,13,24
24,3932,14486923166033221971,25,13,24
24,3933,9102837087930740637,25,13,24
24,3934,6111260984990101809,25,13,28
24,3935,13383820076024966938,25,13,24
24,3936,11250741480026937379,25,13,24
24,3937,7376540279627460500,25,13,28
24,3938,1914927960090575767,25,13,28
24,3939,13024354861729636294,25,13,28
24,3940,11366883271999652528,25,13,24
24,3941,13716202403258381667,25,13,28
24,3942,9702637893627033861,25,13,24
24,3943,16722744346698533568,25,13,28
24,3944,17382322437842034414,25,13,24
24,3945,5040305843187022974,25,13,24
24,3946,16473618871283470652,25,13,24
24,3947,2261281630311391837,25,13,28
24,3948,17898280252236338816,25,13,24
24,3949,10484925066693026885,25,13,24
24,3950,16810868043879045585,25,13,24
24,3951,9102153054728076398,25,13,24
24,3952,16366310448622268624,25,13,24
24,3953,9112011808692572916,25,13,24
24,3954,15196056551338609016,25,13,28
24,3955,2719962843594685797,25,13,28
24,3956,17156756053353873653,25,13,24
24,3957,9026218542105617658,25,13,24
24,3958,1608544602065902837,25,13,24
24,3959,12248983117625472092,25,13,24
24,3960,1251842987122134844,25,13,24
24,3961,3105906958245415224,25,13,28
24,3962,17996712424008671894,25,13,28
24,3963,17847039427463078143,25,13,24
24,3964,786250494069490021,25,13,28
24,3965,9399532591362560334,25,13,24
24,3966,14150780586618346949,25,13,24
24,3967,10338535116627045042,25,13,24
24,3968,14303167836211409632,25,13,28
24,3969,12681618593583301335,25,13,32
24,3970,4539194008119430038,25,13,24
24,3971,4383093287428084262,25,13,24
24,3972,8148031639512944654,25,13,24
24,3973,6751539397638610583,25,13,24
24,3974,339472307839460635,25,13,24
24,3975,38339217740334735,25,13,24
24,3976,15524186146737997044,25,13,24
24,3977,7933243213217111448,25,13,28
24,3978,18420649712142519816,25,13,20
24,3979,7431453529620126918,25,13,28
24,3980,11711125477613098755,25,13,24
24,3981,16569463614917101939,25,13,24
24,3982,5341192747647560988,25,13,28
24,3983,16028005878500020950,25,13,24
24,3984,14585906456498327602,25,13,24
24,3985,3821787784934337781,25,13,28
24,3986,18088219883269192344,25,13,28
24,3987,12518927624449759239,25,13,24
24,3988,5797234421769529664,25,13,24
24,3989,10417064964992084884,25,13,28
24,3990,11272210066768346190,25,13,28
24,3991,6891556771557444634,25,13,20
24,3992,1124248492487549037,25,13,28
24,3993,16698652704884667682,25,13,24
24,3994,3309597794581559423,25,13,24
24,3995,310737450732169835,25,13,24
24,3996,7309361970641569578,25,13,24
24,3997,1266710064636787493,25,13,28
24,3998,3946920234692534920,25,13,28
24,3999,1851334350033169173,25,13,28
24,4000,8958458967115177213,25,13,24
32,1,2834817496677317099,33,17,32
32,2,3637411666919297226,33,17,28
32,3,2061389348202217221,33,17,32
32,4,11837124012256176385,33,17,32
32,5,1506269350372889461,33,17,36
32,6,7631004886422814476,33,17,36
32,7,13679062330971572919,33,17,36
32,8,17504339244388908971,33,17,32
32,9,4847896548539060994,33,17,32
32,10,3086325194565196707,33,17,28
32,11,7081266904752224443,33,17,32
32,12,7177583739387429952,33,17,36
32,13,13188206373131134583,33,17,32
32,14,6552076258404417388,33,17,32
32,15,12676973514634505472,33,17,36
32,16,5263186814309951344,33,17,28
32,17,6034250493142672022,33,17,36
32,18,5010993770096002157,33,17,32
32,19,11319010755973910103,33,17,36
32,20,4025311397705645014,33,17,32
32,21,12155189554178359452,33,17,32
32,22,321391207422421665,33,17,36
32,23,14942085426575911781,33,17,36
32,24,10951304992773184388,33,17,36
32,25,7336239434529950436,33,17,32
32,26,42306548373144494,33,17,36
32,27,17354170184206769587,33,17,36
32,28,10709091271245848962,33,17,36
32,29,18183086105770044865,33,17,32
32,30,6895915620429034710,33,17,32
32,31,12169892322456216302,33,17,32
32,32,2611627565302815678,33,17,32
32,33,8900006897604938475,33,17,36
32,34,6230669605626222279,33,17,28
32,35,2702162544813983094,33,17,32
32,36,7217623705544643991,33,17,32
32,37,501644113578451152,33,17,36
32,38,3970761041868160022,33,17,32
32,39,18428922798833635437,33,17,32
32,40,7693425854380284339,33,17,32
32,41,15291796777094498590,33,17,36
32,42,11668306537801567569,33,17,36
32,43,7502516376362088944,33,17,36
32,44,2844241104624855572,33,17,32
32,45,7583930134300919582,33,17,32
32,46,16662927278542886169,33,17,32
32,47,12310335941842497798,33,17,32
32,48,341697137252144737,33,17,36
32,49,11625912000939004151,33,17,32
32,50,4656818797144090955,33,17,36
32,51,16498943001255883536,33,17,32
32,52,2007182806964145127,33,17,32
32,53,13558152355669721063,33,17,32
32,54,9940825030436132149,33,17,36
32,55,11771016684014038026,33,17,32
32,56,17679976870077986182,33,17,36
32,57,8205434063249561837,33,17,32
32,58,11286014379835679950,33,17,32
32,59,11228612553690142913,33,17,32
32,60,11002470403871846262,33,17,32
32,61,7569294860965360952,33,17,32
32,62,14994443832670108506,33,17,32
32,63,5999912566255087771,33,17,36
32,64,4842908371417113374,33,17,28
32,65,3054819035665029475,33,17,32
32,66,6853327882402058580,33,17,36
32,67,2185992014864375072,33,17,36
32,68,14663714586506949656,33,17,32
32,69,7603568369616279952,33,17,36
32,70,13471706555744713669,33,17,32
32,71,2522507241854118914,33,17,32
32,72,14930115053901789122,33,17,32
32,73,819367680044942900,33,17,32
32,74,9237705349840277185,33,17,32
32,75,11332166728852929978,33,17,36
32,76,7714589288921308679,33,17,32
32,77,8853333073170460118,33,17,36
32,78,3082909833982383757,33,17,32
32,79,2791907393692296326,33,17,32
32,80,8264102990252517824,33,17,32
32,81,957603043671715910,33,17,36
32,82,14961682965852838294,33,17,28
32,83,2766308164699938439,33,17,32
32,84,1143351618622742853,33,17,32
32,85,17917620818931110935,33,17,32
32,86,10857149414260902613,33,17,36
32,87,9699648320654293498,33,17,32
32,88,16058612539585165205,33,17,36
32,89,3315924881600426262,33,17,32
32,90,2054753642304627569,33,17,36
32,91,4389885180831780237,33,17,36
32,92,8336733254986034576,33,17,32
32,93,10873059585254723339,33,17,36
32,94,8100463146442939525,33,17,36
32,95,10148760850075484159,33,17,32
32,96,12142891844311219805,33,17,32
32,97,11196860016844727408,33,17,36
32,98,12820291609101113762,33,17,36
32,99,12455928300547976230,33,17,36
32,100,12988898721356880099,33,17,32
32,101,9590373560996953915,33,17,28
32,102,15434099465169803597,33,17,36
32,103,2550197198657722773,33,17,32
32,104,17342688037591485928,33,17,36
32,105,12572097222062016400,33,17,36
32,106,11539065043569618661,33,17,32
32,107,4771551612000549908,33,17,32
32,108,17560814886375653547,33,17,32
32,109,16071170751751883827,33,17,32
32,110,9783606602241936948,33,17,32
32,111,10992581895505742267,33,17,32
32,112,11508039171716181251,33,17,32
32,113,210707870819107543,33,17,36
32,114,6881050160419107554,33,17,40
32,115,12215833981176810473,33,17,32
32,116,7299271896021203481,33,17,32
32,117,1042511378016959676,33,17,32
32,118,18211652857977960154,33,17,32
32,119,3126305305589614923,33,17,32
32,120,6869478103698550745,33,17,36
32,121,5245885488478776928,33,17,32
32,122,14103581815583197578,33,17,36
32,123,4002845074231637246,33,17,32
32,124,15683644683529646402,33,17,40
32,125,3493987777413762561,33,17,32
32,126,713875629388642612,33,17,36
32,127,7857420050769447660,33,17,32
32,128,647551307030683216,33,17,36
32,129,17720150585451421202,33,17,36
32,130,14574955580825312279,33,17,36
32,131,18012080568636246572,33,17,32
32,132,8893564269964436031,33,17,36
32,133,1924035866523260815,33,17,36
32,134,3095517197578688053,33,17,36
32,135,17778665848408274147,33,17,32
32,136,9403733870612001108,33,17,36
32,137,16825978830311920417,33,17,28
32,138,17231102634058992747,33,17,36
32,139,17242096336898712318,33,17,36
32,140,7261053356057593516,33,17,36
32,141,2066536914832827932,33,17,36
32,142,13675865050922804749,33,17,36
32,143,16596786947293149601,33,17,32
32,144,1918286581400654993,33,17,32
32,145,9769129140278080190,33,17,32
32,146,13235435240158243666,33,17,36
32,147,8221070333844800387,33,17,32
32,148,16189888890719152940,33,17,36
32,149,1886148680008292903,33,17,36
32,150,7577430743703210290,33,17,32
32,151,11921771762218985904,33,17,36
32,152,986000575082923083,33,17,32
32,153,11910999310977368826,33,17,36
32,154,9056015625107201094,33,17,32
32,155,6304456733839795089,33,17,36
32,156,2254638437379455222,33,17,32
32,157,5988178406934385604,33,17,32
32,158,747529164908480315,33,17,36
32,159,15571537111653319190,33,17,36
32,160,5989297517533194089,33,17,36
32,161,785522605500781624,33,17,36
32,162,12992593557305269943,33,17,36
32,163,2973820493503016839,33,17,36
32,164,15845023327689287854,33,17,36
32,165,12337765945895840387,33,17,32
32,166,5085208765688417457,33,17,36
32,167,3520050400768949988,33,17,32
32,168,12182075009534464712,33,17,36
32,169,2857712793381982224,33,17,32
32,170,15844804743707718006,33,17,32
32,171,11697098383637812965,33,17,36
32,172,17482446119952441606,33,17,32
32,173,9430561364633861215,33,17,36
32,174,11795068782437409739,33,17,36
32,175,11405882199649027774,33,17,36
32,176,11548748914172308217,33,17,36
32,177,8447077126691845166,33,17,28
32,178,16064916129195933405,33,17,32
32,179,1553486826007672289,33,17,36
32,180,11711388945574652156,33,17,36
32,181,5395718719490492506,33,17,36
32,182,16152268254434781223,33,17,36
32,183,9264912619921790226,33,17,36
32,184,8151557376196891622,33,17,32
32,185,13408194831759038077,33,17,32
32,186,10047499303738687216,33,17,32
32,187,506695302958378500,33,17,32
32,188,14508574682332224179,33,17,40
32,189,2224355442822780668,33,17,36
32,190,12923122153963277692,33,17,36
32,191,7039603124852834476,33,17,32
32,192,13032169222614363103,33,17,32
32,193,2034325287036152653,33,17,32
32,194,13869980251696603056,33,17,36
32,195,36829970797940847,33,17,32
32,196,11247672935924779755,33,17,32
32,197,1136229481373823738,33,17,36
32,198,7040945045802300058,33,17,32
32,199,4835170185645169013,33,17,40
32,200,9839027875189805569,33,17,36
32,201,5639612915891176304,33,17,36
32,202,6696837081288781729,33,17,32
32,203,17627323089771354661,33,17,32
32,204,17565153618775586587,33,17,32
32,205,6358909759680616976,33,17,36
32,206,8592996374773842229,33,17,32
32,207,12632666475021525085,33,17,32
32,208,8666171184094572093,33,17,36
32,209,8106097482224923150,33,17,36
32,210,9819150348274764391,33,17,32
32,211,1275433374747604736,33,17,36
32,212,7927315768933443248,33,17,36
32,213,11437309826474490199,33,17,32
32,214,1561181678496138777,33,17,36
32,215,9280655274723000921,33,17,32
32,216,9801966588273839644,33,17,36
32,217,16027566088915716226,33,17,32
32,218,744570340833824561,33,17,36
32,219,925658524863805314,33,17,36
32,220,18367148224797204681,33,17,32
32,221,15983789632064011490,33,17,32
32,222,7704259651524008787,33,17,32
32,223,9023495964944774315,33,17,28
32,224,16871501221723946591,33,17,32
32,225,15463464595219124025,33,17,36
32,226,208323771867673167,33,17,36
32,227,281680346542154245,33,17,36
32,228,4679223389385766959,33,17,36
32,229,8794023740252610670,33,17,36
32,230,12867262348407778118,33,17,32
32,231,11775518852741152988,33,17,36
32,232,4703644019783276653,33,17,32
32,233,9420526065681229182,33,17,32
32,234,6527132199578754054,33,17,36
32,235,10310844937654326250,33,17,36
32,236,4464413965198753440,33,17,32
32,237,4893006369283010670,33,17,32
32,238,11397649847008804450,33,17,32
32,239,862248501307850627,33,17,40
32,240,13723870258375424763,33,17,36
32,241,13825216586459518836,33,17,32
32,242,6718122170871147451,33,17,32
32,243,15489749887497817909,33,17,32
32,244,18301135307776682213,33,17,36
32,245,15822130204252196818,33,17,36
32,246,14401263450357029616,33,17,36
32,247,347449751877829623,33,17,36
32,248,14831151811718741291,33,17,32
32,249,12019248779563367190,33,17,32
32,250,4594114289495755291,33,17,36
32,251,15904602360518492099,33,17,36
32,252,4185095271748817446,33,17,36
32,253,2125693280244387350,33,17,32
32,254,8376213705324044106,33,17,40
32,255,14334969414565103306,33,17,32
32,256,14189109720594728944,33,17,36
32,257,305580478570769955,33,17,36
32,258,6014463275637226279,33,17,32
32,259,7292397427121370666,33,17,28
32,260,2321126743264869136,33,17,36
32,261,7868052339676925107,33,17,36
32,262,3567211475037565108,33,17,32
32,263,16801656844361966568,33,17,36
32,264,17583192543148558560,33,17,32
32,265,9728712174165825188,33,17,36
32,266,17773576388394072393,33,17,36
32,267,2829759520458001257,33,17,32
32,268,4904606902704841650,33,17,36
32,269,17659645769976780322,33,17,36
32,270,18102021884649206130,33,17,36
32,271,15396168012426208807,33,17,36
32,272,1296201292508093727,33,17,32
32,273,11944090650523641262,33,17,32
32,274,9075490983202035185,33,17,32
32,275,12812495830242816516,33,17,32
32,276,4672384041305961678,33,17,36
32,277,3363041570809520683,33,17,36
32,278,2267353512933132839,33,17,36
32,279,13713741779632726570,33,17,36
32,280,4880403625966873113,33,17,32
32,281,3068470468647037145,33,17,36
32,282,10028148138194765856,33,17,32
32,283,11500128885472914289,33,17,32
32,284,7543002739791928963,33,17,32
32,285,17794943840583110696,33,17,32
32,286,17068215962925466742,33,17,36
32,287,2357294503240087079,33,17,32
32,288,5806460976213072787,33,17,36
32,289,14242785922745306001,33,17,36
32,290,16235428473282833460,33,17,32
32,291,11772932914284066401,33,17,32
32,292,1272257847983368562,33,17,40
32,293,5084355924839330951,33,17,32
32,294,11176114111795758943,33,17,32
32,295,889433596943491243,33,17,32
32,296,10940588103006997851,33,17,36
32,297,527855025230789327,33,17,32
32,298,7981547091127670472,33,17,36
32,299,14757866951652552287,33,17,32
32,300,10782575507507931742,33,17,36
32,301,15745344545399146549,33,17,36
32,302,11105856307137502395,33,17,32
32,303,3121583834116922797,33,17,36
32,304,10985279885753557558,33,17,36
32,305,10742837829008412871,33,17,36
32,306,6823366262252124962,33,17,36
32,307,778189443505231403,33,17,32
32,308,7037245118931084388,33,17,32
32,309,16948907516148207835,33,17,32
32,310,17075888158006187817,33,17,36
32,311,5166846730219859461,33,17,32
32,312,12643323232482283134,33,17,36
32,313,2655423763552260871,33,17,32
32,314,12318998275118024686,33,17,36
32,315,1057776141103806568,33,17,36
32,316,5485821022278561038,33,17,32
32,317,9223686943557671676,33,17,32
32,318,16522656222564408294,33,17,36
32,319,16097801551812457122,33,17,32
32,320,9951756144465629150,33,17,32
32,321,4495296162651620388,33,17,36
32,322,10200235067948884520,33,17,32
32,323,5436290321685546388,33,17,36
32,324,17586295730815360724,33,17,32
32,325,15210694641056436929,33,17,36
32,326,16156925092098578621,33,17,32
32,327,14325418794185584794,33,17,36
32,328,5905852450804572072,33,17,32
32,329,147372316587291688,33,17,32
32,330,17118812741800094968,33,17,32
32,331,10771129913438710260,33,17,32
32,332,2084910090454673616,33,17,32
32,333,10582704365731133458,33,17,32
32,334,13397916650763604834,33,17,32
32,335,1884034232010626488,33,17,36
32,336,16942469660088465287,33,17,36
32,337,13314656797557444445,33,17,32
32,338,1274367877703984732,33,17,36
32,339,12048742789316584350,33,17,32
32,340,3686333643870658298,33,17,36
32,341,9108294674120228966,33,17,36
32,342,4602074367365179648,33,17,36
32,343,13212951140552901912,33,17,32
32,344,6589213175944826556,33,17,32
32,345,2310778013981521913,33,17,32
32,346,2591304160112301682,33,17,36
32,347,2242920908676253999,33,17,36
32,348,16201954657379321313,33,17,36
32,349,156315583216445534,33,17,32
32,350,5575690952102147870,33,17,36
32,351,15631766387277688696,33,17,32
32,352,6649027253202715011,33,17,32
32,353,10259347710238664609,33,17,36
32,354,703887278179693438,33,17,32
32,355,8728966541404695182,33,17,36
32,356,5384819544070518033,33,17,36
32,357,4098341564602107804,33,17,32
32,358,6263813664019028876,33,17,32
32,359,13025435792050084969,33,17,32
32,360,4551282517229438119,33,17,36
32,361,5986783787385375223,33,17,32
32,362,16156397826561463799,33,17,32
32,363,14973320814757417056,33,17,36
32,364,9213727794881865240,33,17,32
32,365,11026260172302857210,33,17,28
32,366,16590087813481901694,33,17,36
32,367,2239670209230415645,33,17,36
32,368,7244710511154723131,33,17,36
32,369,8789215918563848010,33,17,32
32,370,18423209936960184134,33,17,32
32,371,17420439773873097773,33,17,36
32,372,16439216573989169358,33,17,28
32,373,3722240939222538731,33,17,36
32,374,9182452046571731488,33,17,36
32,375,10940746980985347397,33,17,36
32,376,4928488200387325899,33,17,32
32,377,16015793508006776825,33,17,36
32,378,8697869907777319805,33,17,36
32,379,11729502787057649202,33,17,36
32,380,11414980404403272770,33,17,36
32,381,15484899256852160308,33,17,40
32,382,9378394491123129568,33,17,32
32,383,4965188374817377311,33,17,32
32,384,9385892220615819084,33,17,36
32,385,14292662674451135598,33,17,32
32,386,7126849028035352674,33,17,32
32,387,4811936905967164138,33,17,32
32,388,1229961550803720505,33,17,36
32,389,14098711879339403412,33,17,32
32,390,8191758715901086778,33,17,36
32,391,2815997834823970039,33,17,32
32,392,1823233520159028017,33,17,28
32,393,17157852050176853161,33,17,36
32,394,296846614753322819,33,17,40
32,395,11388114768826503355,33,17,32
32,396,8251336440892814133,33,17,32
32,397,3395787380594654577,33,17,36
32,398,17196637763223777615,33,17,32
32,399,16187503046987519626,33,17,32
32,400,4265089689312209789,33,17,28
32,401,12700364161987173134,33,17,32
32,402,16280917857612774969,33,17,36
32,403,6066237874938184364,33,17,32
32,404,1568607753194124713,33,17,36
32,405,14642054416677432691,33,17,36
32,406,6750134598461397550,33,17,32
32,407,5507930077678891139,33,17,36
32,408,10897046140063848875,33,17,28
32,409,8509721740917786553,33,17,36
32,410,1717169872857401899,33,17,36
32,411,1194433866594808695,33,17,32
32,412,4264945602226720941,33,17,28
32,413,12676094813989117351,33,17,40
32,414,17440385538697775644,33,17,36
32,415,2583979841373147313,33,17,36
32,416,15467413647404656220,33,17,36
32,417,8024210053224179306,33,17,36
32,418,5861699595510214141,33,17,36
32,419,16340307350883307767,33,17,32
32,420,5693753627661173846,33,17,32
32,421,17029454885526170010,33,17,32
32,422,5752557193974949358,33,17,36
32,423,11925580674781989076,33,17,36
32,424,16013117879240360479,33,17,28
32,425,8719701327607795212,33,17,32
32,426,2780885705946895748,33,17,32
32,427,16746332017602013014,33,17,36
32,428,4935504123545418518,33,17,32
32,429,14212228827212799843,33,17,36
32,430,5854416432302279057,33,17,36
32,431,184935327510094675,33,17,28
32,432,4208658450188769702,33,17,36
32,433,1992231023072808923,33,17,32
32,434,6932463784770582716,33,17,32
32,435,11812007458240968789,33,17,36
32,436,16423501072672329799,33,17,36
32,437,8745446968719973981,33,17,36
32,438,18056571773939191362,33,17,32
32,439,3810262706775179648,33,17,32
32,440,10602284843719465456,33,17,32
32,441,4876557967595934773,33,17,32
32,442,1458902641764235332,33,17,36
32,443,16844704339175110217,33,17,36
32,444,5866701325456167233,33,17,32
32,445,4116225291182333947,33,17,36
32,446,9698272685541191710,33,17,28
32,447,6296870588485887737,33,17,40
32,448,2634955981670335221,33,17,32
32,449,16309413565641641221,33,17,36
32,450,10288339920708363941,33,17,36
32,451,2812866233716412699,33,17,28
32,452,16794449956752074276,33,17,32
32,453,14393299368459585978,33,17,36
32,454,299914215773600559,33,17,32
32,455,9303704150859842055,33,17,32
32,456,12570942019413897933,33,17,32
32,457,17026096640616299967,33,17,32
32,458,16947428039904587192,33,17,32
32,459,12594399915912296617,33,17,32
32,460,9978538269724370542,33,17,32
32,461,14606684637047665108,33,17,32
32,462,4978479095508480085,33,17,32
32,463,4420746520262899393,33,17,36
32,464,344035757649539632,33,17,36
32,465,13007872673686785073,33,17,36
32,466,15992719803067574628,33,17,32
32,467,11424164514597975189,33,17,36
32,468,5993966468356986624,33,17,32
32,469,14074179726790539480,33,17,32
32,470,413033465652255138,33,17,32
32,471,10727144013828019114,33,17,32
32,472,11508640799525243721,33,17,32
32,473,1209669111817197074,33,17,40
32,474,936615550685937462,33,17,32
32,475,12376390877818411341,33,17,36
32,476,17584151493849559554,33,17,32
32,477,10520866220758537778,33,17,32
32,478,1880093034756818038,33,17,36
32,479,13044348177910652174,33,17,40
32,480,10376706611996149642,33,17,36
32,481,15812597747402040742,33,17,32
32,482,15354505977256884874,33,17,36
32,483,10865928560665805942,33,17,32
32,484,7559090245340098735,33,17,32
32,485,9130943920618837661,33,17,36
32,486,10171708271718097867,33,17,36
32,487,4374502365960736967,33,17,36
32,488,5275258731978454349,33,17,32
32,489,1353051909788406941,33,17,32
32,490,5993182922153916506,33,17,36
32,491,14257274114572339345,33,17,36
32,492,848611091742379059,33,17,32
32,493,9607363413017599641,33,17,36
32,494,7067861873868450198,33,17,32
32,495,18259745152352228106,33,17,36
32,496,1142743305300383046,33,17,32
32,497,1225991717761245442,33,17,36
32,498,6752676518007415959,33,17,36
32,499,16604808088584870881,33,17,32
32,500,6894025276253404933,33,17,36
32,501,7122163570989182563,33,17,32
32,502,8838024296712715513,33,17,36
32,503,9864055266179353949,33,17,36
32,504,15485964509506807966,33,17,32
32,505,7059282314489644604,33,17,36
32,506,11033779332583551430,33,17,32
32,507,6493319461348915183,33,17,40
32,508,590270475173332751,33,17,28
32,509,11483076322583474175,33,17,36
32,510,11612808377965105370,33,17,36
32,511,4605655540493704465,33,17,32
32,512,16597903010156312736,33,17,32
32,513,8189720204266452390,33,17,32
32,514,14344561877999480104,33,17,32
32,515,11923884417878967682,33,17,36
32,516,12948043869450426112,33,17,36
32,517,4093513237043122672,33,17,36
32,518,10635987621027739615,33,17,32
32,519,15991139186708118594,33,17,32
32,520,4914747878871758991,33,17,36
32,521,2553445577337866536,33,17,32
32,522,8276668874532128437,33,17,32
32,523,15068700373287279418,33,17,36
32,524,2374222621383136711,33,17,36
32,525,969342710432838160,33,17,36
32,526,18091648337033535521,33,17,28
32,527,1270342929379520811,33,17,36
32,528,9907476578319595394,33,17,36
32,529,2173920916761349564,33,17,36
32,530,16789167452681016238,33,17,32
32,531,2281195295446068455,33,17,36
32,532,15819739002352354598,33,17,32
32,533,15956619847303172115,33,17,36
32,534,3536755349939230209,33,17,32
32,535,9621194553502977390,33,17,32
32,536,14876314500770745832,33,17,36
32,537,12419739400825770875,33,17,36
32,538,173479025931190701,33,17,36
32,539,1147914862094380725,33,17,32
32,540,8193599915757858813,33,17,32
32,541,17304980981567199760,33,17,36
32,542,7188160869232475374,33,17,32
32,543,15908317619689172911,33,17,36
32,544,9832156723598160938,33,17,36
32,545,14300423240501723325,33,17,36
32,546,464705138051719853,33,17,32
32,547,4862514939659183549,33,17,28
32,548,7806910775482296841,33,17,36
32,549,12458653871481238995,33,17,36
32,550,4731155889856913527,33,17,32
32,551,16959737928202319717,33,17,32
32,552,5594371810524925441,33,17,32
32,553,2177108585415801842,33,17,36
32,554,4321180308965916049,33,17,32
32,555,2583646651280211410,33,17,36
32,556,12606813212749830848,33,17,28
32,557,17177467323371988615,33,17,32
32,558,17872576622970121761,33,17,28
32,559,3726877773914624106,33,17,36
32,560,2547660502075999087,33,17,32
32,561,12654261835482710406,33,17,36
32,562,17391463453704990681,33,17,36
32,563,1845795902642180811,33,17,32
32,564,10233662640453475961,33,17,32
32,565,5124983231713053349,33,17,32
32,566,7890548181604315315,33,17,32
32,567,12014743080888499942,33,17,32
32,568,809907307525123,33,17,36
32,569,5221006632326472399,33,17,36
32,570,10894388518449017216,33,17,36
32,571,4563111362680914332,33,17,32
32,572,12628911226916607742,33,17,36
32,573,14512789196892008726,33,17,36
32,574,7352405436207707440,33,17,32
32,575,6070081668581012144,33,17,36
32,576,5866187511803902664,33,17,36
32,577,12739101572394373026,33,17,36
32,578,9865349335025100509,33,17,32
32,579,3470783892025189766,33,17,36
32,580,12284796111185449440,33,17,32
32,581,9926069270617291065,33,17,36
32,582,16304494430588790328,33,17,36
32,583,766119464204182258,33,17,32
32,584,15934489546509767587,33,17,36
32,585,8632055652187269660,33,17,36
32,586,15635557824157786992,33,17,36
32,587,2823905109301901877,33,17,32
32,588,16721174759781576162,33,17,32
32,589,6428616944924499848,33,17,32
32,590,13729997017048016872,33,17,32
32,591,9582127820320237550,33,17,36
32,592,16354368011676565130,33,17,36
32,593,2608304774009757114,33,17,36
32,594,3774618825936085319,33,17,36
32,595,5135000784800198022,33,17,32
32,596,8188421522774039356,33,17,32
32,597,5517335934561433709,33,17,32
32,598,10312383737084861005,33,17,32
32,599,6298917563597748346,33,17,36
32,600,12633553787935097494,33,17,32
32,601,7761946041458920189,33,17,32
32,602,2021313591744462166,33,17,28
32,603,4733077520242587526,33,17,32
32,604,3996853248108802871,33,17,36
32,605,10411851174505209409,33,17,36
32,606,7382642926081310924,33,17,36
32,607,7540173007143791029,33,17,36
32,608,12698707499138084121,33,17,36
32,609,17907172534737740667,33,17,32
32,610,18380871703171314189,33,17,32
32,611,18090472552583815875,33,17,32
32,612,7661234642793196565,33,17,36
32,613,10762667002560916967,33,17,36
32,614,1269714306364955419,33,17,32
32,615,6367774550385750311,33,17,36
32,616,11892807998884025472,33,17,32
32,617,5982666037589233948,33,17,36
32,618,14942576147358512721,33,17,28
32,619,4258630299540362591,33,17,36
32,620,2899259356264875855,33,17,32
32,621,7609913977776124435,33,17,32
32,622,3595685332697623720,33,17,36
32,623,12595365886133177777,33,17,32
32,624,9796070720791244748,33,17,32
32,625,4555428326089277261,33,17,32
32,626,12733855197179679969,33,17,32
32,627,16293060739028997641,33,17,32
32,628,464314198524928215,33,17,32
32,629,2350180802726518896,33,17,36
32,630,2723162311608431924,33,17,36
32,631,10989886691922265524,33,17,36
32,632,9031807837390009291,33,17,36
32,633,14734466240746694540,33,17,32
32,634,1875103750867165857,33,17,32
32,635,1162387882697650717,33,17,36
32,636,7910313753355535692,33,17,36
32,637,4084616665334038018,33,17,36
32,638,5639339001020540877,33,17,36
32,639,7056764611418057223,33,17,32
32,640,5917134787267850756,33,17,36
32,641,15394160203012266894,33,17,32
32,642,89530452462814379,33,17,32
32,643,8437146136860567140,33,17,32
32,644,17392301647254681648,33,17,40
32,645,17728036994931976783,33,17,36
32,646,12040657892468668592,33,17,32
32,647,2952061232015224298,33,17,32
32,648,8493059931350209330,33,17,32
32,649,11554622170605404929,33,17,36
32,650,17429888716793569090,33,17,28
32,651,11262226345454648369,33,17,40
32,652,307021026618174556,33,17,36
32,653,5361661740080732941,33,17,36
32,654,18055645682522950587,33,17,36
32,655,11101869500109648875,33,17,32
32,656,17174087791285313005,33,17,36
32,657,7149305636729401032,33,17,36
32,658,17741099061101342276,33,17,36
32,659,5228503483771960280,33,17,36
32,660,5066383315366243019,33,17,36
32,661,1854965028475799483,33,17,36
32,662,7879378878830874462,33,17,32
32,663,9983673688819313553,33,17,36
32,664,17562099611350854286,33,17,32
32,665,16336248314180929699,33,17,36
32,666,15875663045995730300,33,17,32
32,667,8743194604791733251,33,17,32
32,668,452603716362960138,33,17,32
32,669,16887705647339832955,33,17,32
32,670,14612103684782136278,33,17,36
32,671,766635929273010395,33,17,32
32,672,6185873972901903579,33,17,36
32,673,17601138260063215826,33,17,32
32,674,2785052079854958335,33,17,32
32,675,17254637826237738430,33,17,36
32,676,2700877701979817321,33,17,36
32,677,12268130745053337735,33,17,40
32,678,18060280037753421392,33,17,32
32,679,13263917271739437164,33,17,36
32,680,3796040613058036633,33,17,36
32,681,5185916949816090975,33,17,36
32,682,3114273719015080648,33,17,36
32,683,7276114182267021164,33,17,36
32,684,7749102364985541667,33,17,36
32,685,13889418593715450326,33,17,36
32,686,5013500617803658841,33,17,32
32,687,6728312599817669481,33,17,36
32,688,17506017415858449662,33,17,32
32,689,9188126606224261311,33,17,32
32,690,16978245980496699954,33,17,32
32,691,2077248298564352462,33,17,32
32,692,8941383836932242759,33,17,36
32,693,12208607080467039441,33,17,32
32,694,1370707451331812998,33,17,36
32,695,7112857265616539803,33,17,40
32,696,7522951415012792939,33,17,36
32,697,5688499397762173427,33,17,36
32,698,4952955314814495914,33,17,32
32,699,8006107789030214350,33,17,36
32,700,11198681763400357724,33,17,36
32,701,11296124595643372520,33,17,36
32,702,14406953897134777045,33,17,32
32,703,633620834256567596,33,17,36
32,704,17325650851761395145,33,17,36
32,705,6869005365731162140,33,17,36
32,706,7840452327538370683,33,17,32
32,707,12586020229595703836,33,17,36
32,708,1699899228002918079,33,17,32
32,709,2111705543859510329,33,17,32
32,710,10001486407194376127,33,17,32
32,711,4781731747790213414,33,17,36
32,712,5560110799711855553,33,17,36
32,713,75669421587935687,33,17,32
32,714,14609669628496938425,33,17,36
32,715,5542069125049425155,33,17,36
32,716,5332635026321708177,33,17,36
32,717,9087366442697160737,33,17,32
32,718,7133244461587229164,33,17,32
32,719,2676554653462317335,33,17,32
32,720,14421063727306563929,33,17,36
32,721,16348098568359487259,33,17,32
32,722,551969729227319694,33,17,36
32,723,2005858529086289091,33,17,32
32,724,5529286042875261128,33,17,32
32,725,9421182334899564907,33,17,32
32,726,15457570227871550129,33,17,36
32,727,998760976272346686,33,17,32
32,728,926604725160753026,33,17,32
32,729,10802435179422709546,33,17,32
32,730,3739911041223499626,33,17,32
32,731,16635859377327410570,33,17,28
32,732,7512413235316089646,33,17,36
32,733,1764779458133769841,33,17,32
32,734,16542850238758555379,33,17,36
32,735,15243874634170838033,33,17,36
32,736,4517123367466499579,33,17,36
32,737,15043509831031368731,33,17,32
32,738,1494886651232463145,33,17,32
32,739,14721124209990579118,33,17,40
32,740,12333246508982486667,33,17,36
32,741,9696963672288700076,33,17,36
32,742,13170599897050284793,33,17,32
32,743,16683844004682604587,33,17,32
32,744,8402547167105039885,33,17,32
32,745,6668277257730042687,33,17,32
32,746,9118944499931814647,33,17,32
32,747,15659181798469456483,33,17,32
32,748,9430224171410709366,33,17,40
32,749,16176072529086457207,33,17,32
32,750,1233228820903849545,33,17,32
32,751,13157450161520471652,33,17,32
32,752,6539984575866188774,33,17,28
32,753,4992030187012605807,33,17,36
32,754,4117273529074842558,33,17,36
32,755,13324817628593186213,33,17,32
32,756,5680310376917099621,33,17,36
32,757,10519748531304940657,33,17,36
32,758,15810137713949398124,33,17,32
32,759,473755551496251132,33,17,36
32,760,15244140093788871044,33,17,32
32,761,5703703864172006254,33,17,32
32,762,7505923671481880403,33,17,32
32,763,75106074001682202,33,17,36
32,764,12416120108723690794,33,17,32
32,765,14772838995260504612,33,17,36
32,766,852544839001271407,33,17,32
32,767,11077136563463468848,33,17,32
32,768,4790790168740340720,33,17,32
32,769,12543376671435185974,33,17,36
32,770,3296514697238020250,33,17,36
32,771,8646336154291449714,33,17,36
32,772,17280049668336812538,33,17,32
32,773,12938540602466965328,33,17,36
32,774,17627899093315695650,33,17,32
32,775,16526187892821999409,33,17,32
32,776,12141354425604346424,33,17,36
32,777,279538148917541597,33,17,32
32,778,16110003127984630291,33,17,36
32,779,13236969489722248764,33,17,32
32,780,10673988275540207951,33,17,36
32,781,5970328200660555037,33,17,36
32,782,10025627895789922595,33,17,36
32,783,9443985368992846187,33,17,36
32,784,6098195544176542490,33,17,32
32,785,876715512353359918,33,17,36
32,786,15030643430784544800,33,17,32
32,787,14545930794627585727,33,17,36
32,788,2101918697171738250,33,17,32
32,789,16006417346420475597,33,17,28
32,790,11092853328017780423,33,17,32
32,791,16940609911157893615,33,17,32
32,792,14827781645844183459,33,17,36
32,793,13359489701861143828,33,17,36
32,794,2856125833434522423,33,17,32
32,795,3867187119530506184,33,17,36
32,796,359589047624685739,33,17,36
32,797,13561287025245050396,33,17,36
32,798,13328082680113197840,33,17,28
32,799,3467600659014161475,33,17,32
32,800,13797275513460477677,33,17,32
32,801,12205385183699773988,33,17,36
32,802,778954889024889422,33,17,28
32,803,3687039305387194366,33,17,32
32,804,8697001436412437375,33,17,32
32,805,8307979186366185911,33,17,32
32,806,6745791576122487345,33,17,28
32,807,16336596097016203619,33,17,32
32,808,15048144179350976396,33,17,36
32,809,5396031790370393065,33,17,32
32,810,13724780407100163024,33,17,36
32,811,11642796018080031247,33,17,32
32,812,17309912364465276012,33,17,36
32,813,1801787978701277558,33,17,32
32,814,203947076782906559,33,17,36
32,815,111323593708013431,33,17,36
32,816,3651672166632478621,33,17,36
32,817,13877857844442399037,33,17,36
32,818,14006354698986541792,33,17,32
32,819,1252484791569404173,33,17,32
32,820,773479760704142058,33,17,32
32,821,396442333984163521,33,17,36
32,822,1674261536661383531,33,17,36
32,823,8948630133997376701,33,17,32
32,824,5020067006872695957,33,17,32
32,825,17590823692466437547,33,17,36
32,826,7987928808050862281,33,17,32
32,827,1385690461320152770,33,17,36
32,828,8200551393077170361,33,17,32
32,829,1345471317311469723,33,17,36
32,830,14259462121815547430,33,17,32
32,831,16518539835925985495,33,17,32
32,832,2119657506037201401,33,17,32
32,833,7621493450515995933,33,17,36
32,834,5974428902876891851,33,17,32
32,835,12292204592334399820,33,17,32
32,836,13209380811116674772,33,17,32
32,837,16388995167456103299,33,17,32
32,838,6782297623380908740,33,17,36
32,839,11090759707366106214,33,17,32
32,840,10929029488248032374,33,17,36
32,841,3190191096334501579,33,17,36
32,842,14876877443353187476,33,17,32
32,843,3703477939228223369,33,17,36
32,844,15892100278728421892,33,17,32
32,845,8759100380870611281,33,17,32
32,846,16094495250195687338,33,17,36
32,847,8188277014370805153,33,17,36
32,848,17334609940312949913,33,17,36
32,849,6862106122057579997,33,17,36
32,850,16139602350541139792,33,17,36
32,851,12257699575602759751,33,17,32
32,852,9968738241986078344,33,17,36
32,853,16527605389734036913,33,17,32
32,854,4791120464145378473,33,17,32
32,855,6496146861240677047,33,17,36
32,856,14291374709774045060,33,17,32
32,857,1337095756381418442,33,17,36
32,858,2444450487234330639,33,17,32
32,859,16358477382878461092,33,17,32
32,860,11153338052538356126,33,17,32
32,861,9842612955891399987,33,17,36
32,862,9720417466992214549,33,17,36
32,863,2380113268004044780,33,17,36
32,864,9367916808352369905,33,17,32
32,865,13807970827434061742,33,17,32
32,866,3981916397927967228,33,17,36
32,867,11392951832728566701,33,17,36
32,868,10011044043875602262,33,17,36
32,869,16358386388388488592,33,17,40
32,870,11079387106803771832,33,17,36
32,871,15085434662043473020,33,17,36
32,872,1096499896820858909,33,17,28
32,873,12943928290548718718,33,17,32
32,874,2662361631648641192,33,17,32
32,875,9071318858954068612,33,17,36
32,876,1473718482102663920,33,17,36
32,877,4966051824886688126,33,17,36
32,878,17488644571032601567,33,17,32
32,879,14470349999237014759,33,17,32
32,880,10763105287436346442,33,17,32
32,881,3121270137842243972,33,17,32
32,882,1095442140576305625,33,17,36
32,883,4084833455027962773,33,17,32
32,884,10561187207966977472,33,17,32
32,885,9071835725447219234,33,17,40
32,886,6775219998896725747,33,17,32
32,887,9928263161357925780,33,17,36
32,888,10603406424755499862,33,17,36
32,889,10953649388005358616,33,17,32
32,890,16941508482803722832,33,17,32
32,891,385766986012034621,33,17,32
32,892,2784668558802787984,33,17,32
32,893,7067285704945542909,33,17,36
32,894,14931942222577321810,33,17,36
32,895,6969530946129292956,33,17,28
32,896,9825023129044572714,33,17,36
32,897,8990707773934463736,33,17,32
32,898,6720883164293164619,33,17,36
32,899,5356300534719657242,33,17,36
32,900,12898989660058232344,33,17,36
32,901,3135607561802598061,33,17,36
32,902,17406314267363052329,33,17,36
32,903,3095015013751228432,33,17,32
32,904,8683077475433142792,33,17,36
32,905,14138267881726353116,33,17,32
32,906,8037006814664289056,33,17,32
32,907,13642949974004819823,33,17,32
32,908,13223775260791067111,33,17,36
32,909,5612158158718161267,33,17,36
32,910,13131180255200828381,33,17,36
32,911,7899305315052385862,33,17,32
32,912,8405404148587543734,33,17,32
32,913,17550201674209351982,33,17,32
32,914,165942751906428201,33,17,32
32,915,4202894023373501030,33,17,32
32,916,4921302539491096958,33,17,36
32,917,5992291569444249723,33,17,36
32,918,15622445789019507619,33,17,32
32,919,7716061774333504031,33,17,32
32,920,6039527894093809779,33,17,36
32,921,9737877388769408013,33,17,36
32,922,2653733129222165354,33,17,32
32,923,9516876689041462040,33,17,36
32,924,12970381106986076891,33,17,28
32,925,12210892093311278973,33,17,36
32,926,17327262417630060654,33,17,36
32,927,10543366183328247944,33,17,36
32,928,6608388365239045123,33,17,32
32,929,15834076613490373028,33,17,36
32,930,17844371596320272290,33,17,36
32,931,17624009048750646841,33,17,36
32,932,16429932112040108962,33,17,40
32,933,8775562344329896496,33,17,32
32,934,3791368137024996755,33,17,36
32,935,8980837807368720343,33,17,32
32,936,17873569635958140050,33,17,28
32,937,969142370327508163,33,17,36
32,938,17957388015502788947,33,17,36
32,939,13268369247456124950,33,17,36
32,940,11122231596249253455,33,17,36
32,941,9813413773545868217,33,17,32
32,942,7071651825498321439,33,17,36
32,943,16765149571776392059,33,17,36
32,944,15936827139488841629,33,17,36
32,945,15507909824264351380,33,17,32
32,946,4504222004082395419,33,17,32
32,947,4987094411655450979,33,17,36
32,948,2337709943979458676,33,17,36
32,949,6259431877317238213,33,17,36
32,950,12599516185700938050,33,17,36
32,951,5047561717703974710,33,17,36
32,952,17457534368010656374,33,17,36
32,953,607034354506891199,33,17,36
32,954,5422781155312082593,33,17,36
32,955,8228123774887901449,33,17,28
32,956,9448884027425300940,33,17,36
32,957,5601876730812840947,33,17,36
32,958,541038833221637118,33,17,36
32,959,7010815636937660797,33,17,32
32,960,15858528972583823049,33,17,32
32,961,2243768094268787544,33,17,32
32,962,11894016844336695613,33,17,36
32,963,4256309316535161993,33,17,36
32,964,7406174970712019414,33,17,36
32,965,11140618474942396002,33,17,32
32,966,5011433916882660424,33,17,32
32,967,11834829389292014412,33,17,32
32,968,12132109256273996963,33,17,32
32,969,15600194309266070585,33,17,32
32,970,1327793208409531164,33,17,32
32,971,2755472052884378359,33,17,32
32,972,9107152569304678419,33,17,36
32,973,13449127297087429711,33,17,32
32,974,12400169692830795850,33,17,36
32,975,16552986954739990310,33,17,36
32,976,11268373330697124176,33,17,32
32,977,10811504574025604351,33,17,40
32,978,8398238004223532322,33,17,32
32,979,2634788050350049101,33,17,32
32,980,3000637210839621695,33,17,32
32,981,16829208152419910820,33,17,32
32,982,6523033399765384048,33,17,36
32,983,3149472433180584105,33,17,32
32,984,15319081100430988093,33,17,36
32,985,398390170080400026,33,17,36
32,986,353853634428086238,33,17,28
32,987,4533402319503523845,33,17,32
32,988,14098351040324950372,33,17,32
32,989,14292069653314561912,33,17,32
32,990,10505779344178463596,33,17,36
32,991,6473213446965282492,33,17,32
32,992,11025260092022594828,33,17,32
32,993,648452741247575046,33,17,36
32,994,10115102324745758157,33,17,28
32,995,15305551645190995938,33,17,36
32,996,5007254063197520583,33,17,32
32,997,11676893049020205537,33,17,32
32,998,3219948613704382454,33,17,32
32,999,6469079521816850634,33,17,36
32,1000,10078179583402795497,33,17,32
32,1001,4814481366403230257,33,17,32
32,1002,9294033196514806087,33,17,32
32,1003,7456202179586546449,33,17,32
32,1004,678911689527042708,33,17,32
32,1005,17870693388498692636,33,17,36
32,1006,6644615079391104125,33,17,32
32,1007,10195183843546188237,33,17,32
32,1008,13933448610918702241,33,17,32
32,1009,12631318557631962839,33,17,32
32,1010,12573375144659352822,33,17,32
32,1011,5018214412963489369,33,17,36
32,1012,6935038280146213383,33,17,32
32,1013,6010603334018757268,33,17,32
32,1014,2153159466311768617,33,17,36
32,1015,9390935384008557373,33,17,36
32,1016,16318713476920468114,33,17,28
32,1017,18054775743101606438,33,17,32
32,1018,13541325353892136447,33,17,28
32,1019,11905711842729696424,33,17,32
32,1020,10872664022270948388,33,17,32
32,1021,7240125330671613224,33,17,36
32,1022,4574117505169973561,33,17,28
32,1023,11583190987345978273,33,17,36
32,1024,9145528745798002401,33,17,32
32,1025,16266918551601651897,33,17,32
32,1026,16439509023887487546,33,17,32
32,1027,531601562040976778,33,17,32
32,1028,1260017982984820827,33,17,32
32,1029,13170309135688235608,33,17,32
32,1030,171700114693981183,33,17,32
32,1031,11595718961453152386,33,17,32
32,1032,4832978688947880164,33,17,32
32,1033,12400856392762697972,33,17,36
32,1034,10122626893831807102,33,17,36
32,1035,7487438960316392327,33,17,36
32,1036,5055522079730792660,33,17,36
32,1037,14267052860415730036,33,17,36
32,1038,8776828591813579162,33,17,32
32,1039,16508694149602228706,33,17,36
32,1040,4238792258194509516,33,17,32
32,1041,2883403113066157744,33,17,36
32,1042,8895118293428005482,33,17,36
32,1043,13624542035105849565,33,17,36
32,1044,4072286487872000566,33,17,32
32,1045,7891893791100506745,33,17,36
32,1046,15249237874349100182,33,17,32
32,1047,8013002321896114056,33,17,32
32,1048,662437168961013141,33,17,32
32,1049,13961015858215250567,33,17,32
32,1050,16400142548445406562,33,17,32
32,1051,13755674271606075662,33,17,36
32,1052,3348408083601782249,33,17,36
32,1053,6738759426023712319,33,17,32
32,1054,15772321845763426164,33,17,36
32,1055,15771025259674255652,33,17,32
32,1056,7454095494626154912,33,17,36
32,1057,438295938063352516,33,17,36
32,1058,7343127708569316795,33,17,32
32,1059,15918507878845420465,33,17,32
32,1060,16279068022636930519,33,17,32
32,1061,3771917405367366724,33,17,32
32,1062,15440426433516940553,33,17,32
32,1063,15137277356836766332,33,17,28
32,1064,12617303621742653334,33,17,32
32,1065,6551411768116490244,33,17,36
32,1066,15619689747820682788,33,17,32
32,1067,14142506654298074358,33,17,32
32,1068,14053058719738595717,33,17,32
32,1069,13219964189930602629,33,17,28
32,1070,13750716295910376635,33,17,32
32,1071,4576045124460729422,33,17,32
32,1072,10385290404899565341,33,17,36
32,1073,15959300063077719415,33,17,32
32,1074,5524288277902796835,33,17,36
32,1075,3735189765271472483,33,17,32
32,1076,9558625755329985134,33,17,28
32,1077,14379328928379642939,33,17,36
32,1078,3086498953430757042,33,17,36
32,1079,3249159503779775737,33,17,36
32,1080,8417540419578817316,33,17,32
32,1081,12083730332844558487,33,17,40
32,1082,7548408202952805458,33,17,36
32,1083,8605041221305904033,33,17,36
32,1084,3733602263225262626,33,17,36
32,1085,5532756628139459677,33,17,32
32,1086,13231279158526112206,33,17,32
32,1087,8226687857705765965,33,17,32
32,1088,16040095032326077041,33,17,36
32,1089,1291454474915167771,33,17,32
32,1090,7473347765655749175,33,17,36
32,1091,3866457403679375880,33,17,32
32,1092,5936320972458645825,33,17,36
32,1093,14542270139316151681,33,17,36
32,1094,15006878696760943926,33,17,36
32,1095,1019276776153121223,33,17,36
32,1096,3883981805548368192,33,17,36
32,1097,1229701628229955688,33,17,40
32,1098,10774566860084048882,33,17,36
32,1099,10151916491244914339,33,17,36
32,1100,6319323296217501378,33,17,32
32,1101,6876369218645882153,33,17,36
32,1102,8835807285355463513,33,17,36
32,1103,16706718316969863985,33,17,32
32,1104,18328396551947001576,33,17,36
32,1105,9989343412096638418,33,17,36
32,1106,162893298683922275,33,17,36
32,1107,13742803472766752253,33,17,28
32,1108,5123212269319082872,33,17,32
32,1109,3893591369341360178,33,17,36
32,1110,13873708486255771776,33,17,36
32,1111,8267581687639727657,33,17,32
32,1112,10597848397311420905,33,17,32
32,1113,13680941511195364723,33,17,32
32,1114,16034348077544512206,33,17,36
32,1115,4255521417509775803,33,17,36
32,1116,11241471282307944041,33,17,32
32,1117,3987076703511438956,33,17,32
32,1118,6612397985992745537,33,17,36
32,1119,13609029325670171074,33,17,32
32,1120,12537128706935191650,33,17,36
32,1121,3016114171444405416,33,17,36
32,1122,17874616071282248694,33,17,32
32,1123,7874355788285183935,33,17,36
32,1124,8684932181361214470,33,17,32
32,1125,284384036526828537,33,17,36
32,1126,16146365693423539272,33,17,36
32,1127,4162750988782952836,33,17,40
32,1128,3202902235121231070,33,17,32
32,1129,5898843491291250867,33,17,32
32,1130,5706247312774598915,33,17,32
32,1131,10457147796608772447,33,17,32
32,1132,8783884016360604259,33,17,32
32,1133,232042156853368139,33,17,32
32,1134,18123480531978449553,33,17,32
32,1135,4303998943095846090,33,17,36
32,1136,2525580387494582749,33,17,32
32,1137,12453585190874684329,33,17,36
32,1138,5521720632189943312,33,17,32
32,1139,13689284817532191023,33,17,32
32,1140,11206453171237132549,33,17,36
32,1141,6912053782619332176,33,17,32
32,1142,11835554816324058870,33,17,32
32,1143,5571297154633451339,33,17,36
32,1144,13634846501630897079,33,17,36
32,1145,5438582414532773828,33,17,36
32,1146,2360478228426639387,33,17,28
32,1147,1068953209150056749,33,17,32
32,1148,3445740742995152577,33,17,32
32,1149,9517785034765921698,33,17,36
32,1150,9055169537604793595,33,17,32
32,1151,7089174022354447467,33,17,32
32,1152,11209100646686397098,33,17,36
32,1153,9485856248724124847,33,17,36
32,1154,6350646694721231767,33,17,32
32,1155,12244715005294597733,33,17,32
32,1156,16269298551407282327,33,17,32
32,1157,15185479313230761667,33,17,36
32,1158,10973590565271546466,33,17,32
32,1159,8713980584699925857,33,17,36
32,1160,14719115543378243017,33,17,28
32,1161,6841799674425074484,33,17,36
32,1162,2959000842293643079,33,17,36
32,1163,10982501133026628611,33,17,36
32,1164,17579916769987719408,33,17,36
32,1165,3765696328214565478,33,17,32
32,1166,1125660229155191360,33,17,32
32,1167,11207651853033138469,33,17,36
32,1168,17257166997470817528,33,17,32
32,1169,4209104503457727121,33,17,32
32,1170,10699568421302373009,33,17,32
32,1171,2098719329819938681,33,17,36
32,1172,16561471713096883082,33,17,36
32,1173,3395400032451338806,33,17,32
32,1174,5167242503764395615,33,17,36
32,1175,16607630657916356085,33,17,36
32,1176,8098224017807464582,33,17,32
32,1177,1236179355837899206,33,17,36
32,1178,4077744005297175053,33,17,32
32,1179,13244215680779058453,33,17,32
32,1180,5806558751609008544,33,17,32
32,1181,8141634003787198571,33,17,36
32,1182,244621873846993468,33,17,32
32,1183,17079535386044252072,33,17,36
32,1184,6058613021299710637,33,17,36
32,1185,11864315233930364790,33,17,36
32,1186,13729179324866655709,33,17,32
32,1187,7754932845877433028,33,17,36
32,1188,14073728808637025691,33,17,32
32,1189,4446576077157511722,33,17,32
32,1190,11045034743728739923,33,17,40
32,1191,5419184772505235907,33,17,32
32,1192,15528642307381555503,33,17,36
32,1193,18315409811230262318,33,17,32
32,1194,10689255558555719565,33,17,36
32,1195,408427769712371932,33,17,36
32,1196,10817709539474454345,33,17,36
32,1197,9243304424671866185,33,17,32
32,1198,12223676963533553754,33,17,32
32,1199,14136539362904873753,33,17,36
32,1200,14405286879581512208,33,17,40
32,1201,12236218400392996981,33,17,36
32,1202,15898031350585976083,33,17,36
32,1203,8464494437763285684,33,17,36
32,1204,17350538136979138028,33,17,36
32,1205,8416163861995223367,33,17,36
32,1206,10831623320205867499,33,17,36
32,1207,5762302626504804651,33,17,36
32,1208,10058473311653691379,33,17,36
32,1209,5468958299245249598,33,17,36
32,1210,9175414786343464539,33,17,32
32,1211,2860693073378217191,33,17,32
32,1212,7233188528627116699,33,17,36
32,1213,14713795847009645730,33,17,32
32,1214,14575153241199949772,33,17,32
32,1215,1004744644014309035,33,17,32
32,1216,12991452962141859313,33,17,36
32,1217,18321462978576932908,33,17,32
32,1218,7740135856226966088,33,17,32
32,1219,10174979767728507115,33,17,32
32,1220,18183137895576392785,33,17,32
32,1221,1022052465189631961,33,17,36
32,1222,12316102234487655358,33,17,32
32,1223,6687937582035849286,33,17,40
32,1224,2619796426602217021,33,17,32
32,1225,511381337149656039,33,17,32
32,1226,6371905702878227252,33,17,36
32,1227,2008957862311672287,33,17,32
32,1228,13414398116260042179,33,17,32
32,1229,10099799859189078280,33,17,36
32,1230,366864854849522298,33,17,32
32,1231,14185392315229895822,33,17,36
32,1232,14669716392107925021,33,17,32
32,1233,288545847645485177,33,17,36
32,1234,2669208575292272522,33,17,32
32,1235,8930499581137587548,33,17,36
32,1236,11771288442016045696,33,17,36
32,1237,3180539079593810891,33,17,36
32,1238,12503589571393967603,33,17,36
32,1239,3712452590888402856,33,17,36
32,1240,12510374009176024083,33,17,32
32,1241,12068139177978641713,33,17,36
32,1242,12719104603976449065,33,17,36
32,1243,12951462959391014298,33,17,32
32,1244,7884372381767338143,33,17,32
32,1245,11729944978492238424,33,17,32
32,1246,6263069422582412570,33,17,36
32,1247,844836584596880628,33,17,32
32,1248,6021498471540126154,33,17,32
32,1249,3545608411819945834,33,17,36
32,1250,14080962532720417481,33,17,32
32,1251,15918399792721447325,33,17,32
32,1252,8178145093899723016,33,17,32
32,1253,14188788765753157380,33,17,36
32,1254,17230560727409020505,33,17,32
32,1255,3500228414278252832,33,17,32
32,1256,14913375814122347173,33,17,32
32,1257,10786892650270745579,33,17,32
32,1258,1697641297676119750,33,17,36
32,1259,17729675865657335671,33,17,36
32,1260,3891459426115631177,33,17,36
32,1261,13202372601799280209,33,17,36
32,1262,6924271794646045878,33,17,32
32,1263,12664817298766438047,33,17,36
32,1264,1388054671106654808,33,17,36
32,1265,11347934347485758814,33,17,32
32,1266,6550153545641486663,33,17,32
32,1267,9695180121888311179,33,17,32
32,1268,7853232545769047030,33,17,32
32,1269,12169468213690003784,33,17,36
32,1270,6507846910023773070,33,17,36
32,1271,571954799381173853,33,17,36
32,1272,3245172354904617887,33,17,32
32,1273,4006401275603412979,33,17,36
32,1274,16465557062714898178,33,17,36
32,1275,9167648440348304427,33,17,32
32,1276,17698963873887474850,33,17,36
32,1277,13164636768322547705,33,17,36
32,1278,15404811093416136633,33,17,32
32,1279,2512192880963518179,33,17,32
32,1280,4162451035282444623,33,17,32
32,1281,1733630838710871523,33,17,32
32,1282,16256598595540386291,33,17,36
32,1283,2106848475887330604,33,17,32
32,1284,18207859481147631137,33,17,36
32,1285,5885163488698852811,33,17,32
32,1286,17676080820184183373,33,17,32
32,1287,14456545856549137858,33,17,36
32,1288,6097074194101292711,33,17,36
32,1289,4758010353020551258,33,17,36
32,1290,571422282225161931,33,17,32
32,1291,4757300501355229264,33,17,36
32,1292,17987218676373446964,33,17,32
32,1293,16795684385659461156,33,17,32
32,1294,11230635940481759571,33,17,36
32,1295,17584545340212111194,33,17,36
32,1296,15881770966137268589,33,17,32
32,1297,3204173007935826212,33,17,32
32,1298,6028374023899763565,33,17,36
32,1299,14240600586454646674,33,17,40
32,1300,17211156012867492781,33,17,40
32,1301,4371745702338910584,33,17,32
32,1302,4801771594024304697,33,17,36
32,1303,8051530233261586805,33,17,32
32,1304,4547635002833719002,33,17,32
32,1305,17942619111120889965,33,17,32
32,1306,6022813762002130875,33,17,36
32,1307,5619372071539191137,33,17,32
32,1308,2256993598688125788,33,17,36
32,1309,8245802200268680988,33,17,36
32,1310,2889709840614412627,33,17,32
32,1311,4304798342107184226,33,17,32
32,1312,3390424844475847867,33,17,32
32,1313,16703042926073433025,33,17,36
32,1314,8871292551417828518,33,17,36
32,1315,348491739851560014,33,17,36
32,1316,3496551528466756259,33,17,36
32,1317,16259481913354007857,33,17,36
32,1318,3569847439069404546,33,17,32
32,1319,15925237721789487212,33,17,32
32,1320,17159680151146842220,33,17,32
32,1321,7655779164707351355,33,17,28
32,1322,4626423282000517049,33,17,32
32,1323,12000254243131373249,33,17,32
32,1324,16465876545082094841,33,17,40
32,1325,13572567803387594840,33,17,32
32,1326,2214738379236881317,33,17,40
32,1327,15262322814596517984,33,17,32
32,1328,2244801922805155722,33,17,32
32,1329,12393815661724701144,33,17,36
32,1330,5097672401734958613,33,17,32
32,1331,3705425702895082648,33,17,32
32,1332,5948343731351842843,33,17,28
32,1333,7532061366274354129,33,17,32
32,1334,606993056087910948,33,17,32
32,1335,3209789844620708119,33,17,32
32,1336,2138035201100949338,33,17,32
32,1337,53810447632706982,33,17,36
32,1338,10167360519114404025,33,17,36
32,1339,2573244580257585915,33,17,32
32,1340,14759520462759771540,33,17,36
32,1341,3117722950004841625,33,17,32
32,1342,14165325438416035943,33,17,36
32,1343,10758889790067264389,33,17,32
32,1344,12624595427124666697,33,17,36
32,1345,718563715266577740,33,17,32
32,1346,4855174409616476436,33,17,32
32,1347,2166924234598067913,33,17,40
32,1348,17273597951594600409,33,17,32
32,1349,8710692111446584470,33,17,32
32,1350,16766091240732942530,33,17,36
32,1351,3961449954819147007,33,17,32
32,1352,9234162486463699016,33,17,36
32,1353,6832767083756459653,33,17,32
32,1354,15234652632424557598,33,17,32
32,1355,6097247957824772976,33,17,28
32,1356,15156979297543414658,33,17,32
32,1357,7589177004128795931,33,17,36
32,1358,12023498258550142397,33,17,36
32,1359,6007526117422614531,33,17,32
32,1360,15360977333269918352,33,17,40
32,1361,15417212779376666168,33,17,32
32,1362,12364492189367525992,33,17,32
32,1363,16341903203125513643,33,17,32
32,1364,13251866181448879627,33,17,36
32,1365,18150283047067166471,33,17,32
32,1366,5817685113930232380,33,17,36
32,1367,16532205389667231554,33,17,40
32,1368,13033875924101411893,33,17,36
32,1369,16853597356752899059,33,17,36
32,1370,10533579545229572768,33,17,36
32,1371,6530985066331688548,33,17,36
32,1372,16935738926054421111,33,17,32
32,1373,9844316356453490938,33,17,36
32,1374,3959141268785613477,33,17,32
32,1375,1388119877946036093,33,17,32
32,1376,2310269605861551998,33,17,36
32,1377,14851578803200076008,33,17,32
32,1378,6196404728473933882,33,17,36
32,1379,14954862808178845420,33,17,36
32,1380,15126045524363163088,33,17,36
32,1381,4502665455889351525,33,17,36
32,1382,228485692088829565,33,17,32
32,1383,3459595776358856346,33,17,36
32,1384,2247809835325641495,33,17,36
32,1385,15858697813164424042,33,17,32
32,1386,6529853325243668482,33,17,36
32,1387,6110671765714079283,33,17,32
32,1388,15669647535535060995,33,17,36
32,1389,5565488246024352697,33,17,32
32,1390,2958503962815136123,33,17,32
32,1391,14258699274962982896,33,17,36
32,1392,11200540153379995165,33,17,28
32,1393,9327500533376611119,33,17,32
32,1394,8751750541148041970,33,17,32
32,1395,13571193716755673029,33,17,32
32,1396,14017978826035353953,33,17,32
32,1397,11986664955439017283,33,17,36
32,1398,18045139304552111543,33,17,32
32,1399,14733952556618569053,33,17,36
32,1400,3963992429138971006,33,17,32
32,1401,12590447980158820596,33,17,36
32,1402,1396991301432839535,33,17,32
32,1403,13019142597959032508,33,17,36
32,1404,4448641318479711658,33,17,36
32,1405,13651710893313670036,33,17,32
32,1406,15990517929837919330,33,17,32
32,1407,6412610799505883411,33,17,32
32,1408,15299404530287889014,33,17,32
32,1409,1410490063433632529,33,17,36
32,1410,15496039974402487119,33,17,36
32,1411,5070562390289926231,33,17,28
32,1412,10029195601453873332,33,17,32
32,1413,6053401162007468598,33,17,32
32,1414,4367597203107188922,33,17,36
32,1415,8010135271018258060,33,17,32
32,1416,12857044813588556093,33,17,32
32,1417,9835093407301859919,33,17,36
32,1418,11999026834906123815,33,17,32
32,1419,9195716945781644721,33,17,32
32,1420,1739903909004761919,33,17,32
32,1421,720734054882635860,33,17,32
32,1422,15743138959160958132,33,17,32
32,1423,12663711218642915249,33,17,36
32,1424,6881923975363138222,33,17,40
32,1425,15444659179055809249,33,17,28
32,1426,10313031752699892649,33,17,32
32,1427,9838072036521526113,33,17,36
32,1428,12290066426407052648,33,17,36
32,1429,16507937673414865653,33,17,36
32,1430,3895683582812119228,33,17,32
32,1431,5251077342832363187,33,17,32
32,1432,14034499291407933365,33,17,36
32,1433,13921619420582810498,33,17,32
32,1434,1578279864154037363,33,17,32
32,1435,8001721775081999596,33,17,28
32,1436,3021311184411456488,33,17,32
32,1437,5784588109932260468,33,17,32
32,1438,17459957366920498697,33,17,36
32,1439,2921611093347201771,33,17,28
32,1440,14921033396805564827,33,17,36
32,1441,7784525942789646743,33,17,36
32,1442,4267292244392289760,33,17,32
32,1443,18375043520597415629,33,17,36
32,1444,1738975497374531134,33,17,36
32,1445,12973011343931664321,33,17,32
32,1446,12249544452851689838,33,17,32
32,1447,5810633675621168053,33,17,36
32,1448,17252995816125447262,33,17,36
32,1449,7007027470956709976,33,17,32
32,1450,5582567923085470180,33,17,32
32,1451,13081583112431423852,33,17,32
32,1452,2408346846310495362,33,17,32
32,1453,7745675923051516168,33,17,32
32,1454,12330879877278011408,33,17,36
32,1455,12477590326145793748,33,17,36
32,1456,1097688176070018187,33,17,28
32,1457,3962793690027287313,33,17,36
32,1458,12397986736357887417,33,17,36
32,1459,4170514101403529560,33,17,32
32,1460,1923122872241519653,33,17,32
32,1461,15098045998136661657,33,17,36
32,1462,7090451307953308739,33,17,32
32,1463,14640884207883361304,33,17,36
32,1464,10197752531279798916,33,17,28
32,1465,13984594031655333517,33,17,32
32,1466,1900358936479179513,33,17,36
32,1467,11011287298716408164,33,17,32
32,1468,12007614593098032781,33,17,32
32,1469,8915538762834919672,33,17,32
32,1470,4439185983962076558,33,17,32
32,1471,6909054149902608583,33,17,32
32,1472,11105944858492483771,33,17,36
32,1473,13891477838330221854,33,17,32
32,1474,11011861227581420218,33,17,32
32,1475,14419427468657285190,33,17,32
32,1476,5156846069109296868,33,17,36
32,1477,2128635852307878174,33,17,32
32,1478,15663548073359218783,33,17,32
32,1479,1023604900299080198,33,17,32
32,1480,15413678592351463412,33,17,32
32,1481,5495152083451173389,33,17,36
32,1482,1399755139896415203,33,17,36
32,1483,6632095929587039804,33,17,36
32,1484,883389949363518522,33,17,32
32,1485,6235103724919229814,33,17,32
32,1486,17891528202354910079,33,17,36
32,1487,12978034460899982193,33,17,36
32,1488,17962891349073882053,33,17,32
32,1489,6945215996755383355,33,17,36
32,1490,9021216603821591850,33,17,36
32,1491,1051718912022609420,33,17,28
32,1492,10089711261609685435,33,17,32
32,1493,5968683470753577559,33,17,32
32,1494,16582962084650567277,33,17,36
32,1495,121547894733841938,33,17,32
32,1496,12823915911453393104,33,17,32
32,1497,13766502591817872066,33,17,32
32,1498,1487664325432545665,33,17,32
32,1499,1967549309317844593,33,17,32
32,1500,1642856508781968403,33,17,36
32,1501,10498861750477745927,33,17,36
32,1502,7751666417788656773,33,17,36
32,1503,11008840927162348613,33,17,32
32,1504,15494900879678104452,33,17,36
32,1505,13122079177524588645,33,17,32
32,1506,4352066299507616722,33,17,32
32,1507,4480216120945938,33,17,36
32,1508,18372437164344130597,33,17,32
32,1509,2055476512552761650,33,17,32
32,1510,3055925622019796581,33,17,36
32,1511,613968538521535633,33,17,32
32,1512,12210910961089283597,33,17,36
32,1513,3648297304306740805,33,17,36
32,1514,17945668459063773279,33,17,32
32,1515,7513444999877494510,33,17,32
32,1516,14737672490406073033,33,17,32
32,1517,11554715599655890584,33,17,36
32,1518,8604616815121399875,33,17,32
32,1519,11044821146106673692,33,17,36
32,1520,3898994027728808007,33,17,32
32,1521,3320768715860346991,33,17,32
32,1522,16362623419144129586,33,17,36
32,1523,8954213561900811468,33,17,32
32,1524,10866523833326565953,33,17,36
32,1525,1282548474299975903,33,17,36
32,1526,10094726174272269164,33,17,32
32,1527,1539916841354273170,33,17,32
32,1528,11205887625496515828,33,17,36
32,1529,15071087516992928343,33,17,36
32,1530,17653380418133528031,33,17,32
32,1531,6773340576170382532,33,17,36
32,1532,12526662127241151817,33,17,32
32,1533,10614134704652937295,33,17,28
32,1534,7166125398036038230,33,17,36
32,1535,1658676164205124949,33,17,36
32,1536,4177336877684632986,33,17,32
32,1537,15446961236289680789,33,17,36
32,1538,11051666189952964148,33,17,36
32,1539,125731344826909950,33,17,32
32,1540,5210291288138957332,33,17,32
32,1541,6158948942970211040,33,17,36
32,1542,12000261651066926029,33,17,32
32,1543,4078141473744566732,33,17,32
32,1544,8861910126762413915,33,17,36
32,1545,8526053704986809858,33,17,32
32,1546,11956899099713255378,33,17,28
32,1547,13191462845760280113,33,17,32
32,1548,16644489182232299692,33,17,32
32,1549,18021550345315425507,33,17,32
32,1550,279057985238140680,33,17,36
32,1551,12534581137349150341,33,17,32
32,1552,14586247816906619744,33,17,32
32,1553,7073863279968531858,33,17,32
32,1554,17120607066831599415,33,17,32
32,1555,3693347020958624976,33,17,32
32,1556,7410780043149419494,33,17,32
32,1557,14852485627656897091,33,17,36
32,1558,16331051116523769178,33,17,28
32,1559,9090726007507823900,33,17,36
32,1560,13110341481127220079,33,17,28
32,1561,6207392861897268038,33,17,36
32,1562,6723939183957115963,33,17,36
32,1563,6123264020552659996,33,17,32
32,1564,17096656812184518485,33,17,36
32,1565,9948597976818007397,33,17,36
32,1566,12249617902189385859,33,17,36
32,1567,16807193617664999756,33,17,32
32,1568,292469215874834360,33,17,32
32,1569,11760422237543738415,33,17,36
32,1570,1035312789276434951,33,17,36
32,1571,4181799724721530909,33,17,36
32,1572,11999084091802093414,33,17,36
32,1573,16718226766315387044,33,17,32
32,1574,1520939146613301677,33,17,36
32,1575,382127661821799880,33,17,36
32,1576,3763924567583524633,33,17,36
32,1577,7763968308161592053,33,17,36
32,1578,5053550535619210805,33,17,32
32,1579,13013923561655863426,33,17,32
32,1580,4173915894887114561,33,17,36
32,1581,14338956314884474792,33,17,32
32,1582,10083810060927562394,33,17,36
32,1583,7530497413057052666,33,17,32
32,1584,14817672672049694853,33,17,32
32,1585,2765787374779165834,33,17,32
32,1586,9682975600114415149,33,17,36
32,1587,327766317598531613,33,17,36
32,1588,2015060449420760603,33,17,36
32,1589,249269427671825921,33,17,32
32,1590,1093399162969826980,33,17,32
32,1591,14915162879437585290,33,17,32
32,1592,5940555449502290883,33,17,32
32,1593,1908360536914091649,33,17,40
32,1594,2800425891202024268,33,17,32
32,1595,9166622760420897902,33,17,36
32,1596,16952358762167740102,33,17,32
32,1597,16536497821323087563,33,17,36
32,1598,1169239797976030447,33,17,36
32,1599,3833238458066645190,33,17,32
32,1600,8839415716221387564,33,17,36
32,1601,5787481481697991110,33,17,36
32,1602,14238851259150469208,33,17,36
32,1603,14417298374908237204,33,17,32
32,1604,4371709482177879474,33,17,32
32,1605,11161184843672566764,33,17,32
32,1606,9306965083853198411,33,17,36
32,1607,13574107863393250968,33,17,32
32,1608,8629287625611496163,33,17,32
32,1609,18049414762131864681,33,17,32
32,1610,5536276180822175401,33,17,36
32,1611,5120565712619246519,33,17,32
32,1612,6963824808793629963,33,17,32
32,1613,11624959177929502169,33,17,32
32,1614,4012321871705235110,33,17,36
32,1615,2723142809178573674,33,17,32
32,1616,14332992278702146933,33,17,36
32,1617,16915743217555612533,33,17,36
32,1618,9548025219799459261,33,17,32
32,1619,12165293864977359052,33,17,36
32,1620,10873134982507897990,33,17,36
32,1621,16284194692255629209,33,17,36
32,1622,11936797819896335191,33,17,32
32,1623,4277205546156719070,33,17,36
32,1624,6016154627703923902,33,17,40
32,1625,8581989932549550197,33,17,36
32,1626,9015931431127173274,33,17,32
32,1627,16334538487246141020,33,17,36
32,1628,7255135389329706672,33,17,36
32,1629,7061489049864172464,33,17,32
32,1630,16498674695257857506,33,17,36
32,1631,13933749734678860954,33,17,36
32,1632,2893393933724964303,33,17,32
32,1633,13628802894888944826,33,17,32
32,1634,14638434459124203397,33,17,32
32,1635,10016535433965012548,33,17,32
32,1636,15984328570096603826,33,17,36
32,1637,2631960298283566151,33,17,32
32,1638,8100529400567018743,33,17,32
32,1639,9080039465020255656,33,17,32
32,1640,9114842620019810434,33,17,32
32,1641,14296346899363437742,33,17,32
32,1642,12915632272625596294,33,17,32
32,1643,9297565248898813298,33,17,36
32,1644,10219748141918376701,33,17,32
32,1645,758514489143023230,33,17,28
32,1646,17283889971884924775,33,17,36
32,1647,13826830548259728153,33,17,36
32,1648,1665612449918563744,33,17,32
32,1649,17019761696061352827,33,17,36
32,1650,15341055770981492713,33,17,32
32,1651,13547972130791437259,33,17,36
32,1652,2236867849597787257,33,17,32
32,1653,1559648827722948194,33,17,36
32,1654,14933929532730274007,33,17,36
32,1655,6428369508869017466,33,17,36
32,1656,5890244264357535948,33,17,32
32,1657,3659768232314625965,33,17,32
32,1658,15750867862067217534,33,17,36
32,1659,199052527239413267,33,17,32
32,1660,11936933314151253130,33,17,36
32,1661,4888447042486810488,33,17,36
32,1662,3221992938533050667,33,17,28
32,1663,10198832878975555167,33,17,32
32,1664,15256883302377252448,33,17,36
32,1665,8069896911224683870,33,17,32
32,1666,16975047300079316485,33,17,32
32,1667,11070379044909735489,33,17,32
32,1668,12485606143753409794,33,17,32
32,1669,12154652036625114696,33,17,36
32,1670,8428147387039569315,33,17,32
32,1671,11996742257073583570,33,17,36
32,1672,224776744260662321,33,17,32
32,1673,9571796190257059602,33,17,32
32,1674,6893876623351765026,33,17,36
32,1675,10417913198001379122,33,17,36
32,1676,15486644393293088246,33,17,32
32,1677,1453751948385751587,33,17,36
32,1678,12935026299221840147,33,17,36
32,1679,6804744645667073815,33,17,36
32,1680,14958395513914782061,33,17,32
32,1681,6987111308430919897,33,17,32
32,1682,5265061491790409162,33,17,36
32,1683,2502119260037213591,33,17,40
32,1684,10790133331418182298,33,17,40
32,1685,16963456376444069615,33,17,32
32,1686,7082616815272467772,33,17,36
32,1687,5879519140101236744,33,17,36
32,1688,17510319314701866688,33,17,32
32,1689,17490024812916256684,33,17,36
32,1690,9607111529869764052,33,17,32
32,1691,2869826368113840682,33,17,32
32,1692,4308679328463907056,33,17,36
32,1693,14993489347516633672,33,17,36
32,1694,14435170655792330254,33,17,36
32,1695,9013601015900621629,33,17,32
32,1696,6960913080580600978,33,17,32
32,1697,70617064230816804,33,17,32
32,1698,6504751250087522319,33,17,28
32,1699,8806703544122533041,33,17,32
32,1700,6875857243330815311,33,17,36
32,1701,1650294731286242954,33,17,36
32,1702,2020019518651289136,33,17,36
32,1703,3988074306358875183,33,17,36
32,1704,14511999389392034822,33,17,36
32,1705,13751858177207311954,33,17,32
32,1706,6612045670955401243,33,17,36
32,1707,8452705462637113274,33,17,36
32,1708,2538348387208696820,33,17,32
32,1709,12939663296757754032,33,17,32
32,1710,7494328327433847806,33,17,36
32,1711,14125525342461954988,33,17,32
32,1712,9684590694414743443,33,17,36
32,1713,7726547908921481785,33,17,36
32,1714,519078676153513670,33,17,36
32,1715,9131229279647203615,33,17,32
32,1716,7577291823625806133,33,17,32
32,1717,11432229718040749965,33,17,36
32,1718,1680867641306148227,33,17,36
32,1719,8752035955201696469,33,17,36
32,1720,5784354076961294830,33,17,36
32,1721,2858697842521510978,33,17,32
32,1722,9204634033405630677,33,17,36
32,1723,7018346739300105895,33,17,36
32,1724,1741107120573210308,33,17,32
32,1725,17060642013413737778,33,17,32
32,1726,4452993705940757897,33,17,36
32,1727,17850912284730720135,33,17,32
32,1728,10993440103104494211,33,17,36
32,1729,15337220176438968119,33,17,36
32,1730,14700466536880623932,33,17,32
32,1731,5952312101511190438,33,17,32
32,1732,16045917012671843464,33,17,32
32,1733,1430650368446279902,33,17,36
32,1734,1848375307121871912,33,17,32
32,1735,12066668661843674776,33,17,32
32,1736,17182320096909186452,33,17,40
32,1737,5186154082901145726,33,17,32
32,1738,7752090634084421997,33,17,36
32,1739,4623100330778191247,33,17,32
32,1740,5165414768341904850,33,17,36
32,1741,16590894467099716947,33,17,32
32,1742,6999088571906110282,33,17,32
32,1743,5298165992678343245,33,17,36
32,1744,14295933518157245674,33,17,32
32,1745,18118154961183799490,33,17,32
32,1746,6065763833360415406,33,17,36
32,1747,2747916220990953213,33,17,36
32,1748,6340901352683486783,33,17,32
32,1749,9798505923051237611,33,17,32
32,1750,17666229175262355639,33,17,28
32,1751,13242673261265046420,33,17,36
32,1752,13759368137847491486,33,17,36
32,1753,2413444711304342952,33,17,32
32,1754,15268115396770852102,33,17,36
32,1755,3758162331707778316,33,17,32
32,1756,14192656056366459422,33,17,32
32,1757,15663261852171344693,33,17,36
32,1758,11821455483201941337,33,17,32
32,1759,11917406759388608632,33,17,32
32,1760,2588892565983876900,33,17,36
32,1761,5565065226320915555,33,17,36
32,1762,13341316530744927972,33,17,36
32,1763,765496303790510342,33,17,32
32,1764,12290123305045736691,33,17,32
32,1765,3744682871008540416,33,17,32
32,1766,9360435133085115661,33,17,32
32,1767,1077514322117397136,33,17,32
32,1768,16108561258180447289,33,17,32
32,1769,7323077730335308208,33,17,32
32,1770,9910062889748419027,33,17,32
32,1771,2694668491115721134,33,17,32
32,1772,17854592647308817942,33,17,36
32,1773,10413693522893942513,33,17,36
32,1774,14723786739765545790,33,17,36
32,1775,14934551457038093511,33,17,36
32,1776,13122491383194539349,33,17,32
32,1777,7284352744173736932,33,17,36
32,1778,3456506138292727209,33,17,36
32,1779,660162749027685610,33,17,28
32,1780,5911602991738753847,33,17,32
32,1781,4145168833049075591,33,17,32
32,1782,9310363441388811692,33,17,32
32,1783,15179281727723189751,33,17,32
32,1784,3074265795870682529,33,17,36
32,1785,10197959640281326063,33,17,32
32,1786,14638377608832450105,33,17,32
32,1787,9449442849771998854,33,17,32
32,1788,10279394523677164967,33,17,32
32,1789,17714825326993030691,33,17,36
32,1790,17157993223238324769,33,17,36
32,1791,10364865597755983424,33,17,32
32,1792,16918504839262996115,33,17,32
32,1793,8734222754037267238,33,17,36
32,1794,15967223388503647485,33,17,36
32,1795,14779681256095165567,33,17,36
32,1796,5724580485354855032,33,17,36
32,1797,927704744546047618,33,17,36
32,1798,9644338622003877021,33,17,32
32,1799,1815263573371732700,33,17,36
32,1800,13265752585593703482,33,17,32
32,1801,10991039615535497780,33,17,36
32,1802,422730854301875113,33,17,32
32,1803,8571565077066685991,33,17,36
32,1804,476301770941324289,33,17,32
32,1805,18351221231677521971,33,17,36
32,1806,1195050730323074053,33,17,36
32,1807,9400044716858764962,33,17,32
32,1808,297326857584853737,33,17,32
32,1809,7041585057030335140,33,17,36
32,1810,6748746032239035048,33,17,32
32,1811,938303629442300832,33,17,36
32,1812,13536855682146506903,33,17,32
32,1813,16558199721201623829,33,17,28
32,1814,12100374468462279870,33,17,32
32,1815,1603862894519598142,33,17,32
32,1816,13738917464743028606,33,17,32
32,1817,15426996931750135943,33,17,32
32,1818,6924194911036317316,33,17,32
32,1819,7373404513681535615,33,17,36
32,1820,9042284185336910561,33,17,32
32,1821,7315722798538802438,33,17,36
32,1822,5982462663515899818,33,17,32
32,1823,12960870835325001287,33,17,36
32,1824,17139858563635241755,33,17,32
32,1825,2447264355431085708,33,17,36
32,1826,15009768489347813837,33,17,32
32,1827,2580905263371760729,33,17,32
32,1828,14491867919284139810,33,17,32
32,1829,8264348101214062790,33,17,28
32,1830,8493230884715556225,33,17,32
32,1831,15116020427205432267,33,17,36
32,1832,6929502442374290380,33,17,36
32,1833,16021158608374183938,33,17,32
32,1834,14047827761001901598,33,17,32
32,1835,11526786428847990994,33,17,32
32,1836,18124034945162272657,33,17,36
32,1837,6810900687643409535,33,17,32
32,1838,13340953274710282958,33,17,32
32,1839,15476522723267064526,33,17,36
32,1840,8739888889951800870,33,17,32
32,1841,15456714422429868652,33,17,36
32,1842,3348234519145059101,33,17,32
32,1843,4622855317221980670,33,17,32
32,1844,6183170120837613437,33,17,32
32,1845,15617206013607076310,33,17,36
32,1846,8126063944176564264,33,17,28
32,1847,607399517349023696,33,17,32
32,1848,10081040268219974401,33,17,32
32,1849,5895751013136808255,33,17,32
32,1850,17904327603187685405,33,17,36
32,1851,13997154428919747820,33,17,32
32,1852,1232439471312596436,33,17,32
32,1853,13011849622037870238,33,17,32
32,1854,15039932598750609152,33,17,32
32,1855,15140828325646542252,33,17,36
32,1856,1237866626455201696,33,17,32
32,1857,4475837635758796452,33,17,28
32,1858,1351598986091612328,33,17,36
32,1859,462306112429704913,33,17,32
32,1860,6512697930917247628,33,17,28
32,1861,14585559512590669799,33,17,36
32,1862,15580589866816835051,33,17,36
32,1863,3127914760250125090,33,17,36
32,1864,1299833155412646263,33,17,36
32,1865,5347786711077526352,33,17,32
32,1866,12632603424361102645,33,17,32
32,1867,14548313671600329080,33,17,28
32,1868,3135948538140854162,33,17,36
32,1869,5912988258086553399,33,17,36
32,1870,4345042244783138570,33,17,32
32,1871,602312544352925778,33,17,36
32,1872,2140219563024873934,33,17,32
32,1873,11892252918960498568,33,17,36
32,1874,2966863926764167404,33,17,36
32,1875,309431719770694635,33,17,28
32,1876,6718933533786553320,33,17,32
32,1877,2339653945511540526,33,17,32
32,1878,16532277216980391745,33,17,36
32,1879,12551411537629578661,33,17,36
32,1880,17378238825131487323,33,17,32
32,1881,17141539680869314748,33,17,32
32,1882,8313983917594968976,33,17,32
32,1883,17486883431970861615,33,17,32
32,1884,4604307302757209333,33,17,36
32,1885,6129745147042975845,33,17,32
32,1886,11099474512511979555,33,17,32
32,1887,13562774664043836935,33,17,36
32,1888,6471174026827967465,33,17,32
32,1889,7409304669508855337,33,17,36
32,1890,7908954191837764494,33,17,36
32,1891,14680150883076047609,33,17,36
32,1892,8674677337579212589,33,17,36
32,1893,10765364880153609576,33,17,32
32,1894,12126030208253757317,33,17,28
32,1895,2887439209805090644,33,17,32
32,1896,16751562475999640688,33,17,40
32,1897,7633248049817082057,33,17,40
32,1898,4623068738076436962,33,17,36
32,1899,7135534530041023878,33,17,32
32,1900,17868252289804762752,33,17,32
32,1901,4938980430804804238,33,17,36
32,1902,2649694341841922969,33,17,36
32,1903,2884487424092869401,33,17,32
32,1904,2756446904311668464,33,17,40
32,1905,11626774082248815433,33,17,32
32,1906,15220544091798159920,33,17,36
32,1907,3008138939937028688,33,17,36
32,1908,18373684200808220495,33,17,32
32,1909,13743490278186750390,33,17,36
32,1910,7476057119068772836,33,17,36
32,1911,1999454329066242836,33,17,36
32,1912,9898234390662867817,33,17,36
32,1913,10359963309802307657,33,17,36
32,1914,3575594541245115945,33,17,40
32,1915,2565857812402673024,33,17,32
32,1916,9686655810919884598,33,17,32
32,1917,2292981545507364316,33,17,32
32,1918,7053939397902506421,33,17,32
32,1919,7652760923482240232,33,17,32
32,1920,9709158129947357775,33,17,32
32,1921,13513715534724164184,33,17,32
32,1922,2716031365149138085,33,17,32
32,1923,9783198318246061550,33,17,32
32,1924,14606530449712814879,33,17,32
32,1925,11363211207687948646,33,17,36
32,1926,17987854060647762202,33,17,32
32,1927,8337386258359239171,33,17,32
32,1928,2344218949636013816,33,17,36
32,1929,3936860248011512909,33,17,36
32,1930,8869148280690657550,33,17,32
32,1931,9553946668639474643,33,17,32
32,1932,1196059133801746425,33,17,36
32,1933,18065135639770320603,33,17,36
32,1934,3617633276331527332,33,17,28
32,1935,1049996616529199410,33,17,32
32,1936,4108945258083213241,33,17,36
32,1937,13790136331795197957,33,17,32
32,1938,6519539330048898872,33,17,36
32,1939,912206445168821259,33,17,32
32,1940,8712324487680416990,33,17,32
32,1941,15806016212485306924,33,17,36
32,1942,13609676857378513791,33,17,36
32,1943,7717864448072830607,33,17,28
32,1944,18180808440834898321,33,17,32
32,1945,13241217639031277800,33,17,36
32,1946,12119119940762037260,33,17,36
32,1947,5423379257203235028,33,17,40
32,1948,18217378999353514319,33,17,36
32,1949,1250826030730727977,33,17,32
32,1950,11731023912309070251,33,17,36
32,1951,5970081906232561280,33,17,32
32,1952,9902446350033392724,33,17,36
32,1953,13246693930690950856,33,17,32
32,1954,14740100136294430356,33,17,36
32,1955,11099822025795221981,33,17,32
32,1956,17486838339731684584,33,17,32
32,1957,17909122609130677849,33,17,36
32,1958,13614553258873446462,33,17,32
32,1959,12630867996519919998,33,17,32
32,1960,9946941717103883480,33,17,32
32,1961,4156565082116304078,33,17,36
32,1962,1591177783027972616,33,17,28
32,1963,333712901938294654,33,17,32
32,1964,2714364316869956891,33,17,36
32,1965,6624024484966192501,33,17,32
32,1966,5544805521342369014,33,17,36
32,1967,1582663357991003971,33,17,32
32,1968,14533576395451429848,33,17,32
32,1969,11187630943782746133,33,17,36
32,1970,5409637279087455860,33,17,36
32,1971,9737038399225776579,33,17,36
32,1972,6587482296479779525,33,17,32
32,1973,10564651131794798648,33,17,32
32,1974,4719449677267126048,33,17,36
32,1975,10151873338805525745,33,17,32
32,1976,11316398836182606416,33,17,32
32,1977,9568760008345729833,33,17,28
32,1978,1735340417188895471,33,17,36
32,1979,10886382940667337249,33,17,32
32,1980,18327307395206695229,33,17,36
32,1981,2999045884282669647,33,17,32
32,1982,12160320831774937046,33,17,40
32,1983,8804826190785767879,33,17,32
32,1984,7815238997527421434,33,17,36
32,1985,6509422351122000212,33,17,32
32,1986,8890070329589082420,33,17,36
32,1987,1457505357962396076,33,17,32
32,1988,1915809413673574777,33,17,36
32,1989,6082549848888675927,33,17,36
32,1990,16759388280448656228,33,17,32
32,1991,13946932105103360233,33,17,36
32,1992,14714492343326946442,33,17,32
32,1993,15997314790670681655,33,17,32
32,1994,16143059709342985154,33,17,32
32,1995,15398569009906333759,33,17,32
32,1996,4483521828672427941,33,17,32
32,1997,13275193842582544186,33,17,36
32,1998,7678216302803351946,33,17,32
32,1999,3956212973794940165,33,17,36
32,2000,7935368311971474818,33,17,32
32,2001,13596492505795775786,33,17,28
32,2002,10771258348948372101,33,17,28
32,2003,13209863449582869501,33,17,32
32,2004,10105240296573443013,33,17,36
32,2005,11808028524466479799,33,17,32
32,2006,6220015335669003481,33,17,32
32,2007,17851539377541718068,33,17,36
32,2008,11685017460711868242,33,17,32
32,2009,1981957688146701666,33,17,32
32,2010,3418926943033073630,33,17,32
32,2011,18004130229586569725,33,17,32
32,2012,10568966567138892180,33,17,40
32,2013,14749499114251995662,33,17,36
32,2014,17851919430472572033,33,17,32
32,2015,6861974971102192342,33,17,36
32,2016,7523143302722941623,33,17,32
32,2017,18109592107550852821,33,17,36
32,2018,9992959356429702361,33,17,36
32,2019,7134097265230956696,33,17,28
32,2020,8909825107442722253,33,17,32
32,2021,3531137996902470040,33,17,36
32,2022,6801108738624082545,33,17,36
32,2023,13646640867824673404,33,17,36
32,2024,32452936691504061,33,17,32
32,2025,16999992523767810548,33,17,36
32,2026,9702792132587379951,33,17,32
32,2027,1565421850300141244,33,17,32
32,2028,10681990651337311156,33,17,32
32,2029,10823230727039300007,33,17,36
32,2030,8713365181760287077,33,17,36
32,2031,6429435174799441977,33,17,36
32,2032,1935380026947330913,33,17,36
32,2033,5398095834295764459,33,17,36
32,2034,2666802522495692734,33,17,32
32,2035,9907470304468355356,33,17,32
32,2036,14081602882009174092,33,17,32
32,2037,8942683024873366261,33,17,32
32,2038,8004807969680962220,33,17,36
32,2039,11699132568023548628,33,17,36
32,2040,5670757903108083824,33,17,32
32,2041,4884245872286970662,33,17,32
32,2042,10547298672364469559,33,17,32
32,2043,9425659633814730710,33,17,36
32,2044,13039553874804923041,33,17,40
32,2045,17325359157400694872,33,17,32
32,2046,13618386938905657125,33,17,32
32,2047,7003154864765736925,33,17,36
32,2048,1893159621690655811,33,17,32
32,2049,8320531857568831892,33,17,36
32,2050,12954877308812126399,33,17,36
32,2051,2910804059366560644,33,17,36
32,2052,12938203861682985743,33,17,40
32,2053,870847690290069382,33,17,32
32,2054,14494977975825421425,33,17,36
32,2055,12536014747029891212,33,17,32
32,2056,726520178612936137,33,17,32
32,2057,575684446871228659,33,17,36
32,2058,569199251094361106,33,17,36
32,2059,4305507378449656137,33,17,32
32,2060,2772016276801943024,33,17,36
32,2061,3608754966856308183,33,17,32
32,2062,244948489482267731,33,17,32
32,2063,14178024085301441296,33,17,36
32,2064,13129264558114078348,33,17,36
32,2065,2467309140155185088,33,17,36
32,2066,17882737102996106852,33,17,36
32,2067,6376589890123427705,33,17,32
32,2068,9574719879440651352,33,17,32
32,2069,13813463514640886312,33,17,36
32,2070,370768907821258,33,17,32
32,2071,6432813089409742411,33,17,32
32,2072,4774587589496466408,33,17,32
32,2073,14417674565601522562,33,17,36
32,2074,7660043284312935493,33,17,36
32,2075,3201025060772221080,33,17,36
32,2076,1498879846524199835,33,17,36
32,2077,11534014575758084152,33,17,36
32,2078,7216649767405107996,33,17,32
32,2079,10038489866623859867,33,17,36
32,2080,13981970357884047222,33,17,36
32,2081,3789651304675070842,33,17,36
32,2082,2181254633194328273,33,17,36
32,2083,5704280773547019326,33,17,32
32,2084,16731902616677557766,33,17,36
32,2085,4601304650311991882,33,17,36
32,2086,10987351032419794936,33,17,36
32,2087,18023219599175009317,33,17,36
32,2088,2440583973603993135,33,17,32
32,2089,10082919815351089603,33,17,32
32,2090,7733735865413954696,33,17,32
32,2091,3650898537462863062,33,17,36
32,2092,17093316961336475983,33,17,36
32,2093,16611334276523159350,33,17,32
32,2094,76994990289224744,33,17,28
32,2095,4495651068113824629,33,17,36
32,2096,7697119581686444816,33,17,32
32,2097,11582458117080973880,33,17,32
32,2098,343442843283961605,33,17,36
32,2099,12098449227059608465,33,17,28
32,2100,943873116552414342,33,17,32
32,2101,772263102591903887,33,17,36
32,2102,14388693058861183700,33,17,32
32,2103,5998140003645550508,33,17,36
32,2104,18264823562389952055,33,17,36
32,2105,15033791120711263331,33,17,32
32,2106,2057985496958049685,33,17,32
32,2107,901797693149158215,33,17,28
32,2108,15214475308722393358,33,17,32
32,2109,15832575592552546495,33,17,32
32,2110,8258139523287968268,33,17,36
32,2111,12453105192188167984,33,17,32
32,2112,7755270191554363513,33,17,32
32,2113,14187717441779426778,33,17,36
32,2114,14930412232960430922,33,17,32
32,2115,14636658780301409952,33,17,36
32,2116,3861596816130177516,33,17,36
32,2117,13452931085603170330,33,17,36
32,2118,7301805231684853630,33,17,32
32,2119,7534537104740875177,33,17,28
32,2120,3683319965530278476,33,17,32
32,2121,13961452989819182335,33,17,32
32,2122,7885298209549425724,33,17,32
32,2123,12238475698198431375,33,17,32
32,2124,12146911028945084353,33,17,32
32,2125,4654671098850035457,33,17,32
32,2126,9357206240120919907,33,17,32
32,2127,11171395812753310264,33,17,32
32,2128,11383274474865299281,33,17,36
32,2129,5392245014329742953,33,17,32
32,2130,4527416307640351243,33,17,40
32,2131,18223357501967715560,33,17,32
32,2132,431161646852334668,33,17,36
32,2133,10655160784789252293,33,17,36
32,2134,12367986873235631926,33,17,36
32,2135,2048095792334379063,33,17,32
32,2136,7035246632593726731,33,17,36
32,2137,9620425566480033012,33,17,32
32,2138,2546586118439046853,33,17,36
32,2139,2259010640058360915,33,17,32
32,2140,452641433457115480,33,17,36
32,2141,18190348482012804838,33,17,36
32,2142,4061396951928983635,33,17,32
32,2143,11777367741356454909,33,17,32
32,2144,4533707278331299228,33,17,36
32,2145,17475666307752841077,33,17,36
32,2146,13937364884836821091,33,17,32
32,2147,12001297619318872745,33,17,32
32,2148,2095773213408479777,33,17,36
32,2149,8225146778130510747,33,17,32
32,2150,10815000995265467916,33,17,32
32,2151,9121117640444910454,33,17,32
32,2152,6975056462993997980,33,17,32
32,2153,8275227504139592260,33,17,36
32,2154,5782134853860190555,33,17,36
32,2155,16926496880824314052,33,17,36
32,2156,7863684409273127652,33,17,36
32,2157,9638835510558315257,33,17,32
32,2158,6387122933498486307,33,17,36
32,2159,3703250241373456165,33,17,32
32,2160,17998830194650068353,33,17,36
32,2161,15595265023807256544,33,17,36
32,2162,1723591987741774623,33,17,36
32,2163,3091571445938242178,33,17,32
32,2164,10889863528413698141,33,17,32
32,2165,5971762272913989665,33,17,36
32,2166,12258130293369965787,33,17,32
32,2167,13055815320225442012,33,17,32
32,2168,6170829339723323791,33,17,36
32,2169,12393332125062115045,33,17,36
32,2170,2682888510425043608,33,17,32
32,2171,5214395504593751886,33,17,36
32,2172,7514395469458342935,33,17,36
32,2173,3404115581723206304,33,17,32
32,2174,5128953472766825215,33,17,36
32,2175,10248818976948286884,33,17,32
32,2176,671641680948576178,33,17,32
32,2177,14417729210787367339,33,17,32
32,2178,7837656985552540269,33,17,32
32,2179,10768149215625635250,33,17,36
32,2180,1765802734082724068,33,17,32
32,2181,16665655137721850252,33,17,32
32,2182,13800619895162074315,33,17,36
32,2183,310613273082948791,33,17,32
32,2184,16752648218884173780,33,17,36
32,2185,2750034449012682555,33,17,32
32,2186,15937911644800796914,33,17,32
32,2187,494634724194309261,33,17,36
32,2188,16791131999444983880,33,17,32
32,2189,8382145021029463581,33,17,36
32,2190,5803557598032999426,33,17,36
32,2191,14526853966569633440,33,17,32
32,2192,9581852461273307883,33,17,36
32,2193,3240999214711609803,33,17,36
32,2194,598581129596217296,33,17,36
32,2195,6508198027292874804,33,17,36
32,2196,9955578984683146032,33,17,32
32,2197,16720443874767546360,33,17,32
32,2198,14902046371564945862,33,17,32
32,2199,12498719179782508601,33,17,32
32,2200,2429512429923021904,33,17,36
32,2201,16842818076840572741,33,17,32
32,2202,8651894321550127731,33,17,36
32,2203,14166148030458874100,33,17,36
32,2204,7730625461669186146,33,17,36
32,2205,5688107491673626127,33,17,32
32,2206,5354829284651721609,33,17,32
32,2207,12218884380792412540,33,17,32
32,2208,1040547443714830872,33,17,36
32,2209,5792654160624172273,33,17,36
32,2210,10827883341573750690,33,17,36
32,2211,9680127718383640265,33,17,28
32,2212,17527904276529749300,33,17,36
32,2213,16963740662107294381,33,17,36
32,2214,12242475071880527143,33,17,36
32,2215,9448373191210479470,33,17,32
32,2216,16497607192701269162,33,17,32
32,2217,6803757399958291692,33,17,36
32,2218,11450537815652562036,33,17,32
32,2219,10131078776970648928,33,17,36
32,2220,13636470709098657406,33,17,32
32,2221,5668432295145357739,33,17,32
32,2222,17475014777457567024,33,17,36
32,2223,915531944277078288,33,17,36
32,2224,12534228559941344284,33,17,36
32,2225,14225313016585163612,33,17,32
32,2226,8712490557634304084,33,17,36
32,2227,11351510268762529308,33,17,32
32,2228,4758922662315870158,33,17,32
32,2229,1632479561705118760,33,17,32
32,2230,16981108020094675939,33,17,32
32,2231,16440986770531352073,33,17,36
32,2232,2134773529791480947,33,17,40
32,2233,1385507072912735324,33,17,32
32,2234,3369077649685673701,33,17,32
32,2235,9134543236113686253,33,17,32
32,2236,2901364838940675190,33,17,32
32,2237,4649789591872698414,33,17,32
32,2238,11993947813054105257,33,17,36
32,2239,4105217231319538638,33,17,32
32,2240,8598791209425353073,33,17,36
32,2241,12018648438314803395,33,17,36
32,2242,18228635387916500429,33,17,36
32,2243,16737522513010660658,33,17,36
32,2244,5620045153021238779,33,17,36
32,2245,3152055398718384397,33,17,36
32,2246,13024449505964801008,33,17,32
32,2247,7341886225262481738,33,17,32
32,2248,18132725626989017396,33,17,32
32,2249,17576130942033977814,33,17,36
32,2250,17519348597357869577,33,17,32
32,2251,7732509813702640478,33,17,36
32,2252,2967412635102692786,33,17,32
32,2253,10162255664188978666,33,17,36
32,2254,9397792646000829095,33,17,32
32,2255,9329512405226232324,33,17,32
32,2256,7309854831668997090,33,17,36
32,2257,3386206245014275626,33,17,32
32,2258,14237822385786293905,33,17,28
32,2259,15347178078814569885,33,17,36
32,2260,16444676384470039717,33,17,36
32,2261,14585238355070951287,33,17,32
32,2262,8278466414278236006,33,17,32
32,2263,17449754208549815561,33,17,32
32,2264,9981306794842227270,33,17,36
32,2265,1794040818595934955,33,17,32
32,2266,10785036544482828664,33,17,36
32,2267,11823574712770658206,33,17,32
32,2268,14177370540693798539,33,17,32
32,2269,5562167587140228968,33,17,32
32,2270,7824346471730080171,33,17,32
32,2271,12272389655180260768,33,17,36
32,2272,14231321612946267146,33,17,32
32,2273,6212596957634545207,33,17,36
32,2274,9921093286618548806,33,17,32
32,2275,15054552377737982047,33,17,32
32,2276,9034453565433659629,33,17,28
32,2277,14813483707187235005,33,17,28
32,2278,3374488508758129906,33,17,32
32,2279,7574176340866462694,33,17,32
32,2280,15194476186783579129,33,17,36
32,2281,5733687982794669627,33,17,32
32,2282,15972750165794919365,33,17,36
32,2283,16579667771832985042,33,17,36
32,2284,2787215127387180793,33,17,32
32,2285,4134474574113174077,33,17,32
32,2286,7199655139354352673,33,17,28
32,2287,6367019468221826029,33,17,32
32,2288,16829567248737981359,33,17,32
32,2289,13148179309646317801,33,17,32
32,2290,16576597690298208696,33,17,32
32,2291,11076478404869959488,33,17,32
32,2292,13187015766001632678,33,17,32
32,2293,7984143325816915751,33,17,32
32,2294,18107006209845200841,33,17,32
32,2295,9572554064602522202,33,17,36
32,2296,88812273272872151,33,17,32
32,2297,8700084135594124693,33,17,32
32,2298,15372929592362718837,33,17,36
32,2299,14629645718113022875,33,17,36
32,2300,15520040238074086382,33,17,28
32,2301,5136466369475209353,33,17,40
32,2302,10256660374579076501,33,17,36
32,2303,16316898029268406147,33,17,32
32,2304,5439492037022988046,33,17,36
32,2305,15737759443842248099,33,17,32
32,2306,16432362091111980680,33,17,36
32,2307,10880189560503789515,33,17,32
32,2308,15650041085390220851,33,17,36
32,2309,17735271592248822712,33,17,32
32,2310,7862510807766718340,33,17,40
32,2311,17674725257224867506,33,17,32
32,2312,11972376876751992920,33,17,28
32,2313,16818416100153456202,33,17,32
32,2314,14909645582766368701,33,17,32
32,2315,10144718575069461303,33,17,32
32,2316,12370506958916962060,33,17,36
32,2317,7663785007005901315,33,17,36
32,2318,7804469953217799289,33,17,32
32,2319,16628314514189311370,33,17,36
32,2320,6773933325727104656,33,17,32
32,2321,6093001040469272783,33,17,36
32,2322,16363727679510029853,33,17,32
32,2323,14974374146716338274,33,17,36
32,2324,18104160889522057887,33,17,32
32,2325,446079772920921045,33,17,36
32,2326,1988908877399655323,33,17,36
32,2327,12268308776985558588,33,17,32
32,2328,9102699226358716568,33,17,36
32,2329,176981755496427107,33,17,28
32,2330,2196550804734039738,33,17,40
32,2331,17286123185021478629,33,17,28
32,2332,11696223581861497515,33,17,32
32,2333,1666336544760762956,33,17,32
32,2334,7044536850488623179,33,17,32
32,2335,9388159948584660406,33,17,32
32,2336,11461394719162715299,33,17,32
32,2337,9410451257588860640,33,17,32
32,2338,523856934652623397,33,17,36
32,2339,17553100812759756607,33,17,32
32,2340,563611054119816479,33,17,32
32,2341,15062044487782199491,33,17,32
32,2342,412736120992469006,33,17,36
32,2343,14547185960800956573,33,17,32
32,2344,4631672988167448819,33,17,36
32,2345,888936775561017753,33,17,32
32,2346,13730333049132921944,33,17,32
32,2347,16976435003175019022,33,17,36
32,2348,11256621935697299275,33,17,36
32,2349,18260976866132504628,33,17,36
32,2350,7100232510429355394,33,17,32
32,2351,3755960983237272292,33,17,36
32,2352,7045101190314786173,33,17,32
32,2353,14143195294639092108,33,17,32
32,2354,2170016595254078417,33,17,36
32,2355,15901533451489157086,33,17,36
32,2356,3282321235219929426,33,17,36
32,2357,7260721781838720127,33,17,36
32,2358,18490733547125467,33,17,36
32,2359,17177205421806844638,33,17,36
32,2360,7617671814512293389,33,17,32
32,2361,11740812078288950803,33,17,36
32,2362,15957065302732976761,33,17,36
32,2363,12433024825742480052,33,17,36
32,2364,9411729377404155894,33,17,32
32,2365,4852147708772748329,33,17,36
32,2366,11639720875345078547,33,17,36
32,2367,10207524755928104288,33,17,36
32,2368,11933641557832857270,33,17,36
32,2369,406323055745112193,33,17,32
32,2370,17022590111625813190,33,17,36
32,2371,16796575920367301649,33,17,32
32,2372,10824897352751253849,33,17,36
32,2373,7421583977655647066,33,17,32
32,2374,13491985835612082000,33,17,32
32,2375,12972989348935757700,33,17,36
32,2376,17572782369898888450,33,17,32
32,2377,1463601408016915213,33,17,32
32,2378,2257385377275186915,33,17,36
32,2379,771346380727996163,33,17,32
32,2380,18178642499457481120,33,17,32
32,2381,7758348086906705578,33,17,36
32,2382,15115384154251686366,33,17,32
32,2383,14967152873840509175,33,17,36
32,2384,1453039871487984851,33,17,32
32,2385,15493145759659224462,33,17,36
32,2386,12074228198985784092,33,17,32
32,2387,11798648299450719497,33,17,36
32,2388,11372875174804270835,33,17,32
32,2389,12312072358289145925,33,17,32
32,2390,7724532091582888701,33,17,36
32,2391,11696675787809369855,33,17,32
32,2392,4470037425520555726,33,17,36
32,2393,11329901053688038565,33,17,28
32,2394,7995058709529400495,33,17,32
32,2395,342074667872816443,33,17,32
32,2396,1916869018263552166,33,17,36
32,2397,5723190024843521554,33,17,32
32,2398,932071326709991300,33,17,36
32,2399,8526934201110102695,33,17,40
32,2400,11752740552371188247,33,17,32
32,2401,10455088309985449685,33,17,40
32,2402,2100541968985723989,33,17,36
32,2403,10427333197557214862,33,17,32
32,2404,9016473528731095988,33,17,32
32,2405,7858543941432910346,33,17,32
32,2406,5939984872236962817,33,17,28
32,2407,14229333290129326321,33,17,36
32,2408,5991275224710552365,33,17,32
32,2409,14090661032799638901,33,17,36
32,2410,1512956103345383450,33,17,36
32,2411,3805580806961559673,33,17,32
32,2412,11566754865318083977,33,17,32
32,2413,17809832259207067843,33,17,36
32,2414,4122767012655228570,33,17,32
32,2415,15509026856083783049,33,17,32
32,2416,16651917622480094704,33,17,36
32,2417,11972837184735266139,33,17,32
32,2418,16011664962212603400,33,17,36
32,2419,15628662608118137667,33,17,32
32,2420,6702270802551014991,33,17,32
32,2421,8892765058317113179,33,17,36
32,2422,11744032733526701589,33,17,36
32,2423,4477215860316737733,33,17,36
32,2424,8745068725506027041,33,17,36
32,2425,13040021152041808409,33,17,36
32,2426,14056490047620237899,33,17,32
32,2427,2599880230252044896,33,17,32
32,2428,9177031078908690237,33,17,36
32,2429,392870059371613368,33,17,36
32,2430,4725739393118758664,33,17,36
32,2431,14687198622546184845,33,17,36
32,2432,1720205033333044759,33,17,32
32,2433,15721678454825752123,33,17,36
32,2434,1452125190645896144,33,17,32
32,2435,7812646554744446502,33,17,32
32,2436,17852412257595021264,33,17,36
32,2437,9298275382244971008,33,17,32
32,2438,17578612288443983549,33,17,36
32,2439,3929546635057590272,33,17,32
32,2440,13299935713644896105,33,17,28
32,2441,13366629890190828572,33,17,32
32,2442,5296134133296680857,33,17,36
32,2443,8736296328593657583,33,17,36
32,2444,11808361401374566866,33,17,32
32,2445,7473290269511273528,33,17,32
32,2446,4025937812064499667,33,17,36
32,2447,966160209573086516,33,17,40
32,2448,13471301353290738834,33,17,32
32,2449,6917059078072386631,33,17,36
32,2450,13958145557709233308,33,17,32
32,2451,6893396312098899517,33,17,32
32,2452,13625753603436777433,33,17,36
32,2453,6967691712763239925,33,17,28
32,2454,12667880509666575829,33,17,32
32,2455,10232620792596643337,33,17,36
32,2456,5290135226491573401,33,17,32
32,2457,11356398928383815011,33,17,36
32,2458,1783172650316827727,33,17,36
32,2459,1332859411859788734,33,17,36
32,2460,8086576466949159079,33,17,32
32,2461,10702352099785304913,33,17,36
32,2462,2384525239434222012,33,17,36
32,2463,7107836959363064329,33,17,32
32,2464,15927423410028019338,33,17,32
32,2465,9001602758360150839,33,17,36
32,2466,5471707614659885169,33,17,36
32,2467,1708091871379724557,33,17,32
32,2468,10244747953448623631,33,17,40
32,2469,18343597048903210067,33,17,32
32,2470,2732331573181021933,33,17,32
32,2471,9821517672903415981,33,17,32
32,2472,18304501273162408556,33,17,32
32,2473,16787012723914886224,33,17,32
32,2474,18280278081729309979,33,17,32
32,2475,4894736201318817806,33,17,36
32,2476,10441933613621927326,33,17,36
32,2477,6416911796668106576,33,17,36
32,2478,12141459859149316349,33,17,32
32,2479,13193288842483010328,33,17,32
32,2480,7674249989109712432,33,17,32
32,2481,3188169867302590839,33,17,32
32,2482,14937887173804734884,33,17,36
32,2483,8357140002432379168,33,17,32
32,2484,1391329049788704980,33,17,32
32,2485,8156530568778719358,33,17,28
32,2486,13472220426640214025,33,17,36
32,2487,14706265770384433252,33,17,32
32,2488,17573580851981812155,33,17,36
32,2489,9500453113713463838,33,17,36
32,2490,13109192944586048764,33,17,32
32,2491,2028782127545933343,33,17,32
32,2492,12749034437372683376,33,17,32
32,2493,9010545030165157803,33,17,32
32,2494,15718655259941827770,33,17,32
32,2495,8904902740570359758,33,17,32
32,2496,3718979981445457065,33,17,36
32,2497,11124163911191245388,33,17,32
32,2498,8497505365322828098,33,17,32
32,2499,4342036549862426500,33,17,32
32,2500,4493985828275702774,33,17,40
32,2501,3157627674441697173,33,17,32
32,2502,1343759959037125475,33,17,36
32,2503,17950554031925570578,33,17,32
32,2504,6491560595939501209,33,17,32
32,2505,8396800626789535867,33,17,32
32,2506,10196024114274937092,33,17,36
32,2507,4087413421026029854,33,17,36
32,2508,9801994905636037193,33,17,40
32,2509,10624348628528730193,33,17,32
32,2510,8098951378317132186,33,17,32
32,2511,6994964467859883152,33,17,36
32,2512,5238376777738598558,33,17,32
32,2513,5425243739014236870,33,17,32
32,2514,9484478149374662492,33,17,36
32,2515,14637465445066383830,33,17,36
32,2516,7018313483193760595,33,17,36
32,2517,2758576412298062436,33,17,32
32,2518,17137621494204768700,33,17,32
32,2519,551538302354753418,33,17,36
32,2520,17499665656576045008,33,17,32
32,2521,4477936549953487100,33,17,28
32,2522,368489393737712995,33,17,36
32,2523,2891872340595683398,33,17,36
32,2524,17276907762496930376,33,17,36
32,2525,6386603332474079170,33,17,36
32,2526,7864508119445953479,33,17,36
32,2527,5662539572433788025,33,17,32
32,2528,8721647541731559738,33,17,36
32,2529,13142244753790097203,33,17,36
32,2530,6290147155923164226,33,17,36
32,2531,4641229563859377685,33,17,32
32,2532,185481797254219914,33,17,32
32,2533,4759629863236491880,33,17,36
32,2534,15485614715124509584,33,17,36
32,2535,18148522191793814720,33,17,36
32,2536,14317628682138585330,33,17,36
32,2537,10998116262693899625,33,17,36
32,2538,11823204748918704836,33,17,32
32,2539,1867320028270317846,33,17,32
32,2540,17325481664659494892,33,17,32
32,2541,11613852884914516457,33,17,32
32,2542,7401673589921468040,33,17,32
32,2543,9272632707616907966,33,17,36
32,2544,13865920837767385687,33,17,36
32,2545,12013792776941001970,33,17,36
32,2546,17390908505206387376,33,17,36
32,2547,114116395862216026,33,17,36
32,2548,9813950753797630778,33,17,32
32,2549,3092651755693824587,33,17,36
32,2550,3422190887869335753,33,17,28
32,2551,7726274747084120932,33,17,36
32,2552,13412476853260934945,33,17,40
32,2553,15002380888269738258,33,17,36
32,2554,9583560075938695879,33,17,32
32,2555,15750760679217264868,33,17,36
32,2556,17681764859655941333,33,17,36
32,2557,13692599343875997086,33,17,40
32,2558,4784269868338044186,33,17,32
32,2559,7819793699828747532,33,17,36
32,2560,12384274239904506342,33,17,36
32,2561,3218184388860798173,33,17,36
32,2562,8926986186891675178,33,17,32
32,2563,17245126998534511266,33,17,36
32,2564,13298782985317443052,33,17,32
32,2565,6605274345642016484,33,17,32
32,2566,1042161531228700721,33,17,40
32,2567,17081644403792140359,33,17,36
32,2568,16489427817028181706,33,17,32
32,2569,2812461463957778595,33,17,32
32,2570,6710589817606059535,33,17,32
32,2571,2901799935921396370,33,17,36
32,2572,14903981361902209987,33,17,32
32,2573,7557413069149679661,33,17,28
32,2574,13697359312777815516,33,17,32
32,2575,3535087870364870273,33,17,32
32,2576,940025607435425574,33,17,36
32,2577,8768844156208960340,33,17,36
32,2578,15959302530585023434,33,17,36
32,2579,980573613391575196,33,17,32
32,2580,972309976543431111,33,17,36
32,2581,2184049360448785617,33,17,32
32,2582,10437655927711470221,33,17,36
32,2583,6517322394743820924,33,17,32
32,2584,12324021854408616297,33,17,36
32,2585,17167022646982552728,33,17,36
32,2586,16755686407068810057,33,17,32
32,2587,12293582034186933795,33,17,36
32,2588,11222283630669632462,33,17,32
32,2589,2659428997102363085,33,17,32
32,2590,4517522195110993853,33,17,36
32,2591,1061921516400611291,33,17,32
32,2592,13375078666313186755,33,17,36
32,2593,15673209035574314176,33,17,32
32,2594,1531924412390926526,33,17,36
32,2595,8120743781906843223,33,17,40
32,2596,12956470635901647757,33,17,32
32,2597,9063230973639021900,33,17,36
32,2598,16255740855491482201,33,17,32
32,2599,8878043069271687732,33,17,28
32,2600,17660768616037205475,33,17,32
32,2601,13254222873370079229,33,17,32
32,2602,17848532728469441057,33,17,36
32,2603,14146036843144678498,33,17,32
32,2604,5213121847511861915,33,17,32
32,2605,366385145155696384,33,17,32
32,2606,16767527031016335261,33,17,32
32,2607,11665711913740938909,33,17,36
32,2608,10358586226041105327,33,17,32
32,2609,4035722397978704792,33,17,36
32,2610,5880524898893467008,33,17,32
32,2611,3803847110942596907,33,17,28
32,2612,3679011294753055350,33,17,36
32,2613,12708993186053613164,33,17,36
32,2614,8907737741411253919,33,17,32
32,2615,6961098827279435743,33,17,32
32,2616,1681854173153966407,33,17,36
32,2617,1944826546627148980,33,17,32
32,2618,7495050924818546158,33,17,36
32,2619,2687776284994711831,33,17,36
32,2620,5448551065357300988,33,17,36
32,2621,17809397470372480807,33,17,32
32,2622,15760857436156996980,33,17,32
32,2623,18190820133337261483,33,17,36
32,2624,1017423674865225068,33,17,32
32,2625,10269789852754156160,33,17,36
32,2626,10532142361579977519,33,17,36
32,2627,4421375018468698323,33,17,36
32,2628,11045991897262245851,33,17,36
32,2629,9544560850181067271,33,17,28
32,2630,13307461623189740312,33,17,36
32,2631,2141100774460756160,33,17,32
32,2632,11292813268159318776,33,17,36
32,2633,9325895736384351483,33,17,36
32,2634,8330648587747859692,33,17,28
32,2635,9245124454165196799,33,17,32
32,2636,14471707281118096204,33,17,32
32,2637,11189769123057533421,33,17,32
32,2638,4071586253839872844,33,17,36
32,2639,9070016959960170641,33,17,32
32,2640,18392313810073653517,33,17,36
32,2641,632513339520704115,33,17,32
32,2642,3444209256508102809,33,17,36
32,2643,9681480224832894945,33,17,32
32,2644,9984101100247026686,33,17,36
32,2645,1804390912036784259,33,17,32
32,2646,17718853142580852099,33,17,32
32,2647,18326794397480478201,33,17,32
32,2648,4921634608511821228,33,17,32
32,2649,4731653919803349704,33,17,36
32,2650,10169064785983970729,33,17,36
32,2651,3570750928721345947,33,17,32
32,2652,12019702625942943529,33,17,36
32,2653,3861989565414167125,33,17,36
32,2654,16593740661882850393,33,17,32
32,2655,14200202279865138773,33,17,36
32,2656,2841850568548580532,33,17,32
32,2657,14988768405068318661,33,17,32
32,2658,13185024295597582400,33,17,32
32,2659,16453202383451202879,33,17,32
32,2660,7800211485138493950,33,17,32
32,2661,10834657774711337045,33,17,28
32,2662,4619781230646493768,33,17,40
32,2663,10312069565326794279,33,17,32
32,2664,14578104719681701804,33,17,36
32,2665,2399813613315961520,33,17,36
32,2666,11939937257209692,33,17,40
32,2667,9024211221285196553,33,17,36
32,2668,16243592269882850596,33,17,40
32,2669,2999572527230252454,33,17,32
32,2670,2193481604716602272,33,17,32
32,2671,11200625644535426488,33,17,36
32,2672,4279216016745000304,33,17,32
32,2673,4628924471800912031,33,17,36
32,2674,14139819889864980295,33,17,32
32,2675,1222846222120910095,33,17,32
32,2676,1144165667186258501,33,17,32
32,2677,18285941403221989106,33,17,36
32,2678,892266978150034748,33,17,36
32,2679,9629976972723603594,33,17,32
32,2680,16714151855491090213,33,17,36
32,2681,17790365762746090929,33,17,36
32,2682,17219393967130459059,33,17,28
32,2683,8803309205721559649,33,17,32
32,2684,2914039236069335928,33,17,32
32,2685,2280114034362913113,33,17,36
32,2686,2348398570513798119,33,17,32
32,2687,15072999119207775659,33,17,36
32,2688,9755481519675717848,33,17,36
32,2689,17806958826998419892,33,17,36
32,2690,7931969363418222317,33,17,32
32,2691,15484419499830608777,33,17,32
32,2692,3924995222029742718,33,17,36
32,2693,12395308118060277607,33,17,32
32,2694,10010578805502584983,33,17,32
32,2695,13675381358176637320,33,17,32
32,2696,13307183382764201748,33,17,32
32,2697,9192570816785477042,33,17,36
32,2698,13845589797272214427,33,17,32
32,2699,12829479559112269538,33,17,32
32,2700,11816007923572800217,33,17,28
32,2701,7689506286368713444,33,17,36
32,2702,12307544367818254283,33,17,28
32,2703,8725840561290660120,33,17,32
32,2704,11823240222528473070,33,17,36
32,2705,14802523006501830879,33,17,32
32,2706,9834136705662852477,33,17,36
32,2707,3048702410267662842,33,17,36
32,2708,6319206619065327571,33,17,32
32,2709,12916576802802767370,33,17,32
32,2710,15850952029955086981,33,17,36
32,2711,16898087569834669185,33,17,32
32,2712,14233911297721645516,33,17,32
32,2713,18269769569720287145,33,17,32
32,2714,13286613279220282315,33,17,32
32,2715,4632797728663176840,33,17,36
32,2716,12099737800276539738,33,17,36
32,2717,1976487797178176598,33,17,32
32,2718,15482167523344055790,33,17,32
32,2719,11230916886976180414,33,17,32
32,2720,2313999960202799590,33,17,28
32,2721,9512699871830047967,33,17,32
32,2722,14499093358686261977,33,17,36
32,2723,14766082366307440234,33,17,36
32,2724,7755035483510905412,33,17,28
32,2725,2224033476285945550,33,17,36
32,2726,4750305942701697744,33,17,36
32,2727,2428545413919937143,33,17,36
32,2728,10352282245931349293,33,17,36
32,2729,16510959660754282353,33,17,32
32,2730,18361425210119977761,33,17,32
32,2731,7579815211738219814,33,17,32
32,2732,17225497147398852503,33,17,28
32,2733,446779921838660996,33,17,36
32,2734,15781101302032188968,33,17,32
32,2735,12290478084920062591,33,17,32
32,2736,11207696829255862068,33,17,32
32,2737,15027067960585071577,33,17,32
32,2738,10252142351248619836,33,17,32
32,2739,737543463322873256,33,17,36
32,2740,17385429518585870143,33,17,36
32,2741,14513680206259012952,33,17,36
32,2742,914500649418869436,33,17,32
32,2743,6945475271372342756,33,17,36
32,2744,467877740901204694,33,17,32
32,2745,5268348997849760518,33,17,32
32,2746,12086714864186920979,33,17,40
32,2747,14880056903260489640,33,17,36
32,2748,5295156614583619162,33,17,32
32,2749,13335362142376790361,33,17,32
32,2750,15812427355431062345,33,17,32
32,2751,5779076146329504269,33,17,32
32,2752,15573611455560225730,33,17,36
32,2753,8738409783237521760,33,17,32
32,2754,11102253332368575668,33,17,32
32,2755,2311184386803827527,33,17,32
32,2756,3995705990292944948,33,17,36
32,2757,6077003824917393773,33,17,32
32,2758,13451116252359701216,33,17,32
32,2759,15444574972553527446,33,17,28
32,2760,495385094509862479,33,17,36
32,2761,10116518117945535705,33,17,32
32,2762,10639683284595140195,33,17,36
32,2763,4411955252686230139,33,17,32
32,2764,11722794622050221394,33,17,36
32,2765,7564232001411902909,33,17,28
32,2766,10070236146574059828,33,17,36
32,2767,2576436417992397852,33,17,36
32,2768,5350557783183716329,33,17,32
32,2769,3009916100218736999,33,17,36
32,2770,10366360402302419203,33,17,36
32,2771,7217993335887300606,33,17,32
32,2772,6967477639796015568,33,17,32
32,2773,1431503272571930621,33,17,32
32,2774,8039133592760949307,33,17,32
32,2775,15285181995814950495,33,17,32
32,2776,3730667180553012690,33,17,36
32,2777,11571439185504242424,33,17,36
32,2778,2408674440631427561,33,17,36
32,2779,4413511244757938585,33,17,32
32,2780,4834319295698443127,33,17,32
32,2781,1878203200937986951,33,17,32
32,2782,16843920092660746795,33,17,32
32,2783,17346996877451506792,33,17,36
32,2784,3242032723338257180,33,17,32
32,2785,927041322218961216,33,17,32
32,2786,4060687548453922059,33,17,32
32,2787,13634553406721183979,33,17,32
32,2788,7986224712118949071,33,17,36
32,2789,12437797381658578360,33,17,36
32,2790,10442769848790610614,33,17,36
32,2791,4992921528854671173,33,17,36
32,2792,2754263286673513728,33,17,36
32,2793,16934394769806993813,33,17,32
32,2794,11890010357679289259,33,17,32
32,2795,6956170726136403098,33,17,32
32,2796,1795737963532188542,33,17,32
32,2797,15287304200378093681,33,17,40
32,2798,581777621731523995,33,17,36
32,2799,18135800496522819032,33,17,32
32,2800,8769300977256495120,33,17,32
32,2801,10511880778933444610,33,17,32
32,2802,6080770388680672385,33,17,36
32,2803,2191126501116943155,33,17,36
32,2804,985555448292699400,33,17,32
32,2805,3726620807583611365,33,17,32
32,2806,16404724871449588645,33,17,40
32,2807,7073203700703537213,33,17,36
32,2808,4343408759831892789,33,17,36
32,2809,4585027602834427309,33,17,36
32,2810,15892665711828513078,33,17,32
32,2811,1055494243775259416,33,17,36
32,2812,8635420546852316199,33,17,36
32,2813,496329195555353071,33,17,32
32,2814,2410009599706538331,33,17,32
32,2815,10323582355416777759,33,17,40
32,2816,11167409164658834005,33,17,32
32,2817,17240751791106321192,33,17,32
32,2818,5500602774697189336,33,17,40
32,2819,1781174978114303058,33,17,36
32,2820,6491695442329453858,33,17,36
32,2821,15937396629296887345,33,17,36
32,2822,8121966527088086808,33,17,36
32,2823,1120280403495467574,33,17,32
32,2824,15140828492640873232,33,17,32
32,2825,3052395820704197973,33,17,40
32,2826,15421154922853494422,33,17,36
32,2827,3044323852108429049,33,17,32
32,2828,3395898770577785453,33,17,36
32,2829,5517578506693923927,33,17,32
32,2830,16972675820411990890,33,17,28
32,2831,1618623191813011038,33,17,36
32,2832,4773076111960488390,33,17,32
32,2833,6325676302237995191,33,17,36
32,2834,6772747866558229219,33,17,36
32,2835,6228307885176147532,33,17,28
32,2836,1784802994574144075,33,17,32
32,2837,11121457356642075831,33,17,40
32,2838,14937502311405682817,33,17,36
32,2839,4561220307500001779,33,17,32
32,2840,7899378370468101584,33,17,32
32,2841,1053193878739672080,33,17,36
32,2842,1281881945513107206,33,17,32
32,2843,4222512531242755453,33,17,36
32,2844,15322141731553472947,33,17,36
32,2845,644355198616836171,33,17,36
32,2846,1556758028610860821,33,17,36
32,2847,11934071036077860818,33,17,36
32,2848,17698430125481810613,33,17,32
32,2849,4193149527999270294,33,17,36
32,2850,105609005114401256,33,17,32
32,2851,3719688249645403060,33,17,28
32,2852,13187263588987361266,33,17,32
32,2853,2560421565031521924,33,17,36
32,2854,16541601085032094849,33,17,36
32,2855,6237002978812898712,33,17,32
32,2856,9040981988135314877,33,17,40
32,2857,10458261741010576324,33,17,36
32,2858,2457552707291078995,33,17,32
32,2859,15884567342651645017,33,17,36
32,2860,9047063795510903715,33,17,36
32,2861,5403824659017119013,33,17,32
32,2862,13677106001787310834,33,17,32
32,2863,5722685191167954201,33,17,36
32,2864,16141308841178601873,33,17,36
32,2865,13483806025328010537,33,17,36
32,2866,17661041218332614401,33,17,36
32,2867,14872729674063069861,33,17,32
32,2868,11268011916734370031,33,17,32
32,2869,2286656132947895534,33,17,36
32,2870,11905046134543055438,33,17,36
32,2871,4568088498089627189,33,17,36
32,2872,15386490236175709476,33,17,36
32,2873,1769438786142762626,33,17,32
32,2874,7665855354787964248,33,17,36
32,2875,16649339683903488428,33,17,36
32,2876,12755449558682414902,33,17,36
32,2877,6931099907423195673,33,17,36
32,2878,1743859028655499159,33,17,32
32,2879,1556619535243303917,33,17,40
32,2880,15436825145178606323,33,17,36
32,2881,4552003931703965224,33,17,32
32,2882,2477824773601177840,33,17,32
32,2883,7792277754775895388,33,17,36
32,2884,2926917063014399614,33,17,36
32,2885,11878029870336135050,33,17,32
32,2886,15531992057343724593,33,17,36
32,2887,10024741907774137481,33,17,36
32,2888,12313648418261816149,33,17,36
32,2889,17018745224612704330,33,17,28
32,2890,2869292552504003551,33,17,36
32,2891,6516230895472716098,33,17,36
32,2892,12469705531837967878,33,17,40
32,2893,40693715132915061,33,17,32
32,2894,10746464843124002767,33,17,36
32,2895,8721358718354788325,33,17,36
32,2896,5255120424877997234,33,17,32
32,2897,3584983121665093959,33,17,32
32,2898,14735248483237927669,33,17,32
32,2899,17444704508818376012,33,17,36
32,2900,11939236515107251272,33,17,36
32,2901,815675812662874054,33,17,36
32,2902,13091046262101885330,33,17,36
32,2903,10126307985200218929,33,17,32
32,2904,15853230482524445642,33,17,36
32,2905,14558054334074311094,33,17,28
32,2906,15191746359654757095,33,17,36
32,2907,9064802502784435632,33,17,32
32,2908,15164063816114326670,33,17,36
32,2909,11384805173134779192,33,17,36
32,2910,16607012077547944664,33,17,32
32,2911,12669324892006238063,33,17,32
32,2912,14752288366582454244,33,17,36
32,2913,6754645030207641548,33,17,32
32,2914,3623724362624429709,33,17,36
32,2915,12921297188229477708,33,17,36
32,2916,8212767393986934571,33,17,36
32,2917,4813474247638280954,33,17,32
32,2918,17092458699135901402,33,17,32
32,2919,2853388598570513308,33,17,32
32,2920,17785418462349544988,33,17,32
32,2921,10815526276593380078,33,17,36
32,2922,11236975508897197184,33,17,32
32,2923,8098457414130583146,33,17,32
32,2924,11850629933582018720,33,17,40
32,2925,10860773356653599065,33,17,36
32,2926,3928509334423992780,33,17,36
32,2927,15496111648544049248,33,17,28
32,2928,16826221265318815738,33,17,36
32,2929,9877352130250288485,33,17,36
32,2930,9318750087682764160,33,17,32
32,2931,4524261164506330220,33,17,36
32,2932,4196814362174789033,33,17,36
32,2933,5200277067109211021,33,17,32
32,2934,273422717405763766,33,17,32
32,2935,8948592041680456716,33,17,32
32,2936,14717680327258399865,33,17,32
32,2937,8930862384957142014,33,17,32
32,2938,6954794907833843836,33,17,32
32,2939,8116397374884770696,33,17,36
32,2940,8109721369579192834,33,17,32
32,2941,15882504131425038441,33,17,32
32,2942,5376803384978371854,33,17,36
32,2943,2552210908118525628,33,17,32
32,2944,17170441679428176052,33,17,32
32,2945,14377929216879404750,33,17,36
32,2946,10988923637691543039,33,17,36
32,2947,3282917953897177701,33,17,32
32,2948,3372763115793829720,33,17,36
32,2949,16733450966173441714,33,17,32
32,2950,13416342715004529657,33,17,32
32,2951,13600946574276432087,33,17,32
32,2952,11098150190163982607,33,17,36
32,2953,8877803420171286409,33,17,36
32,2954,17125543406199740989,33,17,32
32,2955,11889796132129660440,33,17,36
32,2956,7729802416000238878,33,17,32
32,2957,11395745396520572563,33,17,36
32,2958,4702032300792765390,33,17,32
32,2959,10103793762782406337,33,17,32
32,2960,7305155670525511923,33,17,32
32,2961,14238352325275610752,33,17,32
32,2962,9124221765659302453,33,17,32
32,2963,12415212128672438379,33,17,36
32,2964,7475835168674602472,33,17,36
32,2965,12904240594067731667,33,17,32
32,2966,6079998072205221659,33,17,32
32,2967,16559526970812816262,33,17,36
32,2968,12950948581939260044,33,17,32
32,2969,9748329119164948043,33,17,36
32,2970,4642060399268501537,33,17,36
32,2971,9225509523403350313,33,17,32
32,2972,8817766606173893107,33,17,40
32,2973,12910838916449402823,33,17,36
32,2974,7019841731083996665,33,17,36
32,2975,9993085580014118273,33,17,36
32,2976,18422850549459656162,33,17,32
32,2977,12871997164409083178,33,17,32
32,2978,8484438661296599043,33,17,36
32,2979,7404970945395183714,33,17,40
32,2980,3261578158730061320,33,17,32
32,2981,4365392998706506529,33,17,32
32,2982,861243064143542131,33,17,32
32,2983,16317105576680925467,33,17,40
32,2984,16930681406542030251,33,17,36
32,2985,13935228821313832975,33,17,32
32,2986,6730144656994791548,33,17,36
32,2987,15037909666138247861,33,17,36
32,2988,5628815547318339638,33,17,32
32,2989,2595237651421671829,33,17,32
32,2990,14358994087872594655,33,17,36
32,2991,404723768271415542,33,17,32
32,2992,4970223360573753505,33,17,32
32,2993,17025988286816875347,33,17,32
32,2994,17020459660811587270,33,17,32
32,2995,11550355328471747040,33,17,36
32,2996,14770182219105937264,33,17,32
32,2997,2535035416440818351,33,17,40
32,2998,17536431257900092731,33,17,32
32,2999,6973318048511771769,33,17,36
32,3000,6036355095361644434,33,17,32
32,3001,610972054197339320,33,17,36
32,3002,10504648618620573202,33,17,36
32,3003,16741722895962840857,33,17,36
32,3004,16756198951706844863,33,17,36
32,3005,7656990719804711120,33,17,32
32,3006,14181499914897781962,33,17,36
32,3007,6387991459971069862,33,17,32
32,3008,10785063598837971451,33,17,32
32,3009,13650948332972438002,33,17,36
32,3010,4597140202610004793,33,17,36
32,3011,10625558626631548677,33,17,36
32,3012,16153467631303806070,33,17,32
32,3013,2962463663174167269,33,17,32
32,3014,1112124103625986149,33,17,36
32,3015,11534749364716901285,33,17,32
32,3016,5237708081791562382,33,17,36
32,3017,6003335812993013050,33,17,28
32,3018,5728986493334237443,33,17,32
32,3019,16029521988639432966,33,17,36
32,3020,14392515228155286722,33,17,32
32,3021,5629842846087484708,33,17,32
32,3022,3717646166929582086,33,17,36
32,3023,6459296382264278417,33,17,32
32,3024,7690035878251864973,33,17,36
32,3025,6654333382876908186,33,17,32
32,3026,16177242237231001577,33,17,32
32,3027,1104001401327585781,33,17,28
32,3028,76932584546088445,33,17,32
32,3029,7010977056059995522,33,17,32
32,3030,12131746452594072486,33,17,32
32,3031,18000764816687923660,33,17,32
32,3032,8180438668626860581,33,17,36
32,3033,9506696061301033441,33,17,32
32,3034,6096647120579070943,33,17,32
32,3035,3229413316324349463,33,17,36
32,3036,1907136370826529552,33,17,32
32,3037,7371688564660052827,33,17,36
32,3038,17079261894912159354,33,17,32
32,3039,15591724351534724886,33,17,32
32,3040,2828234339613909800,33,17,32
32,3041,15559084570874915111,33,17,36
32,3042,14963604739182283486,33,17,36
32,3043,14590622608491574694,33,17,28
32,3044,10830857616567107398,33,17,32
32,3045,3250107350008594227,33,17,32
32,3046,16228926571722519999,33,17,36
32,3047,15422236051506377009,33,17,36
32,3048,10115303055395895540,33,17,32
32,3049,5989051089100562813,33,17,32
32,3050,278987562135876697,33,17,32
32,3051,12194975565169108098,33,17,36
32,3052,15349882401097779165,33,17,36
32,3053,17491606289864109056,33,17,36
32,3054,16144178907166378522,33,17,36
32,3055,3667674515284316549,33,17,36
32,3056,2401955128574647689,33,17,36
32,3057,6150284592047980096,33,17,36
32,3058,11873944185324045514,33,17,36
32,3059,5889542103414442546,33,17,32
32,3060,16717949101421758524,33,17,32
32,3061,9672749763586099175,33,17,32
32,3062,10206640516326851341,33,17,32
32,3063,14326452641034207819,33,17,36
32,3064,18140614062315032463,33,17,32
32,3065,348752664171720902,33,17,36
32,3066,16381506905642560880,33,17,36
32,3067,10528400193037793022,33,17,36
32,3068,14517499807687566744,33,17,36
32,3069,11154038165357924508,33,17,32
32,3070,13669855452562423550,33,17,32
32,3071,8671718884171934054,33,17,32
32,3072,10034089235072931535,33,17,36
32,3073,9958826567696061690,33,17,36
32,3074,7890023419632780286,33,17,36
32,3075,12126185956525294022,33,17,36
32,3076,14793155196307336120,33,17,36
32,3077,9833204110773410848,33,17,36
32,3078,15871501633910261871,33,17,32
32,3079,11391643106588081400,33,17,36
32,3080,6052414053300332270,33,17,32
32,3081,8133253012258046169,33,17,32
32,3082,9274213017120987899,33,17,32
32,3083,13889560528617326382,33,17,36
32,3084,186782365518579601,33,17,32
32,3085,12317484140446167365,33,17,36
32,3086,12385309997773033418,33,17,32
32,3087,6011474844154783335,33,17,32
32,3088,1540412866241124688,33,17,36
32,3089,10636878285198501783,33,17,32
32,3090,3573128270140774274,33,17,32
32,3091,12550326975597382798,33,17,36
32,3092,17545537450071696140,33,17,32
32,3093,12904108339468469012,33,17,32
32,3094,4570149283852737539,33,17,36
32,3095,2996766261383872041,33,17,28
32,3096,12021419473661537402,33,17,36
32,3097,2649437001513425647,33,17,32
32,3098,11828179958330731701,33,17,40
32,3099,1599950832731411658,33,17,36
32,3100,3659579176008687148,33,17,36
32,3101,12890745850111155131,33,17,32
32,3102,7735845545355750510,33,17,32
32,3103,10252801456795359408,33,17,32
32,3104,17463298942022639223,33,17,32
32,3105,3395690166309729435,33,17,36
32,3106,14862151648932469977,33,17,32
32,3107,16070526909463736341,33,17,36
32,3108,7795368704252385030,33,17,28
32,3109,5014261694187039810,33,17,32
32,3110,12825085079386539116,33,17,32
32,3111,5170648873698823979,33,17,32
32,3112,2135442043619015267,33,17,36
32,3113,17945841867720812341,33,17,36
32,3114,9944608574496599695,33,17,32
32,3115,9683558256257176848,33,17,32
32,3116,253686711400312652,33,17,36
32,3117,17930631096716213586,33,17,36
32,3118,6739306636913187479,33,17,32
32,3119,12071592843158071406,33,17,32
32,3120,15921248643932120167,33,17,32
32,3121,6659727270698205055,33,17,36
32,3122,10182664069049363484,33,17,32
32,3123,11558716288304293238,33,17,32
32,3124,13666909684002960746,33,17,36
32,3125,12566418075343634697,33,17,36
32,3126,9541476990846135855,33,17,36
32,3127,10330542404706391346,33,17,40
32,3128,5985207266582847846,33,17,32
32,3129,4617202198353028597,33,17,36
32,3130,12375673839809605,33,17,32
32,3131,2299887524445661001,33,17,36
32,3132,7382959004670928114,33,17,32
32,3133,5535976872987376051,33,17,36
32,3134,8633205421840479607,33,17,36
32,3135,12942576717424259903,33,17,32
32,3136,8691850938894281482,33,17,32
32,3137,14421397295015951103,33,17,36
32,3138,1472834757738586944,33,17,32
32,3139,16508871786468889683,33,17,32
32,3140,16035786876956558285,33,17,32
32,3141,8541702181690832273,33,17,36
32,3142,10005592752201349440,33,17,32
32,3143,2099364260024242174,33,17,36
32,3144,6497434798007523217,33,17,32
32,3145,13216838897117780551,33,17,36
32,3146,16792790888846611588,33,17,36
32,3147,11161763462431717614,33,17,36
32,3148,18430048149918029940,33,17,36
32,3149,16678214339901782464,33,17,32
32,3150,8492529017741808166,33,17,36
32,3151,17739492354058877957,33,17,36
32,3152,4196575087611198319,33,17,36
32,3153,14411793631168031534,33,17,36
32,3154,2633264649928184160,33,17,32
32,3155,11052388101918623811,33,17,32
32,3156,919770314600929192,33,17,36
32,3157,4281761907632137575,33,17,32
32,3158,7454799795054124879,33,17,36
32,3159,14153047893911193137,33,17,36
32,3160,14468914799626587443,33,17,36
32,3161,3470751545838594471,33,17,32
32,3162,2136346268841753358,33,17,32
32,3163,1248222043254953201,33,17,36
32,3164,3090180304367290770,33,17,28
32,3165,1501509374906064351,33,17,32
32,3166,12929331149137545936,33,17,36
32,3167,2195192127473752645,33,17,32
32,3168,1536021087487779618,33,17,32
32,3169,5484689206515302919,33,17,32
32,3170,4902741272695731630,33,17,36
32,3171,4719686171651673241,33,17,32
32,3172,2905687919162952336,33,17,36
32,3173,12978442789607750275,33,17,36
32,3174,13720748237867624303,33,17,36
32,3175,3993775044263977809,33,17,36
32,3176,16121990374910558772,33,17,32
32,3177,2115889588553823003,33,17,32
32,3178,5355582786648783410,33,17,32
32,3179,229355895955244340,33,17,36
32,3180,228516590874572580,33,17,36
32,3181,1895211387103794792,33,17,32
32,3182,10884726326636728547,33,17,36
32,3183,10101263270569789572,33,17,32
32,3184,15009415427242241843,33,17,32
32,3185,15330370077950427240,33,17,32
32,3186,15320402439205524303,33,17,32
32,3187,16491503487642699827,33,17,32
32,3188,6161023202991786085,33,17,36
32,3189,17648081673054045862,33,17,32
32,3190,12377276430262440030,33,17,36
32,3191,4945605538495774319,33,17,32
32,3192,495798670336397953,33,17,32
32,3193,18403637529250625685,33,17,36
32,3194,16270361796492177650,33,17,36
32,3195,7272814482622281599,33,17,32
32,3196,979786011106947634,33,17,36
32,3197,14846717291524546771,33,17,32
32,3198,395704941127800743,33,17,40
32,3199,8026324770215550800,33,17,36
32,3200,2707345577152312750,33,17,36
32,3201,7260728191765550434,33,17,32
32,3202,7657626835148938708,33,17,28
32,3203,9043478062730912098,33,17,32
32,3204,7808406895694046981,33,17,32
32,3205,14539803234906534681,33,17,36
32,3206,12510974441797670648,33,17,36
32,3207,8744627837105768393,33,17,36
32,3208,8433259023446073630,33,17,32
32,3209,14427500695350712720,33,17,32
32,3210,8759797328260299356,33,17,32
32,3211,4243462134300996080,33,17,40
32,3212,8457218828648979748,33,17,32
32,3213,2735723612414399317,33,17,36
32,3214,9270871849132033575,33,17,36
32,3215,13078627749794076948,33,17,32
32,3216,3432101356337528293,33,17,36
32,3217,16735833451834190594,33,17,36
32,3218,6146578557898101536,33,17,32
32,3219,9347514586642513410,33,17,36
32,3220,5226447685788393884,33,17,36
32,3221,5966305944019328169,33,17,32
32,3222,11509156297143155120,33,17,32
32,3223,4233688284609222681,33,17,36
32,3224,51913279216570410,33,17,36
32,3225,13352160523377096228,33,17,32
32,3226,3681440165045353940,33,17,36
32,3227,18396606914449080344,33,17,32
32,3228,8260837655890509525,33,17,36
32,3229,18351485139528444210,33,17,36
32,3230,2349630429460787389,33,17,32
32,3231,1277001955848967269,33,17,36
32,3232,6595677486749165551,33,17,36
32,3233,10772112726217581998,33,17,32
32,3234,17916982416308341342,33,17,36
32,3235,508161416205945644,33,17,32
32,3236,13920024710107292835,33,17,36
32,3237,7995457530550626853,33,17,32
32,3238,7292170912948752781,33,17,36
32,3239,13948569300899775260,33,17,36
32,3240,9064354637064358247,33,17,36
32,3241,4746149137808277063,33,17,32
32,3242,15165571944543117672,33,17,32
32,3243,53599991813205446,33,17,32
32,3244,3807061358953890278,33,17,32
32,3245,8737442673948415660,33,17,32
32,3246,7494359610890370486,33,17,32
32,3247,9850548669654744076,33,17,32
32,3248,11206966160452834643,33,17,36
32,3249,3137132478541552107,33,17,36
32,3250,12577074714704722497,33,17,32
32,3251,9913996905211660139,33,17,32
32,3252,12704885968000279278,33,17,36
32,3253,3825816344722676722,33,17,32
32,3254,8360944564908456415,33,17,36
32,3255,9705466182566623127,33,17,36
32,3256,321521690912288484,33,17,36
32,3257,7779679606494234270,33,17,36
32,3258,1035391397769795806,33,17,36
32,3259,18011477686437455306,33,17,40
32,3260,11807751166020916707,33,17,28
32,3261,370243816431542038,33,17,28
32,3262,3053513467013161857,33,17,36
32,3263,5326601093497207178,33,17,36
32,3264,14822123896760171036,33,17,40
32,3265,8826385421199619230,33,17,32
32,3266,3316178973568200818,33,17,36
32,3267,16573645936500034665,33,17,32
32,3268,17257161513356058669,33,17,32
32,3269,12174172353996968801,33,17,32
32,3270,4960849254886059178,33,17,32
32,3271,9090416532917837117,33,17,32
32,3272,5214812455474159039,33,17,36
32,3273,4362127868744104311,33,17,28
32,3274,9731197739285121559,33,17,36
32,3275,15673165724770032242,33,17,36
32,3276,12437396235829676289,33,17,40
32,3277,12286781693928044373,33,17,32
32,3278,5205580828308205965,33,17,36
32,3279,4224578506941514528,33,17,36
32,3280,8579603422849902578,33,17,32
32,3281,16075960674983454802,33,17,36
32,3282,14980053284459594207,33,17,36
32,3283,18136449364388587997,33,17,32
32,3284,8761943992932892338,33,17,32
32,3285,11113300736895737789,33,17,36
32,3286,13324231165646462874,33,17,36
32,3287,4237116769960280071,33,17,32
32,3288,9653852527236000286,33,17,36
32,3289,3898665807882228510,33,17,32
32,3290,10031667040152978487,33,17,36
32,3291,3609924010642822642,33,17,36
32,3292,18037583929563951469,33,17,32
32,3293,9396147257312606976,33,17,32
32,3294,11179316519701373218,33,17,36
32,3295,15164854656880427527,33,17,32
32,3296,6411483573046596362,33,17,36
32,3297,18436207830585287185,33,17,32
32,3298,777462602552052009,33,17,36
32,3299,5284439496531563102,33,17,36
32,3300,10845119579220872631,33,17,40
32,3301,13945126120228104649,33,17,36
32,3302,12607520626943197260,33,17,32
32,3303,6786111735454845051,33,17,36
32,3304,5841764201547753550,33,17,32
32,3305,17707562423394807682,33,17,36
32,3306,13098464157547171053,33,17,32
32,3307,13111369841894609617,33,17,32
32,3308,4370710778524669092,33,17,32
32,3309,15269480023810175837,33,17,32
32,3310,7888818576101260648,33,17,36
32,3311,5935953625720108061,33,17,36
32,3312,18041453602637384301,33,17,32
32,3313,15909933111288656779,33,17,32
32,3314,11964362038161495449,33,17,36
32,3315,13417577053662014954,33,17,32
32,3316,2971208312747339804,33,17,36
32,3317,6634235828963341030,33,17,36
32,3318,14457851305869184515,33,17,36
32,3319,15400112706952636868,33,17,36
32,3320,17398909018671372539,33,17,36
32,3321,16503259339047948712,33,17,36
32,3322,11773569189566747625,33,17,36
32,3323,4404803783761108214,33,17,40
32,3324,14457546286801759856,33,17,32
32,3325,298441516378584831,33,17,32
32,3326,1113691312572292522,33,17,36
32,3327,16535120991493775583,33,17,36
32,3328,18099326958114805066,33,17,36
32,3329,11923450526652759802,33,17,36
32,3330,18226291596034944773,33,17,36
32,3331,8363424712619419577,33,17,32
32,3332,17804616090575581509,33,17,36
32,3333,17541408915550952138,33,17,32
32,3334,9191196418015706622,33,17,32
32,3335,16688332934391104170,33,17,36
32,3336,17732633065061017947,33,17,32
32,3337,1818653980609668403,33,17,32
32,3338,17229984427479776998,33,17,36
32,3339,4282161678484046505,33,17,32
32,3340,14609849621087498049,33,17,32
32,3341,15252451482499529604,33,17,36
32,3342,11150789462690865837,33,17,32
32,3343,5555813940537166666,33,17,36
32,3344,17788829455098700073,33,17,36
32,3345,1303677961416443273,33,17,36
32,3346,1760127248283164914,33,17,40
32,3347,12601951037199803821,33,17,28
32,3348,16334300113911075964,33,17,36
32,3349,10146148744614787512,33,17,28
32,3350,3950426017978076397,33,17,32
32,3351,4355015950326716703,33,17,28
32,3352,16651280487324973194,33,17,32
32,3353,5411577177299185311,33,17,32
32,3354,12960638812011688468,33,17,36
32,3355,12747717418023817142,33,17,32
32,3356,5155751909422587485,33,17,32
32,3357,8747226536240966558,33,17,32
32,3358,8797820506036301213,33,17,32
32,3359,7728431134346575843,33,17,36
32,3360,12130052722455574976,33,17,36
32,3361,5188285511269123764,33,17,36
32,3362,17993892775008377393,33,17,32
32,3363,12550514417665382778,33,17,36
32,3364,7167384860443787406,33,17,36
32,3365,13967138686561951719,33,17,32
32,3366,17048770180232436157,33,17,32
32,3367,14226546127603533610,33,17,32
32,3368,16155390936167911825,33,17,32
32,3369,630127280006446434,33,17,36
32,3370,10457209762848091845,33,17,28
32,3371,11624790350583601915,33,17,36
32,3372,17476943993899285242,33,17,36
32,3373,16230603424803129794,33,17,32
32,3374,17757661958371909812,33,17,32
32,3375,4990925807585617112,33,17,32
32,3376,15427878014807348236,33,17,36
32,3377,15028994980939185725,33,17,32
32,3378,5740430774279735106,33,17,36
32,3379,3609247670634995903,33,17,36
32,3380,6839940060745353309,33,17,36
32,3381,16581060505246802793,33,17,36
32,3382,9340396465906036238,33,17,36
32,3383,14989853502370838699,33,17,36
32,3384,6018707863957944577,33,17,32
32,3385,2942816221687069742,33,17,32
32,3386,3802704258062564884,33,17,32
32,3387,16757252076012238806,33,17,32
32,3388,5630091212518597071,33,17,36
32,3389,7476268754906412095,33,17,40
32,3390,13583166492989777453,33,17,28
32,3391,2524763099696895524,33,17,32
32,3392,17340199437802641164,33,17,36
32,3393,13576274622534190652,33,17,32
32,3394,1569839568784694219,33,17,36
32,3395,14212595539752353545,33,17,36
32,3396,12236984184871115110,33,17,36
32,3397,6033209409085112422,33,17,28
32,3398,14251583675904226352,33,17,36
32,3399,665249159220246463,33,17,36
32,3400,15219304331817688354,33,17,32
32,3401,3423329839276522298,33,17,32
32,3402,4191106558767960253,33,17,32
32,3403,2834637177634050314,33,17,36
32,3404,2976156845381307864,33,17,32
32,3405,3150413263431340416,33,17,32
32,3406,12109125347656785479,33,17,36
32,3407,8010807714027236003,33,17,32
32,3408,12830112190616450754,33,17,32
32,3409,3160256849650758736,33,17,32
32,3410,14252513758392919534,33,17,36
32,3411,1423301294694538921,33,17,36
32,3412,3916540439032720794,33,17,40
32,3413,1921138986096029550,33,17,36
32,3414,9267798887305884786,33,17,36
32,3415,15134408411379691975,33,17,32
32,3416,13195612590524947322,33,17,32
32,3417,6629245300243556295,33,17,32
32,3418,8287807377625269186,33,17,32
32,3419,16540949257269137546,33,17,36
32,3420,16210622311472850263,33,17,32
32,3421,17295330125342106186,33,17,32
32,3422,10344093156129777379,33,17,32
32,3423,4234550982865815981,33,17,32
32,3424,16313754650258827133,33,17,36
32,3425,9972194410873640031,33,17,32
32,3426,17280136784980671006,33,17,32
32,3427,12273428153528889156,33,17,32
32,3428,10328998896426120149,33,17,32
32,3429,11586168293500204066,33,17,32
32,3430,14555456357192785193,33,17,36
32,3431,1178526119624272290,33,17,32
32,3432,3989740417491819125,33,17,32
32,3433,9680863889369405051,33,17,32
32,3434,11653754066698108416,33,17,36
32,3435,890491120535804868,33,17,36
32,3436,9259619432788088728,33,17,32
32,3437,1530494535253452231,33,17,32
32,3438,14585359241931405219,33,17,36
32,3439,15983597380855475232,33,17,32
32,3440,17689203999282498410,33,17,32
32,3441,11481228005108229060,33,17,32
32,3442,8856481318937182924,33,17,36
32,3443,135629884961092806,33,17,36
32,3444,4851869275665439858,33,17,36
32,3445,16620941921973294442,33,17,36
32,3446,2964958734462567114,33,17,36
32,3447,11817226208689571374,33,17,32
32,3448,3170213382285318315,33,17,36
32,3449,15776949686147188477,33,17,32
32,3450,10431868682411245786,33,17,36
32,3451,5510066471782995623,33,17,32
32,3452,965798542934471283,33,17,36
32,3453,12836559456916104254,33,17,40
32,3454,8326794346420450990,33,17,32
32,3455,1990356947034215370,33,17,36
32,3456,10331556191434262469,33,17,32
32,3457,15467650097234381009,33,17,32
32,3458,17995140481096104462,33,17,32
32,3459,9169000123885145811,33,17,36
32,3460,15603245933059068177,33,17,32
32,3461,17987157800566396584,33,17,36
32,3462,4700114211494587260,33,17,36
32,3463,10815754065989932481,33,17,32
32,3464,2314154836930324936,33,17,40
32,3465,6734895868203807601,33,17,36
32,3466,754609687693476145,33,17,36
32,3467,12383390777776749119,33,17,28
32,3468,18056623413871767520,33,17,32
32,3469,1774670886447938177,33,17,32
32,3470,17927250073113157735,33,17,36
32,3471,8451247281792764713,33,17,32
32,3472,17244124789286782410,33,17,36
32,3473,14119767603380398813,33,17,36
32,3474,250941692859829756,33,17,36
32,3475,6719840582823249399,33,17,36
32,3476,16269582177565166082,33,17,36
32,3477,10465004805128603224,33,17,32
32,3478,5589771177155215781,33,17,32
32,3479,3040193492179427366,33,17,32
32,3480,1165081482247796996,33,17,36
32,3481,1853500917339139897,33,17,32
32,3482,16820802725365321593,33,17,32
32,3483,14284966503707483352,33,17,32
32,3484,118671036439055651,33,17,36
32,3485,8949965221668931194,33,17,32
32,3486,17670714530574325853,33,17,36
32,3487,13756302570176975223,33,17,32
32,3488,1739955167887670830,33,17,36
32,3489,8827197026210731211,33,17,36
32,3490,13583639311014404875,33,17,36
32,3491,16207056024657078107,33,17,36
32,3492,6450067206833654323,33,17,36
32,3493,590048388422897126,33,17,32
32,3494,11397266899703075162,33,17,36
32,3495,15956075655911562324,33,17,32
32,3496,5696066544017193917,33,17,32
32,3497,15315554154982126165,33,17,36
32,3498,4097444743920978113,33,17,36
32,3499,9793655789686778330,33,17,36
32,3500,2500751663742289308,33,17,32
32,3501,14938281462879670289,33,17,36
32,3502,8482989131032806441,33,17,32
32,3503,6494474763751713744,33,17,36
32,3504,11608103161023477391,33,17,36
32,3505,14219093653436203343,33,17,36
32,3506,14727928157481517502,33,17,32
32,3507,6878476361022205474,33,17,36
32,3508,18439104735819253131,33,17,36
32,3509,14190199172393625448,33,17,36
32,3510,15053033348419534352,33,17,32
32,3511,9059400681886920910,33,17,32
32,3512,3415303021013334232,33,17,36
32,3513,8993241990782972856,33,17,36
32,3514,195831550041021124,33,17,32
32,3515,14177662517984694839,33,17,40
32,3516,14932122891164919173,33,17,32
32,3517,14699480812873503604,33,17,32
32,3518,16211989537762762170,33,17,36
32,3519,6783639137232778260,33,17,32
32,3520,2615068630275036663,33,17,36
32,3521,10844456606439672963,33,17,36
32,3522,15726380056881226511,33,17,36
32,3523,3700286404884482823,33,17,32
32,3524,13409110355708532908,33,17,32
32,3525,13650877953438198671,33,17,32
32,3526,6084239566395349031,33,17,32
32,3527,2532806730252085691,33,17,36
32,3528,12359986956553526079,33,17,32
32,3529,6560320174547228234,33,17,32
32,3530,13931121791886954384,33,17,32
32,3531,13261442812910305350,33,17,32
32,3532,3009698068739061832,33,17,32
32,3533,12565117446917211938,33,17,32
32,3534,7927272348954743694,33,17,32
32,3535,12425790090239537626,33,17,32
32,3536,17013951541748848425,33,17,32
32,3537,9977773694957718843,33,17,36
32,3538,688982547982480487,33,17,36
32,3539,5687260649216216475,33,17,36
32,3540,11403028010974028391,33,17,32
32,3541,11165063914694299447,33,17,36
32,3542,14043080608241547213,33,17,32
32,3543,9902671371921688830,33,17,36
32,3544,9291349600786327642,33,17,36
32,3545,7068950844876186348,33,17,36
32,3546,13770343598469784574,33,17,32
32,3547,17573265437374663895,33,17,36
32,3548,11767070564009868110,33,17,32
32,3549,8281380525165989897,33,17,36
32,3550,617780425744842131,33,17,36
32,3551,7949241311794146115,33,17,36
32,3552,1056318915629949930,33,17,36
32,3553,3327941502630745750,33,17,36
32,3554,15590641090833233910,33,17,36
32,3555,16410941252968548318,33,17,32
32,3556,2512276167547036664,33,17,32
32,3557,373156821218607222,33,17,36
32,3558,15882915361571581806,33,17,32
32,3559,12255697921817424876,33,17,28
32,3560,9056854440544764798,33,17,36
32,3561,14814553551546190602,33,17,36
32,3562,9022712831058248090,33,17,32
32,3563,712583621523303393,33,17,36
32,3564,2142107271059190528,33,17,32
32,3565,258888681251431219,33,17,36
32,3566,1364236192929373850,33,17,32
32,3567,4904053247012885678,33,17,36
32,3568,7284940036675109049,33,17,32
32,3569,8191049713261735099,33,17,32
32,3570,10106498737700139655,33,17,32
32,3571,5890138356340187470,33,17,32
32,3572,4045840495580216170,33,17,32
32,3573,2827702699036765722,33,17,28
32,3574,17632499769162885263,33,17,40
32,3575,14186216262701208896,33,17,36
32,3576,9317632707238956196,33,17,32
32,3577,16762393941661343062,33,17,32
32,3578,15735611506579471600,33,17,32
32,3579,16523872045228050418,33,17,32
32,3580,14338564783583456804,33,17,40
32,3581,4620495757018599555,33,17,32
32,3582,3990383924794845017,33,17,32
32,3583,12615401404667497544,33,17,32
32,3584,3788079039140826091,33,17,32
32,3585,13760926451477927052,33,17,36
32,3586,10464666781557612141,33,17,32
32,3587,9792419494728564233,33,17,32
32,3588,6911937498233665143,33,17,32
32,3589,16637905503874193924,33,17,32
32,3590,13597228930768275219,33,17,36
32,3591,5898332069077538589,33,17,32
32,3592,13037615628832483097,33,17,36
32,3593,14567603258286506380,33,17,32
32,3594,8819546816371644922,33,17,36
32,3595,14516235951081393232,33,17,32
32,3596,15385499659135082253,33,17,32
32,3597,4975134532853846736,33,17,36
32,3598,5358845060135571674,33,17,40
32,3599,14306297170659883093,33,17,36
32,3600,10528934456228675553,33,17,32
32,3601,5783032016660369541,33,17,32
32,3602,16032302753393622972,33,17,32
32,3603,11716150320127698522,33,17,32
32,3604,7615076775662552922,33,17,36
32,3605,8014729843336837532,33,17,36
32,3606,17438341376067025352,33,17,32
32,3607,8884809182512180847,33,17,36
32,3608,15540691095659395617,33,17,36
32,3609,13559434183165681629,33,17,32
32,3610,10732688518143298006,33,17,32
32,3611,12291238598985581967,33,17,36
32,3612,12608185458868770781,33,17,28
32,3613,4431853725544936930,33,17,32
32,3614,1534297579355814654,33,17,32
32,3615,11446334649810792862,33,17,32
32,3616,11864835730546944923,33,17,32
32,3617,1303191858264297723,33,17,36
32,3618,17313170632491785866,33,17,36
32,3619,485560292587275519,33,17,36
32,3620,818622298627607365,33,17,32
32,3621,10190975649269477322,33,17,36
32,3622,6753500352885794697,33,17,32
32,3623,2211705412269316954,33,17,36
32,3624,5671187805417174420,33,17,32
32,3625,14682507743160426387,33,17,36
32,3626,2624162051706812576,33,17,36
32,3627,14732992689380171375,33,17,36
32,3628,7000945209301472266,33,17,32
32,3629,1371141336140211304,33,17,32
32,3630,13789882110086781450,33,17,36
32,3631,8274268681517617043,33,17,32
32,3632,6163970256342181237,33,17,32
32,3633,12820258375926893446,33,17,32
32,3634,9140445104079746578,33,17,32
32,3635,11884150173232517192,33,17,32
32,3636,14079004222140308029,33,17,32
32,3637,18060541646011020232,33,17,32
32,3638,2378286400582347298,33,17,36
32,3639,18443289626751626136,33,17,36
32,3640,10289913796825761371,33,17,28
32,3641,4299072839761217678,33,17,32
32,3642,7404590809299988731,33,17,36
32,3643,4639912560021762749,33,17,36
32,3644,15857264802542808725,33,17,36
32,3645,15300195235511262547,33,17,36
32,3646,13887163411263759171,33,17,36
32,3647,8192812588584529654,33,17,36
32,3648,14553001322385780680,33,17,32
32,3649,8525689764435292416,33,17,28
32,3650,11139907315830750796,33,17,32
32,3651,1929791193904105564,33,17,36
32,3652,2730522124221211062,33,17,28
32,3653,14048278919910172973,33,17,36
32,3654,12479888540246019457,33,17,32
32,3655,7948322535817777631,33,17,32
32,3656,14831841000197170391,33,17,32
32,3657,5354760621265671434,33,17,32
32,3658,6373633163426919274,33,17,32
32,3659,18431846404537845491,33,17,32
32,3660,476803123050171904,33,17,32
32,3661,8546240078395698918,33,17,32
32,3662,1219957150327735030,33,17,36
32,3663,8830140947388389856,33,17,32
32,3664,80246045753137343,33,17,32
32,3665,10978163297146888621,33,17,36
32,3666,13838234140254675259,33,17,32
32,3667,15221723128872826152,33,17,36
32,3668,1899496807818482058,33,17,36
32,3669,5131500205953923954,33,17,32
32,3670,12100173791707979817,33,17,36
32,3671,8230335815727771835,33,17,36
32,3672,15465431579976199160,33,17,36
32,3673,6388260205953130536,33,17,32
32,3674,2923171302313178976,33,17,36
32,3675,16570043038802295068,33,17,32
32,3676,5997331535545544070,33,17,36
32,3677,13135041902868246513,33,17,32
32,3678,5235278330051501960,33,17,28
32,3679,4965573297343779152,33,17,36
32,3680,18226400004290721050,33,17,32
32,3681,6009826779723000028,33,17,32
32,3682,3216293812949513145,33,17,36
32,3683,10532174873547642890,33,17,32
32,3684,5964552817883202036,33,17,32
32,3685,10692037100712797959,33,17,32
32,3686,2946187754918525654,33,17,36
32,3687,12652491903330679558,33,17,32
32,3688,9163102766459865875,33,17,36
32,3689,9495437441906222356,33,17,36
32,3690,9394484360194838254,33,17,36
32,3691,14647610960805439324,33,17,36
32,3692,419434243676780836,33,17,36
32,3693,2352645453804683767,33,17,36
32,3694,4956797961999133059,33,17,36
32,3695,13975116788964977300,33,17,32
32,3696,17052109959246528661,33,17,32
32,3697,15392858076934157298,33,17,36
32,3698,7593665102460061639,33,17,36
32,3699,14921793928074028865,33,17,36
32,3700,3050358034429101911,33,17,32
32,3701,671416652443969933,33,17,36
32,3702,18143251807747062958,33,17,32
32,3703,2132887175156665076,33,17,32
32,3704,15717937126223504091,33,17,36
32,3705,11541632463812548404,33,17,32
32,3706,15294347684722956676,33,17,36
32,3707,13827374067489739221,33,17,36
32,3708,7059316960615511333,33,17,36
32,3709,14209646864598946588,33,17,32
32,3710,12143887056131648429,33,17,36
32,3711,6202599688678950771,33,17,32
32,3712,6098915312268936303,33,17,32
32,3713,2920120338003064701,33,17,36
32,3714,13983585666538478730,33,17,32
32,3715,5340937495184040906,33,17,40
32,3716,14310660591231886563,33,17,32
32,3717,7642091847631525590,33,17,36
32,3718,6752418563669705890,33,17,36
32,3719,927656667869200836,33,17,36
32,3720,9534665565536098253,33,17,32
32,3721,17777070758642974738,33,17,32
32,3722,4185354559256590046,33,17,36
32,3723,10093109792580398743,33,17,36
32,3724,604078730100043939,33,17,32
32,3725,14197317344909877408,33,17,36
32,3726,7394389925955401942,33,17,36
32,3727,1783178556631029391,33,17,32
32,3728,16672897306351648941,33,17,36
32,3729,6092903661226908670,33,17,32
32,3730,6202028028807293461,33,17,36
32,3731,12188842422436764495,33,17,36
32,3732,11925363221055956818,33,17,40
32,3733,5639779471582177116,33,17,36
32,3734,7574975036254468024,33,17,36
32,3735,8072134952259181867,33,17,32
32,3736,4683077885824924812,33,17,32
32,3737,6555069350325759796,33,17,36
32,3738,14269637755300326765,33,17,32
32,3739,3330559334636539775,33,17,36
32,3740,11344204447099327261,33,17,32
32,3741,16926112302534418628,33,17,32
32,3742,18114114392935155102,33,17,36
32,3743,10600236678814024395,33,17,40
32,3744,1527187177415668867,33,17,32
32,3745,9374725042394135464,33,17,32
32,3746,15331357168607356684,33,17,36
32,3747,15524279433668016768,33,17,36
32,3748,4848315914095132442,33,17,36
32,3749,2443641588058304917,33,17,36
32,3750,11770958474979305064,33,17,36
32,3751,9340465780804498209,33,17,40
32,3752,17406238947083107510,33,17,36
32,3753,3404552420316647076,33,17,32
32,3754,7959690706306173550,33,17,28
32,3755,1806804850776734476,33,17,40
32,3756,3642182544446716596,33,17,36
32,3757,1787248520602325531,33,17,32
32,3758,17438442090563501043,33,17,36
32,3759,12271891146242793727,33,17,36
32,3760,6543871566406022632,33,17,32
32,3761,3251020287438479218,33,17,32
32,3762,14527057695186028961,33,17,36
32,3763,15013907289592596034,33,17,36
32,3764,10985325802956884736,33,17,36
32,3765,8390754987391803904,33,17,32
32,3766,12716469989309556376,33,17,36
32,3767,864755878755081752,33,17,36
32,3768,5584627043023054412,33,17,28
32,3769,6113953786746562384,33,17,36
32,3770,1868237643284414538,33,17,32
32,3771,11796344361758499793,33,17,36
32,3772,4291234387593462075,33,17,36
32,3773,12494248695415129988,33,17,36
32,3774,3025256151200408313,33,17,32
32,3775,10096345827154574363,33,17,32
32,3776,9756093278019213632,33,17,28
32,3777,10473723508307896990,33,17,32
32,3778,9218633655180776312,33,17,32
32,3779,3220516545353957027,33,17,36
32,3780,5417697996699798028,33,17,28
32,3781,5958304101751294869,33,17,36
32,3782,15701002992908744557,33,17,36
32,3783,7149484313515977920,33,17,32
32,3784,12134048911118232598,33,17,32
32,3785,8767564657809127968,33,17,32
32,3786,7359115352052864085,33,17,32
32,3787,13832062847693307017,33,17,28
32,3788,18242142916192236811,33,17,36
32,3789,4618831861606028129,33,17,36
32,3790,15935661512799250746,33,17,32
32,3791,4531943945385506811,33,17,36
32,3792,9286384932418195865,33,17,36
32,3793,7092523621839321263,33,17,36
32,3794,7655440349311103924,33,17,36
32,3795,13876363107312916128,33,17,40
32,3796,9789389782938464675,33,17,32
32,3797,4728994832954984168,33,17,32
32,3798,14720842590992836118,33,17,36
32,3799,11013092392829317154,33,17,32
32,3800,3138945057441173919,33,17,36
32,3801,2014780499464972819,33,17,36
32,3802,12539972978578394147,33,17,32
32,3803,2240464163316286885,33,17,32
32,3804,1288730734049571738,33,17,36
32,3805,13290016596177393999,33,17,32
32,3806,14095584043874268794,33,17,32
32,3807,6296451879344102255,33,17,32
32,3808,17354731330827067315,33,17,36
32,3809,11624843392581970318,33,17,36
32,3810,3281769877951893544,33,17,32
32,3811,15141216362548075543,33,17,36
32,3812,670488794968821820,33,17,32
32,3813,16704447486208819126,33,17,36
32,3814,2195911651057377300,33,17,36
32,3815,7053979980839635805,33,17,36
32,3816,10484079452690350472,33,17,32
32,3817,382995972544376878,33,17,28
32,3818,13208501614395114606,33,17,32
32,3819,13724462356883305880,33,17,36
32,3820,6916713294906235092,33,17,36
32,3821,1378351187682883381,33,17,36
32,3822,4941033785809306445,33,17,32
32,3823,8444432692085000575,33,17,36
32,3824,11357667995978038716,33,17,32
32,3825,3050373948521352979,33,17,36
32,3826,12756111245335338750,33,17,36
32,3827,9903359856729891135,33,17,32
32,3828,6070699032196976506,33,17,32
32,3829,74146530397345646,33,17,28
32,3830,2458659571844100071,33,17,32
32,3831,4216006803012289484,33,17,36
32,3832,4723309307818504729,33,17,36
32,3833,9696499922804696419,33,17,36
32,3834,11358307424927973325,33,17,32
32,3835,15013902192751271335,33,17,36
32,3836,12604889010144129992,33,17,40
32,3837,5025837876287990909,33,17,28
32,3838,13737085717290624864,33,17,36
32,3839,8101709204804752461,33,17,40
32,3840,15499046889899591530,33,17,36
32,3841,15649469789029659033,33,17,32
32,3842,3349664338118523841,33,17,36
32,3843,17410347268941669792,33,17,32
32,3844,6553914200241933328,33,17,32
32,3845,3609323509382047974,33,17,32
32,3846,4688072839507206268,33,17,32
32,3847,6340300285281917198,33,17,32
32,3848,16456020274536310152,33,17,32
32,3849,11755319785515321197,33,17,32
32,3850,13838900036847299228,33,17,36
32,3851,17695197646855429856,33,17,36
32,3852,3298741697459779874,33,17,32
32,3853,8276285175619518581,33,17,32
32,3854,17247842310489037456,33,17,36
32,3855,7465757342309103347,33,17,32
32,3856,11022043381598473793,33,17,36
32,3857,1074488214995887551,33,17,32
32,3858,2094195447663199960,33,17,36
32,3859,12700924107043757275,33,17,36
32,3860,1488538398835860706,33,17,32
32,3861,10320760074644311395,33,17,32
32,3862,16849938427697194372,33,17,36
32,3863,7947019534702494585,33,17,32
32,3864,14198544752995089498,33,17,32
32,3865,3933081028249066079,33,17,32
32,3866,15871765403220899900,33,17,32
32,3867,2946689600200143985,33,17,36
32,3868,3428968471536826037,33,17,36
32,3869,722064657998725234,33,17,32
32,3870,3380769579824106008,33,17,32
32,3871,10044269163607716421,33,17,36
32,3872,17870806251145733359,33,17,36
32,3873,13977135038628815628,33,17,36
32,3874,8016470956716621537,33,17,36
32,3875,927392192708194222,33,17,36
32,3876,17539932400227749959,33,17,36
32,3877,13943910176030543608,33,17,36
32,3878,18050381123453602719,33,17,32
32,3879,4378998487408384493,33,17,36
32,3880,2314792973909643574,33,17,32
32,3881,9851167528742961116,33,17,32
32,3882,18121223231388564273,33,17,36
32,3883,11649477757277988953,33,17,36
32,3884,4447254436238032943,33,17,36
32,3885,5882586039232074698,33,17,32
32,3886,3720062489472252406,33,17,32
32,3887,10268495819342257864,33,17,36
32,3888,9156079729257890714,33,17,32
32,3889,4795020430128656800,33,17,36
32,3890,18293665865113933463,33,17,32
32,3891,4073740104013512459,33,17,36
32,3892,3879641256670218408,33,17,32
32,3893,13980818246826326899,33,17,36
32,3894,125572002879552849,33,17,36
32,3895,493706067225588589,33,17,36
32,3896,17408875711628081816,33,17,32
32,3897,1136548407154747390,33,17,32
32,3898,6395550449618150983,33,17,36
32,3899,3856979120787773954,33,17,36
32,3900,15214735146659403465,33,17,32
32,3901,17128979878582940960,33,17,36
32,3902,5317761499621841759,33,17,32
32,3903,17040053584394028875,33,17,36
32,3904,11932252512544847356,33,17,32
32,3905,12634905053640557038,33,17,36
32,3906,2962837772970037641,33,17,32
32,3907,18112258381170962442,33,17,36
32,3908,10042643239285544549,33,17,32
32,3909,4289306623236954449,33,17,36
32,3910,15750200663549646830,33,17,28
32,3911,7328492439690009637,33,17,36
32,3912,10229358852918499190,33,17,32
32,3913,17249988329098154525,33,17,40
32,3914,2032196879474597402,33,17,32
32,3915,9251745929105495315,33,17,32
32,3916,14011340071838723432,33,17,32
32,3917,956470271571018137,33,17,36
32,3918,1766843532391113105,33,17,36
32,3919,7981094988226974537,33,17,40
32,3920,5261018181619346258,33,17,32
32,3921,8544245311134484623,33,17,28
32,3922,6616930273486298198,33,17,32
32,3923,5960604318673596998,33,17,36
32,3924,15077248986809113864,33,17,36
32,3925,2870465633225610515,33,17,28
32,3926,4170324333666132275,33,17,32
32,3927,2218870457751234311,33,17,36
32,3928,18245877492986355993,33,17,36
32,3929,12730815462990129595,33,17,28
32,3930,7917344748773415938,33,17,36
32,3931,10248302677760338547,33,17,32
32,3932,3135580171042341787,33,17,32
32,3933,4605304125795510597,33,17,28
32,3934,13322165384312955683,33,17,36
32,3935,8864789799381493997,33,17,40
32,3936,13008670996974994923,33,17,32
32,3937,2522285269658450456,33,17,40
32,3938,6291040504310723920,33,17,32
32,3939,3384120150721134297,33,17,32
32,3940,11695603147848747924,33,17,36
32,3941,12767044092396816785,33,17,32
32,3942,15512433389040497361,33,17,36
32,3943,16584690835115688482,33,17,32
32,3944,11340020143746845003,33,17,32
32,3945,15203909016038302936,33,17,36
32,3946,14915549910489262420,33,17,28
32,3947,5504305180205246671,33,17,36
32,3948,8884788807854829589,33,17,32
32,3949,10086808556514973714,33,17,32
32,3950,5975696318920584756,33,17,36
32,3951,11242061870217033927,33,17,32
32,3952,7268748834202558232,33,17,32
32,3953,9056582388969736483,33,17,36
32,3954,4182716207907123911,33,17,36
32,3955,158147855935323033,33,17,32
32,3956,4319148200306014661,33,17,36
32,3957,2740333700667081733,33,17,36
32,3958,4977084230707476819,33,17,32
32,3959,17067367308210386260,33,17,32
32,3960,11821241086693451465,33,17,32
32,3961,13987928593606935341,33,17,36
32,3962,13991297050140963021,33,17,32
32,3963,11188066535042536580,33,17,36
32,3964,5669827247587886171,33,17,32
32,3965,5153386957489021250,33,17,32
32,3966,13184374515766313349,33,17,36
32,3967,6072911511759883244,33,17,28
32,3968,15873259991024702002,33,17,40
32,3969,14159717106021270466,33,17,32
32,3970,1149553485605269384,33,17,32
32,3971,14514222052726438102,33,17,32
32,3972,2356430679858803853,33,17,32
32,3973,11997097022614737381,33,17,36
32,3974,8172723055871375517,33,17,36
32,3975,17187336554428283091,33,17,36
32,3976,2030353597915425845,33,17,32
32,3977,13342763839210819621,33,17,36
32,3978,10350097488337000370,33,17,32
32,3979,1656143704757759779,33,17,32
32,3980,5326131799100869878,33,17,32
32,3981,4456783207526593380,33,17,36
32,3982,6981173446896560412,33,17,28
32,3983,2171101292739812160,33,17,32
32,3984,5591103522226735843,33,17,36
32,3985,13410862965480365635,33,17,36
32,3986,18106890095130992574,33,17,36
32,3987,1219534524353954477,33,17,36
32,3988,7935408165038481620,33,17,40
32,3989,7364917871491162516,33,17,36
32,3990,14089254640361215068,33,17,32
32,3991,6027585524232552327,33,17,32
32,3992,5343618347455767748,33,17,32
32,3993,9716190762074416226,33,17,32
32,3994,12683952597263318833,33,17,32
32,3995,10602775850566102803,33,17,32
32,3996,15446169319824666781,33,17,32
32,3997,1856147292312349660,33,17,36
32,3998,17640330850031155586,33,17,32
32,3999,10912793756191790268,33,17,32
32,4000,6391824349006818395,33,17,36
48,1,15674097201315283536,49,25,52
48,2,3989193192151049322,49,25,48
48,3,17739914904478287001,49,25,52
48,4,10514901693127859849,49,25,48
48,5,13712977547136391370,49,25,52
48,6,16621329645279499264,49,25,52
48,7,17899103904477322576,49,25,52
48,8,11825265769395587564,49,25,56
48,9,16229415993551605142,49,25,48
48,10,14034569160747531870,49,25,48
48,11,17589359308565386199,49,25,48
48,12,3099252588255702148,49,25,48
48,13,14806676422935792248,49,25,52
48,14,4736382987636629601,49,25,56
48,15,16357137345993944690,49,25,52
48,16,10977312104388148424,49,25,52
48,17,3454930224822732140,49,25,52
48,18,18063302701361160334,49,25,48
48,19,11323467188234139532,49,25,48
48,20,6231687595931809363,49,25,52
48,21,2707395043769649130,49,25,52
48,22,2651680669066897667,49,25,52
48,23,1035039373573884594,49,25,48
48,24,9322883457589974042,49,25,52
48,25,1925318912097321063,49,25,52
48,26,12820097944223733919,49,25,52
48,27,13443723652480609226,49,25,48
48,28,1023756709903701524,49,25,52
48,29,14556669017265406269,49,25,48
48,30,240665581940286349,49,25,52
48,31,17112269348556911182,49,25,52
48,32,3883200393761613031,49,25,48
48,33,5879186769935535138,49,25,48
48,34,13242800282257220336,49,25,52
48,35,9417386201781687554,49,25,52
48,36,7556766818175810406,49,25,52
48,37,1225618066680133016,49,25,48
48,38,5970169266977491840,49,25,52
48,39,1896185179561066233,49,25,44
48,40,10816116039696350466,49,25,52
48,41,9286568953688897894,49,25,48
48,42,3106260224776331142,49,25,52
48,43,14627627709148987035,49,25,52
48,44,12416010003355195326,49,25,44
48,45,10762794449991339777,49,25,56
48,46,13147771195783445211,49,25,52
48,47,17193937722039454744,49,25,52
48,48,10391682083285156802,49,25,48
48,49,4024564730087885505,49,25,52
48,50,12085890190201862861,49,25,48
48,51,14228620294577844924,49,25,52
48,52,14349559606308403011,49,25,48
48,53,1122832924824414238,49,25,52
48,54,14988367163300245686,49,25,52
48,55,8574257140287551671,49,25,52
48,56,15043982462969015054,49,25,48
48,57,6691194775999486593,49,25,48
48,58,2960865025995358072,49,25,56
48,59,8548332445823775589,49,25,52
48,60,5829360264739774211,49,25,52
48,61,15270748406358566811,49,25,52
48,62,16617264650520116806,49,25,48
48,63,7431158905065623812,49,25,52
48,64,12753076775222062265,49,25,48
48,65,12661048304780622954,49,25,48
48,66,11140557423338809869,49,25,52
48,67,12661385531567130465,49,25,48
48,68,17488553074001680082,49,25,48
48,69,12079469956694950730,49,25,52
48,70,10923895654709746881,49,25,52
48,71,6981326407882685703,49,25,48
48,72,7133171253412185557,49,25,52
48,73,6569660309884447477,49,25,52
48,74,13703621625200376404,49,25,52
48,75,7281920063995355184,49,25,52
48,76,5532690015471238950,49,25,56
48,77,3346971816365222659,49,25,56
48,78,971942648185986789,49,25,52
48,79,4833418879436815187,49,25,52
48,80,4295611468534395676,49,25,52
48,81,2497491316353184960,49,25,52
48,82,15650873849549722933,49,25,52
48,83,2692393654589649100,49,25,52
48,84,13758122362670770046,49,25,52
48,85,3073394561022590172,49,25,48
48,86,5130037489007713604,49,25,52
48,87,13943890856244737477,49,25,52
48,88,16113791864341479614,49,25,48
48,89,17018135858025886183,49,25,52
48,90,12026513673327887592,49,25,52
48,91,16519678333377902331,49,25,52
48,92,14959212382015758346,49,25,52
48,93,9341364993541520284,49,25,56
48,94,14909544934974378847,49,25,52
48,95,16728502529566787006,49,25,52
48,96,5745628454260718961,49,25,52
48,97,11063459119327613494,49,25,52
48,98,14527360095030869528,49,25,48
48,99,8301223574834373395,49,25,52
48,100,115098079126731706,49,25,52
48,101,9508068892111387409,49,25,52
48,102,2659513115259422624,49,25,52
48,103,6859123652740816167,49,25,52
48,104,2631574843463541339,49,25,56
48,105,17283682382825310345,49,25,52
48,106,14576617457866758448,49,25,52
48,107,4231851787842004136,49,25,52
48,108,17590691330663369966,49,25,52
48,109,16318550850445034776,49,25,52
48,110,11957313135138196423,49,25,52
48,111,1669346871505306275,49,25,48
48,112,15106286527703554410,49,25,56
48,113,12908919731030796813,49,25,52
48,114,12200093120328745496,49,25,48
48,115,9367353283592518201,49,25,48
48,116,11920246396369004440,49,25,48
48,117,11619000177609960275,49,25,48
48,118,3531968366769906213,49,25,48
48,119,13379043874105556102,49,25,48
48,120,8332591874406300851,49,25,52
48,121,9402486314909526797,49,25,52
48,122,6021814597204156220,49,25,56
48,123,923673760001000844,49,25,48
48,124,18312612409279023959,49,25,52
48,125,9705977005025072652,49,25,48
48,126,10009051511833359043,49,25,48
48,127,8682791486609259418,49,25,44
48,128,1660052147580846053,49,25,48
48,129,6764969896239209675,49,25,52
48,130,15188350656239679152,49,25,48
48,131,852075876653641836,49,25,48
48,132,11266241560710685978,49,25,52
48,133,8228683381114659358,49,25,56
48,134,6634344695976586142,49,25,48
48,135,14170327222770971219,49,25,52
48,136,16427444426588838864,49,25,52
48,137,13396496791406723508,49,25,48
48,138,12762878802519991382,49,25,52
48,139,14759182680470982115,49,25,48
48,140,466273017704236844,49,25,52
48,141,12112385884258089288,49,25,52
48,142,3258893519712029904,49,25,48
48,143,2864311164892739525,49,25,52
48,144,12146137177890838318,49,25,52
48,145,14559045593891731449,49,25,52
48,146,4845107496350602504,49,25,52
48,147,6417940166450424562,49,25,52
48,148,2122100756969607103,49,25,48
48,149,11827218014861604166,49,25,52
48,150,5776623156094037065,49,25,52
48,151,16363806467142555700,49,25,48
48,152,16077864966882559942,49,25,48
48,153,4730550669914041103,49,25,52
48,154,14019682658054153428,49,25,48
48,155,14992321263654453051,49,25,48
48,156,16544866910712222347,49,25,56
48,157,15767180990379903330,49,25,52
48,158,7699748765015094237,49,25,48
48,159,3699059025062960803,49,25,52
48,160,11797099737278831000,49,25,52
48,161,6609736858077662142,49,25,48
48,162,9863046470810843499,49,25,48
48,163,2403558447376285996,49,25,48
48,164,16401221841154005473,49,25,48
48,165,18268843623812144164,49,25,44
48,166,4990880848592580089,49,25,52
48,167,15466495495569202196,49,25,48
48,168,12546381347907487444,49,25,52
48,169,8952396458529031166,49,25,48
48,170,16030648173115108937,49,25,52
48,171,3766385485737810548,49,25,48
48,172,12695605215798107007,49,25,52
48,173,7959744053767503238,49,25,48
48,174,9996109904495647580,49,25,52
48,175,1867067658007373290,49,25,52
48,176,1276311472126002152,49,25,52
48,177,17590929351775649349,49,25,52
48,178,12757010224977879580,49,25,48
48,179,2169214371687403132,49,25,48
48,180,4867825563229943529,49,25,52
48,181,12405572908685762110,49,25,56
48,182,7221400257815411079,49,25,48
48,183,14992117406416980289,49,25,48
48,184,2300842849127221964,49,25,52
48,185,11764979595269454227,49,25,48
48,186,16831483011853680101,49,25,48
48,187,10856377962404898588,49,25,48
48,188,11189640868398757865,49,25,44
48,189,2496763890952725483,49,25,52
48,190,13413913266918200660,49,25,52
48,191,15155042728651834574,49,25,44
48,192,1795754691606098828,49,25,48
48,193,7579623183572179162,49,25,48
48,194,5537434600134641168,49,25,52
48,195,14364685878800736890,49,25,48
48,196,9681518383347640367,49,25,52
48,197,21699693644660544,49,25,48
48,198,16019701936288059507,49,25,48
48,199,17051927967151273623,49,25,52
48,200,15133482883852726915,49,25,48
48,201,2027655347414927002,49,25,52
48,202,13707462324738734001,49,25,48
48,203,4673199712450945189,49,25,52
48,204,17535099815015170666,49,25,52
48,205,7092740064222150448,49,25,52
48,206,11661951801867759735,49,25,48
48,207,13384084247267352323,49,25,52
48,208,17530914773538455144,49,25,48
48,209,11269022806477073768,49,25,52
48,210,5861037048028335737,49,25,48
48,211,8017589767256974834,49,25,52
48,212,17800856485533441745,49,25,56
48,213,15588993349333548085,49,25,52
48,214,9933589799147287727,49,25,52
48,215,3714462837069833569,49,25,56
48,216,17780415803613645040,49,25,56
48,217,2432075352720295246,49,25,48
48,218,2045080487342553214,49,25,52
48,219,2724219941311418715,49,25,52
48,220,7435441292871112537,49,25,44
48,221,12260890538898397111,49,25,48
48,222,7595148580091834420,49,25,48
48,223,17634169079846489920,49,25,48
48,224,14509289356477939060,49,25,48
48,225,1024768816143327467,49,25,52
48,226,2180010501674408336,49,25,52
48,227,472906754417451751,49,25,48
48,228,3145074939636630620,49,25,52
48,229,12960995524581275495,49,25,48
48,230,12084734483716218243,49,25,48
48,231,7755236614011281702,49,25,52
48,232,15140293561702754405,49,25,52
48,233,15744546472670646456,49,25,52
48,234,2235963151156280511,49,25,52
48,235,4489720003854961207,49,25,52
48,236,6111896295658741807,49,25,56
48,237,7503554592149991798,49,25,52
48,238,13994216081706712685,49,25,48
48,239,17806089941083547876,49,25,52
48,240,7615763619484234679,49,25,52
48,241,16647032441181044465,49,25,48
48,242,11459661812060496324,49,25,48
48,243,4386565274057344982,49,25,48
48,244,1830987228194867814,49,25,48
48,245,12894982597373176824,49,25,52
48,246,16495251937429868058,49,25,44
48,247,10202176581429775157,49,25,48
48,248,2364685202798511449,49,25,48
48,249,17175588824740737242,49,25,48
48,250,8794368149740270844,49,25,52
48,251,6429384592647395156,49,25,44
48,252,5271596582770478646,49,25,52
48,253,17199693840692596736,49,25,52
48,254,4820807891906136263,49,25,52
48,255,790353644753018159,49,25,48
48,256,3255345669681751673,49,25,44
48,257,15113381314652553776,49,25,52
48,258,8417143439396724072,49,25,48
48,259,17204427129471729713,49,25,48
48,260,12754022214419787183,49,25,52
48,261,2719990815405874059,49,25,48
48,262,15660084443717107242,49,25,48
48,263,2055066520537877378,49,25,48
48,264,2293972335421482485,49,25,52
48,265,10346011811286502926,49,25,52
48,266,7945607720781108990,49,25,52
48,267,10319535195538601852,49,25,48
48,268,16632071722131882343,49,25,48
48,269,11024266676536486503,49,25,56
48,270,10316022044768673192,49,25,56
48,271,15943699960530367174,49,25,56
48,272,2539422698186898891,49,25,52
48,273,10174596212618642514,49,25,52
48,274,570294611663294456,49,25,48
48,275,17589000426467929683,49,25,48
48,276,598498483680178622,49,25,52
48,277,3979309429212482105,49,25,48
48,278,2376688501615363657,49,25,52
48,279,15701355819715651401,49,25,52
48,280,15924403400628117925,49,25,52
48,281,13025326042185347083,49,25,52
48,282,4888495393148907187,49,25,48
48,283,17897921853366344859,49,25,52
48,284,11565704668613139367,49,25,48
48,285,11640977308688963174,49,25,48
48,286,7678093346976479299,49,25,52
48,287,7047945300297058142,49,25,48
48,288,7480221089474176192,49,25,56
48,289,710626926339664883,49,25,48
48,290,268130951499361841,49,25,48
48,291,5181817089798320768,49,25,52
48,292,14843325701433586303,49,25,52
48,293,1360597160613048065,49,25,48
48,294,6830882237364298008,49,25,52
48,295,18057823223321059215,49,25,52
48,296,5720611069925943211,49,25,48
48,297,9763927513405457379,49,25,56
48,298,17594453356694974122,49,25,48
48,299,5479456310565281103,49,25,48
48,300,1177574683970410677,49,25,44
48,301,16071269159718158952,49,25,52
48,302,16243419867867474695,49,25,52
48,303,16332606227281876768,49,25,52
48,304,7125714864039903408,49,25,52
48,305,16594465264011755870,49,25,52
48,306,5011030791087974933,49,25,52
48,307,18413184828890047148,49,25,48
48,308,785472821992358697,49,25,52
48,309,16314834171441658778,49,25,52
48,310,16349283437790991729,49,25,48
48,311,15832021974987635408,49,25,52
48,312,14397729006028794291,49,25,48
48,313,14032696560155917322,49,25,52
48,314,13166818853430085817,49,25,52
48,315,4009011260463601319,49,25,48
48,316,1865412437935242796,49,25,52
48,317,4054000690554081396,49,25,48
48,318,5403648200670010901,49,25,48
48,319,9627276002118720929,49,25,48
48,320,14396661229994982818,49,25,56
48,321,18431696302287555076,49,25,48
48,322,7456083086713945594,49,25,52
48,323,14157484257673930062,49,25,52
48,324,9732412102028989043,49,25,48
48,325,13979249249958552024,49,25,52
48,326,6323635168059662665,49,25,52
48,327,4752957003262354027,49,25,48
48,328,2774146139784549219,49,25,48
48,329,71527359541178147,49,25,48
48,330,14593203402838286902,49,25,52
48,331,6710668462730736428,49,25,44
48,332,17688478079470912772,49,25,52
48,333,16832384214002942357,49,25,48
48,334,18163293085490371023,49,25,52
48,335,5271804670447771553,49,25,56
48,336,6501219771438322915,49,25,48
48,337,6671707336715493553,49,25,52
48,338,9504753151895477908,49,25,48
48,339,12792342306325010612,49,25,48
48,340,5028964650537671288,49,25,48
48,341,13824711142765040456,49,25,48
48,342,1483870623586382327,49,25,52
48,343,15779470156473566692,49,25,48
48,344,10398052295716015922,49,25,52
48,345,17998022592092910420,49,25,56
48,346,5756356923306890981,49,25,52
48,347,13715800456940511127,49,25,52
48,348,3331112360963884478,49,25,52
48,349,11875440630310507092,49,25,52
48,350,9786828885257557058,49,25,52
48,351,14744791148076133623,49,25,52
48,352,7922260749534751191,49,25,52
48,353,14850044529945735145,49,25,52
48,354,2874492952103371833,49,25,56
48,355,1978983860866299091,49,25,48
48,356,7904493282397849983,49,25,52
48,357,4341441344875004482,49,25,48
48,358,9672816553648936423,49,25,52
48,359,6322797952679982949,49,25,52
48,360,13405895196757401563,49,25,48
48,361,7185015860898863739,49,25,56
48,362,16584022968943945696,49,25,48
48,363,9715742561760089235,49,25,44
48,364,18190178872260104535,49,25,52
48,365,12348853133836526496,49,25,52
48,366,7878847772134975074,49,25,52
48,367,3152666366739602481,49,25,52
48,368,12391233253364439199,49,25,52
48,369,9391875068894018756,49,25,52
48,370,7467410271361437814,49,25,52
48,371,7482235702962108495,49,25,52
48,372,11904001665635875093,49,25,52
48,373,3071070767139484682,49,25,52
48,374,7558921654694155121,49,25,52
48,375,15289897643076286814,49,25,52
48,376,11579884218496722195,49,25,52
48,377,16224468697814605166,49,25,52
48,378,14219530437382252096,49,25,56
48,379,10895280237953224507,49,25,48
48,380,6514461683548437544,49,25,52
48,381,16102233913115775736,49,25,48
48,382,7601920907826107679,49,25,52
48,383,7926609006243122920,49,25,56
48,384,5369225659652575073,49,25,48
48,385,1856317982232502602,49,25,56
48,386,17011377064271168881,49,25,56
48,387,1412628213573333349,49,25,48
48,388,9437151556736172385,49,25,52
48,389,2375371216679989013,49,25,48
48,390,3921703502509580884,49,25,48
48,391,10425360958651357677,49,25,48
48,392,6054398736829780987,49,25,56
48,393,881834155232156498,49,25,48
48,394,141719991230794840,49,25,52
48,395,10155071966450710762,49,25,48
48,396,3662804756509513770,49,25,48
48,397,13354236702675138996,49,25,52
48,398,12986493828620067684,49,25,52
48,399,6657292058440868927,49,25,48
48,400,14607798922178288860,49,25,48
48,401,679387801104811328,49,25,56
48,402,10026015197180750105,49,25,48
48,403,11283367305838050173,49,25,48
48,404,286063818432534739,49,25,48
48,405,10108092589209432500,49,25,52
48,406,12345044451345148656,49,25,52
48,407,8087376602940881598,49,25,48
48,408,3406145533352334233,49,25,52
48,409,18271362790752405683,49,25,48
48,410,17680116715288282409,49,25,48
48,411,1664659020202858469,49,25,48
48,412,4360092890449086751,49,25,52
48,413,497614528881214195,49,25,52
48,414,4710336357822641052,49,25,52
48,415,14096295607674896443,49,25,48
48,416,6855555271259123671,49,25,52
48,417,1272548390847666669,49,25,48
48,418,2514838525063840383,49,25,48
48,419,15750013753902680694,49,25,52
48,420,7166698079063980575,49,25,52
48,421,16154289737996834323,49,25,48
48,422,10604043582805074096,49,25,52
48,423,11614933102389772102,49,25,48
48,424,13648501705578394686,49,25,52
48,425,994753410996901664,49,25,48
48,426,13186154672537202065,49,25,52
48,427,1721301746736502513,49,25,56
48,428,13757203838332876723,49,25,52
48,429,2031361116222149320,49,25,48
48,430,5448882665519234728,49,25,48
48,431,6884878135486592410,49,25,52
48,432,10486860792216516794,49,25,52
48,433,15710990599182267297,49,25,52
48,434,9512554852690238900,49,25,52
48,435,15046854506828455212,49,25,48
48,436,7666025774644070764,49,25,52
48,437,15002733788077706597,49,25,48
48,438,2000349377871147540,49,25,52
48,439,8382083033331620130,49,25,52
48,440,14359861703820628651,49,25,48
48,441,13528844296166734061,49,25,52
48,442,4149839220143990510,49,25,48
48,443,10992736162508678146,49,25,44
48,444,6555264096958251383,49,25,48
48,445,10154667261018623648,49,25,52
48,446,9447157085315720137,49,25,52
48,447,14632936661484874453,49,25,48
48,448,13985040947083090147,49,25,52
48,449,2210517665256284505,49,25,52
48,450,199443050398520899,49,25,52
48,451,561908275371311323,49,25,48
48,452,7927488320870984125,49,25,52
48,453,8805486703962562785,49,25,52
48,454,12518678891605447940,49,25,52
48,455,1350622475675925497,49,25,48
48,456,1528919976627758368,49,25,52
48,457,12518752515389447961,49,25,48
48,458,1913841244902517459,49,25,48
48,459,726116064376918473,49,25,48
48,460,16016784059812387590,49,25,44
48,461,17443560559388525108,49,25,52
48,462,5346388253512595364,49,25,48
48,463,16258363363892964524,49,25,52
48,464,17990109864530588282,49,25,56
48,465,16315512835639834,49,25,52
48,466,8138489130999924051,49,25,48
48,467,6894209983102548510,49,25,52
48,468,13704445602766361726,49,25,48
48,469,5490086379504134352,49,25,52
48,470,15565478640532772892,49,25,52
48,471,6603634787902405273,49,25,52
48,472,8330475902277344936,49,25,52
48,473,9319351879037687106,49,25,52
48,474,3858749013756405321,49,25,52
48,475,14340144674637320229,49,25,52
48,476,4663053658308112995,49,25,48
48,477,17842643049301652982,49,25,48
48,478,13737959294007998308,49,25,52
48,479,5407896093023741963,49,25,52
48,480,13742447219844200550,49,25,52
48,481,12754967745762014852,49,25,48
48,482,3237561195648847368,49,25,48
48,483,10014469168095727940,49,25,48
48,484,7418648679643542129,49,25,52
48,485,17872535063511416348,49,25,52
48,486,7637267142874102961,49,25,48
48,487,3501714789634659863,49,25,52
48,488,12722377336085853833,49,25,52
48,489,1930503771800787437,49,25,48
48,490,12571751739195596612,49,25,48
48,491,11486123057606044679,49,25,48
48,492,4222543654176573918,49,25,52
48,493,1052360480009189457,49,25,52
48,494,8873736685898045341,49,25,52
48,495,17593466960670652440,49,25,48
48,496,14498736655751219397,49,25,44
48,497,7979665712375862111,49,25,56
48,498,6942805254972142328,49,25,52
48,499,1690866677359878389,49,25,52
48,500,6844710924052950829,49,25,52
48,501,10574790462817088342,49,25,56
48,502,15289974702232511403,49,25,56
48,503,10596440194167047238,49,25,52
48,504,6751988569448298563,49,25,56
48,505,14822050201791544864,49,25,56
48,506,6068829963364418099,49,25,52
48,507,7188210877346953247,49,25,44
48,508,15598228739072353819,49,25,52
48,509,43882010256362167,49,25,52
48,510,15692871889072910344,49,25,52
48,511,12357292155206780680,49,25,52
48,512,9469847936411733286,49,25,52
48,513,2578483921107815773,49,25,52
48,514,4416291485280220162,49,25,52
48,515,2494557947344395301,49,25,48
48,516,4111291123667999676,49,25,52
48,517,2438157883370156116,49,25,48
48,518,996151282326117828,49,25,52
48,519,16402100958416556316,49,25,52
48,520,11246554619020475488,49,25,52
48,521,17673451439641824609,49,25,52
48,522,3233784315267885224,49,25,48
48,523,6763248662311831812,49,25,52
48,524,13574039280863600428,49,25,44
48,525,1973525092685505510,49,25,48
48,526,4703366052592989892,49,25,56
48,527,7164354375473233844,49,25,52
48,528,1417065809846857923,49,25,52
48,529,13638235917899001540,49,25,52
48,530,2600115866940647766,49,25,44
48,531,13750428978685671837,49,25,52
48,532,16186960349591591354,49,25,52
48,533,16382229689318170844,49,25,52
48,534,12537421308987662966,49,25,48
48,535,10643180192001003410,49,25,48
48,536,14423915637434906011,49,25,52
48,537,16711930478195714999,49,25,52
48,538,12627067464163068017,49,25,48
48,539,15363724665654433178,49,25,52
48,540,11181638398067032663,49,25,52
48,541,17642208213010926251,49,25,52
48,542,8113620708998818047,49,25,52
48,543,15635956337796858637,49,25,48
48,544,12167760862102157966,49,25,48
48,545,13058683519344273854,49,25,52
48,546,7253582170988932552,49,25,52
48,547,7464905873788125455,49,25,52
48,548,16975257543509278958,49,25,48
48,549,10420207363097260682,49,25,48
48,550,2469586425485891634,49,25,48
48,551,2722278383705850679,49,25,48
48,552,3612473115697757014,49,25,52
48,553,3929205125252652551,49,25,52
48,554,711766058206033108,49,25,48
48,555,17724164405490653874,49,25,52
48,556,12925967369504257927,49,25,56
48,557,13153986642354634653,49,25,52
48,558,7128836800672724561,49,25,52
48,559,927228903086444776,49,25,52
48,560,15282184023744123331,49,25,52
48,561,6417943768246634055,49,25,52
48,562,8512779883198280052,49,25,52
48,563,7327357840665697553,49,25,52
48,564,7317571210155741816,49,25,52
48,565,7155590112860833332,49,25,52
48,566,10586531860190775915,49,25,44
48,567,9308579999180803456,49,25,52
48,568,1843113398050858854,49,25,52
48,569,2403056898635337510,49,25,52
48,570,14992593848284804977,49,25,48
48,571,7123078602526155195,49,25,48
48,572,14324885816133678442,49,25,52
48,573,5849232810014476640,49,25,52
48,574,11276692376959834478,49,25,52
48,575,10056878844229158640,49,25,52
48,576,18038943171271121660,49,25,52
48,577,6647274638050666255,49,25,52
48,578,15193588278403478072,49,25,48
48,579,592336623287015051,49,25,48
48,580,9211799452886664254,49,25,48
48,581,10727936086157335089,49,25,48
48,582,18108945463979740658,49,25,52
48,583,10031711970486728659,49,25,56
48,584,1055032856775715444,49,25,48
48,585,11170167324471422121,49,25,52
48,586,17911092257767362757,49,25,48
48,587,16362125857592448493,49,25,44
48,588,16274912907539228831,49,25,48
48,589,8162818968036231912,49,25,52
48,590,7805353756270131848,49,25,52
48,591,2667534349390510925,49,25,56
48,592,14584464057015012641,49,25,52
48,593,17172507205785243009,49,25,48
48,594,4260477275854374307,49,25,48
48,595,4102739761519386459,49,25,52
48,596,15636842366272694121,49,25,52
48,597,1053094730816945042,49,25,48
48,598,1591333335570166779,49,25,48
48,599,2742710032817894819,49,25,48
48,600,18017016375554818567,49,25,52
48,601,18250226239620588024,49,25,52
48,602,5786444301305908057,49,25,48
48,603,3832037379134543506,49,25,52
48,604,6174778790103088666,49,25,48
48,605,2826826458070332534,49,25,56
48,606,17324586489191683021,49,25,52
48,607,3029379890807614429,49,25,52
48,608,10562191231590458738,49,25,52
48,609,15567462784275156743,49,25,44
48,610,8705777036253804467,49,25,52
48,611,12040525243296653017,49,25,48
48,612,14755573301472122649,49,25,52
48,613,13940720605267496227,49,25,52
48,614,9856576861210711853,49,25,56
48,615,11464153465655472489,49,25,52
48,616,385610616655147772,49,25,48
48,617,6476402692358969850,49,25,52
48,618,9506099183456178462,49,25,52
48,619,17362844197701924572,49,25,52
48,620,17980459633123242569,49,25,52
48,621,17967837170845447092,49,25,56
48,622,2965766103587015776,49,25,52
48,623,755132241737556059,49,25,44
48,624,17518574847305779922,49,25,48
48,625,6928442971514847293,49,25,48
48,626,6055897018753853610,49,25,48
48,627,15307143051178858895,49,25,48
48,628,9202491007827060610,49,25,48
48,629,12151721885372628158,49,25,52
48,630,6797141934636191113,49,25,48
48,631,16301317660210527889,49,25,48
48,632,11274549611292670323,49,25,52
48,633,16353021254321025600,49,25,52
48,634,11937481628699184538,49,25,52
48,635,1280654876626549708,49,25,48
48,636,8198243086509089432,49,25,48
48,637,9310881790721459182,49,25,48
48,638,2005857392861972659,49,25,48
48,639,13468670423027595570,49,25,52
48,640,7160441415443031468,49,25,52
48,641,15963566203315216886,49,25,52
48,642,737423849723606672,49,25,48
48,643,13879401031063376819,49,25,48
48,644,13698146009379505667,49,25,56
48,645,14833340182492216120,49,25,52
48,646,12346023017935744455,49,25,52
48,647,4706368531548905523,49,25,52
48,648,13755152303930457555,49,25,52
48,649,12214254626758529592,49,25,56
48,650,1549850284536397886,49,25,52
48,651,12737176182998539861,49,25,52
48,652,10248290727115246800,49,25,52
48,653,13514508030763400033,49,25,52
48,654,16623298258656002222,49,25,52
48,655,13134659298727890390,49,25,56
48,656,7331517255757766012,49,25,48
48,657,15970782955574359978,49,25,52
48,658,10833942933946652913,49,25,52
48,659,5398056850293497593,49,25,52
48,660,14949991987729869718,49,25,48
48,661,663016729320848943,49,25,56
48,662,637241693739592649,49,25,52
48,663,8216836178497915550,49,25,52
48,664,4137327118562171159,49,25,48
48,665,13331127540128980320,49,25,52
48,666,2585306897618496286,49,25,52
48,667,11793452546371495281,49,25,48
48,668,9055228450865831292,49,25,48
48,669,14373370567637381217,49,25,52
48,670,4606414539599286925,49,25,48
48,671,81550586476352620,49,25,48
48,672,3950938453187856440,49,25,48
48,673,11939996582328781355,49,25,48
48,674,1131491077421026368,49,25,44
48,675,10260976992245966910,49,25,48
48,676,10960767898037934445,49,25,56
48,677,10750954898639249803,49,25,48
48,678,1692918831867267889,49,25,52
48,679,1208991956559842576,49,25,48
48,680,3924232924410704725,49,25,52
48,681,6632726890306489517,49,25,48
48,682,16294371824683731862,49,25,52
48,683,6538036397739061628,49,25,48
48,684,9890781944261013375,49,25,52
48,685,10908138180458912713,49,25,52
48,686,15610440661486333666,49,25,48
48,687,9292866079263329216,49,25,60
48,688,8621907695162371078,49,25,48
48,689,10469619682504660556,49,25,48
48,690,169841558529970757,49,25,52
48,691,12226272192728705441,49,25,52
48,692,9159757591831990678,49,25,48
48,693,9263166343683527188,49,25,48
48,694,3583263492299442277,49,25,52
48,695,6442738728235846927,49,25,52
48,696,7773711974293551283,49,25,52
48,697,13513995066393221635,49,25,52
48,698,5093715874439249454,49,25,48
48,699,1150384903200913821,49,25,48
48,700,16725141328710854847,49,25,52
48,701,16803735508759378061,49,25,52
48,702,7610540133966263001,49,25,52
48,703,13038326224914462012,49,25,56
48,704,13103053400797409052,49,25,48
48,705,17523463595034199388,49,25,48
48,706,1134048886117161506,49,25,48
48,707,2567691973459220174,49,25,52
48,708,1681956883807694047,49,25,56
48,709,15457989084127413859,49,25,52
48,710,5874216032326387056,49,25,52
48,711,8839059613572301497,49,25,52
48,712,15512469275971418264,49,25,48
48,713,10342152386830330666,49,25,48
48,714,16339121800096341798,49,25,56
48,715,11595895250105000056,49,25,48
48,716,16209494029404341279,49,25,56
48,717,17804741087164170739,49,25,48
48,718,4509484058926724584,49,25,48
48,719,4086455159632716617,49,25,48
48,720,11797189801507106054,49,25,52
48,721,12743937805509918933,49,25,52
48,722,14556037098316000191,49,25,48
48,723,18355739035521054779,49,25,52
48,724,3213422959301261950,49,25,56
48,725,3904834760770244603,49,25,52
48,726,12698182357602169528,49,25,52
48,727,4568317676156872751,49,25,48
48,728,7589258317761113687,49,25,52
48,729,10246853029192803095,49,25,48
48,730,6266083347394865416,49,25,52
48,731,9329878763152843728,49,25,52
48,732,8285518071629155435,49,25,52
48,733,14606231084877670284,49,25,56
48,734,15326126898188275035,49,25,48
48,735,6460028452971673720,49,25,48
48,736,9580248949283803182,49,25,48
48,737,17515652526874651664,49,25,48
48,738,5142335886007126756,49,25,52
48,739,10518558942001433430,49,25,44
48,740,14748500772056456152,49,25,48
48,741,13183426435548586303,49,25,52
48,742,10329795742516818820,49,25,48
48,743,7912893347585903381,49,25,48
48,744,1514661254233002093,49,25,52
48,745,8063658904277029425,49,25,52
48,746,6622190847826940008,49,25,48
48,747,7533110245969626954,49,25,48
48,748,5679962528605250772,49,25,52
48,749,16057672618810140838,49,25,48
48,750,18435246621528786110,49,25,52
48,751,17677108629886841760,49,25,48
48,752,8726857257568338672,49,25,52
48,753,8971474294537588615,49,25,56
48,754,10705610934883083131,49,25,48
48,755,15095831138255397102,49,25,48
48,756,12646397720252337859,49,25,52
48,757,3662578200321829954,49,25,48
48,758,13917275249381382911,49,25,48
48,759,18147824113613811272,49,25,52
48,760,14633799000569753694,49,25,52
48,761,7190389811442208073,49,25,52
48,762,3802862725684253506,49,25,48
48,763,17990988676902923320,49,25,52
48,764,10338671386562363369,49,25,48
48,765,16163558074749072600,49,25,52
48,766,13212530503136162719,49,25,52
48,767,17173265720858095885,49,25,52
48,768,17415705138578540169,49,25,48
48,769,10808205772901086694,49,25,52
48,770,3077204770531491295,49,25,48
48,771,14761111628657431652,49,25,52
48,772,2946227710861393446,49,25,48
48,773,17895233604412919080,49,25,52
48,774,10751111960152486706,49,25,56
48,775,13450293151788600428,49,25,52
48,776,1669973160082829090,49,25,44
48,777,7230730749118380576,49,25,48
48,778,7494260494518131872,49,25,48
48,779,846538118301139689,49,25,48
48,780,15946861184159684761,49,25,48
48,781,1606886459913823106,49,25,52
48,782,1777889150889557219,49,25,48
48,783,15637831880619325516,49,25,52
48,784,1253502633648226220,49,25,52
48,785,8251818877256364046,49,25,48
48,786,11636954553540575627,49,25,52
48,787,10589987226347120755,49,25,44
48,788,4011813184956823380,49,25,52
48,789,5993327935401369706,49,25,52
48,790,8293786968193403723,49,25,52
48,791,5332870913511865331,49,25,48
48,792,10738313446196742805,49,25,52
48,793,16627939028429422253,49,25,48
48,794,2619370406442310185,49,25,52
48,795,7483017856184231666,49,25,52
48,796,14403052252110689149,49,25,52
48,797,2391606891245960687,49,25,56
48,798,15213450080753208482,49,25,48
48,799,3309794116603545203,49,25,48
48,800,17306357775700405590,49,25,52
48,801,11935330702250192715,49,25,52
48,802,16006065668782368027,49,25,48
48,803,4201470875773154705,49,25,52
48,804,3872039284829556756,49,25,52
48,805,13509918148861875881,49,25,52
48,806,18161356047270896083,49,25,52
48,807,11858954124072240810,49,25,52
48,808,4111292937317379780,49,25,48
48,809,12837910424631486258,49,25,52
48,810,17298205053868206421,49,25,52
48,811,13424528074480329632,49,25,52
48,812,8850696292958602270,49,25,52
48,813,14517897767452797762,49,25,52
48,814,6404188868083302903,49,25,48
48,815,16595678806156407013,49,25,52
48,816,2332821724106798247,49,25,48
48,817,2767688199000481264,49,25,56
48,818,16236683887247893877,49,25,48
48,819,4168081498070884323,49,25,52
48,820,5212181422975518794,49,25,48
48,821,8701103514270367596,49,25,52
48,822,4200657031048722422,49,25,52
48,823,14302210031281480891,49,25,52
48,824,2501570002199161404,49,25,52
48,825,15830792743924051465,49,25,52
48,826,62261725167255915,49,25,52
48,827,14505939114193740212,49,25,48
48,828,17555166336891624118,49,25,48
48,829,10230553472657838705,49,25,48
48,830,369148809346077210,49,25,48
48,831,7963564737610087130,49,25,52
48,832,5108609595488549766,49,25,56
48,833,4852380546290275802,49,25,48
48,834,65529745926676994,49,25,48
48,835,1138291858198402424,49,25,48
48,836,13021856804059146420,49,25,52
48,837,3584421718493864645,49,25,44
48,838,13642607190053898713,49,25,52
48,839,123970600222347693,49,25,48
48,840,9221926023647295796,49,25,48
48,841,7267094682745361627,49,25,48
48,842,1639166838020060363,49,25,52
48,843,2883173844536106935,49,25,48
48,844,9591371142175842574,49,25,52
48,845,4155973734386696255,49,25,52
48,846,6745931007282853409,49,25,56
48,847,17446898294319860127,49,25,52
48,848,6232618343736620834,49,25,52
48,849,1900138348381996638,49,25,48
48,850,3933893353615732355,49,25,48
48,851,13222933362469504962,49,25,52
48,852,16435212404654743965,49,25,48
48,853,14156414302120093603,49,25,52
48,854,5713566241434779098,49,25,52
48,855,13169068867373474297,49,25,56
48,856,4042488929030296138,49,25,48
48,857,4116600137834850914,49,25,56
48,858,9272446297041018285,49,25,44
48,859,4450528485871034185,49,25,52
48,860,11356412860199428294,49,25,52
48,861,14460304001264714842,49,25,48
48,862,3699374054487824613,49,25,52
48,863,1062170160259650987,49,25,48
48,864,11710693249940071007,49,25,48
48,865,12394258453377656731,49,25,52
48,866,15186520728856124567,49,25,48
48,867,8259130422981739232,49,25,48
48,868,9379965920727496698,49,25,56
48,869,3601783654660160069,49,25,52
48,870,2669505556945011145,49,25,52
48,871,14615903487821647387,49,25,52
48,872,17216377889309454479,49,25,48
48,873,13711735514532653164,49,25,52
48,874,14523300704337985179,49,25,52
48,875,5316979795012345894,49,25,52
48,876,7167049373210300267,49,25,52
48,877,4507570792955246816,49,25,52
48,878,7009236479189644941,49,25,52
48,879,8273465227700139282,49,25,48
48,880,8645985659960832981,49,25,56
48,881,9267027252562968868,49,25,52
48,882,14368153368106424790,49,25,48
48,883,8981081559155439998,49,25,52
48,884,1272542164258728540,49,25,52
48,885,7730082491091978987,49,25,44
48,886,15859881947245282635,49,25,56
48,887,7338308749362524773,49,25,48
48,888,8370626319771546117,49,25,52
48,889,7924290205301924948,49,25,48
48,890,13265168130426971478,49,25,52
48,891,9020920080714429480,49,25,52
48,892,5749841104388742205,49,25,48
48,893,7312775793683720257,49,25,52
48,894,13187189789901637571,49,25,52
48,895,914666017446571791,49,25,48
48,896,16118212197930944653,49,25,48
48,897,14725726595028422173,49,25,44
48,898,6054601635043540334,49,25,52
48,899,17639507412212781420,49,25,56
48,900,4494171088813599263,49,25,52
48,901,5086169883497966512,49,25,52
48,902,1638878592166373695,49,25,56
48,903,14301081760064985860,49,25,56
48,904,17629106094531179522,49,25,52
48,905,1633288537584399512,49,25,52
48,906,8460423870619289031,49,25,52
48,907,13043308639388951825,49,25,48
48,908,11936431843326175335,49,25,48
48,909,17884672062937268493,49,25,48
48,910,12795599069354492837,49,25,52
48,911,2399594480977154358,49,25,48
48,912,3772905706433083227,49,25,52
48,913,18161319826787377118,49,25,48
48,914,2929551461224517993,49,25,48
48,915,9177805020734734078,49,25,52
48,916,9769070013261255475,49,25,48
48,917,16851882305616921347,49,25,52
48,918,16049972454198460006,49,25,48
48,919,15982479410621154510,49,25,52
48,920,18392805735525751863,49,25,52
48,921,7629704633753416747,49,25,56
48,922,7859816023356885442,49,25,52
48,923,742932678523268793,49,25,56
48,924,695735262035467798,49,25,52
48,925,14298393383450113054,49,25,48
48,926,7284624047472413253,49,25,48
48,927,1709091860086893408,49,25,56
48,928,6124880891288655136,49,25,48
48,929,17480321934705092831,49,25,48
48,930,2480670075570224285,49,25,56
48,931,9720882492656677588,49,25,52
48,932,17248955489799082172,49,25,52
48,933,5425076274207544310,49,25,52
48,934,3312200365884875092,49,25,52
48,935,11102633681392099947,49,25,52
48,936,3880373155216033873,49,25,52
48,937,10767382729009627485,49,25,48
48,938,13897243948526697504,49,25,52
48,939,14459248299524202247,49,25,52
48,940,6326854539319120735,49,25,52
48,941,5471485757549905608,49,25,52
48,942,7186602057845302697,49,25,52
48,943,15725857912935825637,49,25,52
48,944,11984461542641818881,49,25,52
48,945,16800939477309519805,49,25,48
48,946,7175716307310473333,49,25,48
48,947,12656438979141806313,49,25,48
48,948,3574870449955783715,49,25,52
48,949,17950514796969419161,49,25,48
48,950,4951167970678404532,49,25,52
48,951,2041151101681753762,49,25,52
48,952,9868832830983133114,49,25,52
48,953,12065822944314851045,49,25,52
48,954,10346688441797186023,49,25,52
48,955,8014542159693794845,49,25,52
48,956,16470602641219457137,49,25,56
48,957,2822576454042509048,49,25,56
48,958,12967557565184972147,49,25,48
48,959,3982838661889090120,49,25,52
48,960,16831913200751967131,49,25,52
48,961,17591212195724957171,49,25,52
48,962,217677102133585977,49,25,52
48,963,2019873676646743422,49,25,52
48,964,13967450362181749205,49,25,48
48,965,13666235760735542349,49,25,52
48,966,6444342837777916064,49,25,48
48,967,13676166012181925313,49,25,52
48,968,7023681840744118826,49,25,48
48,969,4074733227276472138,49,25,52
48,970,1374940323437920954,49,25,48
48,971,11564174706781089022,49,25,52
48,972,8302688193431639814,49,25,52
48,973,11057200214280593565,49,25,48
48,974,8588100711400114317,49,25,52
48,975,14360219822822595842,49,25,52
48,976,12765740050054007042,49,25,48
48,977,10982184120033427198,49,25,48
48,978,12868786439346982046,49,25,52
48,979,1325688718799555549,49,25,52
48,980,10733886790372849064,49,25,52
48,981,10254980717609941405,49,25,48
48,982,13830042743552442782,49,25,52
48,983,9733274994176755929,49,25,56
48,984,3692433222416125793,49,25,48
48,985,6332310016733186821,49,25,52
48,986,16877797777342302191,49,25,52
48,987,17798087824100329636,49,25,52
48,988,7641348871396971839,49,25,52
48,989,16580231429955309930,49,25,48
48,990,10683515434354718211,49,25,52
48,991,1666385379948411847,49,25,52
48,992,1787375456189803146,49,25,56
48,993,8361974006006774421,49,25,44
48,994,5406159899096125855,49,25,52
48,995,3009585648266804365,49,25,52
48,996,5421413947925877216,49,25,52
48,997,10402318843418153028,49,25,48
48,998,13959698730369966821,49,25,44
48,999,15212658141399879550,49,25,52
48,1000,11666304122897592582,49,25,52
48,1001,18202722691981516965,49,25,48
48,1002,14466880689664900926,49,25,52
48,1003,15862174627434198560,49,25,52
48,1004,3479920159471544448,49,25,56
48,1005,10025420900402833314,49,25,60
48,1006,5228470779421289588,49,25,52
48,1007,18193957752648347823,49,25,52
48,1008,15499351349105035376,49,25,52
48,1009,420617305083049480,49,25,48
48,1010,12886210077536808109,49,25,52
48,1011,7439867501293308902,49,25,52
48,1012,252605787073687651,49,25,48
48,1013,12490664695157640588,49,25,48
48,1014,5598296889446653741,49,25,48
48,1015,6535946350515722843,49,25,52
48,1016,2524466417348353161,49,25,52
48,1017,16201134860443993643,49,25,56
48,1018,15543564026703365112,49,25,52
48,1019,17228352404125462857,49,25,52
48,1020,5676605875269017616,49,25,52
48,1021,12361126448737976701,49,25,52
48,1022,15942268193393687309,49,25,48
48,1023,15742837351788110191,49,25,52
48,1024,24545698953914788,49,25,48
48,1025,11589639554680983289,49,25,52
48,1026,1040567721248252585,49,25,52
48,1027,3988199590710372625,49,25,48
48,1028,13709046536964403621,49,25,48
48,1029,418665693599018486,49,25,52
48,1030,8627489593683914992,49,25,52
48,1031,13168895333007886910,49,25,52
48,1032,1534421987289343289,49,25,48
48,1033,9031292452114918948,49,25,48
48,1034,2487307900833071773,49,25,52
48,1035,3620745629087933732,49,25,52
48,1036,14899501315302668536,49,25,48
48,1037,1006189072680598978,49,25,52
48,1038,15950077623807379617,49,25,52
48,1039,16993375469724747536,49,25,52
48,1040,8240155092686908843,49,25,52
48,1041,16369521915061557418,49,25,52
48,1042,11623766487578013494,49,25,52
48,1043,7667628671206008416,49,25,52
48,1044,5545448891155359153,49,25,48
48,1045,10064170705871263357,49,25,52
48,1046,9902619124946171564,49,25,48
48,1047,12688566178668776678,49,25,48
48,1048,1397736371660642589,49,25,52
48,1049,17888410832447939538,49,25,48
48,1050,8235665132845503302,49,25,48
48,1051,6935830487563227575,49,25,52
48,1052,17032864075255172460,49,25,48
48,1053,10805689868753874953,49,25,48
48,1054,12596402591392414936,49,25,48
48,1055,17430716139203776432,49,25,48
48,1056,13166058113344250442,49,25,52
48,1057,2727309748461332454,49,25,52
48,1058,14526290286363365473,49,25,56
48,1059,8739072830783903131,49,25,48
48,1060,12641194622243420801,49,25,52
48,1061,17113721531541437677,49,25,52
48,1062,15234878940874776079,49,25,48
48,1063,3749653889080394718,49,25,48
48,1064,4634069883041642853,49,25,48
48,1065,9833658320439080503,49,25,48
48,1066,17176246880040996776,49,25,52
48,1067,1810732596633398880,49,25,52
48,1068,8763074286104351973,49,25,52
48,1069,3682041921980297365,49,25,52
48,1070,3339875723161771523,49,25,56
48,1071,2379659310363681109,49,25,52
48,1072,1850279723087498016,49,25,52
48,1073,18303335100894526401,49,25,52
48,1074,18083938770240573135,49,25,52
48,1075,17491418064454943264,49,25,48
48,1076,4984258121540911276,49,25,52
48,1077,6079089487028713549,49,25,48
48,1078,2038537622485604252,49,25,48
48,1079,4170549901948802099,49,25,52
48,1080,5962910437102053079,49,25,48
48,1081,711228511265506529,49,25,48
48,1082,9446744526938001481,49,25,52
48,1083,5629044835726059497,49,25,52
48,1084,11572664790287991580,49,25,52
48,1085,148677736246911141,49,25,52
48,1086,196416576766383384,49,25,48
48,1087,4274357272555046967,49,25,48
48,1088,17592386222979927454,49,25,48
48,1089,6691851027285889189,49,25,48
48,1090,13984962947054393413,49,25,56
48,1091,9875441731751948822,49,25,52
48,1092,13701850611882753701,49,25,52
48,1093,1021046124633402171,49,25,52
48,1094,14316765221024344007,49,25,48
48,1095,13793331676531630312,49,25,52
48,1096,11640753448632411470,49,25,52
48,1097,2116411397415533234,49,25,48
48,1098,11541712825643438569,49,25,48
48,1099,6215654130116375302,49,25,52
48,1100,18293861896021228378,49,25,48
48,1101,613318792407916036,49,25,52
48,1102,12335267341085733467,49,25,52
48,1103,11832702704343352430,49,25,48
48,1104,14413352432508060973,49,25,52
48,1105,14976655438075421628,49,25,48
48,1106,11555679522724918609,49,25,52
48,1107,13714922010086703294,49,25,48
48,1108,6439282581913742136,49,25,52
48,1109,13125509007233336726,49,25,48
48,1110,6957498346763664635,49,25,52
48,1111,13015095367602437540,49,25,52
48,1112,17333154332408539609,49,25,48
48,1113,8955431422293342714,49,25,52
48,1114,16559258383772086701,49,25,52
48,1115,3384897820019412500,49,25,60
48,1116,8441073274496535338,49,25,48
48,1117,15461657214410056981,49,25,48
48,1118,7991711673020543196,49,25,52
48,1119,8800989300014725927,49,25,44
48,1120,3194789617744815157,49,25,52
48,1121,12623253480798596369,49,25,52
48,1122,16847963590435445919,49,25,52
48,1123,16751562137823905811,49,25,48
48,1124,6181392868902718436,49,25,48
48,1125,8980183846304119115,49,25,52
48,1126,18402432936602381340,49,25,52
48,1127,11080422440752472182,49,25,52
48,1128,9034274914228929116,49,25,56
48,1129,6644091833536653288,49,25,52
48,1130,8283458910058391334,49,25,48
48,1131,12133445555157105065,49,25,48
48,1132,17007842283830911758,49,25,52
48,1133,8516191253488012389,49,25,48
48,1134,14322174367671667364,49,25,52
48,1135,7563808938400808434,49,25,52
48,1136,999421870733865492,49,25,52
48,1137,5393316003249707696,49,25,52
48,1138,13971736608759700558,49,25,52
48,1139,6476037030588515174,49,25,48
48,1140,5607938053808120214,49,25,52
48,1141,4809569193127617168,49,25,52
48,1142,13678696248879189694,49,25,52
48,1143,16866070298482121314,49,25,48
48,1144,11184375960941396762,49,25,52
48,1145,11487389745008482087,49,25,48
48,1146,18397243507825341408,49,25,52
48,1147,1321283895842194591,49,25,48
48,1148,11661352454865872531,49,25,52
48,1149,9907457470346827564,49,25,48
48,1150,5290456576213830414,49,25,52
48,1151,17679074057842778787,49,25,52
48,1152,9754377102648270426,49,25,52
48,1153,13366837174799285998,49,25,52
48,1154,17560763326186350527,49,25,52
48,1155,9165942641659298970,49,25,52
48,1156,10426475917216899792,49,25,48
48,1157,12091072854558095266,49,25,48
48,1158,6219889941801163333,49,25,52
48,1159,4778990340745013805,49,25,48
48,1160,16798421231750748788,49,25,52
48,1161,4500374657773749328,49,25,48
48,1162,17589457809872692442,49,25,52
48,1163,7425713893375867026,49,25,52
48,1164,3529876739316978762,49,25,52
48,1165,2992673910518900402,49,25,52
48,1166,12507952001647334598,49,25,48
48,1167,18010867896198489765,49,25,48
48,1168,18436287491164336439,49,25,52
48,1169,1809106440736995432,49,25,48
48,1170,7324154549156560742,49,25,48
48,1171,18049959428721934571,49,25,52
48,1172,10137843033258806956,49,25,52
48,1173,2796652820237649794,49,25,52
48,1174,11618568855895545844,49,25,48
48,1175,18393084753395919864,49,25,48
48,1176,6893279364694372411,49,25,44
48,1177,4332202836027450983,49,25,48
48,1178,9253104481561824821,49,25,52
48,1179,13613710955269045787,49,25,52
48,1180,16277704841937697184,49,25,52
48,1181,10553088866734316975,49,25,52
48,1182,15654481481492526402,49,25,52
48,1183,8653950279218302107,49,25,52
48,1184,8999508802020904141,49,25,52
48,1185,11686244203155795924,49,25,48
48,1186,1465474643269434276,49,25,52
48,1187,1420270374636786964,49,25,52
48,1188,1935256675942868210,49,25,52
48,1189,11221416817942654430,49,25,52
48,1190,1753532059630487569,49,25,48
48,1191,7467570086424870736,49,25,52
48,1192,10614749601517490879,49,25,52
48,1193,16424541934547355346,49,25,52
48,1194,5131033399777697261,49,25,52
48,1195,12139956476093987893,49,25,52
48,1196,5719841572759631918,49,25,48
48,1197,4620964521291264048,49,25,52
48,1198,1353276156431158897,49,25,52
48,1199,12810682053841039493,49,25,56
48,1200,11488365730162217401,49,25,48
48,1201,335304863718735196,49,25,48
48,1202,4560548782149025916,49,25,52
48,1203,5190857655019047440,49,25,52
48,1204,9585245080104500932,49,25,52
48,1205,6226208267016433352,49,25,52
48,1206,2598280670190360688,49,25,52
48,1207,17550241203109331170,49,25,52
48,1208,18178939501624790441,49,25,52
48,1209,12115481104633815182,49,25,56
48,1210,9823587570165199657,49,25,52
48,1211,16962900302036728413,49,25,52
48,1212,1240296476947188516,49,25,52
48,1213,3456065777722675807,49,25,52
48,1214,2404891772090710414,49,25,52
48,1215,981339998188346531,49,25,48
48,1216,10854381713226503069,49,25,48
48,1217,3604164360723385684,49,25,52
48,1218,8277636505785637960,49,25,52
48,1219,5132518450605616412,49,25,52
48,1220,5641888782117157789,49,25,44
48,1221,17716890818101423008,49,25,52
48,1222,8073702916180079453,49,25,48
48,1223,13798911470740586911,49,25,52
48,1224,10629527701435138958,49,25,52
48,1225,1098727704238185952,49,25,52
48,1226,14777130024190640257,49,25,56
48,1227,16223798556654892224,49,25,52
48,1228,13469204843072470274,49,25,52
48,1229,10584217746454415381,49,25,48
48,1230,12204123628378690102,49,25,52
48,1231,8530780065823718277,49,25,52
48,1232,8180566626923236618,49,25,48
48,1233,1251184976195399278,49,25,48
48,1234,10653214317485853779,49,25,52
48,1235,6127171666051555564,49,25,52
48,1236,1859238813320098905,49,25,52
48,1237,7325340104221934894,49,25,52
48,1238,9828919754615702973,49,25,48
48,1239,2286767769442948722,49,25,52
48,1240,3608403572644320414,49,25,52
48,1241,15318990360764945706,49,25,52
48,1242,7235607532383395089,49,25,48
48,1243,1995371597212768906,49,25,48
48,1244,11795081576696672994,49,25,48
48,1245,7308755495562897522,49,25,48
48,1246,3010802167926375502,49,25,48
48,1247,4133654158412878833,49,25,48
48,1248,17885491460143608736,49,25,52
48,1249,5424412453706858515,49,25,52
48,1250,14707221681759915687,49,25,52
48,1251,7311894393448930612,49,25,52
48,1252,3761513884588061408,49,25,52
48,1253,9433520091598539555,49,25,48
48,1254,6400202925980360657,49,25,52
48,1255,13511708612353819019,49,25,48
48,1256,18203918847964677495,49,25,52
48,1257,7164076288245706883,49,25,52
48,1258,1235958441123265425,49,25,48
48,1259,11553819842569807436,49,25,52
48,1260,17652851990744442732,49,25,52
48,1261,7406991570290098470,49,25,48
48,1262,3985253535075758652,49,25,52
48,1263,3834024572235805873,49,25,52
48,1264,1151629311051149583,49,25,56
48,1265,14658149986121854818,49,25,48
48,1266,3178177228755480430,49,25,44
48,1267,1486100283389666771,49,25,48
48,1268,5815348228865693739,49,25,56
48,1269,13498632536279504724,49,25,48
48,1270,828063760352384165,49,25,56
48,1271,4180133044768528642,49,25,48
48,1272,11596429332073861883,49,25,52
48,1273,3099630763206233431,49,25,52
48,1274,14392831403515813190,49,25,56
48,1275,8632158846825545094,49,25,52
48,1276,17657272421024826962,49,25,52
48,1277,4778916688837453959,49,25,56
48,1278,2825476989280267983,49,25,52
48,1279,227952776722398319,49,25,52
48,1280,13050078292944063523,49,25,52
48,1281,16821763345761720181,49,25,48
48,1282,10243723108595043661,49,25,52
48,1283,16311993178464465029,49,25,48
48,1284,18086153177314389295,49,25,52
48,1285,3841315693302405316,49,25,52
48,1286,7149362583319972253,49,25,52
48,1287,2711092921303628287,49,25,48
48,1288,8848867471687938666,49,25,52
48,1289,15516770533267589086,49,25,52
48,1290,4637178994202681802,49,25,52
48,1291,13146240548305371292,49,25,52
48,1292,2990493755855032349,49,25,48
48,1293,17248213174317988720,49,25,48
48,1294,11776274181481899968,49,25,52
48,1295,7858382084117089332,49,25,52
48,1296,298936229273386538,49,25,52
48,1297,12030190516568241949,49,25,52
48,1298,6118260385630295253,49,25,48
48,1299,755926226913390775,49,25,52
48,1300,15707035546663661733,49,25,48
48,1301,17955774099798517856,49,25,56
48,1302,14389495595388251995,49,25,56
48,1303,13165210796447357909,49,25,56
48,1304,9102679094308090670,49,25,52
48,1305,13834842209567717544,49,25,44
48,1306,8657049993339030449,49,25,52
48,1307,3539366715431658657,49,25,48
48,1308,3806256591474379376,49,25,52
48,1309,11113459339882505610,49,25,44
48,1310,2425736927222991922,49,25,52
48,1311,9156483969867737206,49,25,52
48,1312,8110910050851466403,49,25,52
48,1313,9469163819322957877,49,25,52
48,1314,603373176453925436,49,25,48
48,1315,4136563724777638410,49,25,48
48,1316,6158435059063213502,49,25,52
48,1317,1107499697753540534,49,25,48
48,1318,10101008692162565557,49,25,52
48,1319,6228788525405923707,49,25,56
48,1320,12938019703426631082,49,25,52
48,1321,4113672579437925536,49,25,52
48,1322,572027681886277098,49,25,52
48,1323,164614239629708859,49,25,52
48,1324,12474865221612002998,49,25,52
48,1325,2356813418967932357,49,25,52
48,1326,13386747107702373970,49,25,52
48,1327,17424646092982219179,49,25,52
48,1328,7721760393838778118,49,25,48
48,1329,14727642379661538141,49,25,48
48,1330,8739333136759155529,49,25,52
48,1331,6943497127159159424,49,25,48
48,1332,16307434995880701856,49,25,48
48,1333,2283348748217520663,49,25,48
48,1334,3226341261478936203,49,25,52
48,1335,5777427450889917232,49,25,48
48,1336,10744229762564648365,49,25,48
48,1337,4809996725176325211,49,25,48
48,1338,5019218612486508568,49,25,48
48,1339,15903262226518550837,49,25,56
48,1340,6063275152335943522,49,25,52
48,1341,13416684585960192592,49,25,56
48,1342,13937582572584095342,49,25,56
48,1343,4459974994708594959,49,25,44
48,1344,8341466008429273970,49,25,52
48,1345,14330496059870105366,49,25,52
48,1346,17181722729387333524,49,25,52
48,1347,12035789126932304134,49,25,52
48,1348,15945007398014932392,49,25,52
48,1349,15845279209238200736,49,25,52
48,1350,674368979016228056,49,25,48
48,1351,16652139622335641030,49,25,48
48,1352,9762297723631049861,49,25,52
48,1353,16604959020682648750,49,25,52
48,1354,17937915301336752500,49,25,48
48,1355,9538812771190837786,49,25,56
48,1356,150706465413244412,49,25,48
48,1357,15693065607725955951,49,25,48
48,1358,4612458186015800082,49,25,48
48,1359,16127677290146720100,49,25,52
48,1360,7759930468801970495,49,25,52
48,1361,2120048702922374575,49,25,52
48,1362,1160525044878877888,49,25,52
48,1363,12365244077417898009,49,25,52
48,1364,7279130645162293497,49,25,52
48,1365,16629196852576683097,49,25,48
48,1366,14875380169713025895,49,25,48
48,1367,13006788494192125128,49,25,48
48,1368,11341363656111144041,49,25,48
48,1369,5147420072051363787,49,25,48
48,1370,4452910075786217644,49,25,52
48,1371,14954830310415969346,49,25,52
48,1372,18409428852589697337,49,25,52
48,1373,6265031209835100197,49,25,52
48,1374,15693843689617995261,49,25,52
48,1375,18309273821707187971,49,25,52
48,1376,16673028038922043104,49,25,52
48,1377,5591468424634410448,49,25,56
48,1378,8002786924108368328,49,25,48
48,1379,1266952891381420698,49,25,52
48,1380,15995159305428166652,49,25,52
48,1381,840914467865517095,49,25,48
48,1382,15806704155960986923,49,25,48
48,1383,17028044694169565553,49,25,48
48,1384,1716123516563124391,49,25,52
48,1385,9825147215999268547,49,25,44
48,1386,8968230907770837152,49,25,44
48,1387,8199731485184000332,49,25,52
48,1388,13516184968808792876,49,25,52
48,1389,17328645922690845019,49,25,52
48,1390,12194632867593278368,49,25,48
48,1391,1720796034457668787,49,25,48
48,1392,11644187444117152505,49,25,52
48,1393,2901116368688603237,49,25,56
48,1394,8796913615251018325,49,25,48
48,1395,17198450810772089430,49,25,52
48,1396,7467970527513020496,49,25,48
48,1397,8973227713692068566,49,25,48
48,1398,10808950636059551620,49,25,56
48,1399,9425583255080214424,49,25,48
48,1400,3472274441799168824,49,25,52
48,1401,5652340808610910470,49,25,52
48,1402,1572361368183767104,49,25,48
48,1403,2369433244009347198,49,25,52
48,1404,4115885083426185669,49,25,48
48,1405,5959297030298716253,49,25,52
48,1406,6188860610821570677,49,25,56
48,1407,10930735451808269078,49,25,52
48,1408,17328239692293626226,49,25,52
48,1409,2244129036490733497,49,25,52
48,1410,12891081024064442162,49,25,52
48,1411,6084564772030545709,49,25,48
48,1412,641871744517241549,49,25,48
48,1413,13045366816863957701,49,25,52
48,1414,10457624535658210727,49,25,52
48,1415,68692590018659526,49,25,48
48,1416,8503648923781411925,49,25,48
48,1417,6966833384802277845,49,25,52
48,1418,15541374675551191430,49,25,52
48,1419,5500562511091893512,49,25,52
48,1420,6113561263967203943,49,25,52
48,1421,18026717977146440838,49,25,48
48,1422,7499521777034289564,49,25,48
48,1423,2373412083833544831,49,25,48
48,1424,4707694806474608111,49,25,52
48,1425,763623605027055646,49,25,52
48,1426,5663159681476972802,49,25,52
48,1427,11375771660986723430,49,25,52
48,1428,13605739444914364603,49,25,52
48,1429,9669716527244115439,49,25,52
48,1430,12435058172938083055,49,25,52
48,1431,12455070482985442851,49,25,48
48,1432,7642329048311911440,49,25,52
48,1433,12393009823332525844,49,25,52
48,1434,13159051357431147311,49,25,48
48,1435,6318564663332662379,49,25,52
48,1436,6134544844777661772,49,25,48
48,1437,4601664006517250740,49,25,56
48,1438,5278025733530138638,49,25,52
48,1439,18355471381039601371,49,25,48
48,1440,9083996688999245625,49,25,48
48,1441,9122191917220464545,49,25,52
48,1442,8487856539565951084,49,25,52
48,1443,11079304134384305096,49,25,52
48,1444,12901575576278994799,49,25,52
48,1445,2265093808463759825,49,25,52
48,1446,1576296111305698897,49,25,52
48,1447,229359127439741742,49,25,52
48,1448,6809662846877629327,49,25,52
48,1449,4490686303566825312,49,25,52
48,1450,5439217532162341986,49,25,52
48,1451,2300673533170266144,49,25,52
48,1452,17790484436375316671,49,25,48
48,1453,18396255868033035138,49,25,48
48,1454,5003628885961173450,49,25,48
48,1455,16343054480447340324,49,25,48
48,1456,5755502969879753113,49,25,52
48,1457,9259096348203788622,49,25,48
48,1458,10543323888302411173,49,25,52
48,1459,12438934236337775471,49,25,52
48,1460,8975889910334232413,49,25,52
48,1461,11520845209473246260,49,25,48
48,1462,13066949728714237318,49,25,52
48,1463,15694718328465870983,49,25,52
48,1464,11890805658672175769,49,25,48
48,1465,2074627993295590279,49,25,48
48,1466,10213294329918988355,49,25,52
48,1467,6861665893096245595,49,25,52
48,1468,14748597861745110233,49,25,56
48,1469,12241058718104319918,49,25,48
48,1470,6953185494013062848,49,25,52
48,1471,16014010831283661465,49,25,52
48,1472,14589980591661206025,49,25,52
48,1473,230930489212635616,49,25,52
48,1474,2411957365159810037,49,25,52
48,1475,9736145637361907149,49,25,48
48,1476,16773025331131781819,49,25,52
48,1477,16833409474171241069,49,25,52
48,1478,2487418965460969336,49,25,52
48,1479,15680722334573127438,49,25,48
48,1480,10593513829496846689,49,25,52
48,1481,17845981418955842281,49,25,52
48,1482,473414549726841953,49,25,48
48,1483,18424164175843143497,49,25,52
48,1484,5743045965652276681,49,25,48
48,1485,14387907862736106068,49,25,48
48,1486,477453641946709199,49,25,52
48,1487,2133327669161231358,49,25,56
48,1488,13943620803733830136,49,25,48
48,1489,6488765639734487133,49,25,48
48,1490,11516449999294730820,49,25,52
48,1491,5108125965258606889,49,25,56
48,1492,9820733183445937583,49,25,48
48,1493,17361491072286431502,49,25,48
48,1494,11268957676551693009,49,25,52
48,1495,1780705134156226911,49,25,52
48,1496,18268552919837238163,49,25,52
48,1497,13363217057591926702,49,25,52
48,1498,4041075410262374253,49,25,52
48,1499,16294480046979559279,49,25,52
48,1500,18178169229909511730,49,25,52
48,1501,1062989595366393083,49,25,52
48,1502,521371384135943162,49,25,52
48,1503,5702337071514501944,49,25,52
48,1504,5627382126537804830,49,25,52
48,1505,12177860024979247766,49,25,56
48,1506,13951584840903833737,49,25,48
48,1507,14178698660144808907,49,25,52
48,1508,5655254652593926825,49,25,48
48,1509,6288774336583352292,49,25,44
48,1510,6889716982552237765,49,25,52
48,1511,11787047344421166229,49,25,52
48,1512,1085929021508603295,49,25,52
48,1513,5783515555234870603,49,25,52
48,1514,17280192408360027626,49,25,48
48,1515,9441161181973238139,49,25,48
48,1516,10364189840362682635,49,25,48
48,1517,15035707590822323839,49,25,48
48,1518,8542951383392101720,49,25,52
48,1519,17752539177161118810,49,25,44
48,1520,1950716554900773556,49,25,52
48,1521,11082372310089357687,49,25,48
48,1522,16482806426750691005,49,25,56
48,1523,2442244074780732495,49,25,48
48,1524,11109968293266260513,49,25,52
48,1525,7535002265052488843,49,25,48
48,1526,5776674276211967307,49,25,52
48,1527,17761475877489708875,49,25,52
48,1528,3182411876620146410,49,25,52
48,1529,13590958620454848499,49,25,56
48,1530,15703505533457597128,49,25,48
48,1531,9499295583018570221,49,25,52
48,1532,15438071328811491300,49,25,48
48,1533,578046148316717906,49,25,52
48,1534,3913371026025694655,49,25,56
48,1535,44108756131019845,49,25,56
48,1536,2864016969545287412,49,25,56
48,1537,8209187090556043101,49,25,48
48,1538,14826832957688480288,49,25,56
48,1539,6599602034775856027,49,25,48
48,1540,15950543501207752553,49,25,48
48,1541,6372969918787278948,49,25,52
48,1542,14049462517422921981,49,25,56
48,1543,14470994753597596913,49,25,52
48,1544,7804377656027823724,49,25,52
48,1545,15292874620366129945,49,25,52
48,1546,8161342174585925292,49,25,48
48,1547,17492033654647192124,49,25,48
48,1548,8699001842255704535,49,25,52
48,1549,18059156487007654977,49,25,52
48,1550,14953957621936851915,49,25,52
48,1551,8545081246862103076,49,25,52
48,1552,18432455147717371642,49,25,48
48,1553,17319272826506209419,49,25,56
48,1554,7523492528347152862,49,25,48
48,1555,725712507786103940,49,25,48
48,1556,13382832518722085559,49,25,52
48,1557,17733299540983625262,49,25,52
48,1558,17334550168916512304,49,25,52
48,1559,15436162336204054138,49,25,48
48,1560,4224147916218361631,49,25,56
48,1561,10045493609727671187,49,25,48
48,1562,2725605516720369112,49,25,52
48,1563,14744079863234181136,49,25,52
48,1564,9672627327710071412,49,25,52
48,1565,17077685507123622312,49,25,48
48,1566,16525062632188265887,49,25,48
48,1567,17091163723015364504,49,25,52
48,1568,4412234070282684648,49,25,52
48,1569,15551895486838219836,49,25,48
48,1570,18160848935964288023,49,25,48
48,1571,7433335087762021218,49,25,48
48,1572,9545659174827437515,49,25,52
48,1573,1829491775478332687,49,25,52
48,1574,11873899838545762339,49,25,52
48,1575,17984457658717094556,49,25,48
48,1576,3014489215930946391,49,25,48
48,1577,13177453496904356096,49,25,48
48,1578,15353776455290930739,49,25,48
48,1579,2790647771500396388,49,25,48
48,1580,8872752078142458686,49,25,44
48,1581,17723519355540098044,49,25,48
48,1582,6519712308263368343,49,25,52
48,1583,4347605276896388726,49,25,48
48,1584,1267706250214994922,49,25,52
48,1585,1101520828583034937,49,25,52
48,1586,13744271675742548976,49,25,52
48,1587,15834842356739442881,49,25,48
48,1588,18001859920908934383,49,25,48
48,1589,17709618054633646940,49,25,48
48,1590,10703462480811236197,49,25,52
48,1591,2176777335768270805,49,25,56
48,1592,15902793531871562215,49,25,48
48,1593,10035604836681400137,49,25,52
48,1594,6079577403286206914,49,25,52
48,1595,2829858679019349730,49,25,52
48,1596,907040989781143105,49,25,48
48,1597,9570960291374187323,49,25,52
48,1598,13054741967627138322,49,25,48
48,1599,7312863572128890144,49,25,52
48,1600,10511426758229764832,49,25,48
48,1601,1593924493764102485,49,25,56
48,1602,16917027194402958961,49,25,48
48,1603,17987935506917761749,49,25,56
48,1604,12096586288140651592,49,25,52
48,1605,8581609818563005779,49,25,52
48,1606,14924374518350986852,49,25,48
48,1607,12418788417099338604,49,25,52
48,1608,14481437604901581592,49,25,44
48,1609,5250846179275275987,49,25,44
48,1610,8706667297017078030,49,25,52
48,1611,8574511236675369331,49,25,52
48,1612,1848237764927484608,49,25,48
48,1613,1297617055302102309,49,25,52
48,1614,6419125096218607111,49,25,52
48,1615,2364494973317247170,49,25,52
48,1616,9823554267571401984,49,25,48
48,1617,14872206311367158387,49,25,52
48,1618,10408687053082955662,49,25,52
48,1619,4293972176022203448,49,25,48
48,1620,7074838793699060338,49,25,52
48,1621,14919462247896968909,49,25,48
48,1622,12054929128364999362,49,25,48
48,1623,14161106626568000834,49,25,52
48,1624,5747534200657398234,49,25,48
48,1625,18104010070397425883,49,25,52
48,1626,10525925782758706814,49,25,52
48,1627,13024841084134474514,49,25,48
48,1628,7891428089583257953,49,25,48
48,1629,2677324092678564817,49,25,48
48,1630,2522369181196023868,49,25,52
48,1631,8807963106893318721,49,25,52
48,1632,2706563248977493811,49,25,52
48,1633,3100637270049598437,49,25,52
48,1634,631257305395002940,49,25,52
48,1635,10619756767988165019,49,25,56
48,1636,15811204854698573511,49,25,52
48,1637,12911783905316700976,49,25,52
48,1638,516743196836956102,49,25,48
48,1639,11442279946446097102,49,25,52
48,1640,11948099851749006550,49,25,52
48,1641,3911942125014546996,49,25,52
48,1642,216798637233669218,49,25,52
48,1643,10902134190178879691,49,25,48
48,1644,14637498170505348040,49,25,48
48,1645,18212409389319218387,49,25,48
48,1646,6483685185322446065,49,25,44
48,1647,11089400753651210521,49,25,48
48,1648,8192284693150677320,49,25,52
48,1649,12697145768145173734,49,25,52
48,1650,15123627913476289857,49,25,44
48,1651,15284524663250409177,49,25,52
48,1652,10876701121394156460,49,25,52
48,1653,3790568270594830349,49,25,52
48,1654,15308055454297904328,49,25,48
48,1655,11272558466185591328,49,25,48
48,1656,10884316136382324969,49,25,52
48,1657,17049310345532662902,49,25,56
48,1658,16981121505398292142,49,25,52
48,1659,10315476568457626754,49,25,52
48,1660,5604350713680834606,49,25,52
48,1661,7130018944875585741,49,25,52
48,1662,4028576468784904248,49,25,52
48,1663,5350383331360989721,49,25,48
48,1664,11463580495689445936,49,25,48
48,1665,797879211399568341,49,25,52
48,1666,14011001368562240475,49,25,52
48,1667,8920053969666560283,49,25,48
48,1668,13385629321023887926,49,25,52
48,1669,10649338409682382650,49,25,48
48,1670,13214226298472529100,49,25,48
48,1671,17305270307965267789,49,25,48
48,1672,5347583529742819222,49,25,52
48,1673,10852624129376349681,49,25,48
48,1674,12094591804514751901,49,25,52
48,1675,10706858058905957505,49,25,52
48,1676,2561955777384885590,49,25,48
48,1677,15921530612768951796,49,25,48
48,1678,15675045320043891573,49,25,52
48,1679,6727181069775164394,49,25,52
48,1680,2200677123220623340,49,25,48
48,1681,1282627727175420745,49,25,48
48,1682,7366243877689287134,49,25,48
48,1683,1171213848782626106,49,25,48
48,1684,8733717087499723408,49,25,48
48,1685,8240962016443921883,49,25,52
48,1686,11045419887543423730,49,25,52
48,1687,9502306866142907187,49,25,56
48,1688,13197662694223363292,49,25,48
48,1689,9273705942132159467,49,25,48
48,1690,16394202605635842728,49,25,52
48,1691,7769353012147941959,49,25,52
48,1692,18052732695582001655,49,25,52
48,1693,15373226373737659080,49,25,52
48,1694,5235846292290828318,49,25,52
48,1695,8556267943880139112,49,25,52
48,1696,2332845573528375304,49,25,48
48,1697,10541936982346966289,49,25,52
48,1698,16675249641780844673,49,25,52
48,1699,16221484789966001430,49,25,52
48,1700,15758076067802725222,49,25,48
48,1701,11613015281135117475,49,25,56
48,1702,13569152953626674582,49,25,48
48,1703,7521456317926165074,49,25,48
48,1704,11846567896898772075,49,25,48
48,1705,12550019371392586876,49,25,52
48,1706,14321959316284223302,49,25,48
48,1707,9243457012929811467,49,25,52
48,1708,3830902417376977304,49,25,56
48,1709,3587040424582990568,49,25,52
48,1710,9984764390822310091,49,25,48
48,1711,8511024167419334286,49,25,48
48,1712,9462350467219517903,49,25,48
48,1713,3747481401766977932,49,25,44
48,1714,17317059890306377141,49,25,48
48,1715,15902606390821897901,49,25,48
48,1716,9757551451537793871,49,25,48
48,1717,9824627422655682163,49,25,48
48,1718,7750856409877835087,49,25,52
48,1719,13573395824460548470,49,25,48
48,1720,4007499482921598413,49,25,52
48,1721,9442979665213119281,49,25,48
48,1722,17744912797497050572,49,25,52
48,1723,11099968934374678387,49,25,48
48,1724,10391219706603623977,49,25,52
48,1725,11580924782931762036,49,25,52
48,1726,15402992312090592036,49,25,52
48,1727,9230014636141674557,49,25,52
48,1728,8974136077381342176,49,25,52
48,1729,11758380874728416782,49,25,52
48,1730,9619625980264839109,49,25,52
48,1731,4717815010386179325,49,25,48
48,1732,6905353007119793413,49,25,52
48,1733,2699156367606217769,49,25,48
48,1734,12204236833048277981,49,25,52
48,1735,17371725062153116806,49,25,52
48,1736,15636598707190632878,49,25,52
48,1737,17487954738535839984,49,25,48
48,1738,15656630912362943827,49,25,48
48,1739,15963105334421522989,49,25,52
48,1740,791422920841236212,49,25,52
48,1741,8382390463986346349,49,25,52
48,1742,11808788213843607122,49,25,48
48,1743,13683840346756530112,49,25,52
48,1744,17889448590650252597,49,25,48
48,1745,6061843034257545136,49,25,48
48,1746,14041570027763854742,49,25,52
48,1747,4446830483407296342,49,25,52
48,1748,8564813240419073308,49,25,52
48,1749,18138372699452014155,49,25,52
48,1750,17993211283362915221,49,25,52
48,1751,9711577163678706707,49,25,52
48,1752,761009300808803633,49,25,52
48,1753,17306083411293112232,49,25,52
48,1754,6139504618928061279,49,25,52
48,1755,8659735359028484259,49,25,52
48,1756,18445329296082846435,49,25,48
48,1757,4664438608167347447,49,25,52
48,1758,11664562876482236973,49,25,52
48,1759,3574225036949157593,49,25,52
48,1760,14134291080461046940,49,25,52
48,1761,13810247290574254789,49,25,48
48,1762,1397354298191347263,49,25,52
48,1763,17014292676622564639,49,25,52
48,1764,9487133304662369601,49,25,52
48,1765,8301386040927266643,49,25,52
48,1766,12003820314684602985,49,25,48
48,1767,18135489111730983689,49,25,48
48,1768,14670520988571234700,49,25,52
48,1769,9415154307850935030,49,25,48
48,1770,2931646315033524409,49,25,52
48,1771,6072373891355305062,49,25,44
48,1772,4639906760597464454,49,25,52
48,1773,14832227112238169044,49,25,48
48,1774,12615926360642487802,49,25,52
48,1775,15386464206341607726,49,25,52
48,1776,15901440132595369536,49,25,52
48,1777,16387633623273001082,49,25,52
48,1778,16577662448856274319,49,25,48
48,1779,13850402434111376780,49,25,52
48,1780,16780217941871721332,49,25,52
48,1781,14932919516421069488,49,25,52
48,1782,14859945622457864680,49,25,52
48,1783,16313582905133755999,49,25,52
48,1784,4769944384790433903,49,25,52
48,1785,12965261670395957334,49,25,48
48,1786,10503200453766232303,49,25,48
48,1787,16588670280180559102,49,25,52
48,1788,7833157697869626662,49,25,48
48,1789,7126923814788574776,49,25,52
48,1790,11433377444835090394,49,25,52
48,1791,13017351318484455336,49,25,56
48,1792,3483353763676840086,49,25,52
48,1793,16240659149197257786,49,25,52
48,1794,12870769972997988548,49,25,48
48,1795,6056482915313489154,49,25,52
48,1796,6250002155217353300,49,25,52
48,1797,4210888739228634196,49,25,52
48,1798,3045282974819316607,49,25,52
48,1799,12515302302891316242,49,25,52
48,1800,2469324997200163849,49,25,52
48,1801,7569429921036860108,49,25,52
48,1802,6408116904753060825,49,25,52
48,1803,5445527751176287028,49,25,48
48,1804,14990724358600238993,49,25,52
48,1805,6349822020959468271,49,25,52
48,1806,16965665958340141668,49,25,52
48,1807,11344105514510140221,49,25,52
48,1808,5125143799277604806,49,25,48
48,1809,10342040563561572422,49,25,48
48,1810,14756678034445411786,49,25,48
48,1811,1504180321966212372,49,25,48
48,1812,16004166661542677241,49,25,56
48,1813,8543761263288065871,49,25,52
48,1814,12256201477275597224,49,25,52
48,1815,9290965354701780404,49,25,52
48,1816,10190140998013227144,49,25,52
48,1817,5632207936751659952,49,25,52
48,1818,4823167920986544627,49,25,56
48,1819,9382781218607661659,49,25,52
48,1820,9032527623976801385,49,25,44
48,1821,197150496984970761,49,25,48
48,1822,3472932767358517000,49,25,52
48,1823,17063167957052350592,49,25,52
48,1824,11236130502865173567,49,25,52
48,1825,3243240921743591211,49,25,52
48,1826,2899396234874277259,49,25,48
48,1827,2795666332535365259,49,25,48
48,1828,853386649792536484,49,25,48
48,1829,17779924500746457449,49,25,52
48,1830,1867971596570235708,49,25,52
48,1831,8615953415521347662,49,25,56
48,1832,4267633690164629816,49,25,52
48,1833,4420705801728097361,49,25,52
48,1834,10433422930439843355,49,25,52
48,1835,6569682008986740532,49,25,52
48,1836,1892112820298710747,49,25,52
48,1837,16277101420335949055,49,25,52
48,1838,17735052069360831519,49,25,52
48,1839,10616122205646678770,49,25,48
48,1840,4572521689693153621,49,25,52
48,1841,15861458849915397768,49,25,48
48,1842,3376594713626407023,49,25,48
48,1843,16919260010914692000,49,25,52
48,1844,13075065856026007778,49,25,52
48,1845,1924344243998116574,49,25,52
48,1846,4181179540126584427,49,25,48
48,1847,2834951996303388857,49,25,52
48,1848,5592170241447744000,49,25,48
48,1849,2000332649194270932,49,25,48
48,1850,12470418532642575769,49,25,48
48,1851,11300557482570070677,49,25,52
48,1852,8313299084811943949,49,25,48
48,1853,15602914260718597372,49,25,52
48,1854,10318583740868004409,49,25,48
48,1855,3067505691746873863,49,25,48
48,1856,7822527666683986986,49,25,48
48,1857,10329906091070562538,49,25,48
48,1858,10128491651825268289,49,25,48
48,1859,5895670802822288135,49,25,48
48,1860,6058046175378951540,49,25,52
48,1861,11915918509502992170,49,25,52
48,1862,11148908242694712116,49,25,52
48,1863,2348031472035024010,49,25,52
48,1864,140100989205002211,49,25,48
48,1865,10792049254163745806,49,25,52
48,1866,14695251530939903027,49,25,52
48,1867,8451022364231097557,49,25,48
48,1868,16934834954483957173,49,25,52
48,1869,3288721774508212526,49,25,52
48,1870,6737813465000251325,49,25,52
48,1871,4838972127904575665,49,25,48
48,1872,17546716616127844660,49,25,52
48,1873,15957400408969709891,49,25,52
48,1874,12455713235544339448,49,25,48
48,1875,10290236912946288661,49,25,48
48,1876,8788253674685880729,49,25,48
48,1877,5903569952360941658,49,25,48
48,1878,1813410926924726006,49,25,52
48,1879,14149550800582960051,49,25,48
48,1880,14355481490283084504,49,25,48
48,1881,8056232262168525777,49,25,44
48,1882,7046721863476474489,49,25,48
48,1883,3598688587482412645,49,25,56
48,1884,12148423430494581981,49,25,48
48,1885,10573802378432541213,49,25,52
48,1886,7858011278512540598,49,25,52
48,1887,2015290242857960263,49,25,48
48,1888,8032113629957439454,49,25,52
48,1889,8891703126455916866,49,25,52
48,1890,6430919930405133920,49,25,56
48,1891,12206325643634482665,49,25,48
48,1892,5762373378455369584,49,25,52
48,1893,14603585865160918779,49,25,52
48,1894,7662564470035081181,49,25,52
48,1895,8108539279741379898,49,25,48
48,1896,11577775573589289260,49,25,52
48,1897,17224611434859414482,49,25,52
48,1898,6077487611953151498,49,25,52
48,1899,6289053043749824266,49,25,52
48,1900,725046366640268601,49,25,52
48,1901,6359074807062844731,49,25,48
48,1902,2735651797949459827,49,25,52
48,1903,11005651447579372460,49,25,52
48,1904,10679373780935350965,49,25,52
48,1905,14885190149200168593,49,25,52
48,1906,10797006907522928205,49,25,52
48,1907,6616770585268954608,49,25,48
48,1908,6065509328226575664,49,25,52
48,1909,1794927669319054567,49,25,48
48,1910,9889622347682439572,49,25,56
48,1911,4220207381575052179,49,25,52
48,1912,16939726186030861312,49,25,52
48,1913,13986866068924744937,49,25,56
48,1914,3262990545981801496,49,25,48
48,1915,5827154577331778562,49,25,52
48,1916,9353084551451064238,49,25,48
48,1917,10022540870861587273,49,25,48
48,1918,5814044068072263758,49,25,52
48,1919,17114510716047356987,49,25,52
48,1920,14794200728157342634,49,25,52
48,1921,15842584419031971133,49,25,48
48,1922,16192361796117198367,49,25,52
48,1923,12378208001034258044,49,25,48
48,1924,8999135439093942284,49,25,48
48,1925,3381588596208207081,49,25,48
48,1926,6984036432635577516,49,25,52
48,1927,2837064454290979326,49,25,48
48,1928,6544930971531311642,49,25,52
48,1929,5460585313779530147,49,25,52
48,1930,3345475762919202300,49,25,48
48,1931,11250946658621410659,49,25,48
48,1932,16054120404111430256,49,25,52
48,1933,6837443698957165739,49,25,52
48,1934,2122731556459946291,49,25,48
48,1935,4359926869904153801,49,25,52
48,1936,16084356684219175558,49,25,52
48,1937,17116573202879453492,49,25,52
48,1938,10608993691355148258,49,25,52
48,1939,9718331817004337656,49,25,48
48,1940,13444674379495277168,49,25,52
48,1941,11422074993458071554,49,25,52
48,1942,6497826024162252731,49,25,52
48,1943,15344247781673018108,49,25,48
48,1944,9284931354220126525,49,25,48
48,1945,17379143459138126496,49,25,52
48,1946,8645921893671251913,49,25,48
48,1947,7808018404917437896,49,25,48
48,1948,5031135514708948420,49,25,52
48,1949,15025470164428615815,49,25,52
48,1950,5835771525159033140,49,25,52
48,1951,8811598469217913779,49,25,52
48,1952,15464176808973695780,49,25,52
48,1953,12131149808624231855,49,25,52
48,1954,454280998866697283,49,25,52
48,1955,8858318148866488115,49,25,52
48,1956,14396428083616584642,49,25,48
48,1957,16486937388042143773,49,25,52
48,1958,13626166959775512088,49,25,48
48,1959,9759285146455859978,49,25,52
48,1960,9653086250174541056,49,25,56
48,1961,8105228610626558639,49,25,52
48,1962,18434170096536831637,49,25,52
48,1963,9935415653651831319,49,25,52
48,1964,7956070902848018944,49,25,52
48,1965,2920105460074994939,49,25,52
48,1966,9082923891371748989,49,25,52
48,1967,2407018628205172524,49,25,52
48,1968,15878973350359658022,49,25,52
48,1969,7920212058055100072,49,25,56
48,1970,14931544327824604485,49,25,56
48,1971,9730030149933428296,49,25,52
48,1972,13826132771090342047,49,25,52
48,1973,11537392767770779293,49,25,52
48,1974,9523686098925740823,49,25,48
48,1975,17800642824037979997,49,25,52
48,1976,15565118355752287862,49,25,52
48,1977,400800382718637090,49,25,52
48,1978,6291261622467643261,49,25,52
48,1979,6860419370937508540,49,25,48
48,1980,6296038642827757567,49,25,52
48,1981,14014178743119437483,49,25,52
48,1982,10916913677328036818,49,25,48
48,1983,5608751894699340921,49,25,48
48,1984,13448376643449559444,49,25,48
48,1985,6500300813416445871,49,25,48
48,1986,1777645103687362334,49,25,52
48,1987,881383237685611323,49,25,52
48,1988,13288271226949996637,49,25,52
48,1989,17971596443039879772,49,25,56
48,1990,9214467505966430971,49,25,48
48,1991,17400564295561684718,49,25,52
48,1992,5046779805424169338,49,25,52
48,1993,11640573730471093394,49,25,48
48,1994,10149009772406124486,49,25,52
48,1995,1946882669369087203,49,25,48
48,1996,4172183408257228488,49,25,56
48,1997,8309292568702817477,49,25,52
48,1998,12890911169256338256,49,25,52
48,1999,10717149486318718569,49,25,52
48,2000,10482435404642465138,49,25,52
48,2001,3956237890152718576,49,25,52
48,2002,6241049096899315723,49,25,52
48,2003,1429786845109145397,49,25,52
48,2004,7056881219015925422,49,25,48
48,2005,9814826098464960404,49,25,52
48,2006,16042551709485129932,49,25,52
48,2007,14683836786027014710,49,25,48
48,2008,16895058994924894261,49,25,48
48,2009,10348682197871226774,49,25,48
48,2010,1207024214117784714,49,25,48
48,2011,3702376104244694398,49,25,48
48,2012,10129049918313380102,49,25,48
48,2013,5904685866363254704,49,25,48
48,2014,15030461348519381759,49,25,48
48,2015,2707380426097629360,49,25,52
48,2016,5782944424075447676,49,25,52
48,2017,17495831668800026438,49,25,44
48,2018,2478216575638442032,49,25,48
48,2019,1892575281924161661,49,25,56
48,2020,3396308100280516684,49,25,48
48,2021,1038403666318561293,49,25,48
48,2022,17776478093619938811,49,25,52
48,2023,12594060182162622627,49,25,52
48,2024,15340443320106029668,49,25,52
48,2025,7181400210912822167,49,25,56
48,2026,4819553742485113708,49,25,52
48,2027,1720897801788135939,49,25,52
48,2028,12061739240973618385,49,25,52
48,2029,10314983282861240901,49,25,48
48,2030,2535339320140525576,49,25,52
48,2031,13585179912253286809,49,25,48
48,2032,2122569372281216925,49,25,52
48,2033,5449203943293031136,49,25,52
48,2034,15449693784339857498,49,25,52
48,2035,10095600020897034027,49,25,48
48,2036,1949033024900303876,49,25,48
48,2037,7507684533897049317,49,25,52
48,2038,10400484471633064402,49,25,52
48,2039,10888465134696995478,49,25,44
48,2040,7449451375971413545,49,25,48
48,2041,8364401873250962842,49,25,52
48,2042,2348990500549146217,49,25,56
48,2043,15507905769650572753,49,25,48
48,2044,13459102769589075973,49,25,48
48,2045,10151119664681707790,49,25,56
48,2046,9916119091655875681,49,25,56
48,2047,8073950085081208588,49,25,48
48,2048,12118072570848480984,49,25,52
48,2049,1549196840392815120,49,25,48
48,2050,14300557939762691723,49,25,48
48,2051,4433483552025956917,49,25,48
48,2052,7237543453839964906,49,25,52
48,2053,10808210478886308826,49,25,52
48,2054,964623017873884529,49,25,48
48,2055,1837089528193810695,49,25,52
48,2056,2795410817622596908,49,25,52
48,2057,11017186519382506888,49,25,52
48,2058,14484812493368866731,49,25,52
48,2059,10581894755719503435,49,25,56
48,2060,8000658886258301275,49,25,48
48,2061,4035421937171148025,49,25,56
48,2062,6199642397525100390,49,25,52
48,2063,10931214649742222214,49,25,52
48,2064,4603170270481571359,49,25,52
48,2065,14244539425402349948,49,25,52
48,2066,3643373994112544369,49,25,48
48,2067,2617870128822976664,49,25,52
48,2068,976509164903012417,49,25,52
48,2069,7526934385960238820,49,25,52
48,2070,6673076562319646228,49,25,48
48,2071,2328598601092758527,49,25,52
48,2072,13441959976044777234,49,25,52
48,2073,7920322745136910187,49,25,52
48,2074,9584935215386600571,49,25,48
48,2075,12514025283114119217,49,25,48
48,2076,8633065605420750997,49,25,52
48,2077,378178832190966351,49,25,48
48,2078,4652807424819731892,49,25,52
48,2079,16040739627467171868,49,25,52
48,2080,4397210683242286555,49,25,52
48,2081,1494588720937597346,49,25,52
48,2082,13648016056409426173,49,25,48
48,2083,2386059364724671385,49,25,52
48,2084,12015913803750728722,49,25,48
48,2085,423716474521982749,49,25,52
48,2086,17112326382218929775,49,25,52
48,2087,6221641792186802388,49,25,48
48,2088,13583786258736404859,49,25,52
48,2089,11209199447533737508,49,25,52
48,2090,17506454943384878815,49,25,48
48,2091,3203367992514002639,49,25,48
48,2092,11434080227948581159,49,25,52
48,2093,15694706680274619834,49,25,56
48,2094,4385208961561618708,49,25,56
48,2095,4314352375403818529,49,25,52
48,2096,7333947787188404859,49,25,52
48,2097,16727362259896219402,49,25,48
48,2098,7469676052561260009,49,25,52
48,2099,2182183382424035376,49,25,52
48,2100,3456319234329295245,49,25,52
48,2101,13443103193724860185,49,25,56
48,2102,14311817962104251835,49,25,52
48,2103,15930724027103183591,49,25,52
48,2104,7773323156721115883,49,25,48
48,2105,948642364113046446,49,25,52
48,2106,17961003459678207342,49,25,48
48,2107,16665672012713160220,49,25,52
48,2108,3517931785910103354,49,25,48
48,2109,11447449343982948674,49,25,52
48,2110,14069252192755279276,49,25,52
48,2111,13497523085607031726,49,25,52
48,2112,11268200551872324754,49,25,48
48,2113,11937314522166291578,49,25,52
48,2114,13951529072324814054,49,25,52
48,2115,2736765566047088359,49,25,48
48,2116,1379748492650135664,49,25,52
48,2117,13961146497135616480,49,25,52
48,2118,13411370950072752815,49,25,52
48,2119,1884255992231728112,49,25,44
48,2120,3257503359885912942,49,25,52
48,2121,7446488612742687166,49,25,52
48,2122,8648778480141238492,49,25,56
48,2123,17165538845831866569,49,25,52
48,2124,8004698959292908519,49,25,52
48,2125,17473115092152869077,49,25,48
48,2126,7835430177426263228,49,25,52
48,2127,14217926063595594673,49,25,48
48,2128,952190270203584158,49,25,52
48,2129,6347690317707065580,49,25,48
48,2130,11784017033335139484,49,25,48
48,2131,319270705324522663,49,25,48
48,2132,5646978286805766506,49,25,52
48,2133,13320947917701620913,49,25,56
48,2134,3906734384356156705,49,25,52
48,2135,11799039938286593821,49,25,48
48,2136,13004070213436266529,49,25,52
48,2137,3587170190092995893,49,25,52
48,2138,10775819071828801236,49,25,52
48,2139,17137808962456596901,49,25,52
48,2140,12756961461688940864,49,25,52
48,2141,15030644346685464537,49,25,48
48,2142,7143461557380974858,49,25,52
48,2143,14415520320890567727,49,25,52
48,2144,2935915421074692128,49,25,56
48,2145,1683312180324811469,49,25,48
48,2146,5691708541795336275,49,25,48
48,2147,13910545395770373887,49,25,52
48,2148,12800171985291343671,49,25,52
48,2149,18271444856637122517,49,25,56
48,2150,11142131061127394030,49,25,48
48,2151,6288709780645305379,49,25,56
48,2152,4512824816018061371,49,25,52
48,2153,3177590123882378304,49,25,48
48,2154,13082913274510626713,49,25,52
48,2155,2771510589142237578,49,25,48
48,2156,11221380554254141088,49,25,52
48,2157,4319404316667183241,49,25,52
48,2158,8593757708809803143,49,25,48
48,2159,11222317508879903949,49,25,52
48,2160,16155882973112114968,49,25,56
48,2161,8218885686940013299,49,25,48
48,2162,15441195148502380040,49,25,52
48,2163,18063171289419705269,49,25,52
48,2164,5377702736734600830,49,25,52
48,2165,9102852118376018308,49,25,52
48,2166,11201214754384851544,49,25,52
48,2167,17565586023138082961,49,25,48
48,2168,11999844643015432054,49,25,52
48,2169,15767495075097361365,49,25,44
48,2170,5260391994687768610,49,25,48
48,2171,9753302998771945598,49,25,52
48,2172,3905509731101346678,49,25,52
48,2173,5730116604987450960,49,25,52
48,2174,15323084852377543886,49,25,52
48,2175,18214414447226921816,49,25,52
48,2176,4054172945650343773,49,25,48
48,2177,8976268509335067889,49,25,52
48,2178,9545439407972417761,49,25,52
48,2179,853091792284393111,49,25,56
48,2180,2187105638568483342,49,25,52
48,2181,14324259898848093615,49,25,52
48,2182,154477649538573264,49,25,52
48,2183,1897775155339887445,49,25,48
48,2184,1666433285710036653,49,25,48
48,2185,5441624550717953914,49,25,48
48,2186,18289106551689902830,49,25,52
48,2187,3600662453846178976,49,25,48
48,2188,11348436425679082988,49,25,52
48,2189,5854467197033187665,49,25,52
48,2190,7668065018604263436,49,25,52
48,2191,10263270825836051451,49,25,52
48,2192,14855909745475065526,49,25,52
48,2193,1761616945963906486,49,25,52
48,2194,15727230613609941361,49,25,52
48,2195,4007260049709187921,49,25,52
48,2196,2059229498322501493,49,25,48
48,2197,11631124740466785942,49,25,52
48,2198,14066096507370798220,49,25,52
48,2199,2410981255582528597,49,25,52
48,2200,16091904058086841200,49,25,52
48,2201,18153962772775188217,49,25,52
48,2202,18228248985124514652,49,25,52
48,2203,10598475321619116211,49,25,52
48,2204,11274002535853595865,49,25,52
48,2205,12179543135718118550,49,25,48
48,2206,10641125692511520056,49,25,52
48,2207,434465439169275940,49,25,52
48,2208,9623634129670455960,49,25,48
48,2209,14615317548076448288,49,25,48
48,2210,7320159904393383872,49,25,52
48,2211,13075280653895339792,49,25,48
48,2212,8214394260864424827,49,25,52
48,2213,4148738105863030810,49,25,48
48,2214,7042587026278001039,49,25,48
48,2215,7750712403344650455,49,25,52
48,2216,8618547978235797085,49,25,52
48,2217,14779014442227778419,49,25,52
48,2218,9506552503012034894,49,25,52
48,2219,6620828464324205138,49,25,52
48,2220,7653458017172426090,49,25,52
48,2221,16729362508812335654,49,25,52
48,2222,5935452794501214017,49,25,52
48,2223,7394005959126218940,49,25,48
48,2224,2007757465000111309,49,25,48
48,2225,14839275279665981059,49,25,52
48,2226,6070004149116617857,49,25,48
48,2227,13672555125035674520,49,25,52
48,2228,571105461439332578,49,25,48
48,2229,14774741436593404391,49,25,52
48,2230,11121730271658523903,49,25,52
48,2231,2639701991002008865,49,25,48
48,2232,12914137968374545651,49,25,48
48,2233,2451965118806553169,49,25,48
48,2234,15797953720311075903,49,25,52
48,2235,16631934644788992388,49,25,52
48,2236,6803647177970176207,49,25,52
48,2237,9064080240994790200,49,25,56
48,2238,4767930961707633501,49,25,48
48,2239,5559780668920561650,49,25,52
48,2240,3985996324230561558,49,25,52
48,2241,1464955511248297632,49,25,48
48,2242,1000111304433493407,49,25,52
48,2243,1932162334309768263,49,25,48
48,2244,7267364648581590689,49,25,48
48,2245,1746450161802729365,49,25,48
48,2246,16624079815781652112,49,25,52
48,2247,1192007681890913860,49,25,52
48,2248,17102752662581972075,49,25,52
48,2249,4035614339567243485,49,25,52
48,2250,6412738506845653997,49,25,52
48,2251,5154453147416931815,49,25,52
48,2252,3951680170860104458,49,25,44
48,2253,12743286823581410952,49,25,48
48,2254,11538111024175104936,49,25,48
48,2255,10502097109854607409,49,25,48
48,2256,14792298069141514622,49,25,48
48,2257,16430657642904233820,49,25,56
48,2258,3274626327015086870,49,25,48
48,2259,11022389519634782897,49,25,52
48,2260,1233517687401398264,49,25,48
48,2261,6234204202131555507,49,25,52
48,2262,5885909778327039602,49,25,48
48,2263,11237930451293789558,49,25,52
48,2264,16117663458108008563,49,25,52
48,2265,13364095314278317294,49,25,52
48,2266,4824853289220185910,49,25,52
48,2267,11675826312214710981,49,25,48
48,2268,3463472831588058398,49,25,52
48,2269,8330680429460466344,49,25,52
48,2270,4019331209061317692,49,25,56
48,2271,6252361775439482510,49,25,48
48,2272,12466577150085129477,49,25,52
48,2273,12995728128217218722,49,25,52
48,2274,3343529421943066375,49,25,48
48,2275,841747340650967750,49,25,52
48,2276,8854762440232968431,49,25,48
48,2277,10826586262147789980,49,25,52
48,2278,13588877192371602816,49,25,52
48,2279,12541454635722597150,49,25,48
48,2280,11362125573768138918,49,25,52
48,2281,13099509307423159832,49,25,48
48,2282,16259552892299475956,49,25,52
48,2283,12961658224823273798,49,25,48
48,2284,16179746752034617077,49,25,52
48,2285,14982783339567077585,49,25,48
48,2286,1993132176491610450,49,25,52
48,2287,5993158714683712172,49,25,52
48,2288,2858508553331674596,49,25,52
48,2289,9758807176095475930,49,25,48
48,2290,17159846404932428448,49,25,48
48,2291,16402193911227044651,49,25,52
48,2292,16987879552779527444,49,25,44
48,2293,15481621714427780155,49,25,56
48,2294,18388044640060181993,49,25,56
48,2295,7287193322459789092,49,25,48
48,2296,10964964158771275430,49,25,48
48,2297,17927620931680428696,49,25,48
48,2298,16170015517597302778,49,25,52
48,2299,3637599614803314136,49,25,52
48,2300,13038208398481880022,49,25,48
48,2301,11235714447977093487,49,25,52
48,2302,7293303226527853664,49,25,52
48,2303,3411002520817848672,49,25,52
48,2304,15576300708067497240,49,25,48
48,2305,4926671264905348389,49,25,52
48,2306,2459901456977968657,49,25,52
48,2307,15326180087743499499,49,25,48
48,2308,5643812105594513871,49,25,52
48,2309,5707710078019885017,49,25,52
48,2310,11125105928157499015,49,25,48
48,2311,15008270749685609422,49,25,52
48,2312,906632010168577206,49,25,52
48,2313,18227542060303261113,49,25,52
48,2314,4331072649756505175,49,25,52
48,2315,4151702109133154622,49,25,52
48,2316,16401157548797842236,49,25,52
48,2317,2706408044662612638,49,25,52
48,2318,11183989549641092783,49,25,52
48,2319,7510143715450202929,49,25,52
48,2320,8151879631916729346,49,25,52
48,2321,11699641056174337889,49,25,48
48,2322,5204992019948041256,49,25,56
48,2323,14259551261721044116,49,25,52
48,2324,12724446943438221612,49,25,52
48,2325,3065124592608424445,49,25,52
48,2326,14578755294320985587,49,25,52
48,2327,5532857133977829640,49,25,52
48,2328,8812807537568029033,49,25,48
48,2329,18322360841182223877,49,25,52
48,2330,11751746837766991986,49,25,48
48,2331,15037641769910649793,49,25,52
48,2332,18167462093776581036,49,25,52
48,2333,15932521198512151664,49,25,48
48,2334,3716014525140617812,49,25,48
48,2335,2638465660716577709,49,25,52
48,2336,6635365603110614287,49,25,52
48,2337,16038520402676140482,49,25,48
48,2338,14788582015600382706,49,25,56
48,2339,11879767140738688065,49,25,52
48,2340,5511021852735827412,49,25,52
48,2341,13453596911291570979,49,25,48
48,2342,8288305585402818271,49,25,52
48,2343,8590442852033613425,49,25,48
48,2344,3063133613585113712,49,25,48
48,2345,12316025164844910232,49,25,48
48,2346,5145753676882249254,49,25,48
48,2347,14961069933551825795,49,25,48
48,2348,7408840343679921311,49,25,52
48,2349,14234371472837328859,49,25,48
48,2350,18255245116205724849,49,25,52
48,2351,12984762907858955482,49,25,52
48,2352,1013337777546958561,49,25,52
48,2353,9366785584740923521,49,25,52
48,2354,13970428989320718744,49,25,52
48,2355,16453541425007239783,49,25,52
48,2356,16966705604117298056,49,25,48
48,2357,14139903651309698273,49,25,52
48,2358,12968070607595168897,49,25,52
48,2359,382277005127766554,49,25,52
48,2360,14267902338644515633,49,25,52
48,2361,7287994447548791284,49,25,44
48,2362,5421355356102526963,49,25,52
48,2363,7420415389728035210,49,25,48
48,2364,417340775888309894,49,25,52
48,2365,2450010700692191821,49,25,48
48,2366,8349039356502321559,49,25,52
48,2367,3034242093379209647,49,25,52
48,2368,13564255117039621807,49,25,48
48,2369,7725417993867054338,49,25,48
48,2370,13764786161900532722,49,25,52
48,2371,11500773935301918923,49,25,52
48,2372,10830215415452228294,49,25,48
48,2373,17647248551687428565,49,25,52
48,2374,1224163024733894545,49,25,52
48,2375,17221522045150174676,49,25,52
48,2376,3858884582029661011,49,25,48
48,2377,26148287820859731,49,25,52
48,2378,6009865326567008294,49,25,44
48,2379,5838521822692737854,49,25,48
48,2380,11392629278528913724,49,25,52
48,2381,584442853679380391,49,25,52
48,2382,339129303146207747,49,25,52
48,2383,5527286587594578583,49,25,52
48,2384,5676935938976155806,49,25,48
48,2385,5245828551642674701,49,25,48
48,2386,3172467632297055272,49,25,52
48,2387,17818433907347560796,49,25,52
48,2388,15137162498594676532,49,25,48
48,2389,1813261763625408268,49,25,52
48,2390,12058277311906937081,49,25,52
48,2391,17140716704404531349,49,25,48
48,2392,12456686424906992425,49,25,56
48,2393,5931151081830270185,49,25,52
48,2394,367371817132422492,49,25,48
48,2395,14828732386724822528,49,25,52
48,2396,11262697811824524148,49,25,48
48,2397,17579485390464921676,49,25,48
48,2398,10455690930914048439,49,25,52
48,2399,7679749714822030123,49,25,52
48,2400,16995237509304172812,49,25,48
48,2401,2690962519859693286,49,25,52
48,2402,17868913570898942766,49,25,52
48,2403,13962431404608447624,49,25,48
48,2404,15678010801775089760,49,25,52
48,2405,12181398129858422446,49,25,52
48,2406,13243864109482780971,49,25,52
48,2407,6927877946151431670,49,25,44
48,2408,2504295034705565329,49,25,52
48,2409,6342358357970678717,49,25,48
48,2410,14475414519471965082,49,25,52
48,2411,6467298162348278688,49,25,52
48,2412,16397749784495580166,49,25,52
48,2413,7246739842582551907,49,25,48
48,2414,5695662283917117809,49,25,52
48,2415,17505598736691943751,49,25,48
48,2416,16094208831749930371,49,25,48
48,2417,7662060803422739456,49,25,48
48,2418,7281940299397994734,49,25,52
48,2419,1199040060760715428,49,25,52
48,2420,8177309440243975723,49,25,44
48,2421,5084044917152369305,49,25,52
48,2422,8369699506265663366,49,25,52
48,2423,11105027887010880786,49,25,52
48,2424,3821128747080088354,49,25,48
48,2425,6677889384129975325,49,25,52
48,2426,13496374527125434220,49,25,48
48,2427,8730452193452871289,49,25,52
48,2428,4630049863176820730,49,25,48
48,2429,15788142126884234359,49,25,48
48,2430,17748118915285184541,49,25,48
48,2431,11704095497023703301,49,25,48
48,2432,13303557563943844169,49,25,48
48,2433,12571132189302757219,49,25,52
48,2434,2046067026125432117,49,25,52
48,2435,1397887755575318424,49,25,56
48,2436,7489900984780687637,49,25,52
48,2437,5659888489398036417,49,25,52
48,2438,4032578813575815010,49,25,48
48,2439,18292339170013724336,49,25,52
48,2440,13837610092404925569,49,25,48
48,2441,1067685700428647398,49,25,56
48,2442,7906908954755604080,49,25,52
48,2443,12256220663072905850,49,25,52
48,2444,781689739295407159,49,25,48
48,2445,11114260893015454854,49,25,52
48,2446,8197986474566343713,49,25,52
48,2447,15356316966360243716,49,25,52
48,2448,10910900822271491612,49,25,44
48,2449,2820836167706475542,49,25,52
48,2450,16999132563627977676,49,25,52
48,2451,1422538388410395310,49,25,48
48,2452,18143116029806943912,49,25,48
48,2453,3550299739598017559,49,25,48
48,2454,4172003388844673866,49,25,52
48,2455,10979201654856020535,49,25,48
48,2456,7554717956043710889,49,25,56
48,2457,11281874753298144131,49,25,52
48,2458,8646969945736553667,49,25,52
48,2459,603362234941735202,49,25,48
48,2460,5177314051481459809,49,25,52
48,2461,6177841037854346907,49,25,48
48,2462,17171672257889733347,49,25,52
48,2463,15001820652275290090,49,25,52
48,2464,3348026999003661558,49,25,52
48,2465,14402067027671924404,49,25,52
48,2466,13137275308392439767,49,25,48
48,2467,13769854514104602140,49,25,52
48,2468,554742865162537344,49,25,52
48,2469,10608733637488936502,49,25,52
48,2470,17551923775523364022,49,25,52
48,2471,12246717001912869445,49,25,56
48,2472,7889810515387225004,49,25,52
48,2473,2105392132206413153,49,25,52
48,2474,1054300380307062073,49,25,56
48,2475,17045429738775177327,49,25,48
48,2476,3966056579264783882,49,25,48
48,2477,9653265532782886163,49,25,52
48,2478,4064293616786354660,49,25,48
48,2479,3721764792245147980,49,25,52
48,2480,10022808056941248246,49,25,48
48,2481,14121665514776366926,49,25,48
48,2482,14077959010472603815,49,25,52
48,2483,4032948408969355437,49,25,52
48,2484,7061925852587881759,49,25,48
48,2485,4681948593239746772,49,25,48
48,2486,3818171250537130330,49,25,48
48,2487,4245441882305261544,49,25,52
48,2488,9192056057320095457,49,25,52
48,2489,1926326993280532182,49,25,52
48,2490,2044740911264545216,49,25,48
48,2491,7709907143822684142,49,25,56
48,2492,9292031198988031492,49,25,56
48,2493,3759108884010126232,49,25,52
48,2494,17217732567396750301,49,25,52
48,2495,18418239120455989973,49,25,48
48,2496,8312852621625506971,49,25,48
48,2497,886209724692914313,49,25,52
48,2498,1676117792275953864,49,25,48
48,2499,3092019470640261392,49,25,52
48,2500,12539670755588462098,49,25,52
48,2501,17000593420074084543,49,25,48
48,2502,15801169558192746961,49,25,48
48,2503,8898634061247222008,49,25,52
48,2504,17049046364409209002,49,25,52
48,2505,10087681002764795801,49,25,52
48,2506,16353108480352676528,49,25,48
48,2507,2951191592965540193,49,25,48
48,2508,12949471419993489909,49,25,52
48,2509,18378565087721807432,49,25,52
48,2510,17668302111162681502,49,25,52
48,2511,3323566442858012938,49,25,52
48,2512,278887706643970156,49,25,52
48,2513,6091126650513477180,49,25,52
48,2514,12918702061079092040,49,25,56
48,2515,15774849641720726082,49,25,52
48,2516,8382637216947520947,49,25,52
48,2517,18200878884336709657,49,25,48
48,2518,3298883649935540034,49,25,52
48,2519,12409895808791203562,49,25,56
48,2520,13479606248614808590,49,25,48
48,2521,973200207665535044,49,25,48
48,2522,3416366942107693531,49,25,48
48,2523,4090579919524406113,49,25,52
48,2524,8370214112936066171,49,25,52
48,2525,15957825994068065349,49,25,52
48,2526,2763521251712651932,49,25,56
48,2527,12227458813076959479,49,25,52
48,2528,9283737747727106489,49,25,52
48,2529,12791511218725345421,49,25,44
48,2530,9438756373539549552,49,25,52
48,2531,6581887355853004056,49,25,60
48,2532,9604419951401531899,49,25,48
48,2533,13952895035543797296,49,25,48
48,2534,7533619080642917734,49,25,48
48,2535,3296416196725126920,49,25,48
48,2536,4225174254610920326,49,25,52
48,2537,15229813632571440133,49,25,52
48,2538,14936746665527928477,49,25,48
48,2539,12670982963403923548,49,25,56
48,2540,2084320572508461346,49,25,56
48,2541,12196319495487368868,49,25,48
48,2542,963471744751180025,49,25,52
48,2543,1961027516389375466,49,25,48
48,2544,12802990481475623835,49,25,52
48,2545,5654350605732153027,49,25,52
48,2546,9649368872160113926,49,25,48
48,2547,17012333462286887627,49,25,52
48,2548,1176193666802645860,49,25,52
48,2549,8681041709907579780,49,25,56
48,2550,17202963721729691243,49,25,52
48,2551,7092926453654073536,49,25,56
48,2552,17918798013702020127,49,25,52
48,2553,6233268707519777544,49,25,52
48,2554,10895746914326580328,49,25,48
48,2555,16679987284899934861,49,25,52
48,2556,2024436290918544853,49,25,52
48,2557,5576050278201779979,49,25,52
48,2558,11306335795469413363,49,25,48
48,2559,6927736967156741305,49,25,52
48,2560,8129987459712981082,49,25,52
48,2561,9475643773600140789,49,25,52
48,2562,8446787315562436226,49,25,48
48,2563,6913519209989955207,49,25,56
48,2564,3798625765854768489,49,25,52
48,2565,12406347749167271205,49,25,52
48,2566,11024272599910199201,49,25,48
48,2567,7277109166380529290,49,25,52
48,2568,13001779550072300193,49,25,52
48,2569,15957573431268603315,49,25,48
48,2570,16711553655502451557,49,25,52
48,2571,8627540343294287643,49,25,52
48,2572,16522702945012417565,49,25,52
48,2573,4179863200353514508,49,25,48
48,2574,10157790548660646113,49,25,48
48,2575,6582163808167674689,49,25,48
48,2576,13763495366689805629,49,25,48
48,2577,3766569359242202327,49,25,52
48,2578,6682578550886372037,49,25,52
48,2579,11034493468110091318,49,25,52
48,2580,15480091668233921093,49,25,52
48,2581,1718155055960291471,49,25,52
48,2582,962347581762352731,49,25,48
48,2583,12982480737702399150,49,25,52
48,2584,14990937372387407638,49,25,48
48,2585,15371078382700892951,49,25,52
48,2586,7438311570677057757,49,25,52
48,2587,1300034410878446512,49,25,52
48,2588,6401657960744389349,49,25,52
48,2589,18351120260183620103,49,25,48
48,2590,2467895153937564822,49,25,48
48,2591,2543016791062809657,49,25,52
48,2592,1303979775810419968,49,25,48
48,2593,6743408988764322583,49,25,52
48,2594,14558669538189066632,49,25,52
48,2595,11893996374744753354,49,25,52
48,2596,13241867895309035802,49,25,52
48,2597,4945306217654038640,49,25,52
48,2598,10212604147416945059,49,25,52
48,2599,1997066776393853381,49,25,52
48,2600,5348967752218733664,49,25,52
48,2601,17914331342271283315,49,25,52
48,2602,8654989623639723171,49,25,48
48,2603,6509747186233872084,49,25,52
48,2604,13908578327640620820,49,25,52
48,2605,13373701470634889980,49,25,48
48,2606,8508217449563343505,49,25,52
48,2607,2304250563127676086,49,25,48
48,2608,5077186682731596099,49,25,48
48,2609,1408799646682003805,49,25,52
48,2610,8599866131861239583,49,25,48
48,2611,9853799450900657070,49,25,56
48,2612,12535161564677596307,49,25,52
48,2613,9477730185582350747,49,25,52
48,2614,4488285504514318498,49,25,52
48,2615,8975431193902707139,49,25,52
48,2616,608771361156531769,49,25,44
48,2617,2199182745838753839,49,25,52
48,2618,12137330400234663802,49,25,56
48,2619,9883321788087375628,49,25,48
48,2620,10312751725311565206,49,25,52
48,2621,10424174055720512790,49,25,52
48,2622,4046256130835915107,49,25,52
48,2623,172797325136618475,49,25,48
48,2624,2680066013270572918,49,25,48
48,2625,2044211720224500534,49,25,52
48,2626,13054727415383949364,49,25,52
48,2627,2751732153989423631,49,25,52
48,2628,8887402585580987798,49,25,48
48,2629,6408126486467084027,49,25,48
48,2630,7063834819370816293,49,25,48
48,2631,17393524720505852946,49,25,52
48,2632,608603284217712184,49,25,52
48,2633,18116898150804996180,49,25,48
48,2634,17683488902214571766,49,25,56
48,2635,2686337595570948580,49,25,52
48,2636,6932831957875739474,49,25,48
48,2637,8502207857525545710,49,25,52
48,2638,17019130745704113047,49,25,48
48,2639,17766110859146653166,49,25,56
48,2640,12585279973076486410,49,25,52
48,2641,7716582193594192755,49,25,48
48,2642,13022903594288072567,49,25,52
48,2643,16141626792271437586,49,25,48
48,2644,17528410978420524199,49,25,44
48,2645,11127561590822696429,49,25,52
48,2646,13544568985179103452,49,25,48
48,2647,15153354622055027432,49,25,48
48,2648,5203473088740494390,49,25,52
48,2649,13904916469563378916,49,25,52
48,2650,15121147177521685400,49,25,44
48,2651,13704161687881460214,49,25,52
48,2652,17653973795940695817,49,25,52
48,2653,12178733997776309756,49,25,52
48,2654,14297700478259207732,49,25,52
48,2655,3327009964963116239,49,25,48
48,2656,4543938168936811177,49,25,52
48,2657,5139326394510661174,49,25,52
48,2658,17730247817273285172,49,25,48
48,2659,7238800983731278472,49,25,52
48,2660,13610759062802245734,49,25,52
48,2661,319079506494261854,49,25,48
48,2662,584671492505898694,49,25,52
48,2663,6147904431957870789,49,25,48
48,2664,8046774872305454489,49,25,48
48,2665,5553074686985594856,49,25,52
48,2666,16712139524858325468,49,25,52
48,2667,16372202799019617830,49,25,52
48,2668,10039563855934069548,49,25,48
48,2669,4274123340572394418,49,25,52
48,2670,14817199941516590140,49,25,52
48,2671,7352467437690419775,49,25,48
48,2672,17566846800638015615,49,25,52
48,2673,705755610693784333,49,25,52
48,2674,6140425671958800358,49,25,52
48,2675,11174912852262078109,49,25,52
48,2676,4770514418393953383,49,25,52
48,2677,1162318563520802850,49,25,52
48,2678,15513317582459491169,49,25,48
48,2679,3073875367194077098,49,25,48
48,2680,989621992305365119,49,25,56
48,2681,6166546759629551550,49,25,48
48,2682,2951295064754743691,49,25,52
48,2683,14128051323472170023,49,25,48
48,2684,4140851043421637201,49,25,52
48,2685,985168746532830632,49,25,48
48,2686,1173883449703837930,49,25,52
48,2687,16342899840678751346,49,25,48
48,2688,10892478925603864326,49,25,52
48,2689,16416576501372913011,49,25,52
48,2690,17785273145082137975,49,25,52
48,2691,4017699758778849675,49,25,56
48,2692,10439199576685235983,49,25,52
48,2693,13949383611563864399,49,25,48
48,2694,8614024256067421617,49,25,52
48,2695,412547847461995369,49,25,52
48,2696,3803975102472493961,49,25,52
48,2697,1195946808069652177,49,25,48
48,2698,14183710967072587262,49,25,52
48,2699,13065218152264237292,49,25,52
48,2700,9133325522935243390,49,25,48
48,2701,978985325418135267,49,25,52
48,2702,1916113192000373118,49,25,52
48,2703,9330935033565821513,49,25,48
48,2704,2346790341039045734,49,25,52
48,2705,14954984346710791737,49,25,48
48,2706,13515513483220776196,49,25,52
48,2707,4697222048341680333,49,25,52
48,2708,6380469748415316539,49,25,48
48,2709,14735599928072995649,49,25,52
48,2710,13169959413936745401,49,25,52
48,2711,1690708942578276556,49,25,52
48,2712,13036255722444704652,49,25,52
48,2713,12422835445673703045,49,25,52
48,2714,15456645731118881651,49,25,48
48,2715,10638670247366251847,49,25,56
48,2716,7117431212225675836,49,25,52
48,2717,441561531369594420,49,25,52
48,2718,1838539681200421290,49,25,48
48,2719,3047719716444047320,49,25,52
48,2720,10113629185225430955,49,25,48
48,2721,2934060875145948576,49,25,56
48,2722,10433390619981298741,49,25,48
48,2723,724414627847854804,49,25,48
48,2724,3064837641059397086,49,25,48
48,2725,1665614427358920858,49,25,52
48,2726,2193826729572758133,49,25,52
48,2727,8365181524364495346,49,25,48
48,2728,8043661339672174653,49,25,48
48,2729,17914894401040808964,49,25,52
48,2730,1480016553134649094,49,25,52
48,2731,15105244520432448723,49,25,52
48,2732,10131190171740891807,49,25,52
48,2733,17355412820929276406,49,25,48
48,2734,14615643666995555749,49,25,56
48,2735,4100539280810686417,49,25,52
48,2736,5109440056069429828,49,25,56
48,2737,7642704275245840614,49,25,48
48,2738,18156474358572472919,49,25,48
48,2739,10059359119941019199,49,25,56
48,2740,3321194828388969280,49,25,48
48,2741,10764029361679840456,49,25,56
48,2742,10906801410514025864,49,25,52
48,2743,7184196072786241027,49,25,52
48,2744,627121090438796336,49,25,48
48,2745,5656595765343032675,49,25,48
48,2746,4711671307671419951,49,25,52
48,2747,10602235297496506259,49,25,48
48,2748,4238796125330109900,49,25,52
48,2749,2467143780525384608,49,25,52
48,2750,17852920431344571741,49,25,52
48,2751,15590315281872563098,49,25,56
48,2752,17745585444377976984,49,25,52
48,2753,11910117290207780200,49,25,52
48,2754,14717419320454498341,49,25,52
48,2755,6773910823327271183,49,25,48
48,2756,13851743945328677619,49,25,48
48,2757,3357872553367273778,49,25,52
48,2758,6017197505303619019,49,25,48
48,2759,12612109476075573743,49,25,48
48,2760,17123568607835422215,49,25,52
48,2761,12192845791695333075,49,25,52
48,2762,14871524889424388330,49,25,52
48,2763,17326651298163001672,49,25,52
48,2764,11423789991655621288,49,25,48
48,2765,5874556550524827490,49,25,52
48,2766,4949799099539989712,49,25,52
48,2767,16972623808072640366,49,25,52
48,2768,8209324123359815925,49,25,52
48,2769,3557296865727180502,49,25,44
48,2770,1636229634018521766,49,25,56
48,2771,14053709207250286757,49,25,48
48,2772,17398432518452175529,49,25,52
48,2773,12836391046239554216,49,25,48
48,2774,3143645935201847440,49,25,52
48,2775,1956433469995977898,49,25,48
48,2776,14853674771108149576,49,25,48
48,2777,18244539306011578410,49,25,52
48,2778,6437608449701207678,49,25,52
48,2779,2760206358915899958,49,25,52
48,2780,15561452952998597526,49,25,52
48,2781,13740469692893978747,49,25,56
48,2782,11846913784175546288,49,25,48
48,2783,2456299439008404387,49,25,52
48,2784,14766101178138485569,49,25,48
48,2785,13588756192844782576,49,25,48
48,2786,4311505267680109276,49,25,52
48,2787,5464852975983197101,49,25,52
48,2788,2944719696552962566,49,25,52
48,2789,11834783755167876870,49,25,52
48,2790,14513829560734034682,49,25,48
48,2791,9490039944383713000,49,25,56
48,2792,11555195779863124626,49,25,52
48,2793,10937246291213602646,49,25,48
48,2794,3708167740363547307,49,25,52
48,2795,12765141084399107408,49,25,48
48,2796,17028751882187963887,49,25,56
48,2797,3330462990451949595,49,25,48
48,2798,15424184174770165682,49,25,52
48,2799,7075843303018976532,49,25,52
48,2800,14160978867704583550,49,25,48
48,2801,14454478980779526621,49,25,56
48,2802,16088014172385008378,49,25,52
48,2803,14454077958550550682,49,25,52
48,2804,530489269793706178,49,25,48
48,2805,9980270769392829166,49,25,48
48,2806,5664558262255928838,49,25,48
48,2807,11435217120863891990,49,25,48
48,2808,9138785002169427321,49,25,44
48,2809,164928804775729575,49,25,52
48,2810,12078420422782154186,49,25,52
48,2811,14709874691100987798,49,25,48
48,2812,14444724464198293541,49,25,56
48,2813,12482652398799177298,49,25,52
48,2814,2648766490837830219,49,25,48
48,2815,2096314268190566693,49,25,48
48,2816,17480709603591857530,49,25,48
48,2817,2698994260595307414,49,25,48
48,2818,10028054460470984939,49,25,52
48,2819,7071068030394058573,49,25,48
48,2820,16402217131201178364,49,25,52
48,2821,15671815907490763641,49,25,52
48,2822,1777092091687735642,49,25,52
48,2823,6907747453540636024,49,25,52
48,2824,1429859427200702966,49,25,48
48,2825,13830214760222014959,49,25,52
48,2826,12268076355599461771,49,25,48
48,2827,1839297838728884163,49,25,52
48,2828,4646719443231333886,49,25,48
48,2829,17101205254978218714,49,25,56
48,2830,16872824219408078179,49,25,48
48,2831,998830816560877783,49,25,52
48,2832,12319439367451498155,49,25,48
48,2833,7495756645920472257,49,25,52
48,2834,382135662578790965,49,25,56
48,2835,14734710744077590981,49,25,52
48,2836,16758903223508196346,49,25,48
48,2837,7722023266867635677,49,25,48
48,2838,10965155342300583898,49,25,52
48,2839,2593188973462114775,49,25,48
48,2840,1139184500670619950,49,25,52
48,2841,17336243793013905127,49,25,52
48,2842,1373371747408334032,49,25,52
48,2843,9504983742838599369,49,25,48
48,2844,12257655537056625219,49,25,52
48,2845,6788238273298284413,49,25,48
48,2846,14628751778923603470,49,25,52
48,2847,2701602082376708676,49,25,52
48,2848,5391555426172652311,49,25,52
48,2849,6013960689786508168,49,25,56
48,2850,10934958413361288017,49,25,56
48,2851,13182136682927150207,49,25,52
48,2852,10573062099900355185,49,25,48
48,2853,9316852524725067907,49,25,52
48,2854,4553015188696106891,49,25,52
48,2855,5421132025198594615,49,25,52
48,2856,6462910697613707719,49,25,48
48,2857,10320981343292239175,49,25,48
48,2858,2282568097728283992,49,25,48
48,2859,8361778005812751109,49,25,52
48,2860,7274186204466651318,49,25,48
48,2861,3551056313803692412,49,25,56
48,2862,9251611856223089127,49,25,52
48,2863,16350219320477048276,49,25,44
48,2864,9527787259551301397,49,25,48
48,2865,4316296496619373763,49,25,48
48,2866,15808927392231302055,49,25,48
48,2867,13943002739342860758,49,25,52
48,2868,1544166267922272686,49,25,52
48,2869,6132516871569983124,49,25,48
48,2870,17452367199573839962,49,25,48
48,2871,12551005046429380736,49,25,52
48,2872,1193367273583990099,49,25,48
48,2873,13971822685199096861,49,25,52
48,2874,328746491457993651,49,25,52
48,2875,1227093244411558869,49,25,52
48,2876,8079238881313032829,49,25,52
48,2877,7137403944219362547,49,25,52
48,2878,8638073402728254201,49,25,52
48,2879,7212066785755979276,49,25,48
48,2880,2840301485253430924,49,25,52
48,2881,10992831259124085217,49,25,52
48,2882,11124435396999336617,49,25,48
48,2883,15879909324798607332,49,25,52
48,2884,1161865001856289605,49,25,56
48,2885,11879990892964152709,49,25,52
48,2886,4858585398464312983,49,25,52
48,2887,12684450926396255761,49,25,52
48,2888,1434363930441783345,49,25,52
48,2889,11056543669583642747,49,25,48
48,2890,1067385138561881352,49,25,48
48,2891,16536682597684923833,49,25,52
48,2892,14608304621854724645,49,25,52
48,2893,10171865521501128205,49,25,48
48,2894,7241606045553747802,49,25,56
48,2895,1818485316896152483,49,25,52
48,2896,18431654170961777356,49,25,48
48,2897,11188729606000836406,49,25,52
48,2898,17409728907722921188,49,25,48
48,2899,14461719040723984828,49,25,52
48,2900,7976665565611354596,49,25,52
48,2901,17442424624941222602,49,25,48
48,2902,14796934828450497010,49,25,48
48,2903,10640157075259605644,49,25,52
48,2904,2855691297048087011,49,25,52
48,2905,15699331334825077243,49,25,52
48,2906,1717873087221020183,49,25,56
48,2907,4790264135865529089,49,25,52
48,2908,843779678763848906,49,25,52
48,2909,15628673480604689552,49,25,52
48,2910,15707529486543222241,49,25,52
48,2911,15136373126635636582,49,25,48
48,2912,1133165656391078077,49,25,52
48,2913,6030085415429129195,49,25,52
48,2914,13989999557236734165,49,25,52
48,2915,12837893781335079281,49,25,48
48,2916,5113351160272897884,49,25,52
48,2917,1993121436779148547,49,25,48
48,2918,18088449883470884852,49,25,52
48,2919,6003673211972283954,49,25,52
48,2920,13312851360953270887,49,25,48
48,2921,3455538910436566481,49,25,56
48,2922,10355120535454215685,49,25,52
48,2923,7399739286460986891,49,25,44
48,2924,2116162244971625817,49,25,52
48,2925,10854058017874696903,49,25,52
48,2926,6674141976575868963,49,25,52
48,2927,11198319316282574505,49,25,52
48,2928,9111304429306442784,49,25,56
48,2929,140143498870958451,49,25,52
48,2930,1773536008850711309,49,25,52
48,2931,7586209292117983981,49,25,52
48,2932,15583698976512106797,49,25,52
48,2933,17274883652351718690,49,25,48
48,2934,13608001541131027992,49,25,48
48,2935,6898552202152117880,49,25,48
48,2936,8669532591865552679,49,25,52
48,2937,17466659000964572253,49,25,52
48,2938,9792071001928855710,49,25,52
48,2939,13691609376193730211,49,25,56
48,2940,8374411536983613784,49,25,52
48,2941,16611273384859979087,49,25,48
48,2942,468453195615574720,49,25,56
48,2943,13571909887296778261,49,25,48
48,2944,3335618032890148906,49,25,52
48,2945,7011464079306718644,49,25,52
48,2946,18017643860076459416,49,25,52
48,2947,12866591920594593900,49,25,52
48,2948,5583232900195247620,49,25,48
48,2949,4942375368349749605,49,25,48
48,2950,11839983228828939313,49,25,52
48,2951,3901649712088132055,49,25,52
48,2952,1161060165580746163,49,25,52
48,2953,13081268456456517512,49,25,56
48,2954,17557645325818653791,49,25,52
48,2955,2847458895945521806,49,25,52
48,2956,14554036614435147990,49,25,52
48,2957,1341537308092880104,49,25,48
48,2958,268434128115457252,49,25,48
48,2959,12005450452426800082,49,25,52
48,2960,3342855203033884292,49,25,48
48,2961,7971530259674152429,49,25,56
48,2962,16236534495981569100,49,25,48
48,2963,55029240844079456,49,25,48
48,2964,4652959990899987117,49,25,48
48,2965,15483879304141163204,49,25,48
48,2966,4559024716425112716,49,25,52
48,2967,8869527456553273990,49,25,48
48,2968,5847560280627202611,49,25,44
48,2969,7285616666987519847,49,25,48
48,2970,1634246266976325346,49,25,48
48,2971,15241500618367599948,49,25,48
48,2972,16022657300841377509,49,25,52
48,2973,16729913211994901768,49,25,52
48,2974,14894253871381258598,49,25,52
48,2975,7593138474886781764,49,25,52
48,2976,5270784378537955511,49,25,48
48,2977,13833493636367220641,49,25,48
48,2978,39243778735034504,49,25,48
48,2979,1361018843181946560,49,25,48
48,2980,9458613838907048067,49,25,56
48,2981,8059681450688026833,49,25,52
48,2982,6717661953877840621,49,25,56
48,2983,14966176568039750428,49,25,48
48,2984,2499451358538800853,49,25,52
48,2985,6809543566982171634,49,25,48
48,2986,3580867402756314945,49,25,48
48,2987,1264790478852057130,49,25,48
48,2988,1855343806098358869,49,25,48
48,2989,12274054594840185934,49,25,52
48,2990,14600519323457082855,49,25,52
48,2991,15949318200299289582,49,25,48
48,2992,9741785304671742255,49,25,48
48,2993,7844731988610964145,49,25,48
48,2994,10052381002406046074,49,25,52
48,2995,6729789580550524643,49,25,52
48,2996,14590478876107740369,49,25,48
48,2997,11733604812278657387,49,25,52
48,2998,3063890251077822172,49,25,52
48,2999,14908482256274513861,49,25,56
48,3000,2516809801180209255,49,25,52
64,1,15374838527159447153,65,33,68
64,2,11681803714596097684,65,33,68
64,3,6900379000238881447,65,33,72
64,4,14844519731123976737,65,33,64
64,5,3548305586970039104,65,33,68
64,6,9354248157011632481,65,33,68
64,7,18184647958505670791,65,33,68
64,8,14179390371765268036,65,33,64
64,9,10940322223308162631,65,33,68
64,10,989961991777240770,65,33,68
64,11,3215570327718026645,65,33,64
64,12,2902657694556085997,65,33,68
64,13,2724003800584976392,65,33,72
64,14,11288148670110731639,65,33,72
64,15,7940189286059524144,65,33,72
64,16,17431964912191123605,65,33,68
64,17,9432517731204789034,65,33,68
64,18,5513387182258009483,65,33,64
64,19,3322438404180936334,65,33,68
64,20,5541572139281379800,65,33,68
64,21,15075733838453360107,65,33,68
64,22,15112396113501655895,65,33,72
64,23,785808265310711239,65,33,64
64,24,13334189524774855055,65,33,68
64,25,4355445783728221578,65,33,68
64,26,945305896508940216,65,33,64
64,27,10700966375530825788,65,33,68
64,28,17034154533430914257,65,33,64
64,29,13879411779461716672,65,33,64
64,30,14163752599715719225,65,33,72
64,31,10471722224033869124,65,33,68
64,32,6087316264459244610,65,33,72
64,33,16905466127725763256,65,33,68
64,34,9632113761998470358,65,33,68
64,35,11603063266676863249,65,33,72
64,36,7888934340145340775,65,33,68
64,37,4685356907883930315,65,33,68
64,38,18133024382839801474,65,33,72
64,39,15706717929186400553,65,33,72
64,40,2862631519124760136,65,33,68
64,41,3635633032232798848,65,33,64
64,42,9664554386448380136,65,33,68
64,43,1105480213900515931,65,33,64
64,44,12196768063763930748,65,33,72
64,45,9008161449797165484,65,33,64
64,46,10262037100505718512,65,33,72
64,47,7990429585282876762,65,33,68
64,48,13445192732634300205,65,33,68
64,49,2859459000874644855,65,33,68
64,50,16456214056634926819,65,33,68
64,51,13908586560481735922,65,33,68
64,52,7074768156605125052,65,33,68
64,53,18145252949614303806,65,33,64
64,54,14070628596370343816,65,33,68
64,55,2364792875590286171,65,33,68
64,56,1744752378415567471,65,33,72
64,57,12464606632344631815,65,33,72
64,58,9313879952512880777,65,33,72
64,59,9603741568898488788,65,33,64
64,60,8136508151737476809,65,33,68
64,61,17773807356835731965,65,33,68
64,62,4519632384809392626,65,33,64
64,63,12312530872515968542,65,33,68
64,64,10710673331484295355,65,33,64
64,65,1053910274283831591,65,33,64
64,66,16391612225971189527,65,33,68
64,67,6507965536664268151,65,33,64
64,68,1496403473498700055,65,33,64
64,69,2444571411497922260,65,33,68
64,70,11812597295250499122,65,33,72
64,71,12238976177500376038,65,33,68
64,72,12713724415946196465,65,33,68
64,73,3995952197144977385,65,33,68
64,74,14588339344210893388,65,33,68
64,75,14401383179898606112,65,33,72
64,76,392141092024581750,65,33,64
64,77,13653027154862741418,65,33,68
64,78,16133826926551620867,65,33,68
64,79,14798380609174828377,65,33,68
64,80,435112170461188415,65,33,64
64,81,1374964262530733966,65,33,68
64,82,11123272322199244980,65,33,68
64,83,13249746441782210952,65,33,68
64,84,5427275631446291209,65,33,68
64,85,2222324821340484858,65,33,68
64,86,953488864315708850,65,33,72
64,87,8418667344224905902,65,33,68
64,88,6110635274199571640,65,33,64
64,89,16218739218655468565,65,33,72
64,90,1678972291053462924,65,33,64
64,91,7373319109230751721,65,33,68
64,92,6112438337090803132,65,33,72
64,93,6223754593900212168,65,33,68
64,94,13793051011267216319,65,33,68
64,95,10544095316222738592,65,33,68
64,96,6396564014413254695,65,33,64
64,97,17859889256343359602,65,33,68
64,98,549183419764184765,65,33,64
64,99,4868637893905519624,65,33,68
64,100,18028650241098410586,65,33,64
64,101,16362459565880356518,65,33,64
64,102,9155895714927829346,65,33,68
64,103,180790008963588196,65,33,68
64,104,4658182106590952758,65,33,64
64,105,1290274324719696474,65,33,64
64,106,16744889571288151052,65,33,68
64,107,12467759231856562072,65,33,64
64,108,5224190676193716607,65,33,72
64,109,11515245031791794123,65,33,64
64,110,14047224480237868383,65,33,68
64,111,15222600541949221627,65,33,64
64,112,1632227075674014425,65,33,64
64,113,1822854327014241933,65,33,64
64,114,14688037037551033233,65,33,68
64,115,6943148687477521678,65,33,60
64,116,12010136739654123790,65,33,64
64,117,15860259372718368682,65,33,60
64,118,15476913265723884391,65,33,68
64,119,6994177534961194205,65,33,68
64,120,11173681192784232062,65,33,68
64,121,17186465086791904231,65,33,68
64,122,14361877906515868087,65,33,72
64,123,1477616588540725324,65,33,68
64,124,16607799010312742928,65,33,68
64,125,5112137407259010917,65,33,68
64,126,5406255511803595382,65,33,68
64,127,12862236958219923228,65,33,68
64,128,12612794176926232873,65,33,64
64,129,2621627497100225497,65,33,68
64,130,10509965568060254516,65,33,72
64,131,18231541500871283748,65,33,64
64,132,16799366854485764555,65,33,68
64,133,14100039238518809504,65,33,68
64,134,4334769503265694478,65,33,64
64,135,16654871360377398980,65,33,72
64,136,4589145931744626414,65,33,68
64,137,13233520892774897503,65,33,64
64,138,12907121436762468251,65,33,72
64,139,4540026657872777524,65,33,64
64,140,7641216617860722928,65,33,72
64,141,109339055154106980,65,33,68
64,142,9389212394969485761,65,33,68
64,143,15154969603870719712,65,33,68
64,144,13820058330183095329,65,33,68
64,145,2518184028679075334,65,33,72
64,146,10377200340414609322,65,33,64
64,147,11933750075188528135,65,33,64
64,148,15652290121089914814,65,33,68
64,149,8068012850764372279,65,33,68
64,150,4731067091506678972,65,33,64
64,151,14939063571925967485,65,33,68
64,152,18098698377211324345,65,33,64
64,153,10264280093231024310,65,33,72
64,154,5181045265592539531,65,33,68
64,155,6670325824812931779,65,33,68
64,156,11291358007145375896,65,33,64
64,157,2296065605194583994,65,33,68
64,158,15464863012266164880,65,33,72
64,159,12546019267774382966,65,33,68
64,160,11032497958717215211,65,33,68
64,161,2414701138801665058,65,33,68
64,162,11208771469046934950,65,33,72
64,163,7765199247898426881,65,33,64
64,164,1153836429436984036,65,33,72
64,165,1966250071931177231,65,33,64
64,166,17303778772222144148,65,33,72
64,167,16545547628155390065,65,33,68
64,168,15106350302892868590,65,33,68
64,169,10870580842202715273,65,33,64
64,170,285663654642337326,65,33,64
64,171,4813606923230575612,65,33,64
64,172,17028463107966254616,65,33,68
64,173,4328855633417532687,65,33,68
64,174,2470619105553534469,65,33,64
64,175,15933213927592470083,65,33,68
64,176,5028502862473358398,65,33,68
64,177,8752595159652060455,65,33,68
64,178,2150905203392473594,65,33,68
64,179,10720558793839957613,65,33,68
64,180,1110622196936544903,65,33,68
64,181,17224517032318469848,65,33,64
64,182,9483260358111607453,65,33,68
64,183,6875614861994259039,65,33,64
64,184,590953676850275190,65,33,72
64,185,16806061191099716704,65,33,68
64,186,13294959529253971918,65,33,68
64,187,12550734993035119470,65,33,68
64,188,15416996846408563834,65,33,64
64,189,16892426928334719877,65,33,68
64,190,7523601854542810841,65,33,64
64,191,7498764056140553735,65,33,68
64,192,14564174153851017806,65,33,68
64,193,11469907186357613184,65,33,64
64,194,639036088442980029,65,33,68
64,195,4760135080125870720,65,33,68
64,196,2765843581171952975,65,33,68
64,197,17014109562799833878,65,33,68
64,198,5010157167397518316,65,33,68
64,199,1083857200730891139,65,33,64
64,200,5205178967724106824,65,33,72
64,201,16611820191969102166,65,33,68
64,202,3824437386634973661,65,33,68
64,203,16549818865004195434,65,33,68
64,204,3071449016270087928,65,33,68
64,205,1053712569521407897,65,33,72
64,206,5919719115991160753,65,33,68
64,207,10541336269379599540,65,33,68
64,208,7285687294058858423,65,33,64
64,209,15166380453251134483,65,33,64
64,210,10843460478010352660,65,33,72
64,211,13067966944249029357,65,33,68
64,212,1602517440127456971,65,33,68
64,213,16897409930325023063,65,33,68
64,214,11307143372149480573,65,33,64
64,215,12531963169347893364,65,33,68
64,216,11873174894760730131,65,33,64
64,217,1612107702197300312,65,33,68
64,218,12778101484249901942,65,33,72
64,219,3838887646176561825,65,33,68
64,220,7571833649944070210,65,33,68
64,221,1390963933839737609,65,33,68
64,222,200031388080641491,65,33,72
64,223,6283345332449909171,65,33,72
64,224,2076012475323675491,65,33,64
64,225,11748730314491342322,65,33,64
64,226,17097944237204557992,65,33,64
64,227,8932572079641152181,65,33,72
64,228,1268220375707606429,65,33,68
64,229,2692289521159402,65,33,64
64,230,18181785558674462853,65,33,72
64,231,13419368735821299370,65,33,72
64,232,2157017181841839604,65,33,68
64,233,17824597607252255166,65,33,68
64,234,3609713151744488314,65,33,64
64,235,15816401181134488983,65,33,72
64,236,14221066792442310337,65,33,68
64,237,12084318286729144760,65,33,68
64,238,6662120617417012078,65,33,68
64,239,7466832156588800423,65,33,72
64,240,1744985652105607226,65,33,72
64,241,15386178804384182328,65,33,68
64,242,12758002483441984272,65,33,64
64,243,6543395686492978499,65,33,68
64,244,11110675085186409312,65,33,64
64,245,8939211024639960280,65,33,64
64,246,15261682895591528476,65,33,68
64,247,1575653786004235581,65,33,72
64,248,2664578716276438175,65,33,64
64,249,14911896011823341209,65,33,68
64,250,5950020570872881897,65,33,68
64,251,4420399068881607875,65,33,68
64,252,16779779923269223847,65,33,68
64,253,2564674079446876359,65,33,68
64,254,17172314157596674273,65,33,68
64,255,1542589433778246783,65,33,64
64,256,13104037826891040543,65,33,68
64,257,4976736175915093221,65,33,68
64,258,6308994731926745008,65,33,64
64,259,12890498022280092980,65,33,64
64,260,6960456994671607909,65,33,68
64,261,15182251094743980855,65,33,64
64,262,13046537457962601620,65,33,68
64,263,15793263688983090423,65,33,64
64,264,11150947927110781768,65,33,68
64,265,10682628200168619793,65,33,64
64,266,11925641771242111147,65,33,60
64,267,256294064830558344,65,33,72
64,268,14868557006999546096,65,33,68
64,269,7443143638208681988,65,33,68
64,270,4100394099575845578,65,33,60
64,271,650176468435432733,65,33,68
64,272,5257291222303734925,65,33,68
64,273,11202307150931855890,65,33,72
64,274,14299495629210426509,65,33,72
64,275,1841591000657019816,65,33,68
64,276,8535554982311134955,65,33,64
64,277,13371968845783941905,65,33,72
64,278,2595143610831936312,65,33,64
64,279,17697551164667006295,65,33,68
64,280,3708132880762820309,65,33,68
64,281,7843667068479290695,65,33,68
64,282,15180086537991314314,65,33,68
64,283,8273614630338030606,65,33,72
64,284,2517252280483067210,65,33,60
64,285,11882743069856260370,65,33,68
64,286,3729658281124773865,65,33,64
64,287,12994048218974708079,65,33,64
64,288,14603000850008277254,65,33,64
64,289,9778962080529084116,65,33,64
64,290,8135469002694228079,65,33,72
64,291,11207878913628435466,65,33,68
64,292,14231837698315581119,65,33,68
64,293,4092500801999383225,65,33,68
64,294,6190536015475936177,65,33,68
64,295,15492477536113987235,65,33,68
64,296,9616123621019090193,65,33,72
64,297,546239747050548122,65,33,64
64,298,18067132557826648181,65,33,68
64,299,13188404062480187812,65,33,72
64,300,8198562961634946109,65,33,72
64,301,14992769046073480412,65,33,68
64,302,14430278700616364541,65,33,64
64,303,3183271069826247576,65,33,64
64,304,12479030017126759469,65,33,64
64,305,8342568244003851979,65,33,68
64,306,1783355671524900505,65,33,72
64,307,18360713270266645194,65,33,68
64,308,4410899895615409811,65,33,68
64,309,8719765704124223011,65,33,68
64,310,13012758741364930444,65,33,68
64,311,7873815531654696151,65,33,68
64,312,15083460423685828428,65,33,68
64,313,16884666887902854315,65,33,68
64,314,13835256218957697621,65,33,72
64,315,13192009557082447313,65,33,68
64,316,573362929207902740,65,33,64
64,317,9498388230909152507,65,33,72
64,318,13842294962702800104,65,33,72
64,319,3413792202866797953,65,33,68
64,320,16049162292556580008,65,33,68
64,321,6469488435190592155,65,33,68
64,322,11739875399676188152,65,33,72
64,323,7629821148624290711,65,33,72
64,324,1938612245204357138,65,33,72
64,325,12149038087485758685,65,33,64
64,326,9268286732289394714,65,33,68
64,327,5491731264891122481,65,33,64
64,328,16986186439919200552,65,33,64
64,329,10260581831219956400,65,33,68
64,330,8393975194600197866,65,33,68
64,331,13251430320681854500,65,33,72
64,332,8523832111771140808,65,33,72
64,333,10120171468007209704,65,33,68
64,334,4319905488434237644,65,33,68
64,335,17215644403512831829,65,33,68
64,336,6995849545088567499,65,33,64
64,337,14517436061208226793,65,33,68
64,338,13999924927271070012,65,33,68
64,339,14972646533426090098,65,33,64
64,340,17941475554165848397,65,33,64
64,341,12911534040193232944,65,33,68
64,342,6324158244779774009,65,33,68
64,343,1971877338233691444,65,33,68
64,344,1994923851587674135,65,33,64
64,345,7146357406160373227,65,33,64
64,346,15581093617963208674,65,33,68
64,347,1627996527297954541,65,33,64
64,348,17120202864501510179,65,33,68
64,349,12260115873480207924,65,33,68
64,350,3429511674154380164,65,33,64
64,351,9755402559501124951,65,33,68
64,352,11096933517902435672,65,33,64
64,353,16714677208523313924,65,33,68
64,354,10270262313482396430,65,33,72
64,355,8865137419985471703,65,33,64
64,356,9190190242244175243,65,33,72
64,357,9182673079597613533,65,33,64
64,358,3929057942913060823,65,33,64
64,359,14026383499354614790,65,33,64
64,360,8536941897345147909,65,33,64
64,361,16255036308976798804,65,33,64
64,362,753497608819241292,65,33,64
64,363,15619390551901280671,65,33,64
64,364,875226851307784068,65,33,64
64,365,5305506922689768927,65,33,64
64,366,12450470839189753973,65,33,68
64,367,9630185920685313872,65,33,68
64,368,4307155189235898051,65,33,64
64,369,1236310577948006808,65,33,68
64,370,7819877015777262678,65,33,72
64,371,2730497751911775650,65,33,68
64,372,12094250912432961039,65,33,68
64,373,8492615353281048559,65,33,68
64,374,7293508624080892656,65,33,68
64,375,17761522341761932169,65,33,72
64,376,14313490171016462803,65,33,64
64,377,13025957743951570754,65,33,68
64,378,3911526007785798057,65,33,68
64,379,10770338755308755574,65,33,68
64,380,16014768555675732370,65,33,68
64,381,15480282787072288819,65,33,68
64,382,4515147055576886167,65,33,72
64,383,16294844380350131316,65,33,64
64,384,1168304628830145421,65,33,68
64,385,1361109985940861414,65,33,68
64,386,14993742714869768999,65,33,68
64,387,8437744990356165393,65,33,68
64,388,16998389608865638517,65,33,68
64,389,12459957117973841613,65,33,64
64,390,5653533245586859029,65,33,68
64,391,11291467448020467117,65,33,68
64,392,17572455156462463875,65,33,68
64,393,9633066374636787587,65,33,72
64,394,6348784730156239806,65,33,68
64,395,10354745410218691738,65,33,68
64,396,3661527414291199379,65,33,68
64,397,803732028130071039,65,33,64
64,398,2415859537416235734,65,33,68
64,399,15421084940776467816,65,33,64
64,400,10045139875200998920,65,33,64
64,401,17344904750001446463,65,33,64
64,402,4402854617982603326,65,33,68
64,403,11156033822872045230,65,33,64
64,404,15136020438597710131,65,33,64
64,405,17542238708372722024,65,33,64
64,406,14779016974334282586,65,33,64
64,407,12461045728165403879,65,33,64
64,408,12849334902631758820,65,33,68
64,409,13493050111970257223,65,33,68
64,410,16350515809772027992,65,33,68
64,411,4210275597591461615,65,33,68
64,412,2622084369632124902,65,33,68
64,413,1025245431367725331,65,33,72
64,414,4154792189919541951,65,33,68
64,415,1333496276248071821,65,33,68
64,416,3406981367178121530,65,33,68
64,417,7093051584567447236,65,33,64
64,418,3841111727219459852,65,33,68
64,419,16977576091970899130,65,33,68
64,420,3549140414243403602,65,33,68
64,421,13466005753376520155,65,33,68
64,422,7558449636412066962,65,33,72
64,423,1690876783236362047,65,33,68
64,424,5531748154455618530,65,33,68
64,425,7937155397548802524,65,33,68
64,426,11118769636027930544,65,33,68
64,427,17300006591136416562,65,33,64
64,428,7772339335196754111,65,33,68
64,429,5846823820084826448,65,33,68
64,430,14859429912295162645,65,33,72
64,431,11280804042163262365,65,33,68
64,432,9439285422592371968,65,33,68
64,433,9796951494644111251,65,33,68
64,434,9581475979064824160,65,33,68
64,435,3986712883283168453,65,33,72
64,436,15111121392501081356,65,33,64
64,437,13379392084002769771,65,33,64
64,438,9628741890422875232,65,33,64
64,439,14382873387687706731,65,33,72
64,440,13067550343235761709,65,33,68
64,441,4751286347051384348,65,33,68
64,442,6006575049122709053,65,33,68
64,443,8109675410665168635,65,33,72
64,444,4661011519614405934,65,33,64
64,445,9603451604401180342,65,33,68
64,446,17542402128630492480,65,33,64
64,447,15808650644145356012,65,33,68
64,448,16265907112871776528,65,33,64
64,449,9793493899167754105,65,33,64
64,450,12199406658435896059,65,33,64
64,451,794672097618778905,65,33,68
64,452,13238226539628712944,65,33,64
64,453,2735169802401827184,65,33,64
64,454,14894830313366456503,65,33,68
64,455,12411561211417557663,65,33,68
64,456,13550456470691526817,65,33,76
64,457,14810896710207679986,65,33,68
64,458,5889000492121140399,65,33,68
64,459,14969830635671698577,65,33,68
64,460,13817430944779517917,65,33,68
64,461,9537104487440324180,65,33,68
64,462,15233646639454038207,65,33,68
64,463,13602119469711385676,65,33,68
64,464,15248294034436057244,65,33,72
64,465,7504788992259707948,65,33,64
64,466,2740678017949862911,65,33,68
64,467,13539071782673736433,65,33,68
64,468,582705449650059424,65,33,68
64,469,2549847847382885086,65,33,72
64,470,15662777722697990352,65,33,64
64,471,14150114594409500986,65,33,64
64,472,9243026847106645930,65,33,64
64,473,11384304601712947471,65,33,68
64,474,5919781508763267361,65,33,72
64,475,4326905198760158686,65,33,72
64,476,2493119083609332329,65,33,68
64,477,7969329280554456810,65,33,68
64,478,4738980358646068868,65,33,68
64,479,4038075467340578273,65,33,64
64,480,17751369657928879297,65,33,68
64,481,2489314158891857385,65,33,68
64,482,16041480899177604662,65,33,68
64,483,15990599273697420239,65,33,64
64,484,18190036464780410556,65,33,64
64,485,12702984052197261419,65,33,72
64,486,7127889994100113930,65,33,64
64,487,15000379968731564897,65,33,72
64,488,11765930629112347927,65,33,64
64,489,5910011530937221626,65,33,68
64,490,11169520828967748003,65,33,64
64,491,10980980268508771133,65,33,72
64,492,2316577081883169581,65,33,64
64,493,15742765066416800077,65,33,72
64,494,4466067668175306690,65,33,68
64,495,11952914641746538309,65,33,64
64,496,13150771909008809030,65,33,64
64,497,14095256622234629298,65,33,68
64,498,14811236911669139958,65,33,72
64,499,11735244443213389155,65,33,68
64,500,8049610875218501827,65,33,68
64,501,843701466284693144,65,33,68
64,502,3230967939076180458,65,33,68
64,503,7520339922010474725,65,33,72
64,504,2894565300396695888,65,33,64
64,505,11141752834950691795,65,33,68
64,506,17183165630828084590,65,33,68
64,507,2592906741686898713,65,33,68
64,508,556481915468213088,65,33,68
64,509,16565610292933734257,65,33,72
64,510,1846148644266975785,65,33,68
64,511,1092386489908638634,65,33,68
64,512,2913621855405700560,65,33,68
64,513,13779782601772217023,65,33,64
64,514,9395844700089848929,65,33,68
64,515,6997305242866011550,65,33,68
64,516,3902313604251383173,65,33,64
64,517,1671703726627388142,65,33,68
64,518,6974029387829217331,65,33,64
64,519,14823620891877439324,65,33,68
64,520,16194683088842859802,65,33,68
64,521,18434867154390339672,65,33,68
64,522,11112078308350672933,65,33,72
64,523,15946059942960034947,65,33,68
64,524,10528492756182359037,65,33,68
64,525,12048320986724043733,65,33,64
64,526,6544012977924818549,65,33,72
64,527,16165969368345950902,65,33,68
64,528,1090701927705562159,65,33,72
64,529,11658707791813799347,65,33,60
64,530,4943618950799636153,65,33,68
64,531,15414050542563360021,65,33,68
64,532,2664658174465412571,65,33,68
64,533,15526196535986060656,65,33,72
64,534,10110637475966245106,65,33,64
64,535,9127959596709774236,65,33,68
64,536,7413005553350844110,65,33,68
64,537,15703780754745305911,65,33,68
64,538,13525305734961808352,65,33,68
64,539,3225836748674428034,65,33,68
64,540,5517582659054190751,65,33,64
64,541,12709246886566866889,65,33,72
64,542,14301759744717258712,65,33,72
64,543,5350434468911863366,65,33,68
64,544,13220493493115562254,65,33,68
64,545,9854896148702817107,65,33,68
64,546,8762362678130951355,65,33,68
64,547,10226025775962545628,65,33,64
64,548,6961490906662294046,65,33,64
64,549,17233939029231068382,65,33,72
64,550,3747792313787815133,65,33,68
64,551,10386039200337910962,65,33,72
64,552,715362911557349613,65,33,68
64,553,6534095638780229242,65,33,68
64,554,3485676591788362740,65,33,68
64,555,1685356929778074356,65,33,68
64,556,8843495523422233381,65,33,64
64,557,10340724781710548376,65,33,68
64,558,12715019192099832565,65,33,68
64,559,2402259802892799519,65,33,68
64,560,7502764720435419497,65,33,64
64,561,1944313161808454724,65,33,64
64,562,10362439964738998547,65,33,68
64,563,12513028041508145053,65,33,68
64,564,2735509278746086850,65,33,68
64,565,5898404568725180860,65,33,68
64,566,11034156513894203822,65,33,68
64,567,12254090317871896093,65,33,64
64,568,14811942827067976904,65,33,72
64,569,16004022183685340044,65,33,68
64,570,660345722405613672,65,33,68
64,571,14641141735739465514,65,33,72
64,572,15995172972798648116,65,33,72
64,573,6790630046175434046,65,33,64
64,574,13910834437354199130,65,33,68
64,575,8190078087158480348,65,33,64
64,576,10483072086526666870,65,33,72
64,577,5896524339089196288,65,33,72
64,578,611384658334365278,65,33,68
64,579,7032434247348993957,65,33,64
64,580,12207096388118526673,65,33,68
64,581,9186169095449106496,65,33,68
64,582,6724894192973169448,65,33,68
64,583,11454953357395390058,65,33,72
64,584,6882934082898130408,65,33,72
64,585,814596539523056331,65,33,64
64,586,3020789091642686920,65,33,72
64,587,370628871425711669,65,33,72
64,588,7469516001016987523,65,33,68
64,589,2253367489144361319,65,33,68
64,590,17445567003928035027,65,33,68
64,591,13299707741706641628,65,33,68
64,592,7772969736933992706,65,33,72
64,593,16765146487173385854,65,33,64
64,594,3226113543202134160,65,33,68
64,595,18034238615463652962,65,33,68
64,596,15928450727852751919,65,33,72
64,597,1075850813690692044,65,33,68
64,598,650899490319203122,65,33,68
64,599,15960850231256782202,65,33,64
64,600,7512996427858621690,65,33,64
64,601,10457371836144306907,65,33,64
64,602,11599484392542597962,65,33,72
64,603,9676070938640931603,65,33,68
64,604,15130662975032671365,65,33,68
64,605,5171470140886639780,65,33,68
64,606,18345133791036419158,65,33,68
64,607,6806653530338438079,65,33,64
64,608,17993980080145556973,65,33,64
64,609,7001017124723578225,65,33,68
64,610,14977408747649092370,65,33,72
64,611,4409493165650670789,65,33,68
64,612,390576232620649602,65,33,72
64,613,13683076431606371926,65,33,68
64,614,1390803514995675395,65,33,68
64,615,7256181596620370581,65,33,68
64,616,15404898346625772973,65,33,64
64,617,18299662005787310133,65,33,68
64,618,15002992700551191299,65,33,68
64,619,5556087443326719033,65,33,64
64,620,10281076599111322184,65,33,72
64,621,14510446120587263033,65,33,68
64,622,4439025794650216559,65,33,72
64,623,1848256379198513685,65,33,68
64,624,6153445156720634339,65,33,68
64,625,2621021864915648134,65,33,64
64,626,1633976553634194879,65,33,68
64,627,17635193714389731432,65,33,68
64,628,14366256574102747717,65,33,68
64,629,10363419176151104546,65,33,68
64,630,16043385530092773879,65,33,72
64,631,16800758957102024478,65,33,68
64,632,3314732611497320079,65,33,68
64,633,6141263012141398596,65,33,64
64,634,14467900362642174185,65,33,68
64,635,14989643950411983810,65,33,72
64,636,13617489447448021116,65,33,72
64,637,8199267133621147223,65,33,64
64,638,6974149341645436597,65,33,68
64,639,14659630800943323930,65,33,76
64,640,12232592788740637588,65,33,64
64,641,7544749006438269972,65,33,68
64,642,13762602628462930303,65,33,64
64,643,14256050110483490274,65,33,68
64,644,2113982774228778989,65,33,68
64,645,16283899938894664002,65,33,68
64,646,5869984048917103652,65,33,68
64,647,10665758457562701902,65,33,76
64,648,6162883850823041852,65,33,68
64,649,15126547894256786272,65,33,68
64,650,16223089152940166591,65,33,68
64,651,264023657114590130,65,33,64
64,652,15016992219008740196,65,33,68
64,653,2542361439028866262,65,33,72
64,654,721609737017443179,65,33,68
64,655,6515145542602248172,65,33,64
64,656,1285236381112546204,65,33,68
64,657,11409676440523544316,65,33,68
64,658,4435701651681230029,65,33,68
64,659,4101364991489924559,65,33,68
64,660,10285226187257211350,65,33,64
64,661,8441707593984176731,65,33,64
64,662,16123829881487278937,65,33,64
64,663,3086321113727414319,65,33,68
64,664,4257106498220509806,65,33,68
64,665,8845912528527683062,65,33,68
64,666,3946707611881471855,65,33,64
64,667,11030977215354334906,65,33,72
64,668,2793107286030637368,65,33,68
64,669,14702854052953745233,65,33,64
64,670,9719384560380285344,65,33,68
64,671,13790730662180203712,65,33,68
64,672,1257897443750036247,65,33,68
64,673,6196173573040805265,65,33,72
64,674,16587765763554877289,65,33,64
64,675,16583899096144628496,65,33,68
64,676,9479274591333013801,65,33,64
64,677,5967200548129503749,65,33,68
64,678,8280155884366919897,65,33,64
64,679,3799961542317638080,65,33,68
64,680,6815918103242268354,65,33,68
64,681,5266166265911741393,65,33,64
64,682,9606244994943104511,65,33,68
64,683,12422565369344090623,65,33,68
64,684,17650673763297661519,65,33,72
64,685,3383406674774342964,65,33,68
64,686,17656969509816801074,65,33,68
64,687,1107513059742262705,65,33,68
64,688,11537932532009150973,65,33,68
64,689,7398921313310836877,65,33,64
64,690,5907104946623038985,65,33,72
64,691,2570503178901846819,65,33,68
64,692,4719987644976643269,65,33,64
64,693,4949277467583432734,65,33,68
64,694,15068632355869354871,65,33,64
64,695,7323520138024024021,65,33,68
64,696,3936170019994845604,65,33,68
64,697,7885225319579646047,65,33,68
64,698,6011278382224409571,65,33,72
64,699,10712825762207634617,65,33,68
64,700,11145344183597984758,65,33,68
64,701,10498602235980213928,65,33,68
64,702,7787543363510125381,65,33,68
64,703,4319405266512991843,65,33,68
64,704,8028077546015480998,65,33,68
64,705,3212639882633569148,65,33,64
64,706,15047471325464125725,65,33,68
64,707,12706134979207039549,65,33,64
64,708,7711129437815222594,65,33,68
64,709,4368066435560944154,65,33,68
64,710,14422737562554150938,65,33,68
64,711,11140709832539170219,65,33,68
64,712,9329269073436972742,65,33,68
64,713,8790210909833944446,65,33,68
64,714,4680581801571050861,65,33,64
64,715,2495344987097602473,65,33,64
64,716,2362912913740575661,65,33,72
64,717,11199332089384099662,65,33,68
64,718,9722678219903789715,65,33,64
64,719,5292742267691858058,65,33,68
64,720,4991077897418947896,65,33,68
64,721,15242996722343664146,65,33,68
64,722,16028229322657846390,65,33,68
64,723,14109548258673847737,65,33,68
64,724,3383086663392200474,65,33,68
64,725,4928738218120611671,65,33,60
64,726,10011324433693252177,65,33,64
64,727,3100905543768422969,65,33,64
64,728,6744251079333927629,65,33,72
64,729,12054733178126618030,65,33,68
64,730,8066208427715347420,65,33,68
64,731,5230284641116789275,65,33,64
64,732,13122387120106169135,65,33,64
64,733,15757666571284257101,65,33,64
64,734,4752011940063259878,65,33,64
64,735,9553491220768701408,65,33,68
64,736,14904850887489104286,65,33,72
64,737,13335664895568041594,65,33,72
64,738,10908428199376087801,65,33,68
64,739,15839618919051702332,65,33,72
64,740,7248227823968138111,65,33,68
64,741,3671919749062026638,65,33,72
64,742,10231058416366589182,65,33,68
64,743,4163401033944340805,65,33,68
64,744,10260226082059200748,65,33,68
64,745,15742441925308990866,65,33,68
64,746,10807983123820607996,65,33,60
64,747,9607490392888228479,65,33,68
64,748,9195431985892531318,65,33,64
64,749,11385119841336460100,65,33,68
64,750,11198996624171902392,65,33,68
64,751,6389641949471983840,65,33,68
64,752,5924056201347606392,65,33,72
64,753,17961815223959947551,65,33,68
64,754,2581426030715661839,65,33,68
64,755,18444386680276565273,65,33,68
64,756,6337979855485724502,65,33,68
64,757,7992080625739935305,65,33,68
64,758,2980620576008627857,65,33,68
64,759,16837383727383253570,65,33,72
64,760,15544197325699913482,65,33,68
64,761,15040607746065478337,65,33,72
64,762,11267645139375735213,65,33,68
64,763,13326257869936204095,65,33,64
64,764,16097597062529366425,65,33,64
64,765,16263807903364920548,65,33,68
64,766,1657908551168563276,65,33,68
64,767,9459871486076630954,65,33,68
64,768,5377876011962864221,65,33,64
64,769,8120270105266921204,65,33,72
64,770,6316326991188689768,65,33,72
64,771,690688890890403202,65,33,64
64,772,1179295342910311395,65,33,68
64,773,7838893150139090113,65,33,68
64,774,9740861055017283260,65,33,64
64,775,16256831892282334513,65,33,72
64,776,14896883395007013809,65,33,64
64,777,8042562868324412519,65,33,68
64,778,2732499201767306313,65,33,68
64,779,16658183477710853038,65,33,68
64,780,9616823305318285087,65,33,64
64,781,952203133008445835,65,33,68
64,782,4985237112371381116,65,33,72
64,783,16892666720075029827,65,33,68
64,784,11730164172524031339,65,33,72
64,785,4608039369352484396,65,33,68
64,786,12023304385829082822,65,33,68
64,787,9981660513931652097,65,33,68
64,788,10946391165382360431,65,33,64
64,789,12200774376089917842,65,33,64
64,790,7597495450064403819,65,33,68
64,791,2769813411606228729,65,33,64
64,792,16129437783453249779,65,33,68
64,793,5264735813575352758,65,33,72
64,794,18018894229250009726,65,33,64
64,795,15997384212013269981,65,33,68
64,796,15766066338459135585,65,33,68
64,797,2472222731965727436,65,33,64
64,798,18237984410641999020,65,33,64
64,799,16026515080339243653,65,33,68
64,800,15244617435173159406,65,33,68
64,801,5145924764968738833,65,33,68
64,802,675182725918689420,65,33,64
64,803,17844381431328333057,65,33,68
64,804,12270933947087317596,65,33,64
64,805,12785918152477642486,65,33,64
64,806,17793694055142455953,65,33,64
64,807,9582358827739688343,65,33,68
64,808,11541889411309045010,65,33,72
64,809,12661105766413685292,65,33,64
64,810,1210820370208283925,65,33,68
64,811,10800398332971480530,65,33,64
64,812,8628862266565796164,65,33,68
64,813,16746830566977352692,65,33,64
64,814,7063970119046637646,65,33,68
64,815,4117912629760587300,65,33,68
64,816,7434136239376866424,65,33,68
64,817,12776356744571947249,65,33,68
64,818,990983583393533725,65,33,72
64,819,3723400308112327226,65,33,68
64,820,5199228451169146120,65,33,68
64,821,7189057600499505598,65,33,68
64,822,380227613843892652,65,33,68
64,823,9534381603897775595,65,33,68
64,824,1532939762402227301,65,33,68
64,825,10075997344934363069,65,33,68
64,826,10482096394959309988,65,33,72
64,827,7256282139914017907,65,33,64
64,828,8903054587375052091,65,33,68
64,829,13251429620373608567,65,33,72
64,830,12960662527348938914,65,33,64
64,831,11123434554461426821,65,33,64
64,832,13079192568123298173,65,33,68
64,833,14674172204942718029,65,33,68
64,834,2631480432035031835,65,33,64
64,835,7717288637040711436,65,33,64
64,836,10440831649932302725,65,33,72
64,837,767260642108672614,65,33,68
64,838,6366714780008477032,65,33,64
64,839,12614186574419002971,65,33,68
64,840,959085138067533355,65,33,72
64,841,12373430261019719413,65,33,64
64,842,622478245749051340,65,33,68
64,843,5653161007508562070,65,33,72
64,844,3106301908752615127,65,33,72
64,845,11116170844836474874,65,33,68
64,846,9136375393131152754,65,33,68
64,847,4533654977079139644,65,33,68
64,848,79059670993821782,65,33,64
64,849,14825459759875095317,65,33,68
64,850,15036487933169217338,65,33,68
64,851,17466409485954606198,65,33,68
64,852,7206575876754867494,65,33,68
64,853,3609001233983827361,65,33,68
64,854,17026873524350542727,65,33,64
64,855,15219129838406996669,65,33,64
64,856,3715444948723402162,65,33,68
64,857,1899047429650001492,65,33,68
64,858,16402971889919327452,65,33,68
64,859,4478284437307918602,65,33,72
64,860,5319195736071933486,65,33,72
64,861,17539416631422777588,65,33,64
64,862,14401870013311826773,65,33,68
64,863,6543838140377630106,65,33,64
64,864,9336978159802960186,65,33,68
64,865,6626170690721591245,65,33,68
64,866,10344368773196267328,65,33,64
64,867,10447451546945709485,65,33,68
64,868,6032287210714908963,65,33,68
64,869,8627735850916122196,65,33,68
64,870,16418092028166072863,65,33,68
64,871,11171445632560985041,65,33,64
64,872,4265452695302053915,65,33,72
64,873,8940407394821411530,65,33,68
64,874,17540167214865635756,65,33,68
64,875,11466616638756395195,65,33,68
64,876,814516686932902521,65,33,64
64,877,13341154742421791403,65,33,72
64,878,17615985984367054099,65,33,68
64,879,14905814497581508330,65,33,68
64,880,14000876334094720309,65,33,68
64,881,15773255773895694742,65,33,68
64,882,5675550240637194307,65,33,68
64,883,578681174440982094,65,33,64
64,884,5825570378775924463,65,33,68
64,885,5343871957464795983,65,33,72
64,886,6107664117672306897,65,33,68
64,887,5276431289456350480,65,33,68
64,888,6314717069677919505,65,33,68
64,889,18130430562648744947,65,33,64
64,890,8586526224884950499,65,33,72
64,891,12647335873202685556,65,33,68
64,892,13229308658698758699,65,33,68
64,893,10002532007555323600,65,33,64
64,894,4864426144904055044,65,33,68
64,895,11297792613355674658,65,33,64
64,896,8698585838154906044,65,33,72
64,897,6994205438083109185,65,33,60
64,898,15157361915745214424,65,33,64
64,899,9701592095924191195,65,33,68
64,900,3191251175142421912,65,33,64
64,901,16045975775231003347,65,33,72
64,902,7966939492065850736,65,33,64
64,903,10393666183364571864,65,33,68
64,904,14548457102429929925,65,33,72
64,905,11161782523359131664,65,33,68
64,906,16277934075009313794,65,33,64
64,907,12024302295812201825,65,33,72
64,908,590677701922626422,65,33,64
64,909,18207136379283390892,65,33,68
64,910,894672647646013530,65,33,72
64,911,13620258836911836093,65,33,68
64,912,4726357850737608208,65,33,68
64,913,15736535995402823559,65,33,64
64,914,8328270161583943349,65,33,68
64,915,15617835965127398016,65,33,64
64,916,8720919912540968185,65,33,72
64,917,18125974366902326867,65,33,68
64,918,11551498325008071909,65,33,68
64,919,4326301728415629822,65,33,68
64,920,1186426093455981729,65,33,72
64,921,14887136138594270522,65,33,72
64,922,15009058909034836196,65,33,68
64,923,16339126189526630581,65,33,68
64,924,14558401807650709405,65,33,68
64,925,15627063575873535972,65,33,64
64,926,9020939381004392288,65,33,68
64,927,13843783974819352985,65,33,68
64,928,10573661317276815295,65,33,68
64,929,180771928807479454,65,33,68
64,930,8317435668263275171,65,33,68
64,931,17107598591307050076,65,33,68
64,932,17968893973856341966,65,33,64
64,933,6893035408967687396,65,33,68
64,934,15886767355966256619,65,33,68
64,935,6656466398745240793,65,33,68
64,936,6657117602359056699,65,33,68
64,937,8341621815092910765,65,33,68
64,938,11557920692855758048,65,33,68
64,939,7364050294622319900,65,33,68
64,940,9251557355831235632,65,33,68
64,941,10878560281025032745,65,33,72
64,942,14326122998391968651,65,33,68
64,943,14910687653861087811,65,33,68
64,944,6824283398576620515,65,33,68
64,945,20548836040022309,65,33,68
64,946,10773169629364095382,65,33,64
64,947,300097162885909795,65,33,68
64,948,9208037952122884327,65,33,64
64,949,16198162204115992768,65,33,64
64,950,11740189548355494824,65,33,64
64,951,11525147196128494470,65,33,72
64,952,7148909783803413604,65,33,72
64,953,16805736524729202647,65,33,68
64,954,28144102279236796,65,33,64
64,955,8009410267071898980,65,33,64
64,956,4128713601897465340,65,33,68
64,957,13679087777691123505,65,33,68
64,958,17873959227215083935,65,33,68
64,959,8514715650125759096,65,33,68
64,960,3865441580782745307,65,33,68
64,961,6134056148574330590,65,33,68
64,962,8282395929273133263,65,33,72
64,963,9469578501926658958,65,33,68
64,964,12266242648366772841,65,33,64
64,965,2344271849161050101,65,33,68
64,966,7895868011833316273,65,33,68
64,967,10053848401305142999,65,33,68
64,968,6253306620113739772,65,33,68
64,969,4507758928170125032,65,33,68
64,970,11520080675307363966,65,33,68
64,971,15464720019749408817,65,33,68
64,972,11694303633648430590,65,33,64
64,973,18394643084697323643,65,33,72
64,974,3048011842301443231,65,33,68
64,975,5916918890136487030,65,33,68
64,976,11535091333655815391,65,33,68
64,977,9996199839449713417,65,33,64
64,978,369163719525648800,65,33,68
64,979,1261145301277560549,65,33,68
64,980,17635805672121910805,65,33,64
64,981,1301096855123399614,65,33,68
64,982,638661489874191081,65,33,64
64,983,7087204024481008511,65,33,64
64,984,8599589312960631132,65,33,68
64,985,11405107838958837571,65,33,64
64,986,433644394180902082,65,33,68
64,987,9961252766151162677,65,33,64
64,988,18082748732852877412,65,33,68
64,989,16338994745564567377,65,33,68
64,990,546481037251366141,65,33,68
64,991,315117396170816451,65,33,68
64,992,12171337648972015954,65,33,68
64,993,11945203544245979091,65,33,64
64,994,3327548353437699858,65,33,68
64,995,8019284280963120636,65,33,68
64,996,3040641725456322292,65,33,72
64,997,4667915069643863989,65,33,72
64,998,15684783893935486220,65,33,64
64,999,9837175330775209875,65,33,68
64,1000,4260338140902759298,65,33,72
64,1001,3096876219393711061,65,33,68
64,1002,6740625374417779883,65,33,68
64,1003,7692110135026155225,65,33,64
64,1004,1913801467614153261,65,33,68
64,1005,15044587922840536704,65,33,68
64,1006,9277785309172939941,65,33,68
64,1007,9201003594895804236,65,33,64
64,1008,1904632895876741325,65,33,68
64,1009,11696619999740599796,65,33,64
64,1010,14228377627874930683,65,33,64
64,1011,13355103561877324351,65,33,68
64,1012,8302661016197778423,65,33,68
64,1013,892770534324058759,65,33,72
64,1014,8342632975662192414,65,33,72
64,1015,17965866263342473084,65,33,64
64,1016,2321531386648205825,65,33,68
64,1017,2738227613042639903,65,33,64
64,1018,7912639453856463335,65,33,64
64,1019,17747217759105186663,65,33,68
64,1020,11935349407677746236,65,33,68
64,1021,3777643112837979280,65,33,64
64,1022,5965773244455634743,65,33,72
64,1023,7381285688354431743,65,33,64
64,1024,701933702989818097,65,33,68
64,1025,2982236181039471585,65,33,72
64,1026,7549531293332152262,65,33,72
64,1027,18096442194805726695,65,33,64
64,1028,5871320820251702459,65,33,60
64,1029,16254980301219076572,65,33,68
64,1030,9067852999108990328,65,33,68
64,1031,8694993439232890410,65,33,68
64,1032,5498918592020386604,65,33,68
64,1033,7390349255299447813,65,33,68
64,1034,10677422820942505626,65,33,72
64,1035,4346839861183600950,65,33,68
64,1036,13488119052609944211,65,33,68
64,1037,1183752821471204052,65,33,68
64,1038,3579833319006705092,65,33,68
64,1039,5948827266083999746,65,33,68
64,1040,5890080415380341701,65,33,72
64,1041,11900689772980673730,65,33,68
64,1042,12942628338764864884,65,33,68
64,1043,3211669867853677015,65,33,68
64,1044,14478787748878546753,65,33,72
64,1045,15795130115917643798,65,33,68
64,1046,4424942775861309478,65,33,68
64,1047,15387170258003457516,65,33,64
64,1048,17840256612999350800,65,33,64
64,1049,1135603132201934958,65,33,64
64,1050,17408019894650470912,65,33,68
64,1051,18005316124021999782,65,33,68
64,1052,9952456465402435018,65,33,64
64,1053,64780927997836695,65,33,64
64,1054,2850713480228428522,65,33,68
64,1055,4366858478402266937,65,33,72
64,1056,1059977076495082694,65,33,72
64,1057,17938196410499700381,65,33,68
64,1058,17237980495469338423,65,33,68
64,1059,4785946151353022513,65,33,64
64,1060,9193230178031278276,65,33,68
64,1061,1776747775792756776,65,33,60
64,1062,12267799753147996192,65,33,68
64,1063,4871276792938024400,65,33,72
64,1064,6920682063616685345,65,33,72
64,1065,163179249024132053,65,33,64
64,1066,5176253028202314451,65,33,68
64,1067,16411206954188649224,65,33,68
64,1068,5951834810247845061,65,33,68
64,1069,4157811572478167788,65,33,68
64,1070,17638150425106417230,65,33,60
64,1071,469474970336913940,65,33,68
64,1072,16429530999907285187,65,33,68
64,1073,8513125073601758191,65,33,68
64,1074,15437824398686371166,65,33,68
64,1075,6876053309121376448,65,33,68
64,1076,9460398256921857799,65,33,64
64,1077,4851921147372011133,65,33,72
64,1078,18369992629805887296,65,33,68
64,1079,11831766265635525656,65,33,64
64,1080,15260582508791213985,65,33,64
64,1081,2437612831783002902,65,33,68
64,1082,3939413174771171374,65,33,68
64,1083,12916732962842963612,65,33,72
64,1084,15896332135813999642,65,33,68
64,1085,13888071706353315739,65,33,64
64,1086,12392675825639888667,65,33,64
64,1087,8699589686218332874,65,33,68
64,1088,4016991450200892418,65,33,68
64,1089,1685598339004521645,65,33,68
64,1090,9312575661306282065,65,33,68
64,1091,16332725789267815301,65,33,68
64,1092,2603476950863316644,65,33,68
64,1093,4683423893883382370,65,33,64
64,1094,14911253477584921061,65,33,64
64,1095,3269608175030572118,65,33,68
64,1096,9268026479023686243,65,33,72
64,1097,5876754380534473875,65,33,72
64,1098,16229374125960039359,65,33,72
64,1099,8030002655302329072,65,33,72
64,1100,12266208798040708432,65,33,64
64,1101,7181962043183702971,65,33,72
64,1102,10896704865737536200,65,33,72
64,1103,185935419721003203,65,33,68
64,1104,3905686325303726454,65,33,64
64,1105,4309676863692544968,65,33,64
64,1106,9889440827165465755,65,33,72
64,1107,3154493852808729784,65,33,68
64,1108,17945651943071146654,65,33,68
64,1109,6708476684180782310,65,33,68
64,1110,13075016437125415908,65,33,68
64,1111,12974138622419366324,65,33,68
64,1112,9469912603916931459,65,33,68
64,1113,5348966021257196380,65,33,72
64,1114,796531269565766607,65,33,64
64,1115,15234519155770375349,65,33,64
64,1116,12022802983888940922,65,33,68
64,1117,6430213001898733956,65,33,68
64,1118,10095305433386113002,65,33,72
64,1119,4816580129937296740,65,33,68
64,1120,7825216051038006489,65,33,64
64,1121,7079416453916207847,65,33,68
64,1122,1133254085558635747,65,33,68
64,1123,7020993105670530625,65,33,64
64,1124,10777162313216335562,65,33,68
64,1125,13460708863266377065,65,33,64
64,1126,8490225945623168699,65,33,68
64,1127,1316937677852441493,65,33,64
64,1128,3133936125760891728,65,33,68
64,1129,642379488956341364,65,33,68
64,1130,16732109731224462438,65,33,64
64,1131,14045509781770876165,65,33,64
64,1132,12638642506580796375,65,33,72
64,1133,8576955159396200021,65,33,64
64,1134,16094739478779745090,65,33,72
64,1135,9695062139971423295,65,33,68
64,1136,7938354134324906020,65,33,64
64,1137,1125404509130202533,65,33,68
64,1138,9762896010158239707,65,33,68
64,1139,9990929412951645636,65,33,64
64,1140,1437221812966067547,65,33,68
64,1141,9137797300256795194,65,33,64
64,1142,1288180045732937620,65,33,68
64,1143,17717434704615810994,65,33,68
64,1144,10158535434027398150,65,33,68
64,1145,1862586687117651575,65,33,68
64,1146,1602303527494994862,65,33,68
64,1147,8773407629809131150,65,33,68
64,1148,11860704833083552064,65,33,68
64,1149,2856380712184176279,65,33,64
64,1150,6157072037617099949,65,33,68
64,1151,5349796671411618015,65,33,68
64,1152,1799843958450065827,65,33,64
64,1153,16039442786093281354,65,33,68
64,1154,2524449648134559549,65,33,68
64,1155,11077159989650637030,65,33,72
64,1156,6614887398686259763,65,33,64
64,1157,12055394019437238490,65,33,76
64,1158,369977913745584679,65,33,72
64,1159,5512657948729353376,65,33,64
64,1160,11228018707881259839,65,33,68
64,1161,16941784542760624760,65,33,68
64,1162,13009291308505722351,65,33,68
64,1163,6511733816559260420,65,33,64
64,1164,15079114054257870633,65,33,68
64,1165,14859958238190104501,65,33,64
64,1166,4889375617356419693,65,33,68
64,1167,3630340813540689427,65,33,64
64,1168,13625548298393544403,65,33,68
64,1169,14428717395333749385,65,33,68
64,1170,3532611597844165527,65,33,68
64,1171,551288844976284647,65,33,72
64,1172,1864335779392644651,65,33,64
64,1173,605204422785025713,65,33,60
64,1174,2291716207295155143,65,33,68
64,1175,2685863235242876213,65,33,68
64,1176,17091517100308909190,65,33,72
64,1177,17561267133235526234,65,33,68
64,1178,6073210483068442730,65,33,68
64,1179,10320739488017070038,65,33,68
64,1180,13801240219364080575,65,33,68
64,1181,1566634040950723574,65,33,68
64,1182,18033257839636897602,65,33,68
64,1183,5732489147559542984,65,33,68
64,1184,3312102497190392675,65,33,68
64,1185,15544044327842710718,65,33,68
64,1186,2050722434994260977,65,33,68
64,1187,2979054272968030407,65,33,68
64,1188,8799376781655383706,65,33,68
64,1189,12374489324168591845,65,33,68
64,1190,13948173216330981341,65,33,72
64,1191,10879000155191183293,65,33,68
64,1192,16278540081816313189,65,33,68
64,1193,3999784064457447913,65,33,72
64,1194,13188772744700035106,65,33,68
64,1195,12865763827682279107,65,33,68
64,1196,18348054558581742757,65,33,68
64,1197,12156520300092536007,65,33,64
64,1198,12239671368550104083,65,33,68
64,1199,6411094671303075268,65,33,68
64,1200,1929417824538681481,65,33,72
64,1201,12616224358202049512,65,33,68
64,1202,16397768554532511220,65,33,72
64,1203,11696506358616058816,65,33,64
64,1204,4745312629967746973,65,33,64
64,1205,9291435774361404366,65,33,72
64,1206,3525346687557658172,65,33,68
64,1207,1778533630390624969,65,33,64
64,1208,13423201334394234908,65,33,64
64,1209,12701010835993674070,65,33,68
64,1210,2706973332565733272,65,33,60
64,1211,3341064174535133635,65,33,68
64,1212,8469386697218206435,65,33,64
64,1213,5146512724819328298,65,33,68
64,1214,15008644718961014182,65,33,68
64,1215,10083696844420019191,65,33,64
64,1216,5382135845959989371,65,33,68
64,1217,3234761982656590540,65,33,68
64,1218,4015825595287869878,65,33,68
64,1219,592366480151522233,65,33,68
64,1220,8480984756798770262,65,33,72
64,1221,17280936776968160945,65,33,68
64,1222,15293206536630552694,65,33,68
64,1223,2853937172084139072,65,33,72
64,1224,4996848241447503490,65,33,68
64,1225,6631744419772289821,65,33,68
64,1226,13677029162945774248,65,33,64
64,1227,1313480587964071152,65,33,72
64,1228,6821821884447749808,65,33,68
64,1229,9154835881179572521,65,33,68
64,1230,1283452176689530594,65,33,64
64,1231,2700135967895577698,65,33,68
64,1232,11907847915669226095,65,33,68
64,1233,9764766924423035553,65,33,68
64,1234,2238294665057024166,65,33,64
64,1235,12121593454570421918,65,33,68
64,1236,4812648062558612383,65,33,68
64,1237,8837417670085592568,65,33,68
64,1238,14483970951930139186,65,33,64
64,1239,11698411005031090484,65,33,64
64,1240,6131239179086154450,65,33,68
64,1241,7990364277023508464,65,33,72
64,1242,4504778460682419135,65,33,72
64,1243,4045545239030351151,65,33,68
64,1244,14632221088640530925,65,33,68
64,1245,9686696641535973389,65,33,68
64,1246,15935983053627497295,65,33,68
64,1247,8536732724866752618,65,33,68
64,1248,10973366878660942198,65,33,68
64,1249,5711941231834332741,65,33,68
64,1250,12078958199457944030,65,33,68
64,1251,9794756668715997128,65,33,64
64,1252,14470887962165875650,65,33,68
64,1253,1299868319934619378,65,33,64
64,1254,17611585927248554720,65,33,72
64,1255,12412774949353388824,65,33,68
64,1256,17774926681749370121,65,33,64
64,1257,5084144726984949296,65,33,68
64,1258,15847989200402866429,65,33,64
64,1259,314011690949538342,65,33,68
64,1260,15441314385320815868,65,33,68
64,1261,12826305755205074261,65,33,68
64,1262,2035635986740718694,65,33,68
64,1263,8844162534646431573,65,33,68
64,1264,11723233384450098161,65,33,68
64,1265,13237472541261718354,65,33,68
64,1266,12033826657296888196,65,33,64
64,1267,13831829326726906768,65,33,68
64,1268,3223767459078609329,65,33,68
64,1269,10971215819331471524,65,33,68
64,1270,4769970469558055398,65,33,68
64,1271,10129501498617708573,65,33,68
64,1272,14492473848319197302,65,33,64
64,1273,16999594383516893922,65,33,68
64,1274,1710721276792461836,65,33,68
64,1275,5359731891847206264,65,33,68
64,1276,6384505363799796282,65,33,64
64,1277,6610177245921531873,65,33,68
64,1278,14733531860246949002,65,33,68
64,1279,13551628062714207605,65,33,68
64,1280,5355199850973499016,65,33,68
64,1281,4601902866805069073,65,33,68
64,1282,16230232288992615997,65,33,64
64,1283,17471602835582638950,65,33,64
64,1284,6006146879115153109,65,33,68
64,1285,12527236308863450878,65,33,64
64,1286,6025880249136100688,65,33,64
64,1287,655770995266572104,65,33,68
64,1288,9496213491298604962,65,33,64
64,1289,11596189884811341741,65,33,68
64,1290,1673625407294978712,65,33,68
64,1291,716114980490112482,65,33,72
64,1292,7531297261905989700,65,33,68
64,1293,5513202404347709419,65,33,72
64,1294,17927749852748117046,65,33,68
64,1295,10776067683376145812,65,33,68
64,1296,8617900008159205935,65,33,64
64,1297,55826448590422802,65,33,64
64,1298,13950695502314488337,65,33,68
64,1299,11730189600890661481,65,33,72
64,1300,12581194499450520081,65,33,68
64,1301,13232018791750124689,65,33,68
64,1302,11085643575601104552,65,33,68
64,1303,8389432968157249958,65,33,68
64,1304,9890132643639031945,65,33,72
64,1305,10021551186230584475,65,33,68
64,1306,14991523333470936464,65,33,68
64,1307,13313239723199404909,65,33,68
64,1308,14239109256118335021,65,33,68
64,1309,12592539794022342592,65,33,68
64,1310,6720838264748957028,65,33,68
64,1311,9297565577687624720,65,33,60
64,1312,14978546254356277203,65,33,64
64,1313,457409879521260417,65,33,68
64,1314,6215631417931082668,65,33,68
64,1315,2459450731392749554,65,33,68
64,1316,10923213304203700542,65,33,68
64,1317,6954141733876066604,65,33,64
64,1318,6316080211443907979,65,33,68
64,1319,10206289640627077431,65,33,68
64,1320,13445897757837076117,65,33,68
64,1321,11614124527539570788,65,33,68
64,1322,15939920949707376731,65,33,72
64,1323,7505068020381336492,65,33,68
64,1324,702648978848574782,65,33,64
64,1325,3606240060037066907,65,33,68
64,1326,13754830679142015707,65,33,68
64,1327,16260587151315343197,65,33,72
64,1328,1664879729029623580,65,33,68
64,1329,13912761829957245899,65,33,68
64,1330,17947266518602700090,65,33,64
64,1331,787269507968704547,65,33,68
64,1332,14745516272735024921,65,33,68
64,1333,16951740115871268097,65,33,68
64,1334,16867397534361367596,65,33,68
64,1335,8289677825652115792,65,33,64
64,1336,13864334731904073064,65,33,68
64,1337,8302707118372041462,65,33,68
64,1338,3202981742910232398,65,33,64
64,1339,14696938093382166772,65,33,68
64,1340,368800531970255726,65,33,72
64,1341,9637037089526768313,65,33,68
64,1342,14119237738696273948,65,33,68
64,1343,7120639948769990866,65,33,68
64,1344,14041573833974150655,65,33,64
64,1345,2158741639724734078,65,33,68
64,1346,11951322058333073247,65,33,64
64,1347,13964226727143494348,65,33,64
64,1348,14592016123715680416,65,33,68
64,1349,2367925859270081111,65,33,64
64,1350,14126527129369805124,65,33,64
64,1351,7601083372869306607,65,33,68
64,1352,5837962764352666137,65,33,68
64,1353,8780546146752309137,65,33,68
64,1354,7354537036167608620,65,33,68
64,1355,5782142850948785292,65,33,68
64,1356,17757011153289171296,65,33,68
64,1357,3050638909103602765,65,33,68
64,1358,4800104402182127220,65,33,64
64,1359,15039564685404309782,65,33,72
64,1360,7697584396597756227,65,33,68
64,1361,1613912659281483273,65,33,68
64,1362,3434695719436464058,65,33,72
64,1363,11392025107457384829,65,33,68
64,1364,8667865519167226755,65,33,68
64,1365,3673651661352322748,65,33,68
64,1366,5294973708293598965,65,33,64
64,1367,3489813718005496657,65,33,68
64,1368,6339839971893933239,65,33,68
64,1369,6407775390118403382,65,33,68
64,1370,17543179236302364305,65,33,72
64,1371,12794914828288143080,65,33,68
64,1372,12506891181446587903,65,33,68
64,1373,14361608260374546006,65,33,72
64,1374,11617938391757938596,65,33,68
64,1375,8350354491203516836,65,33,64
64,1376,14947941722966677789,65,33,68
64,1377,15970005549562339796,65,33,68
64,1378,1367232319113068320,65,33,68
64,1379,15287906437773782346,65,33,72
64,1380,11551371262834545031,65,33,64
64,1381,8647301051289802372,65,33,68
64,1382,17482824272208519624,65,33,64
64,1383,4710716588336193545,65,33,72
64,1384,11499171321403044576,65,33,64
64,1385,18240348025240872577,65,33,72
64,1386,11030913362577882890,65,33,64
64,1387,15940922736446585069,65,33,72
64,1388,9601137629839991246,65,33,68
64,1389,17649506763648582658,65,33,64
64,1390,9272077687438026316,65,33,64
64,1391,17388828261671584117,65,33,72
64,1392,15576449687003750139,65,33,68
64,1393,5652843942301417377,65,33,68
64,1394,15296803924658991075,65,33,64
64,1395,13490565105150468842,65,33,68
64,1396,11524873863323457946,65,33,68
64,1397,17143970118851651079,65,33,64
64,1398,219127880234868023,65,33,72
64,1399,9599209233457197469,65,33,64
64,1400,17095756341624948999,65,33,68
64,1401,10380758907357580315,65,33,72
64,1402,6260378353663419353,65,33,68
64,1403,8357193978618226973,65,33,68
64,1404,15307605197927105220,65,33,72
64,1405,7408781048339836385,65,33,68
64,1406,12619728369240763067,65,33,68
64,1407,4074181985915858597,65,33,68
64,1408,14387868691506191924,65,33,68
64,1409,15882159868686175803,65,33,68
64,1410,5615135571148322268,65,33,68
64,1411,4630208464294792423,65,33,64
64,1412,870078514369339075,65,33,64
64,1413,4937458625073666085,65,33,64
64,1414,11047359579210368218,65,33,64
64,1415,12603253287153344515,65,33,64
64,1416,7321650305856307795,65,33,68
64,1417,14325788292630326853,65,33,68
64,1418,9604809476875137116,65,33,68
64,1419,6865390096186028590,65,33,64
64,1420,17117062206659406233,65,33,68
64,1421,2429331370346620651,65,33,68
64,1422,8099503190914258676,65,33,60
64,1423,10737872488726038695,65,33,72
64,1424,1125491094983301812,65,33,68
64,1425,8731661986076906543,65,33,72
64,1426,13038679075763492286,65,33,68
64,1427,3316763448528295772,65,33,68
64,1428,17400172308317776398,65,33,68
64,1429,9987906933484303537,65,33,64
64,1430,13563612530713405701,65,33,68
64,1431,11178024093973854340,65,33,68
64,1432,13747243284452489946,65,33,68
64,1433,17967971410555290609,65,33,68
64,1434,17151762817915097657,65,33,68
64,1435,10512356741009139175,65,33,68
64,1436,1245197584056580442,65,33,64
64,1437,14697429668244704085,65,33,64
64,1438,6719806394130546774,65,33,64
64,1439,12697110624280546939,65,33,64
64,1440,5583273354701379898,65,33,68
64,1441,7081743272299960213,65,33,68
64,1442,17244678206184244129,65,33,64
64,1443,7783450963369796757,65,33,72
64,1444,12099652521970419267,65,33,64
64,1445,5528373697048485173,65,33,68
64,1446,12482810501777922624,65,33,64
64,1447,14398985558847341817,65,33,60
64,1448,6488509827992327342,65,33,64
64,1449,8654636285057779476,65,33,68
64,1450,9163917942328560634,65,33,72
64,1451,10578196068962526071,65,33,68
64,1452,5702959012330527219,65,33,72
64,1453,1504196461971324916,65,33,68
64,1454,14011737529901645284,65,33,64
64,1455,13951446540406599225,65,33,64
64,1456,5823477666608655527,65,33,68
64,1457,5289641255733618527,65,33,68
64,1458,16007774186543117383,65,33,64
64,1459,4007176956077458604,65,33,64
64,1460,16893319750000818085,65,33,68
64,1461,15682303183312519769,65,33,64
64,1462,4868057647377101371,65,33,72
64,1463,4651797879560421341,65,33,60
64,1464,10433023778778340843,65,33,72
64,1465,10670430283091545726,65,33,64
64,1466,13875344356596609368,65,33,64
64,1467,2501760142541996655,65,33,64
64,1468,10317010321621892232,65,33,68
64,1469,18063182414993348255,65,33,68
64,1470,3403025253053587910,65,33,64
64,1471,802551353231462433,65,33,68
64,1472,8131554679253904979,65,33,68
64,1473,6782242843370876273,65,33,68
64,1474,8824105809607400545,65,33,64
64,1475,10936401788088651966,65,33,72
64,1476,14015903927862186350,65,33,64
64,1477,9491218378896147380,65,33,68
64,1478,17629061185272545034,65,33,64
64,1479,15574437477435635654,65,33,72
64,1480,15466181499722459341,65,33,72
64,1481,9943603136652382006,65,33,68
64,1482,3449477516381734672,65,33,64
64,1483,2107062787339788497,65,33,68
64,1484,15745691076535942157,65,33,68
64,1485,10702230307601989438,65,33,68
64,1486,17420270405935593113,65,33,64
64,1487,12537695592992031142,65,33,68
64,1488,8449436496915637496,65,33,64
64,1489,13483151193273445067,65,33,68
64,1490,8073449329256601609,65,33,68
64,1491,13544836053005453475,65,33,76
64,1492,1376203153339299394,65,33,68
64,1493,12710715421683603951,65,33,68
64,1494,10192484133031396309,65,33,68
64,1495,13662962068867787699,65,33,68
64,1496,17725184325757465339,65,33,72
64,1497,6773189219538709163,65,33,68
64,1498,8338244138128796053,65,33,68
64,1499,606251163296260892,65,33,68
64,1500,15545007221986699890,65,33,68
64,1501,3446157600368434855,65,33,68
64,1502,6672615731132417525,65,33,64
64,1503,15897798867243919798,65,33,72
64,1504,12722288263381332104,65,33,68
64,1505,10284277261768347584,65,33,68
64,1506,17205865346805418715,65,33,72
64,1507,3540787295809294025,65,33,68
64,1508,835534143382153483,65,33,68
64,1509,896179367243067218,65,33,72
64,1510,622457783965532922,65,33,68
64,1511,12708580564029093859,65,33,64
64,1512,12150409465938944777,65,33,68
64,1513,18381927236093284307,65,33,68
64,1514,14910881006996661643,65,33,68
64,1515,9126349951663361858,65,33,64
64,1516,6523823849915945485,65,33,68
64,1517,16836445074693245469,65,33,64
64,1518,17270871077205517727,65,33,68
64,1519,4123793337294368462,65,33,68
64,1520,239145744007408498,65,33,68
64,1521,4101914153736808923,65,33,68
64,1522,3451851187376314778,65,33,68
64,1523,990897271240741997,65,33,68
64,1524,746525598545967420,65,33,64
64,1525,8672060064889209836,65,33,72
64,1526,14436414684987118331,65,33,72
64,1527,2282713933949630528,65,33,72
64,1528,4814339649833165565,65,33,68
64,1529,16250963885150448788,65,33,64
64,1530,9332407719465597317,65,33,68
64,1531,13417886752580844625,65,33,68
64,1532,9813103628979865561,65,33,68
64,1533,3122302639429033476,65,33,68
64,1534,12482776994429419267,65,33,76
64,1535,13315895254741192845,65,33,68
64,1536,5375301645390016455,65,33,68
64,1537,16146070384507781946,65,33,68
64,1538,12327837556394596238,65,33,64
64,1539,16087551242147497980,65,33,68
64,1540,13645375223397364506,65,33,64
64,1541,15907046045764787443,65,33,64
64,1542,5242494565340949075,65,33,68
64,1543,16155085584996946446,65,33,72
64,1544,11317085580783668645,65,33,64
64,1545,13172656918711049121,65,33,68
64,1546,6606428621263099322,65,33,64
64,1547,682666487520664561,65,33,68
64,1548,1518854986177489260,65,33,64
64,1549,13861174137714004295,65,33,68
64,1550,4664052486651495297,65,33,64
64,1551,14688582956649818894,65,33,72
64,1552,9879521971406781948,65,33,68
64,1553,2552244611064092408,65,33,64
64,1554,6386681591265895737,65,33,72
64,1555,8742167326423596226,65,33,68
64,1556,10029374622345350844,65,33,68
64,1557,8660046860274838151,65,33,76
64,1558,16134328136800449282,65,33,64
64,1559,8751481105480628997,65,33,68
64,1560,6472692958585935009,65,33,68
64,1561,8602559822104139932,65,33,72
64,1562,3053793579826726065,65,33,68
64,1563,14938337540367982700,65,33,72
64,1564,14331929878113235275,65,33,68
64,1565,4887284669837339980,65,33,64
64,1566,926648876945032078,65,33,68
64,1567,8622219520721647377,65,33,64
64,1568,16680807126356866991,65,33,68
64,1569,13663157321705699405,65,33,72
64,1570,6590716822350732182,65,33,72
64,1571,9903601085554780177,65,33,64
64,1572,13881688373779901838,65,33,64
64,1573,11125591624487993489,65,33,68
64,1574,6257171262322068963,65,33,68
64,1575,11737286339467852,65,33,64
64,1576,11531205213725266326,65,33,72
64,1577,3455361172821089232,65,33,64
64,1578,3381637485874806657,65,33,64
64,1579,917348914578889356,65,33,68
64,1580,17374251268137047613,65,33,72
64,1581,14717148198592545312,65,33,68
64,1582,14332526094562204770,65,33,68
64,1583,16076354420603413644,65,33,72
64,1584,18092243073594442687,65,33,68
64,1585,5657499149155361989,65,33,64
64,1586,10598927215468889176,65,33,68
64,1587,6383872006080250560,65,33,72
64,1588,5145535836534641592,65,33,64
64,1589,15084540465684238647,65,33,68
64,1590,12939470833399986822,65,33,68
64,1591,3610649502854075952,65,33,68
64,1592,3001197725164546641,65,33,72
64,1593,11141394474528875289,65,33,64
64,1594,1052358069007706316,65,33,64
64,1595,15863106444769811557,65,33,68
64,1596,15192826450134537415,65,33,68
64,1597,8469733313096931197,65,33,68
64,1598,17193489615878291643,65,33,68
64,1599,1612190209456080465,65,33,68
64,1600,16459526348354223472,65,33,64
64,1601,6313515596556591531,65,33,68
64,1602,1057424153158477653,65,33,64
64,1603,16720036210901831066,65,33,72
64,1604,10204880435980712382,65,33,64
64,1605,15185185937383675980,65,33,68
64,1606,12488386387495889223,65,33,72
64,1607,6355035028453918223,65,33,68
64,1608,17022087865274907533,65,33,68
64,1609,9447341636679714012,65,33,72
64,1610,3664093745915187754,65,33,68
64,1611,5147533368296848140,65,33,68
64,1612,14650264745067230845,65,33,68
64,1613,12845279279917363569,65,33,64
64,1614,12673740427466975105,65,33,68
64,1615,18041308963005764053,65,33,68
64,1616,724375759267814773,65,33,68
64,1617,9570645230243685137,65,33,68
64,1618,4103295348234376892,65,33,72
64,1619,9575261714959331646,65,33,68
64,1620,13512297845254164401,65,33,68
64,1621,17299196839671488233,65,33,68
64,1622,2343205892053125874,65,33,72
64,1623,5993695847622006544,65,33,72
64,1624,5634672308986260604,65,33,68
64,1625,17513649606553846913,65,33,68
64,1626,3679168010620101993,65,33,64
64,1627,12989282381689707532,65,33,64
64,1628,18290318355014731127,65,33,68
64,1629,6703918306412000556,65,33,64
64,1630,13392614467155193968,65,33,68
64,1631,4787466889446171097,65,33,72
64,1632,998517179427350322,65,33,64
64,1633,1015096115755605074,65,33,76
64,1634,13864284539545832734,65,33,72
64,1635,11301474167904209149,65,33,64
64,1636,11123511045787020161,65,33,68
64,1637,4897374638013463943,65,33,68
64,1638,8456015363883204428,65,33,68
64,1639,5650971360365391143,65,33,64
64,1640,14771486122598447107,65,33,64
64,1641,8640412863523969137,65,33,60
64,1642,10227811815007660958,65,33,64
64,1643,6415713469285864736,65,33,64
64,1644,4186027631857098537,65,33,68
64,1645,16996589522681898336,65,33,64
64,1646,10890586274742480393,65,33,68
64,1647,17100855183619545351,65,33,68
64,1648,6599702585343305557,65,33,64
64,1649,3920298782615056298,65,33,68
64,1650,1594015406292456039,65,33,68
64,1651,3499544454587804149,65,33,68
64,1652,1959024736208488773,65,33,68
64,1653,140749121397856991,65,33,68
64,1654,1674734620502393857,65,33,68
64,1655,15725394743726760935,65,33,64
64,1656,1684325006178734958,65,33,72
64,1657,13510228548221435532,65,33,72
64,1658,15495456577748870375,65,33,68
64,1659,15071603051387425979,65,33,64
64,1660,5408308964753840456,65,33,68
64,1661,10858832705738311561,65,33,64
64,1662,11593874680144494258,65,33,68
64,1663,16172530206006580160,65,33,68
64,1664,13771578698054269635,65,33,64
64,1665,8005230427238175890,65,33,68
64,1666,8463598005299586449,65,33,68
64,1667,3735091755610053718,65,33,68
64,1668,12267539909063706627,65,33,68
64,1669,4031674030060544251,65,33,64
64,1670,16267748137738323277,65,33,68
64,1671,7870235465314802217,65,33,68
64,1672,15630948872879772978,65,33,68
64,1673,13905342425882039982,65,33,68
64,1674,5313149547399534789,65,33,72
64,1675,15823187951335324026,65,33,68
64,1676,4053279314890898861,65,33,72
64,1677,8984026460509660742,65,33,68
64,1678,10600493856267692440,65,33,68
64,1679,15528305569137508313,65,33,68
64,1680,7495454725822931996,65,33,64
64,1681,13538918658677314804,65,33,76
64,1682,2932982652659789442,65,33,64
64,1683,15958587882596183275,65,33,64
64,1684,1874143187005998757,65,33,64
64,1685,7874051911472990108,65,33,68
64,1686,10713097831361820572,65,33,64
64,1687,208558902587972408,65,33,72
64,1688,9726817711884965477,65,33,68
64,1689,17129851236699359182,65,33,68
64,1690,14274572151856835318,65,33,68
64,1691,11441944754368003298,65,33,68
64,1692,9310753870866067691,65,33,64
64,1693,6626294419472962017,65,33,68
64,1694,5603558585215552389,65,33,68
64,1695,7847468557675501409,65,33,68
64,1696,14247825932871543518,65,33,64
64,1697,6584182855517547117,65,33,64
64,1698,18092647021685954519,65,33,68
64,1699,5000712448093200767,65,33,68
64,1700,15621548322726993801,65,33,68
64,1701,11878823866444041476,65,33,72
64,1702,14292712078920944591,65,33,68
64,1703,304782890141404417,65,33,64
64,1704,8254813738088134223,65,33,68
64,1705,12081289860082646594,65,33,72
64,1706,13590415024517776348,65,33,68
64,1707,9790388203634481021,65,33,68
64,1708,6963970055803839563,65,33,64
64,1709,11741843873554962619,65,33,72
64,1710,16667087078557099177,65,33,68
64,1711,7348755892339387815,65,33,72
64,1712,13984612396494636969,65,33,64
64,1713,10766230529701712552,65,33,64
64,1714,15240716461535301398,65,33,68
64,1715,15296289887395904327,65,33,68
64,1716,7627348540409318074,65,33,72
64,1717,17732207845998431783,65,33,68
64,1718,5997424029693758638,65,33,68
64,1719,8328026074236464605,65,33,68
64,1720,10368644462791538640,65,33,72
64,1721,1506490104735058938,65,33,64
64,1722,11639780048063996758,65,33,68
64,1723,6219093905800390404,65,33,68
64,1724,2582497481703902971,65,33,72
64,1725,13830579958771062150,65,33,68
64,1726,11571629852268795118,65,33,68
64,1727,4217424303034529525,65,33,68
64,1728,12286658390926728812,65,33,68
64,1729,15915574688812309994,65,33,68
64,1730,4805130169551558771,65,33,64
64,1731,17744186830008329044,65,33,68
64,1732,11642583794401968725,65,33,68
64,1733,10316296784333847854,65,33,72
64,1734,12723938597830303237,65,33,68
64,1735,3552015723537533416,65,33,64
64,1736,4736417870286936036,65,33,68
64,1737,14437673229118020773,65,33,64
64,1738,9521117589695715994,65,33,68
64,1739,8192615631311046656,65,33,68
64,1740,16626022873178853039,65,33,72
64,1741,447519277170103426,65,33,72
64,1742,9213849737271754681,65,33,64
64,1743,11470760512475620510,65,33,72
64,1744,13654892433034951790,65,33,68
64,1745,9059444476942525139,65,33,64
64,1746,9995664469727929610,65,33,68
64,1747,10060044974821922596,65,33,64
64,1748,8458438591877456461,65,33,68
64,1749,9764700067931198158,65,33,64
64,1750,17499717084250675784,65,33,72
64,1751,10606190218944748191,65,33,68
64,1752,5867871038761166749,65,33,72
64,1753,6347847975019438687,65,33,68
64,1754,5565547803830408549,65,33,68
64,1755,9450033662750026645,65,33,68
64,1756,14116296999352094879,65,33,68
64,1757,14405780037567253337,65,33,72
64,1758,472832340868488834,65,33,64
64,1759,11710681094816613687,65,33,68
64,1760,3301707757334760868,65,33,64
64,1761,4099871844185404068,65,33,64
64,1762,8315315232515828044,65,33,68
64,1763,5024610793301631146,65,33,68
64,1764,10729097439506050424,65,33,72
64,1765,3207296856363407425,65,33,68
64,1766,9706871848738947895,65,33,68
64,1767,15043299813531475399,65,33,68
64,1768,11145587890466033511,65,33,64
64,1769,5495697818414400123,65,33,68
64,1770,301250290433082532,65,33,68
64,1771,768887038502015583,65,33,68
64,1772,2850428139017031859,65,33,72
64,1773,16280556924925069058,65,33,68
64,1774,7003264202627445564,65,33,68
64,1775,6044725249805574278,65,33,68
64,1776,4562189306629973477,65,33,68
64,1777,14883007545518158796,65,33,68
64,1778,1205086090021324514,65,33,68
64,1779,5693146361394204052,65,33,68
64,1780,9182536756787765060,65,33,68
64,1781,13554471283503642370,65,33,68
64,1782,13296529136738628710,65,33,64
64,1783,7261073697141400978,65,33,64
64,1784,11776762033177171170,65,33,72
64,1785,4789995112653423567,65,33,68
64,1786,5399180237964028460,65,33,68
64,1787,8777498186396373003,65,33,64
64,1788,9531037270884054452,65,33,68
64,1789,12445968112569751859,65,33,72
64,1790,9773868394974347270,65,33,68
64,1791,3197042099245380430,65,33,68
64,1792,16629108024962617971,65,33,64
64,1793,1780967892066392227,65,33,68
64,1794,6441460758695860296,65,33,68
64,1795,270848868824394673,65,33,64
64,1796,10143121697280364319,65,33,68
64,1797,16022399704148159167,65,33,64
64,1798,5596399809775226891,65,33,64
64,1799,12294221230576543355,65,33,72
64,1800,1322584297550166799,65,33,68
64,1801,1775486717521704582,65,33,68
64,1802,5819288182953563569,65,33,68
64,1803,3617224905217032703,65,33,64
64,1804,11847952969299936156,65,33,64
64,1805,15551967280881216583,65,33,72
64,1806,4973419175165069098,65,33,68
64,1807,16510231066185177132,65,33,72
64,1808,18152064792366270888,65,33,68
64,1809,17308652984180106456,65,33,68
64,1810,1383070700548511479,65,33,68
64,1811,1618257451848691847,65,33,68
64,1812,14618155202658370921,65,33,68
64,1813,8994762124702998492,65,33,64
64,1814,8192985550038085146,65,33,72
64,1815,8662513768483735033,65,33,64
64,1816,12075745371051402025,65,33,68
64,1817,10709180507470290080,65,33,68
64,1818,6625898876696687718,65,33,68
64,1819,6069430615693855288,65,33,68
64,1820,1908381820479709648,65,33,68
64,1821,13176256271687168560,65,33,68
64,1822,5265713124225610549,65,33,68
64,1823,6705404065920882199,65,33,68
64,1824,1141892479079898798,65,33,64
64,1825,15389837149589635363,65,33,68
64,1826,8753067052796729295,65,33,64
64,1827,2779203710493352609,65,33,68
64,1828,13221600648422109693,65,33,68
64,1829,11132229884948935690,65,33,72
64,1830,3275626923399281173,65,33,72
64,1831,823973090037690682,65,33,68
64,1832,17859593204395198440,65,33,64
64,1833,6648958276977886885,65,33,68
64,1834,15713954976320977979,65,33,64
64,1835,589701247116599882,65,33,72
64,1836,8797274400573698642,65,33,72
64,1837,4196411727439974922,65,33,72
64,1838,3091126209831683507,65,33,68
64,1839,912753810744361047,65,33,68
64,1840,9886438558219307924,65,33,72
64,1841,11307433145242128698,65,33,68
64,1842,15749975823868523768,65,33,68
64,1843,15413744367693481314,65,33,68
64,1844,1766820570884941448,65,33,64
64,1845,8351539450353158417,65,33,64
64,1846,13208572363924227477,65,33,68
64,1847,4435721829544302245,65,33,68
64,1848,16121541781414670286,65,33,68
64,1849,14897822496855931100,65,33,68
64,1850,13660169135052610005,65,33,72
64,1851,16570472308775992887,65,33,72
64,1852,2357775775574019617,65,33,68
64,1853,17351327155541265654,65,33,64
64,1854,7596738723058654276,65,33,68
64,1855,13194946387285759809,65,33,64
64,1856,13612560907070251630,65,33,68
64,1857,16874797874738383595,65,33,68
64,1858,17862068299931936310,65,33,64
64,1859,14144909922286024257,65,33,68
64,1860,16809539343755717394,65,33,68
64,1861,16785613450855913357,65,33,68
64,1862,2070311299956625514,65,33,72
64,1863,10325359101604798158,65,33,64
64,1864,5643005921634849817,65,33,68
64,1865,15736380195117657089,65,33,68
64,1866,5578254987066816416,65,33,72
64,1867,10745637875842578061,65,33,68
64,1868,18280554623455336920,65,33,68
64,1869,4701684241647970902,65,33,68
64,1870,3694782885756169095,65,33,68
64,1871,6987311096240724857,65,33,68
64,1872,14129765371995308338,65,33,64
64,1873,8345637157535893873,65,33,68
64,1874,18437709098278702598,65,33,68
64,1875,13009492355644211130,65,33,64
64,1876,7277554582220575735,65,33,68
64,1877,3606805370433639557,65,33,68
64,1878,7156455016394789091,65,33,72
64,1879,8145571506203910302,65,33,68
64,1880,1009549010491792404,65,33,64
64,1881,4832723066984848061,65,33,68
64,1882,17672664486468687779,65,33,72
64,1883,789392152522733037,65,33,68
64,1884,6760679427700834375,65,33,72
64,1885,15866465096465318643,65,33,68
64,1886,13573103582581940105,65,33,64
64,1887,17396158530737905818,65,33,68
64,1888,9674659294581800728,65,33,68
64,1889,9062726239633795,65,33,72
64,1890,4348954735250423010,65,33,68
64,1891,7613141319405727322,65,33,64
64,1892,4188882363323370107,65,33,64
64,1893,9823999503348733781,65,33,72
64,1894,4010138456882254717,65,33,64
64,1895,18154650989502198951,65,33,64
64,1896,17355319010616915273,65,33,72
64,1897,3202355579903032866,65,33,68
64,1898,7964971305795527100,65,33,72
64,1899,1054285399475140602,65,33,68
64,1900,12801682987976351464,65,33,64
64,1901,18333382499578450986,65,33,68
64,1902,4604963595129402099,65,33,68
64,1903,13029007309920665368,65,33,64
64,1904,3484547912052123340,65,33,68
64,1905,12593015658513301644,65,33,76
64,1906,13302650357925817067,65,33,68
64,1907,15474279060944727341,65,33,68
64,1908,10029297999878322616,65,33,68
64,1909,9727865893526838972,65,33,68
64,1910,3816730191572622764,65,33,72
64,1911,13372990389866234542,65,33,72
64,1912,16787329116057485947,65,33,68
64,1913,11264958885033809637,65,33,64
64,1914,9776200789651922692,65,33,72
64,1915,15377636342764742460,65,33,68
64,1916,99369066093832722,65,33,64
64,1917,14315718178733844763,65,33,68
64,1918,10877209384145482018,65,33,68
64,1919,150637774935410374,65,33,64
64,1920,354547833896195290,65,33,68
64,1921,11011453944696904316,65,33,64
64,1922,17751483778614610839,65,33,68
64,1923,5944675858710576093,65,33,68
64,1924,9067213069924857211,65,33,72
64,1925,2519616261576985948,65,33,68
64,1926,25217911016402374,65,33,68
64,1927,9558642328729033889,65,33,68
64,1928,13821845826550474522,65,33,68
64,1929,4590916511086309176,65,33,68
64,1930,14750601637780276003,65,33,68
64,1931,16135128470358602062,65,33,68
64,1932,1725415490149116878,65,33,68
64,1933,6553568742162966568,65,33,72
64,1934,9274572788382278339,65,33,72
64,1935,17107016872300278982,65,33,68
64,1936,16171132850205514426,65,33,68
64,1937,3186179664317389767,65,33,64
64,1938,68218357168124529,65,33,72
64,1939,14974981085122635947,65,33,68
64,1940,18130589389315896497,65,33,68
64,1941,9647712809223053404,65,33,68
64,1942,9672158154290382474,65,33,64
64,1943,17850521461061102691,65,33,68
64,1944,10393605766793857541,65,33,68
64,1945,12447077766190235598,65,33,72
64,1946,7991651711998309401,65,33,68
64,1947,10198151966996785114,65,33,68
64,1948,10944156593121107572,65,33,64
64,1949,8705152351001958329,65,33,64
64,1950,9402477672699483801,65,33,68
64,1951,18172344631078414812,65,33,68
64,1952,11760066031904497012,65,33,64
64,1953,4400899169376321459,65,33,72
64,1954,15086847719762497061,65,33,68
64,1955,6375433641019723023,65,33,64
64,1956,2951657944647875064,65,33,72
64,1957,15772111576034365865,65,33,68
64,1958,1912396188390332176,65,33,68
64,1959,6965701267619698175,65,33,68
64,1960,13318375558618009447,65,33,68
64,1961,11099003836926264884,65,33,72
64,1962,15907308252864270582,65,33,72
64,1963,2962893943347667070,65,33,68
64,1964,12318654566582359780,65,33,68
64,1965,5919227775921076432,65,33,68
64,1966,2801863775291901287,65,33,68
64,1967,11799807347813172939,65,33,72
64,1968,12094196926760694119,65,33,64
64,1969,4106480407545442459,65,33,68
64,1970,14661530575105471111,65,33,68
64,1971,11214977356038656514,65,33,68
64,1972,13776123124270475594,65,33,68
64,1973,17970189479133551911,65,33,68
64,1974,14775291406587458405,65,33,68
64,1975,378134817877852315,65,33,68
64,1976,6564500147101770520,65,33,68
64,1977,7786560135593327737,65,33,64
64,1978,13667204150746677528,65,33,64
64,1979,9059496872848699988,65,33,68
64,1980,140003500649023418,65,33,68
64,1981,8729846048667438324,65,33,68
64,1982,16108611164489295963,65,33,68
64,1983,6972509903158058479,65,33,68
64,1984,8142601244012009019,65,33,68
64,1985,15131639016528801685,65,33,68
64,1986,4840030824610647912,65,33,72
64,1987,16494999407682407514,65,33,64
64,1988,17435479308968669343,65,33,64
64,1989,7197868244855059734,65,33,64
64,1990,837261100609098173,65,33,68
64,1991,17590530341007808885,65,33,64
64,1992,247133858842114772,65,33,68
64,1993,2990800261181530831,65,33,68
64,1994,12719693314006479750,65,33,68
64,1995,10519872855300465744,65,33,64
64,1996,15814020783347898139,65,33,68
64,1997,11821561170209779577,65,33,68
64,1998,9586357616252801619,65,33,68
64,1999,7919644657195882261,65,33,68
64,2000,14694341795512750746,65,33,68
64,2001,17113428564003295679,65,33,64
64,2002,11744758343837072238,65,33,64
64,2003,7955543705473813216,65,33,64
64,2004,14970679782651080604,65,33,68
64,2005,7486752029244785494,65,33,68
64,2006,7616527971881629819,65,33,68
64,2007,3797548604857380042,65,33,64
64,2008,12964641850149988872,65,33,68
64,2009,3356093704154519531,65,33,68
64,2010,11388643992698529616,65,33,72
64,2011,17930307083513805907,65,33,64
64,2012,11345381308907426460,65,33,68
64,2013,836638169735149062,65,33,68
64,2014,17192704697466964637,65,33,68
64,2015,12970560742651908729,65,33,64
64,2016,12634663927719580927,65,33,68
64,2017,5633868706774530215,65,33,68
64,2018,9899760637481312594,65,33,68
64,2019,235130644553803500,65,33,72
64,2020,4969696983913744323,65,33,68
64,2021,11684364417757559962,65,33,68
64,2022,17424539387576493892,65,33,68
64,2023,17815121158295401440,65,33,68
64,2024,16324561848795568104,65,33,68
64,2025,369170873318017344,65,33,68
64,2026,5241664519339282521,65,33,72
64,2027,2472467280273988042,65,33,64
64,2028,438759992264502958,65,33,68
64,2029,9725409254732409230,65,33,68
64,2030,741536112426940541,65,33,72
64,2031,7269880411388717061,65,33,68
64,2032,12240977917210596954,65,33,64
64,2033,13911640927275592542,65,33,64
64,2034,11029575651376173386,65,33,64
64,2035,13845320334698213158,65,33,72
64,2036,1897487318703335448,65,33,68
64,2037,14531075973640239145,65,33,68
64,2038,1788726411238959304,65,33,68
64,2039,9005788306580746197,65,33,72
64,2040,7305002446502456625,65,33,68
64,2041,5479391205384379586,65,33,68
64,2042,7386625549919089762,65,33,64
64,2043,1969717008850326091,65,33,68
64,2044,11905301779236187003,65,33,72
64,2045,5769421624931121201,65,33,64
64,2046,9053906413258496479,65,33,68
64,2047,2209494011479990854,65,33,68
64,2048,17276054295213941537,65,33,68
64,2049,7701936172680413658,65,33,72
64,2050,13561021889852223359,65,33,68
64,2051,15622391002105288905,65,33,68
64,2052,2420158537469255909,65,33,64
64,2053,1919559157745509063,65,33,68
64,2054,15170484051055105003,65,33,64
64,2055,2270871782677486379,65,33,68
64,2056,9796671795751564238,65,33,72
64,2057,11377451218961698942,65,33,68
64,2058,715829218565830589,65,33,60
64,2059,6799201561093796394,65,33,72
64,2060,9799175411096829535,65,33,64
64,2061,966209546983377928,65,33,68
64,2062,15222535009903634185,65,33,72
64,2063,6374979940216199887,65,33,68
64,2064,6429924132182836545,65,33,72
64,2065,6012705520505399824,65,33,68
64,2066,4790077606125450902,65,33,64
64,2067,13822913381717945365,65,33,72
64,2068,12745318055554108841,65,33,68
64,2069,99455277118291304,65,33,68
64,2070,17077519736410646604,65,33,68
64,2071,9015030248282971400,65,33,64
64,2072,16189294450481963426,65,33,68
64,2073,15911083849885325244,65,33,64
64,2074,12652005005265918927,65,33,68
64,2075,11280299827587928254,65,33,64
64,2076,10968777959076965246,65,33,68
64,2077,8141871522554926411,65,33,72
64,2078,16907937284131527335,65,33,72
64,2079,14572852356965827489,65,33,68
64,2080,8510430314829607401,65,33,68
64,2081,2598958615828050877,65,33,68
64,2082,10576393549545993481,65,33,64
64,2083,18182672918594852404,65,33,68
64,2084,7692270826675158949,65,33,68
64,2085,15339241161940711902,65,33,64
64,2086,853651293044011948,65,33,68
64,2087,2173538550562772143,65,33,64
64,2088,3775568047735149251,65,33,64
64,2089,8399332747131194078,65,33,60
64,2090,17590650630270247332,65,33,72
64,2091,11480627562291108912,65,33,68
64,2092,9481943389235514042,65,33,68
64,2093,12730151182709840299,65,33,68
64,2094,1931995645717738934,65,33,68
64,2095,7402116224993117217,65,33,68
64,2096,7551576400885208831,65,33,68
64,2097,8750893088988129994,65,33,68
64,2098,7835770819153993175,65,33,72
64,2099,17992447708680453576,65,33,68
64,2100,2385190078787890128,65,33,68
64,2101,9619345142014541809,65,33,68
64,2102,16602509553316169167,65,33,68
64,2103,573561914075419437,65,33,68
64,2104,15661087320852442118,65,33,72
64,2105,18311726287644432040,65,33,68
64,2106,9868219383280603932,65,33,64
64,2107,6883384804051590693,65,33,60
64,2108,10709986096329157167,65,33,72
64,2109,8332494403569503344,65,33,68
64,2110,2567277042167648082,65,33,68
64,2111,16126479284867983971,65,33,64
64,2112,4919978017423036147,65,33,68
64,2113,11107205790262418059,65,33,68
64,2114,6174865363946446113,65,33,64
64,2115,9701568724277230856,65,33,68
64,2116,6022135239273611601,65,33,68
64,2117,12678026544127467734,65,33,64
64,2118,5452130787719621789,65,33,72
64,2119,3188164845948934082,65,33,68
64,2120,13276884405362311066,65,33,68
64,2121,7308763147534178211,65,33,68
64,2122,7966566435537132272,65,33,68
64,2123,16908983665235123028,65,33,68
64,2124,12760723619119313762,65,33,68
64,2125,14560779520041401828,65,33,72
64,2126,10854614755465951158,65,33,68
64,2127,1017727748499110729,65,33,72
64,2128,17222437984967782266,65,33,68
64,2129,8195631348148543550,65,33,68
64,2130,14882268280462590533,65,33,64
64,2131,3397007795845663081,65,33,68
64,2132,13977352198964713267,65,33,64
64,2133,2277488179325391170,65,33,68
64,2134,9713390107824084654,65,33,64
64,2135,4993955303498727365,65,33,64
64,2136,16731717101650692857,65,33,64
64,2137,4988311831691046345,65,33,64
64,2138,2030129093148361918,65,33,64
64,2139,12747151204777655852,65,33,68
64,2140,2894073693900931875,65,33,68
64,2141,9958402547561693553,65,33,68
64,2142,17017344784365400091,65,33,68
64,2143,10319155624068781094,65,33,64
64,2144,4712107620535483420,65,33,68
64,2145,18133005232782480640,65,33,68
64,2146,13371561249624093704,65,33,68
64,2147,1537262822057383971,65,33,68
64,2148,17510277036436576484,65,33,68
64,2149,7999090508427317272,65,33,68
64,2150,15915322308823818543,65,33,76
64,2151,15264562135862071605,65,33,68
64,2152,15914168355293577367,65,33,68
64,2153,1834514451764619894,65,33,68
64,2154,18341117778012237626,65,33,68
64,2155,1125818818092586350,65,33,68
64,2156,3267078738556097445,65,33,68
64,2157,6368994442130524055,65,33,68
64,2158,1454661066970045306,65,33,68
64,2159,12806901865936099800,65,33,68
64,2160,16986855752385256665,65,33,68
64,2161,11734063600441835325,65,33,64
64,2162,14343520127122202818,65,33,68
64,2163,15793743552376033790,65,33,72
64,2164,11938567712361114779,65,33,64
64,2165,4463293187088203671,65,33,68
64,2166,7764834660653759298,65,33,64
64,2167,12468231479726849139,65,33,68
64,2168,15639387264248498686,65,33,68
64,2169,18323556855688226513,65,33,72
64,2170,11625635244033092895,65,33,68
64,2171,8017120782620984540,65,33,68
64,2172,1055924897064639677,65,33,68
64,2173,10502308000585270496,65,33,64
64,2174,8451602512907835504,65,33,68
64,2175,10471793050675448782,65,33,64
64,2176,16194078621290791130,65,33,68
64,2177,4189421179782876263,65,33,64
64,2178,10296209009041828310,65,33,68
64,2179,6766411670789794490,65,33,68
64,2180,5704551619850746527,65,33,68
64,2181,10044007603311706946,65,33,72
64,2182,10899050264037321621,65,33,68
64,2183,15758591981259684286,65,33,68
64,2184,14447090408415287579,65,33,64
64,2185,16795917948397682945,65,33,68
64,2186,10439877950567629675,65,33,68
64,2187,15510270502768747799,65,33,68
64,2188,8146263396623231291,65,33,68
64,2189,13133948591721114329,65,33,68
64,2190,13534170458881779826,65,33,72
64,2191,5776258452728075686,65,33,68
64,2192,15092428845772063913,65,33,68
64,2193,7715787399840245050,65,33,68
64,2194,8355404594781023508,65,33,68
64,2195,12448270671090694178,65,33,68
64,2196,7023017011985156941,65,33,68
64,2197,11543613848121867130,65,33,68
64,2198,17276276293452156247,65,33,68
64,2199,1896712738240173066,65,33,68
64,2200,2454399564350520037,65,33,72
64,2201,1955630545748716511,65,33,64
64,2202,14005277317165277504,65,33,72
64,2203,6305609621707915615,65,33,68
64,2204,11191833664628258335,65,33,68
64,2205,6622884044217724840,65,33,68
64,2206,15136678798148845489,65,33,72
64,2207,748450742296786267,65,33,64
64,2208,5110102291511697720,65,33,68
64,2209,5718149762329922778,65,33,68
64,2210,3860659238165569869,65,33,68
64,2211,15097853027202203509,65,33,68
64,2212,2003397034472767561,65,33,68
64,2213,5097068666583401976,65,33,68
64,2214,17695442865467054637,65,33,68
64,2215,18158397782028704490,65,33,68
64,2216,16288301669996989062,65,33,68
64,2217,18267814262486563887,65,33,68
64,2218,12297051278220847030,65,33,72
64,2219,6978578337620466742,65,33,60
64,2220,16256990078522321109,65,33,68
64,2221,14531271304486715583,65,33,68
64,2222,15211906663673275391,65,33,64
64,2223,10644173645109109026,65,33,68
64,2224,17210001879656000022,65,33,68
64,2225,8540749671173700459,65,33,64
64,2226,6330477217711116895,65,33,68
64,2227,4268323993865490663,65,33,68
64,2228,12571255725487086053,65,33,72
64,2229,9175800014579489123,65,33,68
64,2230,6842337660207925628,65,33,68
64,2231,4776833339427739840,65,33,72
64,2232,6406472680792917499,65,33,68
64,2233,9302695503724443339,65,33,68
64,2234,5236035998349820925,65,33,68
64,2235,4597759613124543543,65,33,68
64,2236,6178338632619625618,65,33,68
64,2237,9527157944943153771,65,33,72
64,2238,5135235637796902708,65,33,64
64,2239,5919993252812522280,65,33,68
64,2240,8140421983443541294,65,33,64
64,2241,2290819595866666488,65,33,68
64,2242,12090999316825468018,65,33,64
64,2243,7175002252080459642,65,33,68
64,2244,16453022147620898547,65,33,68
64,2245,17949410220767822716,65,33,68
64,2246,861546784204439330,65,33,68
64,2247,14558998656615026120,65,33,72
64,2248,2247391525108747338,65,33,68
64,2249,15500555154127486623,65,33,68
64,2250,7333098144213372926,65,33,68
64,2251,7210258436080770930,65,33,68
64,2252,3954129603129973805,65,33,68
64,2253,10854391753018614965,65,33,68
64,2254,9463799089296450469,65,33,68
64,2255,12077203687079530066,65,33,64
64,2256,12124536898029277765,65,33,68
64,2257,4303002588250774800,65,33,64
64,2258,454920940560268700,65,33,68
64,2259,7785326161065877018,65,33,64
64,2260,11716458383733008633,65,33,68
64,2261,5359050283940032982,65,33,68
64,2262,12288735404757228655,65,33,68
64,2263,3789364342857322293,65,33,68
64,2264,18065331829659467235,65,33,64
64,2265,3883292768391728737,65,33,64
64,2266,15877630788047842149,65,33,64
64,2267,10102068290151170735,65,33,68
64,2268,11739707187791017708,65,33,68
64,2269,3603392826354503744,65,33,68
64,2270,8175988788017445910,65,33,68
64,2271,9931513936839357738,65,33,68
64,2272,9592488206076855249,65,33,68
64,2273,2145447459440677432,65,33,68
64,2274,10642830116759671011,65,33,68
64,2275,6504123971840505870,65,33,68
64,2276,13003536475046719338,65,33,68
64,2277,8774778221250938231,65,33,68
64,2278,13891654516476653573,65,33,64
64,2279,4739349689630301242,65,33,72
64,2280,9662434057226668650,65,33,68
64,2281,2563678279665589872,65,33,68
64,2282,4604236423189045480,65,33,68
64,2283,9774412313119211150,65,33,68
64,2284,14004963304468067169,65,33,68
64,2285,8240964246174398221,65,33,68
64,2286,6078561493660457243,65,33,68
64,2287,2000428330194079384,65,33,64
64,2288,2961916047059407495,65,33,64
64,2289,3446936022710527625,65,33,72
64,2290,3562087304275859326,65,33,76
64,2291,14473799646392557379,65,33,68
64,2292,14025345317476883855,65,33,64
64,2293,15957157802075754577,65,33,64
64,2294,9421465756493452422,65,33,68
64,2295,15298352093221214954,65,33,68
64,2296,7526635830363739677,65,33,68
64,2297,10901774414901589131,65,33,68
64,2298,7970163856208623060,65,33,64
64,2299,6612153666166165022,65,33,64
64,2300,12927321084894312079,65,33,72
64,2301,18185533041250486786,65,33,64
64,2302,833446890195100792,65,33,68
64,2303,17580422848744400907,65,33,64
64,2304,12239874616314603277,65,33,68
64,2305,12851819593750662819,65,33,68
64,2306,7918387640882571112,65,33,68
64,2307,11331334842321179811,65,33,72
64,2308,13488472826210854217,65,33,68
64,2309,9885224830106081057,65,33,64
64,2310,6492685808966892536,65,33,64
64,2311,6322755680981361990,65,33,68
64,2312,3469702254680393055,65,33,68
64,2313,15895329265770092281,65,33,68
64,2314,18111386742032869642,65,33,64
64,2315,7419837856869905734,65,33,64
64,2316,8849717171585657318,65,33,68
64,2317,3413724157853714599,65,33,72
64,2318,11543625147485076933,65,33,60
64,2319,13882183082275665020,65,33,68
64,2320,11225208478413035836,65,33,72
64,2321,3584252772059944154,65,33,68
64,2322,5304433874048439595,65,33,68
64,2323,7018624549250723617,65,33,68
64,2324,13038556881835260554,65,33,68
64,2325,10709846068598822537,65,33,72
64,2326,11194890322842287078,65,33,68
64,2327,3849762899236680133,65,33,68
64,2328,12153999704598797803,65,33,68
64,2329,456537980795320241,65,33,68
64,2330,17592080338486879968,65,33,68
64,2331,9659162120625233050,65,33,68
64,2332,15308486841570566470,65,33,72
64,2333,9783919366688915038,65,33,68
64,2334,15552490957739295326,65,33,68
64,2335,11843219436207633960,65,33,68
64,2336,9809899709088508058,65,33,64
64,2337,8370499013087791248,65,33,68
64,2338,8830907097570915960,65,33,68
64,2339,18075945540083364760,65,33,68
64,2340,7905084147462574154,65,33,68
64,2341,16255663570116496411,65,33,64
64,2342,12138316528282102246,65,33,64
64,2343,18227881942375097323,65,33,64
64,2344,7565956992741781422,65,33,68
64,2345,13333484414326277927,65,33,68
64,2346,14041972418092799702,65,33,72
64,2347,7283901319376960757,65,33,72
64,2348,12999155942048451930,65,33,64
64,2349,6654665991876963965,65,33,68
64,2350,8446999634151364154,65,33,64
64,2351,13361029334352664420,65,33,68
64,2352,5039386022041757966,65,33,64
64,2353,2892222218350859290,65,33,68
64,2354,1236706302851235159,65,33,68
64,2355,5024890881206234250,65,33,72
64,2356,6727956832268632499,65,33,68
64,2357,12458478413094095225,65,33,64
64,2358,4510754902610812829,65,33,64
64,2359,17817882645231809758,65,33,68
64,2360,5112028681309381030,65,33,72
64,2361,7558331544578778167,65,33,68
64,2362,6725046806715613586,65,33,68
64,2363,10272556421473901588,65,33,64
64,2364,12602809834559623677,65,33,64
64,2365,7976324992871041261,65,33,64
64,2366,6670019694073481532,65,33,68
64,2367,14537699352482967003,65,33,68
64,2368,1621069705837172892,65,33,68
64,2369,6101181902517097466,65,33,68
64,2370,227631030964907432,65,33,72
64,2371,17058852056166175963,65,33,68
64,2372,6196385861847416931,65,33,68
64,2373,7860527692271489228,65,33,68
64,2374,5774776254487593343,65,33,64
64,2375,9114618245554584923,65,33,60
64,2376,546740575603819509,65,33,68
64,2377,6719061200668541868,65,33,68
64,2378,9795500986909053262,65,33,68
64,2379,3834142089555997040,65,33,68
64,2380,17094954089111340450,65,33,64
64,2381,9837365153637647956,65,33,68
64,2382,10354241899550971746,65,33,64
64,2383,15974174326498953706,65,33,64
64,2384,15420437629841436903,65,33,72
64,2385,3518187283451512996,65,33,68
64,2386,18439956020173284646,65,33,72
64,2387,12927113396146681652,65,33,64
64,2388,6605785004031224285,65,33,72
64,2389,10292212104027639236,65,33,68
64,2390,7838016391490069786,65,33,64
64,2391,15282325817209416516,65,33,68
64,2392,16096562997980365207,65,33,72
64,2393,14679766115931316557,65,33,64
64,2394,1831865684074443467,65,33,64
64,2395,4642409572174646244,65,33,68
64,2396,696960178457328171,65,33,68
64,2397,4166064799462540373,65,33,72
64,2398,617056337181665603,65,33,68
64,2399,7892853029515261774,65,33,68
64,2400,6588925058871270177,65,33,68
64,2401,13993654244234881408,65,33,72
64,2402,1842712516491863351,65,33,72
64,2403,15656416541434642403,65,33,68
64,2404,17913373085055106450,65,33,68
64,2405,11403270051746451087,65,33,68
64,2406,5715272911132455832,65,33,68
64,2407,2014960637287315766,65,33,68
64,2408,1032462549398969219,65,33,68
64,2409,15140966535241798348,65,33,68
64,2410,9914573457687260314,65,33,68
64,2411,17417465902628021309,65,33,72
64,2412,7262417706983725444,65,33,68
64,2413,10780256360268036021,65,33,64
64,2414,9608472039143672441,65,33,68
64,2415,10942634443497449427,65,33,68
64,2416,10082823958952492511,65,33,68
64,2417,16163836821030639782,65,33,68
64,2418,1287185159629748815,65,33,68
64,2419,17126091774416050976,65,33,64
64,2420,6173839997586936461,65,33,68
64,2421,6478859156600745618,65,33,72
64,2422,1316204970306145812,65,33,68
64,2423,12187576025087556056,65,33,68
64,2424,10888966753636391978,65,33,68
64,2425,3309507814267511745,65,33,72
64,2426,18170943788194155030,65,33,64
64,2427,9193633927388168217,65,33,68
64,2428,17204968756374502076,65,33,64
64,2429,18324221124817182746,65,33,68
64,2430,260539543610398673,65,33,68
64,2431,10507742267698758028,65,33,64
64,2432,10420259747665758416,65,33,68
64,2433,3631064552379889801,65,33,68
64,2434,5167312357584620566,65,33,68
64,2435,12507599119491636022,65,33,68
64,2436,10881932995758814781,65,33,72
64,2437,2869548503221283757,65,33,68
64,2438,14016183712871799575,65,33,68
64,2439,2350208681866265884,65,33,72
64,2440,13938694572297616412,65,33,68
64,2441,14494358656712757967,65,33,68
64,2442,5359107529614099485,65,33,68
64,2443,845605739007242977,65,33,68
64,2444,3191046208472276295,65,33,68
64,2445,2689376507560797646,65,33,72
64,2446,17725436849825375970,65,33,68
64,2447,8415108713630511932,65,33,68
64,2448,1226244125920463786,65,33,68
64,2449,9051678857097149264,65,33,64
64,2450,1863620379524680062,65,33,68
64,2451,12191927098141232361,65,33,64
64,2452,16399144081859821862,65,33,76
64,2453,8755156367576633498,65,33,64
64,2454,9752919526300476865,65,33,72
64,2455,10306525645330820331,65,33,64
64,2456,18330791529251632153,65,33,68
64,2457,17066815942452080339,65,33,68
64,2458,12706265958155664165,65,33,68
64,2459,10800132506850625273,65,33,68
64,2460,7729710160021486417,65,33,72
64,2461,9500508010873014993,65,33,68
64,2462,1260473252754478672,65,33,68
64,2463,834714619923756800,65,33,68
64,2464,16396607547982917533,65,33,68
64,2465,3637787581075924350,65,33,64
64,2466,952713690843707523,65,33,72
64,2467,7199858170834833254,65,33,68
64,2468,15484078346481843757,65,33,68
64,2469,13427570294006032708,65,33,64
64,2470,7903734904433362863,65,33,68
64,2471,16071877673220388877,65,33,68
64,2472,6010744739235846165,65,33,68
64,2473,13333105034634991033,65,33,72
64,2474,8961904039055997999,65,33,68
64,2475,12221228224847908430,65,33,68
64,2476,16121663091722904139,65,33,68
64,2477,17434606055073086322,65,33,72
64,2478,6692456030043709457,65,33,68
64,2479,2520959491786973590,65,33,68
64,2480,12698016707051379824,65,33,68
64,2481,12387817708629682946,65,33,72
64,2482,5836336793022632462,65,33,68
64,2483,16580404423901391535,65,33,72
64,2484,16920590311619291626,65,33,68
64,2485,3595970249554571364,65,33,72
64,2486,2555831423344641947,65,33,68
64,2487,2543152578169503221,65,33,64
64,2488,10858054657909429374,65,33,68
64,2489,17555361869175444839,65,33,68
64,2490,15506809848867154664,65,33,68
64,2491,17464365224193702916,65,33,68
64,2492,8252710309703816774,65,33,68
64,2493,10525521329962652374,65,33,68
64,2494,8987555737148331582,65,33,64
64,2495,13656965088029734486,65,33,64
64,2496,14428178385616632154,65,33,64
64,2497,2519843297721153951,65,33,64
64,2498,15537839394187177064,65,33,76
64,2499,9306835654222372647,65,33,68
64,2500,5044920607988989582,65,33,64
64,2501,12971251992197590505,65,33,68
64,2502,11146590971875519081,65,33,72
64,2503,14478007428750300561,65,33,68
64,2504,2086470915930505266,65,33,68
64,2505,2387120241777514633,65,33,64
64,2506,14557866749211666502,65,33,72
64,2507,13579049083579414117,65,33,68
64,2508,17933423837270696255,65,33,68
64,2509,13068139319877688934,65,33,64
64,2510,6103553588405057256,65,33,72
64,2511,6123623396387114368,65,33,76
64,2512,11749575595084392498,65,33,68
64,2513,11266064297898436405,65,33,64
64,2514,13459316282922262936,65,33,68
64,2515,1253133855409330133,65,33,68
64,2516,9091688077540580573,65,33,68
64,2517,8173198012082611519,65,33,72
64,2518,392398284048462458,65,33,64
64,2519,11319961034886922200,65,33,68
64,2520,11308303644816257728,65,33,64
64,2521,2097720857509774515,65,33,68
64,2522,167478517374274001,65,33,68
64,2523,15092077193378393370,65,33,64
64,2524,18394019799538538686,65,33,68
64,2525,4575165168086325625,65,33,64
64,2526,10155042218011228466,65,33,72
64,2527,4325852591748632052,65,33,68
64,2528,10047794091653666883,65,33,68
64,2529,8020419092827952262,65,33,64
64,2530,4306054428987298445,65,33,72
64,2531,8640070379286453852,65,33,64
64,2532,3052578911481978029,65,33,68
64,2533,17449692084251560867,65,33,68
64,2534,15205096948339817888,65,33,64
64,2535,9793163780197988590,65,33,72
64,2536,12358051295960025715,65,33,68
64,2537,11016778309622648760,65,33,64
64,2538,12933383527771008904,65,33,68
64,2539,3648875028634431312,65,33,68
64,2540,10468308151704713492,65,33,64
64,2541,9827049420735033600,65,33,64
64,2542,8180632185399877956,65,33,68
64,2543,4869197843525363564,65,33,68
64,2544,4469110970701830198,65,33,64
64,2545,5600477338042637186,65,33,64
64,2546,18116332840346252971,65,33,64
64,2547,9921018126451008891,65,33,68
64,2548,10371882395737037885,65,33,68
64,2549,12181264043423685194,65,33,72
64,2550,11189270832570037874,65,33,68
64,2551,17931476128864346837,65,33,72
64,2552,4892248903041470157,65,33,68
64,2553,11859298172789190263,65,33,68
64,2554,1188943959400137473,65,33,68
64,2555,5020922902365945606,65,33,68
64,2556,1385653017567697347,65,33,64
64,2557,17931885023832434951,65,33,68
64,2558,13772045735213421118,65,33,72
64,2559,5112888185487239193,65,33,64
64,2560,4214607139779888413,65,33,64
64,2561,4669042782552843317,65,33,68
64,2562,12831217315312378333,65,33,68
64,2563,3554658730627925538,65,33,68
64,2564,11599395866756812474,65,33,68
64,2565,7281161878993693755,65,33,68
64,2566,291545595998629773,65,33,72
64,2567,4210238415069190039,65,33,64
64,2568,16647225082773023588,65,33,64
64,2569,9555664022592294442,65,33,64
64,2570,5290185508985129640,65,33,64
64,2571,2899402618011708307,65,33,68
64,2572,11998855694793859911,65,33,68
64,2573,9659745528035932090,65,33,68
64,2574,11911478715522565027,65,33,68
64,2575,15481245074632611312,65,33,68
64,2576,4118423880325053967,65,33,68
64,2577,17410445452445830343,65,33,68
64,2578,17732553080837328237,65,33,68
64,2579,13695997614050500393,65,33,68
64,2580,17045274467564216757,65,33,72
64,2581,2627643347507331918,65,33,72
64,2582,9275701611543837905,65,33,72
64,2583,15366430421068215233,65,33,72
64,2584,1934036248289717304,65,33,64
64,2585,2078020106734260288,65,33,68
64,2586,942642867224522897,65,33,72
64,2587,6910215400983643163,65,33,68
64,2588,7575371819825884798,65,33,72
64,2589,9327909026174172493,65,33,68
64,2590,10265943364072416235,65,33,68
64,2591,10228816479465764145,65,33,68
64,2592,1198445690907029305,65,33,64
64,2593,624007194107832490,65,33,64
64,2594,2180111518896291280,65,33,72
64,2595,2508903025837160164,65,33,68
64,2596,3497545208650453934,65,33,72
64,2597,5641958270357421794,65,33,68
64,2598,2129533312819027197,65,33,64
64,2599,7369332832644362982,65,33,68
64,2600,17860755480263691084,65,33,68
64,2601,7106632580194518191,65,33,68
64,2602,1736976638297187717,65,33,72
64,2603,10550627762785586323,65,33,60
64,2604,9069616765291381013,65,33,68
64,2605,10445108557832885354,65,33,72
64,2606,66353534478685164,65,33,68
64,2607,2850819836017835825,65,33,64
64,2608,2108514625195120855,65,33,64
64,2609,7771051264081776059,65,33,64
64,2610,9828931010936402413,65,33,68
64,2611,4577924871452558052,65,33,68
64,2612,15070466673211555093,65,33,68
64,2613,17380710525045201732,65,33,68
64,2614,3496541915069487923,65,33,68
64,2615,2686655003012479438,65,33,64
64,2616,3159886036230626762,65,33,68
64,2617,9770569347241108469,65,33,68
64,2618,12135563303460998387,65,33,72
64,2619,11127438029475193332,65,33,68
64,2620,14819074044566634504,65,33,68
64,2621,5186834998920910484,65,33,64
64,2622,4337011766928265231,65,33,64
64,2623,10104619086772489085,65,33,64
64,2624,15233650737400738315,65,33,68
64,2625,5359225999098740043,65,33,68
64,2626,10256872574647679402,65,33,68
64,2627,16890030526746357204,65,33,64
64,2628,4266111547615438582,65,33,68
64,2629,16968928246327485047,65,33,64
64,2630,11200987324622829102,65,33,68
64,2631,7172670461485387087,65,33,68
64,2632,10198535657623497887,65,33,64
64,2633,10007838737367969132,65,33,68
64,2634,10932452232086222936,65,33,72
64,2635,6630999283703245608,65,33,68
64,2636,5236472686525597141,65,33,68
64,2637,16047938791626568394,65,33,64
64,2638,16446072095689179739,65,33,72
64,2639,5954742607222586185,65,33,72
64,2640,4545607667158409090,65,33,64
64,2641,1654250742276614106,65,33,68
64,2642,5689757846965585528,65,33,68
64,2643,16909722130564742934,65,33,72
64,2644,1297319406374906218,65,33,68
64,2645,2623537247893281303,65,33,68
64,2646,8848198104203613900,65,33,68
64,2647,10737063809209740142,65,33,64
64,2648,2030947197240565554,65,33,68
64,2649,4566042812049483236,65,33,64
64,2650,2962773077613209156,65,33,64
64,2651,978855028855857328,65,33,68
64,2652,13609875882274124086,65,33,68
64,2653,13032474504912268114,65,33,68
64,2654,3164752673204744886,65,33,68
64,2655,14829557647384866070,65,33,68
64,2656,17488746170790430504,65,33,68
64,2657,16291488195436597772,65,33,64
64,2658,13967973033255718851,65,33,68
64,2659,10413050490944897831,65,33,64
64,2660,16626525839755693110,65,33,64
64,2661,17411403451825900049,65,33,72
64,2662,15119946837692290789,65,33,72
64,2663,6089478640117550160,65,33,68
64,2664,7212261146373626282,65,33,72
64,2665,6991644525500007232,65,33,68
64,2666,10174159931926962655,65,33,64
64,2667,566021125842090488,65,33,72
64,2668,11732112194581010592,65,33,68
64,2669,10869266549054841556,65,33,64
64,2670,11513199602598071935,65,33,68
64,2671,15440984873880650611,65,33,64
64,2672,14398528560511724369,65,33,68
64,2673,10565885096476832298,65,33,68
64,2674,6545539913310560664,65,33,68
64,2675,5227294426898222524,65,33,68
64,2676,6895366239849110009,65,33,72
64,2677,18338470157975336243,65,33,68
64,2678,2927503722359571794,65,33,68
64,2679,1916222168389931670,65,33,68
64,2680,14259895420090459663,65,33,72
64,2681,14206379622279662841,65,33,68
64,2682,11188005744714417870,65,33,68
64,2683,383409677455932083,65,33,72
64,2684,6805577034962105337,65,33,68
64,2685,8994615730453979820,65,33,64
64,2686,14478398228112292640,65,33,64
64,2687,4090721553966575384,65,33,68
64,2688,18122267910306753332,65,33,68
64,2689,7447053721679754904,65,33,64
64,2690,10411277096580912255,65,33,64
64,2691,463618806243496908,65,33,64
64,2692,2431485516108541693,65,33,64
64,2693,15170347943705257135,65,33,64
64,2694,12991437527904089896,65,33,68
64,2695,15915857487875540819,65,33,64
64,2696,669024770706338416,65,33,64
64,2697,1061666851445739018,65,33,64
64,2698,8265225486121104332,65,33,60
64,2699,12820864943495053205,65,33,68
64,2700,6593872439519923377,65,33,64
64,2701,15159213016502961941,65,33,68
64,2702,6707321459493961755,65,33,68
64,2703,18372502042035757568,65,33,72
64,2704,11711336813127011187,65,33,68
64,2705,17760754343945921280,65,33,68
64,2706,5824039862440454253,65,33,64
64,2707,4855648839393260,65,33,72
64,2708,2532982585061777024,65,33,72
64,2709,1580987864690209703,65,33,72
64,2710,847361391503837806,65,33,64
64,2711,8246534726002908711,65,33,64
64,2712,3130497660247933455,65,33,68
64,2713,13372499452765830096,65,33,72
64,2714,11738803833384503302,65,33,68
64,2715,15674215907459905732,65,33,68
64,2716,12152677794633158726,65,33,68
64,2717,7636582942594922954,65,33,68
64,2718,16475852990765644345,65,33,68
64,2719,15401819520040161376,65,33,68
64,2720,9683189216742882764,65,33,68
64,2721,8448439075185867074,65,33,68
64,2722,10465739100042650551,65,33,64
64,2723,5114131709755064752,65,33,68
64,2724,2644829999355915480,65,33,68
64,2725,11383196007185861295,65,33,64
64,2726,14894352160939222538,65,33,68
64,2727,11288297421687364330,65,33,68
64,2728,11524264650523749793,65,33,68
64,2729,16929667675942657443,65,33,64
64,2730,16768233351721930282,65,33,72
64,2731,3742385935764878639,65,33,72
64,2732,15224973839273837616,65,33,64
64,2733,1128790298238142722,65,33,64
64,2734,9610588342561209294,65,33,64
64,2735,14378865383369304715,65,33,72
64,2736,12381138218681740446,65,33,68
64,2737,15653261977010305638,65,33,68
64,2738,14467978787718435191,65,33,68
64,2739,17127909708875274552,65,33,68
64,2740,7907490352912068412,65,33,72
64,2741,14108529857094825588,65,33,68
64,2742,17422528594947845598,65,33,68
64,2743,17559232925563905906,65,33,68
64,2744,6906632234725472591,65,33,68
64,2745,296035044867978481,65,33,64
64,2746,4378675388478390256,65,33,68
64,2747,5819224848174507081,65,33,68
64,2748,13882951624940122282,65,33,68
64,2749,15083829456626791539,65,33,68
64,2750,8370643513007193351,65,33,68
64,2751,8595437070521746212,65,33,68
64,2752,6568994263841937125,65,33,72
64,2753,5458540125481624541,65,33,72
64,2754,13286195575844816116,65,33,68
64,2755,4888238231532097114,65,33,64
64,2756,248161290354371996,65,33,64
64,2757,12363755805795803439,65,33,68
64,2758,13790102224562301834,65,33,64
64,2759,10309586388679245414,65,33,68
64,2760,9673196427880197164,65,33,64
64,2761,830620113382909341,65,33,68
64,2762,18213232531866042129,65,33,68
64,2763,16320834284407588264,65,33,72
64,2764,9324492330561736197,65,33,68
64,2765,9762226692915505416,65,33,64
64,2766,11531313608439459503,65,33,64
64,2767,5059425744177891064,65,33,64
64,2768,11550993941333374982,65,33,64
64,2769,12531316622641434933,65,33,68
64,2770,4516147654351753890,65,33,72
64,2771,1409266632845741510,65,33,68
64,2772,9324003761225925636,65,33,68
64,2773,11881277129449518616,65,33,64
64,2774,3813789988936796391,65,33,64
64,2775,2073314612105970250,65,33,68
64,2776,14453416360355965575,65,33,72
64,2777,1422080841415303607,65,33,64
64,2778,8278976823578277687,65,33,64
64,2779,7588651688305833975,65,33,64
64,2780,7251937968130371138,65,33,64
64,2781,4080720464977610487,65,33,64
64,2782,882036857928617866,65,33,64
64,2783,12115581775236627046,65,33,68
64,2784,12820442915884407103,65,33,68
64,2785,3707512297545113911,65,33,68
64,2786,1229671867756849204,65,33,68
64,2787,3150011741353258097,65,33,68
64,2788,4192487580204730820,65,33,68
64,2789,9968551201177506088,65,33,68
64,2790,18130365903773885181,65,33,72
64,2791,2273626076108658788,65,33,68
64,2792,3854994007306305112,65,33,68
64,2793,10827448224706931256,65,33,68
64,2794,15626267927082872348,65,33,64
64,2795,14519220445306594845,65,33,68
64,2796,7280461667662166502,65,33,68
64,2797,15604455448498967826,65,33,68
64,2798,5818167798362216393,65,33,64
64,2799,16866215753999025334,65,33,68
64,2800,6648268972963090798,65,33,68
64,2801,17633372786191505524,65,33,72
64,2802,10141218555269587834,65,33,64
64,2803,12484991068840732477,65,33,64
64,2804,658052781463719693,65,33,68
64,2805,12127173352130811146,65,33,68
64,2806,5299029722909533183,65,33,68
64,2807,5946185967656555581,65,33,68
64,2808,10719166158585325777,65,33,72
64,2809,8519737932243028692,65,33,68
64,2810,14555272583852246817,65,33,72
64,2811,10843169701663435714,65,33,68
64,2812,376158359862504260,65,33,68
64,2813,10551983430462657427,65,33,68
64,2814,13168430311346452409,65,33,68
64,2815,2019196636212803458,65,33,68
64,2816,5797809926261611873,65,33,68
64,2817,13528607391655926666,65,33,64
64,2818,14479028889826043680,65,33,72
64,2819,1453052705226880256,65,33,68
64,2820,12278007969021722667,65,33,68
64,2821,10498504020347578881,65,33,64
64,2822,7650297129951480911,65,33,68
64,2823,10126010008538228295,65,33,64
64,2824,4635981694788598771,65,33,68
64,2825,5015543285889992435,65,33,64
64,2826,5689344402599223406,65,33,68
64,2827,6645199532127351978,65,33,68
64,2828,3263305272025829041,65,33,64
64,2829,12094343501628867839,65,33,68
64,2830,1129764379514667873,65,33,64
64,2831,18294833490310290685,65,33,68
64,2832,9768550514696007981,65,33,68
64,2833,14167744178316377132,65,33,68
64,2834,12308305886108970943,65,33,68
64,2835,8683742155354084293,65,33,64
64,2836,13127209190076263998,65,33,68
64,2837,12751502888335982416,65,33,68
64,2838,17996285491859336132,65,33,68
64,2839,1428094616536567581,65,33,64
64,2840,6578874895332820634,65,33,68
64,2841,5877936780591828865,65,33,68
64,2842,15247362943690066154,65,33,68
64,2843,1133407899042298627,65,33,60
64,2844,3340664976253080563,65,33,64
64,2845,9257835884430142190,65,33,68
64,2846,14528290585839749940,65,33,68
64,2847,4400179722150152502,65,33,64
64,2848,9606848697010174545,65,33,68
64,2849,16454106100266308914,65,33,68
64,2850,943452656628678502,65,33,68
64,2851,2151728675893629770,65,33,68
64,2852,2133553967259917161,65,33,68
64,2853,12496534246079022461,65,33,64
64,2854,4974757538809543375,65,33,72
64,2855,15381194448461515658,65,33,64
64,2856,17105544241076518897,65,33,68
64,2857,16718001189788101154,65,33,72
64,2858,3817313779994234467,65,33,68
64,2859,2402682467253970855,65,33,68
64,2860,4817994270109477761,65,33,68
64,2861,834703211158669713,65,33,72
64,2862,15888938225895496747,65,33,64
64,2863,8522657225656070388,65,33,68
64,2864,16721739152616503092,65,33,64
64,2865,16182890701350411315,65,33,72
64,2866,1795922986003925940,65,33,68
64,2867,8229682522333966135,65,33,72
64,2868,4696777033186465492,65,33,68
64,2869,11846130567262943416,65,33,68
64,2870,6691158739885527166,65,33,68
64,2871,16180723715795749908,65,33,68
64,2872,297462155433707295,65,33,64
64,2873,12924461830424326042,65,33,68
64,2874,7235852872967461409,65,33,72
64,2875,914531056069769354,65,33,68
64,2876,13974837753606403023,65,33,64
64,2877,10570065653428550503,65,33,60
64,2878,13789603741365870654,65,33,68
64,2879,10638052737523639207,65,33,68
64,2880,17150370031919902596,65,33,68
64,2881,10804090920373768842,65,33,68
64,2882,9192095108913798005,65,33,68
64,2883,10912109747132011129,65,33,64
64,2884,7126594383176296868,65,33,64
64,2885,1762978440743730375,65,33,68
64,2886,4815088872478674023,65,33,68
64,2887,17699204301546834577,65,33,72
64,2888,8826963941368507721,65,33,68
64,2889,12557605590870052315,65,33,72
64,2890,15895394766261041196,65,33,68
64,2891,1541637974520703580,65,33,68
64,2892,15346791311412302986,65,33,68
64,2893,5808801259797009175,65,33,68
64,2894,4018464665264683660,65,33,68
64,2895,10443888431473638295,65,33,68
64,2896,16664204685455761349,65,33,72
64,2897,5946984959587207949,65,33,68
64,2898,10304015288129447296,65,33,68
64,2899,656576648498805371,65,33,64
64,2900,3903903684228762538,65,33,72
64,2901,8979115314195519127,65,33,68
64,2902,11926223429554719189,65,33,68
64,2903,6073298486171020765,65,33,72
64,2904,10588529641147019431,65,33,68
64,2905,5941181300739202569,65,33,64
64,2906,18406400546996398488,65,33,68
64,2907,3176338052497443693,65,33,72
64,2908,15881228403479737579,65,33,72
64,2909,3159458992220344504,65,33,68
64,2910,4433223250496623516,65,33,68
64,2911,10927863838912511301,65,33,68
64,2912,12243755956478640102,65,33,68
64,2913,17095516324302853924,65,33,68
64,2914,5589003982677597606,65,33,72
64,2915,2513784579835390426,65,33,72
64,2916,5089509486135029258,65,33,72
64,2917,14081455517592194085,65,33,68
64,2918,325712222161689560,65,33,68
64,2919,11764680035459434428,65,33,68
64,2920,4661635007219393168,65,33,68
64,2921,8633753398495912968,65,33,68
64,2922,3637606540484887141,65,33,64
64,2923,6756657638348268584,65,33,60
64,2924,6361837930760368545,65,33,68
64,2925,16720006791029018133,65,33,68
64,2926,4534776243613052322,65,33,64
64,2927,17332937550471844914,65,33,64
64,2928,11079784457114238101,65,33,68
64,2929,10727428099913009829,65,33,68
64,2930,2803762087610892186,65,33,68
64,2931,14452195387688197180,65,33,68
64,2932,3073274114991846949,65,33,72
64,2933,17293122226996902621,65,33,68
64,2934,6757026729250237325,65,33,64
64,2935,7332136390604297538,65,33,68
64,2936,12634171990686712006,65,33,68
64,2937,11453334293322946640,65,33,72
64,2938,16437692203485817883,65,33,68
64,2939,11552068386949255574,65,33,68
64,2940,7259378201059253014,65,33,68
64,2941,2202665853157615137,65,33,64
64,2942,11522831989625582981,65,33,64
64,2943,12027176914039296154,65,33,72
64,2944,13969671381509714326,65,33,72
64,2945,16202927357431787770,65,33,68
64,2946,7284718297897361522,65,33,68
64,2947,14361488763933451111,65,33,68
64,2948,13687832021320335668,65,33,68
64,2949,4339259598150327519,65,33,64
64,2950,13310949292287700454,65,33,72
64,2951,316432546358030991,65,33,72
64,2952,15342522039232808400,65,33,64
64,2953,13134012913355160861,65,33,68
64,2954,16737027473792978872,65,33,68
64,2955,5011739914825483549,65,33,68
64,2956,15790004994535584929,65,33,68
64,2957,14665500615639603776,65,33,64
64,2958,5891026505622699584,65,33,68
64,2959,16103645247643351829,65,33,68
64,2960,1467382432336933134,65,33,72
64,2961,16874286087994236983,65,33,68
64,2962,6005688505542961469,65,33,68
64,2963,8025901836382114950,65,33,68
64,2964,7802243495260315256,65,33,68
64,2965,15357979946664752605,65,33,68
64,2966,9603627069109282828,65,33,64
64,2967,8732607481906329916,65,33,72
64,2968,481324453354932610,65,33,68
64,2969,10854735034278253166,65,33,68
64,2970,18428390258331095614,65,33,68
64,2971,7695124748546504190,65,33,68
64,2972,3776683781691509112,65,33,68
64,2973,3907086615900984361,65,33,60
64,2974,10557993302602513159,65,33,68
64,2975,10270892956721889134,65,33,64
64,2976,15625526350089222246,65,33,68
64,2977,6997396813258182909,65,33,68
64,2978,17057573520084163980,65,33,68
64,2979,14262353311490170180,65,33,64
64,2980,17193447162267696835,65,33,72
64,2981,10954916492394138331,65,33,72
64,2982,9745567787525628063,65,33,68
64,2983,795324910059557283,65,33,68
64,2984,908811560059409336,65,33,68
64,2985,11171802358789951966,65,33,68
64,2986,2909250605132093764,65,33,68
64,2987,14897593749384509454,65,33,76
64,2988,16252359687415710306,65,33,68
64,2989,13147041194016404834,65,33,64
64,2990,8140160031018797186,65,33,68
64,2991,11767405501041894966,65,33,68
64,2992,13148105339966296391,65,33,68
64,2993,9190930231237660927,65,33,68
64,2994,6311421383510424398,65,33,68
64,2995,328376961248589731,65,33,68
64,2996,7053462190197867257,65,33,72
64,2997,380047825808044561,65,33,68
64,2998,9076402487354217750,65,33,68
64,2999,10491207029607197811,65,33,68
64,3000,13061633998291571054,65,33,64
96,1,15669104545749884584,97,49,96
96,2,15743907405856749135,97,49,104
96,3,1868457766167457546,97,49,104
96,4,13716791889212619328,97,49,100
96,5,6801869302684618474,97,49,104
96,6,9642641671257745731,97,49,100
96,7,2833569708535604150,97,49,100
96,8,17589108102452850949,97,49,96
96,9,5321962232755893393,97,49,100
96,10,14011419624998442494,97,49,100
96,11,10335280106359628927,97,49,100
96,12,3411569225045471042,97,49,104
96,13,1244668666773765500,97,49,100
96,14,4557485020766996861,97,49,100
96,15,2747729562754204983,97,49,104
96,16,4156204693368415101,97,49,104
96,17,14470247127095280328,97,49,104
96,18,4637660811093438653,97,49,100
96,19,741503631005434462,97,49,104
96,20,18435418645623138288,97,49,104
96,21,5935865148073742878,97,49,104
96,22,13588255990790993215,97,49,100
96,23,17099805480101595720,97,49,100
96,24,7231915201008822990,97,49,104
96,25,6109682741873553022,97,49,104
96,26,12593208888999354785,97,49,100
96,27,15465565100785735976,97,49,100
96,28,13402794140098180413,97,49,104
96,29,3707867490279381141,97,49,104
96,30,16106894037310359805,97,49,100
96,31,821489151691954733,97,49,104
96,32,13717630780788668599,97,49,104
96,33,13340497973891964808,97,49,100
96,34,15319587190635831708,97,49,104
96,35,1762269925516023392,97,49,100
96,36,4629060666202580895,97,49,96
96,37,7655475231229989557,97,49,100
96,38,711942884514073744,97,49,100
96,39,13868451764280886484,97,49,100
96,40,3252734087193976089,97,49,100
96,41,81836086920172619,97,49,104
96,42,9409784521285395477,97,49,96
96,43,4387183480327741501,97,49,100
96,44,18083523964524970878,97,49,100
96,45,17964072464468531497,97,49,100
96,46,13388477648078831968,97,49,104
96,47,10572087631210558999,97,49,104
96,48,15939269052139554073,97,49,104
96,49,9180459952102185972,97,49,104
96,50,14344406902216622032,97,49,100
96,51,8830744520830427259,97,49,100
96,52,15433943842081268074,97,49,104
96,53,15082489263489260948,97,49,100
96,54,13690708679450765925,97,49,104
96,55,7939271619828876715,97,49,104
96,56,16000537149361490794,97,49,100
96,57,6514481423615734245,97,49,100
96,58,6716098930409614648,97,49,104
96,59,10010835153868828975,97,49,100
96,60,7611036861816396899,97,49,100
96,61,3653588016452534666,97,49,100
96,62,10355826238737653144,97,49,100
96,63,9829245213961518701,97,49,104
96,64,8042186694323271330,97,49,108
96,65,16948948109462252746,97,49,104
96,66,12939208427892306764,97,49,100
96,67,4829536190025886258,97,49,100
96,68,2387466352347618674,97,49,100
96,69,2027861469767320978,97,49,100
96,70,1111570909918574714,97,49,100
96,71,17105695120029590282,97,49,100
96,72,13633151704127596682,97,49,100
96,73,17724593522096351750,97,49,104
96,74,2640347417067968676,97,49,100
96,75,12977242633055673276,97,49,100
96,76,16717476192595861610,97,49,104
96,77,1967004051615625631,97,49,104
96,78,1168245930134624728,97,49,100
96,79,4723553598051600457,97,49,104
96,80,2735392404162699052,97,49,96
96,81,13066931111319491994,97,49,104
96,82,8107812560338218131,97,49,104
96,83,1528219616456590162,97,49,96
96,84,15096073606458308037,97,49,100
96,85,2045248108192097051,97,49,100
96,86,15823684911418215013,97,49,100
96,87,11851107214405628687,97,49,100
96,88,8378122051524458524,97,49,100
96,89,11137277645961220444,97,49,104
96,90,16886724083579058228,97,49,104
96,91,6462008932145982890,97,49,100
96,92,6840183709459509363,97,49,96
96,93,2057241756570770681,97,49,100
96,94,16350632157790799715,97,49,100
96,95,18122043772998088267,97,49,100
96,96,13308094449396110293,97,49,100
96,97,6176545490644468750,97,49,100
96,98,5146443574426536918,97,49,100
96,99,10107315567408370506,97,49,100
96,100,18012026420842808019,97,49,100
96,101,12195317123763019885,97,49,100
96,102,8938364367949525384,97,49,100
96,103,16436523312162758890,97,49,100
96,104,14250696831826528103,97,49,100
96,105,11161991379405947989,97,49,100
96,106,17454984504933443292,97,49,104
96,107,12089497116753808977,97,49,100
96,108,11816139387227191108,97,49,104
96,109,11334471195001616737,97,49,104
96,110,17259397799398991758,97,49,100
96,111,11143633921388066857,97,49,104
96,112,805203230777001869,97,49,96
96,113,5133122532860140862,97,49,100
96,114,9304456561739860131,97,49,100
96,115,5262142655213449223,97,49,100
96,116,13503380307719517802,97,49,100
96,117,16091610954620764562,97,49,104
96,118,5764966580193069181,97,49,100
96,119,14206942704010840501,97,49,100
96,120,11257186320071058542,97,49,96
96,121,16193817296816071564,97,49,100
96,122,12041170248390135203,97,49,100
96,123,15807072064543397707,97,49,100
96,124,11186540906103150322,97,49,96
96,125,14676268868966740000,97,49,96
96,126,12867235275811299532,97,49,104
96,127,1176873551112941157,97,49,96
96,128,11532641339888643402,97,49,104
96,129,1415790569508731146,97,49,104
96,130,335470804609620653,97,49,104
96,131,14096614100553028816,97,49,100
96,132,13928180764934158215,97,49,100
96,133,4949975207599711255,97,49,104
96,134,15901882742417837668,97,49,104
96,135,11257138339941363004,97,49,96
96,136,14530243472966346812,97,49,100
96,137,7111487136770190330,97,49,104
96,138,16950497726349934192,97,49,104
96,139,12416991168026601397,97,49,100
96,140,13885135443189183749,97,49,100
96,141,7857352490111146004,97,49,100
96,142,12205238938315962350,97,49,104
96,143,2406610873556692719,97,49,96
96,144,9904741456744314372,97,49,104
96,145,16610559959359298999,97,49,100
96,146,12615202371381336064,97,49,100
96,147,7289361267932939159,97,49,104
96,148,16836710801228388304,97,49,104
96,149,12344946847007736921,97,49,100
96,150,13928320773661549210,97,49,104
96,151,1683930708036962830,97,49,104
96,152,5651646764693819209,97,49,104
96,153,16430552916470976236,97,49,100
96,154,13020187242611294018,97,49,108
96,155,16793150670873322221,97,49,100
96,156,6468335699983649951,97,49,100
96,157,8511454767265068221,97,49,100
96,158,7742762438793301854,97,49,100
96,159,1540011290289572331,97,49,100
96,160,864369995776123078,97,49,100
96,161,13020363964706328692,97,49,100
96,162,4098276637739508209,97,49,104
96,163,7498674159736994624,97,49,96
96,164,17711278329992040126,97,49,100
96,165,13430712734165915558,97,49,104
96,166,4749645320598361381,97,49,104
96,167,17488477442765736735,97,49,104
96,168,5331802066049357386,97,49,104
96,169,1003392028135116747,97,49,100
96,170,1784076504171562103,97,49,104
96,171,3799874037513628500,97,49,96
96,172,6900230507373249791,97,49,104
96,173,15476903235854356020,97,49,104
96,174,2485146532893006907,97,49,104
96,175,1856170939521470748,97,49,108
96,176,17733503199792503278,97,49,100
96,177,12641310178526939757,97,49,104
96,178,6086875152350259395,97,49,100
96,179,3302113656263128020,97,49,96
96,180,756481949309185260,97,49,100
96,181,17012364242786656742,97,49,100
96,182,11585427928832077489,97,49,100
96,183,3390765857013333120,97,49,104
96,184,15336417606353692478,97,49,100
96,185,1003961169569713958,97,49,100
96,186,14298935220731326227,97,49,104
96,187,12508875265096626742,97,49,104
96,188,12053407702326296503,97,49,100
96,189,5197435412276205788,97,49,96
96,190,4445706266035575282,97,49,100
96,191,9558484456553836218,97,49,100
96,192,15701623997551780802,97,49,100
96,193,1616340429724534667,97,49,100
96,194,10831581818569522491,97,49,96
96,195,11234761085313338577,97,49,96
96,196,14336402990649385325,97,49,100
96,197,2373895392137742813,97,49,104
96,198,5461085388250327063,97,49,96
96,199,13663449217556725789,97,49,96
96,200,5881871780518673026,97,49,100
96,201,11145782855172936966,97,49,100
96,202,9599592184711656070,97,49,100
96,203,8478871254757066213,97,49,100
96,204,7634291069245374911,97,49,100
96,205,13816408406651937876,97,49,96
96,206,6931205640891136395,97,49,100
96,207,10810060975991525411,97,49,96
96,208,10083327308308141938,97,49,104
96,209,10277293362438910807,97,49,96
96,210,1258715559916025725,97,49,104
96,211,16532592687564027138,97,49,104
96,212,2725501883791827121,97,49,100
96,213,9942994208061704362,97,49,96
96,214,1158579039065461937,97,49,104
96,215,13415756422778365903,97,49,100
96,216,12112941874598574178,97,49,96
96,217,16582641177537919387,97,49,104
96,218,6444625152325177439,97,49,104
96,219,12057710434892973215,97,49,96
96,220,14769775324450535061,97,49,100
96,221,8517452980064091944,97,49,104
96,222,16537905004687913643,97,49,100
96,223,7317083369559509058,97,49,100
96,224,5338565526430054007,97,49,100
96,225,16120518230399152859,97,49,100
96,226,4220016824818121590,97,49,100
96,227,5303402535260057369,97,49,100
96,228,12795406922868782120,97,49,100
96,229,10229076161785677652,97,49,104
96,230,2922045225363202608,97,49,104
96,231,6524490413014260628,97,49,100
96,232,6720759243945403750,97,49,100
96,233,5002732803338067079,97,49,108
96,234,4244883505139206278,97,49,100
96,235,6046223336038310109,97,49,104
96,236,1658803886487431307,97,49,104
96,237,6425446884324884582,97,49,96
96,238,9572152053102849758,97,49,100
96,239,2381406095405819465,97,49,100
96,240,17051994784130340002,97,49,108
96,241,12089233343252409748,97,49,100
96,242,7536662821152019508,97,49,104
96,243,14542063610456953754,97,49,104
96,244,1818658172839548577,97,49,100
96,245,7707775897786242999,97,49,104
96,246,7507443650844771419,97,49,96
96,247,16384744775836811456,97,49,100
96,248,12584866017259909750,97,49,100
96,249,9449954244712934551,97,49,104
96,250,3865957100164745938,97,49,96
96,251,3342119369580438386,97,49,104
96,252,14580281988986727038,97,49,96
96,253,12295191740832388547,97,49,104
96,254,12886443531337837740,97,49,104
96,255,606593483530597708,97,49,100
96,256,15854597976027241908,97,49,104
96,257,5423631014501493921,97,49,104
96,258,12059927323128418980,97,49,104
96,259,1408720142480394005,97,49,100
96,260,11780800383330497085,97,49,104
96,261,13897917640587236384,97,49,100
96,262,7130698107998325152,97,49,104
96,263,17599221516877772493,97,49,104
96,264,1305586277313358129,97,49,104
96,265,16519033345646544108,97,49,104
96,266,14644645311509896886,97,49,100
96,267,1278178649710024850,97,49,100
96,268,11264810125834708463,97,49,100
96,269,15930370978315734858,97,49,100
96,270,6661729450847463723,97,49,100
96,271,4100104076315244839,97,49,104
96,272,1853076318789198169,97,49,104
96,273,1710022303347149109,97,49,104
96,274,2191866250251742883,97,49,104
96,275,5027370664181436265,97,49,100
96,276,8568719465269156931,97,49,100
96,277,4453710058867961835,97,49,100
96,278,15836811518834886447,97,49,104
96,279,996094784226245337,97,49,100
96,280,13023703812914083447,97,49,100
96,281,14997784133991370452,97,49,96
96,282,11549683731681751140,97,49,100
96,283,12927158857807532868,97,49,104
96,284,15698825785228251823,97,49,100
96,285,623621500733636850,97,49,100
96,286,479593477922125577,97,49,104
96,287,12078174495699223969,97,49,100
96,288,10073793092491653036,97,49,100
96,289,5940536146095905234,97,49,100
96,290,10213798028227436334,97,49,100
96,291,12554360517802441647,97,49,100
96,292,14782358411166545792,97,49,100
96,293,13472776650322799817,97,49,104
96,294,18178430555056466316,97,49,104
96,295,1352256970582967732,97,49,100
96,296,16570508487314830098,97,49,96
96,297,6566975645425237174,97,49,100
96,298,16453086269776814188,97,49,100
96,299,1635280539031391924,97,49,104
96,300,5973039557342931077,97,49,104
96,301,8091429947082866633,97,49,104
96,302,1352746130778763153,97,49,100
96,303,15837335627393920363,97,49,104
96,304,5698491950217492685,97,49,104
96,305,3527130706802678690,97,49,96
96,306,6952209117866206058,97,49,104
96,307,3549403165544643044,97,49,104
96,308,13216818667315064371,97,49,96
96,309,9669242935051553896,97,49,100
96,310,2973913172629184701,97,49,100
96,311,17464715790053868621,97,49,96
96,312,17749677521190020743,97,49,100
96,313,4093882909934256538,97,49,100
96,314,4226476337907819952,97,49,100
96,315,180251905691716234,97,49,96
96,316,4420284127793737644,97,49,100
96,317,5356881494626805812,97,49,100
96,318,14828331765367646247,97,49,100
96,319,4679177443976539197,97,49,104
96,320,12837920730943636649,97,49,104
96,321,14497176559872006285,97,49,100
96,322,14883088481014181939,97,49,104
96,323,5733471832408277105,97,49,100
96,324,4703162350632000517,97,49,96
96,325,14323496399081639678,97,49,104
96,326,3113427407226784973,97,49,104
96,327,17075441582055526080,97,49,100
96,328,48568497066435482,97,49,100
96,329,5514418810489122722,97,49,100
96,330,17972835700571342539,97,49,100
96,331,3186341433701691263,97,49,100
96,332,1959532043593868154,97,49,100
96,333,6587657933111052211,97,49,104
96,334,12145572248988047954,97,49,104
96,335,14088852958635561170,97,49,104
96,336,16325454858827928789,97,49,100
96,337,12210929752372489173,97,49,104
96,338,13290323832748002316,97,49,100
96,339,1714864429797385707,97,49,104
96,340,16658320174985424206,97,49,104
96,341,16115139144896576969,97,49,104
96,342,10660746082634894788,97,49,104
96,343,6193884601736605018,97,49,104
96,344,16250948464463110453,97,49,100
96,345,5340361535880295484,97,49,100
96,346,5170017045994839231,97,49,100
96,347,5610385417457472527,97,49,104
96,348,12327436470255179430,97,49,96
96,349,11697940074024399385,97,49,104
96,350,14859202927008600694,97,49,104
96,351,1058055213817240672,97,49,104
96,352,2528941485204174728,97,49,104
96,353,4938925151054512056,97,49,104
96,354,7956247203175545115,97,49,104
96,355,16236482664571043680,97,49,96
96,356,17141726237073347180,97,49,104
96,357,8359406570052836304,97,49,104
96,358,14944882554720624576,97,49,100
96,359,15287042848078080618,97,49,100
96,360,15833903069141216236,97,49,104
96,361,7018649562709793877,97,49,104
96,362,7173961784887668801,97,49,104
96,363,8143251785015603216,97,49,100
96,364,11063914146253218250,97,49,104
96,365,2009419748543093262,97,49,104
96,366,5976217407199847529,97,49,104
96,367,16630069044319847452,97,49,100
96,368,12814794782991727338,97,49,104
96,369,7964147330874090604,97,49,108
96,370,13312327695860626510,97,49,100
96,371,7571486091197556431,97,49,100
96,372,18112676459837934266,97,49,100
96,373,850691517917855313,97,49,96
96,374,7955241673586759592,97,49,104
96,375,13379162260803790097,97,49,104
96,376,7959229238331573253,97,49,100
96,377,403404676711099658,97,49,100
96,378,4936358269266824764,97,49,100
96,379,7363530274549951317,97,49,108
96,380,6256951536305617826,97,49,104
96,381,8307965484414226453,97,49,104
96,382,237067159846697490,97,49,104
96,383,11838895946515587916,97,49,100
96,384,15723305775219345312,97,49,104
96,385,5280648378964061094,97,49,96
96,386,7807955068725020980,97,49,100
96,387,4319509804259163664,97,49,100
96,388,1828185089088063818,97,49,100
96,389,9106223535895587003,97,49,104
96,390,12892007043856259052,97,49,100
96,391,5288585332374464506,97,49,100
96,392,8635699920401207520,97,49,100
96,393,4637466732959428558,97,49,104
96,394,4526521092351012580,97,49,104
96,395,15381327767758187539,97,49,100
96,396,16479373518929293409,97,49,104
96,397,15523433405261585396,97,49,100
96,398,14071864651410632858,97,49,104
96,399,13578617199174488056,97,49,100
96,400,7085867812428316001,97,49,104
96,401,15753520480983822471,97,49,100
96,402,16529024610729988368,97,49,104
96,403,748665965153438033,97,49,100
96,404,12395360216692764821,97,49,104
96,405,10242372785908224730,97,49,108
96,406,1654764111306934212,97,49,104
96,407,12284765003014283274,97,49,100
96,408,3362268602406382435,97,49,100
96,409,7576235436964108921,97,49,100
96,410,11828768078361968640,97,49,104
96,411,8040036524191403805,97,49,104
96,412,9210129547463566843,97,49,100
96,413,2156374890029880705,97,49,104
96,414,8998446524013081274,97,49,100
96,415,14194671395242121506,97,49,100
96,416,8535866979001895066,97,49,108
96,417,12083407919413737994,97,49,108
96,418,9808269372770803289,97,49,108
96,419,11370867546743667342,97,49,104
96,420,8762847797395903372,97,49,104
96,421,10234776378392287462,97,49,104
96,422,6289634832620200523,97,49,104
96,423,18319358871297037174,97,49,100
96,424,10274382436584390366,97,49,100
96,425,675610335122641813,97,49,100
96,426,3408108627337358753,97,49,100
96,427,3495128144118981106,97,49,100
96,428,3713347578131507605,97,49,104
96,429,15683242922240917503,97,49,104
96,430,4163000662208959182,97,49,104
96,431,262962626317486840,97,49,96
96,432,11720887067923856716,97,49,104
96,433,2050336019043042874,97,49,104
96,434,3085980756135302184,97,49,100
96,435,12292748013953828271,97,49,104
96,436,17287952967917372573,97,49,100
96,437,11685046889978920301,97,49,100
96,438,15944979348802459393,97,49,96
96,439,16932009453427596852,97,49,104
96,440,11491572781839885787,97,49,104
96,441,16177341910503562367,97,49,100
96,442,4137822317867595659,97,49,100
96,443,18223249891833139038,97,49,100
96,444,13227620981216898909,97,49,100
96,445,8538931081426436146,97,49,108
96,446,17575756000319319314,97,49,100
96,447,11130113641989195719,97,49,100
96,448,17052996966062665736,97,49,100
96,449,8261829381970263089,97,49,100
96,450,6871534632582204303,97,49,104
96,451,13250189419188962062,97,49,100
96,452,14281191440399532176,97,49,104
96,453,15761788543306942184,97,49,100
96,454,16670275490620945663,97,49,100
96,455,10901561384860912114,97,49,104
96,456,3732571326682405413,97,49,96
96,457,16388922816334025112,97,49,104
96,458,5132087405863301369,97,49,104
96,459,3679234876218472652,97,49,100
96,460,5916745649002376442,97,49,108
96,461,17620986799563479114,97,49,100
96,462,621766189375917340,97,49,104
96,463,150158142658221276,97,49,100
96,464,7055093910499016403,97,49,104
96,465,12900360485438346825,97,49,108
96,466,3374279360139360452,97,49,96
96,467,17510580824377263144,97,49,104
96,468,4497247815095625164,97,49,100
96,469,13778671940912406317,97,49,100
96,470,18352264520873366738,97,49,100
96,471,11394091994658646989,97,49,100
96,472,3135912555384874185,97,49,104
96,473,13664254344361837165,97,49,104
96,474,3162319506971860377,97,49,104
96,475,9046138713143393273,97,49,96
96,476,2828404614092476027,97,49,104
96,477,7962326814582785846,97,49,104
96,478,7254272320138734821,97,49,96
96,479,3425891674324992041,97,49,100
96,480,7103171592143327591,97,49,100
96,481,16431160771396184274,97,49,100
96,482,8824816410854308330,97,49,104
96,483,11161394957110475536,97,49,100
96,484,6658573050399354920,97,49,100
96,485,10337498065587649700,97,49,104
96,486,4857353866297851521,97,49,104
96,487,2185306848494923135,97,49,100
96,488,16536231884632167527,97,49,108
96,489,13441321823676579844,97,49,108
96,490,18301775289405100849,97,49,104
96,491,16240436392871706168,97,49,100
96,492,9298582990068313705,97,49,100
96,493,8229798701279939796,97,49,100
96,494,15900445706145412055,97,49,100
96,495,10661747016030120608,97,49,104
96,496,11921294746663823310,97,49,100
96,497,8899815404400601346,97,49,108
96,498,5216428003222491721,97,49,100
96,499,16644451479884369508,97,49,100
96,500,3373728709182203840,97,49,100
96,501,13736874209964640697,97,49,100
96,502,10099763406121669931,97,49,100
96,503,12342276691278046768,97,49,96
96,504,7409504702499963057,97,49,104
96,505,4568307030629259453,97,49,100
96,506,14975532452091875732,97,49,104
96,507,5062843501663963038,97,49,100
96,508,17193560615006493086,97,49,100
96,509,1874920298014898881,97,49,100
96,510,2550887367108903537,97,49,100
96,511,15997887909500449673,97,49,100
96,512,12923345957122865775,97,49,96
96,513,16694133865217503714,97,49,100
96,514,16342340983075713224,97,49,104
96,515,7429490657762136598,97,49,100
96,516,7480006124294758194,97,49,104
96,517,4513195620269062493,97,49,100
96,518,5099202672138177321,97,49,104
96,519,3466794861328552717,97,49,100
96,520,7838621306585880610,97,49,104
96,521,4860886169020736711,97,49,104
96,522,1985578588855659710,97,49,100
96,523,16081444397375603421,97,49,104
96,524,491892426913256553,97,49,104
96,525,7401323677206520872,97,49,100
96,526,15798005539279370560,97,49,100
96,527,17892709495442894564,97,49,104
96,528,1381462000557350927,97,49,100
96,529,3145800896431508612,97,49,100
96,530,11718974223951692684,97,49,104
96,531,15994933342889800262,97,49,104
96,532,18411966801491248671,97,49,100
96,533,10444531906575543316,97,49,100
96,534,15821656233351755251,97,49,100
96,535,8507289973692623648,97,49,104
96,536,10533684922385122875,97,49,100
96,537,1791614254831906644,97,49,100
96,538,7320935380097335268,97,49,104
96,539,4694582178342444630,97,49,104
96,540,16508232283023341066,97,49,104
96,541,7568168304126086142,97,49,96
96,542,8962525205333890548,97,49,108
96,543,5022911490610745784,97,49,100
96,544,10610606751854117008,97,49,96
96,545,13034010209824805877,97,49,104
96,546,9770419338514709772,97,49,104
96,547,10051948200180208432,97,49,100
96,548,2989006178945940932,97,49,100
96,549,539802922034985438,97,49,100
96,550,16285640375916749018,97,49,104
96,551,9822780274892777778,97,49,104
96,552,18032620390785862887,97,49,100
96,553,10362294275683801025,97,49,100
96,554,15389833194256655157,97,49,108
96,555,2177241879125384464,97,49,100
96,556,6299813919449964155,97,49,104
96,557,15833292337044954475,97,49,100
96,558,14751246330427726738,97,49,104
96,559,11805392588846515895,97,49,100
96,560,3309622432075275331,97,49,104
96,561,1621619513491236170,97,49,96
96,562,17776469568427489637,97,49,100
96,563,7982021002977219857,97,49,104
96,564,3884033618513020689,97,49,104
96,565,452295438682722428,97,49,104
96,566,8787477631090870516,97,49,100
96,567,18048500238715078654,97,49,104
96,568,6148136748453192813,97,49,100
96,569,5868859639320175648,97,49,96
96,570,9094022313192810514,97,49,100
96,571,14863700783322156831,97,49,100
96,572,3998846455037852738,97,49,100
96,573,15762150193566518394,97,49,104
96,574,6919631859335083530,97,49,104
96,575,2217874113953376868,97,49,100
96,576,4089446958966271329,97,49,104
96,577,18159224549793046484,97,49,100
96,578,14793878348326089362,97,49,96
96,579,6646984095246919860,97,49,104
96,580,16970012179988872006,97,49,100
96,581,1190112751715633735,97,49,104
96,582,13210463906748628374,97,49,100
96,583,1932322347901746413,97,49,100
96,584,10232358727538416803,97,49,100
96,585,16439472413427791772,97,49,96
96,586,6788298770461148115,97,49,104
96,587,13605564857331478624,97,49,104
96,588,11934834291102231875,97,49,100
96,589,9006833792789747918,97,49,100
96,590,16956976027458358578,97,49,104
96,591,9850425066548972985,97,49,100
96,592,8668931477212641709,97,49,100
96,593,9245075445789338446,97,49,100
96,594,14683364976455279671,97,49,100
96,595,7823212710298950706,97,49,100
96,596,677318041990072672,97,49,100
96,597,15121994123816683144,97,49,100
96,598,12739654680837869163,97,49,100
96,599,17012352089290193988,97,49,104
96,600,484625673929916087,97,49,100
96,601,14919048895602201326,97,49,100
96,602,8093163956024595514,97,49,104
96,603,6947778125071348494,97,49,100
96,604,8165208049703431978,97,49,100
96,605,8629867851180744014,97,49,104
96,606,12304688854392468837,97,49,104
96,607,7626622626933148831,97,49,104
96,608,11254408649953974425,97,49,104
96,609,5195711426358338379,97,49,100
96,610,5449277616688969962,97,49,100
96,611,10448701412506748130,97,49,96
96,612,5719601793795919135,97,49,104
96,613,11827008275200930857,97,49,100
96,614,11812503562236339293,97,49,104
96,615,16071725582866343071,97,49,104
96,616,1730501408393218597,97,49,104
96,617,4758019607328565411,97,49,104
96,618,14016662221601571376,97,49,104
96,619,5418724420549375657,97,49,96
96,620,6972906940208988344,97,49,100
96,621,7129483745677126848,97,49,104
96,622,9002978866564082383,97,49,104
96,623,4343890636721815161,97,49,104
96,624,4142433116830623465,97,49,100
96,625,17069691465396065295,97,49,100
96,626,9817125992803997733,97,49,100
96,627,5638022270056015959,97,49,104
96,628,3101221458016191248,97,49,100
96,629,4895517618321965339,97,49,104
96,630,13401150421016248217,97,49,100
96,631,10979127405416969785,97,49,100
96,632,16656475729826276275,97,49,100
96,633,2058826545467107849,97,49,104
96,634,7422131922067203352,97,49,96
96,635,7688522196519941057,97,49,104
96,636,37615594923900833,97,49,104
96,637,15471942872902258995,97,49,100
96,638,17641014618313600719,97,49,100
96,639,651505965709163125,97,49,100
96,640,13867485120380050266,97,49,100
96,641,15273487901468632912,97,49,100
96,642,15742999487492297365,97,49,100
96,643,7557075282013270022,97,49,104
96,644,4354152449480273789,97,49,104
96,645,929472576701507607,97,49,100
96,646,8920521368379085250,97,49,100
96,647,7083895803572792433,97,49,108
96,648,9164539167615004168,97,49,104
96,649,5555857752439588583,97,49,100
96,650,6035329237762308727,97,49,100
96,651,1206874677958279867,97,49,96
96,652,2534612971871457111,97,49,100
96,653,9340933616727361101,97,49,100
96,654,9607774337423258427,97,49,104
96,655,12594984953079227845,97,49,104
96,656,5000873416826772610,97,49,100
96,657,7953534965462450450,97,49,108
96,658,13398774160341156747,97,49,96
96,659,276192986192763600,97,49,104
96,660,7006966418632624579,97,49,104
96,661,14180269326060605670,97,49,104
96,662,14183858157486998092,97,49,100
96,663,7018086525198431926,97,49,104
96,664,5518217940495782640,97,49,100
96,665,3813794400884096050,97,49,96
96,666,12093104980528925475,97,49,100
96,667,13823151664406241199,97,49,104
96,668,5849972971054243961,97,49,104
96,669,7951301801938947880,97,49,100
96,670,1711502953463039150,97,49,104
96,671,14982556973273765512,97,49,100
96,672,9724522649798151693,97,49,100
96,673,17753656404693710320,97,49,100
96,674,3027100983016395394,97,49,104
96,675,10625486401429922751,97,49,100
96,676,5389702815358730093,97,49,100
96,677,10127087862270681493,97,49,108
96,678,13397460150175934472,97,49,100
96,679,8362779040220575201,97,49,104
96,680,8086646157311064206,97,49,104
96,681,18263450376687167388,97,49,92
96,682,8139174884077068747,97,49,100
96,683,12454810006235911301,97,49,96
96,684,5297883855120359773,97,49,100
96,685,15438871656153185463,97,49,96
96,686,3126305966538021430,97,49,100
96,687,16966911849656124699,97,49,100
96,688,16787190146335336967,97,49,104
96,689,7839252697585134694,97,49,100
96,690,12994479038416574833,97,49,104
96,691,15572844455207105993,97,49,100
96,692,3845089027206204159,97,49,104
96,693,2317094222052517506,97,49,96
96,694,10264222194731433867,97,49,104
96,695,2579987349555166225,97,49,104
96,696,9826685965891421381,97,49,104
96,697,5787926448926317790,97,49,100
96,698,14303562978260089964,97,49,104
96,699,1172142440362243111,97,49,100
96,700,16883310318808183374,97,49,104
96,701,17043395797693213977,97,49,100
96,702,14156597950758114560,97,49,104
96,703,17675207642315555080,97,49,100
96,704,14942131394415263152,97,49,104
96,705,11230983889537970036,97,49,100
96,706,8820857099378556551,97,49,100
96,707,9513406586622967771,97,49,104
96,708,8077277848191524396,97,49,100
96,709,10457470819445610918,97,49,100
96,710,2164829969359067517,97,49,104
96,711,904737609665062026,97,49,100
96,712,15827598862740439426,97,49,100
96,713,17647729406308307828,97,49,96
96,714,3890510361841858804,97,49,104
96,715,11095462477530044299,97,49,100
96,716,17734765958697045079,97,49,100
96,717,18420406699399666789,97,49,100
96,718,11758931003112725185,97,49,104
96,719,9881146204494678952,97,49,100
96,720,9053637244269560021,97,49,104
96,721,16594280644927533489,97,49,100
96,722,10207809435825330596,97,49,104
96,723,10866683389321513415,97,49,104
96,724,12911119284355919538,97,49,104
96,725,709950225091406287,97,49,104
96,726,12058802592776119548,97,49,104
96,727,5400129095536977364,97,49,100
96,728,18254802364532446514,97,49,104
96,729,14307448070474652221,97,49,100
96,730,9318900186836856505,97,49,100
96,731,3172663473583471145,97,49,100
96,732,5826217453848427907,97,49,104
96,733,2255628197022442537,97,49,96
96,734,15952489065254060384,97,49,104
96,735,11795188239096526315,97,49,100
96,736,1692385470727385064,97,49,104
96,737,6514305858912902949,97,49,104
96,738,4258302700878610366,97,49,104
96,739,8399386901072171185,97,49,104
96,740,17835803290167803200,97,49,104
96,741,17339500124999062288,97,49,104
96,742,17434125897079546259,97,49,100
96,743,7175731507353344749,97,49,100
96,744,1303415626368829108,97,49,96
96,745,10806261419812919245,97,49,100
96,746,4012242074683198971,97,49,104
96,747,14543923963542166701,97,49,100
96,748,8747778135258983155,97,49,104
96,749,11725017123513167107,97,49,100
96,750,8663847773868834612,97,49,104
96,751,3846619281754022421,97,49,100
96,752,7215963400389569676,97,49,104
96,753,16268610957610446858,97,49,104
96,754,14848843761241161941,97,49,104
96,755,12554656200125415196,97,49,104
96,756,4389094689879371667,97,49,100
96,757,1323275906581627621,97,49,100
96,758,18175615444664239765,97,49,100
96,759,8081962856956275270,97,49,104
96,760,16458721068415781151,97,49,100
96,761,16687241063733339478,97,49,104
96,762,10587585140956926036,97,49,104
96,763,6061272325996223663,97,49,104
96,764,2498182004580156491,97,49,100
96,765,14684975611769694335,97,49,100
96,766,17389318286975871475,97,49,104
96,767,267059747595551542,97,49,100
96,768,3461453938781000610,97,49,100
96,769,2016055389393418658,97,49,104
96,770,16053760999742770795,97,49,100
96,771,2880779811456656960,97,49,100
96,772,713513826258645297,97,49,104
96,773,17162435601368994813,97,49,104
96,774,16918906839124809517,97,49,100
96,775,13885837322828324978,97,49,104
96,776,14092218827817972399,97,49,108
96,777,3835399359191667407,97,49,100
96,778,11637401314423916917,97,49,104
96,779,17091397396222846288,97,49,96
96,780,6768258124640251772,97,49,100
96,781,8650622601940072388,97,49,96
96,782,5888964518199871687,97,49,104
96,783,5093311532073231183,97,49,104
96,784,570111209581725211,97,49,100
96,785,9904184215537895143,97,49,100
96,786,10695609970447097948,97,49,96
96,787,17659061004698737209,97,49,104
96,788,17701898504126264818,97,49,96
96,789,218273160848389074,97,49,104
96,790,9668870612788912679,97,49,104
96,791,10565515273833592907,97,49,104
96,792,5447218998426353254,97,49,100
96,793,16729273008617146267,97,49,104
96,794,16677247932410906259,97,49,100
96,795,9457581287806811908,97,49,100
96,796,207726992989199296,97,49,104
96,797,3845547912699227708,97,49,100
96,798,4295391728269077636,97,49,100
96,799,6162850461963627172,97,49,104
96,800,15152504385919643150,97,49,104
96,801,13519898663948563536,97,49,100
96,802,11198741339640628917,97,49,96
96,803,1446128696820736725,97,49,100
96,804,4610117748644572823,97,49,100
96,805,17349470393394640848,97,49,100
96,806,15381792366470552216,97,49,104
96,807,16292218776214354561,97,49,96
96,808,13051864653143250636,97,49,104
96,809,4537191330500902160,97,49,104
96,810,3138372632565872425,97,49,100
96,811,5401550418436530697,97,49,100
96,812,8068465890858525472,97,49,104
96,813,3597532742532825405,97,49,100
96,814,14927929456541161350,97,49,100
96,815,14179986710943016965,97,49,100
96,816,4537924747610148150,97,49,100
96,817,1693966131198003624,97,49,104
96,818,1389499317964434407,97,49,100
96,819,4010752211843389195,97,49,100
96,820,17765913928802864016,97,49,100
96,821,10471892582083489874,97,49,100
96,822,14044666798462244879,97,49,100
96,823,5987849439341784388,97,49,100
96,824,10457188770646396275,97,49,104
96,825,15122320024010480881,97,49,104
96,826,6176822108615443854,97,49,100
96,827,15733015310305173515,97,49,104
96,828,5553442222069920014,97,49,100
96,829,3381410382774705975,97,49,100
96,830,3383842184748151219,97,49,104
96,831,4370856788293449223,97,49,100
96,832,8022357285264068280,97,49,104
96,833,1093756521032098725,97,49,96
96,834,8480555308269668792,97,49,96
96,835,1657712680203938710,97,49,104
96,836,9435098859984512008,97,49,104
96,837,14115858897994326671,97,49,100
96,838,400548960849325787,97,49,104
96,839,7266430147110013389,97,49,104
96,840,2165172027343710713,97,49,104
96,841,7126101020911844083,97,49,104
96,842,3028282121295153891,97,49,100
96,843,17859187296917993731,97,49,100
96,844,9266536546682263946,97,49,100
96,845,10607057922483327750,97,49,100
96,846,4081252484967685529,97,49,100
96,847,2135072510094439122,97,49,100
96,848,12076040935278435406,97,49,96
96,849,4041271112108999386,97,49,104
96,850,15060664093991993038,97,49,100
96,851,11243920351015812722,97,49,100
96,852,8083994556216947519,97,49,96
96,853,6423957882156690855,97,49,104
96,854,14261574323641004882,97,49,104
96,855,1835618459467043472,97,49,100
96,856,14180358124873204898,97,49,100
96,857,1013288760587509432,97,49,104
96,858,12152666895155150237,97,49,104
96,859,1265899481412698511,97,49,100
96,860,6090356338079139399,97,49,104
96,861,16965668697392158606,97,49,100
96,862,11899653191620220021,97,49,104
96,863,10523062651354021102,97,49,104
96,864,17881920100917044195,97,49,104
96,865,4524411762497200023,97,49,100
96,866,2681209883229624302,97,49,100
96,867,14110113359817904559,97,49,96
96,868,13466523144227965465,97,49,100
96,869,3806798475409558461,97,49,104
96,870,18441707854327326028,97,49,100
96,871,3189317331584840316,97,49,104
96,872,6213935540941817943,97,49,100
96,873,9093283837665596321,97,49,104
96,874,5619840317139776106,97,49,100
96,875,14362402635764473437,97,49,108
96,876,15190715700187394801,97,49,100
96,877,12759203936902251821,97,49,104
96,878,6198121345090471672,97,49,100
96,879,9170711738033950749,97,49,104
96,880,14869786283599854510,97,49,104
96,881,12415775297590792207,97,49,104
96,882,11330894010021811255,97,49,108
96,883,3400909889812274656,97,49,100
96,884,3119054019384395365,97,49,104
96,885,6662564731671545989,97,49,100
96,886,9066265990838122381,97,49,104
96,887,8201962366625755368,97,49,100
96,888,6584871586962687629,97,49,104
96,889,13293670920842400571,97,49,100
96,890,12353248261326178905,97,49,100
96,891,6940451198645025605,97,49,108
96,892,7729972142256673103,97,49,104
96,893,7119653180413877906,97,49,104
96,894,17775635549468226327,97,49,104
96,895,7998865279329117802,97,49,104
96,896,5657666425504732024,97,49,100
96,897,17082261770101050533,97,49,96
96,898,15696695110603067057,97,49,100
96,899,372559135897876581,97,49,100
96,900,5654407580304214416,97,49,104
96,901,6697827074763487265,97,49,96
96,902,9553184378425419678,97,49,100
96,903,6682530463973453295,97,49,100
96,904,2224054148798325119,97,49,104
96,905,8905448519637883553,97,49,100
96,906,17724842372657426956,97,49,104
96,907,4009667162114864324,97,49,100
96,908,16335196023679746816,97,49,100
96,909,3084605983719475543,97,49,108
96,910,2500524836002884985,97,49,100
96,911,2806771693503441606,97,49,100
96,912,3026701629179854239,97,49,104
96,913,2617155868735431676,97,49,104
96,914,5937548290249402702,97,49,96
96,915,10231477873686187307,97,49,100
96,916,4824525906923767546,97,49,96
96,917,17629628828705923614,97,49,96
96,918,13361962058199104623,97,49,104
96,919,12518768779238194656,97,49,104
96,920,17800604947230889363,97,49,104
96,921,8557181715262935042,97,49,104
96,922,4852005727531137136,97,49,100
96,923,6325827093262796821,97,49,104
96,924,18283823706387136561,97,49,104
96,925,15979676019916837612,97,49,104
96,926,17930703652707922194,97,49,104
96,927,8182115743874789385,97,49,100
96,928,13465158068980450488,97,49,104
96,929,5827273083872444687,97,49,100
96,930,18058616056193628025,97,49,104
96,931,18445112021177622331,97,49,100
96,932,3486501831658229548,97,49,100
96,933,1574546272096889781,97,49,100
96,934,12800634664516171322,97,49,104
96,935,7453204177353047576,97,49,108
96,936,1199460320388909782,97,49,100
96,937,11233597877193620850,97,49,104
96,938,13221961655168974741,97,49,104
96,939,10737095849752830062,97,49,104
96,940,9306404908974705450,97,49,100
96,941,6098929054404010673,97,49,100
96,942,6599779579671039413,97,49,108
96,943,4801515256427613443,97,49,96
96,944,69577465120343612,97,49,100
96,945,3018159929297769195,97,49,104
96,946,14479150311435463881,97,49,100
96,947,11321447484370455601,97,49,100
96,948,11689213612310720963,97,49,100
96,949,9769094858168478365,97,49,104
96,950,3556758515666555336,97,49,100
96,951,2510939849860522633,97,49,104
96,952,18411710821118622641,97,49,100
96,953,1353856940605561520,97,49,100
96,954,10421152388725738487,97,49,104
96,955,7192510160841368136,97,49,104
96,956,2611502934369490955,97,49,100
96,957,5631179501423843317,97,49,100
96,958,1368767157992691037,97,49,100
96,959,6423238824766868167,97,49,104
96,960,12095423545002918781,97,49,104
96,961,12638990171186096421,97,49,104
96,962,10495322527217152687,97,49,96
96,963,11438628017264219152,97,49,104
96,964,11859775679442033293,97,49,100
96,965,9884138169040265077,97,49,104
96,966,9547279695358405465,97,49,104
96,967,13015653018177801837,97,49,100
96,968,12035173379581425648,97,49,100
96,969,5982639919873002072,97,49,96
96,970,9772003310783514201,97,49,104
96,971,1847022244462510708,97,49,112
96,972,3183777746239895121,97,49,104
96,973,17645063346230347180,97,49,104
96,974,727619668212056891,97,49,100
96,975,2186598664860992688,97,49,100
96,976,12442370809564932774,97,49,104
96,977,9698416790649818663,97,49,100
96,978,17568078909066469537,97,49,100
96,979,9510091612832340052,97,49,104
96,980,7128271650625274685,97,49,100
96,981,4686912523739370328,97,49,100
96,982,12297490306148361447,97,49,100
96,983,12103307058062469480,97,49,96
96,984,2546181773338984432,97,49,96
96,985,4423397508943083265,97,49,100
96,986,11312168591436248487,97,49,104
96,987,2166434028048325359,97,49,100
96,988,7406488945112771052,97,49,104
96,989,3592140386074316763,97,49,96
96,990,3463632621221973463,97,49,108
96,991,2090414111692639284,97,49,104
96,992,9845509174259162325,97,49,104
96,993,4486314140858431871,97,49,100
96,994,2342059726773123656,97,49,96
96,995,2177563805663530313,97,49,100
96,996,11975424940587662887,97,49,104
96,997,12835638287889634311,97,49,104
96,998,624114155651741323,97,49,100
96,999,11308259838355502460,97,49,100
96,1000,9745477572392268384,97,49,104
96,1001,1344594654825475534,97,49,100
96,1002,18029950082660186600,97,49,100
96,1003,11365764028016995530,97,49,104
96,1004,1472602127782198994,97,49,100
96,1005,9625736483884224455,97,49,100
96,1006,15161302576591829240,97,49,100
96,1007,7371842172345432493,97,49,100
96,1008,14986768749630748735,97,49,100
96,1009,2604231764223777269,97,49,100
96,1010,11192833759501452906,97,49,96
96,1011,8127071164155560961,97,49,104
96,1012,454457060267531167,97,49,104
96,1013,2534520027350861350,97,49,104
96,1014,14465820969556843580,97,49,104
96,1015,1533854841873380704,97,49,100
96,1016,13186687734568202437,97,49,100
96,1017,15754068684328671386,97,49,100
96,1018,4941537301556754822,97,49,104
96,1019,2692475634324669535,97,49,100
96,1020,10184144822413991964,97,49,100
96,1021,4573962166679047394,97,49,100
96,1022,4256269614544935200,97,49,100
96,1023,17858938455197341027,97,49,104
96,1024,2382970916956418713,97,49,104
96,1025,12650361424217921433,97,49,100
96,1026,7578852536571623246,97,49,104
96,1027,15184632611031553922,97,49,100
96,1028,5614140924712994073,97,49,104
96,1029,14953304136034400272,97,49,100
96,1030,18382263907168050324,97,49,100
96,1031,5586231975397668619,97,49,104
96,1032,16263298948372224537,97,49,104
96,1033,15235289293794126921,97,49,100
96,1034,15537405277757634207,97,49,100
96,1035,9137857883135120606,97,49,100
96,1036,5366333648316442323,97,49,96
96,1037,12217189715102011398,97,49,104
96,1038,9629085333587675429,97,49,96
96,1039,11124255367479488724,97,49,100
96,1040,8464648040770387195,97,49,96
96,1041,8384150222591568754,97,49,104
96,1042,1830716972949619479,97,49,108
96,1043,367162595395010091,97,49,100
96,1044,13260948826329199269,97,49,104
96,1045,2377922056830083144,97,49,104
96,1046,18411432665442144752,97,49,100
96,1047,7143125003511374629,97,49,100
96,1048,2130128537942947946,97,49,108
96,1049,7009886992335356453,97,49,100
96,1050,5476952869329852622,97,49,96
96,1051,12080690241019067919,97,49,104
96,1052,1629642650312653218,97,49,104
96,1053,11606517902691981088,97,49,104
96,1054,15161192478556429779,97,49,104
96,1055,3761333556643848725,97,49,104
96,1056,1486430125896386526,97,49,100
96,1057,3339238003410547820,97,49,104
96,1058,3442252356497403664,97,49,100
96,1059,2699807093377971706,97,49,100
96,1060,2639356753817091207,97,49,100
96,1061,3524062357995429427,97,49,100
96,1062,1686807378360752575,97,49,104
96,1063,10719093842035745031,97,49,104
96,1064,17149954260586972632,97,49,104
96,1065,13285205729971151323,97,49,100
96,1066,9665893684250992743,97,49,96
96,1067,14003759292509584809,97,49,104
96,1068,4550481594032727575,97,49,104
96,1069,4620677571243914424,97,49,100
96,1070,14182463256926505879,97,49,104
96,1071,8683594284461430896,97,49,100
96,1072,7207709908334972534,97,49,104
96,1073,9369641198726435711,97,49,100
96,1074,6116936111135997039,97,49,100
96,1075,13134332276137661255,97,49,100
96,1076,17249076891326800660,97,49,104
96,1077,7797666961136504590,97,49,104
96,1078,13439609691186722690,97,49,96
96,1079,4812226457958068238,97,49,100
96,1080,16461672587430782179,97,49,100
96,1081,1383601211574120270,97,49,100
96,1082,7115363110211448153,97,49,104
96,1083,16308006233912104322,97,49,104
96,1084,9925108219427746734,97,49,100
96,1085,11293619177780440676,97,49,100
96,1086,15183388862487166813,97,49,100
96,1087,1312205427053413347,97,49,100
96,1088,3191441247869372057,97,49,104
96,1089,17290814589435496862,97,49,96
96,1090,15838163291105054230,97,49,104
96,1091,824992105567052102,97,49,96
96,1092,17879660340363565280,97,49,104
96,1093,9829378737729435343,97,49,100
96,1094,15179826686077619128,97,49,100
96,1095,10251801477403715771,97,49,96
96,1096,5585679905932546200,97,49,100
96,1097,5136588782103912866,97,49,96
96,1098,11797107239529553124,97,49,104
96,1099,8542416001365848605,97,49,100
96,1100,9380637826185767052,97,49,100
96,1101,14431494980256794185,97,49,104
96,1102,6302325489277618453,97,49,100
96,1103,13602913671950057558,97,49,96
96,1104,15340315791091989490,97,49,104
96,1105,16035884816306658340,97,49,108
96,1106,13388346290065744173,97,49,104
96,1107,7342363863776905026,97,49,104
96,1108,14119681718837872,97,49,104
96,1109,14318637482004728321,97,49,104
96,1110,6418585148157835636,97,49,100
96,1111,14425227516992410163,97,49,100
96,1112,13661961296622936981,97,49,96
96,1113,11373711702930786852,97,49,104
96,1114,7400684496837318082,97,49,108
96,1115,13834630941016175554,97,49,104
96,1116,9068633596449536442,97,49,100
96,1117,3778133004134019871,97,49,104
96,1118,5792263516652660777,97,49,100
96,1119,6940112028363273488,97,49,100
96,1120,13056573037617826472,97,49,100
96,1121,6354470172873835627,97,49,100
96,1122,13819522187034338442,97,49,96
96,1123,5844672787022235292,97,49,100
96,1124,17444283862054173363,97,49,108
96,1125,13445348228922209990,97,49,104
96,1126,60904166498354354,97,49,104
96,1127,12218307631652976765,97,49,100
96,1128,5625556591476321694,97,49,100
96,1129,10240859360247363728,97,49,104
96,1130,15957139532590159154,97,49,104
96,1131,5983637518413990043,97,49,104
96,1132,8753763414785514207,97,49,100
96,1133,15650825996315855365,97,49,100
96,1134,10501032504174093876,97,49,100
96,1135,9285761769682328610,97,49,104
96,1136,17017696891769371249,97,49,100
96,1137,5770080944935160784,97,49,100
96,1138,16550156471254294124,97,49,100
96,1139,15561310546823891985,97,49,100
96,1140,2051374599240824220,97,49,104
96,1141,8070692777082518584,97,49,100
96,1142,1544362368539174987,97,49,100
96,1143,11524584153583110135,97,49,100
96,1144,5509427299556112428,97,49,104
96,1145,2753454121376481192,97,49,104
96,1146,16832036151960311491,97,49,100
96,1147,2794992474989571955,97,49,100
96,1148,3458626361621076274,97,49,100
96,1149,11019721332167856373,97,49,100
96,1150,15936068353678423578,97,49,100
96,1151,2202965930723056324,97,49,100
96,1152,556755932697003137,97,49,108
96,1153,14380521217432048439,97,49,100
96,1154,15125018817496660929,97,49,100
96,1155,16527235277362800392,97,49,100
96,1156,4835948646994735945,97,49,100
96,1157,3568367648238312303,97,49,100
96,1158,11448274925797942659,97,49,100
96,1159,11502410257600314853,97,49,96
96,1160,14954513079574391585,97,49,104
96,1161,11989628911989176579,97,49,100
96,1162,13778772731853930968,97,49,96
96,1163,2477145837631309113,97,49,100
96,1164,3477926549343749669,97,49,104
96,1165,12975691098581660146,97,49,100
96,1166,12499354044882907875,97,49,104
96,1167,14972616418003972240,97,49,100
96,1168,3850886212290041914,97,49,100
96,1169,8031793574312782429,97,49,104
96,1170,6814098114656806684,97,49,104
96,1171,18167304393776985160,97,49,100
96,1172,3527340662476284193,97,49,104
96,1173,6850486662980503330,97,49,104
96,1174,8774042238429813930,97,49,96
96,1175,18360973843236215904,97,49,100
96,1176,16932357923595386439,97,49,100
96,1177,14111549784082574316,97,49,108
96,1178,1615153469323394377,97,49,100
96,1179,1857133806873516000,97,49,104
96,1180,7958662377354434965,97,49,100
96,1181,278919469137280371,97,49,100
96,1182,2239883787833088064,97,49,96
96,1183,6188452817180777831,97,49,104
96,1184,14948021625958264724,97,49,104
96,1185,3068536500280732997,97,49,100
96,1186,5093873890323140529,97,49,104
96,1187,4498464882279171977,97,49,100
96,1188,9282656768668797231,97,49,104
96,1189,12854219948042142267,97,49,96
96,1190,2768735796542980333,97,49,108
96,1191,5461671268563532145,97,49,108
96,1192,15020172781520186378,97,49,100
96,1193,5160019748053640477,97,49,104
96,1194,475730823993176089,97,49,100
96,1195,2748194462757595829,97,49,100
96,1196,11748999800592106407,97,49,104
96,1197,341330256464821114,97,49,100
96,1198,4793337457012762111,97,49,100
96,1199,15223730487626092245,97,49,104
96,1200,12287154431361391030,97,49,100
96,1201,1586679058998353236,97,49,100
96,1202,13910240100742871575,97,49,104
96,1203,4893150472130869056,97,49,96
96,1204,14796851478760034657,97,49,100
96,1205,4518965535555098930,97,49,108
96,1206,7852985265235621540,97,49,96
96,1207,15159589102631799404,97,49,96
96,1208,2208519779201117734,97,49,104
96,1209,15905623610459733190,97,49,104
96,1210,17951836733907695460,97,49,104
96,1211,12462138749826092688,97,49,104
96,1212,5933121107839230900,97,49,104
96,1213,4418998779310044591,97,49,104
96,1214,15015238623807217564,97,49,104
96,1215,7624877050311230517,97,49,96
96,1216,11064488346009982946,97,49,104
96,1217,7427768841840582237,97,49,104
96,1218,1394382912483632297,97,49,100
96,1219,13781326264202971058,97,49,96
96,1220,9373830524506917247,97,49,100
96,1221,17913570969758750973,97,49,104
96,1222,2729837453154722735,97,49,100
96,1223,3320844365283029764,97,49,100
96,1224,11447183886080320094,97,49,100
96,1225,11182381999667884018,97,49,100
96,1226,1842008191343593697,97,49,104
96,1227,12326686966411596631,97,49,104
96,1228,1113586487820734310,97,49,100
96,1229,8797517951778070096,97,49,100
96,1230,5630897023772820965,97,49,100
96,1231,9654681958128652638,97,49,104
96,1232,18366349924627529291,97,49,104
96,1233,1152316601953615481,97,49,100
96,1234,13944299921319425244,97,49,100
96,1235,5079152560138885407,97,49,100
96,1236,7697393871131753715,97,49,104
96,1237,9118057151315920919,97,49,100
96,1238,11944297953825802211,97,49,100
96,1239,276605592328935257,97,49,100
96,1240,2527305046908014629,97,49,100
96,1241,2580342001344522039,97,49,104
96,1242,11559009645112930348,97,49,104
96,1243,6163738737014654426,97,49,104
96,1244,3604167145759917980,97,49,104
96,1245,2039435557572804975,97,49,100
96,1246,2281968934731481876,97,49,96
96,1247,9284338982491575872,97,49,96
96,1248,1934896464853894092,97,49,100
96,1249,11535243570296479808,97,49,96
96,1250,14766465997929495516,97,49,100
96,1251,1175988462170511031,97,49,100
96,1252,14864533926070164381,97,49,100
96,1253,4427902747133880140,97,49,100
96,1254,9310225061024634945,97,49,104
96,1255,13460344568093453367,97,49,108
96,1256,8349098528121372916,97,49,104
96,1257,9739322434952913723,97,49,100
96,1258,4051852543830954358,97,49,104
96,1259,7113574619606982147,97,49,100
96,1260,2906475894229650209,97,49,104
96,1261,15166956860380461859,97,49,100
96,1262,11439908008069205677,97,49,104
96,1263,4091103383525765739,97,49,100
96,1264,17036404768796448557,97,49,96
96,1265,2752006620247996988,97,49,104
96,1266,13194919206806277064,97,49,104
96,1267,17033695298785102984,97,49,104
96,1268,10383122834978477325,97,49,104
96,1269,8030878387226459771,97,49,100
96,1270,13180598299803955806,97,49,104
96,1271,10455408198985172860,97,49,104
96,1272,17566376079130079037,97,49,100
96,1273,8044625081053358656,97,49,104
96,1274,8745101346077597812,97,49,100
96,1275,12763782865179255167,97,49,100
96,1276,6033571566519082976,97,49,100
96,1277,10558506270955733181,97,49,104
96,1278,9775564615431709507,97,49,104
96,1279,9440736990033696091,97,49,100
96,1280,14535940745382746807,97,49,104
96,1281,11643324235702791304,97,49,104
96,1282,15364250518705088742,97,49,100
96,1283,15852374231965447429,97,49,104
96,1284,9015100922289990901,97,49,104
96,1285,15298337408235129337,97,49,104
96,1286,7312249332416630563,97,49,104
96,1287,4343814772141886908,97,49,100
96,1288,10686753523115621270,97,49,100
96,1289,12270705399919880663,97,49,100
96,1290,11025530193866711497,97,49,100
96,1291,9236409746694246188,97,49,104
96,1292,14766486227271307997,97,49,96
96,1293,1923553605188647935,97,49,104
96,1294,13564953409407864208,97,49,100
96,1295,7133187827263331564,97,49,100
96,1296,17168465896715419293,97,49,100
96,1297,12484223770631556033,97,49,96
96,1298,11610295414602083781,97,49,100
96,1299,10657836610328991340,97,49,104
96,1300,14129926101852508011,97,49,100
96,1301,8427006911239167430,97,49,100
96,1302,14727916145282228757,97,49,104
96,1303,14512032710248642238,97,49,104
96,1304,4363566664781489356,97,49,100
96,1305,17602683545076040934,97,49,100
96,1306,1160883334112032093,97,49,96
96,1307,15308744099091949851,97,49,104
96,1308,11853368887700256676,97,49,104
96,1309,10321462995827484237,97,49,104
96,1310,12890262245609906249,97,49,100
96,1311,8379789012809910270,97,49,104
96,1312,384085041398385923,97,49,104
96,1313,18016194127236485500,97,49,96
96,1314,7087245510887952072,97,49,96
96,1315,14397254010578848975,97,49,96
96,1316,11324935434532468657,97,49,100
96,1317,13985068720926868951,97,49,100
96,1318,6709307037268638636,97,49,100
96,1319,17779044545836567376,97,49,104
96,1320,3577854228675979524,97,49,108
96,1321,12845897749935482535,97,49,100
96,1322,13469711829014135470,97,49,104
96,1323,18387284201460993463,97,49,100
96,1324,12768935797730359870,97,49,100
96,1325,15878869374417784383,97,49,100
96,1326,14837168108059215399,97,49,100
96,1327,17783575726346812895,97,49,104
96,1328,17146554741491240677,97,49,100
96,1329,6602781736462473741,97,49,100
96,1330,1833549073020853975,97,49,96
96,1331,7983062686330036723,97,49,104
96,1332,3674487106583834670,97,49,104
96,1333,17864452475093735588,97,49,104
96,1334,9960809486715928863,97,49,104
96,1335,12788369100767839960,97,49,100
96,1336,5085920579448561584,97,49,100
96,1337,1998439959461122036,97,49,100
96,1338,8782807928943306638,97,49,100
96,1339,3262082436962716628,97,49,104
96,1340,13287181389946282139,97,49,100
96,1341,13574792705632479056,97,49,100
96,1342,7765004321651640170,97,49,96
96,1343,17592019592436552949,97,49,104
96,1344,8956695324123623716,97,49,100
96,1345,17290439199698933658,97,49,100
96,1346,4283923073426543819,97,49,100
96,1347,298600002057116742,97,49,104
96,1348,3109752836941149675,97,49,100
96,1349,3214829604778339653,97,49,96
96,1350,17314741191962143042,97,49,100
96,1351,16183627956530272860,97,49,96
96,1352,12367572875286372413,97,49,104
96,1353,17706540308258935864,97,49,100
96,1354,11250943713671712558,97,49,104
96,1355,1438141377726906861,97,49,100
96,1356,2266399736014397867,97,49,104
96,1357,17339088601585501798,97,49,104
96,1358,17750357577028955140,97,49,100
96,1359,9979296691017817109,97,49,96
96,1360,9404495731053409099,97,49,104
96,1361,4735318744532552555,97,49,100
96,1362,10530639837371185824,97,49,104
96,1363,1606778327416700050,97,49,100
96,1364,11782725493893712486,97,49,100
96,1365,3376530410652689311,97,49,104
96,1366,14229264582420209175,97,49,100
96,1367,14410042769634729846,97,49,100
96,1368,2833356786613364396,97,49,100
96,1369,12222552308981073106,97,49,104
96,1370,11368441757142004728,97,49,104
96,1371,7637720356170907933,97,49,100
96,1372,5134066990189838296,97,49,104
96,1373,14629967224016922021,97,49,100
96,1374,10975872186449484993,97,49,108
96,1375,10524291536708607887,97,49,104
96,1376,12797281170049924400,97,49,100
96,1377,902263316192153924,97,49,100
96,1378,7213078744052662485,97,49,104
96,1379,14003691732920974387,97,49,100
96,1380,6579127898698698887,97,49,104
96,1381,17046716983764179002,97,49,100
96,1382,3222508425226126715,97,49,104
96,1383,10227538921043601180,97,49,104
96,1384,6735682972726735033,97,49,104
96,1385,5781440608009005879,97,49,100
96,1386,4877681569240141205,97,49,100
96,1387,5740104386146751344,97,49,100
96,1388,4016881084100705584,97,49,100
96,1389,8633424622658960587,97,49,100
96,1390,465091159685975458,97,49,100
96,1391,10828111253353112349,97,49,96
96,1392,15039009507174784569,97,49,100
96,1393,12671514348318229896,97,49,100
96,1394,6702450244751162505,97,49,104
96,1395,15204312823135356065,97,49,100
96,1396,4471278618012931354,97,49,104
96,1397,9270487455915090219,97,49,96
96,1398,13013464341839351131,97,49,104
96,1399,1612690192752455146,97,49,100
96,1400,11188956269659835651,97,49,100
96,1401,14889052954570961530,97,49,104
96,1402,12904635629068449456,97,49,96
96,1403,12248686682504274825,97,49,100
96,1404,17848230833948496168,97,49,104
96,1405,683090595323933020,97,49,104
96,1406,5436323987553130199,97,49,104
96,1407,12449299003996825448,97,49,100
96,1408,9758617953626392072,97,49,100
96,1409,5559711804396852640,97,49,100
96,1410,12164027738806025366,97,49,104
96,1411,3796137157145457841,97,49,104
96,1412,15140796915822700410,97,49,104
96,1413,3519557178555879044,97,49,108
96,1414,7732366107706883323,97,49,100
96,1415,15559665801606980755,97,49,100
96,1416,12066108623768378094,97,49,100
96,1417,12495637130993758623,97,49,100
96,1418,7141897265980743802,97,49,104
96,1419,14469917297474255433,97,49,104
96,1420,9984113211904433858,97,49,100
96,1421,7006002195262603203,97,49,96
96,1422,10547303620912781470,97,49,100
96,1423,3130574716018999437,97,49,100
96,1424,12581430111765473572,97,49,104
96,1425,16720496641540774228,97,49,100
96,1426,2321185064332229321,97,49,104
96,1427,222094855150314820,97,49,96
96,1428,5281040303593354432,97,49,100
96,1429,278937691566540162,97,49,100
96,1430,14256710141790667803,97,49,96
96,1431,1820581558060614576,97,49,100
96,1432,13337055366339264876,97,49,100
96,1433,5147525428886427737,97,49,100
96,1434,18024598845994225752,97,49,104
96,1435,8300073228469506108,97,49,100
96,1436,5673846295726985983,97,49,96
96,1437,2467204311994273702,97,49,104
96,1438,5875637702472952754,97,49,100
96,1439,14283833309798650485,97,49,104
96,1440,4909060562016873918,97,49,104
96,1441,17400860148212288730,97,49,104
96,1442,8779482162924167679,97,49,100
96,1443,5949634195232790662,97,49,100
96,1444,13988215291047541971,97,49,100
96,1445,5816660801818157170,97,49,96
96,1446,7190916841175530802,97,49,104
96,1447,11826695648213102064,97,49,104
96,1448,7816762342077264087,97,49,100
96,1449,9550187164347743633,97,49,100
96,1450,3807865894451062485,97,49,104
96,1451,17916886667891409993,97,49,100
96,1452,3953847946530754935,97,49,104
96,1453,809929260653834925,97,49,100
96,1454,14048231664355331392,97,49,100
96,1455,4432667667418707101,97,49,100
96,1456,10044837006545847721,97,49,100
96,1457,14614497502739865467,97,49,100
96,1458,1224335763254372200,97,49,96
96,1459,1609359868557671149,97,49,100
96,1460,10331968907045020275,97,49,104
96,1461,11675040221039826212,97,49,100
96,1462,666664591413284364,97,49,104
96,1463,9066112066379027324,97,49,100
96,1464,5707458592582907777,97,49,100
96,1465,15612668215542590884,97,49,100
96,1466,12134426889709544330,97,49,100
96,1467,2560118743363813198,97,49,100
96,1468,7838436412659213594,97,49,96
96,1469,11463672305981502853,97,49,100
96,1470,10526589311523257802,97,49,100
96,1471,10625691303736759471,97,49,96
96,1472,1423697099139854115,97,49,100
96,1473,10478720044456298255,97,49,100
96,1474,7570915126184172906,97,49,100
96,1475,16946164546235283077,97,49,104
96,1476,15058926075477055267,97,49,100
96,1477,13652835318282302718,97,49,104
96,1478,16636240193543458646,97,49,104
96,1479,7096277299046533071,97,49,104
96,1480,5390536051116941162,97,49,100
96,1481,6052764461381643729,97,49,100
96,1482,3138446276983639544,97,49,104
96,1483,12915393036283461858,97,49,100
96,1484,5555970107536421882,97,49,104
96,1485,6343411964704039479,97,49,100
96,1486,12469191132671024408,97,49,100
96,1487,6960034477980959019,97,49,100
96,1488,5260280023472393334,97,49,104
96,1489,2577237844464846958,97,49,100
96,1490,13792153430330767580,97,49,104
96,1491,13824617203538080532,97,49,104
96,1492,13558596060020714303,97,49,100
96,1493,4515020531959741985,97,49,100
96,1494,8929734886377906069,97,49,100
96,1495,3872089495734715649,97,49,100
96,1496,4064095920057476943,97,49,104
96,1497,1012163230891222640,97,49,100
96,1498,442915868270103036,97,49,96
96,1499,2496173438666166962,97,49,104
96,1500,7455533554284417680,97,49,100
96,1501,15072324841619925419,97,49,100
96,1502,4516900735605699241,97,49,104
96,1503,7715367920773708299,97,49,104
96,1504,3859349070805716942,97,49,104
96,1505,3305863303261313692,97,49,100
96,1506,12331870738217073240,97,49,96
96,1507,12380858226444085511,97,49,104
96,1508,7812674658445202344,97,49,100
96,1509,14647023996562514355,97,49,100
96,1510,2504966935276609624,97,49,100
96,1511,4556560400380336632,97,49,100
96,1512,10032904935781040384,97,49,100
96,1513,4524026892128903201,97,49,100
96,1514,15515905265993015645,97,49,100
96,1515,8498585872970954780,97,49,96
96,1516,961267576796355725,97,49,100
96,1517,15360342583807728014,97,49,100
96,1518,5779980129828376430,97,49,100
96,1519,8482764447918325439,97,49,104
96,1520,9094041875349642656,97,49,104
96,1521,15920240976882957639,97,49,100
96,1522,1804033361833400712,97,49,104
96,1523,11265422445004470438,97,49,100
96,1524,13330003582173840337,97,49,100
96,1525,5780816239207979906,97,49,100
96,1526,9756727662640022672,97,49,100
96,1527,10996815120366113044,97,49,96
96,1528,15294582698857352674,97,49,100
96,1529,13864440410505537411,97,49,100
96,1530,12070146570978675674,97,49,104
96,1531,7193241192249420206,97,49,104
96,1532,8749802087817311960,97,49,100
96,1533,8189191988187878748,97,49,104
96,1534,8731098377995004282,97,49,104
96,1535,5196068664231083948,97,49,104
96,1536,18113536393723426662,97,49,104
96,1537,11928240260451950044,97,49,100
96,1538,10398480425563986198,97,49,104
96,1539,2390725022683569691,97,49,104
96,1540,9966257029418300584,97,49,100
96,1541,17624708929503151671,97,49,100
96,1542,11039086098353833081,97,49,104
96,1543,6385894815901168682,97,49,100
96,1544,251278375040066208,97,49,104
96,1545,16914542362168832422,97,49,100
96,1546,2403973116188587898,97,49,104
96,1547,3378417503370593016,97,49,100
96,1548,1050585536524140194,97,49,100
96,1549,12031319642946012537,97,49,104
96,1550,5385787029565062089,97,49,108
96,1551,3066390463745514886,97,49,104
96,1552,6745583180381312315,97,49,96
96,1553,17270652099313008273,97,49,104
96,1554,11619826151292244702,97,49,104
96,1555,7349511951751559854,97,49,100
96,1556,14878296533438456434,97,49,104
96,1557,9060461377005334031,97,49,96
96,1558,1138541799136319250,97,49,104
96,1559,10035276748565840313,97,49,100
96,1560,10678847040619650497,97,49,100
96,1561,15860967287646195138,97,49,104
96,1562,7404150862415935524,97,49,104
96,1563,17393931417358136513,97,49,100
96,1564,17112583930917211884,97,49,100
96,1565,9776199605505558093,97,49,100
96,1566,5849303469498266966,97,49,104
96,1567,8091991655047578326,97,49,104
96,1568,13915781132366895174,97,49,104
96,1569,4080953163417258499,97,49,104
96,1570,14040251730150362980,97,49,100
96,1571,18252704766166298951,97,49,104
96,1572,11107352494455470605,97,49,100
96,1573,4315294193449452187,97,49,96
96,1574,4842993247479664933,97,49,100
96,1575,17113606093561141437,97,49,104
96,1576,14232620880961654902,97,49,104
96,1577,17516602674403122484,97,49,104
96,1578,13805674959498123193,97,49,104
96,1579,2280729707572537900,97,49,100
96,1580,13841434589031263856,97,49,100
96,1581,9043660407870608152,97,49,100
96,1582,8253323046584697608,97,49,96
96,1583,8302811295224715104,97,49,100
96,1584,9110180674009680680,97,49,100
96,1585,7762349703087075336,97,49,100
96,1586,8847221640060744896,97,49,96
96,1587,6146489276863500495,97,49,100
96,1588,1544663454760756277,97,49,100
96,1589,1218730159218627403,97,49,104
96,1590,11546072205777681051,97,49,100
96,1591,5982286373547941677,97,49,100
96,1592,9471259329109710942,97,49,100
96,1593,1980215683843959640,97,49,100
96,1594,12409539243353320744,97,49,100
96,1595,17212157502287697174,97,49,96
96,1596,7530922719950562989,97,49,104
96,1597,6099552053004959722,97,49,100
96,1598,6742224529431939921,97,49,104
96,1599,9726956442039227560,97,49,96
96,1600,9319803358946834477,97,49,100
96,1601,1832592036966181362,97,49,108
96,1602,3753978123995017314,97,49,100
96,1603,16694289486823381040,97,49,100
96,1604,1270247677627450316,97,49,100
96,1605,4968076301131214576,97,49,100
96,1606,6222480113533629756,97,49,104
96,1607,714156120749582200,97,49,108
96,1608,1123626805992730117,97,49,100
96,1609,1425005160844228343,97,49,104
96,1610,14991613738014082955,97,49,100
96,1611,5838440162135648485,97,49,100
96,1612,11472105181800275921,97,49,100
96,1613,16401627375306974864,97,49,104
96,1614,6905706114192581385,97,49,100
96,1615,10712649644713569788,97,49,104
96,1616,271185110703025130,97,49,96
96,1617,8042683109561690166,97,49,108
96,1618,11271986466772013593,97,49,100
96,1619,11719108980787737370,97,49,100
96,1620,9648626454996955260,97,49,100
96,1621,15600924405420405939,97,49,104
96,1622,8077051211082774359,97,49,100
96,1623,10517653772434842182,97,49,104
96,1624,6306236996277303727,97,49,104
96,1625,10785781401978595349,97,49,96
96,1626,15880754430671520991,97,49,100
96,1627,12747417235943222928,97,49,96
96,1628,2197249513541872589,97,49,108
96,1629,4827171115883474601,97,49,108
96,1630,7101620881602570908,97,49,96
96,1631,1789615668414734172,97,49,104
96,1632,12404853349307924610,97,49,104
96,1633,5284506309064608809,97,49,96
96,1634,17757058677523563556,97,49,100
96,1635,12046136351538810634,97,49,100
96,1636,1048512609770671780,97,49,104
96,1637,5866743805185067053,97,49,100
96,1638,7274765217874515987,97,49,104
96,1639,1227234487844857277,97,49,104
96,1640,4930485291330703591,97,49,100
96,1641,11928369183162486452,97,49,104
96,1642,6547480443512746288,97,49,100
96,1643,2260029451569138575,97,49,100
96,1644,17312066231077965751,97,49,100
96,1645,16566424350507330466,97,49,100
96,1646,18111840261192333023,97,49,108
96,1647,15051139581847620804,97,49,104
96,1648,15172743829885163997,97,49,104
96,1649,10343486557638498054,97,49,104
96,1650,8086811126319779851,97,49,100
96,1651,9874277321996865198,97,49,108
96,1652,10913248822020664357,97,49,100
96,1653,1736075447862510006,97,49,104
96,1654,3662464269424367698,97,49,96
96,1655,846295663397824912,97,49,100
96,1656,6125699395581695428,97,49,104
96,1657,13974196566355923220,97,49,100
96,1658,13233638325219384670,97,49,100
96,1659,3894629381446855569,97,49,104
96,1660,14643425564197382546,97,49,104
96,1661,8179936346300695032,97,49,100
96,1662,9568360568279554105,97,49,100
96,1663,221888560489981946,97,49,100
96,1664,9698807417003044311,97,49,104
96,1665,5194725565858726826,97,49,100
96,1666,16085164068602675562,97,49,104
96,1667,1332931988628956943,97,49,104
96,1668,17720751769314486298,97,49,100
96,1669,2323324566003810848,97,49,104
96,1670,543200128023321378,97,49,100
96,1671,2032622560407002533,97,49,108
96,1672,15077620843270709636,97,49,100
96,1673,16604111245523435928,97,49,104
96,1674,8108584308255807314,97,49,100
96,1675,14203125102892280927,97,49,104
96,1676,11768854993695794337,97,49,104
96,1677,3514126864911739701,97,49,100
96,1678,7407707157026026850,97,49,104
96,1679,14681892343986907519,97,49,100
96,1680,16348674328253983469,97,49,100
96,1681,15670168942329889660,97,49,100
96,1682,18286613772274681498,97,49,100
96,1683,8821774416074362365,97,49,104
96,1684,213077624591052057,97,49,104
96,1685,6222469011116177474,97,49,100
96,1686,17928231645358185649,97,49,104
96,1687,17251031226426864466,97,49,104
96,1688,9077323414610183122,97,49,104
96,1689,14157586549142379774,97,49,104
96,1690,14520353117967628042,97,49,104
96,1691,18244134506635739920,97,49,104
96,1692,11418791659087707175,97,49,100
96,1693,13515981866534060242,97,49,100
96,1694,12096953373530352394,97,49,104
96,1695,11054491093053740016,97,49,100
96,1696,17926386451669141655,97,49,104
96,1697,963970688891304563,97,49,96
96,1698,5615157082777111014,97,49,100
96,1699,17701901455929079607,97,49,104
96,1700,52990688756693434,97,49,104
96,1701,18043364160102629686,97,49,100
96,1702,822733636181614982,97,49,104
96,1703,7533252624442273648,97,49,100
96,1704,8533702587785814668,97,49,100
96,1705,14911859600464085783,97,49,104
96,1706,11450838368612512529,97,49,100
96,1707,5961553779217649934,97,49,100
96,1708,962719901098158953,97,49,100
96,1709,1144909015609086885,97,49,104
96,1710,18091319211919277424,97,49,104
96,1711,7683699091285752698,97,49,104
96,1712,279265797356302423,97,49,104
96,1713,1648039200048336949,97,49,96
96,1714,4327225663321009961,97,49,104
96,1715,10330285493878781819,97,49,100
96,1716,6646318738055816078,97,49,100
96,1717,9543341676361368447,97,49,100
96,1718,6202953893017140049,97,49,100
96,1719,5419510668175979368,97,49,100
96,1720,2790854516832760057,97,49,100
96,1721,8435759137507133497,97,49,100
96,1722,14745213713476959612,97,49,104
96,1723,1279609351448326372,97,49,100
96,1724,13817290275509985184,97,49,100
96,1725,6465198552016704817,97,49,96
96,1726,6578750989435915117,97,49,100
96,1727,2865939143232660060,97,49,104
96,1728,9772498269748119364,97,49,96
96,1729,14604334302947595247,97,49,104
96,1730,6327321809840937301,97,49,108
96,1731,2121737351562583882,97,49,100
96,1732,13684887318502102117,97,49,104
96,1733,16032052815071011187,97,49,100
96,1734,15902340978259152862,97,49,104
96,1735,1912661672381068773,97,49,100
96,1736,17656463764690567717,97,49,104
96,1737,15159716237269346989,97,49,96
96,1738,14080504076983636488,97,49,100
96,1739,11830815945257429280,97,49,100
96,1740,6627489945897513060,97,49,104
96,1741,476141784723861923,97,49,100
96,1742,15119412558357908005,97,49,104
96,1743,2381576193633270029,97,49,100
96,1744,3933808816135026891,97,49,100
96,1745,3959732067847546399,97,49,100
96,1746,2129926264687007928,97,49,108
96,1747,17771656095470412682,97,49,96
96,1748,6399093407194407982,97,49,100
96,1749,10766668612578062891,97,49,96
96,1750,12344612613199659681,97,49,100
96,1751,3555898211864711178,97,49,104
96,1752,8748907428160154918,97,49,100
96,1753,5576965527559067704,97,49,100
96,1754,3928368420932143652,97,49,100
96,1755,11342707447635540248,97,49,96
96,1756,1759362668207068741,97,49,100
96,1757,2481952771921771581,97,49,96
96,1758,3744591405342018177,97,49,104
96,1759,169108909845561321,97,49,104
96,1760,8024424377829573575,97,49,96
96,1761,7527234489062648236,97,49,104
96,1762,16175495749968303424,97,49,104
96,1763,7572904363042764782,97,49,100
96,1764,13696160023370030871,97,49,104
96,1765,15140828752584837813,97,49,100
96,1766,12800614758436159616,97,49,100
96,1767,16729919006167546341,97,49,104
96,1768,14379202608025013378,97,49,100
96,1769,7966055358067233728,97,49,104
96,1770,15734445845808490730,97,49,100
96,1771,14715535274969152098,97,49,100
96,1772,6672813098469122642,97,49,104
96,1773,3825572626561370642,97,49,104
96,1774,8978288263971619893,97,49,100
96,1775,9147494450088613836,97,49,100
96,1776,218887248484995121,97,49,104
96,1777,16351166337222930545,97,49,100
96,1778,1932537988413933678,97,49,96
96,1779,10615714521455034750,97,49,100
96,1780,14939112982059895794,97,49,104
96,1781,9649695595248023008,97,49,96
96,1782,477909644641510341,97,49,100
96,1783,5681589910329500975,97,49,104
96,1784,10442295240914776644,97,49,100
96,1785,15388152585894539970,97,49,96
96,1786,6454170209417168352,97,49,100
96,1787,224620439349834292,97,49,108
96,1788,14736473868560797148,97,49,104
96,1789,17820621050040404554,97,49,100
96,1790,16231286943851814531,97,49,100
96,1791,1285226834200348495,97,49,100
96,1792,10073805510013968262,97,49,104
96,1793,15067169575464025402,97,49,104
96,1794,6818498553635518535,97,49,100
96,1795,4905673301466403878,97,49,108
96,1796,7473316587870831807,97,49,104
96,1797,8295055209987368478,97,49,100
96,1798,14769850617371656936,97,49,100
96,1799,4910791628030103709,97,49,104
96,1800,8953307037517002827,97,49,104
96,1801,283957931358304737,97,49,100
96,1802,2573791278175931298,97,49,104
96,1803,4154982684397131451,97,49,100
96,1804,7730383433080294008,97,49,104
96,1805,1855581247749082494,97,49,96
96,1806,2207549331289044858,97,49,104
96,1807,12239240776865919856,97,49,104
96,1808,14503107966568432227,97,49,100
96,1809,13123290059918550352,97,49,104
96,1810,1856551535453996372,97,49,104
96,1811,11810641854927032109,97,49,104
96,1812,17709917730966144256,97,49,104
96,1813,7075900464935893808,97,49,100
96,1814,13485622487001951584,97,49,100
96,1815,2402453780325800389,97,49,104
96,1816,15710516980161867769,97,49,100
96,1817,16335115583161735145,97,49,100
96,1818,9587771829905685887,97,49,96
96,1819,17987073499068913730,97,49,100
96,1820,3899067038523289908,97,49,100
96,1821,8411959933405277236,97,49,104
96,1822,11917477662795851892,97,49,104
96,1823,5711826252982816688,97,49,104
96,1824,15926027071551819917,97,49,100
96,1825,7147347473262436991,97,49,104
96,1826,4820689245562515894,97,49,100
96,1827,6645583054588780960,97,49,100
96,1828,2024029503977410835,97,49,100
96,1829,3762046237223587903,97,49,100
96,1830,4337494554130532847,97,49,104
96,1831,11573081210687931101,97,49,104
96,1832,16176581983764849453,97,49,100
96,1833,17209477113039105628,97,49,96
96,1834,18046049250586567408,97,49,100
96,1835,14973258082657381666,97,49,100
96,1836,10366151661671695671,97,49,104
96,1837,10044345548608973375,97,49,100
96,1838,12388920587190817069,97,49,104
96,1839,8517845009342836982,97,49,104
96,1840,11560086338993098902,97,49,108
96,1841,3634009182136911961,97,49,100
96,1842,2275370930093370964,97,49,104
96,1843,3834766823416705480,97,49,96
96,1844,14454364484860911168,97,49,104
96,1845,650670479155866128,97,49,104
96,1846,14785549398641924703,97,49,100
96,1847,5007770766602552029,97,49,104
96,1848,2020690203442140825,97,49,100
96,1849,7892628804781143248,97,49,100
96,1850,4451869970363711068,97,49,104
96,1851,1290169340344873546,97,49,104
96,1852,16739969558010782389,97,49,104
96,1853,16555932507775178032,97,49,100
96,1854,13324886598888005138,97,49,104
96,1855,6529656028753509440,97,49,100
96,1856,1867529769964475563,97,49,104
96,1857,10249986401260034500,97,49,104
96,1858,7876470510518908636,97,49,108
96,1859,7492180194242549685,97,49,104
96,1860,6150645518452364114,97,49,104
96,1861,14640693113719588247,97,49,100
96,1862,9667182213890041426,97,49,104
96,1863,10443451238944504782,97,49,104
96,1864,2567610573489239145,97,49,100
96,1865,10083756880870917472,97,49,108
96,1866,10808874946460909639,97,49,100
96,1867,9165114841595086508,97,49,100
96,1868,4786514397800678705,97,49,100
96,1869,218534834431452450,97,49,104
96,1870,697896885884455907,97,49,104
96,1871,17633635983612375571,97,49,100
96,1872,7081396001066799755,97,49,100
96,1873,9920680767177170363,97,49,100
96,1874,1076708755920790468,97,49,100
96,1875,4781790982850191236,97,49,104
96,1876,10361098448569465804,97,49,104
96,1877,15778206381600998236,97,49,100
96,1878,15504836531430558224,97,49,104
96,1879,9928754011484505367,97,49,104
96,1880,3265425355770924139,97,49,100
96,1881,15995740106266513258,97,49,104
96,1882,8941955972511346477,97,49,96
96,1883,12428304187716734022,97,49,104
96,1884,16984392400532381148,97,49,108
96,1885,2816634910331631566,97,49,104
96,1886,16947738507658525276,97,49,100
96,1887,809613432292823152,97,49,104
96,1888,263509636925571819,97,49,104
96,1889,16999313980787420875,97,49,100
96,1890,16777204961168781624,97,49,96
96,1891,749234306682051601,97,49,104
96,1892,13873383953512770632,97,49,100
96,1893,7053224745945618140,97,49,96
96,1894,15922963305597282103,97,49,100
96,1895,4272270691485764370,97,49,104
96,1896,10526643347306092675,97,49,100
96,1897,18411903228822620960,97,49,100
96,1898,17386001320028060867,97,49,100
96,1899,11041528330702685595,97,49,100
96,1900,8586492667784244423,97,49,100
96,1901,10032769611283828074,97,49,104
96,1902,9379675340691475489,97,49,100
96,1903,3068724640390510185,97,49,100
96,1904,531412762083526974,97,49,100
96,1905,14020587285846380084,97,49,100
96,1906,2806730387071992715,97,49,100
96,1907,15539360589906778915,97,49,104
96,1908,14767696931137118783,97,49,100
96,1909,9995950747382118164,97,49,104
96,1910,5371496220923061422,97,49,100
96,1911,5197566711767740096,97,49,100
96,1912,9612177814304900583,97,49,100
96,1913,2770173611751422639,97,49,104
96,1914,5891287467768242956,97,49,104
96,1915,5784299224141072523,97,49,104
96,1916,12466018685609674097,97,49,100
96,1917,14126061066755695996,97,49,100
96,1918,1323963892353609879,97,49,100
96,1919,16759228309407115893,97,49,100
96,1920,11185263574613774036,97,49,100
96,1921,6219345114587716543,97,49,104
96,1922,3739897736053152488,97,49,100
96,1923,8622017814136234670,97,49,100
96,1924,8005123420868419586,97,49,100
96,1925,1485269183195791652,97,49,96
96,1926,814053362276404351,97,49,100
96,1927,13310994510443426505,97,49,104
96,1928,13684913868238520440,97,49,100
96,1929,5274893607885111989,97,49,104
96,1930,3573572556729418476,97,49,104
96,1931,11009012716600054586,97,49,100
96,1932,13032384378652329010,97,49,108
96,1933,5025231900871662599,97,49,100
96,1934,13756541204755554275,97,49,104
96,1935,91400815629035676,97,49,100
96,1936,11884262742791341607,97,49,96
96,1937,8462523033469868510,97,49,100
96,1938,9507061124666160044,97,49,96
96,1939,1577531449900286502,97,49,100
96,1940,12192953169566206772,97,49,100
96,1941,14638112614920455859,97,49,104
96,1942,7824746570743635444,97,49,104
96,1943,14869113119558372521,97,49,100
96,1944,11330292008432301839,97,49,104
96,1945,2285707339130613821,97,49,100
96,1946,7155141842668046877,97,49,100
96,1947,5609215547794005066,97,49,104
96,1948,327677844253013702,97,49,100
96,1949,12178211192660953845,97,49,104
96,1950,312711066994456230,97,49,100
96,1951,8570358962685603711,97,49,100
96,1952,9870504838908614946,97,49,100
96,1953,6891407456238736730,97,49,104
96,1954,17402465388129394051,97,49,104
96,1955,11431656874326214915,97,49,100
96,1956,2777289323128684349,97,49,104
96,1957,13639794681897314244,97,49,104
96,1958,16207256147401443859,97,49,100
96,1959,2963219961550510633,97,49,100
96,1960,14759695610701466500,97,49,104
96,1961,8100484046485559755,97,49,104
96,1962,7343347806362799315,97,49,104
96,1963,5732875523109969508,97,49,100
96,1964,2615617196215641792,97,49,104
96,1965,10126313741927847933,97,49,100
96,1966,11029772132212676861,97,49,104
96,1967,8157419181189677446,97,49,104
96,1968,5010222638424830291,97,49,100
96,1969,10640519771036993970,97,49,104
96,1970,3426003048354857142,97,49,100
96,1971,16634342535531224565,97,49,100
96,1972,9089238445332495632,97,49,100
96,1973,7909610939564236371,97,49,100
96,1974,3910629354981608048,97,49,104
96,1975,17540595167668421698,97,49,100
96,1976,16578195830675160189,97,49,104
96,1977,3986052853959708637,97,49,104
96,1978,13608644439189686147,97,49,104
96,1979,3138506692313200169,97,49,100
96,1980,13276073843313589660,97,49,96
96,1981,16885234411776745702,97,49,100
96,1982,6765283103783093135,97,49,100
96,1983,8931790304641530549,97,49,100
96,1984,6171802622241298883,97,49,104
96,1985,7326718912553572541,97,49,100
96,1986,11219070659653946662,97,49,104
96,1987,7402958665600908376,97,49,100
96,1988,1439345875537853069,97,49,100
96,1989,6309219537252860897,97,49,100
96,1990,15595280421939490223,97,49,104
96,1991,14283884300880867009,97,49,100
96,1992,13609437694147485181,97,49,100
96,1993,4914371147750681415,97,49,104
96,1994,2406749382721379137,97,49,104
96,1995,9362610648525286791,97,49,100
96,1996,995279104410651496,97,49,104
96,1997,11868228111633835254,97,49,100
96,1998,5160754148389962892,97,49,100
96,1999,947364106008719940,97,49,104
96,2000,1896645097162349068,97,49,104
96,2001,5457314459079764859,97,49,104
96,2002,10299030745015160400,97,49,104
96,2003,8792464330086002131,97,49,100
96,2004,9854024892441150178,97,49,96
96,2005,6142343944061427448,97,49,104
96,2006,5836024108330220781,97,49,100
96,2007,16775480303659738570,97,49,104
96,2008,2048564192262884002,97,49,104
96,2009,5587744001565810596,97,49,100
96,2010,13472550888928948537,97,49,100
96,2011,440763496678043478,97,49,100
96,2012,11585324604099405147,97,49,104
96,2013,8250734024592857550,97,49,104
96,2014,3518301400649385294,97,49,104
96,2015,10976058335508869465,97,49,104
96,2016,8433387990468974909,97,49,108
96,2017,18354840779198920121,97,49,100
96,2018,6931026640817492900,97,49,104
96,2019,12797927007020678023,97,49,100
96,2020,4199176446818750508,97,49,100
96,2021,3128453227052417506,97,49,100
96,2022,7983894903607433275,97,49,100
96,2023,8667851962941630000,97,49,100
96,2024,17869217862298016235,97,49,100
96,2025,3669022091405150292,97,49,100
96,2026,3154814399979767329,97,49,100
96,2027,8361802615324502324,97,49,104
96,2028,621807503835378764,97,49,104
96,2029,13840401306449284527,97,49,104
96,2030,5491522813401983133,97,49,104
96,2031,7535727179899850320,97,49,100
96,2032,98050914463673866,97,49,100
96,2033,4110967909279267928,97,49,104
96,2034,4773522273836914249,97,49,104
96,2035,16167175721035799056,97,49,100
96,2036,11728519703410791526,97,49,104
96,2037,4357108036850846881,97,49,100
96,2038,10306151989302590624,97,49,104
96,2039,1549188884316035883,97,49,104
96,2040,11177029602353782215,97,49,100
96,2041,7276129936972130103,97,49,100
96,2042,12062389277819183144,97,49,96
96,2043,4982030543680139891,97,49,100
96,2044,17064359818383500423,97,49,100
96,2045,16254305106003522148,97,49,104
96,2046,1572646732439089473,97,49,104
96,2047,6720667127340083891,97,49,104
96,2048,7057195826982621076,97,49,100
96,2049,14302963306870049917,97,49,96
96,2050,14413189045172041388,97,49,100
96,2051,2770834602858976699,97,49,96
96,2052,12409783809156209302,97,49,100
96,2053,5477590753562674981,97,49,104
96,2054,3223876344088642434,97,49,108
96,2055,4574064800606571864,97,49,104
96,2056,9793748184777349562,97,49,100
96,2057,17085124297323502988,97,49,104
96,2058,14236071932097170237,97,49,100
96,2059,4832026266461560743,97,49,100
96,2060,3685992509992513475,97,49,100
96,2061,12905032962804010453,97,49,104
96,2062,7286336144938712791,97,49,96
96,2063,5561976868845193420,97,49,100
96,2064,15068964519691412340,97,49,104
96,2065,3250597846321194689,97,49,104
96,2066,9712077103244176284,97,49,104
96,2067,9642200209176056470,97,49,104
96,2068,10040632880974238037,97,49,96
96,2069,1145474244660159736,97,49,100
96,2070,3897919608703043363,97,49,100
96,2071,6757931747284805946,97,49,100
96,2072,4401323185954444242,97,49,100
96,2073,10531468454693293287,97,49,100
96,2074,15970060103061598603,97,49,100
96,2075,1394303023793282930,97,49,100
96,2076,5579441207367263076,97,49,100
96,2077,3536523649269191647,97,49,100
96,2078,16690429851626838453,97,49,104
96,2079,3017941544009783874,97,49,100
96,2080,1519712937812401046,97,49,100
96,2081,12386651550184934614,97,49,96
96,2082,2275285939591357409,97,49,100
96,2083,532747891107600132,97,49,100
96,2084,7289057183525562613,97,49,104
96,2085,6600485596708390655,97,49,104
96,2086,277787364842494373,97,49,96
96,2087,4824249527942312453,97,49,104
96,2088,2914395161463510322,97,49,100
96,2089,3518154865707272911,97,49,100
96,2090,17135574890662633037,97,49,104
96,2091,10558026806909740318,97,49,96
96,2092,9653447500854306949,97,49,108
96,2093,13123785586577957763,97,49,96
96,2094,11430873375562822687,97,49,104
96,2095,9316834172994924675,97,49,100
96,2096,8539923230519670041,97,49,100
96,2097,948477861413126092,97,49,104
96,2098,3573282730863266713,97,49,100
96,2099,1608374974844272453,97,49,96
96,2100,10535985762545274071,97,49,104
96,2101,6520173024865312019,97,49,100
96,2102,18079689054354469866,97,49,104
96,2103,2805888723959933493,97,49,100
96,2104,1562275998258299307,97,49,104
96,2105,10394535164861630354,97,49,100
96,2106,1605272346530227679,97,49,104
96,2107,17559207531463612303,97,49,104
96,2108,3683775800486767094,97,49,96
96,2109,14666204985209326025,97,49,104
96,2110,9286269534471282943,97,49,100
96,2111,7310057340339384128,97,49,104
96,2112,10508570120323144485,97,49,100
96,2113,10547842036155945966,97,49,100
96,2114,2511964818634246083,97,49,100
96,2115,15638419668424274635,97,49,100
96,2116,2428799730911955070,97,49,100
96,2117,10175900021495037452,97,49,100
96,2118,9590643328799770807,97,49,100
96,2119,1174236084828766550,97,49,96
96,2120,5419227860655750397,97,49,104
96,2121,7624493989824572082,97,49,100
96,2122,3328115441054231908,97,49,104
96,2123,885313357762280199,97,49,104
96,2124,15013157779802321666,97,49,104
96,2125,1314313206422783057,97,49,104
96,2126,9033165970037148483,97,49,104
96,2127,9460762642137443404,97,49,104
96,2128,13318468113979835598,97,49,100
96,2129,1445232671305062583,97,49,104
96,2130,15518755144047299086,97,49,104
96,2131,14118047093263513329,97,49,104
96,2132,13685836847465975720,97,49,100
96,2133,2816021240073798580,97,49,100
96,2134,1447819561659501083,97,49,108
96,2135,3872465135470496423,97,49,100
96,2136,2560819569612229085,97,49,100
96,2137,9803267861115439310,97,49,100
96,2138,6750976182452188026,97,49,100
96,2139,2168225222258384978,97,49,100
96,2140,6391273056329714642,97,49,96
96,2141,14330510840753299176,97,49,100
96,2142,12292944352965836223,97,49,100
96,2143,14493482567329060035,97,49,100
96,2144,3485284506333774760,97,49,100
96,2145,5269100049220189820,97,49,96
96,2146,13769116984777271496,97,49,100
96,2147,631984064250505028,97,49,104
96,2148,14609855521329338000,97,49,100
96,2149,13814818883257990918,97,49,104
96,2150,2805334763743238228,97,49,100
96,2151,10924170504772014656,97,49,104
96,2152,11034073147645839567,97,49,104
96,2153,8281843233377020071,97,49,100
96,2154,7555548981397366806,97,49,108
96,2155,16312709209279810223,97,49,104
96,2156,3662630467117030852,97,49,104
96,2157,8147144406588947108,97,49,96
96,2158,16404625790461672012,97,49,100
96,2159,14027615690040239024,97,49,104
96,2160,16664927673817035367,97,49,92
96,2161,3480028017222114780,97,49,100
96,2162,618306986466488918,97,49,104
96,2163,7365733762307133208,97,49,104
96,2164,5242379630255469631,97,49,104
96,2165,2625098919553951278,97,49,104
96,2166,2507168864118539439,97,49,96
96,2167,1369629740791554369,97,49,104
96,2168,9044325706279049570,97,49,100
96,2169,13404087789675217079,97,49,100
96,2170,14513842522064979650,97,49,100
96,2171,1509614988671515246,97,49,104
96,2172,3214846376007960774,97,49,100
96,2173,15400395573463289473,97,49,100
96,2174,14346150407459677390,97,49,104
96,2175,17038927293313222159,97,49,100
96,2176,10870309828051502631,97,49,100
96,2177,5067883880509701757,97,49,96
96,2178,16570760412395782372,97,49,100
96,2179,7153201479563238595,97,49,104
96,2180,14177241111986427780,97,49,104
96,2181,9115169949224493334,97,49,100
96,2182,16041814277047955474,97,49,100
96,2183,12595291014903843117,97,49,104
96,2184,5941835897034702014,97,49,104
96,2185,9839758872626613119,97,49,100
96,2186,16967901443367980285,97,49,100
96,2187,4545017253378438922,97,49,104
96,2188,5775166368810602816,97,49,104
96,2189,13450479968143415844,97,49,104
96,2190,17746771994548160395,97,49,96
96,2191,9688400137549805871,97,49,104
96,2192,14000259996917584150,97,49,100
96,2193,17055854403219180494,97,49,104
96,2194,4674273250931299764,97,49,104
96,2195,5322917456906110798,97,49,100
96,2196,9684027361284443179,97,49,100
96,2197,1224073644198044178,97,49,100
96,2198,2564662473481239332,97,49,100
96,2199,10692254990891212068,97,49,100
96,2200,7409036907988446471,97,49,100
96,2201,11017420085649929338,97,49,96
96,2202,11039846220150395407,97,49,100
96,2203,2777481021694838596,97,49,104
96,2204,16243468900188935720,97,49,104
96,2205,6318986614119618815,97,49,100
96,2206,398412257504760982,97,49,104
96,2207,5001248191290533653,97,49,96
96,2208,6643187005708352841,97,49,100
96,2209,16345292058137337510,97,49,104
96,2210,13273911384533485721,97,49,100
96,2211,10911734112041244974,97,49,100
96,2212,7722204564176544777,97,49,104
96,2213,3198582552733437493,97,49,100
96,2214,12355315617266233177,97,49,96
96,2215,6494521418684702549,97,49,100
96,2216,6509454004130952167,97,49,100
96,2217,18399427406503559400,97,49,108
96,2218,9192362378379814836,97,49,100
96,2219,10295680920551977459,97,49,100
96,2220,14993172425660804323,97,49,104
96,2221,2018201378511560946,97,49,104
96,2222,6319641993649897899,97,49,104
96,2223,4279924046841642249,97,49,104
96,2224,8049504727653911470,97,49,96
96,2225,1322439573166744048,97,49,100
96,2226,6231603123315955582,97,49,92
96,2227,18255971937588750543,97,49,96
96,2228,5667859031332573780,97,49,104
96,2229,763219559664508147,97,49,100
96,2230,7225426825664779422,97,49,100
96,2231,16100552670149910530,97,49,104
96,2232,7888362408917793474,97,49,100
96,2233,11378178850784945744,97,49,100
96,2234,1158857184559450461,97,49,100
96,2235,4538468929655265391,97,49,100
96,2236,13959987655263783953,97,49,100
96,2237,1380722565841928045,97,49,100
96,2238,13788232133170941278,97,49,100
96,2239,8540539038546906684,97,49,100
96,2240,9749741557736751601,97,49,104
96,2241,3144507509445365748,97,49,104
96,2242,4931420938382456048,97,49,100
96,2243,11828556960555938826,97,49,104
96,2244,1815489704123437776,97,49,104
96,2245,6836396013594913154,97,49,100
96,2246,4484825345973260905,97,49,96
96,2247,10180239963840582556,97,49,104
96,2248,7160372225263007094,97,49,104
96,2249,15369756017778529832,97,49,100
96,2250,15367886760746927743,97,49,96
96,2251,5629793369949346031,97,49,100
96,2252,3594908638814782666,97,49,100
96,2253,2572895055385013052,97,49,100
96,2254,15485943537099738874,97,49,104
96,2255,7460430616686322876,97,49,96
96,2256,2429947649842742074,97,49,96
96,2257,15847615477963895048,97,49,96
96,2258,17727794511508303935,97,49,100
96,2259,6750394737900380095,97,49,104
96,2260,9315740054835087099,97,49,104
96,2261,2309880686401431209,97,49,104
96,2262,11297760514046223607,97,49,100
96,2263,15523637326652711428,97,49,96
96,2264,15209307027155414977,97,49,104
96,2265,9280512406494172003,97,49,100
96,2266,446575254726316855,97,49,108
96,2267,11691866283645162292,97,49,100
96,2268,9262712577524233708,97,49,104
96,2269,11182815169111081357,97,49,104
96,2270,16760298399571483551,97,49,104
96,2271,13305933659938558687,97,49,100
96,2272,16179172752722343972,97,49,100
96,2273,1565558383606472033,97,49,100
96,2274,18195830389371443203,97,49,104
96,2275,6408498051288859890,97,49,104
96,2276,8148825901217044177,97,49,108
96,2277,12208671449508170964,97,49,104
96,2278,7108498787812947969,97,49,100
96,2279,13456839318071288689,97,49,100
96,2280,7748167943349189451,97,49,104
96,2281,2114715114313500098,97,49,100
96,2282,16945191314728382963,97,49,104
96,2283,1799618041082626264,97,49,104
96,2284,5108732600153368791,97,49,96
96,2285,11587748073157197548,97,49,100
96,2286,3147420444231999189,97,49,104
96,2287,4058440025435311177,97,49,100
96,2288,15162703398504005238,97,49,100
96,2289,6506664327473323704,97,49,100
96,2290,13031000411033780012,97,49,100
96,2291,6607767978112110006,97,49,104
96,2292,14585947626873452481,97,49,100
96,2293,16131782636658802032,97,49,104
96,2294,10114639877742278278,97,49,104
96,2295,454789534163792118,97,49,100
96,2296,3719800735540572758,97,49,100
96,2297,17761707409258402178,97,49,100
96,2298,6735038236167790890,97,49,100
96,2299,12761988538997341465,97,49,100
96,2300,15203872829800354374,97,49,100
96,2301,31007022785945596,97,49,100
96,2302,3234371771933925151,97,49,96
96,2303,13563766928934362700,97,49,100
96,2304,4757411107481472550,97,49,100
96,2305,6163258235458304820,97,49,104
96,2306,7080205699177910502,97,49,108
96,2307,13241497870240589336,97,49,96
96,2308,3705430814743104886,97,49,104
96,2309,3205588416874679279,97,49,96
96,2310,11046984994069032826,97,49,104
96,2311,10960992561379775469,97,49,104
96,2312,13878601756620549548,97,49,104
96,2313,8356509908333434654,97,49,104
96,2314,16377414232827641887,97,49,104
96,2315,4967734009028641950,97,49,100
96,2316,15435859255455743055,97,49,100
96,2317,17753619882348863974,97,49,104
96,2318,5569196851405727737,97,49,104
96,2319,1413672001777231335,97,49,104
96,2320,15998222477951747225,97,49,104
96,2321,3655764656834112681,97,49,100
96,2322,10862719500780437959,97,49,96
96,2323,18396473693230743552,97,49,108
96,2324,13115319710776818061,97,49,104
96,2325,4355502955966803869,97,49,104
96,2326,17624290975975957676,97,49,100
96,2327,3937977840691532084,97,49,108
96,2328,8230975366016073608,97,49,96
96,2329,16671119148520796606,97,49,100
96,2330,7570673939902946119,97,49,100
96,2331,2106347566227899613,97,49,100
96,2332,8962669914061442282,97,49,100
96,2333,5801450866324324714,97,49,96
96,2334,6054323910212259607,97,49,104
96,2335,14775072030029332986,97,49,100
96,2336,2029130062728308715,97,49,104
96,2337,15982958264359355489,97,49,104
96,2338,17704525045162657268,97,49,100
96,2339,8210610744765661100,97,49,104
96,2340,2463130438811876922,97,49,100
96,2341,12942816492382172424,97,49,100
96,2342,7225281881681067192,97,49,104
96,2343,16391795921544829097,97,49,104
96,2344,14532851886494238641,97,49,100
96,2345,15630387444152188159,97,49,100
96,2346,17970886578884969393,97,49,104
96,2347,17337194332611659354,97,49,96
96,2348,17243807133931239397,97,49,100
96,2349,12143134225646092602,97,49,100
96,2350,6510228792272320642,97,49,104
96,2351,15667751334080042713,97,49,104
96,2352,12946545582117359226,97,49,104
96,2353,15694739036538843073,97,49,100
96,2354,5111455146464628951,97,49,100
96,2355,7926786293734524085,97,49,104
96,2356,1067534959775400363,97,49,100
96,2357,13209521051704564905,97,49,104
96,2358,15325227643487980857,97,49,100
96,2359,6626246266178157695,97,49,96
96,2360,13664270483698051705,97,49,104
96,2361,14273418281431532839,97,49,104
96,2362,3112290913724184415,97,49,108
96,2363,6370790488174212067,97,49,100
96,2364,17645430181701622843,97,49,100
96,2365,6344657934666531214,97,49,100
96,2366,8192983302493543111,97,49,100
96,2367,16925860767637961054,97,49,100
96,2368,13667747225318255370,97,49,104
96,2369,2462934371836772624,97,49,100
96,2370,6757214417361482786,97,49,96
96,2371,17035171351388296091,97,49,104
96,2372,6809266299447320333,97,49,100
96,2373,10678228974697096899,97,49,100
96,2374,16455574576003571093,97,49,100
96,2375,2283623251158078594,97,49,104
96,2376,17594771370710355517,97,49,104
96,2377,7598865438311526311,97,49,104
96,2378,11559164750275120059,97,49,100
96,2379,16203603006436995422,97,49,104
96,2380,9652694775160495463,97,49,96
96,2381,1695911199913644592,97,49,104
96,2382,8515465678260879853,97,49,100
96,2383,2257714298818944717,97,49,104
96,2384,4322379519947503893,97,49,100
96,2385,10385083406987300105,97,49,100
96,2386,5494583363683530961,97,49,100
96,2387,3222116882109013386,97,49,100
96,2388,5088624309513194340,97,49,100
96,2389,128108419337670493,97,49,104
96,2390,7744031385456394806,97,49,100
96,2391,3898488994672411944,97,49,100
96,2392,14021435248692955258,97,49,108
96,2393,14467761605379191977,97,49,104
96,2394,3442540741740789998,97,49,100
96,2395,14300214798438224182,97,49,100
96,2396,1554048023328804377,97,49,100
96,2397,6583670430410530828,97,49,104
96,2398,4907600141866727779,97,49,104
96,2399,240865000411988015,97,49,104
96,2400,15900256243312976394,97,49,96
96,2401,6095128181934025891,97,49,100
96,2402,15394337875326685479,97,49,100
96,2403,203702932010045669,97,49,100
96,2404,17981087635692494964,97,49,104
96,2405,5026299842303977480,97,49,100
96,2406,11777169101276605059,97,49,100
96,2407,4929483483566492297,97,49,104
96,2408,16662582977857084726,97,49,104
96,2409,557089323154246946,97,49,100
96,2410,9722897809809872844,97,49,100
96,2411,3026014473887369902,97,49,104
96,2412,12659191923654636664,97,49,100
96,2413,2670835665112243995,97,49,100
96,2414,805740024858909615,97,49,104
96,2415,3300818599481997832,97,49,104
96,2416,17441353271464089434,97,49,104
96,2417,11101568346876831647,97,49,100
96,2418,7362697816004384853,97,49,104
96,2419,4670918928017151798,97,49,104
96,2420,18153551688348240936,97,49,104
96,2421,2696779778605921460,97,49,100
96,2422,1385294748301384707,97,49,104
96,2423,2084470486669836530,97,49,100
96,2424,9979303436160968807,97,49,100
96,2425,17165952459550826737,97,49,100
96,2426,5773044862385324659,97,49,100
96,2427,16227638509196664113,97,49,100
96,2428,13167417348552036106,97,49,100
96,2429,11775038254015994818,97,49,100
96,2430,4078419468686684152,97,49,100
96,2431,5776220704646718246,97,49,100
96,2432,15650242597495869917,97,49,96
96,2433,17866836699353218052,97,49,104
96,2434,17033923977887613303,97,49,100
96,2435,12565612227113057970,97,49,104
96,2436,15594359937850383575,97,49,100
96,2437,6282032257872001441,97,49,100
96,2438,3736260552925370757,97,49,96
96,2439,6873793525875667685,97,49,100
96,2440,8315347749471144975,97,49,100
96,2441,1055849083621061016,97,49,104
96,2442,10263220090798355616,97,49,100
96,2443,10270533210089996214,97,49,100
96,2444,11417533417755095159,97,49,100
96,2445,590919995622562270,97,49,100
96,2446,577271995580530194,97,49,100
96,2447,5995518180207485833,97,49,104
96,2448,6128886129990830884,97,49,100
96,2449,7464894623997798077,97,49,104
96,2450,7448871234049789317,97,49,100
96,2451,16906694217627587367,97,49,100
96,2452,16925019053262638626,97,49,96
96,2453,347677755204524933,97,49,104
96,2454,17378024887153125180,97,49,100
96,2455,13986059758799456439,97,49,100
96,2456,3123110283047965547,97,49,100
96,2457,11201162499422201632,97,49,96
96,2458,9760466539883646846,97,49,104
96,2459,16977636369543430923,97,49,100
96,2460,17905436387463933447,97,49,104
96,2461,9604350254607892888,97,49,104
96,2462,2484433264404809676,97,49,104
96,2463,82539430026310737,97,49,100
96,2464,4409130904773249690,97,49,96
96,2465,967611618208111203,97,49,104
96,2466,6930918061135769628,97,49,100
96,2467,1320608834285103314,97,49,104
96,2468,692135088180161880,97,49,100
96,2469,14826601782606874005,97,49,104
96,2470,17292829357431006378,97,49,104
96,2471,9685477119842526684,97,49,104
96,2472,4475564171915612561,97,49,100
96,2473,17879767849374653888,97,49,100
96,2474,16645756497374636718,97,49,104
96,2475,771353497293689976,97,49,104
96,2476,10514444551282175426,97,49,100
96,2477,1631861123348616564,97,49,100
96,2478,13199309788995415255,97,49,104
96,2479,4125401039563806301,97,49,100
96,2480,7116523724738726441,97,49,100
96,2481,10152486500684203706,97,49,100
96,2482,9229716145631518009,97,49,96
96,2483,5026598412510950346,97,49,96
96,2484,3755674782341475250,97,49,104
96,2485,11913780678775228429,97,49,104
96,2486,8311596668261713425,97,49,104
96,2487,8684554013788477162,97,49,96
96,2488,10019879227427053411,97,49,104
96,2489,14947457240179038790,97,49,100
96,2490,11537123857235558218,97,49,104
96,2491,16977352504852100608,97,49,104
96,2492,17049639020672491239,97,49,104
96,2493,18156465703326429832,97,49,104
96,2494,8022206727296720314,97,49,100
96,2495,4187990674602681803,97,49,104
96,2496,13860747808398949849,97,49,104
96,2497,6295267692616869431,97,49,104
96,2498,9737581701326130003,97,49,100
96,2499,7460831098111309285,97,49,104
96,2500,16411614008461654851,97,49,104
128,1,17521330915869148419,129,65,132
128,2,4083901498815601565,129,65,132
128,3,14000673290104196579,129,65,132
128,4,17681434617984252936,129,65,136
128,5,7433283206205777697,129,65,132
128,6,15731186127952068357,129,65,140
128,7,5798370778486018644,129,65,136
128,8,12710569866049586007,129,65,140
128,9,5270252501422993776,129,65,136
128,10,3364866964119739538,129,65,136
128,11,15509390121857586721,129,65,136
128,12,17918001025778102547,129,65,136
128,13,10952165468159453942,129,65,136
128,14,1438569494869446173,129,65,132
128,15,16624936919069345841,129,65,140
128,16,4432873472073185856,129,65,136
128,17,8418162086682466382,129,65,136
128,18,15099198404088479851,129,65,136
128,19,2154673453874012461,129,65,136
128,20,2739886530872970908,129,65,140
128,21,15404054810059356575,129,65,136
128,22,1934845193197929106,129,65,136
128,23,6285529638149793063,129,65,136
128,24,15045400868294194994,129,65,132
128,25,2861429352943710958,129,65,136
128,26,7011615039360842979,129,65,132
128,27,2695559865236364708,129,65,140
128,28,4267952280229728076,129,65,136
128,29,14878203589022391247,129,65,136
128,30,7163593898658012680,129,65,136
128,31,1399017483954407658,129,65,136
128,32,1521305181237731276,129,65,132
128,33,17822900438128146620,129,65,136
128,34,13605830968448982494,129,65,132
128,35,17728447529844145550,129,65,140
128,36,8859578394626126025,129,65,136
128,37,9181474156651948415,129,65,132
128,38,3067988444894663201,129,65,136
128,39,8510735861313766184,129,65,136
128,40,3337945692603641522,129,65,132
128,41,11245751343126368441,129,65,136
128,42,9365696039176943814,129,65,136
128,43,12746091372297798440,129,65,132
128,44,3475664497810926143,129,65,132
128,45,13747530992639089127,129,65,136
128,46,9556871816877525668,129,65,136
128,47,6781820961600268958,129,65,132
128,48,7294752912213613636,129,65,132
128,49,13644900420308509828,129,65,140
128,50,10752674412400648600,129,65,136
128,51,16343038878466563981,129,65,136
128,52,8965979969026738155,129,65,136
128,53,5988190743958288688,129,65,136
128,54,9553433492484802829,129,65,136
128,55,8477011074843493171,129,65,136
128,56,9500388825190336028,129,65,128
128,57,10452251279686195456,129,65,132
128,58,3651953052979942866,129,65,132
128,59,1816674884645677971,129,65,136
128,60,17055586801022200391,129,65,132
128,61,17630562937792527882,129,65,132
128,62,11207272641142185301,129,65,136
128,63,9017600089150313593,129,65,136
128,64,8635150177628854335,129,65,132
128,65,2976849737230514766,129,65,132
128,66,9999348320748588590,129,65,132
128,67,6952100988621530161,129,65,132
128,68,10448835698923184375,129,65,136
128,69,1722190689233709421,129,65,136
128,70,5893068352424168126,129,65,132
128,71,11065357763432559518,129,65,136
128,72,9177346510898949485,129,65,132
128,73,15486632347953265294,129,65,136
128,74,3618547404351134647,129,65,136
128,75,14582303818683678233,129,65,136
128,76,1163917595867345774,129,65,140
128,77,2060303836224254596,129,65,136
128,78,10305244243221001554,129,65,136
128,79,5470162470075384918,129,65,132
128,80,4510946243084238887,129,65,132
128,81,15021150881040958190,129,65,136
128,82,1244216882634349183,129,65,136
128,83,11147339213386990362,129,65,136
128,84,4604621777603715114,129,65,144
128,85,7579545894565227833,129,65,136
128,86,3377108498150391451,129,65,140
128,87,1754411905297233195,129,65,136
128,88,2786348651437610941,129,65,144
128,89,3669210479388802417,129,65,136
128,90,11565780663482188846,129,65,132
128,91,9126364593187849305,129,65,132
128,92,12380655898183499613,129,65,136
128,93,15871681403780926529,129,65,132
128,94,17336532640932165795,129,65,136
128,95,11781913383331088870,129,65,136
128,96,5235804924879685152,129,65,132
128,97,134517319879275249,129,65,136
128,98,14718871221450751650,129,65,136
128,99,13423426071026510858,129,65,136
128,100,1599150828815791954,129,65,136
128,101,11074635523765418493,129,65,136
128,102,12459587059813541565,129,65,136
128,103,10161316913478852911,129,65,136
128,104,14887054220928345878,129,65,136
128,105,5966977711805498169,129,65,136
128,106,9667530992606434689,129,65,136
128,107,12789209715923315002,129,65,136
128,108,17454181064173624991,129,65,132
128,109,17014288684308998701,129,65,136
128,110,1851670577593368328,129,65,132
128,111,9249004299285564084,129,65,136
128,112,14976382346858507498,129,65,136
128,113,9939094459591881050,129,65,132
128,114,10198218930886522266,129,65,140
128,115,8095200397621057983,129,65,132
128,116,7556888499794310219,129,65,132
128,117,5335362846984746847,129,65,140
128,118,1988949029122103836,129,65,136
128,119,15128615395072639938,129,65,136
128,120,11484101383250405513,129,65,132
128,121,12232065087226199714,129,65,132
128,122,17741720476829746500,129,65,136
128,123,17499271234109109613,129,65,132
128,124,13827181972228880701,129,65,144
128,125,14453630023777714823,129,65,132
128,126,6190656241672058877,129,65,132
128,127,6320377167146707843,129,65,136
128,128,1218051258040490437,129,65,136
128,129,13164696741279926757,129,65,132
128,130,10077288499978249402,129,65,132
128,131,16800172300795698670,129,65,136
128,132,15167110586115791393,129,65,132
128,133,9700919641785700622,129,65,136
128,134,17488709568678269927,129,65,136
128,135,7223293492961300284,129,65,132
128,136,16498396320556222450,129,65,132
128,137,17421701140763743022,129,65,132
128,138,14735691821279306146,129,65,132
128,139,6803269018021803258,129,65,140
128,140,1275221340290406671,129,65,136
128,141,9829731422033253611,129,65,136
128,142,15705055330853064690,129,65,136
128,143,1032204599026733175,129,65,132
128,144,11814462776429141378,129,65,136
128,145,751201311741995945,129,65,132
128,146,14019783689380558994,129,65,132
128,147,3658704048491436773,129,65,136
128,148,3909440753621447975,129,65,128
128,149,12157296744175571765,129,65,136
128,150,5114690068819474907,129,65,136
128,151,5772135143384754582,129,65,136
128,152,1794122082619219638,129,65,136
128,153,12850242008367285871,129,65,132
128,154,15754067742706041768,129,65,132
128,155,5964323447866821245,129,65,136
128,156,6983705554363087310,129,65,136
128,157,8883739013925797134,129,65,132
128,158,3545822158490133966,129,65,136
128,159,13242069959822160303,129,65,140
128,160,9602864768604137277,129,65,140
128,161,11895339983882990300,129,65,136
128,162,12800266759147342733,129,65,136
128,163,4663914374002816098,129,65,132
128,164,5598744742722490057,129,65,136
128,165,2245971235674026572,129,65,136
128,166,15348114899541254314,129,65,132
128,167,2670142484276806659,129,65,136
128,168,10332213022059555226,129,65,136
128,169,17288887825118655099,129,65,136
128,170,17391873974589146580,129,65,136
128,171,15565934467640057516,129,65,136
128,172,5015889008572383512,129,65,136
128,173,5549513277373202180,129,65,136
128,174,4110850426715861656,129,65,136
128,175,14327587105931343004,129,65,132
128,176,11127257955517215472,129,65,128
128,177,14931617604042771529,129,65,136
128,178,10045244979212657858,129,65,132
128,179,12690287335033169573,129,65,140
128,180,9071163867494530267,129,65,128
128,181,5497787401334054684,129,65,136
128,182,13521958186151383001,129,65,128
128,183,4994002808252889849,129,65,136
128,184,11681000887143727923,129,65,136
128,185,7836029446377927901,129,65,132
128,186,656745144941221391,129,65,132
128,187,15620231736746912480,129,65,136
128,188,12618261780827967913,129,65,136
128,189,16668527402682017871,129,65,132
128,190,610560259852390349,129,65,136
128,191,11663408555696747455,129,65,136
128,192,8804786122947790692,129,65,140
128,193,2330818446714137787,129,65,132
128,194,12356498780194073591,129,65,128
128,195,12883136651748674078,129,65,132
128,196,5941769836123396518,129,65,136
128,197,2664907741141069076,129,65,132
128,198,14636494080644083090,129,65,136
128,199,14824723345023749778,129,65,132
128,200,10112723774431585836,129,65,136
128,201,1410794238845676815,129,65,136
128,202,12007343797653912112,129,65,132
128,203,151411758142136240,129,65,136
128,204,13383661305711520258,129,65,136
128,205,4151784701079923369,129,65,132
128,206,13878990843963371787,129,65,136
128,207,12152345102813263134,129,65,132
128,208,10924072515525656806,129,65,136
128,209,6124130139272643916,129,65,132
128,210,10963470933172850295,129,65,140
128,211,5296466304517392194,129,65,128
128,212,14174818268741804978,129,65,140
128,213,8437458251189821672,129,65,136
128,214,5002821558794904323,129,65,136
128,215,15494531754351890916,129,65,132
128,216,16322617713579622906,129,65,136
128,217,11504158643021867476,129,65,132
128,218,11065644897686439390,129,65,132
128,219,3414584971086667782,129,65,136
128,220,8200072079097958488,129,65,132
128,221,11861471689278025974,129,65,132
128,222,8201481566598723861,129,65,136
128,223,12636097207414180891,129,65,136
128,224,17871627222295209242,129,65,136
128,225,7883507547810260333,129,65,132
128,226,5038226480390606311,129,65,136
128,227,13466360313753656349,129,65,132
128,228,9814034491925271973,129,65,136
128,229,16220317839089019058,129,65,140
128,230,4460915612446169003,129,65,132
128,231,182419549208238187,129,65,136
128,232,41555042287059075,129,65,136
128,233,10209312936545287921,129,65,136
128,234,14300925344197071916,129,65,136
128,235,5915430762458325111,129,65,136
128,236,12629093677593800690,129,65,136
128,237,187533780036434390,129,65,136
128,238,16102568199474560306,129,65,136
128,239,12582021877700524821,129,65,136
128,240,11947451396312930630,129,65,136
128,241,16365135429169727968,129,65,136
128,242,5651394916214403034,129,65,136
128,243,15876206732323571098,129,65,128
128,244,10279947547390987421,129,65,136
128,245,17423049987268866337,129,65,136
128,246,10045556738521818514,129,65,132
128,247,8188209062491080502,129,65,132
128,248,2572932155280010018,129,65,136
128,249,16294938384795245784,129,65,140
128,250,11669606552414252487,129,65,132
128,251,15640356982259623034,129,65,136
128,252,13894989955058144616,129,65,136
128,253,12969481437465471421,129,65,140
128,254,17403132097766032603,129,65,136
128,255,245154268189487970,129,65,136
128,256,5825187670250233071,129,65,136
128,257,5126053192673141920,129,65,136
128,258,11289114067789153359,129,65,132
128,259,3120937336980401583,129,65,140
128,260,16094164623487772566,129,65,136
128,261,17442047661331609162,129,65,136
128,262,15410304697149628915,129,65,136
128,263,8402132912775661335,129,65,136
128,264,6525413512675031109,129,65,132
128,265,3226970835967007917,129,65,140
128,266,17675423668843457802,129,65,132
128,267,13693868784577461381,129,65,136
128,268,15478640661168256712,129,65,140
128,269,13541115714751857634,129,65,136
128,270,4800426087391369257,129,65,136
128,271,12439667780249224195,129,65,132
128,272,2591305233813322565,129,65,140
128,273,13680284867748741727,129,65,132
128,274,452858679032373102,129,65,140
128,275,9028200274604222306,129,65,132
128,276,13163181695685935848,129,65,132
128,277,6398096684748220174,129,65,132
128,278,4291876448418128806,129,65,132
128,279,7352585884636018491,129,65,140
128,280,1165960473858554995,129,65,140
128,281,109444356350658018,129,65,132
128,282,5444736465702523381,129,65,136
128,283,15733339433702669134,129,65,136
128,284,1252913923247084050,129,65,136
128,285,18258911826410842029,129,65,132
128,286,181384140120465456,129,65,132
128,287,2351729599598430252,129,65,136
128,288,16833437526454057815,129,65,136
128,289,5555914516796368847,129,65,136
128,290,10545493774041660607,129,65,132
128,291,13003319900569336372,129,65,136
128,292,18281160261530079061,129,65,136
128,293,2014529965219386368,129,65,132
128,294,1356512115632349937,129,65,136
128,295,6240996778033488316,129,65,136
128,296,14493403540258939514,129,65,136
128,297,5969241048196980155,129,65,136
128,298,7772008430135845747,129,65,136
128,299,2745966597461224995,129,65,132
128,300,3661501831084380099,129,65,136
128,301,7303637988995669088,129,65,136
128,302,199068212266109938,129,65,136
128,303,4833608293845969120,129,65,136
128,304,8431087689330646294,129,65,132
128,305,1479783977888492806,129,65,136
128,306,17122372562794196408,129,65,136
128,307,203959434410855216,129,65,136
128,308,11670809874100120939,129,65,132
128,309,10936759159976493299,129,65,132
128,310,15892924486311222825,129,65,136
128,311,10189573853911767033,129,65,136
128,312,1543429386856358261,129,65,136
128,313,543477701296635972,129,65,136
128,314,16963124203687160673,129,65,140
128,315,13894154009298698901,129,65,136
128,316,5867659215842418222,129,65,136
128,317,16559664114966303345,129,65,132
128,318,17030682646081626744,129,65,140
128,319,18120371089800808981,129,65,136
128,320,2741076275763912545,129,65,136
128,321,14664389641402967766,129,65,136
128,322,4088931911250286288,129,65,132
128,323,10002600601054998391,129,65,128
128,324,7774834435236862755,129,65,136
128,325,6153802813100650825,129,65,132
128,326,4259166043206051200,129,65,136
128,327,12175705854338187417,129,65,136
128,328,15582097087780011885,129,65,132
128,329,11543859825751054130,129,65,136
128,330,15848373754729285782,129,65,140
128,331,2214594053316820516,129,65,140
128,332,6005413394954115819,129,65,136
128,333,5630441082274954177,129,65,136
128,334,11296008485018506136,129,65,132
128,335,12417753014993534451,129,65,136
128,336,10381156640191787609,129,65,132
128,337,2127024325871323355,129,65,136
128,338,14605181341905609519,129,65,140
128,339,14921921755312348524,129,65,140
128,340,5352488498379634863,129,65,136
128,341,6281833375189341873,129,65,136
128,342,9061474823152408446,129,65,132
128,343,18286486714856772696,129,65,136
128,344,3564918884887979211,129,65,136
128,345,8715238759344689726,129,65,136
128,346,2218408619462351599,129,65,132
128,347,17766722206422597830,129,65,132
128,348,5671269886218542671,129,65,136
128,349,10114262936237825586,129,65,136
128,350,13383566219147944517,129,65,136
128,351,14655608890838459137,129,65,132
128,352,7651640834312844560,129,65,132
128,353,2720092124532505633,129,65,136
128,354,12579571361201577239,129,65,136
128,355,319379588106436410,129,65,136
128,356,4662799557246579463,129,65,136
128,357,1971755209705620570,129,65,136
128,358,1704435014056484201,129,65,136
128,359,6304342274422134405,129,65,128
128,360,2066661573431092046,129,65,132
128,361,9722274842507067184,129,65,132
128,362,3373324483888097594,129,65,132
128,363,15990993254543996712,129,65,136
128,364,7603361309754978749,129,65,132
128,365,6534715249924816278,129,65,136
128,366,8615126819942079808,129,65,136
128,367,3811381882452862947,129,65,132
128,368,10827530689072451137,129,65,132
128,369,1514795965815473737,129,65,132
128,370,3303759758155222769,129,65,136
128,371,3901172724122878542,129,65,140
128,372,12001016010364696706,129,65,136
128,373,17735894286339934707,129,65,132
128,374,7495634601198489843,129,65,136
128,375,14614044661008714398,129,65,136
128,376,18028523649885798130,129,65,136
128,377,5141901124968228136,129,65,140
128,378,2294199920366661699,129,65,144
128,379,1185055541208466475,129,65,136
128,380,560484529910247180,129,65,140
128,381,14072689347251235490,129,65,136
128,382,10386448592913293173,129,65,136
128,383,17109986447003482130,129,65,136
128,384,6281860939130249591,129,65,136
128,385,12573932592770293227,129,65,136
128,386,7868196903421687702,129,65,136
128,387,4633297623476446658,129,65,132
128,388,13779620896182480175,129,65,136
128,389,15442579199234185538,129,65,136
128,390,2742318029437848654,129,65,136
128,391,14631127229496793430,129,65,132
128,392,8108361715541272354,129,65,136
128,393,9879640219855017175,129,65,132
128,394,1852390612926711954,129,65,140
128,395,6646897403529973667,129,65,136
128,396,1743326475591838407,129,65,136
128,397,17203579108424441939,129,65,136
128,398,16618147298150920412,129,65,136
128,399,18417295704349736890,129,65,140
128,400,11079171321325303317,129,65,140
128,401,6638652390162620868,129,65,132
128,402,6467123162217203553,129,65,136
128,403,15575679444144163476,129,65,132
128,404,15697377186400661861,129,65,136
128,405,10965605466315587600,129,65,136
128,406,4326235979569063461,129,65,136
128,407,3767692610633741891,129,65,136
128,408,4513423298504159290,129,65,132
128,409,8521941798650309187,129,65,136
128,410,9279184574152891082,129,65,136
128,411,4069286397483295578,129,65,136
128,412,14495335018237666436,129,65,132
128,413,14973626715008187581,129,65,132
128,414,3697407879626468527,129,65,136
128,415,858389406699690415,129,65,136
128,416,7253956403316366988,129,65,132
128,417,18426462183085975217,129,65,136
128,418,1938596660311378402,129,65,132
128,419,9345308427800828807,129,65,140
128,420,4690614847189917141,129,65,136
128,421,13971940782699111227,129,65,136
128,422,8635386016409056034,129,65,136
128,423,17057622548632715622,129,65,136
128,424,831457699433061232,129,65,136
128,425,2693161557849097903,129,65,132
128,426,16249171240184388939,129,65,136
128,427,382125921630835512,129,65,132
128,428,16235187780371649715,129,65,132
128,429,17998756322442917187,129,65,132
128,430,10114957021321218994,129,65,136
128,431,6681021532280738408,129,65,136
128,432,13451347567432352547,129,65,132
128,433,5297647298559062576,129,65,132
128,434,12028912917053449337,129,65,136
128,435,3051315836095761466,129,65,136
128,436,9313030329368508670,129,65,132
128,437,3696479699053319976,129,65,132
128,438,11432228099845481079,129,65,132
128,439,8847123838057968675,129,65,132
128,440,393041689528621234,129,65,132
128,441,11791302953061606407,129,65,132
128,442,1944314240636342904,129,65,136
128,443,15447449550336783499,129,65,132
128,444,1924430613601250520,129,65,136
128,445,10744303314524051908,129,65,136
128,446,16527109120489894417,129,65,140
128,447,2201005943665207118,129,65,136
128,448,8687793892958967661,129,65,136
128,449,16881806901196061714,129,65,136
128,450,9457794055305181595,129,65,132
128,451,12689822066813711078,129,65,128
128,452,2130772240967080362,129,65,136
128,453,5418111987858734539,129,65,132
128,454,7698120604491315043,129,65,132
128,455,4116959536734397479,129,65,132
128,456,14083964332678999690,129,65,132
128,457,17776500948072833015,129,65,136
128,458,16480782989444960978,129,65,136
128,459,8180301440145880902,129,65,136
128,460,15083396727011519374,129,65,136
128,461,12391167773241179660,129,65,132
128,462,80993821780549228,129,65,140
128,463,8888273032917187094,129,65,136
128,464,6901240679158297232,129,65,132
128,465,10907877358431521522,129,65,132
128,466,5504504350588912045,129,65,136
128,467,15868466669005450090,129,65,136
128,468,2035597661250391149,129,65,132
128,469,7613804761412619517,129,65,136
128,470,14155783367025179486,129,65,132
128,471,8373095028511645766,129,65,132
128,472,12642781800399511386,129,65,140
128,473,17413528818044272714,129,65,136
128,474,14198029813871637818,129,65,132
128,475,9422781122495767090,129,65,132
128,476,3649077670195752567,129,65,136
128,477,16591642476482705188,129,65,136
128,478,1652729732849777163,129,65,132
128,479,2943428141085745845,129,65,140
128,480,6926887340310870685,129,65,136
128,481,1835061128451655623,129,65,136
128,482,7968174642963719885,129,65,136
128,483,13809634729193661502,129,65,136
128,484,2912348628508528281,129,65,132
128,485,10860524592812137073,129,65,136
128,486,8300347005233839289,129,65,144
128,487,11200894604816237657,129,65,132
128,488,11986264277917466105,129,65,136
128,489,15265608615489048053,129,65,136
128,490,9586096641152523824,129,65,136
128,491,10693026844597128841,129,65,136
128,492,12567638974722571272,129,65,136
128,493,3553269665854470596,129,65,132
128,494,10982357211228434592,129,65,132
128,495,6315050339867587933,129,65,136
128,496,4246400405957010841,129,65,136
128,497,9757284599715056571,129,65,136
128,498,8208155300907713570,129,65,132
128,499,6972670315135365974,129,65,132
128,500,3289671105843764402,129,65,132
128,501,12069353419086745237,129,65,132
128,502,18324788414880352808,129,65,136
128,503,14152526441939696398,129,65,132
128,504,14883300405794637971,129,65,136
128,505,18207611770822043558,129,65,136
128,506,6267664742589230781,129,65,136
128,507,3934856580203020205,129,65,136
128,508,4823755217217495031,129,65,136
128,509,16900912004623606941,129,65,136
128,510,17798053652952700214,129,65,136
128,511,5852364258744143586,129,65,136
128,512,3138233523807238807,129,65,140
128,513,661610730711057823,129,65,132
128,514,15584619494458809517,129,65,136
128,515,5486740786072831199,129,65,136
128,516,14162824522365661697,129,65,136
128,517,15584714942830592999,129,65,136
128,518,16149388685364160131,129,65,136
128,519,1960282404818187200,129,65,136
128,520,3823788551821864166,129,65,136
128,521,7332086188497603417,129,65,132
128,522,16748426591083990219,129,65,132
128,523,17530680522821482900,129,65,144
128,524,16331661144828411644,129,65,136
128,525,4151535116885942601,129,65,136
128,526,508200001517495406,129,65,132
128,527,5909438446877593036,129,65,136
128,528,15902449191810915656,129,65,132
128,529,9780241743017023381,129,65,136
128,530,6215773602417129969,129,65,136
128,531,8171441558717027559,129,65,136
128,532,5144413490511080346,129,65,136
128,533,12605476576907720850,129,65,128
128,534,14060361106396475395,129,65,132
128,535,7774778805736564299,129,65,136
128,536,1359396814143657658,129,65,136
128,537,11055431745349651013,129,65,140
128,538,8461419573752046230,129,65,136
128,539,5610477826144278502,129,65,132
128,540,12487582634479563867,129,65,132
128,541,1092721831890851933,129,65,132
128,542,1011293493979644452,129,65,132
128,543,18315769285887430204,129,65,136
128,544,12410607679998022988,129,65,132
128,545,11703296655482465988,129,65,136
128,546,10968205868043665798,129,65,136
128,547,5090633872322592101,129,65,136
128,548,14243569167445249343,129,65,136
128,549,12691168682365879980,129,65,136
128,550,15351085278566304978,129,65,132
128,551,2036477416044396525,129,65,136
128,552,7228637713520051249,129,65,136
128,553,9621432756037212702,129,65,140
128,554,11660068959535841834,129,65,132
128,555,7645087342064298877,129,65,136
128,556,6598784277663787802,129,65,136
128,557,12778725473550973970,129,65,132
128,558,13524615350512503201,129,65,136
128,559,6346886438240633185,129,65,128
128,560,14120641127869068141,129,65,132
128,561,3894026381996801053,129,65,140
128,562,13896006565637518828,129,65,132
128,563,282345077800292155,129,65,136
128,564,15211089049702055243,129,65,140
128,565,7678081458618076357,129,65,132
128,566,3515021377984196548,129,65,136
128,567,1203722075955120974,129,65,136
128,568,12671709456121747520,129,65,132
128,569,16803728210015236140,129,65,132
128,570,17382791075557966374,129,65,132
128,571,11668726856451489045,129,65,136
128,572,7009922299667486790,129,65,136
128,573,12309974918540036763,129,65,136
128,574,938056888038993873,129,65,136
128,575,77693142304994607,129,65,140
128,576,7394586116318905959,129,65,140
128,577,3483049373766396828,129,65,132
128,578,7741333331094388783,129,65,132
128,579,6909679917250138727,129,65,136
128,580,8140653753478887720,129,65,136
128,581,13258094112004559872,129,65,136
128,582,12894837056188351990,129,65,136
128,583,3402720804689525012,129,65,132
128,584,263915109172180871,129,65,132
128,585,2648512681233864315,129,65,136
128,586,1919171335966019412,129,65,132
128,587,435451340880190757,129,65,132
128,588,2057704491658987585,129,65,136
128,589,13313227241627373318,129,65,132
128,590,12339015039941799681,129,65,140
128,591,1253289365371577991,129,65,136
128,592,8285352074801855649,129,65,136
128,593,12643688000852138553,129,65,136
128,594,7493201561236341442,129,65,136
128,595,14221779219817208520,129,65,132
128,596,17141124692629090725,129,65,136
128,597,5351277619199403891,129,65,128
128,598,3497601962492546747,129,65,140
128,599,8182273386227342680,129,65,136
128,600,16951324813477433942,129,65,132
128,601,5275489335608826736,129,65,136
128,602,1807691005191768702,129,65,136
128,603,3076166913782384205,129,65,136
128,604,10938631393097882903,129,65,136
128,605,8036178329987371717,129,65,132
128,606,823672442546605437,129,65,128
128,607,5004394965265595469,129,65,132
128,608,5852738338800948524,129,65,136
128,609,9508955691995251580,129,65,136
128,610,5926503948596923056,129,65,136
128,611,3571810108568785867,129,65,136
128,612,1087651937886839755,129,65,136
128,613,5675777925958461184,129,65,140
128,614,10462309583243865487,129,65,140
128,615,10942729081524229635,129,65,136
128,616,1759375804839135424,129,65,140
128,617,12444929856666139852,129,65,136
128,618,7721537810835055842,129,65,136
128,619,17654380461058436355,129,65,132
128,620,3389271315230927499,129,65,136
128,621,11065588146409018071,129,65,136
128,622,3979996377761431594,129,65,132
128,623,5774514306528497847,129,65,132
128,624,3976141904340440259,129,65,136
128,625,7655844420229698645,129,65,132
128,626,6007576559466631569,129,65,136
128,627,7532711745659783491,129,65,136
128,628,10548873613663199028,129,65,136
128,629,14184831534884487057,129,65,136
128,630,11287448322851598029,129,65,136
128,631,15777696051318540357,129,65,136
128,632,10022525506140467222,129,65,136
128,633,8010872710498329057,129,65,136
128,634,5087688668668706731,129,65,132
128,635,15980176360053905177,129,65,136
128,636,9590236603403415865,129,65,140
128,637,5325209619582819125,129,65,132
128,638,6636535313716043064,129,65,140
128,639,1909279966403296022,129,65,136
128,640,17120309322969063362,129,65,132
128,641,3218950828130100613,129,65,136
128,642,4421191717335875337,129,65,136
128,643,5647775677671502268,129,65,132
128,644,8880530648879652520,129,65,136
128,645,1674529005490706555,129,65,132
128,646,8224298961261036057,129,65,132
128,647,8729049392757802901,129,65,132
128,648,8198039423601905477,129,65,136
128,649,5707025648300218521,129,65,128
128,650,7355406335111851849,129,65,128
128,651,16441708766288842105,129,65,136
128,652,9308402247074522447,129,65,132
128,653,4480562452153639982,129,65,140
128,654,10584717870302603935,129,65,140
128,655,13317258938344469210,129,65,136
128,656,16227796876232841587,129,65,136
128,657,10124905392014448119,129,65,136
128,658,4260102397820358713,129,65,128
128,659,7318427564898124721,129,65,136
128,660,2203425602571643607,129,65,140
128,661,1334347328864852249,129,65,136
128,662,16501519825773497940,129,65,132
128,663,17416353968769893701,129,65,136
128,664,14826570231104444106,129,65,136
128,665,16733802428749692416,129,65,136
128,666,2875527711205266256,129,65,136
128,667,12209740272383109778,129,65,136
128,668,1013043398021738052,129,65,136
128,669,17662156022877522772,129,65,132
128,670,1149068136484976751,129,65,140
128,671,6451183767167318297,129,65,136
128,672,11562552017782365752,129,65,132
128,673,17558506015331488676,129,65,136
128,674,294189611769764778,129,65,140
128,675,11126564878562077006,129,65,132
128,676,2248970515730449201,129,65,132
128,677,947299017757789037,129,65,140
128,678,4618851844868919732,129,65,132
128,679,18379519951656714644,129,65,136
128,680,7372619502310616084,129,65,136
128,681,11273171360676902592,129,65,136
128,682,5797365796376340419,129,65,132
128,683,788297990508367614,129,65,132
128,684,15193332787286310675,129,65,132
128,685,11409811758799721918,129,65,136
128,686,15926651355866859330,129,65,136
128,687,8458105922774940545,129,65,136
128,688,13564688033602984926,129,65,140
128,689,2146802331159789997,129,65,136
128,690,6068020082169976916,129,65,132
128,691,10693605144197806890,129,65,140
128,692,1385154920412588287,129,65,136
128,693,11049507821142338338,129,65,132
128,694,3162433614210192943,129,65,136
128,695,3467088379752894157,129,65,132
128,696,13945717019230714906,129,65,132
128,697,14883040766279751720,129,65,136
128,698,14933864274232892182,129,65,136
128,699,13175288739807133524,129,65,136
128,700,13338457620474954074,129,65,132
128,701,5659224049620279803,129,65,136
128,702,18232849721067632119,129,65,136
128,703,10996952057167666474,129,65,136
128,704,14901911791682796662,129,65,136
128,705,11379383715768446107,129,65,136
128,706,6477671842599123735,129,65,136
128,707,2583422729059790630,129,65,132
128,708,11762699090171995658,129,65,132
128,709,3070274863659438365,129,65,136
128,710,15085328314355197152,129,65,132
128,711,5822347062100656375,129,65,136
128,712,6211550449930153364,129,65,136
128,713,5928006929096373982,129,65,140
128,714,4729441077781275357,129,65,140
128,715,5389592283836744782,129,65,136
128,716,6744428137845902938,129,65,136
128,717,3083363493418088128,129,65,132
128,718,7681053487014573038,129,65,136
128,719,7909561289293674671,129,65,132
128,720,8617396381766122459,129,65,140
128,721,4828216548468007871,129,65,136
128,722,11750515958996134066,129,65,136
128,723,10983551161714488157,129,65,136
128,724,8595468478519417841,129,65,136
128,725,16544272829705987550,129,65,136
128,726,10120465455174917181,129,65,136
128,727,2217599995679990275,129,65,136
128,728,1318615794008090819,129,65,136
128,729,8591514333849579886,129,65,140
128,730,8420227105591326,129,65,132
128,731,17150683260694237296,129,65,136
128,732,4500652907126122289,129,65,132
128,733,7219778132251713964,129,65,136
128,734,7005111451558273539,129,65,140
128,735,12000407620363053155,129,65,136
128,736,2757092294726978817,129,65,132
128,737,3509729453272053159,129,65,136
128,738,2394036355245363220,129,65,136
128,739,17222766569821128316,129,65,140
128,740,338804295943304113,129,65,136
128,741,11149242248675484279,129,65,136
128,742,13251561527991049107,129,65,136
128,743,13128159999992153545,129,65,140
128,744,6472449808048888194,129,65,140
128,745,7366614740196374182,129,65,136
128,746,13767892897251239238,129,65,136
128,747,15142261277398976554,129,65,136
128,748,5887734580713397621,129,65,136
128,749,9301462712875211774,129,65,136
128,750,4318667564003805556,129,65,132
128,751,14038199026092614105,129,65,132
128,752,216373884786171483,129,65,136
128,753,15591458992266892180,129,65,132
128,754,743273566992077259,129,65,136
128,755,1722463112493209218,129,65,132
128,756,2005395044822963378,129,65,132
128,757,1741691612054681410,129,65,136
128,758,15691109204376892365,129,65,132
128,759,5909657454381186158,129,65,128
128,760,3609223210837197665,129,65,136
128,761,9856588072151795346,129,65,136
128,762,13297679903718164735,129,65,136
128,763,6327012990264217729,129,65,132
128,764,8892153017017020806,129,65,136
128,765,13022534826208121721,129,65,132
128,766,1193935074204405065,129,65,136
128,767,14391337302860371484,129,65,136
128,768,16846276447451779294,129,65,136
128,769,13193011073329153589,129,65,132
128,770,5977864905050266093,129,65,132
128,771,5280434289742134256,129,65,132
128,772,7309487044011482187,129,65,136
128,773,8627267418059180640,129,65,136
128,774,17442204758447639842,129,65,132
128,775,8024943990298327911,129,65,132
128,776,4084075457919362128,129,65,136
128,777,9990209487560033909,129,65,136
128,778,5779385324933912614,129,65,136
128,779,13302147459350995425,129,65,136
128,780,7841846176068165101,129,65,132
128,781,7185152953121463224,129,65,132
128,782,8048710743650293487,129,65,136
128,783,9733284716172927396,129,65,136
128,784,4312760943611929193,129,65,132
128,785,11512969507985173188,129,65,136
128,786,990876012274209935,129,65,136
128,787,9263395619331847170,129,65,136
128,788,9991149052078512883,129,65,136
128,789,8693812101173091897,129,65,136
128,790,16966938901706664378,129,65,132
128,791,4380560044842116285,129,65,140
128,792,14053964673421832261,129,65,132
128,793,16146216008128626436,129,65,136
128,794,12147978264936578360,129,65,136
128,795,12245802113945147338,129,65,136
128,796,981128350480487168,129,65,140
128,797,15315161102136384041,129,65,140
128,798,4385947688269435259,129,65,136
128,799,13638459344724000550,129,65,136
128,800,2453521309952783844,129,65,136
128,801,6679374168230059109,129,65,132
128,802,7764436280895974372,129,65,136
128,803,15152434739121611457,129,65,136
128,804,15385893284036096522,129,65,140
128,805,7550518671228670783,129,65,132
128,806,17985571576061875662,129,65,132
128,807,13500901327402108910,129,65,136
128,808,13159192803180121827,129,65,132
128,809,17842912285266565435,129,65,132
128,810,18056839384612520103,129,65,136
128,811,13398906416298289424,129,65,128
128,812,4743340582914968324,129,65,128
128,813,2881207537174111787,129,65,132
128,814,8173616375083941255,129,65,136
128,815,8135466546802127676,129,65,136
128,816,13180822526073582248,129,65,136
128,817,12660800417206666996,129,65,136
128,818,289915218780242760,129,65,136
128,819,11801338067721721213,129,65,136
128,820,4338478272498841044,129,65,132
128,821,2205722207620890427,129,65,136
128,822,3670269573720939731,129,65,132
128,823,4743620193086696677,129,65,136
128,824,1476043432960731052,129,65,140
128,825,11170394387987055294,129,65,132
128,826,9537536874255400002,129,65,140
128,827,4368069285213448839,129,65,132
128,828,10431564036049689533,129,65,136
128,829,16714003339456520632,129,65,136
128,830,10277012469093608965,129,65,136
128,831,17586988253592679271,129,65,128
128,832,13334030555575678829,129,65,136
128,833,225229974354929325,129,65,136
128,834,13722348967060806705,129,65,136
128,835,7074074653128512091,129,65,136
128,836,4806006183689897979,129,65,136
128,837,4906045679165792305,129,65,136
128,838,6211734265776267214,129,65,136
128,839,670389411500626322,129,65,132
128,840,5129516833997200878,129,65,132
128,841,15836518084242566914,129,65,132
128,842,8434553992305630537,129,65,132
128,843,12874638381303714533,129,65,136
128,844,9754729073442458990,129,65,136
128,845,10554143423240642856,129,65,132
128,846,9793225597528714730,129,65,132
128,847,15435142767760159421,129,65,136
128,848,13883205053146576748,129,65,136
128,849,17180278037647941319,129,65,140
128,850,6886463450764165588,129,65,136
128,851,3139732798601470652,129,65,136
128,852,7500138521275203495,129,65,136
128,853,14367574401595240674,129,65,132
128,854,154923400943957369,129,65,136
128,855,14005664900999523112,129,65,132
128,856,10475233360838017472,129,65,132
128,857,13770919449180587096,129,65,132
128,858,6549632130167888278,129,65,136
128,859,10347636083627952330,129,65,140
128,860,6786072803789241668,129,65,136
128,861,14725127074033557065,129,65,136
128,862,9671382673496570300,129,65,136
128,863,11973055301081704492,129,65,128
128,864,1408798476230771120,129,65,136
128,865,11901204578238825980,129,65,132
128,866,4168672899323652164,129,65,136
128,867,11186434199804018556,129,65,132
128,868,16465820750683321105,129,65,140
128,869,6617339386253080206,129,65,132
128,870,15547465257947082875,129,65,136
128,871,16903516226215565442,129,65,136
128,872,2122691322805013002,129,65,132
128,873,252075466681435989,129,65,136
128,874,3223850449404791965,129,65,136
128,875,14497551106975944177,129,65,132
128,876,13787720748053911514,129,65,140
128,877,17939910394555453273,129,65,136
128,878,13812202825382757877,129,65,136
128,879,103943680298262730,129,65,136
128,880,17579520539700490014,129,65,140
128,881,18002382533003884845,129,65,136
128,882,14160697974082671317,129,65,132
128,883,4267536640715847682,129,65,132
128,884,13355277506131884251,129,65,132
128,885,2605247830952624611,129,65,132
128,886,8207936879024140723,129,65,140
128,887,17797284877468405708,129,65,136
128,888,4036666162911983515,129,65,136
128,889,6272388909566497337,129,65,136
128,890,3910728574066505445,129,65,132
128,891,2282776914071921127,129,65,132
128,892,3197828009491907770,129,65,128
128,893,8903537681804373436,129,65,136
128,894,742955305456043824,129,65,140
128,895,5167188939302482032,129,65,136
128,896,8841663257899297617,129,65,132
128,897,9663154072205391971,129,65,132
128,898,14647420465118825718,129,65,136
128,899,15845698403365369712,129,65,132
128,900,12414982353712985323,129,65,132
128,901,3895457278037734509,129,65,136
128,902,14420351650490706420,129,65,136
128,903,8125510956867366655,129,65,140
128,904,13450735482918710593,129,65,140
128,905,166453499654422726,129,65,136
128,906,3459273286988795250,129,65,140
128,907,2996273385778843806,129,65,128
128,908,8160624130219704819,129,65,136
128,909,18410994981301694471,129,65,136
128,910,1239357766502904733,129,65,132
128,911,12050778887656656877,129,65,136
128,912,211938558789171253,129,65,136
128,913,7533006728944847934,129,65,136
128,914,13770764161471978786,129,65,140
128,915,1377648908828056738,129,65,136
128,916,11578743068525318846,129,65,132
128,917,963230397772358773,129,65,136
128,918,6035746574467720820,129,65,132
128,919,6243834714814834511,129,65,136
128,920,13910632300132554980,129,65,140
128,921,6036110332293938290,129,65,136
128,922,11657867688043534996,129,65,136
128,923,10590769289667272012,129,65,128
128,924,11874241565876930001,129,65,140
128,925,14961927245071534630,129,65,136
128,926,4481141365507737417,129,65,132
128,927,15488810783769281177,129,65,136
128,928,13174219988023058087,129,65,140
128,929,9849571016904744652,129,65,136
128,930,15195981309711353963,129,65,136
128,931,10879825107926732376,129,65,136
128,932,1852075160818174530,129,65,136
128,933,14136367725194873258,129,65,132
128,934,7030809916872478476,129,65,136
128,935,16369258388190302154,129,65,136
128,936,4181777541260495086,129,65,136
128,937,9224918519687814043,129,65,136
128,938,15087891100985486638,129,65,132
128,939,6901935956592631197,129,65,140
128,940,9013566649168920479,129,65,140
128,941,15516474805408872780,129,65,136
128,942,16427723019434303578,129,65,132
128,943,5162848690776824047,129,65,136
128,944,6128590652906197365,129,65,140
128,945,1917396606015467007,129,65,136
128,946,6124100445699177053,129,65,132
128,947,204635604146397040,129,65,132
128,948,3354527929743653453,129,65,132
128,949,3116613632490200647,129,65,140
128,950,13889129618853357744,129,65,136
128,951,9678198197337025166,129,65,136
128,952,11934856269185978847,129,65,132
128,953,13011209978781283076,129,65,136
128,954,4845435044453639025,129,65,132
128,955,5086713542623764989,129,65,132
128,956,11137593855286192502,129,65,140
128,957,11527392368798037484,129,65,132
128,958,6147469068587728455,129,65,136
128,959,10024606071409062910,129,65,136
128,960,1910447894238954720,129,65,136
128,961,17596604684285857001,129,65,132
128,962,9846516294215326203,129,65,132
128,963,17746783244405806718,129,65,136
128,964,1699364006515223825,129,65,136
128,965,17920789712850850052,129,65,136
128,966,12742386055715122672,129,65,140
128,967,16146535822417496342,129,65,132
128,968,9263840081613170992,129,65,136
128,969,540548483934238206,129,65,132
128,970,6873428623772293143,129,65,132
128,971,8644874226552464152,129,65,136
128,972,13167497151917920941,129,65,132
128,973,15503971126957473932,129,65,136
128,974,9443709838408638609,129,65,140
128,975,8963983981919142210,129,65,132
128,976,2791374606324023759,129,65,136
128,977,5764420778596233417,129,65,132
128,978,1710304710176500526,129,65,132
128,979,14325984783769825135,129,65,140
128,980,16023637145487365492,129,65,132
128,981,4847019273434596109,129,65,132
128,982,16394626657783823176,129,65,140
128,983,18117863437933263984,129,65,132
128,984,6422546427181625672,129,65,136
128,985,9417674447934178848,129,65,136
128,986,2315991179563391591,129,65,136
128,987,11760747228675473297,129,65,140
128,988,9470805150451069559,129,65,132
128,989,14628816409353289786,129,65,136
128,990,8420320454656129287,129,65,132
128,991,3804595523799320437,129,65,132
128,992,10308647961936234796,129,65,132
128,993,3886276352720645668,129,65,132
128,994,14908810595884522583,129,65,140
128,995,16594989016953905661,129,65,136
128,996,13199452512218218568,129,65,140
128,997,1758902053134351929,129,65,136
128,998,6123557377820443101,129,65,136
128,999,18445260068542321974,129,65,132
128,1000,5683125757991830106,129,65,136
128,1001,1628989897852848343,129,65,136
128,1002,6812562032120683992,129,65,136
128,1003,15250543718357688488,129,65,140
128,1004,15864034793860008501,129,65,140
128,1005,6561881704097209458,129,65,136
128,1006,4495111701151103737,129,65,136
128,1007,17997182909491448230,129,65,132
128,1008,13120785111520059019,129,65,132
128,1009,1810407901573151888,129,65,140
128,1010,731217070051941288,129,65,140
128,1011,15964291995811414290,129,65,140
128,1012,2937897832652748251,129,65,140
128,1013,6759878828526047966,129,65,136
128,1014,17501798562750970193,129,65,132
128,1015,14284479164640199255,129,65,136
128,1016,3044960027065268972,129,65,136
128,1017,3342040068548714026,129,65,132
128,1018,4642190662427909533,129,65,136
128,1019,12652921931595195834,129,65,128
128,1020,8959115567832325171,129,65,136
128,1021,1720774705598650939,129,65,132
128,1022,14535951080833557462,129,65,132
128,1023,15738014770981037080,129,65,140
128,1024,12901227311907542790,129,65,132
128,1025,10682280395106324968,129,65,132
128,1026,925984688256126478,129,65,136
128,1027,18087698291119540704,129,65,132
128,1028,13707691024281327954,129,65,136
128,1029,14394149933058230222,129,65,136
128,1030,15026886856142076954,129,65,136
128,1031,2014797347166915703,129,65,132
128,1032,16463684208642494465,129,65,132
128,1033,12658464052321520861,129,65,136
128,1034,7525903377583936856,129,65,132
128,1035,5320588261607260205,129,65,136
128,1036,6720318313996165418,129,65,136
128,1037,15865212016397130085,129,65,136
128,1038,2673413622453981074,129,65,132
128,1039,4071373580906783256,129,65,136
128,1040,13985136250877956959,129,65,136
128,1041,10607545330105795534,129,65,136
128,1042,3674964470149458200,129,65,136
128,1043,601540366563577729,129,65,136
128,1044,1710791158253836565,129,65,132
128,1045,16556327589299942123,129,65,132
128,1046,4812055466053662551,129,65,140
128,1047,8596517135919567150,129,65,136
128,1048,4067914981853382351,129,65,140
128,1049,75709626523934423,129,65,132
128,1050,13802728500935130606,129,65,136
128,1051,10932240592685527519,129,65,132
128,1052,15959274305453752058,129,65,136
128,1053,14014662997720636923,129,65,136
128,1054,12677203046696621542,129,65,136
128,1055,9478470969192900007,129,65,136
128,1056,7062967534349515896,129,65,132
128,1057,14335733487588960522,129,65,140
128,1058,8809371978957973901,129,65,132
128,1059,11907436163139446294,129,65,132
128,1060,1740770284851844805,129,65,136
128,1061,9788342262946934881,129,65,140
128,1062,8772331533430661868,129,65,132
128,1063,15907282475320642052,129,65,132
128,1064,3768945107340380961,129,65,136
128,1065,6923305341345849018,129,65,140
128,1066,13016668028515522836,129,65,136
128,1067,6647893697180220274,129,65,136
128,1068,2907113436079519411,129,65,136
128,1069,16336818638463200030,129,65,140
128,1070,6291051953424983687,129,65,132
128,1071,15860248784459433051,129,65,136
128,1072,2140548732518560111,129,65,132
128,1073,14113215090381906340,129,65,132
128,1074,11271460099289470877,129,65,132
128,1075,8957729581925284872,129,65,136
128,1076,8105356261644727336,129,65,132
128,1077,14352411198440393400,129,65,136
128,1078,12762174985233005273,129,65,132
128,1079,8496970093515002834,129,65,136
128,1080,12723514544223491865,129,65,136
128,1081,8040724464436908655,129,65,132
128,1082,10313171350892830984,129,65,136
128,1083,16028241648632129095,129,65,136
128,1084,2720996101899344576,129,65,140
128,1085,10355741807594522313,129,65,136
128,1086,874598580017688456,129,65,136
128,1087,15539434575690578115,129,65,132
128,1088,11136083688512010933,129,65,136
128,1089,6129886274540382443,129,65,136
128,1090,3090780896934294526,129,65,136
128,1091,8030784860101808737,129,65,136
128,1092,12591297173033952587,129,65,136
128,1093,12805829125995486242,129,65,132
128,1094,11389042802613178087,129,65,136
128,1095,10938978916452951386,129,65,140
128,1096,11557510604444807748,129,65,136
128,1097,3883918575059193300,129,65,140
128,1098,1888476418346748541,129,65,136
128,1099,5462276231338009651,129,65,136
128,1100,8580646370373969907,129,65,136
128,1101,16607912707797910156,129,65,132
128,1102,7276629605708909231,129,65,136
128,1103,4096586645727551279,129,65,132
128,1104,9300554999934726934,129,65,132
128,1105,7255769945811306988,129,65,128
128,1106,14637258839948787725,129,65,132
128,1107,16345918174955661021,129,65,136
128,1108,1142911075076187297,129,65,132
128,1109,6645386836177044326,129,65,140
128,1110,10756359835615080934,129,65,136
128,1111,11850770226588276365,129,65,132
128,1112,1839598413403288398,129,65,140
128,1113,7376145209586007206,129,65,132
128,1114,17025817241765769645,129,65,140
128,1115,7689390130773104226,129,65,136
128,1116,12809042623472313513,129,65,136
128,1117,11713010598442127992,129,65,136
128,1118,4823278421099880129,129,65,132
128,1119,8439032008569846473,129,65,132
128,1120,15808453784618044129,129,65,132
128,1121,17374354471731617653,129,65,136
128,1122,2708003657465707981,129,65,136
128,1123,3279243943524074757,129,65,132
128,1124,15250860903624801805,129,65,136
128,1125,10348066499103435198,129,65,132
128,1126,6856530998334393127,129,65,132
128,1127,12473072350074793478,129,65,136
128,1128,13448879421124063034,129,65,132
128,1129,14669386097077980815,129,65,136
128,1130,16621222504092825112,129,65,132
128,1131,12063041018399228287,129,65,140
128,1132,528802664962100219,129,65,140
128,1133,8151591504565776680,129,65,136
128,1134,15876002668879786681,129,65,140
128,1135,9945749771593609447,129,65,132
128,1136,1051834441440229803,129,65,140
128,1137,6410128620038415728,129,65,136
128,1138,4225688448342723127,129,65,132
128,1139,4718518348309898801,129,65,140
128,1140,1171790970357266140,129,65,136
128,1141,4737847903383586363,129,65,136
128,1142,5136622575303080158,129,65,132
128,1143,14742910590494634524,129,65,132
128,1144,9051663430922566634,129,65,140
128,1145,8180192607851773215,129,65,132
128,1146,4855503833743063424,129,65,136
128,1147,12233458860475676768,129,65,140
128,1148,426200791902767398,129,65,140
128,1149,12523447010599748562,129,65,132
128,1150,2710289084927721435,129,65,140
128,1151,9326855137773997556,129,65,136
128,1152,16497205276121499054,129,65,136
128,1153,12530192710431038907,129,65,136
128,1154,14870657881586929641,129,65,132
128,1155,7838399592474830252,129,65,136
128,1156,11332427565760838326,129,65,136
128,1157,3820480642490132418,129,65,140
128,1158,11466445860877571101,129,65,136
128,1159,8103959817613857045,129,65,136
128,1160,7599463272995727360,129,65,132
128,1161,12029557585508263390,129,65,136
128,1162,14625913124314037870,129,65,136
128,1163,6264424895189069998,129,65,136
128,1164,653163281857128561,129,65,132
128,1165,7459657714111558432,129,65,132
128,1166,2217320657982611430,129,65,132
128,1167,13930483649171826861,129,65,136
128,1168,16693193798694006897,129,65,136
128,1169,11425726931711767167,129,65,136
128,1170,10060914160957240695,129,65,140
128,1171,2068970365752356747,129,65,132
128,1172,8657417280504118567,129,65,132
128,1173,14961833473758748186,129,65,136
128,1174,8560958925951978746,129,65,136
128,1175,11642911229903437810,129,65,140
128,1176,1531279176400301179,129,65,136
128,1177,8029671072818909801,129,65,132
128,1178,2786533268341851374,129,65,136
128,1179,15299492632915226618,129,65,136
128,1180,17851050715650615858,129,65,136
128,1181,9111253640613092361,129,65,136
128,1182,2575811295697770500,129,65,136
128,1183,3613583816532814307,129,65,136
128,1184,13145517100049661065,129,65,136
128,1185,17416903624838119533,129,65,136
128,1186,6915314407415695570,129,65,136
128,1187,3629484660973239123,129,65,136
128,1188,3998478349999534353,129,65,128
128,1189,4193533346592184809,129,65,136
128,1190,17802103759371062630,129,65,136
128,1191,13603074873255164138,129,65,136
128,1192,9326348291996709594,129,65,136
128,1193,15167583121186065676,129,65,136
128,1194,13570061899982811077,129,65,132
128,1195,1683041309014774574,129,65,128
128,1196,1803015043015695511,129,65,132
128,1197,4948122942265392344,129,65,132
128,1198,15932788647861321502,129,65,136
128,1199,10229917805622374758,129,65,140
128,1200,1358267125150952833,129,65,136
128,1201,17512471921622493811,129,65,136
128,1202,14587814578649159338,129,65,132
128,1203,8644532422196256707,129,65,136
128,1204,1439396710827430655,129,65,140
128,1205,13793216306858872216,129,65,140
128,1206,200648054111218338,129,65,140
128,1207,17147394092076966192,129,65,132
128,1208,14887973298728241315,129,65,136
128,1209,15939152949613466586,129,65,140
128,1210,14597181281330858629,129,65,136
128,1211,8556028162429911361,129,65,132
128,1212,13989415156451236855,129,65,132
128,1213,13090416324252955333,129,65,140
128,1214,5695688535843087199,129,65,132
128,1215,6288900076049391660,129,65,136
128,1216,8074981512818314765,129,65,132
128,1217,5027925105925502944,129,65,132
128,1218,6366063857812022333,129,65,132
128,1219,3072983251051646569,129,65,132
128,1220,5076199812239460414,129,65,136
128,1221,14182626578872758599,129,65,132
128,1222,9414990074490548461,129,65,140
128,1223,555075199201978661,129,65,132
128,1224,11098064552068348898,129,65,132
128,1225,12031175736639065491,129,65,136
128,1226,747924215218929553,129,65,132
128,1227,10056707064555237116,129,65,140
128,1228,15899225354543663980,129,65,136
128,1229,13178066494375051550,129,65,136
128,1230,8194794966093935478,129,65,132
128,1231,17674209821902465278,129,65,136
128,1232,17501267316396406634,129,65,140
128,1233,2819978613653175797,129,65,136
128,1234,10848139437231134100,129,65,132
128,1235,6149291336420889131,129,65,132
128,1236,16444589051133519310,129,65,136
128,1237,15089214981448019981,129,65,132
128,1238,9884458862233451263,129,65,132
128,1239,11188383191395631316,129,65,136
128,1240,22332098180454532,129,65,140
128,1241,13152601676525801908,129,65,136
128,1242,3752091826067721563,129,65,132
128,1243,6338198967795043736,129,65,136
128,1244,2966487261817003804,129,65,140
128,1245,6202360492685847247,129,65,132
128,1246,14125364376197559183,129,65,136
128,1247,6782795217265825311,129,65,140
128,1248,2689182431975362276,129,65,136
128,1249,1531610599564462647,129,65,140
128,1250,9191646001787287631,129,65,136
128,1251,11571883399134120453,129,65,140
128,1252,5653317047673197596,129,65,132
128,1253,14236339015063819149,129,65,140
128,1254,15950519051284368317,129,65,132
128,1255,7046719936340374914,129,65,132
128,1256,16719485318462534276,129,65,136
128,1257,2042837114868476595,129,65,136
128,1258,1016608250122074757,129,65,136
128,1259,10732841992141816277,129,65,132
128,1260,290185011583167796,129,65,136
128,1261,15143652420855624922,129,65,132
128,1262,736080696513178821,129,65,136
128,1263,14607633053009395332,129,65,136
128,1264,17652861689175052260,129,65,136
128,1265,17689864569218353896,129,65,132
128,1266,12433567021693538990,129,65,132
128,1267,5324116282701991586,129,65,132
128,1268,1938962019814655704,129,65,136
128,1269,13316289526049263687,129,65,136
128,1270,9801725540369503330,129,65,136
128,1271,11386579149238463970,129,65,140
128,1272,658092408044074865,129,65,132
128,1273,6659406275860107743,129,65,136
128,1274,2687490691377659966,129,65,136
128,1275,1315641796104465530,129,65,132
128,1276,18016821854202889918,129,65,132
128,1277,16153118148505915817,129,65,132
128,1278,5407931556002122659,129,65,136
128,1279,5169977623792456126,129,65,132
128,1280,5567250312543143824,129,65,132
128,1281,14572638687527116704,129,65,132
128,1282,16684683674462207788,129,65,136
128,1283,10810144871327761659,129,65,136
128,1284,605804901009330104,129,65,132
128,1285,5256584894751309862,129,65,140
128,1286,14158839208992124966,129,65,136
128,1287,4146931057998203914,129,65,132
128,1288,12966869821501875090,129,65,136
128,1289,575870208532389394,129,65,136
128,1290,10773173867439834308,129,65,132
128,1291,4224809216733237684,129,65,136
128,1292,14432004122987188961,129,65,140
128,1293,12987020714413376324,129,65,136
128,1294,5541971686122800914,129,65,136
128,1295,8091130131540775760,129,65,136
128,1296,15342472118161911201,129,65,132
128,1297,7060628268396662773,129,65,132
128,1298,18199729383820849839,129,65,132
128,1299,6708660938283846839,129,65,136
128,1300,2790760036496496787,129,65,136
128,1301,17731328797372685881,129,65,136
128,1302,7561059614260000705,129,65,132
128,1303,16906691088169722115,129,65,132
128,1304,5589278842875072689,129,65,132
128,1305,3397034721597480675,129,65,136
128,1306,14219939022895085630,129,65,132
128,1307,5961622673346183956,129,65,140
128,1308,665992242028791937,129,65,128
128,1309,82467647948557449,129,65,140
128,1310,9163998735097310129,129,65,136
128,1311,8447429561129972503,129,65,136
128,1312,7874010781851584430,129,65,136
128,1313,17588510903137564465,129,65,136
128,1314,16879685893012676512,129,65,136
128,1315,17710870843526668658,129,65,132
128,1316,7675006482321717697,129,65,128
128,1317,8128097664301141063,129,65,136
128,1318,9817344450826317723,129,65,132
128,1319,17052596335706383505,129,65,136
128,1320,7521617261971151203,129,65,140
128,1321,16933422022198370746,129,65,140
128,1322,8465712862010761537,129,65,140
128,1323,3042944800059617098,129,65,136
128,1324,5984642224472503993,129,65,136
128,1325,17684072032346082402,129,65,132
128,1326,10494342051613258293,129,65,136
128,1327,16241736213736835593,129,65,136
128,1328,7745045880351431508,129,65,140
128,1329,11021223382883766436,129,65,132
128,1330,626839116018206609,129,65,136
128,1331,2983541757325611998,129,65,136
128,1332,4882570323195242124,129,65,136
128,1333,17971198839024747972,129,65,136
128,1334,6413052699579379490,129,65,136
128,1335,18131926132314707251,129,65,140
128,1336,9125835869557763593,129,65,132
128,1337,9528553157882779333,129,65,136
128,1338,6313949614743835845,129,65,136
128,1339,13394007315202913307,129,65,132
128,1340,5173183613824678374,129,65,140
128,1341,7637501506959646029,129,65,132
128,1342,2471216568740160044,129,65,140
128,1343,11998022176290196514,129,65,132
128,1344,6783024340805433666,129,65,132
128,1345,699016661645099461,129,65,140
128,1346,13477825525246991775,129,65,136
128,1347,4146987241665632963,129,65,140
128,1348,1973756246730133280,129,65,136
128,1349,14129856547788573008,129,65,140
128,1350,3263607757616639444,129,65,136
128,1351,1102766156411904242,129,65,136
128,1352,17014472213228867664,129,65,136
128,1353,5425354812898241587,129,65,136
128,1354,2008803089336311281,129,65,136
128,1355,1802977497038570469,129,65,132
128,1356,4873545281413606214,129,65,132
128,1357,12723614257422827449,129,65,136
128,1358,6307827448821984793,129,65,132
128,1359,17405742757964782297,129,65,136
128,1360,5264076163123464549,129,65,136
128,1361,12901632240341233367,129,65,136
128,1362,491790825941171140,129,65,132
128,1363,5368405075689559976,129,65,136
128,1364,12741058628153651837,129,65,136
128,1365,3705869782190689671,129,65,136
128,1366,1005578530894066411,129,65,136
128,1367,11803135884319495661,129,65,136
128,1368,16706608581741917961,129,65,132
128,1369,14329978527030563428,129,65,136
128,1370,13492375925979271672,129,65,136
128,1371,16642559205610957258,129,65,136
128,1372,6025215962032133938,129,65,132
128,1373,7336641650987646364,129,65,136
128,1374,13436585940935307763,129,65,136
128,1375,13232641423650273261,129,65,136
128,1376,5931795807982246463,129,65,136
128,1377,6076882488484732479,129,65,132
128,1378,15692659642396518965,129,65,136
128,1379,7436419071447555656,129,65,140
128,1380,6422156895132460315,129,65,132
128,1381,12594827772034416273,129,65,136
128,1382,13477658477707700564,129,65,136
128,1383,16255031616081895771,129,65,144
128,1384,14914086232655215419,129,65,132
128,1385,6898813353170410115,129,65,136
128,1386,2111371374766753824,129,65,136
128,1387,13711725743736248810,129,65,136
128,1388,3041724376357969365,129,65,132
128,1389,16014284515314600816,129,65,136
128,1390,4459375348491261338,129,65,136
128,1391,2582269156209669659,129,65,132
128,1392,17793846437760328289,129,65,128
128,1393,14403517311543434226,129,65,136
128,1394,13986146022986039112,129,65,136
128,1395,14581166446382788119,129,65,132
128,1396,5021094327125791521,129,65,128
128,1397,10993553383146002756,129,65,136
128,1398,13467549308466643077,129,65,136
128,1399,2340345896391505640,129,65,136
128,1400,11092254484312582226,129,65,136
128,1401,12562090888761450641,129,65,132
128,1402,8411036314702022909,129,65,136
128,1403,5712292646294040103,129,65,136
128,1404,10710508937237630355,129,65,136
128,1405,15974620611675182874,129,65,136
128,1406,3497873855282164542,129,65,136
128,1407,11006114600916679509,129,65,136
128,1408,483343246898291116,129,65,140
128,1409,17743236107945792110,129,65,136
128,1410,11204469082106001109,129,65,140
128,1411,17276506836617793197,129,65,136
128,1412,10786428662038714693,129,65,132
128,1413,5512174434417795227,129,65,132
128,1414,17839185037140027983,129,65,136
128,1415,8387270772841669762,129,65,140
128,1416,17128148393623948867,129,65,136
128,1417,604325785470765739,129,65,136
128,1418,13417861357734967473,129,65,132
128,1419,8695724378246246197,129,65,136
128,1420,15094868168497330989,129,65,132
128,1421,9100231569292137180,129,65,136
128,1422,3302424163637785541,129,65,136
128,1423,1840834223125706735,129,65,136
128,1424,16711470255828199781,129,65,132
128,1425,13788533083854688528,129,65,136
128,1426,15051507461456407224,129,65,136
128,1427,3510035883435118636,129,65,136
128,1428,16891516188952710539,129,65,136
128,1429,6967439885344900183,129,65,136
128,1430,8974628776971803329,129,65,136
128,1431,16095662162324717048,129,65,136
128,1432,11227159226217811817,129,65,132
128,1433,15475407536204813968,129,65,136
128,1434,14007706804849110357,129,65,128
128,1435,6559870787967468917,129,65,136
128,1436,5749747659864352175,129,65,132
128,1437,3272919613061492876,129,65,132
128,1438,9037991550151463031,129,65,132
128,1439,8071994042152305740,129,65,136
128,1440,9795453815072582041,129,65,136
128,1441,12192496327242983473,129,65,132
128,1442,1729164231125171739,129,65,132
128,1443,6001579119505221945,129,65,136
128,1444,15155421187399698050,129,65,132
128,1445,6375565743039114433,129,65,140
128,1446,10953441844352902789,129,65,132
128,1447,14508104124622284739,129,65,140
128,1448,11117234870622477093,129,65,140
128,1449,3040728534093050696,129,65,128
128,1450,1373643931792841673,129,65,132
128,1451,12251295733858136052,129,65,132
128,1452,2196932117699752994,129,65,140
128,1453,4828133449751911589,129,65,136
128,1454,6953271831292618853,129,65,136
128,1455,11180728941443139474,129,65,140
128,1456,11374754537945692426,129,65,136
128,1457,10699285633400889946,129,65,140
128,1458,16260003745833851579,129,65,136
128,1459,18369023171913349710,129,65,136
128,1460,17797772705354290415,129,65,132
128,1461,123363051145411407,129,65,132
128,1462,16025781663091307477,129,65,136
128,1463,11698222935509423717,129,65,136
128,1464,8219618780468855623,129,65,132
128,1465,360764582153921253,129,65,140
128,1466,4123944350561029953,129,65,132
128,1467,16990630134885786331,129,65,132
128,1468,17131827583600853237,129,65,136
128,1469,6428477235302375219,129,65,136
128,1470,13707500824058570465,129,65,136
128,1471,1110505903795343341,129,65,132
128,1472,14766149588315184523,129,65,132
128,1473,6096325459239870930,129,65,136
128,1474,18126038982893206627,129,65,132
128,1475,16891299812851483208,129,65,136
128,1476,14988918706735315810,129,65,132
128,1477,16520649478521143227,129,65,136
128,1478,10367254876683038756,129,65,136
128,1479,14648826951532818218,129,65,132
128,1480,16138207233248754073,129,65,136
128,1481,11344101266583906487,129,65,136
128,1482,5431220680723957068,129,65,140
128,1483,9228817665187199756,129,65,132
128,1484,13788151870997085408,129,65,136
128,1485,3935452801734158339,129,65,136
128,1486,874816980873632875,129,65,136
128,1487,5222419373039376013,129,65,144
128,1488,16476987886245628151,129,65,140
128,1489,12327471837676931622,129,65,136
128,1490,9449014317678577162,129,65,136
128,1491,4178743853540297805,129,65,132
128,1492,17174738770761813080,129,65,136
128,1493,10490910232405305186,129,65,132
128,1494,998829734147102119,129,65,136
128,1495,13800011783703170962,129,65,132
128,1496,12712755695456385917,129,65,132
128,1497,10901373334515194031,129,65,132
128,1498,7039455836220789661,129,65,140
128,1499,16230187240950762726,129,65,132
128,1500,17761467356647897330,129,65,140
128,1501,8710809862615438486,129,65,140
128,1502,15577238297929823343,129,65,140
128,1503,14611713208555941802,129,65,136
128,1504,98378943554603350,129,65,136
128,1505,3041034485596704882,129,65,136
128,1506,6437365442748086471,129,65,136
128,1507,17622294780388351864,129,65,132
128,1508,1662138072750055630,129,65,136
128,1509,2320043291095375915,129,65,136
128,1510,16938129349490008469,129,65,136
128,1511,12085655658738374719,129,65,128
128,1512,11534845140414173961,129,65,136
128,1513,17722495246527584595,129,65,136
128,1514,11372972050961235561,129,65,132
128,1515,5357195677493046498,129,65,136
128,1516,14470198951716756378,129,65,136
128,1517,8731318660451599772,129,65,136
128,1518,9837605375708496276,129,65,144
128,1519,4393900183105677475,129,65,136
128,1520,12029061326187625593,129,65,136
128,1521,1803146554664628406,129,65,140
128,1522,7702193084061897745,129,65,136
128,1523,724464630210332030,129,65,132
128,1524,7248840859428861839,129,65,132
128,1525,455233745603048759,129,65,132
128,1526,3968953414516036107,129,65,132
128,1527,10597733360563440577,129,65,136
128,1528,16989220775538576726,129,65,132
128,1529,7475722297737319353,129,65,136
128,1530,17904271238994717095,129,65,132
128,1531,16349691113583797978,129,65,136
128,1532,15863295205644225189,129,65,136
128,1533,4574164405663374482,129,65,136
128,1534,3829999288791748329,129,65,140
128,1535,9018463203573478964,129,65,136
128,1536,8968202340337673052,129,65,136
128,1537,5230678036829876329,129,65,140
128,1538,11413018361797339218,129,65,136
128,1539,12357814698986182551,129,65,136
128,1540,1335347532741670117,129,65,136
128,1541,6689315887823975140,129,65,136
128,1542,8612729461435370864,129,65,136
128,1543,16900453923244110461,129,65,136
128,1544,12618205579501411315,129,65,136
128,1545,13403094794902047318,129,65,140
128,1546,3848329156921724967,129,65,132
128,1547,7847307858452767965,129,65,136
128,1548,16033543943934525045,129,65,136
128,1549,6989577108983755765,129,65,132
128,1550,17068680991631985758,129,65,132
128,1551,16989804771226319233,129,65,140
128,1552,3294212711176295609,129,65,136
128,1553,178338407859953364,129,65,132
128,1554,6572950693044944849,129,65,136
128,1555,10694825271138606068,129,65,132
128,1556,5062701509714462921,129,65,132
128,1557,5228318988900126765,129,65,136
128,1558,8335040073293683936,129,65,132
128,1559,1809906295559781653,129,65,132
128,1560,7456883261032626207,129,65,136
128,1561,7780289326105871812,129,65,140
128,1562,11320724952585520570,129,65,140
128,1563,9826034096040713137,129,65,132
128,1564,13791145154974931854,129,65,136
128,1565,16254158163999941333,129,65,136
128,1566,8949549041161782850,129,65,136
128,1567,14349523715494991085,129,65,136
128,1568,1882258737776784775,129,65,136
128,1569,309066809386768540,129,65,136
128,1570,1925024432361830918,129,65,136
128,1571,13803779691274099725,129,65,132
128,1572,16684466858892884537,129,65,140
128,1573,17270643521032801595,129,65,136
128,1574,16597920103440046093,129,65,132
128,1575,13809908992306449636,129,65,132
128,1576,8390979827605243404,129,65,136
128,1577,12850254532337835944,129,65,136
128,1578,5803481006083133946,129,65,136
128,1579,1658319648788104389,129,65,140
128,1580,3569221846993148391,129,65,132
128,1581,18264224870108054411,129,65,132
128,1582,15021225621581414842,129,65,136
128,1583,9979446678575521449,129,65,136
128,1584,18280760084928874695,129,65,136
128,1585,7751062021073841784,129,65,140
128,1586,7709476553952642100,129,65,136
128,1587,10538364895128554999,129,65,140
128,1588,12965442894693212544,129,65,144
128,1589,4276657700762838157,129,65,136
128,1590,4459538617951630854,129,65,136
128,1591,10648212352491313636,129,65,136
128,1592,4507855627420998902,129,65,140
128,1593,13290059887436091349,129,65,136
128,1594,7562358324804705203,129,65,128
128,1595,6203861168912513428,129,65,136
128,1596,10856440630883770607,129,65,136
128,1597,18116218483069231212,129,65,136
128,1598,17873308397609620549,129,65,132
128,1599,16659139546432971888,129,65,136
128,1600,2937382000522795597,129,65,140
128,1601,12051971353445611981,129,65,132
128,1602,1379488148436394135,129,65,140
128,1603,17989326967369042774,129,65,136
128,1604,1837929416315499810,129,65,132
128,1605,853208943669914109,129,65,136
128,1606,11205717168837018078,129,65,136
128,1607,17246797990899725443,129,65,136
128,1608,9787176093711232483,129,65,136
128,1609,9891550933442740656,129,65,140
128,1610,6913950523216229456,129,65,136
128,1611,15030210119458915720,129,65,136
128,1612,13523619483654631648,129,65,132
128,1613,1547062482940251820,129,65,136
128,1614,11378819724830942899,129,65,136
128,1615,96873393428495284,129,65,140
128,1616,17985750944830929333,129,65,136
128,1617,3149738896074114955,129,65,128
128,1618,9351518934967598292,129,65,132
128,1619,2324675367960917146,129,65,136
128,1620,1151640060457469214,129,65,132
128,1621,17869760546055764189,129,65,132
128,1622,9557637482417537798,129,65,136
128,1623,16521408267017429417,129,65,136
128,1624,11478753944965324234,129,65,136
128,1625,460661888099343733,129,65,132
128,1626,15709169868067873138,129,65,136
128,1627,9426359304466918708,129,65,136
128,1628,13955720712655309874,129,65,132
128,1629,6719373513514121938,129,65,136
128,1630,2035020848716064085,129,65,132
128,1631,1004082664770072574,129,65,136
128,1632,3151257388748572099,129,65,140
128,1633,537082847937075720,129,65,140
128,1634,289952825851078237,129,65,132
128,1635,8318122756151732296,129,65,136
128,1636,5446382909139647666,129,65,136
128,1637,10919567534389322704,129,65,132
128,1638,17100661951985285292,129,65,136
128,1639,17610468960910336422,129,65,132
128,1640,18208113782176793681,129,65,136
128,1641,14395337783338748209,129,65,132
128,1642,9119266119094373756,129,65,136
128,1643,15036087431457936456,129,65,136
128,1644,4620283342928421652,129,65,136
128,1645,12087233174066910914,129,65,132
128,1646,2644292461465355911,129,65,136
128,1647,5089086902439941602,129,65,132
128,1648,10445838613430196008,129,65,136
128,1649,12953889352999197811,129,65,136
128,1650,4846181675913115684,129,65,128
128,1651,4833947348474505248,129,65,136
128,1652,11412769973836346071,129,65,136
128,1653,7063518070904146929,129,65,136
128,1654,17806478560117735849,129,65,136
128,1655,17697408650552796777,129,65,132
128,1656,9391432228148620681,129,65,132
128,1657,12083054398038140520,129,65,136
128,1658,15619630584384628706,129,65,136
128,1659,1437666185754111871,129,65,136
128,1660,8014360322763383333,129,65,132
128,1661,4642727631762413504,129,65,136
128,1662,16636173765602331769,129,65,136
128,1663,16319847939047877893,129,65,132
128,1664,13528897624221138371,129,65,132
128,1665,18245179674284049723,129,65,136
128,1666,5638060970801518527,129,65,136
128,1667,9182443958278376911,129,65,136
128,1668,12146624576126962642,129,65,140
128,1669,3912008777871764927,129,65,132
128,1670,12349388848581891356,129,65,140
128,1671,12712100752342031296,129,65,132
128,1672,17580341400847237449,129,65,136
128,1673,3691774430387395334,129,65,136
128,1674,3498977873076431091,129,65,136
128,1675,16624900467993335444,129,65,132
128,1676,13153318969459022860,129,65,132
128,1677,9938785307770676153,129,65,136
128,1678,13928999090021637117,129,65,132
128,1679,3212607798573627671,129,65,128
128,1680,13862823759255182653,129,65,140
128,1681,10741616045741356770,129,65,136
128,1682,2566528626313519546,129,65,132
128,1683,7407010935861091652,129,65,140
128,1684,11816259120448229332,129,65,136
128,1685,3355372128864552373,129,65,136
128,1686,4006545386581724277,129,65,132
128,1687,249991655235774065,129,65,132
128,1688,4715229338114386816,129,65,132
128,1689,10008058740204350079,129,65,136
128,1690,13107632747634028727,129,65,132
128,1691,458777068600645401,129,65,136
128,1692,12443872541432572397,129,65,132
128,1693,12868452865198723724,129,65,140
128,1694,14163245306061063664,129,65,132
128,1695,17203722783698324260,129,65,136
128,1696,11915977093577668036,129,65,132
128,1697,13459626737754843743,129,65,136
128,1698,16887867338271982788,129,65,136
128,1699,3485376757028500320,129,65,140
128,1700,14707693627372420507,129,65,140
128,1701,6920825804026076014,129,65,136
128,1702,12484340368268056842,129,65,132
128,1703,8772957031569700356,129,65,132
128,1704,11881659911675181207,129,65,136
128,1705,3253691348977262171,129,65,140
128,1706,4441644400258188003,129,65,140
128,1707,7848734467067439773,129,65,132
128,1708,14052781181702465584,129,65,132
128,1709,537509652759535240,129,65,136
128,1710,4509008115258706630,129,65,136
128,1711,13658236980259372898,129,65,136
128,1712,1541735414084443009,129,65,136
128,1713,9477835116592937656,129,65,140
128,1714,12806235136812484713,129,65,132
128,1715,12729922175454478830,129,65,136
128,1716,16170966098427197706,129,65,136
128,1717,15800345127737060584,129,65,136
128,1718,4741102399182885710,129,65,136
128,1719,8550101614684365662,129,65,132
128,1720,6048528944058621568,129,65,136
128,1721,16787660967338663840,129,65,132
128,1722,16064404037670808288,129,65,136
128,1723,2259633058709826815,129,65,136
128,1724,238868961213661226,129,65,132
128,1725,7711585295059625640,129,65,136
128,1726,16826939738507778030,129,65,136
128,1727,7098900409088163728,129,65,136
128,1728,7832473786651266923,129,65,136
128,1729,12845746960862813951,129,65,136
128,1730,7203003756810309838,129,65,136
128,1731,13909452918919756898,129,65,132
128,1732,13239529188717841851,129,65,140
128,1733,13448753623108334225,129,65,136
128,1734,10531541839941290677,129,65,136
128,1735,9424056837362724556,129,65,132
128,1736,6442421837557145156,129,65,136
128,1737,4687417640411338649,129,65,132
128,1738,12887345010872441612,129,65,132
128,1739,9666015906618169395,129,65,132
128,1740,7573406016797790889,129,65,136
128,1741,3902488899434828499,129,65,136
128,1742,16445717780199377411,129,65,136
128,1743,1292584710915910870,129,65,132
128,1744,3134728279900648603,129,65,136
128,1745,6159261084323566126,129,65,132
128,1746,5018517713230450623,129,65,136
128,1747,9883665975281999301,129,65,136
128,1748,15509865572876390152,129,65,140
128,1749,11811570862625400625,129,65,132
128,1750,13378316922193622563,129,65,136
128,1751,7582068206928836911,129,65,140
128,1752,11865191366165753408,129,65,136
128,1753,1702803954320959183,129,65,136
128,1754,11145641837159925195,129,65,136
128,1755,15323079183765703658,129,65,140
128,1756,12547536526182408041,129,65,132
128,1757,8601727374366360001,129,65,136
128,1758,18197952163725838352,129,65,132
128,1759,9316406561816808111,129,65,136
128,1760,17121062223875474395,129,65,140
128,1761,12542449553855969216,129,65,136
128,1762,3969185368191335813,129,65,136
128,1763,10106595182224944587,129,65,136
128,1764,18038183557216798661,129,65,136
128,1765,11404143392952397509,129,65,132
128,1766,14582108063486426050,129,65,136
128,1767,1111658912665195165,129,65,132
128,1768,15037310605198325161,129,65,132
128,1769,14498902230577102247,129,65,136
128,1770,12728043682945005269,129,65,136
128,1771,16383265921047403712,129,65,140
128,1772,6088111515233971307,129,65,136
128,1773,16742212236559204265,129,65,132
128,1774,10679453636709172324,129,65,136
128,1775,4263734198331162951,129,65,136
128,1776,16294655843300859824,129,65,136
128,1777,4950688831141285710,129,65,136
128,1778,8190461066060868931,129,65,136
128,1779,12185138973191595729,129,65,136
128,1780,9561536354134229921,129,65,140
128,1781,9778066618646856503,129,65,140
128,1782,9281776551272183243,129,65,136
128,1783,4955650430406795609,129,65,132
128,1784,2844223023179770959,129,65,136
128,1785,11425123506710867779,129,65,136
128,1786,3114201287424123745,129,65,140
128,1787,5822416744257394360,129,65,140
128,1788,8046300040017254468,129,65,136
128,1789,2481144846218687472,129,65,136
128,1790,14374566478730774894,129,65,136
128,1791,14948031541308974576,129,65,132
128,1792,12420846432589435500,129,65,140
128,1793,10755062835722075311,129,65,136
128,1794,2583963175470263318,129,65,136
128,1795,5302156845917267913,129,65,132
128,1796,1912123913831200635,129,65,136
128,1797,13039922025536938531,129,65,136
128,1798,375418062575701377,129,65,140
128,1799,10770020202770281934,129,65,136
128,1800,471830876717216432,129,65,132
128,1801,14586205846233202557,129,65,132
128,1802,13866237420186479168,129,65,136
128,1803,9551149453615012043,129,65,132
128,1804,12260375159737880238,129,65,128
128,1805,3191721009710764294,129,65,136
128,1806,15438863738148191108,129,65,136
128,1807,10689353992713964445,129,65,128
128,1808,15800849437794867130,129,65,136
128,1809,7992584947635632191,129,65,132
128,1810,1413813277943724282,129,65,136
128,1811,14020878131372546635,129,65,136
128,1812,12220758062426535197,129,65,140
128,1813,11875441911930802767,129,65,136
128,1814,10290835048946358277,129,65,140
128,1815,11205916025113506779,129,65,136
128,1816,13409791706008170834,129,65,132
128,1817,14739378039091006135,129,65,136
128,1818,14316120492260519058,129,65,132
128,1819,584324075036285825,129,65,136
128,1820,12481503553480397680,129,65,132
128,1821,10065562607030564782,129,65,140
128,1822,4863025838424878536,129,65,136
128,1823,2521530735473538285,129,65,136
128,1824,14173604299222494151,129,65,136
128,1825,11930081563130555696,129,65,132
128,1826,6450688371714856672,129,65,132
128,1827,3213129475240497423,129,65,132
128,1828,12297119856585403241,129,65,136
128,1829,7945763022254773376,129,65,132
128,1830,5351300394986645217,129,65,136
128,1831,9675927084608606752,129,65,140
128,1832,3761017469049762279,129,65,140
128,1833,16765725770027677726,129,65,136
128,1834,16730319107990179497,129,65,136
128,1835,4602769758605177939,129,65,140
128,1836,2421031559391701915,129,65,132
128,1837,7029249840902372342,129,65,132
128,1838,8364041594911835035,129,65,136
128,1839,9870864883837800941,129,65,132
128,1840,8305738100261066810,129,65,136
128,1841,4442840646705508141,129,65,136
128,1842,13464700237257332337,129,65,132
128,1843,12330646875941172067,129,65,132
128,1844,17022686333171319542,129,65,136
128,1845,7618043553465910088,129,65,132
128,1846,7613434962864525830,129,65,132
128,1847,4013723669099347609,129,65,136
128,1848,2935811361365174973,129,65,136
128,1849,16168886875705152936,129,65,132
128,1850,14530064168316092755,129,65,140
128,1851,9236775415082608490,129,65,132
128,1852,11135270709547842328,129,65,136
128,1853,10695290500222950381,129,65,136
128,1854,12619740675656395153,129,65,136
128,1855,16660259799147138737,129,65,132
128,1856,6104777285391953379,129,65,140
128,1857,10911659097246338743,129,65,136
128,1858,18435991350757450943,129,65,132
128,1859,14443861530508874347,129,65,140
128,1860,8079503382911671702,129,65,136
128,1861,8362887799176769249,129,65,136
128,1862,6356098837441564885,129,65,136
128,1863,13569373639896057006,129,65,136
128,1864,10382216836649075747,129,65,136
128,1865,13339496147412119216,129,65,136
128,1866,8191604474005871659,129,65,136
128,1867,7114004070708598705,129,65,132
128,1868,834308156531731205,129,65,136
128,1869,5449085641670261294,129,65,140
128,1870,7351061111856633862,129,65,136
128,1871,13277524204912727319,129,65,136
128,1872,13230943343042860467,129,65,136
128,1873,3609814381166909644,129,65,140
128,1874,333055478877196138,129,65,136
128,1875,4948308320027272087,129,65,140
128,1876,12573564147101282297,129,65,136
128,1877,17079167665624168942,129,65,136
128,1878,10462452298198833338,129,65,136
128,1879,16190965636599718424,129,65,136
128,1880,10838449080113130887,129,65,128
128,1881,10326753573248858607,129,65,136
128,1882,10565797982264218970,129,65,136
128,1883,8773973123379814792,129,65,136
128,1884,14119232329463905453,129,65,136
128,1885,12251549044184506029,129,65,136
128,1886,10409996323366430149,129,65,136
128,1887,3032390964374462367,129,65,132
128,1888,690412856756505720,129,65,140
128,1889,6043729365398289782,129,65,132
128,1890,7482243278182375978,129,65,140
128,1891,2492290090119548038,129,65,136
128,1892,8103833817376102259,129,65,136
128,1893,12954933561196181048,129,65,136
128,1894,14360060153018773371,129,65,136
128,1895,12196291259186411802,129,65,136
128,1896,142330468495881738,129,65,132
128,1897,6255298517582503734,129,65,136
128,1898,3881245810401228099,129,65,136
128,1899,12149533564885941154,129,65,136
128,1900,2367778939932799353,129,65,136
128,1901,3659366277225347984,129,65,132
128,1902,9771227449442886547,129,65,132
128,1903,2503131841925505319,129,65,132
128,1904,14906446719112026970,129,65,136
128,1905,14506338007122120632,129,65,136
128,1906,5862443993534291856,129,65,132
128,1907,11109099772111306471,129,65,136
128,1908,632362823344756492,129,65,136
128,1909,3858002249102938493,129,65,136
128,1910,10075459465020281408,129,65,136
128,1911,9656469761677605635,129,65,136
128,1912,8320882650968012920,129,65,136
128,1913,18325340666204344949,129,65,136
128,1914,9645001741141187702,129,65,136
128,1915,12574523680714187037,129,65,136
128,1916,14860987068655183680,129,65,132
128,1917,607625598761349892,129,65,136
128,1918,11154798374752493381,129,65,132
128,1919,8334998311684810166,129,65,136
128,1920,9999921691249932680,129,65,140
128,1921,1697983472770776422,129,65,136
128,1922,9500883151539594357,129,65,132
128,1923,15187519733238184088,129,65,136
128,1924,17814145380759461179,129,65,132
128,1925,9125182544433821028,129,65,136
128,1926,12678712644648636109,129,65,140
128,1927,6758279739637407071,129,65,136
128,1928,6866455972524948517,129,65,136
128,1929,7009024212268703496,129,65,132
128,1930,10858124862418427139,129,65,136
128,1931,7864059803532280275,129,65,136
128,1932,17017433082447692920,129,65,132
128,1933,15379261902309457589,129,65,136
128,1934,17174512100297354899,129,65,132
128,1935,7717834273810346996,129,65,136
128,1936,17939135408484280464,129,65,136
128,1937,2396626760707410886,129,65,132
128,1938,15464794899949221031,129,65,136
128,1939,4382843100286638143,129,65,140
128,1940,12107955822090728088,129,65,136
128,1941,7842886051474794420,129,65,136
128,1942,17927464413169716454,129,65,140
128,1943,17887799369034817282,129,65,136
128,1944,2569474353522436424,129,65,136
128,1945,11120795026238686238,129,65,140
128,1946,14333887024782834943,129,65,128
128,1947,13353075953740131834,129,65,132
128,1948,9793986763459075142,129,65,136
128,1949,1082618342346261884,129,65,136
128,1950,6961503750547712537,129,65,136
128,1951,12680794830684144646,129,65,136
128,1952,13598807062491213514,129,65,140
128,1953,9136606886521790391,129,65,136
128,1954,62577355614948027,129,65,132
128,1955,8805740439745648643,129,65,136
128,1956,475199575564769697,129,65,136
128,1957,861018792811210605,129,65,136
128,1958,9363876463553453209,129,65,140
128,1959,3075255706482598558,129,65,144
128,1960,241154588984880493,129,65,132
128,1961,13317170838350462348,129,65,140
128,1962,16311194279325064188,129,65,132
128,1963,13007749439292430554,129,65,136
128,1964,9077314225715747238,129,65,136
128,1965,1131946473567304303,129,65,132
128,1966,5533108322465817036,129,65,136
128,1967,7983223811275659949,129,65,132
128,1968,11528241036672667221,129,65,132
128,1969,408635663699889163,129,65,136
128,1970,8577189679103432804,129,65,136
128,1971,8704417021777545118,129,65,132
128,1972,16937502995135356266,129,65,132
128,1973,11366089778584433028,129,65,136
128,1974,8874543128229397291,129,65,132
128,1975,13588204333012484207,129,65,132
128,1976,7878663134979601374,129,65,132
128,1977,5445555463666761793,129,65,132
128,1978,5426759534400383092,129,65,132
128,1979,16849362886990061311,129,65,136
128,1980,3490170007776723676,129,65,140
128,1981,2959131208826758705,129,65,136
128,1982,171240103713644879,129,65,136
128,1983,11446558117366915883,129,65,136
128,1984,1327185216556390403,129,65,132
128,1985,16255967768421947337,129,65,136
128,1986,17868553688223425105,129,65,136
128,1987,3285372600246537185,129,65,132
128,1988,17322280429609711253,129,65,136
128,1989,4064348886678819056,129,65,140
128,1990,2638791810757763320,129,65,132
128,1991,743535027119207387,129,65,140
128,1992,6404524334279003068,129,65,136
128,1993,16587034253401615675,129,65,136
128,1994,3253428800160178720,129,65,132
128,1995,12817833382277248902,129,65,132
128,1996,4927221347385949328,129,65,132
128,1997,5324695125300375704,129,65,136
128,1998,14057199728689531507,129,65,136
128,1999,11511842776814271963,129,65,140
128,2000,8254065856566319549,129,65,136
192,1,4811996815806973966,193,97,200
192,2,9567212939664394020,193,97,200
192,3,12411658054147987130,193,97,200
192,4,12712390186471458294,193,97,200
192,5,10727554147111375133,193,97,200
192,6,15399023873553050242,193,97,200
192,7,6642838909363845092,193,97,200
192,8,18147566452564254317,193,97,200
192,9,15800800132097853940,193,97,204
192,10,11495452704338611866,193,97,200
192,11,12766243196472332911,193,97,204
192,12,3698532970471568577,193,97,200
192,13,5658046924691524280,193,97,208
192,14,12719994192691566078,193,97,200
192,15,8386933463497128050,193,97,208
192,16,5239126605662681763,193,97,200
192,17,5607176711368899745,193,97,204
192,18,14113542780755568526,193,97,208
192,19,5536770186313602875,193,97,204
192,20,12448695297892869354,193,97,204
192,21,2793814195905597400,193,97,196
192,22,6644725935836654724,193,97,200
192,23,10219658248454753863,193,97,204
192,24,3377617615239584018,193,97,204
192,25,10871974361418919164,193,97,200
192,26,42322546070550105,193,97,204
192,27,2658272513147174047,193,97,200
192,28,12813676426887501215,193,97,204
192,29,11858419823712507220,193,97,208
192,30,16740679653013274234,193,97,204
192,31,5040848894853128534,193,97,200
192,32,17600901168835504256,193,97,208
192,33,870845485700137602,193,97,204
192,34,1437842702095657977,193,97,204
192,35,15673400055003186946,193,97,200
192,36,8483672693279306959,193,97,204
192,37,12729883571827063219,193,97,204
192,38,4843234572717933186,193,97,204
192,39,4753371489009445151,193,97,200
192,40,6794468603813265348,193,97,200
192,41,404919476133984458,193,97,204
192,42,2083575685054493079,193,97,200
192,43,12139262511195567112,193,97,208
192,44,6294015267126736383,193,97,208
192,45,13138948411723962924,193,97,200
192,46,13252028702219479659,193,97,204
192,47,17124264756866603598,193,97,200
192,48,1686934810225455790,193,97,208
192,49,15329948182619634084,193,97,204
192,50,626817861800474185,193,97,204
192,51,17637816487587555795,193,97,200
192,52,8416402246941178130,193,97,204
192,53,8483310762632575477,193,97,200
192,54,6339604479116185541,193,97,200
192,55,6940250357983978586,193,97,200
192,56,369168972814632323,193,97,200
192,57,15285406737580427190,193,97,204
192,58,2572199279455407192,193,97,200
192,59,12176284228648988922,193,97,200
192,60,4554913588577586025,193,97,204
192,61,16309733269131914906,193,97,212
192,62,13449099206483359683,193,97,204
192,63,1446324055379825072,193,97,200
192,64,8915982543476593182,193,97,204
192,65,6913352436392634428,193,97,200
192,66,8432025172923804077,193,97,200
192,67,6661912732392035540,193,97,204
192,68,12944057424894097184,193,97,204
192,69,7043505469880837719,193,97,200
192,70,2847531247656869189,193,97,204
192,71,12539393485805598953,193,97,204
192,72,5522447469038223272,193,97,200
192,73,4788252511725325401,193,97,200
192,74,5905174951956185052,193,97,204
192,75,9174909950421537019,193,97,204
192,76,6996713634462501984,193,97,204
192,77,3525445122397256014,193,97,200
192,78,4153760646838806843,193,97,200
192,79,9769065963303159070,193,97,200
192,80,12925819060391056755,193,97,200
192,81,3019927367665319177,193,97,208
192,82,4934717066837032279,193,97,200
192,83,8471104119194325089,193,97,200
192,84,5626266401641124399,193,97,204
192,85,895015732474775248,193,97,208
192,86,17182267876535964678,193,97,200
192,87,16842016433076395151,193,97,208
192,88,16890038017453383169,193,97,204
192,89,10056034245402388625,193,97,204
192,90,14951247495571990565,193,97,200
192,91,7067147219723671790,193,97,200
192,92,5239363640281182693,193,97,204
192,93,1926173852675780217,193,97,204
192,94,14390263020286636092,193,97,200
192,95,17802316047132204759,193,97,204
192,96,15009787233996963250,193,97,200
192,97,5609205118501082049,193,97,196
192,98,8866482315615669693,193,97,200
192,99,3540375799734160786,193,97,204
192,100,11172402685461274574,193,97,200
192,101,3905399514723300626,193,97,200
192,102,14103953664668802913,193,97,208
192,103,7212428569127362858,193,97,204
192,104,11654187373214105492,193,97,204
192,105,1664017150597246286,193,97,204
192,106,4521123916070154978,193,97,208
192,107,11332499230587607484,193,97,204
192,108,14027619501255729194,193,97,200
192,109,13929338645834715999,193,97,200
192,110,5940895746877975162,193,97,204
192,111,1519401391248486745,193,97,204
192,112,8529856162491059515,193,97,204
192,113,3041797533723526310,193,97,204
192,114,6746810078194992984,193,97,196
192,115,1233963880047196468,193,97,204
192,116,9046145897114025116,193,97,204
192,117,14550634128367843463,193,97,204
192,118,10333466526370094068,193,97,204
192,119,208912826971618788,193,97,204
192,120,1461115522118999083,193,97,204
192,121,6437903085207942684,193,97,200
192,122,6161767033192983175,193,97,200
192,123,2965531732214487224,193,97,200
192,124,2912729158305945597,193,97,200
192,125,8552843500722491318,193,97,200
192,126,8999459948611509782,193,97,200
192,127,1481094999576443558,193,97,200
192,128,17954406460829869328,193,97,200
192,129,6371680830021898804,193,97,204
192,130,12879919805727934534,193,97,204
192,131,742765925700343354,193,97,200
192,132,8441620020499167206,193,97,200
192,133,13112320781631181181,193,97,204
192,134,15107248786553485670,193,97,200
192,135,16400922418659584788,193,97,200
192,136,4271083547984472545,193,97,208
192,137,18079914041730633466,193,97,204
192,138,5813278882076471867,193,97,204
192,139,9451364712238269983,193,97,200
192,140,8783201387496664918,193,97,204
192,141,4821701942973955908,193,97,204
192,142,443133990850833396,193,97,208
192,143,550637923802060945,193,97,196
192,144,8761234580598552524,193,97,196
192,145,3724006621784006296,193,97,204
192,146,1660741199401144085,193,97,204
192,147,1154316816319645852,193,97,204
192,148,1417064136911701173,193,97,200
192,149,11707770695361859020,193,97,200
192,150,9703368857993471588,193,97,204
192,151,5323639037366178981,193,97,204
192,152,16043024648457555039,193,97,204
192,153,6410057353408169181,193,97,208
192,154,3623877322508393737,193,97,204
192,155,13629914261823429453,193,97,204
192,156,8967300268720248343,193,97,204
192,157,13600011148968878466,193,97,196
192,158,9952924808164477514,193,97,200
192,159,10910891769594341180,193,97,204
192,160,11193778911537652168,193,97,200
192,161,1246650067057348093,193,97,200
192,162,18184830317310319000,193,97,208
192,163,5421331887810882155,193,97,204
192,164,7240460408462986109,193,97,204
192,165,9977935469989020618,193,97,208
192,166,1533019870817894500,193,97,204
192,167,6336312156435970566,193,97,196
192,168,5528761689515298298,193,97,200
192,169,9679976433633609336,193,97,204
192,170,13681728624198749824,193,97,204
192,171,15543985759897089363,193,97,204
192,172,13744216297846513524,193,97,204
192,173,15431900882292275426,193,97,200
192,174,7260652347446489605,193,97,200
192,175,6948177219831647535,193,97,200
192,176,14064441451381696598,193,97,208
192,177,1785410009091644282,193,97,208
192,178,2799458557930156714,193,97,204
192,179,5533168659412035338,193,97,200
192,180,337347681561613348,193,97,196
192,181,11608868484755595626,193,97,204
192,182,17980598406016892491,193,97,200
192,183,9212814811662779706,193,97,204
192,184,4962577470337016025,193,97,204
192,185,13631121849816403179,193,97,204
192,186,7140120577795126526,193,97,200
192,187,4709111530752078003,193,97,204
192,188,5027750910962380572,193,97,204
192,189,15326406220297751320,193,97,208
192,190,10660560145510091610,193,97,200
192,191,1594714444026017045,193,97,204
192,192,8298389476581233377,193,97,200
192,193,2545833348471430444,193,97,204
192,194,9567849499373950036,193,97,200
192,195,9823572937899665844,193,97,200
192,196,2327454207486595174,193,97,200
192,197,8247200653283960170,193,97,200
192,198,16842771528592650594,193,97,200
192,199,6613838789636306765,193,97,204
192,200,14621484295946194289,193,97,208
192,201,4460254171175062533,193,97,204
192,202,7925092846856782002,193,97,204
192,203,8636829602642673927,193,97,204
192,204,2224531998668608469,193,97,204
192,205,515048725222832281,193,97,204
192,206,17599949042243174477,193,97,200
192,207,6743783943990971900,193,97,208
192,208,4957044987267062822,193,97,208
192,209,17873741983218051639,193,97,204
192,210,17330114760802414662,193,97,204
192,211,14582605931623781214,193,97,200
192,212,3390649443154551515,193,97,204
192,213,4726646637315031012,193,97,204
192,214,10029873779225455323,193,97,204
192,215,5247477731688433450,193,97,204
192,216,14164384651431000917,193,97,208
192,217,15606672923149733859,193,97,200
192,218,16964106786486370580,193,97,204
192,219,2560374160941194068,193,97,208
192,220,12960813960352748532,193,97,200
192,221,7142045341678586684,193,97,204
192,222,9292829973848615661,193,97,204
192,223,7492995260346897932,193,97,204
192,224,16348987302409958604,193,97,200
192,225,12467848880935643454,193,97,200
192,226,6020550433262481250,193,97,204
192,227,8036869198995854298,193,97,204
192,228,11206899137464610305,193,97,204
192,229,4668280028219450100,193,97,204
192,230,6404792282963079794,193,97,200
192,231,345901869760929771,193,97,204
192,232,4306415471329790489,193,97,204
192,233,8839739712167981278,193,97,204
192,234,17901035515726946898,193,97,196
192,235,15680984073193565334,193,97,200
192,236,5638420337467852343,193,97,200
192,237,17477363419909308435,193,97,200
192,238,15669886692394827871,193,97,200
192,239,5330257001119969455,193,97,200
192,240,13253206281175770702,193,97,204
192,241,4691934240415986878,193,97,204
192,242,3882418881013559637,193,97,204
192,243,8034194367799850624,193,97,200
192,244,8436305660272807303,193,97,204
192,245,11626197297363187209,193,97,200
192,246,5900011351700437107,193,97,200
192,247,13850157448181916945,193,97,200
192,248,3227345918584307927,193,97,200
192,249,874259498474248701,193,97,204
192,250,2296748558034619482,193,97,200
192,251,13206818774810788275,193,97,208
192,252,14478409618383672714,193,97,204
192,253,9109591588991438216,193,97,196
192,254,2319171403104506321,193,97,204
192,255,4938721824263344383,193,97,200
192,256,4999018855843086779,193,97,200
192,257,11200351857751208703,193,97,200
192,258,14929156866232582332,193,97,204
192,259,16256839497019685789,193,97,208
192,260,15099835241839119937,193,97,208
192,261,8934178481668759854,193,97,204
192,262,18105597406368989414,193,97,200
192,263,8411344164989358921,193,97,204
192,264,16700678643842189670,193,97,204
192,265,2702700707668431779,193,97,200
192,266,10587541792265537490,193,97,208
192,267,16838066509843038544,193,97,204
192,268,16511795001163253875,193,97,204
192,269,5086788053599530529,193,97,200
192,270,14319246560026990075,193,97,200
192,271,9198149785975111873,193,97,204
192,272,10424403644998519356,193,97,200
192,273,16147752803020965723,193,97,204
192,274,2181330509369839067,193,97,200
192,275,10469698643795342705,193,97,200
192,276,14407583051319938244,193,97,200
192,277,16654558488404522334,193,97,200
192,278,10691292787488315444,193,97,204
192,279,15702495049078332042,193,97,204
192,280,12668175463516714857,193,97,200
192,281,12926719339665488303,193,97,200
192,282,12710916696722688592,193,97,204
192,283,2641426196322906450,193,97,204
192,284,3553343887093999317,193,97,208
192,285,14334510997202456517,193,97,200
192,286,4451208096521473740,193,97,204
192,287,2166395600765656868,193,97,204
192,288,2091222182424178038,193,97,200
192,289,6500926205343148387,193,97,200
192,290,16480318193394198967,193,97,200
192,291,1888909117156720335,193,97,200
192,292,7059458510012234487,193,97,204
192,293,18026087922204253,193,97,204
192,294,9339101578863743209,193,97,200
192,295,7239622559920229243,193,97,204
192,296,11346538677249110606,193,97,200
192,297,5431383228757268094,193,97,200
192,298,13593222243425088533,193,97,204
192,299,10003331968278175679,193,97,200
192,300,15325802420179790007,193,97,204
192,301,18088283090768250496,193,97,204
192,302,14649286443757076089,193,97,200
192,303,5518397748758924586,193,97,208
192,304,1339793791459008841,193,97,208
192,305,13659102143839342950,193,97,200
192,306,9201648497328563683,193,97,200
192,307,9366417774921433318,193,97,204
192,308,8474794576686453972,193,97,200
192,309,5359755211667751255,193,97,204
192,310,7811418792580504137,193,97,204
192,311,7558099395496859745,193,97,200
192,312,10864638567164654645,193,97,204
192,313,15227513287870677718,193,97,204
192,314,9161089598629690869,193,97,204
192,315,16809758355390257459,193,97,204
192,316,14866917754198126207,193,97,204
192,317,12794793946558155178,193,97,208
192,318,14114912801850006892,193,97,196
192,319,13957258465909944184,193,97,204
192,320,3317634481163914478,193,97,200
192,321,9511621441979270632,193,97,204
192,322,10007667813853394008,193,97,196
192,323,7343451858497030122,193,97,204
192,324,10950078748690905451,193,97,200
192,325,10267453292223310177,193,97,204
192,326,2326867042082453644,193,97,204
192,327,6310740705518549194,193,97,204
192,328,12541185076299980719,193,97,204
192,329,9621486335057704840,193,97,204
192,330,2934566519200964152,193,97,204
192,331,10319985543289167230,193,97,200
192,332,10905466429521247991,193,97,204
192,333,12772024680869723276,193,97,200
192,334,11780649462728780669,193,97,196
192,335,1365376302209492402,193,97,200
192,336,1222062628224839354,193,97,200
192,337,6514984567626433734,193,97,204
192,338,1568828332041443747,193,97,204
192,339,9697357743429553382,193,97,196
192,340,17280991599614074981,193,97,204
192,341,1515767775321850258,193,97,204
192,342,3818699057736768731,193,97,204
192,343,14532246543654247240,193,97,200
192,344,8027765457845248722,193,97,200
192,345,12405812698837295647,193,97,204
192,346,18028395834445844499,193,97,208
192,347,14667919450194535091,193,97,204
192,348,7714258774694755479,193,97,200
192,349,5713794348184017048,193,97,200
192,350,4333022183520079382,193,97,196
192,351,17357324897441015249,193,97,204
192,352,10861548850197524446,193,97,200
192,353,910256234042177152,193,97,200
192,354,6703259759325271108,193,97,204
192,355,13037363192305918487,193,97,204
192,356,8229933949914582370,193,97,204
192,357,1039736431767994976,193,97,204
192,358,1587300512816768241,193,97,200
192,359,5837784922528701578,193,97,204
192,360,17891788821116890275,193,97,204
192,361,5768107770638786308,193,97,204
192,362,5139557670796480704,193,97,200
192,363,5695293665731497858,193,97,200
192,364,12268691128294132828,193,97,200
192,365,16420261354518770579,193,97,204
192,366,12457707381360874813,193,97,200
192,367,10370885508986074126,193,97,204
192,368,15070898533959987407,193,97,200
192,369,799700152002936427,193,97,200
192,370,1000230224648915951,193,97,200
192,371,4678794254368923490,193,97,204
192,372,1800065738904515008,193,97,204
192,373,14262160711261634317,193,97,204
192,374,11689458602483596964,193,97,200
192,375,4310919358051803291,193,97,204
192,376,7807825598840322320,193,97,204
192,377,15081650726226670970,193,97,200
192,378,3733687161545971357,193,97,204
192,379,3457702867456887099,193,97,204
192,380,9323075868864271865,193,97,204
192,381,11292652989984346699,193,97,200
192,382,110114263501243306,193,97,204
192,383,10947591224146642715,193,97,204
192,384,629602471113169636,193,97,208
192,385,15617366266186016481,193,97,204
192,386,4922030394517746508,193,97,200
192,387,6222612436025806930,193,97,204
192,388,15741802525503588414,193,97,200
192,389,7289045442993556401,193,97,204
192,390,325687756966761699,193,97,204
192,391,13702337069449291825,193,97,204
192,392,17045594625141978084,193,97,204
192,393,13855726487329784179,193,97,204
192,394,790614483293877687,193,97,204
192,395,2393187112626717514,193,97,204
192,396,13172358924372340132,193,97,200
192,397,2065924945024797629,193,97,200
192,398,7631132690775276053,193,97,204
192,399,4294687764806267380,193,97,200
192,400,8211040225465548221,193,97,204
192,401,17046218067658618716,193,97,204
192,402,14336545993494125737,193,97,200
192,403,9386567268153886673,193,97,196
192,404,17389349650273431287,193,97,208
192,405,4443625687016374014,193,97,200
192,406,8833032997966923344,193,97,208
192,407,18344026199713809819,193,97,204
192,408,4955200918515061121,193,97,204
192,409,4795055727443282959,193,97,208
192,410,13631971414876598662,193,97,204
192,411,11052618019122002486,193,97,204
192,412,1796506208277315981,193,97,204
192,413,17121605388868340787,193,97,204
192,414,16798446818479904200,193,97,204
192,415,7587150741326462589,193,97,204
192,416,2518781017755809387,193,97,204
192,417,18296250792579518207,193,97,200
192,418,12462931259291345004,193,97,204
192,419,17950194338064041359,193,97,200
192,420,13534922786280698849,193,97,204
192,421,15323345461085997131,193,97,204
192,422,4617032470598702243,193,97,200
192,423,8747220463748723493,193,97,208
192,424,17238747889761805543,193,97,208
192,425,530263500055859139,193,97,200
192,426,8218609068200659035,193,97,196
192,427,15431356429742130964,193,97,204
192,428,11823257796328222594,193,97,200
192,429,15155918179573283675,193,97,200
192,430,15042739201390452005,193,97,204
192,431,11455289164213897226,193,97,204
192,432,15091364533752647661,193,97,200
192,433,16505384080379231694,193,97,204
192,434,12872376037891260649,193,97,200
192,435,14096312632130105542,193,97,204
192,436,18272497524252217486,193,97,200
192,437,18130936752985233555,193,97,204
192,438,7784341710275648006,193,97,200
192,439,1139267370252829010,193,97,200
192,440,13388703216414686387,193,97,200
192,441,2116904925742360085,193,97,204
192,442,8033298932624096701,193,97,204
192,443,17461786964516755633,193,97,200
192,444,6134350472307586964,193,97,204
192,445,11683334463259568028,193,97,204
192,446,14136068422324821037,193,97,204
192,447,16842845274547690790,193,97,204
192,448,4362279801426252881,193,97,196
192,449,1849064168350068484,193,97,200
192,450,3542158109878250729,193,97,204
192,451,17355594868226605182,193,97,204
192,452,5813523039461378582,193,97,204
192,453,13730318240232277851,193,97,208
192,454,15287079980144541990,193,97,204
192,455,12509284269433973221,193,97,200
192,456,15962444075362857207,193,97,204
192,457,15500835744550063320,193,97,204
192,458,17042650351489165877,193,97,200
192,459,13431868401843769313,193,97,200
192,460,14513255495737661334,193,97,204
192,461,11294245713212470326,193,97,200
192,462,15194896546929188500,193,97,200
192,463,12551962811696431096,193,97,208
192,464,16298483810533384436,193,97,200
192,465,6591418522637366559,193,97,204
192,466,6243485846154121526,193,97,200
192,467,13213706544848815134,193,97,204
192,468,16134596703664647972,193,97,204
192,469,17396746461622726917,193,97,204
192,470,14550747561759275592,193,97,204
192,471,8905495566117505347,193,97,200
192,472,12662456910356044748,193,97,200
192,473,14073245799809991208,193,97,200
192,474,1903730805965416383,193,97,204
192,475,651593178238153031,193,97,204
192,476,1054848704552801006,193,97,204
192,477,17172710360401975697,193,97,200
192,478,5951590807202189248,193,97,204
192,479,11227968888814889879,193,97,200
192,480,1763747422017022413,193,97,204
192,481,15108673321536088072,193,97,200
192,482,15368436735251482008,193,97,204
192,483,1123177644412152322,193,97,200
192,484,5104159463754323940,193,97,200
192,485,17937461501835122120,193,97,204
192,486,2124550122430524729,193,97,204
192,487,15334983840801997342,193,97,200
192,488,14471500900247540940,193,97,204
192,489,339647786320686603,193,97,204
192,490,14801317429348336625,193,97,200
192,491,8897204460085764578,193,97,204
192,492,6228416091331852732,193,97,204
192,493,1878483608306932887,193,97,208
192,494,13171364951276365540,193,97,200
192,495,9751793559767580717,193,97,200
192,496,6595693552705121051,193,97,200
192,497,513520124047838204,193,97,200
192,498,5579005315941910749,193,97,204
192,499,10762005464453201078,193,97,200
192,500,8107614591714260943,193,97,200
192,501,134554400947229378,193,97,204
192,502,5726950516790349300,193,97,204
192,503,9303292668620621783,193,97,204
192,504,8928617095974585648,193,97,200
192,505,4229715043520828951,193,97,200
192,506,10327472323390189440,193,97,204
192,507,8771117768271514190,193,97,204
192,508,12240851169585784629,193,97,200
192,509,17531124341407708600,193,97,200
192,510,1082035915332620157,193,97,200
192,511,14280640679552786389,193,97,204
192,512,18144809539382751020,193,97,200
192,513,4452195995149314095,193,97,204
192,514,3719591536770074227,193,97,204
192,515,1437638100280952768,193,97,204
192,516,3243727575454523720,193,97,204
192,517,7456689251401427056,193,97,200
192,518,12713589412337768947,193,97,204
192,519,701405718969114266,193,97,204
192,520,1973049739864426088,193,97,196
192,521,16179552342439956866,193,97,204
192,522,183963208650363669,193,97,200
192,523,16550395689766086354,193,97,200
192,524,16646541311732408627,193,97,204
192,525,8237337739127635871,193,97,200
192,526,12164974293554348065,193,97,196
192,527,14803540341036964369,193,97,208
192,528,10219260502433821357,193,97,200
192,529,4572193172149188310,193,97,204
192,530,10312344276367968275,193,97,204
192,531,12383284966555333671,193,97,204
192,532,9249486827608354124,193,97,204
192,533,11259783524780267343,193,97,208
192,534,9647758410890069948,193,97,204
192,535,8907054596990316780,193,97,204
192,536,16091758325931496571,193,97,200
192,537,12963003960718054523,193,97,200
192,538,2872261874160648027,193,97,204
192,539,1271560555815905804,193,97,204
192,540,4628438096433359072,193,97,204
192,541,13014124651803073050,193,97,200
192,542,14773056509215163203,193,97,200
192,543,3103489133256076156,193,97,204
192,544,1535901525641889735,193,97,200
192,545,17079497044952198245,193,97,204
192,546,17068755776379838915,193,97,200
192,547,2204021930851581715,193,97,204
192,548,9432521934856672519,193,97,204
192,549,18019285829021652970,193,97,200
192,550,11065477658069300867,193,97,204
192,551,9648427340566752632,193,97,200
192,552,18237569161352381947,193,97,208
192,553,7515367460903894536,193,97,200
192,554,1958793834778650918,193,97,200
192,555,15887348791063741425,193,97,204
192,556,13998263077056186459,193,97,208
192,557,5075177578349385507,193,97,204
192,558,5871628332633599615,193,97,200
192,559,6047213860120948955,193,97,204
192,560,1218238917821312668,193,97,200
192,561,9206945067915739727,193,97,200
192,562,8668388084867936414,193,97,200
192,563,1203985438808557143,193,97,204
192,564,15968746893569637856,193,97,204
192,565,13163695217767446443,193,97,204
192,566,6240981079876824516,193,97,196
192,567,10952588183988357801,193,97,200
192,568,17920747948118255069,193,97,200
192,569,12922657617673750089,193,97,208
192,570,15162991351361563640,193,97,200
192,571,10752918111773917731,193,97,200
192,572,17259051993828294760,193,97,200
192,573,695096716303111683,193,97,200
192,574,17571373834181911545,193,97,204
192,575,11947501467427316553,193,97,208
192,576,14586132217744539175,193,97,200
192,577,9730240456609793302,193,97,200
192,578,2498016723514329041,193,97,200
192,579,15280864961476692099,193,97,200
192,580,3906204986215002998,193,97,204
192,581,8435067234509921368,193,97,204
192,582,7064037247464753532,193,97,204
192,583,10424446959481937124,193,97,204
192,584,9981234806492184264,193,97,204
192,585,12657308966746670236,193,97,204
192,586,2010669148844044966,193,97,204
192,587,3534593496822290327,193,97,204
192,588,15478019070546624177,193,97,204
192,589,11739969882361915952,193,97,204
192,590,2468713389557386976,193,97,200
192,591,18084804347199884196,193,97,200
192,592,3807805788016667514,193,97,200
192,593,16048489271509507615,193,97,204
192,594,17476365352373897096,193,97,204
192,595,6928583298378334213,193,97,200
192,596,8682841576430796126,193,97,204
192,597,4059350535934271510,193,97,204
192,598,6375593480879825551,193,97,200
192,599,12489246476933333768,193,97,196
192,600,1649063617977327905,193,97,204
192,601,17135212054290593872,193,97,200
192,602,1858704492593554365,193,97,200
192,603,6818955202449304009,193,97,208
192,604,1421577804956904069,193,97,200
192,605,3583393477252204474,193,97,204
192,606,6658197898826513235,193,97,204
192,607,3701045867546522361,193,97,200
192,608,1947643707585045522,193,97,200
192,609,15802237200231348366,193,97,200
192,610,672884072703946886,193,97,204
192,611,13848705202382398032,193,97,204
192,612,15640251075175409369,193,97,204
192,613,14408690785944029491,193,97,208
192,614,14590106010133206714,193,97,196
192,615,15747098020513775172,193,97,204
192,616,11282230872247613656,193,97,204
192,617,16197392716658271857,193,97,204
192,618,14934197091950049081,193,97,200
192,619,5938957098766012458,193,97,204
192,620,14204999333047572859,193,97,204
192,621,10791593587575943657,193,97,200
192,622,15745728523065113085,193,97,200
192,623,12689364338273281862,193,97,200
192,624,2545985728543320896,193,97,200
192,625,6245115505997950265,193,97,200
192,626,7668312585418814446,193,97,204
192,627,6060415094205533724,193,97,204
192,628,7388732648025925330,193,97,200
192,629,3246762725319747821,193,97,200
192,630,2869482890707002730,193,97,200
192,631,7122826395770017401,193,97,196
192,632,8083066805895894927,193,97,204
192,633,2474102397689084418,193,97,204
192,634,15100735929031194646,193,97,212
192,635,16649498837589298684,193,97,204
192,636,11360897731330095428,193,97,204
192,637,6754880065940437378,193,97,204
192,638,8275761119218180199,193,97,204
192,639,401352717200091584,193,97,208
192,640,8449347378181028968,193,97,204
192,641,1306571903278906708,193,97,204
192,642,3541089301132219771,193,97,200
192,643,8832453702073951851,193,97,200
192,644,8510052153686920090,193,97,204
192,645,17289167981298491363,193,97,204
192,646,9893822425770342515,193,97,204
192,647,12012991511075484017,193,97,200
192,648,8083865637552161721,193,97,192
192,649,528631591162768432,193,97,204
192,650,10645497981448338681,193,97,204
192,651,17916948048486081759,193,97,200
192,652,8726594301201545952,193,97,208
192,653,14067836280635890659,193,97,204
192,654,7803367975497285298,193,97,204
192,655,727372142015989837,193,97,204
192,656,17031887314423877254,193,97,204
192,657,235578445912032664,193,97,200
192,658,10173539999965325744,193,97,208
192,659,12057297297391851504,193,97,200
192,660,24538290891943568,193,97,204
192,661,5511032841458836385,193,97,204
192,662,17498030442762422723,193,97,200
192,663,2067800115344045390,193,97,200
192,664,8284788126351378897,193,97,200
192,665,6356814627978011555,193,97,200
192,666,11661497373556795484,193,97,204
192,667,8616610046562872789,193,97,204
192,668,2646023301739468335,193,97,200
192,669,9244452326306293950,193,97,208
192,670,9707665327623317653,193,97,200
192,671,5060149775270672972,193,97,196
192,672,9533552920787431515,193,97,204
192,673,9757397576080039699,193,97,208
192,674,14195072894342495216,193,97,204
192,675,13863294288275738048,193,97,204
192,676,8361581312813923080,193,97,200
192,677,18225781576570324792,193,97,204
192,678,14554279570469928686,193,97,200
192,679,14380157043276220501,193,97,200
192,680,7569675874637943385,193,97,204
192,681,8950779266919447681,193,97,204
192,682,6465380653074025518,193,97,204
192,683,6429768191071234498,193,97,208
192,684,17583368035477893452,193,97,204
192,685,3608059272769069707,193,97,200
192,686,4374278226118112193,193,97,204
192,687,17243039743752803371,193,97,204
192,688,11801392958502332170,193,97,204
192,689,10261681282253505501,193,97,200
192,690,4520640049735235677,193,97,200
192,691,5423184697971183557,193,97,200
192,692,8007095145025200495,193,97,208
192,693,2399417976530070877,193,97,200
192,694,3822332463140073845,193,97,196
192,695,17172119829072511963,193,97,204
192,696,4237977487450108125,193,97,200
192,697,8770614452369034454,193,97,204
192,698,3821469648635446642,193,97,196
192,699,8717038877446238127,193,97,196
192,700,18195670234967259420,193,97,200
192,701,15259847907121479476,193,97,208
192,702,12767492860595906147,193,97,208
192,703,10473987777759360491,193,97,192
192,704,13792146853003692708,193,97,200
192,705,15941289570243426582,193,97,204
192,706,7385043104424379417,193,97,204
192,707,9518893408022360420,193,97,200
192,708,16868749216636835440,193,97,204
192,709,3399189106636116730,193,97,208
192,710,10034723419185453674,193,97,204
192,711,807588701970297218,193,97,196
192,712,2861750331041162505,193,97,204
192,713,10033878870166110112,193,97,196
192,714,8981555232757868209,193,97,200
192,715,10046561168954804425,193,97,204
192,716,504224594353162981,193,97,204
192,717,2557463304486278705,193,97,204
192,718,18342570216524348826,193,97,204
192,719,12238478255444346650,193,97,204
192,720,16800971108567866017,193,97,200
192,721,11531999340128481516,193,97,200
192,722,15030111663748791904,193,97,200
192,723,12397313983068923005,193,97,200
192,724,1181179457897881677,193,97,204
192,725,15526453145825647102,193,97,204
192,726,15966275577893402517,193,97,204
192,727,14616085331844024665,193,97,204
192,728,18052662160958270678,193,97,204
192,729,1991737293987025556,193,97,204
192,730,2920517101050718907,193,97,204
192,731,15111181333985993817,193,97,208
192,732,3783312852732439961,193,97,200
192,733,3113462228673981879,193,97,204
192,734,5825582682892227882,193,97,200
192,735,1168059564556012292,193,97,204
192,736,6074832627422003993,193,97,200
192,737,17993050985126862548,193,97,200
192,738,8375270573523215064,193,97,204
192,739,17388750477120106158,193,97,204
192,740,15679901056912392119,193,97,200
192,741,5900654895987428435,193,97,204
192,742,12846135263176345134,193,97,204
192,743,12277934868946440960,193,97,204
192,744,15154020713122494780,193,97,208
192,745,7078226269147277224,193,97,204
192,746,8941565002735023987,193,97,204
192,747,12281178462674917891,193,97,208
192,748,17766731976395516434,193,97,204
192,749,7873472463835681420,193,97,204
192,750,4776263680300538862,193,97,200
192,751,15681810801176358337,193,97,204
192,752,14844432829039198881,193,97,208
192,753,8418766540100269936,193,97,200
192,754,11035376840838137257,193,97,200
192,755,12237653291800696347,193,97,204
192,756,1758444240212867377,193,97,196
192,757,6068470817013378087,193,97,200
192,758,15145287917166455788,193,97,204
192,759,11851466478657226694,193,97,204
192,760,16547523409623933353,193,97,200
192,761,1776501078099234331,193,97,204
192,762,9909475359623753497,193,97,200
192,763,13025642288572589891,193,97,200
192,764,2730257276302579509,193,97,204
192,765,458865549147250105,193,97,204
192,766,6649798228197547699,193,97,204
192,767,8162906955105225623,193,97,200
192,768,12262159481678599041,193,97,200
192,769,17500884773043409225,193,97,200
192,770,14701779615814975471,193,97,204
192,771,18214524569959417885,193,97,204
192,772,893406126647023747,193,97,204
192,773,7472278750295966207,193,97,200
192,774,8531480896635053316,193,97,204
192,775,1520999596919180764,193,97,200
192,776,12585672141033696315,193,97,204
192,777,4974979727164353182,193,97,208
192,778,17419514997840902450,193,97,200
192,779,10286749304329317169,193,97,200
192,780,843880787105659099,193,97,212
192,781,17428196091816121319,193,97,200
192,782,4527485089789456965,193,97,200
192,783,12942264046539244908,193,97,204
192,784,3140157524892642675,193,97,204
192,785,15820089443195131598,193,97,200
192,786,5872521843964496947,193,97,204
192,787,12900639987795120059,193,97,200
192,788,926503763001853814,193,97,208
192,789,652203043603549794,193,97,196
192,790,14584300683737184058,193,97,208
192,791,13602077256514622301,193,97,200
192,792,4193363516095674051,193,97,200
192,793,16033754092224912094,193,97,204
192,794,10676341677446020095,193,97,200
192,795,14072419154918033428,193,97,204
192,796,11448147023857231857,193,97,208
192,797,18173261222144549446,193,97,204
192,798,12303803784121825120,193,97,196
192,799,7200267922080012112,193,97,200
192,800,2758172991900806289,193,97,204
192,801,6601008455344944179,193,97,200
192,802,6063168321864070266,193,97,204
192,803,1753293992630372204,193,97,204
192,804,7384781589040948560,193,97,204
192,805,5721479582333740136,193,97,208
192,806,9879102406581444580,193,97,200
192,807,3070038035620649179,193,97,204
192,808,9878154661149927087,193,97,208
192,809,14816420307658292415,193,97,208
192,810,14546407974627342124,193,97,204
192,811,1646674626012063560,193,97,204
192,812,14605574276480669563,193,97,204
192,813,5379135003253364695,193,97,200
192,814,7032823517787381162,193,97,204
192,815,2571473000680687095,193,97,204
192,816,9043867030176661493,193,97,204
192,817,13589866556732971546,193,97,200
192,818,10115497344436196575,193,97,208
192,819,17088098082023275983,193,97,200
192,820,1355441964616932580,193,97,200
192,821,4827947948363533823,193,97,200
192,822,13685673263210732338,193,97,208
192,823,13862650204221419342,193,97,200
192,824,11600925531378839089,193,97,204
192,825,13443124747963927104,193,97,208
192,826,7810972791048855350,193,97,204
192,827,17819241157589142994,193,97,204
192,828,4809864129261793127,193,97,204
192,829,13127906584677171715,193,97,204
192,830,497057264850258360,193,97,204
192,831,13988626888330104045,193,97,200
192,832,3479489298927666419,193,97,200
192,833,15039959825771305602,193,97,204
192,834,15505031133622189315,193,97,204
192,835,8140797025768904996,193,97,200
192,836,10447931739004479572,193,97,200
192,837,14361135906303686546,193,97,204
192,838,10604331431014653338,193,97,200
192,839,645765352289301304,193,97,200
192,840,11781318352370123034,193,97,200
192,841,17990550464828858978,193,97,204
192,842,8955647059457320513,193,97,204
192,843,8778671435414816314,193,97,200
192,844,14566462619186383156,193,97,200
192,845,17824734998806913019,193,97,204
192,846,11439436968862454582,193,97,200
192,847,2635012402903666438,193,97,200
192,848,13055736780835685902,193,97,204
192,849,2823028954238108003,193,97,204
192,850,16567391882003763909,193,97,204
192,851,15949089845531581195,193,97,196
192,852,17316714847125904753,193,97,204
192,853,402261189593970676,193,97,204
192,854,17833023829702491708,193,97,204
192,855,10223006715350070535,193,97,204
192,856,14375206285446793181,193,97,204
192,857,5451545987796634584,193,97,204
192,858,2314200999788358471,193,97,204
192,859,11158362626261565364,193,97,204
192,860,14593985590575179522,193,97,204
192,861,17102961289257984653,193,97,204
192,862,17597511974873590635,193,97,204
192,863,16072090778611283627,193,97,200
192,864,6587821749831932027,193,97,204
192,865,7119921811223889842,193,97,200
192,866,8759322286754999262,193,97,200
192,867,11728857731747867631,193,97,200
192,868,9610142066915772992,193,97,200
192,869,9574834518040402371,193,97,204
192,870,4697499854376149393,193,97,208
192,871,11806399261678496770,193,97,200
192,872,5464043913396281044,193,97,200
192,873,12671057748040784467,193,97,204
192,874,13588491657113248237,193,97,204
192,875,7268812162357102020,193,97,204
192,876,11433945648259826724,193,97,204
192,877,9071033971714302399,193,97,204
192,878,17075893675279242819,193,97,204
192,879,10728220689223520013,193,97,204
192,880,1322764194432980180,193,97,200
192,881,5935782073693295144,193,97,204
192,882,9887966145797251954,193,97,204
192,883,5730034106940045550,193,97,200
192,884,9842186136253273198,193,97,204
192,885,16654338338399838974,193,97,204
192,886,820650879115969152,193,97,204
192,887,9865790614413287206,193,97,200
192,888,16615266166846903756,193,97,200
192,889,17268205382569013932,193,97,204
192,890,6920167868806508647,193,97,200
192,891,8808470325433166343,193,97,200
192,892,3306395192936772485,193,97,204
192,893,10415986810695842586,193,97,204
192,894,182598196244155216,193,97,200
192,895,8290375722539610561,193,97,204
192,896,11230232178213182476,193,97,204
192,897,14467966521449259652,193,97,204
192,898,7676661400412419182,193,97,204
192,899,15351183002603842439,193,97,208
192,900,6537882024679359157,193,97,204
192,901,14964384645072024528,193,97,204
192,902,3100085430374135301,193,97,204
192,903,13434201252892306282,193,97,208
192,904,15099189877225182065,193,97,196
192,905,1592925426500208628,193,97,200
192,906,2953098232489940609,193,97,200
192,907,13265337849501587253,193,97,208
192,908,10586765168509626462,193,97,204
192,909,6745145447482441839,193,97,204
192,910,4249921816787359927,193,97,204
192,911,5213330611712661920,193,97,204
192,912,10224899107661885859,193,97,204
192,913,13905741395907624193,193,97,208
192,914,2100320039525988810,193,97,196
192,915,3896231351820335847,193,97,204
192,916,6201604191058422014,193,97,200
192,917,14982309599191405290,193,97,204
192,918,4714829689486395391,193,97,204
192,919,8510968553614849069,193,97,204
192,920,10923406015708141350,193,97,200
192,921,2482208724215627569,193,97,204
192,922,5419020968668581000,193,97,208
192,923,9276153437032203226,193,97,200
192,924,8688708845700124090,193,97,208
192,925,16239846103515664791,193,97,196
192,926,10547897734483143273,193,97,204
192,927,9249894757494095811,193,97,204
192,928,802058059033644257,193,97,204
192,929,15989288868360685596,193,97,200
192,930,17340509423749454886,193,97,204
192,931,17517585318537982510,193,97,204
192,932,4480933007424792165,193,97,204
192,933,769390930583893142,193,97,204
192,934,14658932504874389670,193,97,204
192,935,12477326992019709428,193,97,204
192,936,15480493408137863097,193,97,204
192,937,18008073758222958167,193,97,204
192,938,15656010491649278996,193,97,204
192,939,11541866454404616616,193,97,208
192,940,3524878139649443946,193,97,200
192,941,2548859590421785353,193,97,204
192,942,4504674826690817167,193,97,204
192,943,18436969116586795404,193,97,204
192,944,12665095186332859552,193,97,204
192,945,17287502601262815250,193,97,204
192,946,1888650139640799910,193,97,200
192,947,2471116350873124228,193,97,200
192,948,3140152120316644990,193,97,204
192,949,3193223137385554823,193,97,204
192,950,7834449491054698147,193,97,204
192,951,9549901236451377850,193,97,196
192,952,9129045970585797457,193,97,200
192,953,14442308631408800072,193,97,204
192,954,12319309053607371299,193,97,200
192,955,15348690869363326036,193,97,200
192,956,8120619237332730187,193,97,196
192,957,1907131387725261335,193,97,200
192,958,11876776128094178636,193,97,196
192,959,13684869276468110555,193,97,204
192,960,14233356872079835797,193,97,204
192,961,12498750864407583460,193,97,208
192,962,10285997247809870314,193,97,200
192,963,4441133319634768925,193,97,204
192,964,3665201798381380573,193,97,204
192,965,13894583719802937003,193,97,204
192,966,5230490820853559048,193,97,204
192,967,2429084197221843004,193,97,208
192,968,12817974147450091110,193,97,200
192,969,14879806169496711436,193,97,204
192,970,2523816593905544308,193,97,200
192,971,2453327221086508852,193,97,204
192,972,10412735045396283459,193,97,200
192,973,9583375565129446748,193,97,208
192,974,6459689056172504136,193,97,204
192,975,17552171520655876549,193,97,196
192,976,6827549023273462124,193,97,204
192,977,10212835826687812518,193,97,200
192,978,6789434546540668872,193,97,200
192,979,9605346653644648660,193,97,204
192,980,3006960676128051803,193,97,204
192,981,13415562229252219478,193,97,200
192,982,4969531011003320184,193,97,208
192,983,5210231883256733698,193,97,204
192,984,16716103267847695334,193,97,204
192,985,1598459147601741968,193,97,200
192,986,12149087324005303768,193,97,208
192,987,9700469255891203451,193,97,204
192,988,12739005217537914709,193,97,200
192,989,9997851567904996443,193,97,204
192,990,3177698068708109338,193,97,208
192,991,4955923970081318458,193,97,200
192,992,2022787982581042615,193,97,200
192,993,3361724356527338541,193,97,208
192,994,8101045761770094767,193,97,204
192,995,8254419851943479577,193,97,200
192,996,147867603967695928,193,97,204
192,997,6464358944517641290,193,97,200
192,998,7026388086802210399,193,97,204
192,999,10745088515764170737,193,97,204
192,1000,16916831355047783390,193,97,200
192,1001,18224710663142070791,193,97,204
192,1002,9527045991644820972,193,97,196
192,1003,2767724538279470962,193,97,200
192,1004,15405320704383596131,193,97,200
192,1005,7022007893273677496,193,97,204
192,1006,16562622248654869203,193,97,204
192,1007,7757845675692636055,193,97,208
192,1008,345631424189463743,193,97,204
192,1009,8842010161677377280,193,97,208
192,1010,13646014304188834908,193,97,200
192,1011,10280224126068271102,193,97,204
192,1012,10144383987478113338,193,97,208
192,1013,5669468837553405913,193,97,200
192,1014,1643957591552984565,193,97,200
192,1015,8751002377984189329,193,97,204
192,1016,8702616813666349905,193,97,200
192,1017,592695566217767842,193,97,204
192,1018,5747027676000908889,193,97,200
192,1019,17704518443682883987,193,97,204
192,1020,4974710064798729987,193,97,200
192,1021,810696252153305297,193,97,204
192,1022,15217586958168796869,193,97,200
192,1023,1013442278285554652,193,97,204
192,1024,7749761169549026920,193,97,200
192,1025,5276639181922049836,193,97,200
192,1026,16082728131829018670,193,97,196
192,1027,5034772765635714914,193,97,204
192,1028,14495085079872049938,193,97,200
192,1029,17568555733269142665,193,97,204
192,1030,18007949045935678376,193,97,200
192,1031,8297863111159450882,193,97,200
192,1032,11490508851790596940,193,97,196
192,1033,8879848668299538670,193,97,204
192,1034,16069250717498318374,193,97,200
192,1035,1548833612727719258,193,97,200
192,1036,14666860839140603160,193,97,204
192,1037,16864662647888647016,193,97,208
192,1038,6756676378645851117,193,97,204
192,1039,7821324088177675158,193,97,204
192,1040,11328623971223270249,193,97,204
192,1041,4880874474757908948,193,97,204
192,1042,5222201497331950880,193,97,200
192,1043,5720345610357636454,193,97,200
192,1044,3877455611842295733,193,97,204
192,1045,16975166046379842493,193,97,208
192,1046,13883891843265417769,193,97,200
192,1047,7218094423754353424,193,97,208
192,1048,2877271688713470087,193,97,208
192,1049,5901288972950803055,193,97,196
192,1050,5583520361815104295,193,97,200
192,1051,4502787051688403867,193,97,200
192,1052,7803968070150703651,193,97,200
192,1053,10199515143780695713,193,97,208
192,1054,3288076873669288996,193,97,200
192,1055,7471160866656906121,193,97,200
192,1056,3729452020120233999,193,97,204
192,1057,12267163021388366340,193,97,200
192,1058,7494409797467029630,193,97,200
192,1059,11645085961864192294,193,97,200
192,1060,17748677671652149128,193,97,208
192,1061,9107169579468916566,193,97,204
192,1062,3868849217872742325,193,97,196
192,1063,410683562738234908,193,97,204
192,1064,18337871999629209894,193,97,208
192,1065,7862329713073722727,193,97,204
192,1066,17543230948050859345,193,97,204
192,1067,11493878597839709963,193,97,204
192,1068,15534707871515829457,193,97,200
192,1069,10568869348329087458,193,97,200
192,1070,4172608065248541185,193,97,200
192,1071,12350477862980915550,193,97,204
192,1072,17899638838779094892,193,97,200
192,1073,14600172005401675464,193,97,204
192,1074,16446195837483819577,193,97,204
192,1075,9499951901216948251,193,97,204
192,1076,10367873534331687431,193,97,204
192,1077,5809689393804534360,193,97,200
192,1078,1755160415763511954,193,97,200
192,1079,10729380306047318841,193,97,204
192,1080,872652656120023792,193,97,200
192,1081,7445611404685571012,193,97,204
192,1082,14196276641588104381,193,97,200
192,1083,15470026753591434360,193,97,204
192,1084,826346933614183173,193,97,208
192,1085,445068160660843072,193,97,200
192,1086,11141835269404628307,193,97,200
192,1087,3328372217952938472,193,97,204
192,1088,15278343905523756190,193,97,204
192,1089,16612664652279913873,193,97,200
192,1090,9340846130759059918,193,97,200
192,1091,8534800025853535475,193,97,200
192,1092,12924929945620468644,193,97,200
192,1093,3882274427952698166,193,97,200
192,1094,16036463006674475470,193,97,200
192,1095,13257610190423471405,193,97,204
192,1096,12690995552075339357,193,97,200
192,1097,478784507989693247,193,97,204
192,1098,8501278781214254248,193,97,204
192,1099,2017276581950968569,193,97,204
192,1100,18121095402915237536,193,97,208
192,1101,17182872342236204146,193,97,204
192,1102,14021033486725020770,193,97,204
192,1103,12933234930478323795,193,97,200
192,1104,15594996496138026733,193,97,204
192,1105,10035123051414923597,193,97,204
192,1106,11565245529869127653,193,97,196
192,1107,17443622991904043177,193,97,200
192,1108,14892720021581587093,193,97,204
192,1109,15648380440451867759,193,97,200
192,1110,16722721412550196804,193,97,204
192,1111,279783368069460399,193,97,208
192,1112,11837279534597547059,193,97,200
192,1113,18042919078479120547,193,97,200
192,1114,324181642433360001,193,97,200
192,1115,18328154636881071736,193,97,200
192,1116,10463962241919869039,193,97,200
192,1117,1590013754206337423,193,97,204
192,1118,4601656608074173483,193,97,204
192,1119,18160978735909559566,193,97,204
192,1120,6141252330179890221,193,97,204
192,1121,2873269522206847546,193,97,200
192,1122,4570120784524780053,193,97,204
192,1123,7305913205299073390,193,97,200
192,1124,3413287815066860331,193,97,204
192,1125,9501706388272994717,193,97,200
192,1126,2820025139085955517,193,97,208
192,1127,8835194527642872357,193,97,200
192,1128,17434705909332157545,193,97,204
192,1129,2142621527798531634,193,97,200
192,1130,13409194433101691278,193,97,200
192,1131,10499809486699805767,193,97,200
192,1132,2501973864182928716,193,97,200
192,1133,1158412882754372304,193,97,200
192,1134,6309435892030543229,193,97,204
192,1135,14621903629665261891,193,97,200
192,1136,13951428800536170473,193,97,204
192,1137,7527011188851219754,193,97,200
192,1138,2169784169653318531,193,97,200
192,1139,16706138073250407593,193,97,200
192,1140,1597096744977464656,193,97,204
192,1141,5667703012101766974,193,97,204
192,1142,12012008298148622075,193,97,200
192,1143,15994855653907557866,193,97,200
192,1144,5773917135402701753,193,97,204
192,1145,2754829809977814612,193,97,204
192,1146,11493997830534873927,193,97,204
192,1147,3485712209267178117,193,97,204
192,1148,12408151205197643329,193,97,204
192,1149,5279088479404006235,193,97,204
192,1150,15599683436162933797,193,97,208
192,1151,10663020005211602173,193,97,200
192,1152,4454897409620449104,193,97,200
192,1153,17975041126510028477,193,97,200
192,1154,639055038525761634,193,97,204
192,1155,1371936626162732959,193,97,200
192,1156,2900961412319826291,193,97,204
192,1157,6942974229676298069,193,97,204
192,1158,13233060607314899964,193,97,200
192,1159,6781877817053112218,193,97,200
192,1160,17082927273530553628,193,97,204
192,1161,16491288665792143389,193,97,204
192,1162,3808016349368751410,193,97,208
192,1163,112162657090079578,193,97,200
192,1164,11702362886408260471,193,97,200
192,1165,7168713213704695194,193,97,196
192,1166,6281872658329228869,193,97,196
192,1167,13060905308924693411,193,97,200
192,1168,18377252187732167484,193,97,204
192,1169,1332907981643512521,193,97,208
192,1170,10271508106953678618,193,97,204
192,1171,15559563729484256551,193,97,208
192,1172,3919889634732588118,193,97,204
192,1173,13995952450862467380,193,97,208
192,1174,4717222435394893745,193,97,200
192,1175,12790073374391363347,193,97,204
192,1176,18043247526487312544,193,97,204
192,1177,9972117414936781191,193,97,208
192,1178,14942473191103031794,193,97,204
192,1179,12978543149195503215,193,97,204
192,1180,8964617299050386509,193,97,200
192,1181,16960064635315151160,193,97,204
192,1182,13624831022655913066,193,97,200
192,1183,5532072173859590869,193,97,204
192,1184,17276702620436387819,193,97,204
192,1185,6496554141025626870,193,97,200
192,1186,6341039598645022411,193,97,200
192,1187,8529301892017537100,193,97,196
192,1188,12862830491091122916,193,97,208
192,1189,17157610562233274559,193,97,204
192,1190,4995410928733339173,193,97,204
192,1191,3737514251545439110,193,97,200
192,1192,2719494938996301561,193,97,200
192,1193,1295599105209471667,193,97,204
192,1194,6720311987964682851,193,97,200
192,1195,3628796567236007154,193,97,208
192,1196,1480703138552941200,193,97,204
192,1197,4164995118519582669,193,97,196
192,1198,14017477887761176957,193,97,204
192,1199,1249279613280424466,193,97,200
192,1200,16694523527992329426,193,97,204
192,1201,7864036261299364321,193,97,200
192,1202,11253119014562770813,193,97,208
192,1203,4202562864744072704,193,97,200
192,1204,10801513290346172713,193,97,204
192,1205,10167654530527261594,193,97,200
192,1206,17810410832756782762,193,97,200
192,1207,17498259473175809971,193,97,204
192,1208,17247695575541821012,193,97,204
192,1209,14604468410039604681,193,97,204
192,1210,15369543252688990121,193,97,204
192,1211,14365562466123428924,193,97,200
192,1212,8042199975489579250,193,97,204
192,1213,5576322351967310498,193,97,200
192,1214,1715453007842805587,193,97,204
192,1215,12891962893586822083,193,97,196
192,1216,11207234260592659895,193,97,200
192,1217,12199543268908144302,193,97,208
192,1218,15813977012462249480,193,97,204
192,1219,10201513014567731127,193,97,200
192,1220,13657293881197332423,193,97,208
192,1221,8276601414465148418,193,97,208
192,1222,8614184645261959796,193,97,200
192,1223,9743305150377614107,193,97,204
192,1224,12987555104902224161,193,97,200
192,1225,13712622376323847910,193,97,204
192,1226,2743213957860214686,193,97,204
192,1227,4337250039223144728,193,97,204
192,1228,7625813497280417008,193,97,204
192,1229,12350096985083120955,193,97,200
192,1230,5300378836742588221,193,97,204
192,1231,49169905660877538,193,97,200
192,1232,6183831864779122026,193,97,200
192,1233,6137468313880702476,193,97,204
192,1234,12076477993429894062,193,97,200
192,1235,18013916221361438235,193,97,208
192,1236,7147891249257719158,193,97,200
192,1237,2465283104796004519,193,97,204
192,1238,18262393900798665978,193,97,204
192,1239,3770550507030657746,193,97,208
192,1240,14697484393448143031,193,97,204
192,1241,3352413301912326660,193,97,204
192,1242,4341857974145367932,193,97,200
192,1243,14015372500535297465,193,97,204
192,1244,8323921552111037897,193,97,204
192,1245,10668028021035734649,193,97,204
192,1246,1043346095853934633,193,97,204
192,1247,9983482234198632212,193,97,208
192,1248,1731445653779996043,193,97,200
192,1249,10653913176407712943,193,97,204
192,1250,9400930167893075133,193,97,204
192,1251,17846277806864250663,193,97,200
192,1252,14647222899914634064,193,97,204
192,1253,10405388359954079909,193,97,204
192,1254,15490589256565597659,193,97,204
192,1255,9194563122973227268,193,97,204
192,1256,10729543264166799370,193,97,200
192,1257,994305892019438053,193,97,196
192,1258,8259610699965099102,193,97,204
192,1259,5794094486534424083,193,97,200
192,1260,4204812824080179782,193,97,204
192,1261,6250401384665496660,193,97,200
192,1262,16897976104350272117,193,97,208
192,1263,6460526511766655584,193,97,208
192,1264,6947490215622863114,193,97,200
192,1265,11566365387239067751,193,97,200
192,1266,13808342003652956658,193,97,200
192,1267,3891636045187671156,193,97,200
192,1268,7119678611968933874,193,97,200
192,1269,15797716924441804997,193,97,200
192,1270,18270773853220069801,193,97,196
192,1271,12466971203903028165,193,97,200
192,1272,2645989374241523877,193,97,204
192,1273,13968281641800457341,193,97,200
192,1274,1777584285218211530,193,97,200
192,1275,17055373160315402608,193,97,200
192,1276,15389512251011407970,193,97,208
192,1277,8412227967283943302,193,97,200
192,1278,4993890838987195464,193,97,208
192,1279,12286875522050143967,193,97,204
192,1280,5989280992107165584,193,97,204
192,1281,2393579043138823021,193,97,200
192,1282,17728047210253523346,193,97,208
192,1283,12716459806291290012,193,97,200
192,1284,187844756539458968,193,97,200
192,1285,6122476211766420523,193,97,200
192,1286,623912648496683544,193,97,204
192,1287,11362011973868218745,193,97,204
192,1288,14321295206931519272,193,97,200
192,1289,4031147059660391267,193,97,196
192,1290,15360428312548707790,193,97,200
192,1291,16784944343927967967,193,97,204
192,1292,2190180142254012020,193,97,200
192,1293,7798703367902467277,193,97,200
192,1294,11068651607800382703,193,97,200
192,1295,16800270843351602105,193,97,204
192,1296,16728170983044821943,193,97,200
192,1297,13044889583326472914,193,97,200
192,1298,18352267218730155491,193,97,204
192,1299,5550115311514199768,193,97,204
192,1300,3466107282833788215,193,97,204
192,1301,8405340726975726109,193,97,204
192,1302,4157088833641752593,193,97,200
192,1303,3606683316745609655,193,97,208
192,1304,16886002599015239365,193,97,200
192,1305,15554712740394894236,193,97,196
192,1306,10188853661697828510,193,97,204
192,1307,7934217703073188857,193,97,196
192,1308,17584399392756246088,193,97,204
192,1309,5122314685167176829,193,97,204
192,1310,14846809213824575115,193,97,200
192,1311,13971112996989053621,193,97,204
192,1312,5755868258166265306,193,97,200
192,1313,12523761073521128890,193,97,200
192,1314,6934237638603753120,193,97,200
192,1315,17472325706823863385,193,97,204
192,1316,14598548919612385890,193,97,200
192,1317,3910044699341691476,193,97,204
192,1318,4202125327180722519,193,97,204
192,1319,4980008098791434868,193,97,200
192,1320,4361274164827673314,193,97,208
192,1321,8935514256086251773,193,97,204
192,1322,1684797268191774980,193,97,200
192,1323,9021091437541764463,193,97,204
192,1324,12024357032541064582,193,97,204
192,1325,11943517117111214343,193,97,192
192,1326,13701059344567444403,193,97,200
192,1327,5567651001396134070,193,97,200
192,1328,6655098778832005727,193,97,200
192,1329,14206294336851949463,193,97,200
192,1330,8619362262166956730,193,97,200
192,1331,14958549708063044548,193,97,204
192,1332,16891124192585087074,193,97,200
192,1333,6544441031143936426,193,97,204
192,1334,7517535250971253694,193,97,204
192,1335,2739313823070463229,193,97,204
192,1336,16051081926238481446,193,97,204
192,1337,8965822583616675344,193,97,204
192,1338,13350814397111611001,193,97,200
192,1339,10399864956658444665,193,97,196
192,1340,5511187368933616364,193,97,204
192,1341,12208259746546468828,193,97,200
192,1342,1752771952637187441,193,97,204
192,1343,7218334242335740087,193,97,200
192,1344,15847511719676288771,193,97,204
192,1345,1796481547083416688,193,97,200
192,1346,1390935029743010663,193,97,200
192,1347,15357796883678879712,193,97,204
192,1348,4788971060921461353,193,97,204
192,1349,6771030716931322590,193,97,200
192,1350,373787564437029280,193,97,196
192,1351,9318171797990664290,193,97,204
192,1352,13601352026934321908,193,97,204
192,1353,2108894515064336344,193,97,204
192,1354,5429690333806582107,193,97,200
192,1355,7703294160131627057,193,97,200
192,1356,10407692807574169896,193,97,200
192,1357,13461925758383697162,193,97,196
192,1358,11576006430235605502,193,97,204
192,1359,13535384881192849098,193,97,204
192,1360,2401107707918791698,193,97,204
192,1361,8125282386365351623,193,97,200
192,1362,17294682908371104682,193,97,204
192,1363,8935520345658830633,193,97,200
192,1364,2851107827869791461,193,97,204
192,1365,15759615236381191059,193,97,200
192,1366,151916222452046716,193,97,200
192,1367,11732316557562479298,193,97,200
192,1368,16436018471071464728,193,97,204
192,1369,9850082545775736136,193,97,208
192,1370,9704709207173543953,193,97,208
192,1371,6984028101319617604,193,97,208
192,1372,18363335007040688966,193,97,204
192,1373,5172525603395771239,193,97,200
192,1374,9433270423124865308,193,97,204
192,1375,2023446869917938835,193,97,200
192,1376,13919688222605365611,193,97,200
192,1377,1171028285384513477,193,97,200
192,1378,3687695802129566994,193,97,200
192,1379,18282520108661373705,193,97,204
192,1380,276159529065559085,193,97,204
192,1381,5064829526171735942,193,97,200
192,1382,1259201666994491672,193,97,196
192,1383,7740664364918001726,193,97,200
192,1384,17976988336071667658,193,97,200
192,1385,2358995605842222986,193,97,204
192,1386,8312297444434022986,193,97,200
192,1387,17491531584768860167,193,97,200
192,1388,13273565522728238597,193,97,200
192,1389,15330751785959408508,193,97,204
192,1390,12359437195013000272,193,97,204
192,1391,2335800808955371607,193,97,204
192,1392,16360605247050175384,193,97,204
192,1393,17257100866383852563,193,97,200
192,1394,15988651125490967481,193,97,200
192,1395,10854845422732902049,193,97,204
192,1396,15112878343139538614,193,97,200
192,1397,15927018159193728102,193,97,204
192,1398,9946297771076269951,193,97,200
192,1399,11046874882041983042,193,97,200
192,1400,2918088441325666623,193,97,200
192,1401,15056147353376485007,193,97,204
192,1402,9258818288129144357,193,97,204
192,1403,5222967790684221225,193,97,200
192,1404,14894771788978409324,193,97,204
192,1405,13194588490865506311,193,97,204
192,1406,15946932275392013962,193,97,204
192,1407,3313350239080975030,193,97,204
192,1408,14956049527108115940,193,97,204
192,1409,10077092205114657986,193,97,204
192,1410,3233275954090825943,193,97,204
192,1411,2288119326090145914,193,97,204
192,1412,9304136699588611561,193,97,200
192,1413,14375826735978219257,193,97,200
192,1414,830529894060035666,193,97,200
192,1415,12870501606786554416,193,97,200
192,1416,10601705209471060268,193,97,200
192,1417,7036547169565027044,193,97,200
192,1418,8261940694643627571,193,97,204
192,1419,15523879291731849184,193,97,200
192,1420,12208766770400166388,193,97,204
192,1421,1208857061805460672,193,97,204
192,1422,14344850701764762975,193,97,204
192,1423,12848677199664162240,193,97,200
192,1424,10181266400921244995,193,97,204
192,1425,3136901578493363733,193,97,204
192,1426,5626015066186598741,193,97,200
192,1427,14937647766021942500,193,97,204
192,1428,4473396972270135822,193,97,200
192,1429,17047476942214230945,193,97,204
192,1430,15122180168879530101,193,97,204
192,1431,2549421269220222156,193,97,196
192,1432,5999269851016848893,193,97,200
192,1433,4064621358705770155,193,97,200
192,1434,4655103504983936803,193,97,200
192,1435,17366552078147104531,193,97,204
192,1436,1142979226874291917,193,97,204
192,1437,12450098113986580106,193,97,200
192,1438,9013153419938288777,193,97,200
192,1439,12079456102815380554,193,97,204
192,1440,3009026103927362935,193,97,200
192,1441,1757892247137076825,193,97,204
192,1442,13809586332063144514,193,97,204
192,1443,2370781278963027591,193,97,204
192,1444,4210079881686539413,193,97,200
192,1445,8973836022477774572,193,97,204
192,1446,14700308120425173015,193,97,208
192,1447,15400065265856217425,193,97,200
192,1448,8252618503032266809,193,97,196
192,1449,10137077166709831397,193,97,204
192,1450,2151003672333684631,193,97,196
192,1451,3367248357387691928,193,97,204
192,1452,7241882193316139540,193,97,200
192,1453,16515240624444390534,193,97,200
192,1454,10502698661185240174,193,97,200
192,1455,5103365560128629890,193,97,204
192,1456,4372499072547131657,193,97,200
192,1457,10277434604504011745,193,97,204
192,1458,4562311127375590408,193,97,204
192,1459,3750431738276498614,193,97,200
192,1460,5350408127517103295,193,97,204
192,1461,911000697937879342,193,97,200
192,1462,9044430089949176283,193,97,204
192,1463,18370027861471711155,193,97,204
192,1464,18405927870953564894,193,97,204
192,1465,1701686327995000423,193,97,204
192,1466,3650451849072085331,193,97,204
192,1467,5005799339941224100,193,97,200
192,1468,3960016603026446139,193,97,200
192,1469,4549446166910396336,193,97,204
192,1470,5077267348884573592,193,97,200
192,1471,9901905457799334309,193,97,204
192,1472,7900440599360829487,193,97,204
192,1473,16136240011700794095,193,97,200
192,1474,1562634453916301837,193,97,204
192,1475,15911431333423749916,193,97,204
192,1476,12076122103462654711,193,97,204
192,1477,4478365183074469981,193,97,200
192,1478,4393279650213056555,193,97,200
192,1479,13792473914336616833,193,97,208
192,1480,6347129213297955107,193,97,204
192,1481,13675697783149383847,193,97,204
192,1482,5080079117438418163,193,97,204
192,1483,3640968495314613089,193,97,200
192,1484,3977426636739953706,193,97,204
192,1485,18308344123941453241,193,97,204
192,1486,12826338582012649365,193,97,200
192,1487,21239733167033781,193,97,208
192,1488,11305765107662433876,193,97,204
192,1489,8346275849399972100,193,97,200
192,1490,17544549666526863019,193,97,196
192,1491,10005109815969847699,193,97,204
192,1492,3460670057500414981,193,97,204
192,1493,10159217819117571013,193,97,204
192,1494,13278841473009793297,193,97,204
192,1495,11454253618585407417,193,97,200
192,1496,8169427516581818366,193,97,200
192,1497,15890054828550013375,193,97,204
192,1498,9984428163640054535,193,97,204
192,1499,11558389365224549561,193,97,204
192,1500,16058762588172122762,193,97,200
256,1,10585081461544678250,257,129,272
256,2,11842390630043928014,257,129,268
256,3,12438046609648422414,257,129,272
256,4,3889828340928360107,257,129,268
256,5,9806680777635262931,257,129,272
256,6,5253262472453184142,257,129,276
256,7,15212834071377363872,257,129,272
256,8,5740604138696993548,257,129,272
256,9,13552993213611483921,257,129,268
256,10,16749056027337970816,257,129,268
256,11,14435296995118665324,257,129,268
256,12,13800609935232455407,257,129,272
256,13,2427904230225033713,257,129,268
256,14,12029491833241117580,257,129,268
256,15,18393067095118690669,257,129,272
256,16,14337861855635667118,257,129,268
256,17,9068563588372468153,257,129,272
256,18,16879953033182231666,257,129,268
256,19,12788310258348874979,257,129,272
256,20,9613304202749511311,257,129,264
256,21,11509930711282235616,257,129,268
256,22,13247845670145282121,257,129,268
256,23,2804941446703698233,257,129,272
256,24,10891107100974376428,257,129,272
256,25,2403136302675883909,257,129,268
256,26,5172191364669984791,257,129,272
256,27,6684762037091796954,257,129,268
256,28,6693015507493576567,257,129,272
256,29,12328008694137742410,257,129,276
256,30,1000672509724986132,257,129,264
256,31,3652849940057355317,257,129,272
256,32,2771494871716862650,257,129,272
256,33,1752562351670454483,257,129,264
256,34,2844849783462235467,257,129,264
256,35,17312494891344693995,257,129,272
256,36,14579788204951584846,257,129,268
256,37,11317870685431167014,257,129,272
256,38,5170010836311276223,257,129,272
256,39,17378066162271924366,257,129,276
256,40,15414281172038997519,257,129,268
256,41,5720559275171724836,257,129,272
256,42,1297234080283340677,257,129,268
256,43,6913240519461019188,257,129,272
256,44,16447850165931209048,257,129,272
256,45,12209773824068914157,257,129,272
256,46,16433947552519848972,257,129,272
256,47,18383751991329917269,257,129,264
256,48,7227940086763260183,257,129,272
256,49,1036671616547711867,257,129,268
256,50,13512172024061099722,257,129,272
256,51,366709335925579413,257,129,268
256,52,1881207219478900619,257,129,272
256,53,12086073260879998504,257,129,272
256,54,5714065448161232158,257,129,276
256,55,15435673296168562602,257,129,272
256,56,7651631545878971700,257,129,268
256,57,14182253897867844077,257,129,268
256,58,4227538710366357853,257,129,268
256,59,14854547169173004327,257,129,268
256,60,13589613609990295586,257,129,276
256,61,17822635607282492107,257,129,264
256,62,7865805761612578113,257,129,268
256,63,6988350592845818240,257,129,264
256,64,17564952600879544655,257,129,268
256,65,7511823562295592546,257,129,272
256,66,16592028215273222800,257,129,268
256,67,11043777865782414257,257,129,268
256,68,6984394485757661840,257,129,264
256,69,10319295573312654607,257,129,272
256,70,4360341393262033983,257,129,272
256,71,2100382755877908640,257,129,268
256,72,14210605678258218092,257,129,268
256,73,10507276968867285745,257,129,272
256,74,6736019992349862496,257,129,268
256,75,13532098477559636541,257,129,272
256,76,119736404858096830,257,129,272
256,77,4442159811711225937,257,129,276
256,78,13025231821379532225,257,129,268
256,79,16685608236118055073,257,129,268
256,80,11408560249149037995,257,129,272
256,81,17849330667542841301,257,129,272
256,82,15950965783131424884,257,129,268
256,83,4793838908733452486,257,129,264
256,84,11622668369608345819,257,129,264
256,85,14918835370565654620,257,129,268
256,86,9070711355023085421,257,129,268
256,87,13070313919144422848,257,129,272
256,88,1907841595120730169,257,129,272
256,89,17288125613139707765,257,129,268
256,90,9373610341354337178,257,129,268
256,91,12307742424956678412,257,129,268
256,92,56278689361499333,257,129,268
256,93,193479156803801948,257,129,268
256,94,3706244763775842372,257,129,268
256,95,12159304752332573726,257,129,272
256,96,9189883887058725815,257,129,268
256,97,13937943415743542239,257,129,268
256,98,14090442175704281861,257,129,276
256,99,8955377958170200290,257,129,272
256,100,6426736339850567505,257,129,268
256,101,10500669062369828247,257,129,268
256,102,14213003151514654032,257,129,268
256,103,9799895474530340185,257,129,268
256,104,23233013759547659,257,129,272
256,105,18021720034234982963,257,129,268
256,106,11754349611244100425,257,129,272
256,107,239273377832508264,257,129,264
256,108,15546079104782392489,257,129,272
256,109,8512740889625524093,257,129,272
256,110,7847267238676552758,257,129,268
256,111,11012528324777920645,257,129,268
256,112,8135307733036338757,257,129,264
256,113,416841814419534488,257,129,268
256,114,8777299599865149298,257,129,264
256,115,5697960744879266552,257,129,272
256,116,18302830622921540907,257,129,264
256,117,3088797485183506899,257,129,264
256,118,5736286357104959635,257,129,276
256,119,878018898258374159,257,129,268
256,120,7295412719495356767,257,129,272
256,121,8165025260940742020,257,129,268
256,122,4347018958628324997,257,129,272
256,123,2245598728482722663,257,129,272
256,124,16521557133840371508,257,129,264
256,125,4412167455268276723,257,129,272
256,126,18037985860970195595,257,129,268
256,127,6168087834983620259,257,129,268
256,128,13264161884780883518,257,129,272
256,129,10301115705263433881,257,129,272
256,130,1320808166052943565,257,129,268
256,131,11841623415404381113,257,129,272
256,132,15361250334140581706,257,129,272
256,133,23988979758183720,257,129,276
256,134,14746705303670723208,257,129,272
256,135,14579229219838473906,257,129,268
256,136,18215441079266053756,257,129,268
256,137,4567912906194968222,257,129,272
256,138,7910476468916767710,257,129,272
256,139,9665612372706704844,257,129,268
256,140,11989175770729817159,257,129,276
256,141,12171769416130550863,257,129,268
256,142,15905935826437273630,257,129,272
256,143,12193913160088491366,257,129,272
256,144,7131240127214543563,257,129,268
256,145,3901576104160762740,257,129,276
256,146,205643360879881028,257,129,272
256,147,366568236377197763,257,129,264
256,148,6333404319334089371,257,129,272
256,149,4336763618493646597,257,129,272
256,150,4352190396527288812,257,129,272
256,151,17372878921204679066,257,129,268
256,152,9271703054595984288,257,129,268
256,153,8477131697930583014,257,129,272
256,154,5540856371045376000,257,129,272
256,155,10730205031539195379,257,129,268
256,156,6467607450415622739,257,129,264
256,157,18300406069043432647,257,129,272
256,158,16274499739875734160,257,129,268
256,159,1040034186767192033,257,129,268
256,160,10930988319084868665,257,129,268
256,161,10691035459078793135,257,129,276
256,162,9818875282289623544,257,129,264
256,163,12158180079981655897,257,129,272
256,164,9517375013191046046,257,129,268
256,165,11247921728881817599,257,129,272
256,166,9835269150736462399,257,129,272
256,167,18196679320066311575,257,129,272
256,168,1215306813766478328,257,129,268
256,169,3448690032609990275,257,129,268
256,170,17488455785540218752,257,129,268
256,171,2858088391800905541,257,129,268
256,172,12306423156654274176,257,129,264
256,173,1653824896055871250,257,129,272
256,174,1299124254412414107,257,129,268
256,175,8273987083377758221,257,129,276
256,176,6450448331787338817,257,129,276
256,177,1207353811385088787,257,129,268
256,178,16453234950256573594,257,129,268
256,179,11669031555085019763,257,129,268
256,180,16042298445676773950,257,129,268
256,181,15245988187418179151,257,129,272
256,182,8317429843491286724,257,129,272
256,183,11835825508985372536,257,129,268
256,184,9874902468312018456,257,129,272
256,185,8634539232239324425,257,129,272
256,186,5697265280569223790,257,129,272
256,187,247029686146694089,257,129,268
256,188,8103244815858675630,257,129,268
256,189,17808472660479496934,257,129,272
256,190,15382498251402360464,257,129,272
256,191,2287570659586310670,257,129,268
256,192,3662856259757995377,257,129,272
256,193,6329856215781912935,257,129,272
256,194,2015387464349889489,257,129,268
256,195,2258246768585206076,257,129,268
256,196,7671889583518397042,257,129,272
256,197,6045916898376594800,257,129,272
256,198,836681482604112380,257,129,272
256,199,10216265525074518080,257,129,268
256,200,8010765803607443723,257,129,268
256,201,17396750228054798233,257,129,276
256,202,6739707302989673926,257,129,276
256,203,2835312197589709368,257,129,268
256,204,2391983944301412910,257,129,276
256,205,13715816533411443052,257,129,268
256,206,5037854361925490275,257,129,268
256,207,3204155642534143136,257,129,272
256,208,1412514780012212777,257,129,268
256,209,13843940398270494137,257,129,268
256,210,12166166227251575271,257,129,268
256,211,902069370162306138,257,129,268
256,212,16613390577061256206,257,129,272
256,213,7082402662028143977,257,129,268
256,214,3463635197186016680,257,129,272
256,215,587532462634249566,257,129,272
256,216,12671133599847493843,257,129,272
256,217,14094953298922766028,257,129,272
256,218,4946745125133899532,257,129,268
256,219,15874942053075267732,257,129,268
256,220,1513066243586514559,257,129,268
256,221,5811708632331231085,257,129,272
256,222,7125637989823965532,257,129,272
256,223,12961594710849331684,257,129,264
256,224,9159018337179441070,257,129,268
256,225,878613897054715036,257,129,272
256,226,7377946667153717596,257,129,268
256,227,15363020714228273649,257,129,268
256,228,9123129856335426188,257,129,264
256,229,9103606350705551359,257,129,272
256,230,12205096419417870173,257,129,276
256,231,16308592701344922076,257,129,272
256,232,6462330145148429358,257,129,268
256,233,7282326282446462968,257,129,268
256,234,3115982203779392455,257,129,268
256,235,17188765531072010202,257,129,268
256,236,6876014164126240332,257,129,268
256,237,18294104600210254395,257,129,268
256,238,7678828236335189674,257,129,268
256,239,10934705951171061597,257,129,264
256,240,510678044649714092,257,129,272
256,241,14878039914667853705,257,129,268
256,242,10595067673985071702,257,129,276
256,243,12661016596407954335,257,129,272
256,244,290252640203599917,257,129,272
256,245,795891640272510196,257,129,268
256,246,17273016066947040817,257,129,272
256,247,712942701605475032,257,129,272
256,248,4700884966786484451,257,129,264
256,249,11577652315806218641,257,129,272
256,250,6702182516207429210,257,129,272
256,251,5076062883700872703,257,129,272
256,252,13506298605330283223,257,129,264
256,253,15301382761222103893,257,129,272
256,254,10254371755872049269,257,129,272
256,255,8546072425017490728,257,129,272
256,256,5427569565080654025,257,129,276
256,257,17048001022800982900,257,129,272
256,258,808605489545596563,257,129,268
256,259,15867871231023974961,257,129,268
256,260,1821031898018247672,257,129,272
256,261,2583861061910053089,257,129,268
256,262,7024199947135194511,257,129,268
256,263,10185259506981332370,257,129,268
256,264,17115186511307511752,257,129,268
256,265,4006883229067506674,257,129,272
256,266,12730253999964554687,257,129,272
256,267,16612393910042707518,257,129,272
256,268,11769542938449898617,257,129,268
256,269,12905475761979129732,257,129,268
256,270,1313049334294267426,257,129,276
256,271,15748880747332585865,257,129,272
256,272,3470714062193213075,257,129,272
256,273,15776333349316952703,257,129,268
256,274,4245280034761291784,257,129,272
256,275,854234869244376585,257,129,276
256,276,15410546743225595239,257,129,272
256,277,10342655817655501912,257,129,276
256,278,6470224615324245945,257,129,268
256,279,1371581245472913658,257,129,264
256,280,4179614369473363223,257,129,272
256,281,10046298285072103997,257,129,272
256,282,8361217472048712803,257,129,268
256,283,3439644154995706164,257,129,268
256,284,17680352047619112337,257,129,272
256,285,1789912678092868076,257,129,272
256,286,10624552271545811280,257,129,272
256,287,9813129081688023794,257,129,276
256,288,15559725639576594994,257,129,272
256,289,9074364048824014195,257,129,268
256,290,6266851589699543554,257,129,268
256,291,7825849114564409959,257,129,272
256,292,58823468288437801,257,129,260
256,293,16845198076658645987,257,129,272
256,294,16014027737470288727,257,129,268
256,295,11863440210956387465,257,129,268
256,296,9224475287069102795,257,129,268
256,297,18246760786783267855,257,129,268
256,298,6997379165212026230,257,129,268
256,299,7643299539947147732,257,129,272
256,300,6322483935152649365,257,129,268
256,301,12208462789152411704,257,129,276
256,302,7844665293381546954,257,129,268
256,303,14181738898053748932,257,129,272
256,304,13816933994728148290,257,129,268
256,305,12081071291028481511,257,129,268
256,306,3351524224903349262,257,129,268
256,307,16782261698060413164,257,129,276
256,308,1719324274245044176,257,129,272
256,309,17931711072988507504,257,129,268
256,310,3557786050514630757,257,129,272
256,311,17255729989637892889,257,129,272
256,312,9960573021329565636,257,129,268
256,313,1429810070912934433,257,129,272
256,314,17199764837309472085,257,129,268
256,315,2143334712689883842,257,129,272
256,316,5233356358073442034,257,129,268
256,317,15705865515009689649,257,129,268
256,318,18091345904534767222,257,129,268
256,319,17344148015892004342,257,129,272
256,320,14971739535381749532,257,129,268
256,321,8123380055725572328,257,129,268
256,322,3488478762634392722,257,129,272
256,323,8832856769504702570,257,129,272
256,324,8265044545995964063,257,129,272
256,325,15319129792957928903,257,129,264
256,326,16903892873187627339,257,129,272
256,327,7351992337860283982,257,129,268
256,328,10479786625535811440,257,129,272
256,329,6479400006635696471,257,129,272
256,330,12057584948978632437,257,129,268
256,331,2678305277368200961,257,129,272
256,332,13974534881479014826,257,129,268
256,333,6127403495299403553,257,129,268
256,334,1550290060423404882,257,129,268
256,335,8674528459661921256,257,129,268
256,336,8651358234000216607,257,129,272
256,337,13450141677171012437,257,129,268
256,338,4188435576099055252,257,129,268
256,339,11543251758630959201,257,129,276
256,340,3105345697208641327,257,129,268
256,341,8280501405082392311,257,129,268
256,342,11866618565417446632,257,129,268
256,343,17714906478840213210,257,129,272
256,344,3647818072456490588,257,129,272
256,345,688865943041418677,257,129,276
256,346,18253108042593923690,257,129,272
256,347,17432740146906714266,257,129,272
256,348,6678293860951543403,257,129,272
256,349,17869868495209585812,257,129,272
256,350,4823014628957507901,257,129,272
256,351,12363806014933460171,257,129,272
256,352,16801384927429114072,257,129,272
256,353,5542528401349703731,257,129,272
256,354,13874783529046899855,257,129,268
256,355,1195915534492134521,257,129,268
256,356,12127497552080181543,257,129,272
256,357,2005599527861224277,257,129,272
256,358,14180859434839818323,257,129,276
256,359,2425682411141186914,257,129,272
256,360,16903651344353355808,257,129,272
256,361,17140698974490126105,257,129,272
256,362,16709302309339948674,257,129,268
256,363,14181473620632556918,257,129,268
256,364,14750342612314233398,257,129,272
256,365,3337517011672335573,257,129,272
256,366,1415607712512728881,257,129,268
256,367,14760207081682235546,257,129,268
256,368,1496070600240121285,257,129,268
256,369,10937482109048461310,257,129,268
256,370,13362016379105819942,257,129,272
256,371,1878894213152372044,257,129,268
256,372,14396531737189246458,257,129,276
256,373,2500412881095969135,257,129,268
256,374,8466781740773996646,257,129,272
256,375,8184666258366660278,257,129,272
256,376,7790915794608902911,257,129,268
256,377,16340845681804041856,257,129,268
256,378,12149466598342704139,257,129,268
256,379,7731662206614557859,257,129,268
256,380,12868662532841252812,257,129,272
256,381,7222850970299463587,257,129,272
256,382,15681242247780090695,257,129,268
256,383,2158427776615088879,257,129,268
256,384,108064187974773080,257,129,272
256,385,4689552917833634146,257,129,272
256,386,16913361144497263040,257,129,268
256,387,17094237648739804801,257,129,264
256,388,15726304813709013136,257,129,276
256,389,4284462081652033769,257,129,272
256,390,7458281681394551167,257,129,272
256,391,11312818046703648351,257,129,268
256,392,1624072489069558555,257,129,272
256,393,420660583708338130,257,129,272
256,394,8949834172027709895,257,129,272
256,395,6407446051690830261,257,129,268
256,396,16482924612259145611,257,129,264
256,397,7379641706027129103,257,129,268
256,398,15304895741169148174,257,129,268
256,399,7908205093467792353,257,129,272
256,400,1536151707846277975,257,129,268
256,401,495326660964400423,257,129,272
256,402,17463867113540879584,257,129,268
256,403,6516609802602785,257,129,272
256,404,11687104966545162380,257,129,268
256,405,6017355605747575959,257,129,272
256,406,15689747090308865619,257,129,268
256,407,18317730744173389097,257,129,268
256,408,3985469305052196109,257,129,268
256,409,14294244107982951642,257,129,268
256,410,792539388123023366,257,129,268
256,411,841709570898085200,257,129,268
256,412,15151902291453070295,257,129,268
256,413,11007597050460586321,257,129,268
256,414,3915022036217167597,257,129,268
256,415,4832266852460476678,257,129,272
256,416,8118531775234921615,257,129,268
256,417,6083790723250352775,257,129,268
256,418,13453264227658931689,257,129,272
256,419,4261142278897412887,257,129,272
256,420,18113074622887445287,257,129,276
256,421,17392633951034963709,257,129,268
256,422,14305913912473235534,257,129,268
256,423,13904245463163830331,257,129,272
256,424,11751477235070570034,257,129,276
256,425,7433896853835604034,257,129,272
256,426,8989694949393928254,257,129,272
256,427,231418737015195669,257,129,272
256,428,1937987847282844183,257,129,272
256,429,3405588143844674223,257,129,272
256,430,11093388753559999282,257,129,272
256,431,14053469008240187280,257,129,264
256,432,13121612354052140538,257,129,268
256,433,7796115619607636917,257,129,272
256,434,13364310730061394792,257,129,272
256,435,17464967392883543895,257,129,276
256,436,2897105352657029559,257,129,272
256,437,3151814954027837518,257,129,268
256,438,9345088956818736361,257,129,268
256,439,10454863885862093810,257,129,264
256,440,4937689547173575682,257,129,272
256,441,10412293515920678595,257,129,264
256,442,10762443084119945761,257,129,268
256,443,17380925567054647205,257,129,264
256,444,16615202127791207268,257,129,272
256,445,14788527242240512847,257,129,268
256,446,11033845295685547948,257,129,268
256,447,142250757379233697,257,129,268
256,448,7381675044448182359,257,129,268
256,449,4562745863790741033,257,129,268
256,450,6258726332292634666,257,129,272
256,451,12182410426819077164,257,129,272
256,452,1504087141822461528,257,129,268
256,453,6176625116759253417,257,129,272
256,454,8350180888960827178,257,129,272
256,455,5161956463502824676,257,129,264
256,456,15758499758975385277,257,129,264
256,457,16024117484900853588,257,129,268
256,458,7891992339008258590,257,129,272
256,459,3093264519782613726,257,129,272
256,460,12214144595039052888,257,129,268
256,461,4085557437712798631,257,129,272
256,462,17225299023459351299,257,129,272
256,463,547268376239413087,257,129,276
256,464,1559215712153286501,257,129,272
256,465,15194669397698552290,257,129,272
256,466,15370713860503311322,257,129,272
256,467,6302528225802186105,257,129,272
256,468,7083679181501218318,257,129,268
256,469,14243526238139353606,257,129,272
256,470,963166877366160250,257,129,272
256,471,14210676391429540945,257,129,272
256,472,510465624486571785,257,129,268
256,473,10809050043715095036,257,129,268
256,474,5248066284982782228,257,129,272
256,475,7461383627209670272,257,129,272
256,476,11813107382889876802,257,129,268
256,477,7874477581594061960,257,129,268
256,478,9544616710588469942,257,129,272
256,479,981888299426805722,257,129,268
256,480,863891923714846420,257,129,272
256,481,16377466194666743058,257,129,268
256,482,492796158145776701,257,129,272
256,483,5086842844618608749,257,129,272
256,484,3716383374855366881,257,129,276
256,485,3985372807281861564,257,129,264
256,486,15828759975114935813,257,129,268
256,487,6747415092255242038,257,129,276
256,488,15727132931880508906,257,129,272
256,489,1290869245596710788,257,129,268
256,490,15171766983827982838,257,129,264
256,491,3048628476167063042,257,129,264
256,492,12732301230326799467,257,129,268
256,493,18381555634409379981,257,129,272
256,494,5672263569402931698,257,129,264
256,495,17892074369725379829,257,129,264
256,496,4338946678091940712,257,129,268
256,497,15874271513194019996,257,129,268
256,498,14839082334300353784,257,129,272
256,499,12371275045419464631,257,129,272
256,500,8463291882051791823,257,129,268
256,501,14856913924043157512,257,129,268
256,502,10989954340952949391,257,129,272
256,503,16560773285868638219,257,129,268
256,504,4914656765019122086,257,129,268
256,505,5329588092947622707,257,129,272
256,506,17244772277123107381,257,129,272
256,507,8315332294161103819,257,129,272
256,508,9345920711556689421,257,129,272
256,509,1491258208751265633,257,129,272
256,510,3382966025088109191,257,129,268
256,511,4336558044250616976,257,129,272
256,512,14741781047797516407,257,129,272
256,513,12334182926971572686,257,129,272
256,514,16234976765859538860,257,129,272
256,515,12930164885919822557,257,129,272
256,516,10651203635900613102,257,129,272
256,517,7265207107747434277,257,129,272
256,518,7237346564185676604,257,129,272
256,519,3027053598465275982,257,129,268
256,520,15433240238276658852,257,129,268
256,521,3459907935800515815,257,129,272
256,522,15116434861423101793,257,129,268
256,523,15074152791901380264,257,129,276
256,524,10586207157505569940,257,129,272
256,525,16919712973554962744,257,129,272
256,526,7161277924616940261,257,129,272
256,527,12072955573736416922,257,129,268
256,528,10530741323924412972,257,129,268
256,529,2575304178125114295,257,129,268
256,530,1275264962882326871,257,129,276
256,531,2049315577957442698,257,129,268
256,532,5792255903518091521,257,129,272
256,533,18177523175984619408,257,129,272
256,534,16551912670902906303,257,129,272
256,535,7053330215481767817,257,129,264
256,536,13687173549569310628,257,129,268
256,537,2555573641615722390,257,129,268
256,538,11090460801563092371,257,129,268
256,539,8739933547702537406,257,129,268
256,540,12586176176648106524,257,129,268
256,541,11002492789934957461,257,129,272
256,542,3934138759081213786,257,129,272
256,543,12440032865368920636,257,129,264
256,544,13035739964124450128,257,129,272
256,545,15714049770727833701,257,129,268
256,546,5029235742994937825,257,129,268
256,547,16642635168727089375,257,129,272
256,548,11222390715660714266,257,129,272
256,549,8855587585685925251,257,129,272
256,550,14670423455905373853,257,129,264
256,551,8634001020657344894,257,129,268
256,552,6119268646365654562,257,129,272
256,553,5624335162552273424,257,129,272
256,554,6140776168523094075,257,129,272
256,555,10874471964095157076,257,129,268
256,556,9136943444583820322,257,129,272
256,557,18346877130968633818,257,129,272
256,558,16817649855913111157,257,129,268
256,559,12594431242524852651,257,129,272
256,560,3974279492177835301,257,129,272
256,561,11233380087739579800,257,129,268
256,562,16379306362898130019,257,129,272
256,563,5711783024934640709,257,129,264
256,564,7751062655675472932,257,129,268
256,565,14787814191441806630,257,129,272
256,566,15945613168229080064,257,129,268
256,567,16807638264285632559,257,129,272
256,568,4002948391978582291,257,129,272
256,569,10442353146048349415,257,129,276
256,570,13616541459695393106,257,129,264
256,571,4768841553915953666,257,129,264
256,572,13149542390581543747,257,129,276
256,573,122941610171400573,257,129,264
256,574,7264857357630086465,257,129,272
256,575,13416948785489748212,257,129,272
256,576,7397456745338962141,257,129,268
256,577,18214316533951752220,257,129,272
256,578,7175200150669437652,257,129,264
256,579,615671157747555020,257,129,272
256,580,1948218501874369011,257,129,272
256,581,4300195863154660025,257,129,268
256,582,5231006922138110227,257,129,268
256,583,9090739372482379895,257,129,268
256,584,9530002969514599051,257,129,280
256,585,14801932878536482659,257,129,268
256,586,11949329358081147617,257,129,272
256,587,1258117984017076045,257,129,272
256,588,16624957967214606550,257,129,276
256,589,6678387532150613990,257,129,276
256,590,14238929647879096135,257,129,268
256,591,18089606221153216291,257,129,264
256,592,9821593933036772247,257,129,276
256,593,7968586912610693022,257,129,272
256,594,9350329423793243655,257,129,272
256,595,14602039181354282394,257,129,268
256,596,4966099552117889144,257,129,272
256,597,2744237217260104646,257,129,268
256,598,7682693981407071145,257,129,268
256,599,12599231937115719420,257,129,268
256,600,8260225669501958818,257,129,264
256,601,11942876456657276196,257,129,272
256,602,3971539916265986351,257,129,272
256,603,11128711353078453644,257,129,268
256,604,8656007562191598852,257,129,272
256,605,10542249682307884095,257,129,276
256,606,4586430505241767971,257,129,264
256,607,9996295399031599488,257,129,268
256,608,5974992553036619385,257,129,272
256,609,6546476472341134655,257,129,276
256,610,3398637961512836362,257,129,268
256,611,6056943348614857527,257,129,268
256,612,14794197621805969946,257,129,268
256,613,8237324686895985843,257,129,272
256,614,17117813410708402551,257,129,276
256,615,13363178521318037064,257,129,272
256,616,5117752049585567067,257,129,272
256,617,14135430756982316895,257,129,268
256,618,10876017412349845206,257,129,264
256,619,11521790917108454258,257,129,272
256,620,15205196875576796125,257,129,268
256,621,3836687682573527982,257,129,272
256,622,17126386613739483985,257,129,264
256,623,17048651124836256842,257,129,268
256,624,1025342590773174057,257,129,272
256,625,11233867655319347547,257,129,272
256,626,16576690872556900886,257,129,272
256,627,8788976694601377966,257,129,268
256,628,9305406159679234013,257,129,272
256,629,18035028933315677329,257,129,272
256,630,12309635459580411829,257,129,268
256,631,6626257262637959293,257,129,272
256,632,14009671933556429852,257,129,272
256,633,17864187574867777815,257,129,272
256,634,17464795901813350870,257,129,268
256,635,1272633039762173877,257,129,272
256,636,4379282602390569918,257,129,268
256,637,7443503214910122183,257,129,268
256,638,6875543699570351744,257,129,272
256,639,10605369289127972985,257,129,268
256,640,14416638669191090185,257,129,272
256,641,17572514196175633255,257,129,268
256,642,8212912712257470215,257,129,272
256,643,17842380906077338558,257,129,272
256,644,17034281426354974381,257,129,272
256,645,2711006925516905973,257,129,272
256,646,17470567204729862157,257,129,272
256,647,8060755832009427664,257,129,272
256,648,4443279987206020123,257,129,268
256,649,2814883293810779533,257,129,268
256,650,10913138690149240112,257,129,268
256,651,9045550940254902342,257,129,272
256,652,3005781810114863031,257,129,268
256,653,5745358714469860095,257,129,272
256,654,6073515665525203215,257,129,268
256,655,6594457176984868868,257,129,276
256,656,7270181731470888651,257,129,268
256,657,5989720153781515203,257,129,272
256,658,6786980967211357859,257,129,272
256,659,9160657904692348727,257,129,268
256,660,1923988497309895872,257,129,268
256,661,3245143127595833350,257,129,268
256,662,4984213086378927130,257,129,268
256,663,309244178293864963,257,129,276
256,664,14811520152561051059,257,129,272
256,665,11981753250562794951,257,129,272
256,666,11145282844924621562,257,129,272
256,667,1322775658957878317,257,129,264
256,668,2044541438304374420,257,129,272
256,669,1495800759467079474,257,129,272
256,670,4679409346141236484,257,129,268
256,671,7141990292151985065,257,129,264
256,672,150787401416388408,257,129,268
256,673,1431543625242782153,257,129,272
256,674,12218672805113286384,257,129,268
256,675,2542182848979406591,257,129,272
256,676,17125267564313711704,257,129,272
256,677,17711422621783571071,257,129,276
256,678,2420381942081670493,257,129,272
256,679,3783688610267121610,257,129,264
256,680,11274239443827263410,257,129,268
256,681,3835671764818000757,257,129,268
256,682,8624643804764152873,257,129,268
256,683,8156702928054900177,257,129,272
256,684,5654069438370286707,257,129,268
256,685,8336080116772476566,257,129,272
256,686,249190114092197958,257,129,268
256,687,15338371938134631443,257,129,272
256,688,14151378280958347632,257,129,272
256,689,9515257037708525235,257,129,268
256,690,10327065508633983225,257,129,272
256,691,5499778881106725918,257,129,272
256,692,11443363355752401971,257,129,272
256,693,3672425429142804135,257,129,268
256,694,16811774519719878307,257,129,268
256,695,16253413988187470552,257,129,272
256,696,14681707174450315125,257,129,268
256,697,9830779087023745895,257,129,272
256,698,12774735934173249385,257,129,268
256,699,12011537428537929849,257,129,268
256,700,10164242289329817092,257,129,272
256,701,4171115841734608454,257,129,268
256,702,408160347005741640,257,129,272
256,703,8537548507226350283,257,129,268
256,704,7839101689554622436,257,129,268
256,705,6657507414154974853,257,129,272
256,706,13801568942810979445,257,129,272
256,707,17025785606479870134,257,129,272
256,708,6689179833418616641,257,129,272
256,709,9413357521956147331,257,129,268
256,710,6997857532732698952,257,129,268
256,711,6918486178328907894,257,129,268
256,712,3101152008242989654,257,129,272
256,713,9759852656359152766,257,129,268
256,714,14210791301318420871,257,129,268
256,715,13438004624432795982,257,129,272
256,716,18153382523065520385,257,129,268
256,717,14362009882409430970,257,129,272
256,718,1556176022628179611,257,129,268
256,719,5856077988885308198,257,129,264
256,720,1679173653954863919,257,129,272
256,721,10491433102007739502,257,129,272
256,722,12876026174611614335,257,129,272
256,723,1928603123744170735,257,129,272
256,724,18143071880330851323,257,129,272
256,725,18237798570902288091,257,129,276
256,726,400769254570458619,257,129,276
256,727,9126994936099684285,257,129,272
256,728,4210883621613911809,257,129,264
256,729,13509234238992643981,257,129,276
256,730,13544633403091389888,257,129,268
256,731,3193547647563371372,257,129,272
256,732,6051008354882838259,257,129,268
256,733,11973802674043979291,257,129,268
256,734,2804701800545825118,257,129,272
256,735,774625700313347601,257,129,268
256,736,7854487812989968065,257,129,268
256,737,5267554645191097455,257,129,272
256,738,2027078120285836851,257,129,276
256,739,5729117104530674388,257,129,268
256,740,9186121304511587860,257,129,272
256,741,12680038394429136319,257,129,268
256,742,18169489518819067973,257,129,264
256,743,3016120785326434144,257,129,268
256,744,3384841139610610544,257,129,268
256,745,3261405378985034875,257,129,272
256,746,4166253214773961516,257,129,272
256,747,7823604237536112534,257,129,268
256,748,3349605739297280847,257,129,272
256,749,14340602993831493403,257,129,268
256,750,4417099955270472297,257,129,272
256,751,1377561380763381603,257,129,276
256,752,14411459624111617129,257,129,276
256,753,12361754600411317414,257,129,268
256,754,14121095943710322884,257,129,268
256,755,17708515648057738675,257,129,268
256,756,3465386816166951586,257,129,276
256,757,15132626193338736752,257,129,272
256,758,5820303624561614303,257,129,276
256,759,5295895162363501873,257,129,268
256,760,10053161557907615231,257,129,276
256,761,3382556814795363822,257,129,272
256,762,15904069198123342820,257,129,268
256,763,7432531073980734864,257,129,268
256,764,11422902074540720788,257,129,268
256,765,13047630180604344936,257,129,268
256,766,10108229816339234227,257,129,268
256,767,9816346312682871010,257,129,276
256,768,5453440017732208267,257,129,268
256,769,18302686679415143871,257,129,272
256,770,15992734159953931983,257,129,268
256,771,9237158114862286217,257,129,272
256,772,4574538022132877324,257,129,272
256,773,1203274010753503205,257,129,272
256,774,14972896815121863670,257,129,268
256,775,15453911060157213191,257,129,268
256,776,1588953754753338010,257,129,276
256,777,1249451038057337088,257,129,272
256,778,3204455763109205118,257,129,272
256,779,5409619054112701404,257,129,272
256,780,16882410712578808664,257,129,268
256,781,5024263326599875442,257,129,272
256,782,10406920529530412701,257,129,272
256,783,11937612051327226661,257,129,272
256,784,3255677307394864925,257,129,264
256,785,12091139837579467363,257,129,272
256,786,11361074978937415769,257,129,268
256,787,18194993067170032795,257,129,268
256,788,13719464560662492801,257,129,268
256,789,15617888062095175774,257,129,272
256,790,16484393261549832181,257,129,272
256,791,6179984742211171073,257,129,276
256,792,14389343622214170136,257,129,268
256,793,13377362030963681788,257,129,272
256,794,7917143219024581898,257,129,264
256,795,6827683172236944553,257,129,264
256,796,11378049328130943051,257,129,276
256,797,12582291907495500022,257,129,268
256,798,3256195436133846225,257,129,272
256,799,1740616025003360502,257,129,268
256,800,17611655109169115377,257,129,272
256,801,17422810680593608101,257,129,268
256,802,18325509113692309201,257,129,272
256,803,7140975592403461664,257,129,276
256,804,12902546500461501966,257,129,272
256,805,7378437182512491958,257,129,272
256,806,8227565292967720204,257,129,272
256,807,17692024666150095953,257,129,264
256,808,5235817010373151323,257,129,276
256,809,1764479817467990537,257,129,272
256,810,7011793428616254741,257,129,264
256,811,10734277419633568756,257,129,272
256,812,6514164962242765323,257,129,272
256,813,12627887888406553590,257,129,268
256,814,1460689107897262343,257,129,264
256,815,9507466196247195949,257,129,272
256,816,11746350984176323047,257,129,276
256,817,14240015542342909498,257,129,272
256,818,5711528739359008989,257,129,264
256,819,146282677657442348,257,129,272
256,820,7857900357390826398,257,129,268
256,821,3675115366639017811,257,129,268
256,822,16906013200874412867,257,129,276
256,823,1890928989280875118,257,129,276
256,824,5289999861393349332,257,129,268
256,825,9896254344590598091,257,129,272
256,826,7105610731471055455,257,129,268
256,827,12514551247190767894,257,129,268
256,828,10451252042764251730,257,129,268
256,829,8139924663487572398,257,129,272
256,830,3744542290439232787,257,129,272
256,831,17323956486115893973,257,129,276
256,832,11519857448769442565,257,129,272
256,833,2168073308433735805,257,129,268
256,834,5933791988325493479,257,129,268
256,835,13233434530732719167,257,129,268
256,836,6486380072064213739,257,129,272
256,837,14502472827373253029,257,129,268
256,838,18271402423100895726,257,129,268
256,839,9819892825785086170,257,129,268
256,840,3392637011639242580,257,129,272
256,841,4685134285067621502,257,129,268
256,842,10419508235253147879,257,129,272
256,843,14338576726805244363,257,129,268
256,844,12730536119871342502,257,129,272
256,845,1186981649745275902,257,129,276
256,846,11321973431182015981,257,129,268
256,847,2552759501896472466,257,129,268
256,848,3655379064083220438,257,129,272
256,849,10581608270839714594,257,129,268
256,850,17725701936088854240,257,129,272
256,851,15560876103203444014,257,129,272
256,852,9126761780860548563,257,129,268
256,853,5651046934073537628,257,129,268
256,854,1632688967756413670,257,129,272
256,855,6995872860850801512,257,129,264
256,856,14466232855700142900,257,129,272
256,857,8401869704538664216,257,129,268
256,858,172030714051856180,257,129,268
256,859,18325216468918160314,257,129,272
256,860,5549721110580528744,257,129,272
256,861,15422962334666488354,257,129,268
256,862,3714609015903113508,257,129,272
256,863,2314008069546521816,257,129,272
256,864,13720202408687800421,257,129,268
256,865,14889035781224981282,257,129,272
256,866,552321637186037821,257,129,272
256,867,1987238697534987676,257,129,272
256,868,1473924843908901764,257,129,268
256,869,3746839562918200316,257,129,272
256,870,18162186604630576739,257,129,272
256,871,9731041028560734080,257,129,272
256,872,16122793003160736572,257,129,272
256,873,5398555911942926629,257,129,268
256,874,11942940324188709579,257,129,264
256,875,4786478431914713675,257,129,272
256,876,16040584137219512669,257,129,268
256,877,6267614248010116626,257,129,268
256,878,6480080209582106861,257,129,272
256,879,7985921309159011945,257,129,272
256,880,4585143717733599089,257,129,264
256,881,11623708370450810326,257,129,268
256,882,14716296400818846625,257,129,268
256,883,10712735898969603531,257,129,268
256,884,14254740457750045768,257,129,268
256,885,1139514097475067866,257,129,272
256,886,12649635619354470080,257,129,268
256,887,5412855152412981779,257,129,272
256,888,6017329120460227003,257,129,268
256,889,9474116722434158326,257,129,268
256,890,10719764419790775829,257,129,268
256,891,6893826769754454973,257,129,272
256,892,1289249129630383555,257,129,268
256,893,12145378712495414470,257,129,268
256,894,9408140156419884796,257,129,272
256,895,981102707408426901,257,129,272
256,896,3817081744575204783,257,129,272
256,897,208057134552796739,257,129,268
256,898,17748774054578725840,257,129,276
256,899,18441796105583429685,257,129,268
256,900,13640461530268503499,257,129,268
256,901,1824140775317230081,257,129,268
256,902,15547414129251920970,257,129,264
256,903,6094789585942945802,257,129,268
256,904,5303085373109868302,257,129,268
256,905,2217911798303159277,257,129,268
256,906,10041632067422032648,257,129,268
256,907,13935820315100641514,257,129,272
256,908,17697006217301140169,257,129,268
256,909,8390694572660737103,257,129,272
256,910,8280560250609289995,257,129,272
256,911,3090737582506577902,257,129,268
256,912,17552979455573077693,257,129,268
256,913,9624818101082479476,257,129,264
256,914,16637848863910787621,257,129,272
256,915,8101225801366454311,257,129,268
256,916,2644858252439214185,257,129,268
256,917,6898099135037490058,257,129,272
256,918,16189133447627139388,257,129,272
256,919,4813278167272182671,257,129,276
256,920,7157635338993495213,257,129,268
256,921,4137093128260048556,257,129,272
256,922,10425465221683926623,257,129,268
256,923,16780306648846361857,257,129,268
256,924,608997912439345701,257,129,276
256,925,12091360774909192388,257,129,264
256,926,15861913485567887322,257,129,268
256,927,6451081469129109804,257,129,268
256,928,11652782018864418859,257,129,276
256,929,2448226836409669677,257,129,268
256,930,16523126165262030362,257,129,272
256,931,387398524423260649,257,129,272
256,932,16585642728596487933,257,129,268
256,933,12268206789125700389,257,129,272
256,934,14345869090270807045,257,129,272
256,935,17883601060464461336,257,129,272
256,936,12331386020661856993,257,129,268
256,937,4516522499179804711,257,129,272
256,938,388284040315251208,257,129,272
256,939,14943671886090516787,257,129,272
256,940,7489790244430805700,257,129,272
256,941,11344769338017025614,257,129,268
256,942,4041131007610995841,257,129,268
256,943,9793216475980222245,257,129,268
256,944,11265700673427422292,257,129,276
256,945,3350447551422773948,257,129,272
256,946,187351454985225638,257,129,272
256,947,10009691137330107321,257,129,268
256,948,10229985830591364224,257,129,272
256,949,8451036123164702936,257,129,272
256,950,361771534950722759,257,129,268
256,951,10855764276556447403,257,129,272
256,952,5898895823236934336,257,129,268
256,953,18343519069111709322,257,129,272
256,954,12291998362953503323,257,129,272
256,955,2819197233643176491,257,129,268
256,956,7866032120871496311,257,129,272
256,957,6433550136050250083,257,129,268
256,958,13363369205383632923,257,129,268
256,959,13571483780724354010,257,129,268
256,960,3337569885135222879,257,129,272
256,961,10194219237558633965,257,129,272
256,962,9389703277439212470,257,129,268
256,963,2511126168793024582,257,129,268
256,964,922250531461000820,257,129,272
256,965,498787230336309861,257,129,272
256,966,6418790931997695760,257,129,272
256,967,18164899768367641718,257,129,268
256,968,6535438031266455555,257,129,272
256,969,11899873169008454272,257,129,264
256,970,3283614804085912933,257,129,276
256,971,346401903750042912,257,129,272
256,972,368260811440513092,257,129,268
256,973,4190194907666421823,257,129,272
256,974,1671050219663724282,257,129,268
256,975,15141408025126623872,257,129,272
256,976,11661388045685454663,257,129,268
256,977,11366379287366260104,257,129,272
256,978,8632841297304007820,257,129,276
256,979,16952430819130203178,257,129,272
256,980,9576027768275253643,257,129,272
256,981,14748391448007973231,257,129,276
256,982,9690948864544469347,257,129,272
256,983,11924894131672896395,257,129,264
256,984,18219665437395022665,257,129,276
256,985,1820438326479711667,257,129,272
256,986,2548209044945030863,257,129,276
256,987,8150889293219220278,257,129,268
256,988,8082803903693219935,257,129,272
256,989,5239971119450170138,257,129,272
256,990,8328160056826419544,257,129,268
256,991,890301074601892641,257,129,272
256,992,17943760469883672943,257,129,272
256,993,9430324788437571977,257,129,276
256,994,16631655758683318614,257,129,268
256,995,7297335062125940734,257,129,272
256,996,1173166179830088143,257,129,276
256,997,4225803896720859930,257,129,268
256,998,17197679115277519936,257,129,264
256,999,16093162636847224341,257,129,272
256,1000,17719594906540764913,257,129,272
384,1,2771098515966779318,385,193,408
384,2,14059714707944268151,385,193,412
384,3,12555346100088154485,385,193,404
384,4,16891590391950336556,385,193,408
384,5,15811029528673796454,385,193,408
384,6,8028247381416041109,385,193,408
384,7,9296658494710835820,385,193,404
384,8,4351792840193442596,385,193,408
384,9,1775907816902660123,385,193,404
384,10,18383587851491893855,385,193,408
384,11,15654446519447573232,385,193,404
384,12,18035108625974972605,385,193,400
384,13,18031345349970939941,385,193,408
384,14,17984895537029148293,385,193,404
384,15,14061824634203424078,385,193,408
384,16,8345833573125495950,385,193,408
384,17,3084528304148706280,385,193,400
384,18,8538706350162533223,385,193,404
384,19,9599198194691216212,385,193,404
384,20,6075990677979433690,385,193,400
384,21,10059994794376600765,385,193,404
384,22,3743183698734081052,385,193,404
384,23,14105140848019633692,385,193,404
384,24,4294389623075706004,385,193,408
384,25,1414112501979438529,385,193,408
384,26,8145865148382268369,385,193,400
384,27,10597534205749361170,385,193,408
384,28,5778218589054557615,385,193,400
384,29,10328738082889275073,385,193,400
384,30,13119221772517858483,385,193,408
384,31,11651118760218074234,385,193,404
384,32,5256971967539632722,385,193,408
384,33,17187933073202028451,385,193,404
384,34,10625468093538862187,385,193,408
384,35,1264592740006839465,385,193,400
384,36,10551563114594831389,385,193,404
384,37,17723491731932599270,385,193,408
384,38,15899880802257266919,385,193,408
384,39,13645232884756417513,385,193,408
384,40,10820315503840443199,385,193,408
384,41,1952525253819299688,385,193,408
384,42,17964182901124579407,385,193,408
384,43,1484694993345604300,385,193,404
384,44,7301333740371905022,385,193,408
384,45,6428103614268184045,385,193,404
384,46,18358648123057253468,385,193,404
384,47,10875128484579209810,385,193,408
384,48,662090217597246393,385,193,404
384,49,5070272687902783365,385,193,408
384,50,6378647504528828868,385,193,408
384,51,13830816215438198027,385,193,408
384,52,638188875212511710,385,193,400
384,53,8862134314950638062,385,193,408
384,54,2839460254510598613,385,193,404
384,55,18336680430006431617,385,193,400
384,56,9174901404050225750,385,193,412
384,57,1620402169745918122,385,193,404
384,58,17357819579319123618,385,193,404
384,59,18418389170155529377,385,193,404
384,60,1842823769736024511,385,193,408
384,61,7904207740067025295,385,193,408
384,62,2463097470063051878,385,193,408
384,63,4974112894315617970,385,193,404
384,64,644938984646107718,385,193,404
384,65,209597831885882227,385,193,408
384,66,14342377253563230287,385,193,404
384,67,7822798294387087224,385,193,408
384,68,1594002759668607728,385,193,408
384,69,82323137332672847,385,193,400
384,70,15384417292751212680,385,193,404
384,71,10867364034860792275,385,193,404
384,72,5657246038096199596,385,193,408
384,73,2296617351332386069,385,193,400
384,74,10656740938075114766,385,193,404
384,75,4700861080720673043,385,193,400
384,76,9991658173676662218,385,193,408
384,77,7882567626501156272,385,193,408
384,78,6242435152076190230,385,193,404
384,79,15543169985830228358,385,193,404
384,80,4935854975271725486,385,193,408
384,81,4355686733087773134,385,193,404
384,82,16825264826131990552,385,193,404
384,83,7974573108047045829,385,193,408
384,84,3712787238415078009,385,193,404
384,85,11557091335552249439,385,193,408
384,86,10190237502970622106,385,193,408
384,87,18375241113993732524,385,193,412
384,88,6623328108325871475,385,193,404
384,89,582148084526356220,385,193,404
384,90,2843590334197146059,385,193,404
384,91,4308636256830801,385,193,408
384,92,8594704943533097976,385,193,412
384,93,3153572419162595916,385,193,408
384,94,17669657815445222859,385,193,408
384,95,9875042744410058262,385,193,404
384,96,14934647336540085181,385,193,404
384,97,5109983337394772210,385,193,404
384,98,10604003418476776152,385,193,400
384,99,4778677240121043535,385,193,404
384,100,11556032871574788366,385,193,408
384,101,13106785091554970539,385,193,400
384,102,12662582665109982399,385,193,404
384,103,14268830251307860522,385,193,404
384,104,16940320643646721606,385,193,408
384,105,15544694385860092880,385,193,404
384,106,13995298355377932604,385,193,412
384,107,7322088979974788201,385,193,404
384,108,8059308424364038116,385,193,404
384,109,14361799763102167151,385,193,408
384,110,3685108820751862223,385,193,404
384,111,7540349257640405073,385,193,400
384,112,15902722144448464577,385,193,404
384,113,13021256956545448091,385,193,404
384,114,14041959841077119983,385,193,404
384,115,13566351814241381654,385,193,404
384,116,4279818268851778210,385,193,404
384,117,8527187051013477863,385,193,404
384,118,12955442440480554796,385,193,404
384,119,13852394775317136009,385,193,404
384,120,11832700381241554770,385,193,408
384,121,7573065756959028778,385,193,400
384,122,3116254497823168099,385,193,404
384,123,2844424526355224322,385,193,408
384,124,502270071500154029,385,193,404
384,125,9177311249856313042,385,193,404
384,126,12103868921124328610,385,193,404
384,127,10127402384131962729,385,193,404
384,128,2438492300831591004,385,193,408
384,129,12730912919647379945,385,193,408
384,130,16429888639435506781,385,193,408
384,131,13727729355841488359,385,193,408
384,132,2584217338749891732,385,193,400
384,133,5516283745623591896,385,193,404
384,134,12412887948493041460,385,193,404
384,135,12341420412127686113,385,193,404
384,136,330322949980400353,385,193,408
384,137,16117996378424629458,385,193,404
384,138,16647316290014954845,385,193,404
384,139,3803650251343484483,385,193,404
384,140,5947060680532855916,385,193,400
384,141,10912103004298611874,385,193,408
384,142,15692246324400660138,385,193,404
384,143,10763078566359286592,385,193,404
384,144,11820212459420361468,385,193,408
384,145,14616817705538781288,385,193,408
384,146,11075470564588434408,385,193,408
384,147,7242794988451724337,385,193,404
384,148,2768333440721962914,385,193,400
384,149,8165139448217401092,385,193,404
384,150,16315599181818450173,385,193,404
384,151,15799791979335034260,385,193,408
384,152,5129194213083446569,385,193,404
384,153,7180056134155644147,385,193,404
384,154,2393931027963344427,385,193,408
384,155,9163460482237468627,385,193,404
384,156,17124943194971088115,385,193,404
384,157,17743830184207967014,385,193,404
384,158,6325443274263718667,385,193,404
384,159,12870522101054301252,385,193,404
384,160,818853320787123286,385,193,396
384,161,5301097983533394403,385,193,408
384,162,12183403065549709399,385,193,404
384,163,10334381598553958774,385,193,400
384,164,17979613707223110646,385,193,404
384,165,1596477678789146618,385,193,408
384,166,14580994236995672526,385,193,404
384,167,7657015111066913020,385,193,412
384,168,2961045161692978521,385,193,404
384,169,11929685271800775239,385,193,400
384,170,508326462839541068,385,193,408
384,171,13011223863990129892,385,193,400
384,172,2858760491389643996,385,193,404
384,173,1385192948938786558,385,193,404
384,174,11546129812454810329,385,193,404
384,175,12130829359270111384,385,193,400
384,176,6908464169894440744,385,193,404
384,177,4871341359104175845,385,193,408
384,178,9612092120147954412,385,193,408
384,179,9967274383156152587,385,193,404
384,180,1630492592091370623,385,193,400
384,181,6595389510933295634,385,193,404
384,182,17487394704050952402,385,193,404
384,183,12382800688493152781,385,193,404
384,184,10884828903226660364,385,193,400
384,185,15533386004708051335,385,193,404
384,186,5923889536563854611,385,193,408
384,187,1040053432471041468,385,193,404
384,188,11857841694019945502,385,193,404
384,189,11530363543975116707,385,193,404
384,190,14542065438567958087,385,193,408
384,191,15483317285133326548,385,193,408
384,192,6735594001934399511,385,193,400
384,193,5074320737108015228,385,193,404
384,194,1429423562819300957,385,193,408
384,195,3079763851758943320,385,193,400
384,196,1683184752100079005,385,193,408
384,197,4594005018157686949,385,193,408
384,198,11303550954288270734,385,193,408
384,199,5818638055189832156,385,193,408
384,200,1694148891412236369,385,193,408
384,201,5678768798671909186,385,193,408
384,202,6456255707921498970,385,193,404
384,203,12906650101702311121,385,193,400
384,204,9008909952055032120,385,193,408
384,205,14572391185753258885,385,193,404
384,206,17168648383727825983,385,193,408
384,207,9516011151912813738,385,193,408
384,208,10663007214188919443,385,193,408
384,209,16805071074436115989,385,193,404
384,210,2571001977170028242,385,193,404
384,211,11280244096892942399,385,193,412
384,212,4329430166625162349,385,193,408
384,213,2657641391032838548,385,193,408
384,214,1859685879430696358,385,193,404
384,215,4999150893873677017,385,193,400
384,216,3258542394454683153,385,193,408
384,217,13614885395158211040,385,193,408
384,218,5468988687010601447,385,193,408
384,219,13457589655940320133,385,193,404
384,220,1929724656798073816,385,193,408
384,221,6582058026067844192,385,193,408
384,222,17161814473978786796,385,193,404
384,223,17341679198596481766,385,193,408
384,224,6700535644044648425,385,193,404
384,225,12532554525964360512,385,193,408
384,226,8297805478279222369,385,193,404
384,227,7645432238356018566,385,193,408
384,228,5808019117733732550,385,193,412
384,229,13293816611420478211,385,193,408
384,230,1048847491257815390,385,193,408
384,231,909760645453890121,385,193,408
384,232,15301406378740668909,385,193,404
384,233,885448101817842352,385,193,404
384,234,16582532991265931089,385,193,408
384,235,3872192947987851329,385,193,408
384,236,14881471780835064635,385,193,404
384,237,14298744315188934790,385,193,408
384,238,5324312898909654290,385,193,404
384,239,3462600754443376911,385,193,404
384,240,2695167388919721197,385,193,404
384,241,13117206233342464314,385,193,408
384,242,1972641605944414739,385,193,408
384,243,9726766273441942438,385,193,408
384,244,150115809055059865,385,193,412
384,245,11631622423535694513,385,193,404
384,246,5855432799530447274,385,193,404
384,247,7777601338807798534,385,193,408
384,248,3410501822317417122,385,193,408
384,249,3733523608382307698,385,193,408
384,250,18000732719765674439,385,193,404
384,251,6501705355740508267,385,193,408
384,252,189472545061013256,385,193,404
384,253,7173460478449942261,385,193,404
384,254,14711653655446592702,385,193,408
384,255,15224347922195044650,385,193,404
384,256,13952103172726551244,385,193,408
384,257,13392637542136563625,385,193,408
384,258,13881203394563307833,385,193,404
384,259,14177694777638909209,385,193,408
384,260,16621656399217545521,385,193,408
384,261,2184585338768830861,385,193,408
384,262,5653594792405586106,385,193,404
384,263,10385513361632644348,385,193,416
384,264,13630183793119482957,385,193,404
384,265,11286256374718982609,385,193,404
384,266,2342783658399162720,385,193,404
384,267,17401005724296135801,385,193,404
384,268,8596179927226996220,385,193,400
384,269,14023942982877717087,385,193,400
384,270,10021662335051001596,385,193,408
384,271,4403383136795434560,385,193,404
384,272,8217489243409512069,385,193,404
384,273,15630437211033041476,385,193,404
384,274,2024703063110806309,385,193,408
384,275,10738733468721573101,385,193,408
384,276,14858553375991283769,385,193,404
384,277,15591376958049695936,385,193,404
384,278,14993196936816985420,385,193,408
384,279,5414448594363581664,385,193,404
384,280,11722183985965197506,385,193,408
384,281,3132130039682526451,385,193,404
384,282,10825805515886789517,385,193,408
384,283,12346047028784736217,385,193,408
384,284,12767246612588940438,385,193,408
384,285,14262014003239736743,385,193,412
384,286,1790619986485570784,385,193,408
384,287,5879439660589809677,385,193,404
384,288,160740134405901352,385,193,404
384,289,12817869071490491382,385,193,400
384,290,6707695486206053860,385,193,412
384,291,15689642118074222532,385,193,404
384,292,9706718459842965719,385,193,404
384,293,4435250643751569266,385,193,400
384,294,6065385857572998690,385,193,400
384,295,3653228279233772162,385,193,408
384,296,9438971400170358157,385,193,400
384,297,6494847220459231646,385,193,404
384,298,12046287538427402970,385,193,408
384,299,1099177378017962142,385,193,408
384,300,8112811673221734303,385,193,408
384,301,14509585518590189243,385,193,404
384,302,6319122764370589675,385,193,404
384,303,14173613284518086297,385,193,404
384,304,15806060990188913276,385,193,408
384,305,10441959708122227700,385,193,404
384,306,2169234439585362990,385,193,400
384,307,3588989359666151035,385,193,408
384,308,9318875448781274482,385,193,404
384,309,11070158403480966328,385,193,408
384,310,17570778307875380402,385,193,404
384,311,7129252350723527257,385,193,404
384,312,5612525438988890102,385,193,404
384,313,8997265165132180354,385,193,404
384,314,1624819463349201281,385,193,404
384,315,5078802651347230065,385,193,404
384,316,7003819864928669450,385,193,404
384,317,17586075238153446381,385,193,404
384,318,374721522573812974,385,193,400
384,319,12163991490682392786,385,193,404
384,320,3010258914150030571,385,193,408
384,321,18401722588068050106,385,193,404
384,322,4258404023764706308,385,193,404
384,323,937313367372785382,385,193,404
384,324,823569641575670146,385,193,404
384,325,9525056391202733079,385,193,408
384,326,4102732539178214695,385,193,408
384,327,8648869631427884982,385,193,404
384,328,13759794144060318943,385,193,404
384,329,2548342673041741672,385,193,408
384,330,620505639188772112,385,193,408
384,331,1044909019345519873,385,193,408
384,332,8253254751743505009,385,193,404
384,333,12950225193461677257,385,193,408
384,334,16764665892549328882,385,193,404
384,335,8965025532464345476,385,193,408
384,336,16561909703912320435,385,193,408
384,337,15478467320883632816,385,193,400
384,338,16636922749972932767,385,193,408
384,339,17660832109180386708,385,193,404
384,340,14056256430430416882,385,193,408
384,341,13119828633347746344,385,193,412
384,342,60155792412599707,385,193,400
384,343,5110266941803887968,385,193,408
384,344,18408003545202174641,385,193,412
384,345,4620049112974540747,385,193,408
384,346,5586602759278723355,385,193,412
384,347,13752983633851146014,385,193,416
384,348,16594652274205241420,385,193,404
384,349,6764074371881635349,385,193,412
384,350,1162924159079791309,385,193,408
384,351,6103660220399490728,385,193,412
384,352,18170199846969850402,385,193,404
384,353,18144470546011427705,385,193,400
384,354,17732533487138259277,385,193,404
384,355,4952496520600464342,385,193,404
384,356,11045346455728816113,385,193,404
384,357,4669062444550536794,385,193,404
384,358,11177866847454616677,385,193,408
384,359,13040458333421866797,385,193,408
384,360,3454296758253404437,385,193,404
384,361,10805916676611053349,385,193,408
384,362,1360627425696988124,385,193,408
384,363,2381254221295830796,385,193,404
384,364,4953060161722814196,385,193,408
384,365,8496037668810690842,385,193,400
384,366,18073966209669886633,385,193,400
384,367,17617752688075433189,385,193,404
384,368,12753882070553364986,385,193,408
384,369,14565182922049070983,385,193,408
384,370,8366379143594429067,385,193,416
384,371,11602199522474044118,385,193,404
384,372,12999950312921562606,385,193,404
384,373,7100417569110320582,385,193,404
384,374,11138347343278819217,385,193,404
384,375,17899600237476442882,385,193,400
384,376,13705715850059772625,385,193,408
384,377,13569400206769965486,385,193,404
384,378,15109924502004454282,385,193,404
384,379,13567534154331094474,385,193,400
384,380,13516321046787804115,385,193,404
384,381,201939423780900696,385,193,404
384,382,14371340404593884676,385,193,404
384,383,10305479152595883509,385,193,408
384,384,6868138974586646207,385,193,404
384,385,17053430590055170615,385,193,408
384,386,1469531648608027541,385,193,400
384,387,11998282793554435871,385,193,404
384,388,3583127148018735705,385,193,408
384,389,16978671034285167705,385,193,404
384,390,2632676290363295457,385,193,408
384,391,9759903693500133357,385,193,408
384,392,11530347567998830986,385,193,408
384,393,16081440396273591289,385,193,400
384,394,6237720711588633715,385,193,408
384,395,17454765207755861639,385,193,408
384,396,13687901310661714893,385,193,408
384,397,1298910860959290562,385,193,408
384,398,8211863183302919083,385,193,408
384,399,14471427724325928964,385,193,408
384,400,18311795843900880774,385,193,408
384,401,624518214030699575,385,193,400
384,402,16036827599173874951,385,193,408
384,403,16291996531139261644,385,193,404
384,404,5016670893018613486,385,193,404
384,405,15351614312825941935,385,193,404
384,406,18234968263728712958,385,193,400
384,407,13773408886296680245,385,193,404
384,408,17393487298359852964,385,193,416
384,409,7462748919511025929,385,193,404
384,410,4994058551798332991,385,193,408
384,411,13447628058147749273,385,193,400
384,412,12464081956676515818,385,193,404
384,413,133271530747957060,385,193,404
384,414,5891528992392054362,385,193,404
384,415,16353865411139276255,385,193,408
384,416,16188402205189925596,385,193,404
384,417,1536562392807478843,385,193,404
384,418,5256583517742974910,385,193,408
384,419,6401548058958682583,385,193,404
384,420,2045412834547573256,385,193,404
384,421,8430969663609253443,385,193,400
384,422,12562474495203944446,385,193,408
384,423,8399051812242050670,385,193,404
384,424,6886446108371928767,385,193,400
384,425,3517846563454058344,385,193,412
384,426,8245404636176755708,385,193,404
384,427,3258427665678993395,385,193,404
384,428,7800253862655427791,385,193,412
384,429,5651846205160468199,385,193,408
384,430,2316566286505437127,385,193,404
384,431,14018970974552424890,385,193,404
384,432,11154125950333127342,385,193,404
384,433,12888467399383254063,385,193,404
384,434,10896347017013056006,385,193,408
384,435,6536506751457794422,385,193,404
384,436,765246528957480245,385,193,404
384,437,17252984517750348746,385,193,400
384,438,12594500381815779368,385,193,404
384,439,14348996824786409613,385,193,404
384,440,3119042064540714891,385,193,404
384,441,17774508210972374300,385,193,404
384,442,1546932697213863630,385,193,404
384,443,15364685183583096528,385,193,404
384,444,15355446733728543465,385,193,404
384,445,15748588722387761299,385,193,404
384,446,13844183001293005200,385,193,408
384,447,11884917907460091363,385,193,404
384,448,16916076542801346655,385,193,400
384,449,15632513733287500569,385,193,412
384,450,12748230840919817626,385,193,400
384,451,15802947181679848867,385,193,408
384,452,11272900393490707469,385,193,404
384,453,6483167491917088307,385,193,404
384,454,2334165402935935965,385,193,404
384,455,9207666500509063836,385,193,408
384,456,3278130765008954435,385,193,404
384,457,13882493801698310892,385,193,400
384,458,5753566227671732199,385,193,408
384,459,17105548826413403991,385,193,404
384,460,3300177926044748633,385,193,404
384,461,14995868527265512798,385,193,400
384,462,14979555533548271495,385,193,408
384,463,18119820459517895103,385,193,404
384,464,14226040073573833135,385,193,408
384,465,15255292740270367137,385,193,404
384,466,7116063775307329409,385,193,408
384,467,11356852521268912228,385,193,404
384,468,13989056307300773003,385,193,404
384,469,8226511064548060061,385,193,408
384,470,651003933695918698,385,193,408
384,471,2899536078186344724,385,193,400
384,472,11721591907117454310,385,193,404
384,473,1854981392098022435,385,193,408
384,474,16775412341832913960,385,193,408
384,475,4242651287418439,385,193,404
384,476,3839077674589849442,385,193,404
384,477,12659408186766565293,385,193,408
384,478,2606667001703769755,385,193,404
384,479,15194189566874703754,385,193,412
384,480,17584853082090659038,385,193,408
384,481,508633114690333826,385,193,404
384,482,2753727823092933863,385,193,408
384,483,3761529739424021852,385,193,404
384,484,9109285321212960304,385,193,408
384,485,3305048322166203219,385,193,408
384,486,8646344602329327194,385,193,404
384,487,12995657083155941275,385,193,404
384,488,13907498018326956170,385,193,408
384,489,10071858845161735495,385,193,404
384,490,1347145248834191530,385,193,408
384,491,10059261105460007704,385,193,404
384,492,8851717409865979870,385,193,408
384,493,8698353998784633365,385,193,404
384,494,3689992768038831167,385,193,404
384,495,5213054974981011932,385,193,404
384,496,17439745338557081441,385,193,400
384,497,1232150353371947428,385,193,408
384,498,7666383432049994316,385,193,404
384,499,12201055917534290880,385,193,408
384,500,16864262410997897332,385,193,408
512,1,1282707355175647890,513,257,540
512,2,6695791302073119988,513,257,544
512,3,835806780860098107,513,257,540
512,4,13709734955789879477,513,257,540
512,5,12847993050373939462,513,257,540
512,6,2144512304442401447,513,257,544
512,7,8998789595996064446,513,257,544
512,8,14948361069841631646,513,257,536
512,9,8951992115681216507,513,257,544
512,10,1190649430925309852,513,257,540
512,11,8242552132833228288,513,257,540
512,12,1871382062056464092,513,257,532
512,13,15518962069819977467,513,257,540
512,14,4228083107855198412,513,257,540
512,15,5270506941139805888,513,257,540
512,16,4160239085398721319,513,257,540
512,17,1784695751172107270,513,257,540
512,18,11772792806120295026,513,257,536
512,19,3568065339235675109,513,257,548
512,20,16147576412622623179,513,257,544
512,21,591292765679808344,513,257,540
512,22,2527968203444612499,513,257,540
512,23,9911002473436083421,513,257,540
512,24,294311041186235718,513,257,544
512,25,9158806840749554632,513,257,544
512,26,14221393293013988688,513,257,540
512,27,11942762980666550206,513,257,544
512,28,17136343128177387283,513,257,540
512,29,17923641737687328457,513,257,540
512,30,9808281242943831617,513,257,536
512,31,15060467977777475725,513,257,544
512,32,12972895749986240618,513,257,540
512,33,7981552415569144507,513,257,548
512,34,5032114164287308591,513,257,548
512,35,6501268824386280400,513,257,544
512,36,228391313798177422,513,257,540
512,37,14257929202277798719,513,257,544
512,38,6094054545264156036,513,257,536
512,39,2950888129490371163,513,257,540
512,40,9371103377521482930,513,257,536
512,41,839413035150704322,513,257,544
512,42,12409965385036717713,513,257,540
512,43,3229796226907657571,513,257,540
512,44,9704419225942284635,513,257,532
512,45,17817019130543795178,513,257,544
512,46,1788217193095743871,513,257,536
512,47,11382664863665568753,513,257,540
512,48,10970790910578804100,513,257,544
512,49,6545032655943743397,513,257,536
512,50,1906026876692193663,513,257,544
512,51,8842840765243354673,513,257,544
512,52,1097917290162366915,513,257,536
512,53,11681292770830485474,513,257,532
512,54,7316739477310909537,513,257,540
512,55,11390177028967791370,513,257,532
512,56,1164470186628385123,513,257,536
512,57,5345564969251979365,513,257,540
512,58,1100912310769897258,513,257,540
512,59,33918748210076234,513,257,540
512,60,11474864089841032413,513,257,540
512,61,13250686676904366147,513,257,540
512,62,6925292642074567026,513,257,536
512,63,17422930478728500812,513,257,540
512,64,14156114170710102583,513,257,540
512,65,6039726231526459305,513,257,536
512,66,13863839102903618118,513,257,540
512,67,5202904912695292501,513,257,540
512,68,3977258621510144353,513,257,536
512,69,1488008184701184413,513,257,540
512,70,3964964149336191089,513,257,532
512,71,9652255501979045105,513,257,544
512,72,7762457685106299757,513,257,540
512,73,15477443033861886217,513,257,540
512,74,9748552066832243550,513,257,536
512,75,1480588629773679823,513,257,540
512,76,11913439756942699418,513,257,540
512,77,10978535922065544710,513,257,544
512,78,13490777352729001129,513,257,544
512,79,13543889626067460710,513,257,544
512,80,6035699847264489982,513,257,544
512,81,9378144940063837755,513,257,536
512,82,2260530327837685463,513,257,540
512,83,820873825039286964,513,257,544
512,84,8887853200394303622,513,257,540
512,85,12134738300296573075,513,257,536
512,86,8947732082688224475,513,257,536
512,87,16769483325964017360,513,257,532
512,88,9843156130525914843,513,257,536
512,89,15692494213007666937,513,257,540
512,90,13000032509912620950,513,257,540
512,91,521951375315459504,513,257,540
512,92,17134089164597588857,513,257,540
512,93,11921165603648277441,513,257,536
512,94,14360862655570936817,513,257,540
512,95,460254037065383149,513,257,536
512,96,6326607412025765971,513,257,536
512,97,16754557988130668840,513,257,544
512,98,4184479625803119586,513,257,540
512,99,3037659033218412386,513,257,544
512,100,1459630881283975679,513,257,540
512,101,7666541387952084536,513,257,540
512,102,8318495678441755527,513,257,536
512,103,3090975443155937321,513,257,544
512,104,6823285263965506635,513,257,536
512,105,2256463606752440294,513,257,536
512,106,14214456350260016804,513,257,540
512,107,256617879396466871,513,257,548
512,108,6980982404533600612,513,257,540
512,109,17050931934721565253,513,257,544
512,110,2184264073120342563,513,257,540
512,111,5366353843261452107,513,257,540
512,112,15719540830345530620,513,257,536
512,113,15072584075216763606,513,257,544
512,114,2267831002466214191,513,257,540
512,115,8937597610955702403,513,257,544
512,116,4886270378580198020,513,257,536
512,117,3829603109050929268,513,257,544
512,118,4717231604698439882,513,257,544
512,119,3364376516871580951,513,257,548
512,120,2208501370576833137,513,257,548
512,121,16582465089716161409,513,257,544
512,122,14270591641913208425,513,257,540
512,123,1695479119440910991,513,257,544
512,124,1469805374468571343,513,257,540
512,125,9742201088400283465,513,257,536
512,126,3166912440421003567,513,257,540
512,127,12660790024782563644,513,257,536
512,128,1587178761421390670,513,257,544
512,129,16726597597345879755,513,257,536
512,130,1278321728930521643,513,257,540
512,131,16797710347198495470,513,257,544
512,132,6591593494432619025,513,257,544
512,133,18363066935602771157,513,257,536
512,134,12240734818662362820,513,257,540
512,135,4444884912985578125,513,257,536
512,136,1420536344568377700,513,257,532
512,137,17969151732295988726,513,257,540
512,138,16305206927730784549,513,257,544
512,139,2576080261545365702,513,257,540
512,140,570676471203667728,513,257,540
512,141,4060809003640012647,513,257,540
512,142,17389333587749733320,513,257,540
512,143,7325322411859628063,513,257,536
512,144,13504651484465539933,513,257,540
512,145,1821719583266940472,513,257,544
512,146,7007136593028807825,513,257,540
512,147,14657897445635103427,513,257,540
512,148,1695459799334972616,513,257,544
512,149,15183835519356864359,513,257,544
512,150,15632425784887241934,513,257,544
512,151,16626556576043329230,513,257,544
512,152,13385141624655880683,513,257,536
512,153,7967186549687053344,513,257,544
512,154,3956101526292033393,513,257,540
512,155,2377639030174902204,513,257,540
512,156,1939159367562710218,513,257,536
512,157,17947524738016168031,513,257,544
512,158,2533468979239047262,513,257,540
512,159,76648148177327590,513,257,544
512,160,4117114366571928747,513,257,540
512,161,13728837183323502982,513,257,536
512,162,14089923774053200861,513,257,536
512,163,13608605658116719345,513,257,544
512,164,17023753070633858087,513,257,540
512,165,3461714961552286589,513,257,540
512,166,5328661109488524015,513,257,540
512,167,4549609714475702601,513,257,536
512,168,5549220819831611313,513,257,544
512,169,17170513275936108279,513,257,540
512,170,14959016493637310904,513,257,540
512,171,17130790400155213220,513,257,536
512,172,8137839877731338716,513,257,544
512,173,3120261935326027367,513,257,536
512,174,10846540377923296886,513,257,540
512,175,4829481315152928806,513,257,548
512,176,16628641297019449283,513,257,540
512,177,11389626581581564780,513,257,540
512,178,5391389680208190260,513,257,540
512,179,13359040307132348179,513,257,540
512,180,4234710862386318052,513,257,540
512,181,17797796249519054950,513,257,536
512,182,4280582470350318502,513,257,544
512,183,1423283854681440555,513,257,540
512,184,7576616612147749208,513,257,540
512,185,18442184121845897916,513,257,544
512,186,3813060714991360925,513,257,536
512,187,6903213558445759659,513,257,540
512,188,7240910314940086595,513,257,544
512,189,3918857300573647777,513,257,540
512,190,12014224707770901684,513,257,536
512,191,7639407137321231668,513,257,540
512,192,270523475950144968,513,257,540
512,193,4454543898079861667,513,257,536
512,194,10678034319112847674,513,257,544
512,195,11484737665154929943,513,257,536
512,196,2139195598537151714,513,257,540
512,197,9788884016920639844,513,257,544
512,198,17130478988582702976,513,257,540
512,199,4694649426171412773,513,257,544
512,200,5445023274154570762,513,257,540
512,201,11593266424827510486,513,257,540
512,202,17703001337627572447,513,257,544
512,203,13890867090808380007,513,257,540
512,204,10785623818937510698,513,257,540
512,205,5161039492433083748,513,257,540
512,206,3807818260678502513,513,257,544
512,207,4442983878523034753,513,257,532
512,208,859506872769146110,513,257,540
512,209,12935222461018887190,513,257,536
512,210,13772964068352875380,513,257,540
512,211,3852245259033617876,513,257,540
512,212,15266681370798155450,513,257,540
512,213,14292382133648672123,513,257,536
512,214,1435407787474816025,513,257,536
512,215,16036711707069361542,513,257,540
512,216,1332324107899086682,513,257,544
512,217,6464606526397684488,513,257,540
512,218,6774838395975063709,513,257,536
512,219,151009058478882432,513,257,544
512,220,16949409143894590671,513,257,544
512,221,3316725429850641926,513,257,536
512,222,4983347578980468275,513,257,536
512,223,5524480586960597732,513,257,540
512,224,10431378489470314430,513,257,540
512,225,12657249358556448782,513,257,544
512,226,14746613446711338971,513,257,544
512,227,4251463688721679919,513,257,540
512,228,5225041517152612560,513,257,540
512,229,14618181317505864602,513,257,536
512,230,16038050789827524606,513,257,544
512,231,7631071398099259847,513,257,536
512,232,10597440711579655196,513,257,536
512,233,4706076879760827564,513,257,540
512,234,18372692925611042025,513,257,544
512,235,6361622396908498247,513,257,540
512,236,15398016921376765861,513,257,536
512,237,10322765764280171473,513,257,544
512,238,12352358481359638969,513,257,540
512,239,17813253639102050537,513,257,540
512,240,12835046676651186918,513,257,540
512,241,7977344245790846192,513,257,540
512,242,11122253196602052248,513,257,536
512,243,9126375680166774991,513,257,536
512,244,11314792833915113132,513,257,540
512,245,5566408026720850792,513,257,540
512,246,9999055698430685932,513,257,540
512,247,14367887473361055970,513,257,544
512,248,18118749455563064135,513,257,540
512,249,13447575432582011186,513,257,544
512,250,1921013393585478545,513,257,544
512,251,5390621261524238494,513,257,536
512,252,16100677622417570271,513,257,540
512,253,714020680060211245,513,257,540
512,254,9794698765471206265,513,257,540
512,255,9671709152862411568,513,257,544
512,256,11197710713691559419,513,257,540
512,257,12585631943234896671,513,257,540
512,258,14491209510124458206,513,257,544
512,259,11603479466239940849,513,257,540
512,260,6422940241074710245,513,257,544
512,261,11887866378781451524,513,257,544
512,262,8016884753353580720,513,257,536
512,263,12812872610460561756,513,257,536
512,264,16711076895079614088,513,257,536
512,265,52963199028754419,513,257,544
512,266,18374934344524547028,513,257,548
512,267,15187577150708206308,513,257,544
512,268,3813590716628679968,513,257,540
512,269,12187280538817570655,513,257,540
512,270,15372216854280931423,513,257,536
512,271,1794906588402398898,513,257,540
512,272,13930567309260177865,513,257,544
512,273,6470331220846279932,513,257,536
512,274,6436231140173230265,513,257,544
512,275,1563865627473650577,513,257,540
512,276,1890162106335512699,513,257,536
512,277,14851481691556205525,513,257,540
512,278,10852212541958955133,513,257,536
512,279,7899607713108648731,513,257,540
512,280,17484857389706702590,513,257,544
512,281,2867591590284326891,513,257,536
512,282,13379574774091931274,513,257,544
512,283,5229470531341980038,513,257,544
512,284,16747990846247057340,513,257,536
512,285,7738538769322071851,513,257,540
512,286,10548678052092236372,513,257,544
512,287,5911863394829435003,513,257,536
512,288,3481185025172421507,513,257,536
512,289,6265616034633779131,513,257,540
512,290,10337816706501299608,513,257,540
512,291,17991552643977503735,513,257,544
512,292,777878261867484761,513,257,540
512,293,9684064961485851287,513,257,536
512,294,13190454952541455089,513,257,544
512,295,334033086329334911,513,257,544
512,296,3438654875745606019,513,257,544
512,297,14992793029003170410,513,257,544
512,298,2030724332519140461,513,257,540
512,299,15866706158244970113,513,257,540
512,300,3560218962459909860,513,257,536
600,1,18086536099086167036,601,301,636
600,2,7064149282323012350,601,301,632
600,3,1831295360621053520,601,301,636
600,4,910741266764097831,601,301,632
600,5,9335256012861793532,601,301,636
600,6,10116858892724792079,601,301,636
600,7,7217099337791214034,601,301,628
600,8,5549824957201674570,601,301,632
600,9,10245911491523242720,601,301,632
600,10,16801479897298547339,601,301,640
600,11,9110831383077658059,601,301,628
600,12,8762101480699761510,601,301,632
600,13,2129146230768124897,601,301,636
600,14,6306906403829519154,601,301,632
600,15,18156920087822768144,601,301,632
600,16,267309925923644463,601,301,632
600,17,6332892849344345189,601,301,624
600,18,5181531176186207632,601,301,632
600,19,3693164869220588309,601,301,632
600,20,11405762427173052787,601,301,632
600,21,15009546775253470448,601,301,636
600,22,3115883912176232248,601,301,632
600,23,10941717378839233920,601,301,636
600,24,1585648759343654854,601,301,632
600,25,174639111935556878,601,301,632
600,26,543006000064208507,601,301,628
600,27,15608011542129438935,601,301,628
600,28,1037001377056288822,601,301,632
600,29,8349826368568365011,601,301,632
600,30,8434566183476959601,601,301,636
600,31,7498507426829727175,601,301,636
600,32,1344121587807576353,601,301,632
600,33,14457319126925653734,601,301,636
600,34,3178416805768060866,601,301,636
600,35,9223721944372339975,601,301,632
600,36,14894899999303513288,601,301,636
600,37,17863517526892534454,601,301,640
600,38,4014101008101685574,601,301,632
600,39,901667866246235978,601,301,640
600,40,14098028898460803688,601,301,636
600,41,12366720716125355725,601,301,636
600,42,16079651338242552715,601,301,632
600,43,16298199974935274842,601,301,628
600,44,3745991704019034705,601,301,632
600,45,6748069735477501,601,301,640
600,46,6359589641676203946,601,301,632
600,47,11101945531442870317,601,301,628
600,48,9437495272172984467,601,301,636
600,49,8911479479259760217,601,301,632
600,50,10441267309909000571,601,301,636
600,51,10434485301618863185,601,301,640
600,52,5027109853668589529,601,301,640
600,53,14356022401635929932,601,301,632
600,54,9869299548143163946,601,301,640
600,55,9626597498062590259,601,301,632
600,56,7801161788001076973,601,301,632
600,57,14176684687488906710,601,301,628
600,58,13183354108760587973,601,301,632
600,59,11893784436147749510,601,301,632
600,60,17060579540032791573,601,301,636
600,61,11311673880172241927,601,301,632
600,62,595349608061129528,601,301,640
600,63,16723487402777343586,601,301,636
600,64,12099685823302394402,601,301,636
600,65,10356758582922769663,601,301,632
600,66,6261193439664249672,601,301,632
600,67,16188186792248038744,601,301,632
600,68,4933748625150824809,601,301,640
600,69,1556766399816152791,601,301,632
600,70,1140494774217432789,601,301,640
600,71,16554747927944705482,601,301,628
600,72,6037384653144791344,601,301,628
600,73,7552865169293031598,601,301,632
600,74,11708585027784075285,601,301,640
600,75,5138149600939405069,601,301,636
600,76,17399964764113171996,601,301,632
600,77,18008061922273391510,601,301,624
600,78,2951489722436292810,601,301,632
600,79,14483822777883837501,601,301,636
600,80,17745094985814794144,601,301,632
600,81,13018403699137508949,601,301,632
600,82,18165952898533661718,601,301,628
600,83,5316513929345463521,601,301,636
600,84,15423607808947148074,601,301,632
600,85,10296922084404156749,601,301,636
600,86,7227183045705165698,601,301,636
600,87,5613992936300182816,601,301,632
600,88,17676875157449497876,601,301,636
600,89,976010102737437081,601,301,632
600,90,10133687268687772622,601,301,628
600,91,574821412130103123,601,301,636
600,92,3764292460061516355,601,301,636
600,93,9061555867523337627,601,301,628
600,94,9453640655912881314,601,301,636
600,95,8406465135131988831,601,301,632
600,96,8026543231464422818,601,301,636
600,97,8613865174903186707,601,301,640
600,98,14126826969870619719,601,301,636
600,99,8472206041942875568,601,301,640
600,100,4280799929459664697,601,301,640
600,101,5202233166413209445,601,301,636
600,102,6206891037394770292,601,301,632
600,103,858256043132027964,601,301,632
600,104,9022647857166676429,601,301,636
600,105,16382525388944590724,601,301,636
600,106,10090919879750618637,601,301,628
600,107,17344630394899590126,601,301,632
600,108,9942343910172379801,601,301,636
600,109,9093560759048897156,601,301,632
600,110,12838928969354205547,601,301,636
600,111,17104953842928692129,601,301,636
600,112,13429005492847294354,601,301,636
600,113,17764915954094451186,601,301,640
600,114,16439230070660974318,601,301,636
600,115,14159569609965872432,601,301,628
600,116,11047964864340835442,601,301,632
600,117,9846768246118256588,601,301,632
600,118,15900017050633940787,601,301,632
600,119,2711204357557705622,601,301,636
600,120,17367719321342164989,601,301,632
600,121,7692255397831963363,601,301,632
600,122,12467823130897793951,601,301,640
600,123,13385845040928187952,601,301,632
600,124,15987521976505064169,601,301,628
600,125,51609935751678826,601,301,628
600,126,749750134148487089,601,301,636
600,127,10501402768383619422,601,301,636
600,128,4204758562245855397,601,301,628
600,129,8900951330199147039,601,301,632
600,130,16717409674281319034,601,301,636
600,131,7261621903048696467,601,301,636
600,132,10243355782407519313,601,301,628
600,133,11394668982719144845,601,301,632
600,134,8266119463138900155,601,301,636
600,135,15723542918528811035,601,301,632
600,136,6712700979605788379,601,301,636
600,137,13003863617565778050,601,301,636
600,138,15663280580201733267,601,301,640
600,139,4052006522868102510,601,301,632
600,140,10231785566330341649,601,301,632
600,141,12560531381001484331,601,301,640
600,142,15749035649299534122,601,301,636
600,143,6455587390468244703,601,301,636
600,144,18128624839889946992,601,301,632
600,145,3813095713619992731,601,301,640
600,146,8808573098338562569,601,301,636
600,147,5000354219692160015,601,301,632
600,148,7204306249173638540,601,301,636
600,149,17106334628181132543,601,301,636
600,150,667095821991310326,601,301,632
600,151,1076076979027741266,601,301,632
600,152,4755863026836595126,601,301,636
600,153,6742353056167427161,601,301,636
600,154,12564309798122707217,601,301,640
600,155,6781081609937670423,601,301,632
600,156,4585441136175315735,601,301,632
600,157,2409707699411094864,601,301,632
600,158,17194554191757519958,601,301,628
600,159,244811743937952149,601,301,628
600,160,16110645858410237144,601,301,636
600,161,17576981891567045480,601,301,636
600,162,3730984101471859606,601,301,636
600,163,1411047824896506729,601,301,628
600,164,12755159869121137030,601,301,632
600,165,7857362864675770961,601,301,636
600,166,8757295472179617268,601,301,632
600,167,179936526315631838,601,301,636
600,168,7870855380315143816,601,301,640
600,169,1744765720438113378,601,301,632
600,170,8156431542887841601,601,301,632
600,171,18177412740584442164,601,301,632
600,172,6558732065918954642,601,301,632
600,173,3504187011652895082,601,301,632
600,174,6230006546054640198,601,301,628
600,175,13987461657790374244,601,301,632
600,176,6727049790310504287,601,301,636
600,177,10247375912226842051,601,301,632
600,178,4010911398345268512,601,301,628
600,179,1009826132423881801,601,301,636
600,180,3362102193621724913,601,301,632
600,181,16734659009998444427,601,301,632
600,182,2201594126047742621,601,301,632
600,183,1744742484981272291,601,301,632
600,184,4696640750062385400,601,301,628
600,185,11670602406033420517,601,301,632
600,186,7463605127993859713,601,301,636
600,187,11496998347816712554,601,301,632
600,188,10364679002588301107,601,301,628
600,189,5657979139128532425,601,301,632
600,190,11231889199422798654,601,301,632
600,191,11228998328189818941,601,301,640
600,192,6045190832743659868,601,301,632
600,193,3547588809315047284,601,301,632
600,194,3972829509560461582,601,301,636
600,195,8272487565854686833,601,301,632
600,196,7953753221235760678,601,301,636
600,197,1053967801760017180,601,301,636
600,198,7583713563278329601,601,301,632
600,199,188352886047977489,601,301,632
600,200,1460482915954537412,601,301,632
600,201,2114138766094169051,601,301,632
600,202,3465013894949001412,601,301,640
600,203,18014734629795851915,601,301,632
600,204,3221961445077570451,601,301,632
600,205,9995143070633776262,601,301,632
600,206,4821352561527489564,601,301,636
600,207,11229010989663022258,601,301,636
600,208,677031274995860978,601,301,636
600,209,11927223366691924008,601,301,628
600,210,3129508048617755995,601,301,632
600,211,14527851852355029654,601,301,632
600,212,3553516801781450499,601,301,632
600,213,6238484865926712588,601,301,632
600,214,6776175592789425121,601,301,636
600,215,12058341294626622998,601,301,632
600,216,9846450775700445835,601,301,636
600,217,9149961637428818482,601,301,632
600,218,13096914263443548713,601,301,632
600,219,17213147970944297297,601,301,632
600,220,15581790782859430931,601,301,632
600,221,17760068515696515494,601,301,628
600,222,1403773328159996056,601,301,636
600,223,2315006675171201801,601,301,632
600,224,15906572548974847006,601,301,632
600,225,15395329032645255107,601,301,632
600,226,14275052322246246300,601,301,636
600,227,5987648360973817173,601,301,636
600,228,8538592459909937988,601,301,632
600,229,4661965496259162665,601,301,632
600,230,314378108879635251,601,301,628
600,231,10265405303411254522,601,301,628
600,232,7768965481194413230,601,301,632
600,233,4470732044209751156,601,301,636
600,234,11682444788583197871,601,301,640
600,235,17214652265219852576,601,301,632
600,236,2902158004061854630,601,301,632
600,237,442059438190037485,601,301,632
600,238,13851227249521587451,601,301,636
600,239,8900110225991542418,601,301,628
600,240,1987441186052874625,601,301,636
600,241,10523549198841659285,601,301,628
600,242,14024619289797065910,601,301,632
600,243,12969141968659196400,601,301,632
600,244,5345832471889017602,601,301,636
600,245,12182874666819409353,601,301,632
600,246,15851719504532284211,601,301,636
600,247,1208280840910219900,601,301,632
600,248,3165012867601006887,601,301,628
600,249,5109080429648594650,601,301,628
600,250,17692550002498640031,601,301,632
