L,environment_id,environment_seed,exact_mean,mcmc_mean,mcmc_minus_exact_mean,estimated_mcmc_mean_standard_error,standardized_mean_error,zero_standard_error_inconsistent,exact_conditional_variance,mcmc_conditional_variance,mcmc_minus_exact_conditional_variance,extremal_start_gap,standardized_extremal_start_gap,minimum_chain_ess,minimum_pair_swap_acceptance,target_exchange_acceptance
2,1,16503013862675582955,3.862424550100183,3.8609999999999998,-0.001424550100183275,0.011952137833852145,-0.11918789090170205,false,0.5313750550387845,0.5319279639819908,0.000552908943206365,0.026000000000000245,1.0876715262754173,1788.308077403466,0.8194285714285714,0.9911428571428571
2,2,7876645441089020994,0.3368709867709331,0.33199999999999996,-0.004870986770933117,0.022666868188100566,-0.21489456463554327,false,1.23400190425853,1.1596118059029512,-0.07439009835557875,0.043999999999999984,0.9705796062090898,1110.4395317313051,0.8968571428571429,0.9682857142857143
2,3,12217605947908914083,0.00041017394519721195,0.0,-0.00041017394519721195,0.0,NaN,true,0.0018115486698310757,0.0,-0.0018115486698310757,0.0,0.0,2000.0,0.8608571428571429,0.9817142857142858
2,4,7008982407598474083,-0.01153280256090261,-0.012,-0.00046719743909738945,0.004677167192486609,-0.09988897549950627,false,0.04599981017850596,0.04795197598799406,0.0019521658094881003,-0.011999999999999999,1.2828277786687603,1061.6490207533589,0.894,0.9682857142857143
2,5,17995853470203864178,0.4913754100387919,0.487,-0.004375410038791938,0.021116355041178682,-0.20720479601046288,false,1.769585803344694,1.7806483241620814,0.011062520817387345,-0.02200000000000002,0.5209232359727367,2000.0,0.9122857142857143,0.9731428571428572
2,6,184679872487367140,-0.007435509838678703,-0.011,-0.0035644901613212966,0.004118978391724794,-0.8653820977751454,false,0.05582658995836698,0.06793596798399204,0.012109378025625062,0.013999999999999999,1.6994505273597218,2000.0,0.8502857142857143,0.9668571428571429
2,7,6372658922972548020,-0.0025294796767688556,-0.003,-0.0004705203232311444,0.0017311841321042724,-0.27179103279974154,false,0.012348108006113943,0.011987993996998491,-0.00036011400911545137,0.006,1.7329179169135918,2000.0,0.8822857142857143,0.9754285714285714
2,8,12072279450063955472,-0.014438570013362961,-0.013000000000000001,0.0014385700133629602,0.0038682013250017602,0.371896365389489,false,0.06493663899423952,0.052008004002001056,-0.01292863499223846,-0.006,0.7755542558268047,2000.0,0.9002857142857142,0.9722857142857143
2,9,11204976245762855672,-0.6359614967422693,-0.648,-0.012038503257730704,0.023305075912376693,-0.5165614264889556,false,2.147804039948111,2.111703851925962,-0.03610018802214876,-0.052000000000000046,1.115636786499036,2000.0,0.87,0.9768571428571429
2,10,12018010025799607513,-0.003995425363869853,-0.004,-4.574636130147067e-6,0.0019994996872967383,-0.002287890395387775,false,0.015966730206173507,0.016008004002001,4.1273795827492105e-5,0.0,0.0,2000.0,0.8622857142857143,0.9742857142857143
2,11,8324409309590821860,6.350454097636682e-6,0.0,-6.350454097636682e-6,0.0,NaN,true,0.00019530632489783706,0.0,-0.00019530632489783706,0.0,0.0,2000.0,0.8671428571428571,0.9711428571428572
2,12,11268415986047989819,0.03840316809520673,0.034,-0.00440316809520673,0.00580722497678241,-0.7582224061941508,false,0.15322803303749186,0.1360360180090045,-0.017192015028487356,-0.008,0.6887971476896814,2000.0,0.8885714285714286,0.9597142857142857
2,13,4041576417893040964,0.7651997810550344,0.778,0.012800218944965636,0.02509254841567504,0.510120324684498,false,2.476765976309069,2.385120560280139,-0.09164541602893017,0.01200000000000001,0.23911481211895844,1983.3165002810679,0.9134285714285715,0.9734285714285714
2,14,9608222450850241923,0.0017374406963230826,0.004,0.0022625593036769177,0.002449081256206039,0.9238400310089877,false,0.01723535640779793,0.0240040020010005,0.006768645593202567,-0.004,0.8166327658308377,2000.0,0.8802857142857143,0.9731428571428572
2,15,11783809464752416572,-0.004267555416205382,-0.003,0.0012675554162053819,0.0017317619639401597,0.7319455228831794,false,0.026475787633011283,0.012004002001000512,-0.014471785632010771,-0.002,0.5774465664581109,2000.0,0.8188571428571428,0.978
2,16,17488108566552188701,9.320227248959222e-5,0.0,-9.320227248959222e-5,0.0,NaN,true,0.00037334796774037005,0.0,-0.00037334796774037005,0.0,0.0,2000.0,0.8805714285714286,0.9685714285714285
2,17,9168956008631356884,0.00026349036883094486,0.0,-0.00026349036883094486,0.0,NaN,true,0.0013901575693890354,0.0,-0.0013901575693890354,0.0,0.0,2000.0,0.8568571428571429,0.9711428571428572
2,18,7084167817291987927,0.0033042672886627695,0.0,-0.0033042672886627695,0.0,NaN,true,0.013216931791166644,0.0,-0.013216931791166644,0.0,0.0,2000.0,0.8525714285714285,0.9828571428571429
2,19,2016393574280746586,-3.9367861063566156e-5,0.0,3.9367861063566156e-5,0.0,NaN,true,0.00016459721613248934,0.0,-0.00016459721613248934,0.0,0.0,2000.0,0.7911428571428571,0.9754285714285714
2,20,18209828889037580146,-0.004103143157674769,-0.002,0.002103143157674769,0.0014138597878679048,1.4875189008991485,false,0.019577982259783244,0.007995997998999506,-0.011581984260783738,-0.004,1.414567425399369,2000.0,0.8888571428571429,0.9648571428571429
2,21,13066138278044702885,-0.00013952296960462705,0.0,0.00013952296960462705,0.0,NaN,true,0.0005580734692295156,0.0,-0.0005580734692295156,0.0,0.0,2000.0,0.8311428571428572,0.9811428571428571
2,22,8827126381907060372,-0.006711649592825657,-0.013999999999999999,-0.007288350407174342,0.003994368221476882,-1.8246566172809024,false,0.03793575093058085,0.06399999999999999,0.026064249069419135,-0.007999999999999998,1.0014099297337777,2000.0,0.9074285714285715,0.9771428571428571
2,23,7860441041686724660,-0.0006842310923043105,-0.001,-0.00031576890769568957,0.001000000000000001,-0.3157689076956892,false,0.002739714290639572,0.004000000000000008,0.0012602857093604357,-0.002,0.9999999999999989,2000.0,0.8802857142857143,0.9682857142857143
2,24,5927593106840548960,8.37359959149353e-10,0.0,-8.37359959149353e-10,0.0,NaN,true,1.8481253492852456e-8,0.0,-1.8481253492852456e-8,0.0,0.0,2000.0,0.7334285714285714,0.9908571428571429
2,25,12670224741265326835,-0.10601588695132319,-0.112,-0.005984113048676812,0.010442059006639881,-0.573077880987997,false,0.41282560578718364,0.4319279639819911,0.01910235819480749,-0.023999999999999994,1.1491986391160454,1994.8838557421193,0.6885714285714286,0.9828571428571429
2,26,2917635371682197844,-0.000773547314889815,0.0,0.000773547314889815,0.0,NaN,true,0.004559180138021354,0.0,-0.004559180138021354,0.0,0.0,2000.0,0.9165714285714286,0.9731428571428572
2,27,8401036808371221813,0.4149380205261326,0.377,-0.0379380205261326,0.018747299288572418,-2.023652577481283,false,1.5537635760069701,1.347215607803902,-0.2065479682030682,0.05400000000000005,1.440207444517521,2000.0,0.9482857142857143,0.9808571428571429
2,28,8470465329713055577,-2.7467887887981637,-2.789,-0.04221121120183646,0.030057063737834937,-1.4043690884117281,false,3.4426113714267057,3.4169064532266153,-0.025704918200090354,-0.09799999999999986,1.6302324281370235,1838.1164360776793,0.9022857142857142,0.9674285714285714
2,29,15715092345882880589,0.8323398547090426,0.865,0.0326601452909574,0.03785052388117017,0.8628716842464927,false,2.6730366149572893,2.7466353176588267,0.07359870270153746,-0.07400000000000007,0.9775294026618941,963.2584784932139,0.8682857142857143,0.9814285714285714
2,30,14123577998429086371,1.8584777144808426,1.881,0.02252228551915736,0.04305096837399807,0.523153981659571,false,3.980264224661226,3.8815227613806877,-0.09874146328053834,0.09399999999999986,1.0917292171385162,1014.5506538470555,0.8871428571428571,0.9751428571428571
2,31,16165480413011113708,-0.0034172643756407357,-0.008,-0.004582735624359265,0.00399348894789861,-1.147551848558569,false,0.013703652711891251,0.03198399199599796,0.01828033928410671,-0.008,1.0016304169577872,1000.5012521287962,0.8708571428571429,0.9737142857142858
2,32,10793869253569989436,0.0011393228826658815,0.001,-0.00013932288266588146,0.001000000000000001,-0.1393228826658813,false,0.004558276099623547,0.004000000000000008,-0.0005582760996235394,0.002,0.9999999999999989,2000.0,0.8454285714285714,0.9805714285714285
2,33,10677147765490364327,0.006868521613031309,0.003,-0.0038685216130313086,0.002235172476118802,-1.7307485907077231,false,0.032718596856885274,0.012004002001000522,-0.02071459485588475,-0.002,0.4473927675310408,1000.5012521288069,0.7922857142857143,0.966
2,34,9534212328815086779,-4.623595853250895e-6,0.0,4.623595853250895e-6,0.0,NaN,true,1.9198940470588344e-5,0.0,-1.9198940470588344e-5,0.0,0.0,2000.0,0.8308571428571428,0.9777142857142858
2,35,10782817867709826067,1.6510565702299894e-5,0.0,-1.6510565702299894e-5,0.0,NaN,true,6.607686491638077e-5,0.0,-6.607686491638077e-5,0.0,0.0,2000.0,0.8168571428571428,0.9765714285714285
2,36,5542754731037126976,0.012271796116014644,0.015,0.0027282038839853556,0.0038666491291225124,0.7055731701739608,false,0.05073557679676127,0.06002801400700355,0.009292437210242276,-0.002,0.25862186265319026,2000.0,0.8902857142857142,0.9731428571428572
2,37,3550357535929245277,-0.06018524189047129,-0.056,0.004185241890471286,0.007790288203599915,0.537238389786051,false,0.247866614624416,0.23204402201100535,-0.015822592613410652,-0.011999999999999997,0.7701897340880638,1879.9540415853812,0.8705714285714286,0.9714285714285714
2,38,18063209220106296906,0.022903534154213256,0.002,-0.020903534154213255,0.01667315198150905,-1.2537242014824677,false,1.1336269416744718,1.1114037018509257,-0.022223239823546015,-0.048,1.4394398867482654,2000.0,0.9088571428571428,0.9565714285714285
2,39,9132535248702589307,0.00016604399660638536,0.0,-0.00016604399660638536,0.0,NaN,true,0.0006641494761744915,0.0,-0.0006641494761744915,0.0,0.0,2000.0,0.8265714285714286,0.9822857142857143
2,40,5101703214285295226,-0.004289080219575338,-0.005,-0.0007109197804246624,0.0022351729237353206,-0.31806030436186794,false,0.017139534872263884,0.02000800400200098,0.0028684691297370946,0.002,0.4473926779360073,2000.0,0.8454285714285714,0.9711428571428572
2,41,17500284358920036,-2.9397831680936864e-5,0.0,2.9397831680936864e-5,0.0,NaN,true,0.00011828942496799237,0.0,-0.00011828942496799237,0.0,0.0,2000.0,0.8185714285714286,0.9751428571428571
2,42,17136599440650597216,-0.10749168313726232,-0.10400000000000001,0.003491683137262308,0.010066909721243548,0.3468475663285263,false,0.41842858441973396,0.41617608804402173,-0.002252496375712232,-0.007999999999999993,0.39734139977028454,2000.0,0.8142857142857143,0.9728571428571429
2,43,1850636511557200465,-0.006973869847709091,-0.009000000000000001,-0.00202613015229091,0.002997330811905486,-0.6759781550448358,false,0.029328096300394124,0.03601600800400204,0.006687911703607913,-0.002,0.33363017389604466,2000.0,0.86,0.9808571428571429
2,44,17481876647769011678,-3.971012373762393,-3.955,0.01601237376239295,0.006787732770084499,2.35901652359741,false,0.11511022247617855,0.18007203601800925,0.0649618135418307,0.006000000000000227,0.44197379325567754,1860.4387146288552,0.8011428571428572,0.998
2,45,14392419666323957613,-0.015222702994112658,-0.015,0.00022270299411265848,0.005912781112999629,0.037664677561466235,false,0.17627507757612637,0.14006803401700843,-0.03620704355911794,0.002,0.16912515124252372,2000.0,0.898,0.9748571428571429
2,46,16484195785868656477,-0.035871204457612105,-0.03,0.005871204457612106,0.00581273549604431,1.010058768648184,false,0.15241441890776808,0.12803201600800396,-0.024382402899764122,0.008000000000000004,0.6881441625413863,2000.0,0.8874285714285715,0.9791428571428571
2,47,10898773379333184956,-0.0001381977261576278,0.0,0.0001381977261576278,0.0,NaN,true,0.002441231808781244,0.0,-0.002441231808781244,0.0,0.0,2000.0,0.8697142857142857,0.9765714285714285
2,48,3564204126993266215,0.09217971852298863,0.10200000000000001,0.009820281477011375,0.010037082220932277,0.9784000231193917,false,0.36025665459182016,0.40819609804902457,0.04793944345720441,-0.00399999999999999,0.19926109560296382,1950.1508663940285,0.8717142857142857,0.9754285714285714
2,49,1425580827690003945,-0.017628618833996315,-0.012,0.005628618833996315,0.0042295276866603174,1.3307913438535108,false,0.07295652474291281,0.047991995997998915,-0.024964528744913894,0.008,0.9457320760934527,1336.012498008698,0.8705714285714286,0.9685714285714285
2,50,2439011098518677536,1.6713736055908729e-6,0.0,-1.6713736055908729e-6,0.0,NaN,true,7.381181939921169e-5,0.0,-7.381181939921169e-5,0.0,0.0,2000.0,0.8382857142857143,0.9817142857142858
2,51,5697189617753370040,0.013544524205201568,0.008,-0.005544524205201568,0.0028261269427873143,-1.9618808062928657,false,0.05401239776342315,0.03200800400200101,-0.022004393761422138,0.004,0.707682294705229,2000.0,0.8097142857142857,0.9777142857142858
2,52,7782557638336321625,1.8078125864583443e-6,0.0,-1.8078125864583443e-6,0.0,NaN,true,0.00010753971284476437,0.0,-0.00010753971284476437,0.0,0.0,2000.0,0.8465714285714285,0.9797142857142858
2,53,15277900226520664737,-0.001491031210701981,-0.003,-0.0015089687892980192,0.0017317619639401584,-0.8713488462725943,false,0.008562005330535898,0.012004002001000507,0.0034419966704646084,-0.002,0.5774465664581113,2000.0,0.7885714285714286,0.9788571428571429
2,54,11252975053233234074,0.001336434262382502,0.0,-0.001336434262382502,0.0,NaN,true,0.005352221796391277,0.0,-0.005352221796391277,0.0,0.0,2000.0,0.856,0.9774285714285714
2,55,6458138186558408672,2.175447325286144,2.174,-0.0014473252861439967,0.03808244483094735,-0.03800505173890099,false,4.083144993950502,4.089756878439222,0.006611884488719966,-0.02400000000000002,0.3151058198408606,1318.1009617043462,0.8777142857142857,0.9717142857142858
2,56,7005692776000400354,0.06722682439744908,0.065,-0.002226824397449076,0.008134447407003668,-0.27375238735108237,false,0.26677902483073157,0.26008004002001034,-0.006698984810721231,-0.010000000000000009,0.6146699031694594,1861.4964730783777,0.8968571428571429,0.9682857142857143
2,57,18269917364268815200,3.463061780853427e-5,0.002,0.0019653693821914658,0.0014138597878679048,1.390073753462665,false,0.0044767261098380695,0.007995997998999506,0.0035192718891614364,0.004,1.414567425399369,2000.0,0.8577142857142858,0.9728571428571429
2,58,14591077346762218869,0.0002852466197285191,0.002,0.0017147533802714808,0.0014138597878679048,1.2128171371627468,false,0.003457915383274438,0.007995997998999506,0.004538082615725068,-0.004,1.414567425399369,2000.0,0.8014285714285714,0.9808571428571429
2,59,16623558255996772727,1.9385361047286054e-5,-0.002,-0.002019385361047286,0.0014142135623730955,-1.42792108262538,false,0.0038568465216450853,0.0080040020010005,0.004147155479355414,0.0,0.0,2000.0,0.9157142857142857,0.9702857142857143
2,60,4697546374334961470,-0.013112502578086374,-0.016,-0.0028874974219136266,0.003991862658426749,-0.7233458836110436,false,0.052305373223140716,0.06395997998999503,0.011654606766854314,-0.011999999999999999,1.503057723525159,2000.0,0.882,0.9748571428571429
2,61,18242555095560972628,-0.002489345930776333,0.0,0.002489345930776333,0.0,NaN,true,0.009961710338455998,0.0,-0.009961710338455998,0.0,0.0,2000.0,0.8794285714285714,0.972
2,62,12386845426767845231,0.44124807590256543,0.435,-0.006248075902565431,0.02893373743713446,-0.21594430778743623,false,1.5702927414949985,1.5887763881940957,0.01848364669909719,0.006000000000000005,0.10368518780258609,846.5308228129026,0.8514285714285714,0.9811428571428571
2,63,7588351857081764211,0.007031358972771049,0.012,0.004968641027228951,0.004239337919179894,1.1720323130528227,false,0.05254674696541598,0.07202801400700351,0.01948126704158753,0.004,0.4717717809074543,2000.0,0.8522857142857143,0.9765714285714285
2,64,11402664232020775766,5.122613252540026e-5,0.0,-5.122613252540026e-5,0.0,NaN,true,0.00020505400413951846,0.0,-0.00020505400413951846,0.0,0.0,2000.0,0.816,0.9788571428571429
4,1,17282016616865581245,0.4779390426969654,0.484,0.006060957303034575,0.02720358758672828,0.22279992606532215,false,2.2010852376929515,2.132458229114559,-0.06862700857839243,0.09600000000000003,1.764473154394445,1470.5892436331974,0.7133333333333334,0.9293333333333333
4,2,5886055161830666488,0.05268988466085802,0.034,-0.018689884660858018,0.010699743466790562,-1.746760071292077,false,0.20886145282117236,0.13606003001500758,-0.07280142280616478,-0.003999999999999997,0.1869203692787139,532.955107128273,0.682,0.946
4,3,1746759412847042884,-1.349887928202417e-7,0.0,1.349887928202417e-7,0.0,NaN,true,1.6504297950418234e-5,0.0,-1.6504297950418234e-5,0.0,0.0,2000.0,0.7093333333333334,0.9206666666666666
4,4,1014571002134228467,-0.0016982145269288052,0.0,0.0016982145269288052,0.0,NaN,true,0.007365969370238344,0.0,-0.007365969370238344,0.0,0.0,2000.0,0.6593333333333333,0.932
4,5,13058620766198014872,-0.013019153387629157,-0.007,0.006019153387629156,0.00264404907249258,2.2764907997546433,false,0.05190765142071297,0.028012006003001536,-0.023895645417711435,0.002,0.37820780650537883,2000.0,0.6946666666666667,0.9426666666666667
4,6,27383927088038612,0.2455004443264264,0.27,0.02449955567357362,0.04225530872041486,0.5797982884393676,false,1.0320221164982764,1.0941150575287644,0.062092941030488014,0.192,2.2719038839638013,259.21392260632126,0.7133333333333334,0.9453333333333334
4,7,4760756650236809567,-0.1143423639176695,-0.16899999999999998,-0.054657636082330485,0.046197578796332205,-1.1831277202490524,false,2.078619752552468,1.8124562281140577,-0.2661635244384104,-0.03,0.3246923408287125,411.9211157882838,0.742,0.9213333333333333
4,8,9310951924280829014,-0.08216477958411911,-0.07200000000000001,0.010164779584119099,0.010458863318303577,0.9718818646697662,false,0.32891691781179894,0.2960760380190094,-0.032840879792789546,-0.011999999999999997,0.5736761077563443,1315.2496749882223,0.6793333333333333,0.9206666666666666
4,9,9991041946535511762,1.5850517582281112,1.63,0.04494824177188872,0.036343381903781266,1.236765524212599,false,3.828373229288851,3.8419209604802402,0.01354773119138919,0.0,0.0,1436.6175482995386,0.6773333333333333,0.93
4,10,1894710441496994400,-2.169358411422891,-2.152,0.017358411422891074,0.03647394585677808,0.47591262790848554,false,4.00694999537924,3.9841920960480257,-0.022757899331214304,-0.06000000000000005,0.8225049222203915,1442.1652933138648,0.7606666666666667,0.94
4,11,13445678961970919360,-0.7049504714607966,-0.721,-0.016049528539203384,0.03670657280710945,-0.4372385464462337,false,2.323232436569113,2.419959979989993,0.0967275434208803,-0.050000000000000044,0.6810769322260982,866.030541760324,0.7946666666666666,0.916
4,12,3746123299479940832,0.01596585381719966,0.020999999999999998,0.005034146182800337,0.004571427454798695,1.1012197464745765,false,0.06370230113309167,0.08402401200600308,0.020321710872911417,-0.006000000000000002,0.6562501602974924,2000.0,0.774,0.916
4,13,12617324544406650441,-0.0020167016002918814,-0.002,1.670160029188135e-5,0.0014138597878679052,0.011812769862467971,false,0.00945747465438218,0.007995997998999511,-0.0014614766553826698,0.004,1.4145674253993685,2000.0,0.7006666666666667,0.928
4,14,14371455431428089463,0.2398426793862234,0.252,0.012157320613776612,0.023474268010511414,0.5178998811947086,false,0.9056143834934453,0.896440220110055,-0.009174163383390277,-0.0040000000000000036,0.08519967477173017,854.5547769612033,0.7573333333333333,0.932
4,15,11307368843888775368,-0.6699857415326596,-0.6579999999999999,0.011985741532659633,0.02735603411134642,0.438138857550566,false,2.2311639772916467,2.255327663831917,0.024163686540270124,-0.05999999999999994,1.0966501897859864,1400.9865614838184,0.656,0.9366666666666666
4,16,528475296008202953,0.044918612443081055,0.056,0.011081387556918947,0.014766967517565507,0.7504172771923204,false,0.48401878790198183,0.45465932966483213,-0.029359458237149694,0.05600000000000001,1.8961238972520003,815.8712708857614,0.7286666666666667,0.9233333333333333
4,17,12353838787086816381,1.7022326600936464,1.776,0.07376733990635365,0.03605887634524462,2.0457470499099992,false,3.926333955314653,3.921568784392198,-0.0047651709224547645,0.028000000000000025,0.3882539174531518,1421.9944609111872,0.722,0.936
4,18,9905511250112615995,-5.7673297586841726e-5,0.001,0.0010576732975868417,0.0010000000000000002,1.0576732975868415,false,0.0015328080453072125,0.004000000000000003,0.00246719195469279,-0.002,0.9999999999999998,2000.0,0.6806666666666666,0.9326666666666666
4,19,18348511942648928791,-0.005506149647725778,-0.008,-0.0024938503522742225,0.0028261269427873148,-0.8824268699744326,false,0.026518602629101853,0.032008004002001024,0.005489401372899171,0.004,0.7076822947052289,2000.0,0.7273333333333334,0.932
4,20,9606665189652724534,0.005476317508111363,0.015,0.009523682491888636,0.007377072020510396,1.2909840740892922,false,0.027225310189278113,0.06779189594797401,0.0405665857586959,0.022,1.4911064944759675,581.6745647568551,0.7253333333333334,0.9086666666666666
4,21,12570405633506024452,-1.6575472784834169,-1.6280000000000001,0.02954727848341676,0.07444789145617944,0.3968853637823779,false,3.8827269555921498,3.957370685342672,0.07464372975052225,-0.09599999999999986,0.6447462656246359,297.29624784237825,0.662,0.926
4,22,12328362133440629314,0.3370299134602872,0.33199999999999996,-0.00502991346028725,0.01989865895768246,-0.2527765047375368,false,1.2572748358499963,1.2232596298149063,-0.034015206035090007,-0.05199999999999999,1.306620715259906,1535.097958646392,0.614,0.9326666666666666
4,23,13755731609323336991,0.00023346335181197977,0.0,-0.00023346335181197977,0.0,NaN,true,0.0009397519472000857,0.0,-0.0009397519472000857,0.0,0.0,2000.0,0.708,0.93
4,24,15900627358214048099,-0.3141582006316932,-0.31399999999999995,0.0001582006316932505,0.0191224660636168,0.008273024575750175,false,1.2284796631352721,1.2548274137068545,0.02634775057158234,-0.06,1.5688353113137037,1620.2730675207317,0.6993333333333334,0.9213333333333333
4,25,13846089753738229772,0.014969676676052979,-0.006,-0.020969676676052977,0.013855319445558475,-1.5134747891197207,false,0.17253116963969456,0.21603601800900427,0.04350484836930971,-0.012,0.4330466737757813,524.167878128264,0.732,0.9353333333333333
4,26,14368824160103477431,-0.20603361468413792,-0.26,-0.05396638531586209,0.03566845518588763,-1.5130003538032146,false,1.1290294416371551,1.2620390195097562,0.13300957787260104,0.07199999999999998,1.0092951828831525,509.7922152093434,0.678,0.926
4,27,17889244232879818449,0.15161558464270936,0.14,-0.011615584642709342,0.023462579020797274,-0.49506853583373195,false,0.8007746008815844,0.6081760880440213,-0.19259851283756302,0.015999999999999986,0.3409684840233794,513.3799662462221,0.676,0.9106666666666666
4,28,17072475270947425444,-0.5616522909700897,-0.468,0.0936522909700897,0.04123184238441473,2.2713583860004625,false,1.9311867526677864,1.7800900450225101,-0.15109670764527627,-0.16000000000000003,1.9402480067259693,460.46667187807714,0.726,0.9326666666666666
4,29,17476600774852222741,-4.159180458085561e-5,0.0,4.159180458085561e-5,0.0,NaN,true,0.0003232579272803479,0.0,-0.0003232579272803479,0.0,0.0,2000.0,0.7406666666666667,0.9286666666666666
4,30,5473965845889900357,-0.04097865362981312,-0.044,-0.0030213463701868754,0.007645400125012127,-0.3951848589719277,false,0.2172103938685614,0.20002801400700332,-0.017182379861558073,0.012000000000000004,0.7847856098951375,1589.9907210277092,0.6366666666666667,0.9346666666666666
4,31,13662635848785027660,-2.9686824528412705,-3.0359999999999996,-0.06731754715872906,0.05241190073990433,-1.2843943113758545,false,3.065649841804059,3.06456428214107,-0.0010855596629890663,0.04400000000000004,0.4197519969591581,434.63526128072886,0.7533333333333333,0.9153333333333333
4,32,5422221135230760691,0.34344698271187024,0.364,0.02055301728812975,0.037520987090375345,0.5477738962097264,false,1.2558554951230811,1.3591115557778892,0.10325606065480808,0.055999999999999994,0.7462490241143572,433.67557090358616,0.7053333333333334,0.9326666666666666
4,33,6814908267184620058,-0.013862886382474921,-0.012,0.0018628863824749209,0.0034591881983343647,0.5385328220568977,false,0.056178423431795764,0.04799199599799894,-0.008186427433796821,0.008,1.156340670312775,2000.0,0.7206666666666667,0.9373333333333334
4,34,16694903392383252157,0.03251403495636912,0.023,-0.00951403495636912,0.009400600094731726,-1.0120667681312139,false,0.2818621028746006,0.24410405202601335,-0.03775805084858727,0.005999999999999998,0.31912856304580556,1304.9592295022776,0.8073333333333333,0.93
4,35,8903134147633345453,0.48770943488798046,0.56,0.07229056511201959,0.06125520552656772,1.180153825141695,false,1.7130530426727142,1.9467013506753377,0.23364830800262348,0.11199999999999999,0.9142080174020732,209.5197562666738,0.674,0.916
4,36,16212047813180901266,-0.05195406053881807,-0.052000000000000005,-4.5939461181934704e-5,0.010009501039288904,-0.004589585534944741,false,0.20572970778751865,0.20807203601800897,0.002342328230490326,-0.008,0.3996203191646972,794.7454562225255,0.7326666666666667,0.918
4,37,600516735026697915,0.029370453562049814,0.006999999999999999,-0.022370453562049815,0.011522527036837704,-1.9414537705601485,false,0.2457168931019984,0.19585592796398194,-0.049860965138016466,0.022,0.9546516979159886,589.9291818794849,0.7053333333333334,0.9146666666666666
4,38,992481407852627495,1.297994959599552,1.363,0.06500504040044808,0.07998608550827768,0.8127043596066564,false,3.5791886686309136,3.621872936468236,0.04268426783732249,-0.1259999999999999,0.7876369946055197,253.25542039762223,0.7286666666666667,0.9133333333333333
4,39,17633538545156724440,-1.9643764825537366,-2.0860000000000003,-0.12162351744626365,0.09421124891280722,-1.2909659817674912,false,3.999137138136491,3.9036398199099547,-0.09549731822653618,0.06800000000000006,0.36089108670523123,184.78207250415133,0.7126666666666667,0.9186666666666666
4,40,5607073282657115688,-0.004140501986924505,-0.013000000000000001,-0.008859498013075496,0.006529892246153289,-1.3567602158051781,false,0.02533478821757841,0.06793596798399208,0.04260117976641367,-0.014,1.0719931870428103,755.1414389393948,0.7026666666666667,0.9146666666666666
4,41,1639495838507862801,-0.011592359513636019,-0.012,-0.0004076404863639811,0.0034596220158055035,-0.11782804147437194,false,0.046937744964908455,0.048016008004002,0.0010782630390935438,0.004,0.5780978357932955,2000.0,0.618,0.926
4,42,16575335499189210869,-0.0016629435835830602,-0.004999999999999999,-0.003337056416416939,0.00887127717859101,-0.37616414742064797,false,0.11225867684755018,0.10771585792896443,-0.004542818918585753,0.026,1.4654034293250138,589.929181879487,0.702,0.9266666666666666
4,43,8962315928248566424,0.0012562440741980471,0.002,0.0007437559258019529,0.0014138597878679041,0.5260464525435966,false,0.010928573629034127,0.0079959979989995,-0.0029325756300346267,-0.004,1.4145674253993696,2000.0,0.7,0.9266666666666666
4,44,428436427278036055,-3.2960560286889513,-3.303,-0.0069439713110486245,0.0448627392965321,-0.1547825973164638,false,2.3374357448323564,2.356616308154074,0.019180563321717692,0.18199999999999994,2.0284093532165186,531.6906664999425,0.714,0.9346666666666666
4,45,7984379102564269422,-0.11883215434517647,-0.098,0.020832154345176462,0.01425149102719605,1.4617526198081705,false,0.46911926872905796,0.39999999999999986,-0.0691192687290581,-0.020000000000000004,0.7016809666383013,884.9534530009826,0.6813333333333333,0.92
4,46,14023242140054347731,-0.007034949347252462,-0.009,-0.0019650506527475377,0.005721243161381612,-0.3434656764829764,false,0.06403433392358857,0.035855927963982036,-0.02817840595960653,-0.018,1.5730846856413994,547.709354404448,0.6706666666666666,0.93
4,47,10707290128679037444,0.07433740229741992,0.067,-0.007337402297419915,0.015718315342892503,-0.46680589728324395,false,0.5028083617477768,0.4915237618809407,-0.011284599866836054,0.03799999999999999,1.2087809402927778,867.029131853415,0.724,0.9246666666666666
4,48,16567001323428929795,2.4294531598839106,2.48,0.05054684011608934,0.06364650074063986,0.7941809766112394,false,3.8155739217863576,3.697560780390198,-0.1180131413961596,-0.02400000000000002,0.18854139442638226,426.68601493247115,0.7326666666666667,0.9353333333333333
4,49,1791723693206470048,-0.006758514311677293,-0.01,-0.0032414856883227075,0.007058451449746992,-0.4592346793628364,false,0.044186710469520246,0.05599599799899943,0.011809287529479184,0.008,0.5666965379698657,546.8139080873086,0.6706666666666666,0.9286666666666666
4,50,10537385368564614635,0.0031946004234569697,0.0,-0.0031946004234569697,0.0,NaN,true,0.0235254188241122,0.0,-0.0235254188241122,0.0,0.0,2000.0,0.68,0.916
4,51,12866017898008659538,0.03767008351208073,0.043,0.0053299164879192645,0.006523709020924743,0.8170070845930745,false,0.14946765584484856,0.1720840420210104,0.02261638617616185,-0.001999999999999995,0.15328703300415542,2000.0,0.748,0.9166666666666666
4,52,15569947602681116112,0.06622079807529699,0.08499999999999999,0.018779201924703004,0.01742811026800551,1.0775237037131802,false,0.26050094599885804,0.34015207603801934,0.0796511300391613,0.0059999999999999915,0.17213570225725447,488.6506373715305,0.7126666666666667,0.9386666666666666
4,53,6359086406496370104,-0.004082907079260845,-0.006,-0.0019170929207391555,0.0042383906117167925,-0.45231624367972595,false,0.016402284969744538,0.0240120060030015,0.007609721033256963,0.0,0.0,667.336007689883,0.6933333333333334,0.9353333333333333
4,54,6399709782204971628,-0.07621845933634974,-0.073,0.0032184593363497466,0.01025124882886354,0.31395778115226447,false,0.3053764111233013,0.3401680840420209,0.03479167291871965,0.0020000000000000018,0.09754909052489184,1563.3578237274396,0.7366666666666667,0.9273333333333333
4,55,13756017853064492542,0.9506747359434998,0.974,0.02332526405650015,0.07089968218170477,0.32898968427984143,false,2.9004723686047456,2.8673216608304144,-0.033150707774331156,0.16800000000000004,1.1847725887504148,244.88925274178015,0.6973333333333334,0.9233333333333333
4,56,17576592950189269856,-0.0004972633976683127,0.002,0.0024972633976683128,0.001413859787867905,1.7662737274918725,false,0.006939793737186811,0.00799599799899951,0.001056204261812698,0.004,1.4145674253993687,2000.0,0.7593333333333333,0.934
4,57,5559294505717104815,-0.0022162067120103175,-0.002,0.0002162067120103175,0.0014142135623730965,0.1528812322005423,false,0.008895779962122232,0.0080040020010005,-0.0008917779611217324,0.0,0.0,2000.0,0.68,0.9513333333333334
4,58,9071537710661954913,1.21248148593334,1.2890000000000001,0.07651851406666021,0.09093265298389415,0.8414855561314488,false,3.3812215024380388,3.5576168084042012,0.17639530596616249,-0.018000000000000016,0.09897434754921397,192.09989194380992,0.722,0.924
4,59,3610143032107567252,-3.065693931665587,-3.021,0.044693931665586994,0.0649936786089969,0.6876658256946259,false,2.86434359584405,2.9802401200600293,0.11589652421597929,-0.04999999999999982,0.38465279293391513,231.96313344655857,0.6933333333333334,0.928
4,60,12605706162694546304,0.002016581983814325,0.001,-0.001016581983814325,0.0017323396030369238,-0.5868260368995658,false,0.010397605318294954,0.012004002001000515,0.0016063966827055617,-0.002,0.5772540200818151,2000.0,0.6826666666666666,0.9446666666666667
4,61,15643762553894826580,0.16154984873647948,0.147,-0.014549848736479493,0.03566100632604324,-0.4080044349688958,false,2.8362282663126854,3.041470735367686,0.20524246905500076,-0.09000000000000001,1.2618825051814786,1192.8482211893854,0.7246666666666667,0.928
4,62,6166023010955577681,1.98635750768617,2.05,0.0636424923138299,0.0672164885773448,0.9468285782378774,false,4.0072642716503495,3.7808984492246114,-0.2263658224257381,0.272,2.023313072111871,414.61573196451,0.692,0.914
4,63,12044346288588898577,-0.9078644943813785,-0.937,-0.02913550561862155,0.05113261976372779,-0.5698027160206165,false,2.8076025758069028,2.8013506753376713,-0.006251900469231408,-0.08999999999999997,0.8800644326055413,548.715020563958,0.686,0.9433333333333334
4,64,17453553408357878911,-0.00412044999011299,-0.003,0.0011204499901129898,0.00223360470876059,0.5016330712943021,false,0.01926282208319441,0.011987993996998495,-0.007274828086195914,0.006,1.3431203776717846,1201.4449827539243,0.7393333333333333,0.9286666666666666
4,65,15268978400682696128,-1.2213561213013215,-1.224,-0.002643878698678437,0.052418713764994206,-0.05043768739789354,false,3.566636074224891,3.4363101550775377,-0.13032591914735336,0.10400000000000009,0.9920121320246171,547.4797459246166,0.8013333333333333,0.92
4,66,60127398719573407,0.23624986960485073,0.251,0.014750130395149275,0.025114108409828396,0.5873244693559105,false,0.8936411171345207,0.9957758879439731,0.10213477080945244,-0.038000000000000006,0.7565468656081917,708.1492644487079,0.7613333333333333,0.9286666666666666
4,67,17496496335222771845,-0.004334545783136218,-0.004,0.00033454578313621766,0.003993986475187668,0.08376237256048749,false,0.01743943125844449,0.015975987993997003,-0.0014634432644474865,-0.008,1.0015056447611155,500.75414175857986,0.6206666666666667,0.9273333333333333
4,68,8176571191506918193,0.9643556366669375,0.944,-0.020355636666937515,0.02752179900933724,-0.7396186804515039,false,2.9275702550001217,2.913168584292148,-0.01440167070797349,-0.02399999999999991,0.43601800870389146,1898.0338402851621,0.726,0.936
4,69,2580573455211006008,-0.018472623164702107,-0.018000000000000002,0.0004726231647021045,0.008087160260594544,0.05844117706001274,false,0.08561718073879687,0.07196398199099548,-0.013653198747801396,-0.012,0.7419167923795909,502.2784441697831,0.6933333333333334,0.9266666666666666
4,70,16443157232253251160,-0.23415366790073944,-0.251,-0.016846332099260564,0.02711792669940375,-0.6212249293981228,false,0.8818017117549983,0.9542991495747878,0.07249743781978946,0.06599999999999998,1.2169071907966167,626.1452230684224,0.7393333333333333,0.9286666666666666
4,71,7236662573998750459,0.035317916555891254,0.028,-0.007317916555891254,0.005780701363513509,-1.2659219177244307,false,0.1400321669670058,0.11202401200600297,-0.028008154961002826,-0.008,0.6919575581688241,1511.410847794044,0.7626666666666667,0.9273333333333333
4,72,7886381643723008675,3.5563681595713725,3.536,-0.0203681595713725,0.03953088622815064,-0.5152467226213607,false,1.578018062621542,1.749346673336669,0.17132861071512684,-0.08399999999999963,1.0624603697877857,483.71540908843525,0.714,0.92
4,73,8639687428442050191,-1.6214796719374869,-1.77,-0.14852032806251314,0.11527772524199367,-1.2883696980551604,false,4.730132241437601,4.433248624312157,-0.2968836171254434,-0.04400000000000004,0.19084346046746767,156.7584833011116,0.7046666666666667,0.9233333333333333
4,74,17663396818026896184,2.814754444734871e-5,0.0,-2.814754444734871e-5,0.0,NaN,true,0.00015606675349764222,0.0,-0.00015606675349764222,0.0,0.0,2000.0,0.638,0.942
4,75,3334840493304675416,0.11272639056219791,0.114,0.0012736094378020951,0.014096059571657727,0.09035216056853794,false,0.4387923614702947,0.44821610805402734,0.009423746583732628,-0.0040000000000000036,0.14188362285452497,1009.4192448204109,0.6413333333333333,0.9293333333333333
4,76,7779460673876939856,-0.0329831873621938,-0.013,0.019983187362193802,0.005881107779522263,3.3978611022525906,false,0.13155488447605132,0.05186393196598301,-0.0796909525100683,-0.018,1.5303239351160287,715.5580183330538,0.7206666666666667,0.9253333333333333
4,77,17015720857851429237,0.009397226409572086,0.016,0.006602773590427914,0.007455159669842852,0.8856649465385756,false,0.038907701357196275,0.080040020010005,0.041132318652808725,0.0,0.0,669.0554689917863,0.734,0.9153333333333333
4,78,11041832702339546984,0.042094259890589354,0.041,-0.0010942598905893525,0.007892513280504615,-0.13864530241492226,false,0.17289610618835405,0.18799599799899971,0.015099891810645666,0.013999999999999999,0.8869164676974035,1396.8468754184487,0.7486666666666667,0.916
4,79,5988983505747271575,0.5147838588141196,0.479,-0.03578385881411961,0.021547553307203184,-1.6606924370460814,false,1.8302642006597158,1.7322881440720361,-0.09797605658767972,0.033999999999999975,0.7889526832875738,1838.70294166112,0.7506666666666667,0.9166666666666666
4,80,1969367965666556149,0.03931464305755614,0.05,0.010685356942443866,0.011633814026982247,0.9184741063989308,false,0.15575993474931876,0.19970785392696355,0.04394791917764479,-0.028000000000000004,1.2033886709491721,653.1904103150922,0.7466666666666667,0.9346666666666666
4,81,2536103480375153074,-0.00714614358452037,-0.019999999999999997,-0.012853856415479627,0.018667887454423073,-0.6885544198218368,false,0.45100843110033817,0.44821610805402723,-0.0027923230463109405,0.004,0.10713585052850372,546.3894536852347,0.6673333333333333,0.9353333333333333
4,82,13283593593828240090,1.8252775460694266,1.891,0.06572245393057341,0.0640856401984084,1.0255410373852465,false,4.695451991240009,4.916536268134067,0.22108427689405818,0.06199999999999983,0.4837277103579566,481.51428780886874,0.6993333333333334,0.9213333333333333
4,83,3670619290811866886,-0.13715796132565644,-0.15400000000000003,-0.016842038674343585,0.014802247101694707,-1.1378028321399487,false,0.7948206818346358,0.8320240120060033,0.037203330171367455,-0.027999999999999997,0.9458023436453199,1824.166135407411,0.734,0.9366666666666666
4,84,880813657929392984,-0.0006213984570202172,0.0,0.0006213984570202172,0.0,NaN,true,0.002498217911053434,0.0,-0.002498217911053434,0.0,0.0,2000.0,0.7473333333333333,0.9433333333333334
4,85,12889353286363346840,1.635594719381168e-5,0.0,-1.635594719381168e-5,0.0,NaN,true,0.00047787258115409323,0.0,-0.00047787258115409323,0.0,0.0,2000.0,0.6793333333333333,0.934
4,86,7932410176044035881,0.5769136759287852,0.626,0.049086324071214826,0.05417336388556048,0.9060970290659471,false,1.978203174976613,2.1208604302151097,0.14265725523849682,-0.020000000000000018,0.1845925614131087,328.40131344365204,0.6793333333333333,0.9306666666666666
4,87,11145384737165688591,0.030924153510608097,0.028999999999999998,-0.0019241535106080988,0.005366926676504485,-0.35852055125547433,false,0.12315908001946894,0.116056028014007,-0.007103052005461949,0.0019999999999999983,0.18632637639299848,2000.0,0.6573333333333333,0.9453333333333334
4,88,10793022138121086873,0.0009885952171734434,-0.01,-0.010988595217173443,0.009148308355804744,-1.2011614376991357,false,0.087497407813853,0.0878439219609805,0.00034651414712749684,-0.02,1.0930982659384065,500.0,0.7086666666666667,0.9273333333333333
4,89,13328890295679768534,-0.8854403710408258,-0.888,-0.002559628959174165,0.03781771121631788,-0.06768333875450708,false,2.7867316073393233,2.7528644322161058,-0.033867175123217574,0.03200000000000003,0.4230821878267506,918.5882592761963,0.7413333333333333,0.932
4,90,3923995717150535991,0.016183447418024563,0.011,-0.005183447418024564,0.006386916419578081,-0.8115727649316854,false,0.06447337006261694,0.044004002001000506,-0.020469368061616436,0.006,0.46971023306395165,500.7541417585795,0.7333333333333333,0.9173333333333333
4,91,9175004213678105128,0.32944813703930864,0.352,0.022551862960691338,0.027409740877058136,0.8227681925868615,false,1.218921374887548,1.2725082541270623,0.05358687923951422,0.016000000000000014,0.29186704230013283,792.2570965067622,0.6426666666666667,0.9213333333333333
4,92,13855508737521514388,-0.1801597662832043,-0.18,0.00015976628320429898,0.01462456313615768,0.010924516631152816,false,0.6917661730856115,0.7603081540770394,0.06854198099142794,0.01200000000000001,0.41026866540482443,1474.204998422908,0.7186666666666667,0.9246666666666666
4,93,6412815459631908242,0.0014284104084752863,0.0,-0.0014284104084752863,0.0,NaN,true,0.0067148376482652075,0.0,-0.0067148376482652075,0.0,0.0,2000.0,0.678,0.934
4,94,14371726814629707262,0.00031532359140662436,0.0,-0.00031532359140662436,0.0,NaN,true,0.004500678240249839,0.0,-0.004500678240249839,0.0,0.0,2000.0,0.7213333333333334,0.9313333333333333
4,95,3456544565373382465,-1.614527670540021,-1.6179999999999999,-0.0034723294599787735,0.11249353069054029,-0.030866925757098367,false,3.8514660003561456,4.047431715857929,0.19596571550178332,-0.07199999999999984,0.32001840264959525,127.3021658567585,0.734,0.926
4,96,8403477402475646204,-0.0036771462089762773,-0.012,-0.008322853791023724,0.006893426409546363,-1.2073609401991756,false,0.014789676738380601,0.04773586793396701,0.03294619119558641,0.024,1.7407888743661348,502.27844416978735,0.7306666666666667,0.922
4,97,3813769022644107489,-0.07607372496038871,-0.07,0.006073724960388702,0.010433369043353008,0.5821441698411127,false,0.3755068278562544,0.3280920460230113,-0.0474147818332431,0.011999999999999997,0.5750779038936168,1292.0354625786974,0.6913333333333334,0.92
4,98,10668057765596491668,0.457769200481442,0.41900000000000004,-0.038769200481441946,0.04072927573565461,-0.9518755190508629,false,1.7106603755661263,1.6749154577288625,-0.035744917837263745,-0.062,0.7611232814744714,460.1266332465711,0.7553333333333333,0.916
4,99,13765227915259209771,-0.03378548217306521,-0.037,-0.0032145178269347915,0.024647681424422124,-0.1304186698773902,false,0.9507855640697039,0.9470155077538764,-0.003770056315827497,-0.054,1.0954377223184606,678.7920964981386,0.7693333333333333,0.9326666666666666
4,100,1286167341511228246,-0.0010134479980321376,-0.002,-0.0009865520019678624,0.006165387254666129,-0.16001460430911515,false,0.03737592797931556,0.0560280140070035,0.01865208602768794,0.0,0.0,736.9253394454792,0.6966666666666667,0.944
4,101,1004770436824066552,0.5099077988221816,0.55,0.04009220117781842,0.03391194247490417,1.1822443142998318,false,1.780820363830527,1.9155497748874448,0.13472941105691771,0.10399999999999998,1.5333831153577095,623.1233568947026,0.6746666666666666,0.9173333333333333
4,102,9950724153689261513,-0.0010949846274431884,-0.001,9.498462744318833e-5,0.001000000000000001,0.09498462744318822,false,0.005021227399608233,0.004000000000000008,-0.0010212273996082254,0.002,0.9999999999999989,2000.0,0.6433333333333333,0.9253333333333333
4,103,3011330489243082416,1.1364762683525198,1.1709999999999998,0.034523731647480016,0.03291124324552298,1.0489950619588457,false,3.2557718807959035,3.2345752876438203,-0.02119659315208322,-0.07800000000000007,1.1850053706283288,1436.0578455205837,0.782,0.9406666666666667
4,104,16095217438880881169,0.009789397743595444,0.009000000000000001,-0.0007893977435954429,0.002997330811905486,-0.2633669064688929,false,0.048871111665678424,0.036016008004002065,-0.01285510366167636,0.002,0.33363017389604466,2000.0,0.7733333333333333,0.9253333333333333
4,105,18390626826264202775,-0.008034216661634501,-0.003,0.005034216661634501,0.002996994742862361,1.6797549190314682,false,0.03424723880609834,0.011987993996998493,-0.022259244809099847,-0.006,1.0010027568933166,667.3360076898834,0.734,0.9293333333333333
4,106,17456338859381965837,0.2664544892206401,0.28200000000000003,0.01554551077935995,0.023284561267000365,0.6676316809710111,false,0.9949502882492751,1.0565202601300647,0.06156997188078961,-0.003999999999999948,0.08589382368283824,833.1888158160099,0.6986666666666667,0.9273333333333333
4,107,5626225389420389205,-0.07573212611058905,-0.08299999999999999,-0.007267873889410942,0.01761987511305053,-0.41248157792150514,false,0.2979180860087862,0.2999879939969985,0.0020699079882122717,0.018000000000000002,0.5107868212603823,458.3571017732236,0.7066666666666667,0.926
4,108,8365345257627069455,-0.03429473569447783,-0.034,0.00029473569447782677,0.007739064320593188,0.03808415103794301,false,0.1374947557134586,0.1359399699849925,-0.001554785728466096,0.016000000000000004,1.0337166960497381,1058.3008607057639,0.696,0.9293333333333333
4,109,12880946358779342392,0.45847797170682325,0.401,-0.05747797170682323,0.029044713679021655,-1.9789477817554895,false,1.6280487573815123,1.413744872436219,-0.2143038849452934,-0.118,2.0313507184825297,811.1108033942005,0.7293333333333333,0.9313333333333333
4,110,14536813348916772572,-0.0003333486472878455,0.0,0.0003333486472878455,0.0,NaN,true,0.0018559132148155528,0.0,-0.0018559132148155528,0.0,0.0,2000.0,0.608,0.9293333333333333
4,111,480862735742859885,-1.0189238484626555,-1.0210000000000001,-0.0020761515373446393,0.04890042900607813,-0.04245671417497343,false,3.425459295570362,3.3716358179089543,-0.053823477661407715,0.19000000000000006,1.9427232425341687,617.5484059742442,0.69,0.9293333333333333
4,112,12557437840330950040,0.012104822294108815,0.012,-0.00010482229410881463,0.0046694518297328,-0.02244852242427199,false,0.04861360993399458,0.04795197598799399,-0.0006616339460005852,-0.011999999999999999,1.284947402561242,953.2712234315081,0.7606666666666667,0.93
4,113,46171286890690919,-0.011288146484879746,-0.022,-0.010711853515120252,0.01100680675298011,-0.9732026513702534,false,0.2228630879069452,0.24805202601300624,0.025188938106061043,0.012,0.5451172292432127,898.9229540502488,0.7473333333333333,0.9313333333333333
4,114,1011531481287349542,-0.29144861510716824,-0.291,0.0004486151071682598,0.016490769319118144,0.027204013256565875,false,1.1052851147609892,1.0683721860930482,-0.03691292866794105,-0.018000000000000016,0.5457598627352147,2000.0,0.8126666666666666,0.9246666666666666
4,115,4664396968746422276,0.004582684246227542,0.004,-0.0005826842462275418,0.003993986475187669,-0.14589039042756463,false,0.032605974270289884,0.015975987993997003,-0.01662998627629288,-0.008,1.001505644761115,500.75414175857946,0.722,0.9386666666666666
4,116,18304277874775012243,-0.012376454117185909,-0.008,0.004376454117185909,0.007987972950375307,0.5478804377999659,false,0.0923015458621646,0.06390395197598803,-0.028397593886176575,-0.016,1.001505644761119,500.7541417585835,0.75,0.9166666666666666
4,117,1047625634118813846,-0.2932096879876598,-0.31999999999999995,-0.026790312012340167,0.023378334783911266,-1.14594611891592,false,1.4757471780718852,1.575635817908955,0.09988863983706975,-0.04799999999999999,1.0265915096962575,1341.3309663110244,0.6986666666666667,0.928
4,118,14455065676744636375,-0.003709505212719233,-0.003,0.0007095052127192329,0.00173176196394016,0.4097013489688525,false,0.02592081918573029,0.012004002001000515,-0.013916817184729775,-0.002,0.5774465664581108,2000.0,0.7386666666666667,0.916
4,119,11214085883260389749,-0.0003223101072570844,0.0,0.0003223101072570844,0.0,NaN,true,0.0032614277869253087,0.0,-0.0032614277869253087,0.0,0.0,2000.0,0.7413333333333333,0.9273333333333333
4,120,3930283014589467430,0.14786679406755218,0.158,0.01013320593244782,0.024388611075153204,0.41548925854049135,false,1.5876932842865563,1.5286923461730877,-0.059000938113468626,-0.01200000000000001,0.2460164697985908,1296.0519852050716,0.7033333333333334,0.926
4,121,8850141322295903621,-0.09718800602958387,-0.092,0.005188006029583872,0.010826166585706651,0.479209883619691,false,0.3794177324985674,0.36815207603801875,-0.011265656460548668,-0.008000000000000007,0.3694751940433876,1361.38028116969,0.6953333333333334,0.9346666666666666
4,122,10344359621069197344,0.9315792993368264,0.92,-0.011579299336826332,0.0726225586578509,-0.15944493764506804,false,2.8584782877724892,2.7929484742371167,-0.06552981353537257,-0.3360000000000001,2.3133307763432582,200.24319127845848,0.7166666666666667,0.924
4,123,1156180163773093322,-0.16267173061743545,-0.162,0.0006717306174354454,0.013396944224608794,0.05014058476122831,false,0.6244377200239277,0.616180090045022,-0.008257629978905667,-0.016000000000000014,0.5971511014657237,1712.5614894999792,0.702,0.9266666666666666
4,124,5024704196921646253,-0.0012453090624418017,0.0,0.0012453090624418017,0.0,NaN,true,0.0060805771744333785,0.0,-0.0060805771744333785,0.0,0.0,2000.0,0.7106666666666667,0.9353333333333333
4,125,17870801986369485915,-1.36703698540927,-1.621,-0.2539630145907299,0.0750965990414599,-3.3818177897845954,false,3.5998455631160136,3.9115057528764394,0.31166018976042587,0.33000000000000007,2.19717007302695,258.1727376085776,0.702,0.9373333333333334
4,126,5126151530917476755,0.004412827645453653,0.002,-0.0024128276454536525,0.0014142135623730957,-1.7061267899346477,false,0.021198010995490207,0.0080040020010005,-0.013194008994489708,0.0,0.0,2000.0,0.712,0.9386666666666666
4,127,3063494926262619261,0.037456588943787894,0.044,0.006543411056212103,0.014306761118675685,0.457364948078325,false,0.2049570336525619,0.17605602801400702,-0.028901005638554883,-0.008,0.27958808893359527,502.7179318401346,0.728,0.9286666666666666
4,128,14760955165141101073,0.0006555505004962924,0.0,-0.0006555505004962924,0.0,NaN,true,0.0035347108766802296,0.0,-0.0035347108766802296,0.0,0.0,2000.0,0.7166666666666667,0.9393333333333334
4,129,656858084963402002,0.09559259326115395,0.089,-0.006592593261153953,0.01054130355033333,-0.6254058835963876,false,0.373336181361348,0.3561760880440218,-0.017160093317326208,-0.0020000000000000018,0.09486492777910562,1376.622147147188,0.7253333333333334,0.914
4,130,7056543146514001963,-0.5078979521434556,-0.457,0.05089795214345555,0.04935979738409488,1.031162096298562,false,1.7746710022155767,1.6048004002000993,-0.16987060201547743,0.0020000000000000018,0.020259402448889085,313.9894947379207,0.7226666666666667,0.94
4,131,11811441697867190873,0.47989126573916696,0.48,0.00010873426083302107,0.0652622462484454,0.001666112754058189,false,1.6893487996204695,1.6884522261130572,-0.000896573507412235,-0.02799999999999997,0.21451912560140352,134.35375861808126,0.7066666666666667,0.9293333333333333
4,132,1755787757380752876,0.850274379409041,0.841,-0.009274379409041078,0.07691605518207756,-0.12057793898928568,false,2.678145065436002,2.6832916458229112,0.005146580386909072,0.29000000000000004,1.885172083471422,221.90041288041405,0.7353333333333333,0.926
4,133,7166976225111953877,-0.0485459018503875,-0.069,-0.020454098149612507,0.015206693880307506,-1.3450719999105347,false,0.19251468228501598,0.2742151075537771,0.08170042526876112,0.062000000000000006,2.0385759221565345,562.3080583070299,0.752,0.9313333333333333
4,134,8609839860856706255,-0.057265723337454055,-0.06,-0.0027342766625459425,0.010599515501400597,-0.2579624193374349,false,0.33677866280559754,0.3821430715357677,0.04536440873017017,-0.064,3.019005915484683,1624.0227745622747,0.718,0.932
4,135,952713637800141292,-0.07839702583002467,-0.063,0.015397025830024669,0.010769326566566186,1.4297111091259285,false,0.32979624494374055,0.2840440220110057,-0.04575222293273484,-0.014000000000000005,0.6499942179979749,1112.2840014915012,0.7366666666666667,0.93
4,136,3254418187567846361,0.03425607435553246,0.038,0.003743925644467537,0.012982536082043491,0.2883816860440592,false,0.221063584995702,0.22295947973986976,0.0018958947441677643,0.048,1.8486372653487226,620.9024415189082,0.7313333333333333,0.9266666666666666
4,137,16138065376577064247,0.0011336194905511323,0.0,-0.0011336194905511323,0.0,NaN,true,0.004569417343872188,0.0,-0.004569417343872188,0.0,0.0,2000.0,0.7353333333333333,0.9366666666666666
4,138,16217368793333323172,0.15913336587375893,0.138,-0.021133365873758914,0.026248565267254203,-0.8051246099962408,false,0.6112139439757004,0.5511235617808904,-0.06009038219481,-0.048,0.9143356886610733,379.9411098245974,0.7046666666666667,0.922
4,139,1345823229350477874,0.0017533848208919345,0.019000000000000003,0.01724661517910807,0.022333798641988444,0.7722204115641902,false,0.9255770029898805,0.8113476738369184,-0.11422932915296213,0.046,1.0298292900679722,805.4152459660114,0.7673333333333333,0.9246666666666666
4,140,15539691238356842265,-0.019211186920855106,-0.024,-0.004788813079144895,0.007811186678006061,-0.6130711345855737,false,0.18605753230032684,0.1840840420210105,-0.0019734902793163422,0.004,0.2560430421707108,1473.0642549813283,0.724,0.9313333333333333
4,141,7532824074834305296,-0.41476222875674196,-0.364,0.05076222875674197,0.03701058626593049,1.3715597043505992,false,1.5388849200272736,1.3826433216608316,-0.15624159836644202,0.064,0.8646174845778407,477.9677173738767,0.6806666666666666,0.9206666666666666
4,142,8901142542502912098,-2.0288332897734627,-2.0149999999999997,0.013833289773462987,0.0737294683301739,0.1876222640249488,false,3.9991861943177964,3.9890165082541325,-0.010169686063663974,-0.1339999999999999,0.9087275619561208,306.37386344855634,0.698,0.9213333333333333
4,143,13487843770722455467,-0.848775361338657,-0.823,0.0257753613386571,0.03716793640018402,0.6934837883151749,false,2.674732367261864,2.5475917958979486,-0.12714057136391554,-0.05799999999999994,0.7802424026924558,936.1940142089958,0.708,0.938
4,144,6546209902110161887,0.26497571624116245,0.237,-0.027975716241162463,0.028578738261867364,-0.9788996275769979,false,1.042158522203961,0.9484242121060542,-0.09373431009790689,-0.009999999999999981,0.17495523959752607,551.2724268762163,0.6533333333333333,0.9206666666666666
4,145,4036805684036948021,1.1616737769624645,1.0390000000000001,-0.1226737769624644,0.06310709573626509,-1.9438983133550978,false,3.30898037430134,2.859747873936967,-0.44923250036437334,-0.05800000000000005,0.45953627974254724,354.8693538996405,0.7033333333333334,0.9326666666666666
4,146,16475374210180571009,0.0027894242639967537,-0.007,-0.009789424263996753,0.011089630965793146,-0.8827547367620271,false,0.2502384641920322,0.22811205602801388,-0.02212640816401834,0.002,0.09017432618673966,941.7173731666433,0.674,0.9433333333333334
4,147,2977238913867057239,-2.9618446403853715,-3.004,-0.04215535961462846,0.04621502831786668,-0.9121569573577702,false,3.0758041418167377,3.1506873436718377,0.0748832018551,-0.07599999999999962,0.8222433563955872,700.393132506615,0.6973333333333334,0.9086666666666666
4,148,1871243357791398909,-2.2999437809969328,-2.2809999999999997,0.018943780996933057,0.048741357233385275,0.38865928386494664,false,3.910076244212564,3.9818289144572265,0.07175267024466248,-0.018000000000000238,0.18464812042278525,765.8338480255427,0.742,0.92
4,149,5646762199875441957,9.225102526269152e-6,0.0,-9.225102526269152e-6,0.0,NaN,true,0.0003130107553426704,0.0,-0.0003130107553426704,0.0,0.0,2000.0,0.7666666666666667,0.9253333333333333
4,150,6640252217430254981,-0.10519074914532722,-0.11199999999999999,-0.006809250854672766,0.012416900164890266,-0.5483857294694567,false,0.48695054830848594,0.5281360680340166,0.04118551972553064,0.016,0.64428318612246,1668.2173283918191,0.7226666666666667,0.9213333333333333
4,151,16706891293330157711,2.163743049873758,2.162,-0.0017430498737582845,0.03487831848799878,-0.04997516936941922,false,3.9737514908739735,3.969592796398201,-0.004158694475772329,0.028000000000000025,0.40139549745832065,1608.5874332219305,0.7393333333333333,0.936
4,152,1767811649906686051,-0.0762479131530871,-0.098,-0.021752086846912905,0.020540420807360998,-1.0589893484128468,false,0.4672587014529759,0.5037398699349678,0.0364811684819919,0.032,0.778951909021559,530.8089251235652,0.7193333333333334,0.9246666666666666
4,153,18241706352645397341,-0.026608251611600398,-0.052000000000000005,-0.025391748388399606,0.014259648971640101,-1.7806713502484715,false,0.10580102544271854,0.20807203601800903,0.10227101057529049,-0.008,0.28051181399733516,504.60580480539926,0.7186666666666667,0.9293333333333333
4,154,3511816171902348368,0.16790551240611484,0.161,-0.006905512406114839,0.01712414773697827,-0.40326166955467924,false,0.7031682113256802,0.6602321160580296,-0.04293609526765063,-0.014000000000000012,0.40877946789048364,996.8352361204307,0.778,0.936
4,155,10502875591320860489,0.12350816370306145,0.14300000000000002,0.01949183629693857,0.012280956658510905,1.587159440338095,false,0.4813998205957629,0.5642641320660325,0.08286431147026962,0.005999999999999978,0.24428064387972084,1826.8051076494803,0.7113333333333334,0.9233333333333333
4,156,2653460807583552110,-3.112438602822019,-3.127,-0.014561397177980773,0.05464273549861264,-0.26648367884785856,false,2.7629017269621103,2.7161080540270115,-0.04679367293509884,0.050000000000000266,0.4575173583803262,428.57862950398226,0.7013333333333334,0.922
4,157,15328401472572892446,0.8979296252109887,0.853,-0.044929625210988755,0.06734799026620203,-0.6671264433192192,false,2.7933322518853405,2.7329164582291154,-0.06041579365622507,-0.030000000000000027,0.22272379533094436,281.6589119279413,0.7386666666666667,0.9306666666666666
4,158,10261482603864322044,-0.04126580600537899,-0.046,-0.004734193994621008,0.011416258909281168,-0.4146887375488841,false,0.16996307698419494,0.19206403201600808,0.02210095503181314,-0.008,0.3503774775770097,713.4681738055319,0.7053333333333334,0.928
4,159,13894961944836624127,-7.12392361092995e-5,0.0,7.12392361092995e-5,0.0,NaN,true,0.00035060428801280547,0.0,-0.00035060428801280547,0.0,0.0,2000.0,0.7506666666666667,0.926
4,160,12217837843671344719,-0.004587631215632548,-0.008,-0.003412368784367452,0.0037211325444959564,-0.9170242509675699,false,0.021225583689070772,0.03188794397198601,0.010662360282915236,-0.016,2.149883107989005,1151.453073662931,0.7313333333333333,0.9213333333333333
4,161,4918722875304456433,-2.3261619426841977,-2.305,0.021161942684197577,0.044497762308066624,0.4755731881007712,false,3.9583497323939025,3.861480740370186,-0.09686899202371668,-0.1299999999999999,1.4607476113066622,857.6813029602779,0.7386666666666667,0.9413333333333334
4,162,2304339853773395276,0.19680627397231354,0.21400000000000002,0.017193726027686485,0.037393261023678966,0.45980814609345527,false,1.0542952708424203,1.0718239119559787,0.017528641113558452,0.13200000000000003,1.765023915892387,367.14479131636966,0.6966666666666667,0.9186666666666666
4,163,4830886986731379869,-1.3608901609354058,-1.332,0.02889016093540575,0.03069768779595633,0.9411184688382727,false,3.6198814942321573,3.6172966483241593,-0.0025848459079980124,-0.03200000000000003,0.5212118940797758,1830.0558657621016,0.7426666666666667,0.928
4,164,10550017170574623246,-0.3740828225183792,-0.396,-0.02191717748162081,0.022535112705560814,-0.9725790045067082,false,1.3631377688717357,1.4709354677338682,0.10779769886213253,-0.06,1.3312558225012618,1354.1763977567862,0.6946666666666667,0.936
4,165,7819706776756088733,-0.03310862425160399,-0.039,-0.005891375748396009,0.013320157442656157,-0.44229024872706135,false,0.13152706811457654,0.15583591795897947,0.02430884984440293,-0.022000000000000002,0.8258160646640603,336.9068759538022,0.736,0.9166666666666666
4,166,5875208532122738419,-0.023098294778490562,-0.036,-0.012901705221509435,0.011481109176990153,-1.1237333451515614,false,0.09225704826712575,0.14394397198599296,0.05168692371886721,-0.015999999999999997,0.6967967882435249,540.9978558503008,0.7166666666666667,0.9313333333333333
4,167,8668488652754257039,0.00323161052969205,0.001,-0.00223161052969205,0.0010000000000000002,-2.2316105296920496,false,0.014287386016328882,0.004000000000000002,-0.01028738601632888,-0.002,0.9999999999999998,2000.0,0.714,0.9326666666666666
4,168,15347752283156666675,0.029825680336991952,0.027999999999999997,-0.0018256803369919548,0.005274173722416348,-0.34615475960384645,false,0.12276502292045781,0.112048024012006,-0.010716998908451805,0.004,0.3792063184228421,2000.0,0.6426666666666667,0.9413333333333334
4,169,7440864121542060932,3.581296183064925,3.516,-0.06529618306492502,0.039660389751711,-1.6463827883110516,false,1.5210557551835027,1.6798719359679843,0.15881618078448168,-0.043999999999999595,0.5547096268525875,475.65326539046305,0.71,0.924
4,170,282994238896846608,-1.3743398972150354,-1.42,-0.045660102784964574,0.0942782168986605,-0.4843123288388509,false,3.609298675586142,3.761168584292147,0.15186990870600514,0.1319999999999999,0.7000556668455369,204.418993705191,0.7493333333333333,0.9326666666666666
4,171,7980400376922884527,0.019850860900782363,0.024,0.004149139099217637,0.012251434255656004,0.33866558091369126,false,0.17064854087384337,0.17511955977989008,0.004471018906046703,0.044,1.7957081220791327,482.84775981777176,0.742,0.93
4,172,9739335810563458068,-0.1221375668173777,-0.08499999999999999,0.037137566817377704,0.01914942011250781,1.9393572546419091,false,0.6205713610852632,0.34793196598299164,-0.2726393951022716,-0.022000000000000006,0.5744299271399421,463.26283549997567,0.6853333333333333,0.934
4,173,2698454847497902739,0.152582182552925,0.127,-0.025582182552924992,0.027282541845377446,-0.9376759210307763,false,1.0612652903983473,0.891723861930966,-0.1695414284673813,-0.03799999999999999,0.6964160490500344,512.5087848859364,0.7093333333333334,0.9226666666666666
4,174,6690766241640696195,0.16887888866220963,0.179,0.010121111337790367,0.014052211456685807,0.7202504295489314,false,0.6469980274528838,0.6682841420710365,0.021286114618152663,0.010000000000000009,0.35581588103850287,1699.287456289351,0.6153333333333333,0.9326666666666666
4,175,2234246528930023463,-2.3461061933645477,-2.334,0.012106193364547657,0.03842075318936125,0.3150951597664117,false,3.9021142373333673,4.001200600300149,0.09908636296678175,0.040000000000000036,0.5205520022324299,1276.9588713440692,0.7513333333333333,0.9306666666666666
4,176,1303754741169761909,3.457320163588654,3.532,0.07467983641134612,0.043151382607171,1.730647592249701,false,1.876218036924517,1.7096548274137089,-0.16656320951080805,-0.08000000000000007,0.9269691394164676,399.8973042662903,0.6553333333333333,0.9393333333333334
4,177,12906753151579291997,1.1083114855962444,1.2229999999999999,0.11468851440375549,0.05529727633785581,2.074035504082164,false,3.20544995189739,3.461680840420208,0.25623088852281795,0.010000000000000009,0.09042036662802265,532.1776115857283,0.6933333333333334,0.93
4,178,6883258402676526785,-2.9941462435994017,-2.96,0.03414624359940177,0.02976589519497742,1.147159975392357,false,3.011880019874764,3.0493246623311667,0.037444642456402555,0.020000000000000018,0.33595495564626493,1625.0096726766226,0.658,0.938
4,179,16015128216559128276,-0.013310428666615401,-0.012,0.0013104286666154007,0.00689342640954639,0.1900983036245441,false,0.053588454211299597,0.04773586793396697,-0.005852586277332629,0.024,1.7407888743661282,502.278444169783,0.6813333333333333,0.9253333333333333
4,180,12184494119426939445,-3.099244646889733,-3.1950000000000003,-0.09575535311026728,0.055984593187208116,-1.7103875844925558,false,2.8073780672371926,2.620972486243122,-0.18640558099407079,0.026000000000000245,0.2322067422465523,324.9474177551076,0.7433333333333333,0.922
4,181,8710137874696253575,3.902627654913936,3.936,0.033372345086064126,0.015721192637614234,2.1227616667082922,false,0.380035246399872,0.25407903951975974,-0.12595620688011228,-0.06400000000000006,2.0354689836595106,503.04871864565854,0.66,0.9253333333333333
4,182,2941278691399849980,-0.5043837080210278,-0.553,-0.048616291978972215,0.05478460916809441,-0.8874078453275794,false,1.7632826853752268,1.972824412206104,0.20954172683087724,-0.018000000000000016,0.16427971535555735,308.8026413053823,0.7846666666666666,0.9346666666666666
4,183,8038457905209484638,-3.0421773392078384,-3.1390000000000002,-0.09682266079216184,0.08069715199540826,-1.199827483349984,false,2.915422861625113,2.6212926463231643,-0.2941302153019487,-0.005999999999999783,0.037176033178600826,201.39525769374603,0.6873333333333334,0.9306666666666666
4,184,6765496487997502410,0.37390531791406906,0.378,0.004094682085930945,0.02783736495151296,0.1470930202288561,false,1.3597499800749862,1.409976988494247,0.050227008419260866,0.11599999999999999,2.0835305389365777,868.416084576182,0.7613333333333333,0.9306666666666666
4,185,8548764941561857002,-0.008072529425180861,-0.01,-0.001927470574819139,0.005982282160674451,-0.3221965335386041,false,0.03229375755792104,0.03994797398699352,0.007654216429072477,-0.012,1.0029617190981095,501.51360431182894,0.716,0.9366666666666666
4,186,5820179121435031379,-0.9809762799896199,-0.985,-0.004023720010380094,0.028788943939411414,-0.13976615532852918,false,3.064142846810644,3.0854447223611805,0.02130187555053631,-0.014000000000000012,0.2431488982274603,1765.2492829545977,0.7066666666666667,0.9273333333333333
4,187,4358111472945352261,-0.38813028880139955,-0.393,-0.004869711198600468,0.019387844071708314,-0.2511734249867724,false,1.4020213914243218,1.4430395197598815,0.041018128335559734,-0.057999999999999996,1.495782609594958,1885.2869907231923,0.6706666666666666,0.9246666666666666
4,188,13873770187779886609,2.140240352488022,2.122,-0.018240352488021916,0.1131085794507768,-0.16126409310939893,false,3.9804104927490895,3.9741790895447755,-0.006231403204314034,0.29600000000000004,1.3084772235549775,131.5388214954283,0.684,0.92
4,189,3047576114384021948,0.06569190819384074,0.028,-0.037691908193840745,0.02175160532390847,-1.732833399308296,false,0.5385160179205641,0.5026833416708352,-0.03583267624972897,-0.056,1.2872613116616065,503.93700787401576,0.628,0.9266666666666666
4,190,15952979136394904768,0.029659586995035774,0.04,0.010340413004964227,0.010971753081565455,0.9424576845734894,false,0.288509415165942,0.27162381190595314,-0.016885603259988835,0.032,1.4582902003949503,936.9849465618287,0.7486666666666667,0.9366666666666666
4,191,17254653007229402323,0.19671347294361818,0.23399999999999999,0.0372865270563818,0.027910571724832012,1.3359284583628936,false,0.7483061596042428,0.8637838919459725,0.11547773234172964,-0.036000000000000004,0.6449169217119769,564.8618260221234,0.6633333333333333,0.938
4,192,15703707211130807765,0.0011321551460460118,0.0,-0.0011321551460460118,0.0,NaN,true,0.004529441935687017,0.0,-0.004529441935687017,0.0,0.0,2000.0,0.7393333333333333,0.9293333333333333
6,1,8767661925002525222,-0.21262019305797164,-0.22,-0.007379806942028361,0.01987680817565097,-0.3712772632715047,false,0.9445047882944427,0.9921040520260129,0.047599263731570196,0.028000000000000025,0.7043384368497339,1268.1503073479391,0.6111428571428571,0.8862857142857142
6,2,15144744728893277140,0.006385395987587829,0.008,0.0016146040124121715,0.004886699286323756,0.33040789248704344,false,0.027318728841177378,0.031983991995997975,0.004665263154820597,-0.008,0.8185484241264176,601.9958244716371,0.596,0.8871428571428571
6,3,3717651751859091584,0.2100530729618253,0.175,-0.035053072961825305,0.04733528793344228,-0.7405272998679783,false,3.8749509844589407,3.5853746873436703,-0.28957629711527044,-0.094,0.9929167446089326,680.2876328117525,0.6311428571428571,0.8857142857142857
6,4,12018175216750263045,-1.2323931505505599,-1.221,0.011393150550559783,0.033440178532270645,0.34070244390487014,false,3.6813858375823214,3.5769864932466255,-0.10439934433569587,-0.09800000000000009,1.4653031817014304,1473.0599056919968,0.588,0.8837142857142857
6,5,5779791669246356034,-2.6628163639527425,-2.705,-0.04218363604725761,0.04275083365724216,-0.9867324783761623,false,3.8988746800060605,3.8044442221110604,-0.09443045789500015,0.05400000000000027,0.6315666313427839,994.0025014832279,0.6774285714285714,0.8777142857142857
6,6,16843704493276803448,-0.5084507482883693,-0.502,0.0064507482883693346,0.03319038512630443,0.1943559336181644,false,1.7782056841461973,1.7739989994997492,-0.004206684646448133,-0.07600000000000001,1.144909884455779,632.2153859747496,0.5525714285714286,0.898
6,7,15738655657772056308,-0.003158046446975482,-0.013,-0.009841953553024517,0.006838844960971097,-1.4391251167692778,false,0.07569282274983695,0.09170785392696343,0.01601503117712648,0.026,1.9009057924532968,1088.7741787350787,0.57,0.8977142857142857
6,8,15317407316451818833,0.0030883223200735485,0.005,0.0019116776799264516,0.010247926155825276,0.18654288202884717,false,0.28928101012592033,0.28414007003501723,-0.005140940090903101,0.002,0.09758071875172182,1319.5895442383928,0.6277142857142857,0.89
6,9,14008271387399474524,-0.021254501596653007,-0.018000000000000002,0.0032545015966530047,0.005268376210365674,0.6177428237280558,false,0.08475403483459304,0.07196398199099545,-0.01279005284359759,-0.012,1.1388708323818706,1202.8978134084737,0.5197142857142857,0.8988571428571429
6,10,5692879794647046279,-0.17951354508838305,-0.191,-0.011486454911616956,0.021145421807845757,-0.5432123802493759,false,0.7454577488492691,0.7563601800900442,0.010902431240775168,0.006000000000000005,0.14187468224856542,815.3558707730313,0.612,0.8834285714285715
6,11,191950031638759827,-2.702011637085354,-2.808,-0.10598836291464586,0.05824221114947301,-1.8197860421651397,false,3.507434436622898,3.3097828914457237,-0.19765154517717454,0.08800000000000008,0.7554658233541012,431.77146128149616,0.5568571428571428,0.8874285714285715
6,12,16205500217549938247,-0.11456719978796359,-0.126,-0.01143280021203641,0.03319286985641119,-0.34443542427917445,false,2.0815629895496772,2.240920460230117,0.15935747068043993,0.020000000000000004,0.30126952093202347,838.4185915971198,0.596,0.8934285714285715
6,13,15407086789300899559,-0.4034022681937544,-0.403,0.00040226819375438483,0.03660248992396973,0.010990186585392733,false,1.4509048071320965,1.4512036018009007,0.00029879466880422534,-0.13799999999999996,1.8851176557476277,435.6260177676814,0.5822857142857143,0.8968571428571429
6,14,14139865231106187890,0.27178416778794373,0.279,0.0072158322120562945,0.03158484010664448,0.22845872221269548,false,1.0134346442217939,1.0265912956478238,0.013156651426029953,-0.062,0.9814835185275658,458.1523778759029,0.5934285714285714,0.8982857142857142
6,15,85330330499226253,-0.09043422023426895,-0.093,-0.002565779765731052,0.01619274955247049,-0.15845238372995138,false,0.4585918611469413,0.5082361180590294,0.04964425691208807,-0.006000000000000005,0.18526810349773487,814.3582360444584,0.6291428571428571,0.8834285714285715
6,16,17053691571960805308,-0.7819494691180471,-0.7969999999999999,-0.01505053088195285,0.036400030489132935,-0.4134757767976628,false,3.800296489182725,4.066671335667837,0.2663748464851121,0.08199999999999996,1.1263726829086131,1400.4012494731019,0.5965714285714285,0.8937142857142857
6,17,1469530626583674222,-1.1117984123684357,-1.167,-0.05520158763156435,0.07999794557142047,-0.6900375658057561,false,3.2115615709334673,3.137710855427714,-0.07385071550575306,-0.3460000000000001,2.1625555351987047,177.91347287757546,0.5865714285714285,0.8902857142857142
6,18,12347979315302287329,-0.024971658813018736,-0.034,-0.009028341186981266,0.007426795314556756,-1.2156442724744856,false,0.09952414025021993,0.13606003001500758,0.03653588976478765,-0.003999999999999997,0.26929515562115125,1208.7889077659079,0.4977142857142857,0.8994285714285715
6,19,15397071908704797198,3.4429717321305935,3.5389999999999997,0.09602826786940621,0.0307932294261132,3.1184864224722255,false,1.920031540797232,1.669872936468235,-0.25015860432899695,0.11799999999999988,1.916005599268744,801.6022921384472,0.5454285714285714,0.8937142857142857
6,20,8701432002209885282,0.005619593722797085,0.008,0.002380406277202915,0.003994992363195576,0.5958475162888268,false,0.03851173504692263,0.032016008004002,-0.006495727042920632,0.0,0.0,1001.0040130431428,0.5405714285714286,0.8925714285714286
6,21,12196214089618380065,0.008967559911987694,0.011,0.0020324400880123057,0.004790717638073014,0.42424543493442474,false,0.0446728264330672,0.07579589794897452,0.031123071515907326,-0.022,2.296106936585093,1333.3333333333333,0.6254285714285714,0.8837142857142857
6,22,8616477521613827557,0.08745644023093367,0.093,0.005543559769066328,0.009643811360078261,0.5748307968791855,false,0.3422276143450637,0.3561280640320165,0.01390044968695281,-0.010000000000000009,0.5184672131495767,1905.8798643739146,0.5565714285714286,0.8977142857142857
6,23,13305332034285925446,-2.813353745473739,-2.79,0.02335374547373892,0.030205530404770486,0.7731612443412205,false,3.3387075551755334,3.441072536268137,0.10236498109260372,-0.03600000000000003,0.595917362111847,1720.3056775202394,0.5891428571428572,0.8914285714285715
6,24,8289032956055938085,2.1591808498857796,2.1260000000000003,-0.033180849885779296,0.07171649593988072,-0.46266691436785334,false,3.9831367814938874,3.8965962981490727,-0.08654048334481468,0.052000000000000046,0.3625386274002509,343.1890520112043,0.5834285714285714,0.8914285714285715
6,25,14294742932789967396,-0.9454580824106066,-0.991,-0.04554191758939341,0.06461222756936785,-0.704849829554313,false,2.9541840728149724,3.157128564282141,0.20294449146716875,-0.030000000000000027,0.2321541999754764,295.9381924078096,0.5608571428571428,0.8828571428571429
6,26,17237628062784278719,-1.3577538474735265,-1.302,0.05575384747352641,0.07759452097179576,0.7185281483185127,false,3.6173556098020825,3.6462711355677806,0.028915525765698114,-0.1519999999999999,0.9794505984207909,272.22188958620916,0.552,0.8831428571428571
6,27,13038210822483140947,1.5556158694376225,1.662,0.10638413056237739,0.05820479575709005,1.8277554139414451,false,4.729422820281544,4.673368684342171,-0.05605413593937225,0.04400000000000004,0.37797572715166095,532.4749553598823,0.5748571428571428,0.8934285714285715
6,28,5038930961336602521,0.5336965246407199,0.542,0.00830347535928011,0.04340771005416052,0.1912903341116066,false,2.880681317855964,3.056056028014007,0.17537471015804318,0.28800000000000003,3.3173830137625053,819.9082952472066,0.5971428571428572,0.8925714285714286
6,29,11725832673206116777,0.03924009384200246,0.053000000000000005,0.013759906157997548,0.012237096868534037,1.1244420393025734,false,0.28147367566299986,0.3478359179589792,0.06636224229597937,0.026000000000000002,1.0623434740822932,1002.3364967195175,0.62,0.8931428571428571
6,30,9359668446022494711,1.5886384416048773,1.47,-0.11863844160487735,0.0839886313800887,-1.4125535760665238,false,3.830992504727769,3.533598799399701,-0.29739370532806797,0.15600000000000014,0.928697119101903,227.64774803632446,0.5734285714285714,0.8928571428571429
6,31,15484055672229649933,-0.042029823791962344,-0.04,0.002029823791962343,0.00918047300209918,0.2211023104689932,false,0.16635660792408744,0.15995197598799402,-0.006404631936093419,0.016,0.8714147950950614,855.5588903953108,0.5545714285714286,0.8862857142857142
6,32,11013332071307351485,-0.3586257322542718,-0.41700000000000004,-0.05837426774572824,0.0418411261191359,-1.3951409333371396,false,1.346585663564056,1.5072956478239123,0.16070998425985628,-0.05399999999999999,0.6452981194416666,277.896180442442,0.5997142857142858,0.8865714285714286
6,33,7350973032382596896,0.013715728922755327,0.015,0.0012842710772446725,0.005362349382075687,0.23949783681337639,false,0.05776314091680444,0.05978789394697351,0.002024753030169066,0.022,2.051339667789804,1000.5012521288187,0.53,0.892
6,34,1644885968316324121,-3.6668983633722427,-3.666,0.0008983633722428053,0.04035221096129358,0.022263052032130987,false,1.2251462910974864,1.2894447223611794,0.06429843126369295,-0.1200000000000001,1.4869073731189826,266.7566302164739,0.6108571428571429,0.8848571428571429
6,35,18237492022173351727,1.239610632095808,1.146,-0.09361063209580811,0.07043750954836231,-1.32898838553534,false,3.589584461554182,3.6279819909954956,0.038397529441313694,0.10799999999999987,0.7666369856947256,286.2362518888927,0.6202857142857143,0.8825714285714286
6,36,16714117759592397957,0.00048030731149176567,0.001,0.0005196926885082344,0.0010000000000000002,0.5196926885082342,false,0.019779720529377653,0.004000000000000002,-0.01577972052937765,0.002,0.9999999999999998,2000.0,0.6145714285714285,0.8897142857142857
6,37,6079974122905082602,-0.055015979315863994,-0.058,-0.0029840206841360087,0.009548079750057434,-0.3125257394418034,false,0.2946080802072154,0.3119559779889944,0.017347897781778976,0.020000000000000004,1.0473310091424246,1551.2141818029284,0.5282857142857142,0.8862857142857142
6,38,4394350088696692791,-3.6657504432470174,-3.681,-0.015249556752982674,0.024949022944254443,-0.6112286155275881,false,1.228976201088652,1.198549274637319,-0.030426926451333047,0.11000000000000032,2.2044951468797382,908.7764786877956,0.6142857142857143,0.8857142857142857
6,39,14500927098403540208,-0.5193663838895091,-0.47,0.04936638388950909,0.0466382248805634,1.0584962016871842,false,2.595795898307957,2.4238599299649817,-0.17193596834297553,0.05199999999999999,0.5574826243190821,479.7925350350463,0.5968571428571429,0.8957142857142857
6,40,3113713482143661353,-0.07614731493933125,-0.089,-0.01285268506066875,0.010230704993417201,-1.2562853751465441,false,0.2993313792950988,0.3481240620310159,0.04879268273591714,-0.009999999999999995,0.4887248731360327,1548.9048076492477,0.578,0.892
6,41,4402521790715217611,0.0018490986114527222,0.002,0.00015090138854727785,0.0014142135623730952,0.10670339513224616,false,0.00752385578409286,0.0080040020010005,0.0004801462169076393,0.0,0.0,2000.0,0.5757142857142857,0.88
6,42,8460970944740556388,0.02483251571781886,0.041999999999999996,0.017167484282181136,0.011335683784555359,1.5144639360504646,false,0.4032772515697997,0.39955177588794416,-0.00372547568185555,0.036,1.5879059739232173,1536.4664563358992,0.5751428571428572,0.8751428571428571
6,43,14653397441276518923,-1.8671496365542488,-1.775,0.0921496365542489,0.04116707795257726,2.2384303462198942,false,3.983278168619825,4.070033016508254,0.0867548478884288,0.0020000000000000018,0.02429125528782875,1110.4452810428575,0.6205714285714286,0.886
6,44,1126349316604926119,0.10204771354034417,0.109,0.006952286459655829,0.010685912401939803,0.6506029806489699,false,0.4243332304138968,0.4357678839419714,0.011434653528074601,-0.03,1.403717290184511,1930.7388293081758,0.5997142857142858,0.8891428571428571
6,45,17725418237660166698,-0.6016532509966479,-0.608,-0.006346749003352081,0.03192626966695959,-0.19879394209090184,false,2.5204286006689505,2.6003321660830414,0.07990356541409094,-0.04400000000000004,0.68908770831964,1013.4208772248904,0.6374285714285715,0.888
6,46,9218292932700435366,-0.3329953657021948,-0.271,0.06199536570219477,0.024521415006009545,2.5282132245223763,false,1.4981791919123344,1.372636318159081,-0.12554287375325335,0.010000000000000009,0.2039034043824403,1036.7321933551634,0.644,0.8854285714285715
6,47,7979676135394461205,-0.002737810954189346,0.0,0.002737810954189346,0.0028270111418242034,0.9684471750693919,false,0.019617598753076212,0.015975987993997003,-0.003641610759079209,0.008,1.4149219084502422,1000.5012521287953,0.6008571428571429,0.8862857142857142
6,48,7856556291115141965,-1.3683192430607127,-1.584,-0.21568075693928734,0.08602750190515837,-2.50711402938407,false,4.006438275533966,4.033944972486237,0.027506696952271703,0.01200000000000001,0.06974513809101127,215.17290249483887,0.528,0.8894285714285715
6,49,9641274104446803296,-0.09581101426113992,-0.104,-0.00818898573886008,0.019882150146481144,-0.41187626481683187,false,0.6486965957434463,0.607911955977989,-0.04078463976545732,0.027999999999999997,0.7041491939682287,624.1801782556759,0.5854285714285714,0.8814285714285715
6,50,11301554466634842812,-0.02165793994787618,-0.032,-0.01034206005212382,0.010919677086518491,-0.9471031029747389,false,0.21811945516581632,0.23198799399699857,0.013868538831182248,0.016,0.7326223968542857,870.9371765442177,0.6297142857142857,0.8977142857142857
6,51,14339712281555121080,0.10211997016406915,0.104,0.0018800298359308437,0.012361914413390102,0.15208241806741882,false,0.5273683388244861,0.5198679339669837,-0.007500404857502363,0.027999999999999997,1.1325106720392406,1622.7209334212796,0.5788571428571428,0.8942857142857142
6,52,14476099028972570596,0.00034821389687893375,0.002,0.0016517861031210663,0.001998998748873815,0.8263067218284356,false,0.0034266225846336347,0.007995997998999502,0.004569375414365868,-0.004,1.0005008763145795,1000.5012521287999,0.5105714285714286,0.892
6,53,486912619254588716,-0.19460106347507772,-0.177,0.017601063475077727,0.020207432547582206,0.8710192862766067,false,0.7891599388653157,0.6994677338669334,-0.08969220499838226,-0.04200000000000001,1.0392215809975636,799.6662344401143,0.65,0.8868571428571429
6,54,10471442211729750326,-1.7948640711761303,-1.778,0.016864071176130313,0.04091004710308938,0.41222321581870774,false,4.883462345997526,5.080740370185091,0.19727802418756468,-0.14000000000000012,1.711071117166079,1457.8673181465258,0.5382857142857143,0.8962857142857142
6,55,11675740446219490670,0.48121296260666446,0.506,0.024787037393335543,0.035031177452333175,0.7075707754060849,false,2.143597929016291,2.1036998499249617,-0.039898079091329475,-0.052000000000000046,0.7421960062683634,779.3936464262789,0.5025714285714286,0.8905714285714286
6,56,3867044959636925567,-1.7043183859500428,-1.692,0.012318385950042865,0.0486041629526543,0.25344302219631476,false,3.918524892480678,3.8087523761880924,-0.10977251629258555,-0.04800000000000004,0.49378486413558054,680.5351083818236,0.582,0.8874285714285715
6,57,2691074237142929069,0.9009394597631972,0.952,0.05106054023680273,0.03210286876731652,1.5905288903272952,false,2.7921972139700713,2.809372686343172,0.017175472373100575,-0.008000000000000007,0.12459945648447303,1311.4747620552128,0.6042857142857143,0.8928571428571429
6,58,91444441747793587,3.968731452646521,3.957,-0.011731452646521312,0.008774331595481999,-1.337019523237755,false,0.12415409637383451,0.1719879939969987,0.0478338976231642,0.01399999999999979,0.797781565903467,1040.8637851868,0.5771428571428572,0.9014285714285715
6,59,7293201322963477754,0.1278287138143378,0.155,0.027171286185662197,0.03509724014267811,0.7741715894242641,false,0.5665053172453559,0.7077758879439722,0.14127057069861626,-0.033999999999999975,0.4843685694627611,209.96098202605395,0.6148571428571429,0.8851428571428571
6,60,5800317510010746182,-0.006385969692563553,-0.007,-0.0006140303074364467,0.0026440490724925804,-0.2322310557033619,false,0.03136801031981724,0.02801200600300154,-0.003356004316815698,0.002,0.3782078065053788,2000.0,0.64,0.886
6,61,17283130341905510631,-0.00603347552441149,0.0,0.00603347552441149,0.0,NaN,true,0.02416977093008758,0.0,-0.02416977093008758,0.0,0.0,2000.0,0.5462857142857143,0.9034285714285715
6,62,10115486277562638029,0.6855433894055643,0.8200000000000001,0.1344566105944358,0.07724294560879454,1.7406976072016496,false,2.3001802190834613,2.5257348674337177,0.2255546483502564,0.08399999999999996,0.5437389740768515,207.9879094722528,0.6225714285714286,0.874
6,63,10749967462444713471,0.1478661330127065,0.14800000000000002,0.0001338669872935072,0.0281383186506984,0.004757462197912263,false,1.3855188887041523,1.3841800900450232,-0.0013387986591291146,0.032,0.5686196179174648,740.0623735853927,0.5437142857142857,0.9037142857142857
6,64,16741030848598655292,0.0027546080961555752,0.0,-0.0027546080961555752,0.007981956640818588,-0.34510436727617666,false,0.15641137926338078,0.15956778389194604,0.003156404628565257,-0.032,2.0045210366313295,1095.0340425469724,0.6488571428571429,0.8894285714285715
6,65,17977737738638084211,0.3477210533855667,0.355,0.00727894661443329,0.01861618260082644,0.39100103230133504,false,1.2707894808077083,1.2764762381190613,0.005686757311353041,-0.018000000000000016,0.4834503503205037,1858.2406177407997,0.5562857142857143,0.882
6,66,303200435773598137,-0.2908352065504648,-0.28300000000000003,0.007835206550464768,0.02076671744105553,0.37729634318492083,false,1.0788470582361775,1.0425992996498243,-0.03624775858635321,0.062,1.4927732362127393,1212.4260625356694,0.5825714285714285,0.8937142857142857
6,67,14244378663724541256,-3.580146678010815,-3.627,-0.04685332198918468,0.029819265790863244,-1.57124331356075,false,1.50528422427983,1.4036438219109564,-0.10164040236887373,0.04599999999999982,0.7713134240564438,675.928880481681,0.5774285714285714,0.888
6,68,5561596009687005176,0.019020413420106852,0.022,0.0029795865798931467,0.006756308078338664,0.4410080987049675,false,0.08515652391174737,0.09601600800400205,0.010859484092254679,-0.008,0.5920393140189038,1037.7293822946488,0.5822857142857143,0.9014285714285715
6,69,11547464217266317359,-0.1997406656306806,-0.177,0.022740665630680612,0.02615835942646127,0.8693460189891195,false,0.9052123453606158,0.84680540270135,-0.058406942659265826,-0.10600000000000001,2.026120948028043,512.9973770167346,0.6065714285714285,0.9
6,70,17235984410332450547,-0.08180575113123911,-0.093,-0.011194248868760887,0.013118989688433356,-0.8532858958362122,false,0.3206621568603389,0.3477238619309658,0.02706170507062694,-0.03,1.1433807294798835,865.173537635826,0.5537142857142857,0.89
6,71,2952307777313231251,0.34341630606933715,0.33699999999999997,-0.006416306069337185,0.01915389180520874,-0.33498706866415134,false,1.2665943148531837,1.2445242621310653,-0.022070052722118483,0.013999999999999957,0.3654609763482316,1607.745133261898,0.5417142857142857,0.8985714285714286
6,72,16780694622219135484,-3.3896442510955946,-3.412,-0.02235574890440528,0.03980352085100099,-0.5616525479766213,false,2.069381223765064,2.1018509254627333,0.03246970169766916,0.08000000000000007,1.004936225358921,586.4667308841402,0.608,0.8902857142857142
6,73,2741934117876539412,-0.0057339546415362975,-0.001,0.0047339546415362975,0.0033131526512138,1.428836863222096,false,0.02904121884204142,0.02791595797898955,-0.001125260863051869,-0.014,2.112791270705711,1001.004013043154,0.5371428571428571,0.8868571428571429
6,74,2610641496609316198,-0.015422831885237409,-0.013000000000000001,0.002422831885237408,0.00435488030733861,0.556348674188492,false,0.0894817940189273,0.07602001000500255,-0.01346178401392474,0.006,0.6888823086468213,2000.0,0.5797142857142857,0.8888571428571429
6,75,6849151338617204608,-1.8805922424669865,-1.8319999999999999,0.04859224246698668,0.06827627053053473,0.7117003036253292,false,4.004418322760183,4.019281640820413,0.01486331806022978,0.11599999999999988,0.849489867406583,343.76354726224935,0.602,0.8925714285714286
6,76,7240289207049784311,1.0144768449907924,1.049,0.03452315500920755,0.044680902413897564,0.7726602003112063,false,3.0379947461302086,3.0684762381190596,0.030481491988850973,0.04600000000000004,0.5147613131655571,672.8030130393979,0.5831428571428572,0.8928571428571429
6,77,945688121022239536,0.5241850483169018,0.493,-0.03118504831690183,0.021928145367988625,-1.422147098788697,false,1.8383134626605317,1.7381310655327646,-0.10018239712776711,0.07400000000000001,1.6873292008549767,1650.3339007487098,0.6614285714285715,0.882
6,78,12600862464756256090,-0.014595568600771824,-0.024,-0.009404431399228176,0.01046104015767989,-0.8989958223536679,false,0.19217205582749508,0.2400480240120058,0.04787596818451073,0.012,0.5735567314111827,950.6798024418159,0.6242857142857143,0.8994285714285715
6,79,4712401352599204611,-0.3690051050220409,-0.42600000000000005,-0.05699489497795912,0.03445227966023274,-1.6543141858838057,false,1.3571696986054942,1.5412426213106563,0.18407292270516207,-0.08400000000000002,1.2190775302593222,514.22145260805,0.5325714285714286,0.8968571428571429
6,80,5228488513021942779,-0.004514336377508865,0.006,0.010514336377508865,0.01979710733236962,0.5311046811529485,false,0.8141307858035398,0.8803681840920469,0.06623739828850705,-0.012,0.3030745805064961,1067.8707776992985,0.48942857142857144,0.8962857142857142
6,81,8635685293713952577,0.0027643018119487828,0.006,0.0032356981880512174,0.0034606325995393305,0.9350019382242265,false,0.019696123032918667,0.02400400200100049,0.004307878968081824,-0.004,0.5779290180258472,1000.5012521287949,0.572,0.8851428571428571
6,82,7516747695208724137,3.3894649643349117,3.4059999999999997,0.01653503566508796,0.03185264173334285,0.5191103395288982,false,2.0758556941905812,2.0792396198099055,0.003383925619324213,-0.06000000000000005,0.9418371088698898,993.5744865430019,0.634,0.8602857142857143
6,83,9490899939620110362,-0.023560211305048373,-0.027,-0.0034397886949516267,0.006010986689428808,-0.5722502598451922,false,0.09371911634517888,0.10805202601300655,0.014332909667827673,0.0020000000000000018,0.16636203865808685,1265.7295599817146,0.4794285714285714,0.8877142857142857
6,84,12858690811504307965,-0.00887794152002545,-0.006999999999999999,0.0018779415200254508,0.010387190397897851,0.18079398259663235,false,0.13110983532205395,0.1396198099049526,0.00850997458289865,0.03,1.4440863626641218,539.6114099785533,0.5865714285714285,0.8917142857142857
6,85,7829581268281618373,0.007052445995621361,0.003,-0.0040524459956213605,0.0036054121814987285,-1.123989655445388,false,0.04159476655271864,0.03601600800400199,-0.005578758548716652,-0.002,0.2773607980611835,1200.1601680664137,0.5842857142857143,0.8934285714285715
6,86,2798015910080855253,-1.042359923010126,-1.1440000000000001,-0.1016400769898742,0.06990244663474092,-1.4540274608837505,false,3.3505847000094047,3.6113336668334153,0.2607489668240106,0.21199999999999997,1.5163989975040286,322.9337210149131,0.5922857142857143,0.8851428571428571
6,87,17685552757228362264,0.04112285998741594,0.03,-0.01112285998741594,0.0072910418079533005,-1.525551530274147,false,0.17582611094439002,0.11954777388694339,-0.05627833705744663,0.032,2.19447376951627,1028.6105452250006,0.5225714285714286,0.8954285714285715
6,88,16540682180248100255,-0.003381995609660099,-0.005,-0.0016180043903399012,0.0022351729237353206,-0.7238833171063852,false,0.018294146746620693,0.020008004002001034,0.001713857255380341,-0.002,0.4473926779360073,2000.0,0.5674285714285714,0.8908571428571429
6,89,4252735745595917156,-0.009727794865040718,-0.001,0.008727794865040717,0.0010000000000000007,8.72779486504071,false,0.038854467130074476,0.004000000000000005,-0.03485446713007447,-0.002,0.9999999999999993,2000.0,0.49314285714285716,0.8942857142857142
6,90,16307538883697100577,2.1724778929805297,2.104,-0.06847789298052964,0.09457289012065206,-0.7240752914833042,false,3.97025276906646,3.8671415707853933,-0.10311119828106685,-0.17200000000000015,0.9093515053868496,205.05044644989502,0.628,0.886
6,91,15489778917914396991,-0.11321772395673851,-0.139,-0.0257822760432615,0.017201846042027836,-1.4988086732243628,false,0.5098837973302899,0.6192516258129065,0.10936782848261661,0.046,1.337065797694388,976.5225937426072,0.6217142857142857,0.9048571428571428
6,92,15795189918448356610,-0.06394788042475552,-0.052000000000000005,0.011947880424755516,0.011990719439480615,0.9964273190661065,false,0.2576004193162795,0.2078159079539772,-0.04978451136230233,0.024,1.0007739786229028,653.9179253257605,0.5837142857142857,0.8662857142857143
6,93,3376241415612956456,-0.10244766096015387,-0.09799999999999999,0.004447660960153879,0.023583895438668304,0.18858890261451322,false,0.8815214071598326,0.8374667333666841,-0.044054673793148535,-0.148,3.1377343998340974,711.612626837929,0.6065714285714285,0.8842857142857142
6,94,8048546092666638860,-0.25013758325181223,-0.236,0.014137583251812247,0.016573768458031803,0.853009578817969,false,0.9398720317125612,0.9028834417208605,-0.03698858999170063,0.05600000000000002,1.6894166266954787,1515.7317285651081,0.5088571428571429,0.8991428571428571
6,95,3975761407972826093,-0.039892807436608696,-0.052000000000000005,-0.012107192563391309,0.009188665615196443,-1.31762250041705,false,0.16345322107776694,0.208072036018009,0.04461881494024206,0.008,0.43531892088713087,1168.502376790047,0.6045714285714285,0.8925714285714286
6,96,9979814271909663509,0.012518718946167517,0.02,0.007481281053832483,0.005254109518597477,1.4238913420726569,false,0.04992408951871083,0.07975187593796897,0.029827786419258137,-0.024,2.283926506960833,1336.012498008697,0.5791428571428572,0.8931428571428571
6,97,6327693538076806073,3.0808935325953724,3.0549999999999997,-0.025893532595372637,0.06511220136336388,-0.3976755823516348,false,2.8337181732976244,2.9324882441220637,0.09877007082443923,-0.1339999999999999,1.0289930089462198,237.39375543939153,0.5745714285714286,0.8754285714285714
6,98,8188327426279735701,0.8702822914899382,0.921,0.050717708510061854,0.038862526004671,1.3050543473156104,false,2.7261525284832957,2.876188094047022,0.15003556556372644,0.04999999999999993,0.6432932331005746,806.377627593083,0.5517142857142857,0.8857142857142857
6,99,15086333099801324140,-0.07935954502418657,-0.08399999999999999,-0.004640454975813418,0.012989055731052506,-0.3572588394335422,false,0.3200530603532259,0.33596798399199584,0.01591492363876995,0.020000000000000004,0.7698789047531248,1022.47526937112,0.5902857142857143,0.8917142857142857
6,100,11514739970670444896,0.01211883473048303,0.020999999999999998,0.008881165269516968,0.00725497669489171,1.2241480080522202,false,0.07739261937988505,0.10789194597298646,0.03049932659310141,0.018,1.2405277616311263,1001.5082895654942,0.5905714285714285,0.8937142857142857
6,101,6779388617110119915,0.31298339796210195,0.251,-0.06198339796210195,0.02147904766846919,-2.885760994566455,false,1.1702439731009837,1.00392396198099,-0.16632001111999362,-0.034,0.7914689823495135,1012.5339908167665,0.5362857142857143,0.8977142857142857
6,102,10068779448220711808,-0.03573403370996919,-0.037,-0.0012659662900308052,0.006055066631834699,-0.2090755340948601,false,0.15926678453565912,0.14797598799399722,-0.011290796541661902,-0.013999999999999999,1.1560566424153427,2000.0,0.5217142857142857,0.8957142857142857
6,103,473998502535683061,0.005446787028725808,0.003,-0.002446787028725808,0.002233604708760584,-1.0954431727015466,false,0.022003596855946998,0.011987993996998495,-0.010015602858948503,0.006,1.3431203776717884,1201.4449827539308,0.5197142857142857,0.9028571428571428
6,104,10802874087698990010,-0.24840520086474815,-0.244,0.00440520086474816,0.023668913256154424,0.18611758034994333,false,0.9322262582843994,0.8883161580790386,-0.04391010020536079,0.016000000000000014,0.3379960842908508,688.8736410088375,0.5771428571428572,0.8831428571428571
6,105,11480835565829552398,2.480762245999922,2.548,0.06723775400007792,0.07392717209109717,0.9095134048577406,false,3.770622248763618,3.4985492746373152,-0.2720729741263028,-0.28000000000000025,1.8937556522178929,253.0255806585196,0.564,0.8882857142857142
6,106,2790150978618259326,-0.05454603406445324,-0.054,0.0005460340644532422,0.0114760589038216,0.04758027725628085,false,0.21521474278923405,0.19989994997498742,-0.015314792814246636,0.020000000000000004,0.8713792848056869,681.8512538717863,0.5005714285714286,0.8954285714285715
6,107,2625223046606703842,-0.6725111875353176,-0.81,-0.13748881246468247,0.06559156741806188,-2.096135492362427,false,2.243026981216141,2.633988994497249,0.3909620132811078,-0.21600000000000008,1.6465531203369321,239.5492838785609,0.5142857142857142,0.8951428571428571
6,108,2661948348417128339,0.3429577120274334,0.33499999999999996,-0.00795771202743345,0.018437092875419614,-0.431614250750057,false,1.254275789289012,1.2355597798899458,-0.018716009399066147,0.045999999999999985,1.2474851732543832,1744.4014744990295,0.5134285714285715,0.8988571428571429
6,109,15520685342341349315,0.45124285966499167,0.423,-0.028242859664991682,0.023927478212440238,-1.180352539211918,false,1.715971626314578,1.5805482741370689,-0.135423352177509,0.02200000000000002,0.45972249571544704,1162.8248574892893,0.598,0.8894285714285715
6,110,12960598484386929763,0.6228132106153876,0.266,-0.3568132106153876,0.025308102260343534,-14.098773860831722,false,2.1057613827147406,1.0321240620310153,-1.0736373206837253,-0.028000000000000025,0.5531825285034223,774.6322027444511,0.558,0.8968571428571429
6,111,14492114115536407510,0.04269733635932299,0.046,0.003302663640677009,0.008626857674534081,0.38283506756188357,false,0.23144177842176317,0.19202401200600291,-0.03941776641576025,0.011999999999999997,0.6955023748347681,1261.1545296466886,0.594,0.8965714285714286
6,112,569829005511104639,0.019059117323537787,0.026000000000000002,0.006940882676462215,0.006269151747391014,1.1071486153371148,false,0.08274115943736529,0.10392396198099056,0.02118280254362527,0.016000000000000004,1.276089704373371,864.9728568244792,0.5734285714285714,0.8902857142857142
6,113,14699936467094398176,-3.7213864350166737,-3.715,0.006386435016673797,0.02575434085812558,0.2479750909508855,false,1.0420394608218824,1.0343391695847926,-0.007700291237089818,-0.06600000000000028,1.281337394025696,707.9476216248664,0.5585714285714286,0.8857142857142857
6,114,7523884087345717983,-0.6939902233487169,-0.594,0.09999022334871688,0.035702318969359444,2.8006646692762676,false,2.294848157014969,2.0316638319159566,-0.26318432509901246,0.052000000000000046,0.7282440118893628,763.3330861255126,0.5542857142857143,0.8831428571428571
6,115,6901425976372254240,-0.005632075233241052,-0.015,-0.009367924766758948,0.007677171841488375,-1.220231220582238,false,0.2089828452307831,0.21986793396698345,0.010885088736200366,-0.022,1.4328193020969853,1666.833453733031,0.612,0.892
6,116,6363146845185953270,-0.1117662489614086,-0.11599999999999999,-0.004233751038591388,0.012285156268125598,-0.3446232954786297,false,0.44338970339819095,0.45615607803901975,0.012766374640828804,0.011999999999999997,0.4883942759089906,1456.770860905954,0.6065714285714285,0.8954285714285715
6,117,12664756177182767300,-0.055819639684383526,-0.062,-0.006180360315616473,0.008351779936879144,-0.7400051680391765,false,0.2223430053898624,0.2479239619809904,0.025580956591127996,-0.019999999999999997,1.197349556091962,1604.8901391140857,0.54,0.8908571428571429
6,118,18355778140489004964,-2.059022918447328,-2.096,-0.036977081552671986,0.06921150423274344,-0.5342620704836293,false,4.736396129452848,4.772874437218608,0.03647830776576022,-0.46799999999999997,3.380940821819277,431.0836866972227,0.588,0.8825714285714286
6,119,15139666183844351872,0.016380375524697576,0.013999999999999999,-0.0023803755246975776,0.005081126245426398,-0.46847399763786446,false,0.0697629657732051,0.055899949974987505,-0.013863015798217589,-0.016,1.5744540902129576,1050.9433235858032,0.5657142857142857,0.9008571428571429
6,120,16493188478716813410,-0.07999954131575082,-0.075,0.0049995413157508245,0.01453348330815897,0.34400158652565593,false,0.3161364243807333,0.2998119059529762,-0.016324518427757118,-0.025999999999999995,0.8944861823112916,695.3709658680987,0.5254285714285715,0.8917142857142857
6,121,6725036375857299454,-2.398962038810717,-2.449,-0.05003796118928294,0.08221122324606175,-0.6086512183320415,false,3.840829308356625,3.5917458729364697,-0.2490834354201552,0.20999999999999996,1.2771978794881866,228.18249066648883,0.53,0.8911428571428571
6,122,4009244576255394270,0.18546477321220017,0.173,-0.012464773212200186,0.018153591144336113,-0.6866285085465954,false,1.0968847894560443,1.068532266133066,-0.028352523322978218,-0.0020000000000000018,0.05508551955638811,1488.0630696728824,0.546,0.8934285714285715
6,123,13455295531536548467,-0.011050327120798939,-0.008000000000000002,0.003050327120798937,0.02844614889037443,0.10723163731422015,false,1.207225055301449,1.3753356678339155,0.1681106125324665,0.052000000000000005,0.9140077308952653,659.4240977062625,0.5377142857142857,0.8951428571428571
6,124,9275646469584623234,-0.042984149081307294,-0.032,0.010984149081307293,0.008879133939171988,1.2370743764601444,false,0.20451002929317555,0.15892746373186598,-0.045582565561309574,0.048,2.7029663213119735,1000.3340007788004,0.548,0.8994285714285715
6,125,4568947750472659885,1.8037586775951546,1.834,0.03024132240484545,0.03378579378867642,0.8950898887857734,false,3.9641613660077413,3.8929464732366164,-0.07121489277112492,-0.09999999999999987,1.4799119509442409,1615.4016801575744,0.5157142857142857,0.9
6,126,4086119886231136134,-0.5596470170088002,-0.575,-0.015352982991199804,0.023271259253715204,-0.6597401036107977,false,1.9597413698395814,2.0284362181090545,0.06869484826947314,-0.03399999999999992,0.7305148301025415,1760.278865462238,0.5931428571428572,0.8928571428571429
6,127,14468928740859937062,-0.846823443249116,-0.842,0.004823443249115988,0.0401704323578663,0.12007446686521528,false,2.6713127795296283,2.6251845922961468,-0.046128187233481555,0.016000000000000014,0.199151453704317,772.6035855414048,0.5351428571428571,0.8902857142857142
6,128,11312110858664873713,-0.02639223056607709,-0.032,-0.00560776943392291,0.00881815218194554,-0.6359347534741313,false,0.10571847535807721,0.127935967983992,0.022217492625914798,0.016,0.9072195438381478,734.189888202911,0.5665714285714286,0.8968571428571429
6,129,6497673522179564946,-0.002398882242856004,0.0,0.002398882242856004,0.0,NaN,true,0.009596746879353643,0.0,-0.009596746879353643,0.0,0.0,2000.0,0.534,0.908
6,130,9948970493513912651,0.18512189274999222,0.20600000000000002,0.0208781072500078,0.022107378555434713,0.944395428777569,false,0.7077425842539532,0.7918839419709854,0.08414135771703224,0.032,0.7237402643592349,778.9053939181009,0.5651428571428572,0.8837142857142857
6,131,12459261474483235097,-0.3059363769113827,-0.405,-0.09906362308861733,0.08153340182284988,-1.2150066215053297,false,1.167742295896441,1.476976488244124,0.3092341923476831,0.21800000000000003,1.3368754101150797,93.2763142689065,0.5428571428571428,0.8942857142857142
6,132,1275578532482733572,-0.09980128582841671,-0.066,0.03380128582841671,0.011957179394386296,2.8268611445510192,false,0.3901292530002634,0.26406003001500733,-0.12606922298525608,0.011999999999999997,0.5017905813821696,811.2860737460371,0.5842857142857143,0.8868571428571429
6,133,6676674610501234826,0.05646988675298825,0.027999999999999997,-0.028469886752988255,0.011158581046238925,-2.551389521213741,false,0.3568877078526943,0.2639319659829915,-0.09295574186970279,-0.02,0.8961712926188378,1024.6887399415696,0.5771428571428572,0.8842857142857142
6,134,3812895238863568253,-1.701716971117898,-1.635,0.0667169711178981,0.03696936605506315,1.8046555361140917,false,3.9110960017243395,3.7951595797898925,-0.11593642193444698,-0.07399999999999984,1.0008286305177954,1240.9312666924427,0.5654285714285714,0.8888571428571429
6,135,1678171581404224300,0.3686500151458696,0.33999999999999997,-0.028650015145869623,0.02667580846719885,-1.0740073794238814,false,1.4383407146879508,1.3601680840420216,-0.07817263064592916,-0.03199999999999997,0.5997943799781713,732.0318758371411,0.5677142857142857,0.8771428571428571
6,136,8234858033295126539,-2.7048475657835978,-2.645,0.059847565783597734,0.03713842779937935,1.61147278788678,false,3.5150474578533033,3.652768384192096,0.13772092633879263,0.04600000000000026,0.6193046222701033,1168.9773488897706,0.606,0.8891428571428571
6,137,12070948107416158230,-0.027241251737026732,-0.022,0.005241251737026734,0.006757196819275526,0.7756547392663745,false,0.13072162084844852,0.096048024012006,-0.03467359683644251,0.0,0.0,1042.7327632746603,0.5662857142857143,0.9031428571428571
6,138,15891481735584339104,-0.00685206181454776,-0.001,0.00585206181454776,0.00499929895035268,1.170576489356557,false,0.06417796108361767,0.051975987993997,-0.012201973089620677,0.01,1.000140229591045,1000.5012521288044,0.5917142857142857,0.8805714285714286
6,139,718261015283815220,-0.0021038485394945794,0.001,0.0031038485394945794,0.0030005001250625455,1.0344437294199011,false,0.026893553448837502,0.028012006003001525,0.0011184525541640226,0.002,0.3332777731442871,1428.7348309448134,0.5931428571428572,0.8928571428571429
6,140,13298774896407103390,-0.06106360727511841,-0.055,0.006063607275118413,0.011941143096421821,0.5077911910238627,false,0.24352421972003144,0.2198679339669836,-0.023656285753047845,-0.022000000000000006,0.9211848406117976,758.9862764690632,0.5842857142857143,0.884
6,141,11383479818853017945,-0.46577628154841394,-0.41600000000000004,0.0497762815484139,0.034127120214970975,1.4585549918911094,false,1.6605478804319105,1.5044642321160566,-0.15608364831585386,0.023999999999999966,0.35162650479766505,579.6997873477493,0.5737142857142857,0.8934285714285715
6,142,12347677288788685194,2.2929016223374417,2.224,-0.06890162233744146,0.06102998562651634,-1.1289798224613221,false,3.9142096710915593,3.825112556278137,-0.08909711481342208,-0.040000000000000036,0.32770776192531836,459.5598709710416,0.6165714285714285,0.8862857142857142
6,143,6125960413723980435,-0.017501969784913085,-0.027,-0.009498030215086915,0.007098413994732977,-1.3380496294150288,false,0.07549185240734284,0.10781190595297653,0.03232005354563369,-0.022,1.5496419352494795,1032.3843917161169,0.5497142857142857,0.9
6,144,9327652957435209909,-1.0679935488924592,-1.135,-0.06700645110754078,0.06190835714863081,-1.0823490429033735,false,3.2830763190668217,3.4716858429214583,0.18860952385463658,-0.10999999999999988,0.8884099422628006,381.8709026151532,0.5948571428571429,0.8922857142857142
6,145,1576881969831837605,1.4135551606932204,1.464,0.050444839306779565,0.0360581441685571,1.3989860118970776,false,3.657237312842999,3.65862931465733,0.0013920018143309676,-0.1200000000000001,1.66397914766563,1374.5732948593259,0.6162857142857143,0.8871428571428571
6,146,17367014356388625723,0.00027026535650692685,0.0,-0.00027026535650692685,0.0028291344968029535,-0.09552934185785038,false,0.012562899406048923,0.016008004002001,0.003445104595952077,0.0,0.0,1000.0,0.5248571428571429,0.9
6,147,17502854364535790011,-0.1846963579195946,-0.23,-0.04530364208040541,0.02146689301570843,-2.1103958568785157,false,1.1740661670696484,1.2405882941470734,0.066522127077425,-0.008000000000000007,0.1863334389877938,1269.7360444504056,0.5942857142857143,0.8822857142857143
6,148,12878773993961135759,-0.733530771673417,-0.756,-0.022469228326583046,0.06133569200356977,-0.3663320261435271,false,2.726702027333266,2.793004502251127,0.06630247491786134,-0.028000000000000025,0.22825209177040354,279.870845444066,0.5282857142857142,0.8948571428571429
6,149,15446015893940227318,0.08827942588830166,0.068,-0.020279425888301658,0.01342131229842695,-1.5109868124206094,false,0.3461410045322568,0.2714877438719363,-0.07465326066032052,-0.03599999999999999,1.3411505223754978,637.7280243248892,0.5417142857142857,0.8871428571428571
6,150,11088461262830433136,-0.49098578691088024,-0.475,0.015985786910880262,0.021946218643683874,0.7284073475446293,false,1.7232474358204166,1.6599479739869933,-0.06329946183342328,-0.04199999999999998,0.9568846615881044,1701.9337216018548,0.5914285714285714,0.8911428571428571
6,151,11797064628425048421,1.2154342844362016,1.153,-0.06243428443620158,0.028728215654428395,-2.1732740100263577,false,3.408960351652197,3.1974367183591785,-0.2115236332930186,0.018000000000000016,0.31328085629337293,1998.6898121954262,0.6337142857142857,0.8988571428571429
6,152,13365251911827897984,-0.030339217908225552,-0.039,-0.008660782091774448,0.012979629439633341,-0.6672595802564841,false,0.16783751036188663,0.21865132566283146,0.05081381530094484,0.054000000000000006,2.0801826527924914,539.9515305201329,0.6211428571428571,0.8842857142857142
6,153,14980433420296425811,-3.5392786321733687,-3.518,0.021278632173368894,0.03456632979617268,0.6155884150513702,false,1.6306363875780445,1.6990175087543766,0.0683811211763321,-0.1080000000000001,1.562213874554282,593.1622668158896,0.5714285714285714,0.898
6,154,1313951238240016785,0.00011263234931567165,0.0,-0.00011263234931567165,0.0,NaN,true,0.0018381163084006027,0.0,-0.0018381163084006027,0.0,0.0,2000.0,0.49257142857142855,0.9028571428571428
6,155,9718665022385372007,0.0017359783738941721,-0.014,-0.015735978373894174,0.009582475563180846,-1.642162118769934,false,0.1613557531145193,0.1838919459729865,0.022536192858467197,0.02,1.0435716672655473,1000.0385044443201,0.5651428571428572,0.8885714285714286
6,156,7327404925674141170,0.08129797802581083,0.091,0.009702021974189165,0.011012658481193857,0.8809881819868612,false,0.32458845652159884,0.36408404202101075,0.0394955854994119,0.013999999999999999,0.6356321692853536,1418.4396216053292,0.5751428571428572,0.8957142857142857
6,157,548230730116773204,-0.00016137895657708512,-0.005,-0.004838621043422915,0.004997496872184485,-0.9682089188197684,false,0.08461565816579877,0.07598799399699852,-0.008627664168800259,-0.01,1.0005008763145902,1428.5714285714287,0.6005714285714285,0.8997142857142857
6,158,1119129710536174972,-0.35616784769174803,-0.374,-0.01783215230825197,0.041599990349740996,-0.42865760684877163,false,1.6848593078394543,1.7928644322161087,0.10800512437665444,0.008000000000000007,0.09615386845936871,360.13135785916376,0.5294285714285715,0.8788571428571429
6,159,18416194465259540975,-0.11551337822721885,-0.11199999999999999,0.0035133782272188663,0.01456737533710537,0.24118127980609833,false,0.5694507287956344,0.5761600800400195,0.006709351244385098,-0.016,0.5491723673531468,1307.70391112336,0.6057142857142858,0.884
6,160,17438824704054245993,-0.0014087496314461045,0.0,0.0014087496314461045,0.0,NaN,true,0.005819837200536338,0.0,-0.005819837200536338,0.0,0.0,2000.0,0.6251428571428571,0.8902857142857142
6,161,9312054405585997464,0.35815064794372575,0.336,-0.022150647943725732,0.0289094120322781,-0.7662088706264232,false,1.9134648501724332,1.8328444222111067,-0.08062042796132651,-0.01200000000000001,0.20754486439574943,1060.0959013900044,0.5574285714285714,0.8902857142857142
6,162,15556264156723991859,-3.3176628911859383,-3.269,0.04866289118593814,0.026433391668447444,1.8409628168913799,false,2.2637646619445553,2.29709854927464,0.0333338873300848,-0.08999999999999986,1.7023922077209166,1586.9391228133277,0.49142857142857144,0.8937142857142857
6,163,6000491131440607911,0.08484828509908915,0.075,-0.009848285099089152,0.013783120445117057,-0.7145178146199906,false,0.3550748551349887,0.29909154577288644,-0.055983309362102274,-0.046000000000000006,1.6687077568235433,650.3250307372444,0.5514285714285714,0.864
6,164,5569060407570526490,-0.00463173746609602,-0.007,-0.0023682625339039804,0.0029941559720549752,-0.7909616452874945,false,0.029645662176709935,0.02799599799899952,-0.0016496641777104144,-0.006,1.0019518114619173,1432.6776170154756,0.5388571428571428,0.8802857142857143
6,165,8441204745160292200,3.264869787409153,3.251,-0.013869787409153123,0.03746592382050455,-0.3701973952544683,false,2.5779557675982563,2.562543271635816,-0.015412495962440431,0.07399999999999984,0.9875640642751311,729.3086194556746,0.6642857142857143,0.8771428571428571
6,166,10218440748260185961,-1.0487442106214453,-1.07,-0.021255789378554768,0.03406071376396946,-0.6240558998807547,false,3.707586844045892,3.697776888444218,-0.00980995560167397,0.01200000000000001,0.17615602660526164,1461.8773131711303,0.526,0.886
6,167,4953837066228123142,-0.012352403322066774,-0.023,-0.010647596677933226,0.005150300991218879,-2.0673736731284413,false,0.049925724587389204,0.09180390195097551,0.04187817736358631,0.022000000000000002,2.1357975036322534,1505.666637553404,0.5537142857142857,0.8908571428571429
6,168,17108227567391247901,-1.6412723082913865,-1.621,0.020272308291386487,0.03268240592931712,0.6202820054077355,false,3.939910010079998,3.78987693846924,-0.15003307161075785,-0.006000000000000005,0.09179250776360104,1809.3243712747096,0.5071428571428571,0.9062857142857143
6,169,1141801724011760677,0.002900764707753467,0.004,0.001099235292246533,0.0028248861908040557,0.3891255144454703,false,0.021077243230040704,0.015975987993996996,-0.005101255236043708,0.008,1.4159862485863433,1001.0040130431486,0.5608571428571428,0.8991428571428571
6,170,17176404600624447695,-0.5104227628145668,-0.528,-0.017577237185433248,0.028395663698149852,-0.6190113170898875,false,1.9730411972112447,2.0163601800900457,0.04331898287880098,0.03600000000000003,0.6338996049306227,1045.477034133096,0.57,0.8914285714285715
6,171,15982087344055615225,-0.10502494579857187,-0.07100000000000001,0.03402494579857186,0.012136987691973586,2.8034094342102023,false,0.40922542213438,0.28397998999499746,-0.12524543213938255,-0.018000000000000002,0.7415349037514364,876.573738802048,0.5757142857142857,0.9105714285714286
6,172,15446992853424800624,0.20396678476663918,0.194,-0.009966784766639175,0.028299312960865738,-0.3521917574614599,false,0.7988343197431704,0.760092046023011,-0.03874227372015948,-0.023999999999999994,0.4240385629359424,369.3902685982609,0.6145714285714285,0.8928571428571429
6,173,17888620816214785684,-0.6547666217816592,-0.6639999999999999,-0.009233378218340693,0.02773738890688324,-0.33288563135260946,false,2.1914857877751355,2.2659329664832413,0.0744471787081058,-0.12,2.1631452117365866,1386.4852550117416,0.6151428571428571,0.8817142857142857
6,174,16368957983940322416,3.812177855696857,3.848,0.03582214430314279,0.013529670135926961,2.647673146739915,false,0.7162560739085299,0.576288144072036,-0.13996792983649387,0.0,0.0,1597.180405974626,0.5874285714285714,0.9002857142857142
6,175,13939882501882544367,0.006765491603778593,0.01,0.003234508396221407,0.004234848518068315,0.7637837297889457,false,0.03148750045241279,0.0400200100050025,0.00853250955258971,0.0,0.0,1112.972263559646,0.5588571428571428,0.9062857142857143
6,176,521389313977552737,0.0010099238579445438,0.001,-9.923857944543757e-6,0.0010000000000000009,-0.009923857944543748,false,0.004784927240176416,0.004000000000000007,-0.0007849272401764086,-0.002,0.9999999999999991,2000.0,0.5557142857142857,0.8877142857142857
6,177,3846991731643058443,-0.012230256765738634,-0.011,0.0012302567657386347,0.006396164394344437,0.19234289331688256,false,0.09668450463914507,0.09199599799899952,-0.004688506640145557,0.01,0.7817184943559391,1092.7700405698486,0.5925714285714285,0.8922857142857142
6,178,9661058664675514632,0.1881326064908344,0.158,-0.030132606490834407,0.019431020155209026,-1.5507475289585617,false,0.7295320070088706,0.6641320660330159,-0.06539994097585466,-0.020000000000000018,0.514641018336818,763.7786159606269,0.5805714285714285,0.8845714285714286
6,179,9826772434106918316,-0.005529537736681485,-0.002,0.003529537736681485,0.001998998748873808,1.7656527992676079,false,0.024182334122804353,0.00799599799899951,-0.016186336123804844,0.004,1.000500876314583,1000.5012521288079,0.5591428571428572,0.886
6,180,17413609332710665620,0.23000097447202886,0.207,-0.023000974472028868,0.028501864204496775,-0.8069989495073089,false,0.8913950755956417,0.8104832416208109,-0.08091183397483082,-0.062,1.0876481544357752,451.77293813081883,0.5837142857142857,0.8877142857142857
6,181,5003724137148175072,0.02041180734572562,0.020999999999999998,0.000588192654274379,0.006056461662054178,0.09711819988221983,false,0.09000193329775712,0.09202801400700358,0.0020260807092464667,0.006000000000000002,0.49533872538086654,1061.6490207533557,0.6068571428571429,0.8905714285714286
6,182,7150983376421105463,0.07178108184577647,0.07,-0.0017810818457764666,0.011870613199361923,-0.15004126710760018,false,0.2839684015545121,0.2797478739369684,-0.004220527617543657,0.028000000000000004,1.1793830499634625,931.8582376564993,0.5591428571428572,0.8894285714285715
6,183,10645220378451741981,-0.019202119012686536,-0.004,0.015202119012686536,0.005640198393581479,2.6953163615638913,false,0.09895512594198527,0.06351975987993991,-0.035435366062045365,-0.032,2.83677964558976,1001.5082895654971,0.548,0.8922857142857142
6,184,12402310404015988301,-3.515568549840997,-3.542,-0.026431450159002612,0.029842064177888265,-0.8857111894621292,false,1.703073109318715,1.6488164082041008,-0.054256701114614225,0.0040000000000000036,0.0670194926221598,864.6811214899241,0.5614285714285714,0.8931428571428571
6,185,5049491543524324463,0.9831095881469811,1.072,0.08889041185301894,0.07952142801004199,1.1178170975726673,false,2.983982683631567,3.1961900950475224,0.21220741141595534,-0.10400000000000009,0.6539117983826129,179.44475484673265,0.5694285714285714,0.894
6,186,7895789387143586845,1.4572181762461471,1.447,-0.01021817624614707,0.03324659942289729,-0.3073450044069681,false,4.007532022512546,4.040402201100551,0.032870178588004784,0.1060000000000001,1.5941480006974302,1779.9158147925436,0.554,0.8971428571428571
6,187,13729544419467247692,-2.8429728377889956,-3.146,-0.30302716221100434,0.06461815676024457,-4.689504891563815,false,3.289398932321146,2.7590675337668835,-0.5303313985542624,-0.06800000000000006,0.5261679024078579,261.70263812732736,0.57,0.8997142857142857
6,188,2472823006771669988,0.5370406051052443,0.516,-0.021040605105244303,0.03282487330750608,-0.6409957750067824,false,2.1217895644599594,2.094159079539769,-0.02763048492019049,-0.07600000000000007,1.1576586951002963,897.1757514261537,0.6097142857142858,0.8942857142857142
6,189,9370106006553423067,0.003953825927444889,-0.015,-0.01895382592744489,0.01226115873426139,-1.5458429613574907,false,0.25294521822826954,0.25044322161080534,-0.002501996617464197,0.057999999999999996,2.3651924445741996,722.1764207071509,0.5968571428571429,0.8871428571428571
6,190,3831300105577742839,-0.003907465301198645,0.0,0.003907465301198645,0.0028291344968029535,1.381152188280286,false,0.019914788177900537,0.016008004002001,-0.003906784175899538,0.0,0.0,1000.0,0.6074285714285714,0.896
6,191,697826629901046560,1.4560518397401028,1.583,0.1269481602598972,0.05684932342417925,2.2330636956341223,false,3.972479163173953,3.9406883441720897,-0.0317908190018632,0.258,2.2691562929864793,483.2465265809774,0.5917142857142857,0.9045714285714286
6,192,2954621558549198933,0.2846862342465817,0.254,-0.03068623424658168,0.0350824298965129,-0.8746895336811266,false,1.147966980128615,1.024384192096047,-0.12358278803256795,0.016000000000000014,0.22803437571452786,295.4541730770996,0.5768571428571428,0.8694285714285714
8,1,1136782549756480039,-1.3841711875510914,-1.37,0.014171187551091258,0.05518877890167869,0.2567766099035797,false,3.6286654947521053,3.5392976488244106,-0.08936784592769476,0.21199999999999997,1.9206802924348767,556.7073951057403,0.44457142857142856,0.8498571428571429
8,2,12695920229914589857,0.11942641222268319,0.132,0.01257358777731682,0.013347327207039817,0.9420303842319155,false,0.5776143176129926,0.6243041520760382,0.04668983446304553,-0.0040000000000000036,0.1498427339778661,1549.9073295150488,0.46714285714285714,0.8658571428571429
8,3,2639510527720166662,0.25124220396626495,0.22799999999999998,-0.023242203966264974,0.040769081262563546,-0.5700938860157064,false,0.9599719525468335,0.874669334667333,-0.08530261787950055,0.244,2.9924638039863614,218.4740176797561,0.47814285714285715,0.8535714285714285
8,4,14670016489927610296,-0.1538191523343158,-0.146,0.007819152334315821,0.016663861741627303,0.4692281090392823,false,0.613994890766915,0.5819789894947476,-0.03201590127216747,-0.06799999999999999,2.040343380614231,887.3984721721683,0.4687142857142857,0.85
8,5,1640691309855468893,0.18625237091683067,0.177,-0.009252370916830677,0.022369776886660666,-0.4136103352174229,false,1.3873551579807786,1.442271135567784,0.05491597758700539,0.07,1.5646110453998705,1404.0876692839938,0.4492857142857143,0.8548571428571429
8,6,4635289567414241178,0.41738432155003213,0.377,-0.04038432155003213,0.0305448918758907,-1.3221301196324666,false,1.4993404833649273,1.3947753876938451,-0.10456509567108219,-0.062,1.0148996475731027,714.618864711577,0.4694285714285714,0.8394285714285714
8,7,17682118144755239760,-0.34888702050020326,-0.324,0.02488702050020325,0.03046087097129971,0.817016050645822,false,1.3017185992537668,1.1933966983491737,-0.10832190090459304,-0.12,1.9697401317425267,630.9221180031793,0.47085714285714286,0.8388571428571429
8,8,18352609485421632911,-2.632294580960044,-2.646,-0.013705419039955924,0.07204602431647346,-0.19023144122086075,false,3.6166282977949455,3.6966963481740853,0.08006805037913978,-0.04800000000000004,0.33312039391065157,255.87780498950087,0.47385714285714287,0.8508571428571429
8,9,5317284677570503696,-0.023518748903077244,-0.03,-0.006481251096922755,0.007127460862689806,-0.9093352067143894,false,0.11506141654282068,0.16779589794897457,0.05273448140615389,0.024000000000000004,1.683629027388495,1489.7387028282687,0.439,0.8412857142857143
8,10,2230137736505612544,0.026098444019805767,0.025,-0.0010984440198057652,0.005989946972416915,-0.18338125944419642,false,0.10399676907685484,0.1,-0.003996769076854839,-0.009999999999999998,0.8347319305203337,1271.5898707323165,0.4897142857142857,0.8575714285714285
8,11,18344392163427468181,0.021365461867408186,0.04,0.018634538132591815,0.008604185958474217,2.16575260257349,false,0.08562502478417448,0.16008004002001,0.07445501523583552,0.0,0.0,1047.7021985871709,0.44942857142857146,0.8561428571428571
8,12,15179733649662597766,-1.8265956334940157,-1.858,-0.03140436650598444,0.09158535143951291,-0.3428972648177836,false,3.979637451171129,3.9457728864432235,-0.033864564727905666,-0.21999999999999997,1.201065435367674,201.55441146557285,0.49128571428571427,0.8514285714285714
8,13,5263610642156528156,0.060306250529745586,0.089,0.02869374947025441,0.014614125832115866,1.963425647204795,false,0.3741797104805331,0.4201120560280145,0.04593234554748138,0.013999999999999999,0.47898862240647094,989.9727191320137,0.493,0.8548571428571429
8,14,3941318450051058196,-0.49482564178121535,-0.48,0.01482564178121537,0.020549626360880285,0.7214555399137819,false,1.7389792468524288,1.6862511255627837,-0.0527281212896451,-0.07200000000000001,1.751856669692649,2000.0,0.48842857142857143,0.8595714285714285
8,15,1239780196455066340,-0.016213171598949954,-0.015,0.0012131715989499546,0.00386639036922601,0.31377369667740307,false,0.06734657721220717,0.06001200600300156,-0.007334571209205616,-0.005999999999999998,0.7759175131094048,2000.0,0.458,0.8507142857142858
8,16,10919339466149363484,0.0080025315306822,0.013000000000000001,0.004997468469317801,0.004772284080780815,1.0471858725770036,false,0.03681116300353567,0.06001200600300156,0.023200842999465884,-0.006,0.6286298026728443,1121.5242648885405,0.501,0.8477142857142858
8,17,12096363364134812738,3.8971661539435525,3.907,0.009833846056447548,0.010918945653637694,0.9006223099179325,false,0.4015780146540899,0.3560160080040019,-0.04556200665008797,-0.017999999999999794,0.8242554075723885,1514.9000354979967,0.45485714285714285,0.8718571428571429
8,18,16083689384991817214,-0.19673605114940498,-0.222,-0.02526394885059502,0.03411859395882033,-0.740474501413731,false,0.773903233506286,0.8698429214607314,0.09593968795444541,0.07200000000000001,1.0551431293871738,342.77573452577144,0.4878571428571429,0.8572857142857143
8,19,9349955597031336909,0.04063179844576384,0.005999999999999998,-0.03463179844576384,0.0485343053663972,-0.7135529845193008,false,4.973335522134251,4.533458729364679,-0.4398767927695717,-0.20400000000000001,2.101606260354967,934.0201221573336,0.5057142857142857,0.8411428571428572
8,20,14584411628663654251,0.041322793835087294,0.04,-0.0013227938350872936,0.015888443892485615,-0.08325509055754066,false,0.43209293462480985,0.3906273136568283,-0.041465620967981565,0.05600000000000001,1.762287118201834,498.03054696268623,0.4472857142857143,0.8534285714285714
8,21,12157309003807379219,-1.6729848834423935,-1.679,-0.006015116557606559,0.05629407981494208,-0.1068516721008729,false,3.9137854292008987,3.8038519259629804,-0.10993350323791828,0.18999999999999995,1.6875664423736476,612.9950343180622,0.48342857142857143,0.8477142857142858
8,22,10879682118602769125,3.9032038608181643,3.911,0.007796139181835748,0.010097279981832517,0.7721029025502824,false,0.37783271626731413,0.3401520760380192,-0.037680640229294904,0.006000000000000227,0.2971097172107587,1477.315994689136,0.4575714285714286,0.8611428571428571
8,23,11543597817222777447,3.3187984709625615,3.345,0.026201529037438664,0.05989566881312257,0.437452816817001,false,2.26310820404343,2.146255127563782,-0.11685307647964827,0.19399999999999995,1.6194827092196724,265.52808250253685,0.4074285714285714,0.8598571428571429
8,24,17882436244960443741,-0.46139484753466276,-0.511,-0.049605152465337254,0.03582224317450026,-1.3847584090057274,false,1.9834733598981442,1.9788114057028516,-0.004661954195292584,-0.06600000000000006,0.9212153420780411,569.6570353888234,0.42042857142857143,0.8452857142857143
8,25,2722172730699672483,0.6878051143172361,0.741,0.05319488568276387,0.04901883233474395,1.0851928360818988,false,2.278270396854151,2.427915957978991,0.14964556112483995,0.18599999999999994,1.897230014883131,440.9361829485575,0.4828571428571429,0.8477142857142858
8,26,12171313119755799770,2.4847466915970178,2.32,-0.16474669159701794,0.08533941533022343,-1.9304876997284979,false,3.766153046774752,3.7887663831915956,0.022613336416843488,-0.484,2.835735387494439,175.6029179297536,0.36328571428571427,0.8594285714285714
8,27,18307783467335924845,-2.0433432003357783,-2.084,-0.040656799664221754,0.08943601082347094,-0.4545909336729057,false,4.243356609602848,4.116330165082543,-0.12702644452030487,-0.6159999999999999,3.4438029733675313,232.63737566447998,0.4807142857142857,0.8468571428571429
8,28,900698536767980969,-2.4565474229262128,-2.423,0.03354742292621271,0.031840942484624345,1.0535939048416172,false,3.8749747736316307,3.9493966983491715,0.07442192471754083,-0.03399999999999981,0.5339037940918057,1928.511486556782,0.4322857142857143,0.8568571428571429
8,29,11415647143997737820,1.7705624025544568,1.752,-0.018562402554456847,0.041448315338771,-0.4478445602128844,false,3.9482381321218947,4.0653206603301655,0.11708252820827081,-0.13200000000000012,1.592344573248874,1061.1702844167942,0.501,0.8561428571428571
8,30,16102538614226323418,-0.156427404228704,-0.18,-0.023572595771296,0.03616189886420142,-0.651862775785587,false,2.249733394328106,2.335119559779891,0.0853861654517849,0.064,0.8849092831150661,847.7435098818388,0.5311428571428571,0.8531428571428571
8,31,17593257472289731479,-0.035301462514366555,-0.005,0.030301462514366554,0.009099533793421986,3.330001646487796,false,0.3893873600428941,0.21200800400200098,-0.1773793560408931,-0.014,0.7692701800899152,1222.8392744230653,0.4075714285714286,0.863
8,32,12075110986761267365,-0.10891711320339015,-0.07200000000000001,0.03691711320339014,0.017229756128515617,2.1426370128531027,false,0.4262294161406147,0.2960200100050024,-0.13020940613561233,-0.016,0.46431301408612674,320.27661949583097,0.4677142857142857,0.8518571428571429
8,33,10137619681179593337,0.10499953970657781,0.097,-0.00799953970657781,0.009730819308887155,-0.8220828537296785,false,0.4092395822690565,0.3721360680340174,-0.0371035142350391,0.009999999999999995,0.5138313477297332,2000.0,0.4858571428571429,0.8455714285714285
8,34,11364515378407486375,3.558546254979475,3.575,0.0164537450205251,0.020329251959740696,0.8093630327918357,false,1.577858509793094,1.5244242121060527,-0.05343429768704122,0.026000000000000245,0.6394726193440292,1710.5299101913047,0.47785714285714287,0.861
8,35,4100237613674066006,0.08650730972450328,0.07300000000000001,-0.013507309724503272,0.009576395651644642,-1.4104794972817918,false,0.5077300350176435,0.380140070035018,-0.12758996498262548,0.009999999999999995,0.5221171077180068,2000.0,0.45814285714285713,0.8458571428571429
8,36,2366997062193939691,0.0034730078612177015,0.002,-0.0014730078612177015,0.0014138597878679048,-1.0418344689178776,false,0.01625037726001226,0.007995997998999508,-0.008254379261012754,0.004,1.414567425399369,2000.0,0.4684285714285714,0.853
8,37,1442808564195678654,0.7017061281885739,0.766,0.0642938718114261,0.041627552937709186,1.5445027938018463,false,2.5194556323929094,2.654127063531767,0.1346714311388575,-0.08000000000000007,0.9609020270746014,660.2793420443232,0.47585714285714287,0.8534285714285714
8,38,16991210322193108241,3.4865064606722194,3.462,-0.024506460672219177,0.029469710838901434,-0.8315813075393149,false,1.7908305570277625,1.8484122061030517,0.057581649075289176,0.03200000000000003,0.5429303357425295,940.6385115218517,0.44257142857142856,0.8578571428571429
8,39,1575369776152927639,0.14515851275386948,0.15999999999999998,0.014841487246130491,0.01924401657884971,0.7712260683895973,false,0.5810958381328707,0.575775887943972,-0.005319950188898637,-0.032,0.8314272612706501,694.3995055474057,0.44971428571428573,0.8504285714285714
8,40,11405398459917947872,0.29488813676718695,0.313,0.018111863232813052,0.020346779209794042,0.8901587345133622,false,1.2437695505815376,1.248574287143573,0.004804736562035394,0.08999999999999997,2.211652249036986,1269.5906076773545,0.45557142857142857,0.8362857142857143
8,41,18292502644826587946,0.1455035692427482,0.147,0.001496430757251782,0.04097998803940605,0.036516134553597854,false,1.6386910281924065,1.6223131565782876,-0.016377871614118966,-0.11399999999999999,1.3909228071318425,406.94946198551276,0.445,0.8581428571428571
8,42,7940191130062418754,-0.05436755950381863,-0.054000000000000006,0.0003675595038186222,0.008334750388104958,0.04409964146535081,false,0.21607782730298108,0.22371985992996507,0.0076420326269839856,0.028000000000000004,1.6797143703283874,1403.3031072990348,0.46485714285714286,0.8622857142857143
8,43,18392062282033425192,0.26269443251107916,0.268,0.005305567488920859,0.032210925978248206,0.16471328680534267,false,2.151800666458814,2.136420210105053,-0.015380456353760952,0.035999999999999976,0.5588165957152319,882.150397460785,0.4287142857142857,0.8468571428571429
8,44,6131386863005149748,1.4984682927614925,1.4809999999999999,-0.017468292761492643,0.042416124956532214,-0.4118314150430772,false,3.752009377957484,3.7909334667333647,0.038924088775880605,0.1180000000000001,1.3909804363426148,915.0848417273343,0.5032857142857143,0.859
8,45,11929753253749154941,0.04577278093801751,0.047,0.0012272190619824902,0.018441894608157035,0.06654517271992645,false,0.5081160554677999,0.4436438219109556,-0.06447223355684434,-0.034,0.9218141823932087,402.5867675040321,0.4947142857142857,0.8568571428571429
8,46,9523381249821264926,0.6479798208346255,0.688,0.04002017916537448,0.08757399758219458,0.4569870083618442,false,3.6939088197814396,4.073964982491241,0.3800561627098018,-0.0119999999999999,0.06851348762934469,247.71419053645968,0.45871428571428574,0.841
8,47,11085261573056897044,2.8814349024805033,2.886,0.004565097519496852,0.055916228044990225,0.0816417286914234,false,3.223341245942977,3.319611805902952,0.09627055995997491,-0.06400000000000006,0.572284667954584,410.93184293477896,0.43842857142857145,0.8451428571428572
8,48,7400561619965924550,0.31225017265473104,0.319,0.006749827345268966,0.03272034487875232,0.20628839244454653,false,1.1834540853597288,1.2381210605302644,0.05466697517053554,-0.11399999999999999,1.7420354281477701,478.71017553469727,0.4684285714285714,0.8492857142857143
8,49,47618780284794000,0.29497922225290885,0.28300000000000003,-0.011979222252908817,0.020692686017704694,-0.5789109370653658,false,1.2251382150701549,1.1932346173086543,-0.031903597761500535,0.08200000000000002,1.981376413140389,1208.1202289791809,0.46,0.861
8,50,11167947565702024877,0.7043114960763315,0.712,0.007688503923668488,0.04010478993945778,0.19171036515276754,false,2.615509476828243,2.7604122061030507,0.14490272927480774,0.04400000000000004,0.5485629031647151,694.7172050262509,0.477,0.8512857142857143
8,51,7839726026629746799,0.10796761371008134,0.061,-0.046967613710081346,0.023961630774525466,-1.960117579309937,false,1.1848810564797636,1.319041520760379,0.13416046428061534,0.10600000000000001,2.211869488296529,1152.1255707718867,0.3985714285714286,0.8618571428571429
8,52,11242122350849377066,-0.32076952978975726,-0.277,0.04376952978975723,0.025208267976741142,1.736316427219116,false,1.1997532681205576,1.0130645322661325,-0.18668873585442514,0.12200000000000003,2.41984098456438,539.7534891193176,0.43714285714285717,0.852
8,53,8945731780481691745,-2.4128385136184796,-2.2830000000000004,0.1298385136184792,0.06181146171949013,2.1005572430515596,false,3.8307622866394877,3.821012506253126,-0.00974978038636154,-0.28600000000000003,2.31348678743363,475.4099803764964,0.473,0.8471428571428572
8,54,7690802595959964405,0.0033857327797886362,-0.001,-0.004385732779788636,0.0017323396030369234,-2.5316818781375847,false,0.019661325477759464,0.012004002001000503,-0.007657323476758961,0.002,0.5772540200818153,2000.0,0.48528571428571426,0.8477142857142858
8,55,6922571102183359471,-1.8095832074482727,-1.926,-0.11641679255172721,0.06597203310931307,-1.764638545530788,false,3.965506658912883,4.125262631315657,0.15975597240277395,-0.23999999999999977,1.8189525825460706,359.3178118442759,0.4665714285714286,0.8534285714285714
8,56,17116336214569254419,-0.08841511177619481,-0.098,-0.009584888223805196,0.02665123348220604,-0.35964144887345056,false,0.7647400427843911,0.9357558779389701,0.17101583515457897,0.132,2.4764332219019267,608.7876985124238,0.4667142857142857,0.8528571428571429
8,57,9618668451409140721,-3.328495162122265,-3.307,0.02149516212226521,0.0253139147138302,0.8491441314101204,false,2.235169762176623,2.261128564282141,0.02595880210551771,-0.0019999999999997797,0.039503964965700945,1752.7530931833448,0.5032857142857143,0.8278571428571428
8,58,606615259120600331,-2.841360758978428,-3.035,-0.19363924102157215,0.06426178180147364,-3.0132877675223697,false,3.3208473771545095,2.8272356178089026,-0.49361175934560686,-0.06600000000000028,0.5135245098237128,303.80006693077445,0.487,0.8555714285714285
8,59,1666639439875453174,-0.025275976347156948,-0.018000000000000002,0.0072759763471569455,0.009137571647204978,0.7962702376601927,false,0.26257221118392243,0.2721280640320161,0.009555852848093682,0.004,0.2188765327614985,1612.5288852561466,0.46785714285714286,0.8534285714285714
8,60,4150193659005631401,0.29382756518586056,0.315,0.02117243481413944,0.01855676903015229,1.1409548062885861,false,1.2789562540287225,1.4046043021510752,0.12564804812235275,0.014000000000000012,0.3772208399331766,2000.0,0.4794285714285714,0.8535714285714285
8,61,8232622803827352047,-0.1386145716526097,0.073,0.21161457165260972,0.04171301626426628,5.073106445047243,false,3.7983298934432788,3.4770165082541276,-0.3213133851891512,-0.038,0.4554933136368868,940.866107998745,0.46,0.8455714285714285
8,62,16695773825571100700,3.0622768669763625,2.957,-0.10527686697636263,0.05526739409385045,-1.9048639564512537,false,2.9114901862080496,2.9850745372686327,0.07358435106058314,0.09399999999999986,0.8504110021939604,418.0350040706865,0.4595714285714286,0.854
8,63,5141359313639625542,-0.07973208762538216,-0.056999999999999995,0.02273208762538216,0.01242452340699413,1.8296144552784697,false,0.5534327915867843,0.5795677838919463,0.02613499230516203,-0.038,1.529233708015258,1806.7238325118306,0.477,0.8518571428571429
8,64,8874511143035872049,-0.12227374547260894,-0.1,0.022273745472608936,0.028418811101314532,0.7837676739256221,false,0.4784851703465353,0.3813026513256624,-0.09718251902087294,0.07600000000000001,1.3371424956704923,204.65065970804469,0.47314285714285714,0.855
8,65,8269433969715823898,0.25854071444026694,0.251,-0.007540714440266938,0.028215270648159183,-0.2672564985925063,false,1.0532857312239317,1.0120560280140076,-0.04122970320992403,0.030000000000000027,0.5316270110270461,531.4460919416631,0.502,0.8501428571428571
8,66,8391272022635386277,0.09155177232593881,0.086,-0.005551772325938814,0.01347212830701066,-0.41209318968924674,false,0.3587950368291815,0.34397198599299633,-0.014823050836185181,-0.020000000000000004,0.7422732156430084,790.5277144664406,0.481,0.8598571428571429
8,67,5688377982749714889,0.21994026542883335,0.26,0.040059734571166655,0.026303412397479676,1.5229862181305827,false,0.8531306445724426,0.9924882441220605,0.1393575995496179,-0.0040000000000000036,0.07603576181589414,615.6155712149991,0.4452857142857143,0.8605714285714285
8,68,8985144329702532877,-2.7519533096277025,-2.754,-0.002046690372297544,0.02962165547765044,-0.06909439527584045,false,3.4691163020005447,3.4483721860930454,-0.02074411590749925,0.0519999999999996,0.8777362230688565,1958.7554611451287,0.46885714285714286,0.8547142857142858
8,69,17455704210477092969,-0.1237955586533015,-0.145,-0.021204441346698494,0.025415480101985122,-0.8343120516162228,false,0.538799438540622,0.5402681340670336,0.0014686955264116008,0.0020000000000000018,0.039346099148522246,343.7930261370696,0.43028571428571427,0.8641428571428571
8,70,10913248982990038074,0.046156296838497105,0.069,0.0228437031615029,0.019609968356156627,1.164902601912207,false,0.2249321684726653,0.3638439219609801,0.13891175348831478,0.026000000000000002,0.6629281477610646,427.42362671808075,0.45557142857142857,0.8492857142857143
8,71,3844806701682384008,-1.0406165034736359,-1.085,-0.044383496526364086,0.06745706451348418,-0.657951792691663,false,3.2937727547614792,3.371235617808908,0.07746286304742878,0.07000000000000006,0.5188485483681814,216.63044126153542,0.462,0.8568571428571429
8,72,6731624566979129876,-0.0919695360416859,-0.103,-0.011030463958314099,0.011596716212508462,-0.9511713278295462,false,0.4047577236361685,0.45222411205602775,0.04746638841985923,-0.0020000000000000018,0.08623130735245378,1631.79058332113,0.48228571428571426,0.8541428571428571
8,73,11068076932823003703,0.00034373930318087886,0.001,0.0006562606968191212,0.0010000000000000009,0.6562606968191206,false,0.005050843102105694,0.004000000000000007,-0.0010508431021056868,-0.002,0.9999999999999991,2000.0,0.4044285714285714,0.8614285714285714
8,74,16444805628065957732,-2.9595008749324103,-2.9690000000000003,-0.009499125067589986,0.049109087114490586,-0.19342907037640872,false,3.092605980445687,3.0366363181590783,-0.05596966228660882,-0.04200000000000026,0.4276194332637813,471.3380099801454,0.48114285714285715,0.8415714285714285
8,75,8867597781522075249,-0.002128189969356752,-0.002,0.0001281899693567519,0.0014138597878679043,0.09066667745750229,false,0.008510953970245295,0.007995997998999502,-0.0005149559712457931,-0.004,1.4145674253993694,2000.0,0.4154285714285714,0.8531428571428571
8,76,7724374977058287474,0.26570622056576315,0.258,-0.007706220565763144,0.02582074577653071,-0.2984507354070141,false,1.1090471066883651,1.0164762381190589,-0.0925708685693063,-0.008000000000000007,0.15491419320799515,631.3710208197194,0.4672857142857143,0.8507142857142858
8,77,8487756756003480307,0.8109372855718711,0.793,-0.01793728557187102,0.05635337093917344,-0.3183001348975578,false,2.661630013484939,2.7007723861930955,0.03914237270815635,0.03400000000000003,0.301667845537571,315.2783593077295,0.49257142857142855,0.8497142857142858
8,78,13977512813497614390,-0.03362163023072329,-0.035,-0.001378369769276716,0.0066626971840901975,-0.20687864556836147,false,0.17206150873901235,0.1640800400200099,-0.00798146871900246,0.001999999999999995,0.15008936656882585,1844.2083648673015,0.43057142857142855,0.8541428571428571
8,79,1568132083625778640,-0.15711077132367857,-0.158,-0.0008892286763214352,0.01783422619044363,-0.04986079389292053,false,1.0002275127763014,1.0724642321160596,0.07223671933975817,-0.01200000000000001,0.33643175408502285,1522.673842938853,0.44114285714285717,0.8535714285714285
8,80,6746894842807192231,2.7480185553649363,2.7039999999999997,-0.044018555364936596,0.031980604411569,-1.3764141164578136,false,3.455506526747114,3.4719359679839927,0.016429441236878617,0.14000000000000012,2.18882667441637,1708.8070689349372,0.4617142857142857,0.8487142857142858
8,81,10938114286532832636,1.7936854990170963,1.741,-0.05268549901709618,0.03846290836845389,-1.369774186403107,false,4.39591659098992,4.248906453226614,-0.14701013776330552,-0.20600000000000018,2.6779046195185168,1227.2845996954693,0.48,0.854
8,82,10236288585668632306,-0.010887742102849839,-0.005,0.0058877421028498385,0.0022347252624202495,2.6346603772104418,false,0.04464952505791946,0.01999199599799901,-0.024657529059920455,0.006,1.3424468996027474,2000.0,0.5092857142857142,0.8592857142857143
8,83,4517069561307840164,0.07319637274747448,0.092,0.018803627252525518,0.016544043964380264,1.1365798648148053,false,0.7495468013077168,0.8482961480740362,0.09874934676631941,0.016,0.48355770918066937,1238.282283344629,0.463,0.8464285714285714
8,84,5483839760004895936,-0.032950351668953694,-0.021,0.011950351668953692,0.0051839113098348915,2.3052770301609025,false,0.14500786259647808,0.10781190595297653,-0.037195956643501546,-0.022,2.121949883504151,2000.0,0.4752857142857143,0.8514285714285714
8,85,18140159090849670349,-0.19929523643984126,-0.16599999999999998,0.03329523643984128,0.027782348882963825,1.1984312982354766,false,0.7591409754404933,0.6482521260630322,-0.11088884937746113,0.011999999999999983,0.21596446093437405,303.2224542450104,0.40914285714285714,0.8611428571428571
8,86,625283115361242370,0.16510157833933536,0.163,-0.002101578339335358,0.016220899012767173,-0.12955991759034097,false,0.7371609040457571,0.7066713356678341,-0.030489568377922938,0.057999999999999996,1.7878170610133648,1180.4283964324352,0.471,0.8478571428571429
8,87,11446724856749186949,-0.21150527777430028,-0.081,0.13050527777430027,0.035594458104090704,3.6664493498582553,false,0.8019332253984767,0.3237118559279642,-0.47822136947051247,-0.03,0.42141391663091843,115.09033472482456,0.49014285714285716,0.8518571428571429
8,88,1770211685752957346,-0.00017859109409124052,0.001,0.0011785910940912405,0.001,1.1785910940912405,false,0.009092821795853492,0.004,-0.005092821795853492,0.002,1.0,2000.0,0.45471428571428574,0.8615714285714285
8,89,754854148410556534,1.9785767806855463,1.941,-0.03757678068554626,0.10839106299076505,-0.3466778500802028,false,4.0210038008409255,3.8038839419709847,-0.21711985886994078,0.4940000000000002,2.2787856598568887,117.81131078712727,0.4585714285714286,0.8338571428571429
8,90,18079577691477298786,1.064761604834442,1.254,0.18923839516555807,0.09567582271151753,1.9779123900104953,false,5.551669316429284,5.257980990495254,-0.2936883259340304,-0.03600000000000003,0.18813530409112605,274.2180321829086,0.4784285714285714,0.849
8,91,11054227263843250655,0.0991585109503274,0.04699999999999999,-0.05215851095032741,0.04224193324721574,-1.2347567201784093,false,2.90624712586462,2.84414007003502,-0.06210705582960019,0.258,3.0538375041938375,575.3765048141438,0.47714285714285715,0.8534285714285714
8,92,831952008785342822,0.1260698318876547,0.10300000000000001,-0.023069831887654685,0.031179862538407165,-0.7398952403730904,false,0.9548127128440297,0.8361760880440218,-0.11863662480000792,-0.022000000000000006,0.3527918054946608,377.9775725762359,0.4828571428571429,0.8498571428571429
8,93,6768888204410725348,0.3872363302075956,0.33999999999999997,-0.047236330207595656,0.022203117060530107,-2.127463908730474,false,1.7141838170634591,1.632688344172085,-0.08149547289137415,-0.01599999999999996,0.36030976993862573,1480.56327926509,0.4534285714285714,0.8447142857142858
8,94,14680903378376420467,0.043289788641078505,0.062,0.018710211358921494,0.016132436277578325,1.159788331842097,false,0.6528380344135484,0.6147393696848422,-0.038098664728706155,0.055999999999999994,1.7356336958798846,1098.8124797944236,0.43142857142857144,0.8465714285714285
8,95,9423540356294645024,0.5310193155607063,0.506,-0.025019315560706246,0.036963538082464144,-0.6768647391082849,false,1.9948534234500532,1.9351675837918956,-0.05968583965815766,-0.13999999999999996,1.8937581095141065,627.8913448629103,0.4367142857142857,0.8657142857142858
8,96,6914377841691966517,-0.45029396322770976,-0.483,-0.032706036772290226,0.053095270437878386,-0.6159877612932847,false,4.950127862197212,4.960862431215611,0.010734569018399753,-0.10600000000000004,0.9982056699760136,749.8892319852974,0.499,0.8498571428571429
8,97,1017194212266938981,-0.38465355649196065,-0.389,-0.004346443508039366,0.026468117351222085,-0.164214305474155,false,1.4092987788760212,1.404652326163083,-0.004646452712938176,-0.010000000000000009,0.18890652227553104,789.808231559046,0.42028571428571426,0.8634285714285714
8,98,15398550814575487034,-1.729567485067299,-1.729,0.0005674850672989784,0.044033596035185404,0.012887547654421065,false,3.945712636457768,3.8518439219609815,-0.09386871449678669,0.14200000000000013,1.6124052176721368,950.3101306278293,0.46214285714285713,0.8475714285714285
8,99,4051343637355128615,0.6059202339287719,0.731,0.12507976607122806,0.06983077110627263,1.7911840881847663,false,2.0573799157925667,2.2447043521760874,0.1873244363835207,0.5940000000000001,4.253139343800282,199.66431700854562,0.42928571428571427,0.8547142857142858
8,100,10342051937261715468,-0.2528885142969704,-0.303,-0.05011148570302959,0.04081250257805006,-1.227846432773783,false,0.9645161223257159,1.099827913956979,0.13531179163126317,0.038000000000000034,0.4655436153091644,280.0644284914341,0.44671428571428573,0.8542857142857143
8,101,12897335311229967570,1.3033686765232269,1.322,0.01863132347677321,0.05869276175254607,0.31743818011707364,false,3.5641074045106156,3.534567283641821,-0.02954012086879443,-0.08000000000000007,0.6815150421553446,494.2749899309368,0.45785714285714285,0.8568571428571429
8,102,12934554617385534675,-0.1339605723828765,-0.104,0.029960572382876513,0.016931600383477477,1.7695062312073713,false,0.9415787410972254,0.8078919459729865,-0.13368679512423887,0.032,0.9449785984562588,1123.1191795449922,0.5357142857142857,0.8374285714285714
8,103,17094316637270391245,-1.3176636719770491,-1.374,-0.056336328022950966,0.041567267060096835,-1.355305075541806,false,3.534624659814023,3.656860430215107,0.12223577040108413,-0.04399999999999982,0.5292626038703219,848.4863947082258,0.4298571428571429,0.8501428571428571
8,104,5045314903067367868,-0.6793978799377666,-0.703,-0.02360212006223339,0.03549605551999739,-0.664922333382555,false,2.258711568404566,2.3327163581790904,0.0740047897745244,0.030000000000000027,0.42258216526479886,737.9085709643298,0.4625714285714286,0.8517142857142858
8,105,9627299388624198510,0.002019697923438396,-0.305,-0.3070196979234384,0.03295536090541586,-9.316229271607916,false,0.008077776530066912,1.1429534767383678,1.134875700208301,0.10599999999999998,1.6082360667241244,482.7007289932431,0.441,0.8584285714285714
8,106,14015007716524791331,0.0656616077290384,0.064,-0.0016616077290383946,0.010827310969553658,-0.153464487508563,false,0.2918348573939674,0.26373986993496756,-0.028094987458999854,0.027999999999999997,1.2930264993189837,921.5706103819059,0.5052857142857143,0.846
8,107,10585259927565684660,-0.3048619345872729,-0.40900000000000003,-0.10413806541272713,0.050057074908290804,-2.08038655082259,false,1.2640508729906788,1.6087543771885964,0.3447035041979176,-0.09000000000000002,0.8989738230298949,293.163199775422,0.4952857142857143,0.8554285714285714
8,108,8296880357851192250,0.7264895597072023,0.76,0.033510440292797705,0.050241892120638995,0.6669820517972066,false,3.7474562928799067,3.6946473236618314,-0.05280896921807532,0.08000000000000007,0.7961483596985858,470.5242000268877,0.4827142857142857,0.8495714285714285
8,109,231201070060089200,0.213495058608566,0.237,0.023504941391433998,0.040327075284485175,0.5828575770898251,false,0.8974026036664243,1.0445202601300652,0.14711765646364083,0.0020000000000000018,0.024797235925133547,231.47181099656186,0.42,0.8528571428571429
8,110,11306310384277311317,-2.2390713931822774,-1.994,0.24507139318227744,0.0850637180592584,2.881033168707157,false,3.9451969067522836,3.926435217608804,-0.018761689143479643,0.08400000000000007,0.49374752195455823,219.68681924046834,0.4642857142857143,0.852
8,111,7976630461022959021,-3.911364276533089,-3.919,-0.007635723466910882,0.009329913699752123,-0.8184130864054775,false,0.34674160612979454,0.3158199099549772,-0.030921696174817326,0.0259999999999998,1.3933676578750438,1626.0476664231,0.4907142857142857,0.8591428571428571
8,112,1880054855122592869,0.35981551070702744,0.46399999999999997,0.10418448929297253,0.04575875098432882,2.276821089995507,false,1.3233499773217612,1.6320160080040014,0.3086660306822402,-0.03999999999999998,0.4370748669877259,362.93937308134724,0.4898571428571429,0.8515714285714285
8,113,12011538815588149289,-3.9737949621790123,-3.958,0.015794962179012106,0.007098459132870371,2.2251254650282353,false,0.10421070254922596,0.16711555777888953,0.06290485522966358,0.04400000000000004,3.0992641625738266,1558.3132209574037,0.3787142857142857,0.8387142857142857
8,114,9281213631168543452,-0.9670384703519608,-0.938,0.029038470351960832,0.0741520395031806,0.3916071701671171,false,3.034171224871913,2.90698149074537,-0.12718973412654266,0.21200000000000008,1.4294954084904623,256.43416411497975,0.45171428571428573,0.8397142857142857
8,115,13453320608781063117,-2.213808941449409,-2.267,-0.05319105855059103,0.08134025408103283,-0.6539327809033029,false,3.9573820123657097,3.781088544272138,-0.17629346809357171,0.40200000000000014,2.4711012065411024,256.56066374025096,0.5008571428571429,0.8578571428571429
8,116,17415696464677618913,-1.4013120885547488,-1.396,0.0053120885547488506,0.06204170057554164,0.0856212596603615,false,3.976323393656875,4.108646323161579,0.1323229295047037,0.10399999999999987,0.8381459488958561,446.2397941246468,0.4105714285714286,0.8561428571428571
8,117,7743754689576688287,0.002073250451099469,0.002,-7.325045109946894e-5,0.0020002501094238513,-0.03662064596540274,false,0.013944285549272312,0.016008004002001,0.002063718452728687,0.0,0.0,2000.0,0.4471428571428571,0.8604285714285714
8,118,16726962702004074655,3.672439565324665,3.643,-0.029439565324665296,0.035645196233255,-0.8259055478897828,false,1.2363251884112443,1.3562281140570291,0.11990292564578486,0.029999999999999805,0.4208140671142029,444.0764460190113,0.44242857142857145,0.859
8,119,10387052432408937807,-0.0558688520638162,-0.019,0.036868852063816196,0.006702354681687571,5.500880483772469,false,0.22411463436096987,0.0758759379689845,-0.1482386963919854,0.018000000000000002,1.342811657608951,732.9068148155606,0.412,0.8635714285714285
8,120,485499945011723302,-0.0221235904172139,-0.034,-0.011876409582786102,0.005975270029543687,-1.9875937864004893,false,0.11654475282621188,0.143871935967984,0.027327183141772127,-0.019999999999999997,1.6735645335786886,2000.0,0.4972857142857143,0.8522857142857143
8,121,1601582257949053360,-1.3666473187725254,-1.291,0.07564731877252551,0.07501779848839216,1.008391612348245,false,3.599582304054827,3.5971565782891437,-0.0024257257656832287,0.22199999999999998,1.4796488598259188,265.6133319814262,0.4595714285714286,0.8545714285714285
8,122,13239264072508456948,0.09008118870544823,0.063,-0.027081188705448234,0.035633725958883956,-0.7599875673034,false,2.5304137274851293,2.5730445222611285,0.04263079477599918,-0.022,0.30869631799639397,946.2133195276319,0.493,0.8377142857142857
8,123,8025568083426296996,0.6862321487599266,0.72,0.03376785124007342,0.0334925507908735,1.0082197516372786,false,2.854638832040842,3.089152576288146,0.23451374424730398,0.028000000000000025,0.4180033968572773,1210.3865598290015,0.479,0.8591428571428571
8,124,8622112504409099422,-0.010796621714483791,0.003,0.01379662171448379,0.006855434996737785,2.012508574736545,false,0.18074389005149485,0.17203601800900467,-0.008707872042490183,-0.01,0.7293483203296788,1703.824522853476,0.46,0.8492857142857143
8,125,15815638766645921830,1.8419160494324514,1.841,-0.0009160494324513824,0.07269960179430542,-0.012600473865637278,false,4.045262533131828,3.9341250625312645,-0.11113747060056323,0.17799999999999994,1.2242157839022905,300.2527629939942,0.42414285714285715,0.85
8,126,3163876124919971961,-0.14180406252290556,-0.137,0.00480406252290555,0.012063543324362441,0.39822980642873806,false,0.5620893932727686,0.5637038519259631,0.0016144586531944283,0.034,1.4092045382444425,1844.1406862358008,0.5122857142857142,0.8475714285714285
8,127,13822275952586322079,0.01021211276008314,0.018,0.007787887239916859,0.004668487537516235,1.6681820776713974,false,0.05432625174002335,0.0720360180090045,0.01770976626898115,0.0,0.0,1397.260693763791,0.4135714285714286,0.8674285714285714
8,128,9483423171124783293,0.001930502078871743,0.001,-0.0009305020788717431,0.001000000000000001,-0.9305020788717421,false,0.02311442724086466,0.004000000000000008,-0.019114427240864654,-0.002,0.9999999999999989,2000.0,0.445,0.8577142857142858
8,129,4698078063115107533,0.1914407985782829,0.19,-0.001440798578282887,0.02369108632557075,-0.060816062146030615,false,0.7760486100639827,0.7795897948974476,0.0035411848334648832,-0.16000000000000003,3.376797454562173,658.7234657550296,0.47814285714285715,0.8395714285714285
8,130,15672667540725897087,-1.799591624866998,-1.7320000000000002,0.06759162486699788,0.0924312096981492,0.7312640945383115,false,4.001091410852363,4.053034517258629,0.05194310640626565,0.272,1.4713644930552414,192.91375266695883,0.49157142857142855,0.841
8,131,17913525516213929239,0.0916275580149332,0.064,-0.027627558014933204,0.015526148996171892,-1.7794211572840775,false,0.3582574759415106,0.2560960480240119,-0.10216142791749866,-0.008000000000000007,0.2576298862638919,453.73191581953824,0.43885714285714283,0.8582857142857143
8,132,9585290872017901281,0.20054647529045477,0.179,-0.02154647529045478,0.020712512150383628,-1.0402637369149694,false,1.0471775921786564,0.9783111555777889,-0.06886643660086744,0.066,1.5932398619927322,1001.0124845447365,0.4605714285714286,0.8478571428571429
8,133,3385207500636872330,0.3871357015346575,0.471,0.08386429846534249,0.05627144973276866,1.4903525475816137,false,1.4094591273479784,1.6601080540270132,0.2506489266790348,-0.03799999999999998,0.3376490225546061,240.18599856256756,0.45571428571428574,0.8457142857142858
8,134,16013457944729456289,-0.027620768421709452,-0.028999999999999998,-0.0013792315782905455,0.005366740253680554,-0.2569961490766499,false,0.11562321333153432,0.11604002001000509,0.00041680667847077135,0.006000000000000002,0.5589985462669963,2000.0,0.4655714285714286,0.8458571428571429
8,135,700148315315185084,0.7229271615653227,0.77,0.047072838434677355,0.03906337677675339,1.2050376162741363,false,2.580309839725322,2.587181590795397,0.006871751070074872,0.16799999999999993,2.1503517343126455,643.5073059324817,0.4367142857142857,0.8708571428571429
8,136,10050699198541808399,0.0001930597207680672,0.001,0.0008069402792319328,0.0010000000000000005,0.8069402792319325,false,0.0027746823633478758,0.004000000000000004,0.0012253176366521287,-0.002,0.9999999999999996,2000.0,0.45071428571428573,0.857
8,137,548689106618341948,-0.13986351987013446,-0.14400000000000002,-0.004136480129865561,0.013776872453764804,-0.30024812552686336,false,0.6758388028820286,0.7117078539269632,0.03586905104493465,-0.036000000000000004,1.3065374641746896,1787.548535578688,0.49514285714285716,0.8705714285714286
8,138,11984716301841529,-0.0006922108318452302,-0.001,-0.0003077891681547698,0.0010000000000000009,-0.3077891681547695,false,0.003492812526868077,0.004000000000000007,0.00050718747313193,-0.002,0.9999999999999991,2000.0,0.4654285714285714,0.8524285714285714
8,139,983842964381570939,-0.1837750668882152,-0.276,-0.09222493311178481,0.04586514587137932,-2.0107846897601354,false,2.165405979128493,2.3825992996498253,0.2171933205213321,-0.07200000000000001,0.7849097460837828,475.1405497996693,0.4987142857142857,0.8551428571428571
8,140,16374240683566029122,-1.0939868629169691,-1.1230000000000002,-0.029013137083031104,0.05016034983777463,-0.5784077897555245,false,3.3016801563038705,3.309652826413207,0.007972670109336555,-0.0020000000000000018,0.019936065103894538,574.1394250788196,0.4908571428571429,0.8508571428571429
8,141,6740158449717919421,0.0752185235608307,0.068,-0.007218523560830692,0.009764364055211217,-0.7392722680160808,false,0.31591927043359186,0.2880160080040019,-0.02790326242958996,0.016,0.8193057893750305,1453.770704986791,0.49328571428571427,0.8447142857142858
8,142,15055468235872912662,0.31849502931800994,0.35,0.03150497068199004,0.05094461793996022,0.6184160752588155,false,1.1763835694393925,1.2889564782391203,0.11257290879972781,0.124,1.2170078510171356,211.50451947804643,0.4908571428571429,0.8584285714285714
8,143,4090543777617312797,-0.18951988227001504,-0.187,0.002519882270015039,0.016797347065361783,0.15001668181348407,false,1.018283513307204,0.9081160580290143,-0.11016745527818961,0.026000000000000023,0.7739317375186958,1639.6568160152435,0.4044285714285714,0.8612857142857143
8,144,7550376651752656964,-0.48849337560837425,-0.505,-0.016506624391625757,0.02465388276656919,-0.6695344724364812,false,1.718395640163354,1.746695347673837,0.02829970751048294,0.06600000000000006,1.3385315535266609,1255.6549205101876,0.4074285714285714,0.8562857142857143
8,145,17638512159116058056,0.23202946463422103,0.39699999999999996,0.16497053536577894,0.07863543661063682,2.09791593302432,false,0.8742868704681376,1.3005682841420712,0.4262814136739336,-0.358,2.2763274131269604,97.09498950028106,0.4794285714285714,0.8581428571428571
8,146,2670048313809376179,-0.4126884075522458,-0.471,-0.05831159244775419,0.038834645097257016,-1.5015353507601097,false,1.6141618017007897,1.74070835417709,0.1265465524763003,-0.01799999999999996,0.23175182823122212,519.7887824683552,0.42528571428571427,0.86
8,147,14463644811098305512,-3.4363943405321855,-3.3369999999999997,0.09939434053218577,0.038180654541149585,2.6032644470529576,false,1.9372878324918088,2.3005722861430713,0.3632844536512625,-0.03400000000000025,0.4452516648628484,475.80589412559704,0.44642857142857145,0.8502857142857143
8,148,12714845934858195177,-0.0032269275049121304,-0.001,0.0022269275049121304,0.0010000000000000002,2.2269275049121298,false,0.01304226722418729,0.004000000000000002,-0.009042267224187288,-0.002,0.9999999999999998,2000.0,0.41585714285714287,0.8582857142857143
8,149,14852636927950465568,-0.06686602426222915,-0.051000000000000004,0.015866024262229148,0.020421872096601887,0.7769133107473133,false,0.5663221189805283,0.580048024012006,0.013725905031477637,0.022,0.5386381791035874,601.4177126054418,0.4717142857142857,0.8382857142857143
8,150,10429837425292490995,-3.47604219805158,-3.3899999999999997,0.08604219805158042,0.05959030871245963,1.4438958265304307,false,1.8213812840167352,2.1530045022511244,0.3316232182343892,0.01200000000000001,0.10068751328259987,195.57211779636802,0.4427142857142857,0.8348571428571429
8,151,10453864177944538241,-0.17405522243001514,-0.246,-0.07194477756998485,0.05607776175706238,-1.2829466675517625,false,2.8721741116913337,3.1762361180590286,0.30406200636769487,-0.05200000000000002,0.4636418998432225,402.1186879058098,0.4787142857142857,0.8614285714285714
8,152,13011990459500858486,-0.03942007959265281,-0.043,-0.003579920407347184,0.011047479345984275,-0.32404861735708734,false,0.20208985883566194,0.20400400200100072,0.0019141431653387775,-0.014000000000000005,0.6336287021477421,803.5945329224508,0.5077142857142857,0.8465714285714285
8,153,2679508826139666849,0.13522031576319088,0.097,-0.038220315763190876,0.05533985864164482,-0.6906471520046312,false,2.098118040666681,2.1180970485242625,0.019979007857581443,0.118,1.066139333352052,286.9273159846904,0.4865714285714286,0.8582857142857143
8,154,13958817666659380763,0.8115949414379325,0.816,0.00440505856206741,0.026186630898588484,0.16821784288046204,false,2.645336396982584,2.6813406703351674,0.03600427335258338,0.0,0.0,1874.5899936748783,0.4777142857142857,0.8547142857142858
8,155,11707087217506372675,0.8246132281261314,1.09,0.2653867718738687,0.11130534928919772,2.3843128256516306,false,2.6391758034840986,3.177516758379186,0.5383409548950873,-0.01200000000000001,0.05390576498179419,121.52846090422287,0.4712857142857143,0.836
8,156,8934672601696156120,-0.008384732231961097,-0.012,-0.0036152677680389034,0.006917136429780367,-0.5226538184896977,false,0.15299088780773124,0.12005202601300655,-0.03293886179472469,-0.004,0.2891369890276263,1030.2873980873603,0.4742857142857143,0.8511428571428571
8,157,6892011627673861610,0.027583847437331888,0.013999999999999999,-0.013583847437331889,0.009371701707611505,-1.4494536703296226,false,0.368630827107868,0.33613606803401674,-0.03249475907385124,-0.007999999999999998,0.4268168284476319,1835.9789106562814,0.45257142857142857,0.8601428571428571
8,158,16896342972981963497,-0.2111894292224788,-0.18,0.031189429222478804,0.026123286375292362,1.1939320640751405,false,0.8167075734999527,0.6711835917958978,-0.1455239817040549,-0.04799999999999999,0.9187205489849626,381.3274588888071,0.49942857142857144,0.8534285714285714
8,159,16716276076187632519,0.04759851224058054,0.023,-0.024598512240580538,0.007087883290854389,-3.470501873573511,false,0.24363168951003378,0.14797598799399717,-0.09565570151603661,0.013999999999999999,0.9876009116899841,1346.5491976510853,0.42457142857142854,0.8617142857142858
8,160,7804946254530614220,1.5599292066225119,1.51,-0.04992920662251188,0.09788174680796716,-0.5100972168025086,false,3.850535235790157,3.6404682341170576,-0.21006700167309944,-0.052000000000000046,0.26562664488414844,180.57946112967824,0.5002857142857143,0.8474285714285714
8,161,1890843629304232783,0.0806606504976981,0.089,0.00833934950230189,0.024699826683989377,0.3376278550046476,false,0.5320263736420598,0.5065712856428213,-0.025455087999238568,-0.057999999999999996,1.1740973072818373,306.71427015631366,0.43814285714285717,0.8515714285714285
8,162,8378879565256653213,-0.006785848816526219,-0.012,-0.0052141511834737815,0.0034596220158055026,-1.5071447573326222,false,0.0408203060264419,0.04801600800400197,0.007195701977560073,0.004,0.5780978357932957,2000.0,0.4592857142857143,0.8517142857142858
8,163,10894877427364922530,0.03672534962080598,0.053,0.016274650379194018,0.010285810466291663,1.5822428803766893,false,0.25299668861085567,0.2361160580290144,-0.016880630581841277,-0.0020000000000000018,0.0972213131164695,1048.8403925641078,0.428,0.854
8,164,16980000110879400921,-0.023083595845544536,-0.038,-0.014916404154455463,0.006438528001135861,-2.3167413657009748,false,0.09518673902763294,0.15178789394697356,0.05660115491934062,-0.024000000000000004,1.8637800438055105,1542.4793443110389,0.47514285714285714,0.857
8,165,16619470925667841505,0.1248603627541417,0.243,0.1181396372458583,0.052627517068320424,2.2448263537208266,false,0.4853412348534823,0.8755557778889449,0.3902145430354626,-0.04200000000000001,0.3990307954817259,137.98244571836793,0.4602857142857143,0.853
8,166,2348670051284472261,0.9359801519830437,0.8640000000000001,-0.07198015198304364,0.06710631646018451,-1.0726285658333052,false,2.8687226877022347,2.683069534767384,-0.18565315293485085,-0.11199999999999999,0.834496705436453,246.22374661893986,0.5188571428571429,0.8351428571428572
8,167,3645633500153769934,-1.5651734577629062,-1.6,-0.034826542237093916,0.055749718910316874,-0.624694490264937,false,4.2671118512861606,4.161112556278139,-0.1059992950080213,0.04400000000000004,0.3946208237460506,466.5348442573066,0.48928571428571427,0.8572857142857143
8,168,290710582019355450,1.4094095103943862,1.335,-0.07440951039438626,0.051358010851660904,-1.4488394149318942,false,5.843361717245834,5.972808404202101,0.1294466869562667,-0.06600000000000006,0.6425482500736848,1054.2911866517732,0.44542857142857145,0.8465714285714285
8,169,12597960273297672475,1.733517415306771,1.737,0.0034825846932291515,0.07230334954327924,0.04816629817605546,false,4.027162135964032,4.148824412206103,0.1216622762420716,-0.050000000000000044,0.3457654473536604,365.98101962455576,0.45371428571428574,0.8584285714285714
8,170,7708429653156475041,-0.13470832500265617,-0.14300000000000002,-0.008291674997343845,0.014390399744357367,-0.5761949038695121,false,0.780807539456499,0.7723681840920451,-0.008439355364453838,-0.005999999999999978,0.20847231858005344,1808.3624612780138,0.3707142857142857,0.8712857142857143
8,171,11354405197327029998,3.941112038442764,3.9370000000000003,-0.004112038442763755,0.008358810792148008,-0.49194060554959185,false,0.2323038237167917,0.25210805402701386,0.01980423031022216,0.005999999999999783,0.3589027284620431,1656.5168822652956,0.49042857142857144,0.8578571428571429
8,172,5480919073609604820,-0.008531082036438375,-0.01,-0.0014689179635616247,0.0039967470514778326,-0.3675283786144233,false,0.05873101391884134,0.06395997998999502,0.005228966071153675,-0.012,1.5012208485351723,2000.0,0.4614285714285714,0.853
8,173,7048265459303144781,2.6539342168795654,2.6900000000000004,0.03606578312043496,0.08861885108928154,0.40697642405789575,false,3.591471202717032,3.5293726863431734,-0.06209851637385855,0.028000000000000025,0.1579799312213529,180.57653571305696,0.47514285714285714,0.8547142857142858
8,174,14456814881113437662,-0.23113197016830644,-0.385,-0.15386802983169356,0.07211479882523913,-2.133654011911935,false,4.055322700752328,4.323711855927969,0.2683891551756412,-0.07,0.4853372757070011,322.2543136909177,0.44842857142857145,0.8507142857142858
8,175,1902021369434186830,-0.9525699777249348,-1.008,-0.055430022275065216,0.03159217359911082,-1.754549179757145,false,2.9808100385525877,3.1844402201100532,0.20363018155746548,-0.04800000000000004,0.759681821977438,1501.5361098135288,0.487,0.8428571428571429
8,176,3054490789581499996,0.17258076435413394,0.15300000000000002,-0.019580764354133917,0.014564492600923663,-1.3444178860643679,false,0.6680341944876637,0.5879559779889943,-0.08007821649866931,0.025999999999999995,0.8925817298417628,1345.9050763335558,0.4694285714285714,0.8507142857142858
8,177,3154010193462059509,-1.1168882864653753,-1.135,-0.018111713534624707,0.07108125479964432,-0.2548029517159753,false,3.2201176686197868,3.075615807903951,-0.14450186071583593,-0.06199999999999983,0.4361206071471186,221.02740667281907,0.46785714285714286,0.852
8,178,17606813427905284844,0.00735224187799942,0.005,-0.0023522418779994203,0.0026444270640818847,-0.8895090773910576,false,0.03305469248046955,0.020008004002001027,-0.013046688478468522,0.002,0.37815374588415385,1000.5012521287922,0.4144285714285714,0.8361428571428572
8,179,3680347784779219234,0.5254077120089721,0.394,-0.13140771200897206,0.03282628258597373,-4.003124985743008,false,1.8260025986297583,1.3743191595797897,-0.45168343904996866,0.14400000000000002,2.193364411929017,502.52877084960727,0.438,0.8545714285714285
8,180,5267537687326120699,0.16908320330523996,0.262,0.09291679669476005,0.028985957200986495,3.2055797243638295,false,1.5618020061903723,1.6390195097548785,0.07721750356450618,0.05999999999999997,1.0349839334951816,815.1847396216878,0.4772857142857143,0.8497142857142858
8,181,1321958841790890807,0.24276030902138795,0.215,-0.027760309021387958,0.03258587940762635,-0.8519122247439171,false,0.9122609466518301,0.7949394697348668,-0.11732147691696326,-0.05399999999999999,0.8285797557355766,268.4202668794696,0.4735714285714286,0.8508571428571429
8,182,6753261929553905537,0.07502672390484316,0.092,0.016973276095156836,0.012285992707486166,1.381514420468001,false,0.3010290711215037,0.35989194597298657,0.058862874851482894,-0.023999999999999994,0.9767220513396604,1081.273289390136,0.43885714285714283,0.8631428571428571
8,183,5041843313801179496,-0.5771276689583558,-0.585,-0.007872331041644198,0.02286110895497691,-0.34435473174762044,false,1.9818688537656504,2.0849924962481237,0.1031236424824733,0.010000000000000009,0.2187120497893211,1832.8724429099495,0.4652857142857143,0.8577142857142858
8,184,6866183654884271961,3.2361797427448042,3.246,0.009820257255195752,0.03009534219461378,0.32630488770296495,false,2.4738066158850645,2.439651825912958,-0.034154789972106414,0.05600000000000005,0.9303765286646661,1101.0910883032534,0.4805714285714286,0.855
8,185,1136274199746611070,-3.162520051559889,-3.316,-0.1534799484401108,0.046375580764510316,-3.3094992215723127,false,2.6486593576357107,2.17583991995998,-0.47281943767573065,0.13599999999999968,1.466288914963583,471.562218263082,0.45271428571428574,0.8565714285714285
8,186,760706567195774961,-0.19560681406487124,-0.19,0.005606814064871235,0.01803146047283446,0.3109461972488726,false,1.2678435433473145,1.280608304152076,0.01276476080476141,-0.008000000000000007,0.22183449898727045,2000.0,0.4482857142857143,0.8474285714285714
8,187,12866012249925828474,1.6645442143641342,1.652,-0.012544214364134332,0.04019398208809428,-0.31209185336851736,false,3.8875484152287108,3.9206083041520756,0.033059888923364866,0.052000000000000046,0.6468630040938739,1162.2254063994271,0.43814285714285717,0.8648571428571429
8,188,7010953803008223748,0.0036823290421897563,0.006,0.002317670957810244,0.002448059741560473,0.9467379077656352,false,0.014725646818413153,0.0240040020010005,0.009278355182587345,0.004,0.8169735264406313,2000.0,0.48114285714285715,0.8467142857142858
8,189,9709947059458907548,0.11027606560010388,0.091,-0.019276065600103878,0.013032414700141227,-1.4790862663305973,false,0.6079457548919747,0.555827913956979,-0.05211784093499572,0.03,1.1509762653453202,1642.850849838104,0.46514285714285714,0.8638571428571429
8,190,9508917226076284357,3.4410840211141647,3.456,0.01491597888583529,0.02529405753676808,0.5897028922367654,false,1.9276898067561798,1.8977488744372175,-0.029940932318962332,-0.1200000000000001,2.372098660437636,1425.1757210038588,0.5051428571428571,0.8458571428571429
8,191,7811588327815357500,0.1990188362424945,0.154,-0.0450188362424945,0.04940243817311787,-0.9112674982707901,false,3.844556894272736,3.889912956478239,0.04535606220550292,0.008000000000000007,0.08096766370078849,648.4506495548984,0.4764285714285714,0.8542857142857143
8,192,2477916560312387564,-0.159436060423654,-0.374,-0.214563939576346,0.043596136188259554,-4.921627427022492,false,5.5752253935748595,5.44752376188094,-0.12770163169391946,-0.07999999999999996,0.917512502192155,1227.764802382696,0.47385714285714287,0.8485714285714285
10,1,18386286671628159000,-0.07028646910886996,-0.113,-0.042713530891130044,0.01608669497994182,-2.6552086021640053,false,0.2986511792134406,0.47018509254627305,0.17153391333283247,-0.11000000000000001,3.4189745046187805,757.3366094001989,0.36438461538461536,0.8184615384615385
10,2,975257782215818372,1.5158919194448364,1.496,-0.01989191944483637,0.08705597375415033,-0.22849574345135662,false,3.767653980954046,3.8817408704352188,0.11408688948117263,-0.020000000000000018,0.11486862496352544,178.87927760852017,0.37023076923076925,0.8075384615384615
10,3,3064859561067030349,2.8900806009745916,2.952,0.06191939902540833,0.06941280455880124,0.892045774824657,false,3.208728546199559,3.0557998999499714,-0.1529286462495878,-0.38400000000000034,2.7660602567549684,270.34695790158224,0.3366153846153846,0.8088461538461539
10,4,9881014341743309449,-3.3085496157119905,-3.364,-0.05545038428800941,0.023265589264446145,-2.3833647047464734,false,2.289910688441538,2.1264712356178106,-0.1634394528237273,0.07200000000000006,1.547349589593859,1950.5478744764998,0.36946153846153845,0.810923076923077
10,5,14137527433379286131,-3.3494935290912697,-3.377,-0.02750647090873004,0.027728419908738457,-0.9919956131384727,false,2.1788910989854893,2.0995917958979513,-0.07929930308753796,0.053999999999999826,0.9737302049256334,1335.6888075105153,0.37953846153846155,0.8052307692307692
10,6,4987598278873782611,0.138025545111653,0.155,0.016974454888347007,0.027875098817170735,0.6089468955672703,false,0.665800411570882,0.7642841420710359,0.09848373050015391,-0.014000000000000012,0.25112018600946046,413.91893186597474,0.3629230769230769,0.8074615384615385
10,7,7427278261711599853,-0.12835644986818412,-0.33699999999999997,-0.20864355013181585,0.04818620731379105,-4.329943395899958,false,0.5847171752225369,1.2125082541270635,0.6277910789045267,-0.013999999999999957,0.14526978548893918,198.39943565673892,0.3840769230769231,0.7955384615384615
10,8,1380582139889526118,0.4367735259971718,0.377,-0.059773525997171784,0.023102153584679656,-2.5873573118659805,false,1.5564419726023222,1.3118539269634808,-0.2445880456388414,0.09799999999999998,2.1210143816416602,1114.177417257909,0.3242307692307692,0.8084615384615385
10,9,4596697687300969139,0.24706980416117788,0.30000000000000004,0.052930195838822164,0.0310700775805343,1.7035746274410153,false,0.9375770482727275,1.109026513256629,0.17144946498390157,0.08400000000000002,1.3517829136774802,589.7134505473123,0.3676923076923077,0.8117692307692308
10,10,16831799971677928603,0.03656286625447017,0.055999999999999994,0.019437133745529828,0.012386584425775672,1.569208514421653,false,0.14538444488184,0.21559579789894964,0.07021135301710965,-0.031999999999999994,1.2917200940967264,718.8553948112764,0.3426153846153846,0.8178461538461539
10,11,10862924502286898685,-0.3822673793381992,-0.38,0.0022673793381992047,0.020527653720862498,0.11045487073346527,false,1.4771858296251392,1.488544272136069,0.011358442510929878,0.020000000000000018,0.4871477342701319,1627.4554855303988,0.3880769230769231,0.8205384615384615
10,12,17342085916981740206,-0.19611911715677843,-0.469,-0.27288088284322154,0.09802349630529457,-2.7838313580790155,false,0.8607344195902815,1.5314677338669305,0.670733314276649,0.314,1.601656805946024,75.04547891249457,0.39353846153846156,0.7936923076923077
10,13,10895909670603108095,0.14699634046089605,0.163,0.01600365953910396,0.05288117946936356,0.3026343152647644,false,4.276475497093002,4.3496128064032,0.0731373093101979,-0.182,1.7208390757002758,582.3118936937715,0.3098461538461538,0.8013846153846154
10,14,10011157402710140000,0.0940626280661315,0.078,-0.0160626280661315,0.03232119275723945,-0.49696891407368365,false,1.0245991871774152,1.4593216608304163,0.4347224736530011,-0.10400000000000001,1.6088515170391664,631.0188922421152,0.33192307692307693,0.8155384615384615
10,15,1012444696661867741,-0.0034875365544577153,0.0,0.0034875365544577153,0.0014142135623730955,2.466060747293017,false,0.023068614938945898,0.007995997998999502,-0.015072616939946396,-0.004,1.4142135623730947,2000.0,0.3433076923076923,0.819076923076923
10,16,7486059556696791106,-1.0552769203779884,-1.225,-0.16972307962201172,0.08932545943823554,-1.9000526914654992,false,3.7597406843875865,3.8766403201600843,0.11689963577249785,-0.18600000000000017,1.041136542536401,225.06297164511588,0.33684615384615385,0.8117692307692308
10,17,17481523182630188576,-0.13484061102330586,-0.144,-0.009159388976694133,0.01908441066329229,-0.4799408867422699,false,1.005484327189483,1.008496248124062,0.0030119209345789155,-0.0040000000000000036,0.1047975772103291,1292.0619574013833,0.33684615384615385,0.814
10,18,10751340710286067403,-1.5077735389568871,-1.373,0.13477353895688715,0.08209651901400647,1.6416474239777872,false,6.223868113461544,6.423369684842424,0.1995015713808801,0.17799999999999994,1.0840898136596473,289.30981156177893,0.36253846153846153,0.8074615384615385
10,19,7517151389518119365,3.9220955097520176,3.917,-0.0050955097520177794,0.01628210402422629,-0.3129515537080542,false,0.3055499941665787,0.3238239119559777,0.01827391778939902,-0.026000000000000245,0.7984226105334609,435.4328095052867,0.3733076923076923,0.8267692307692308
10,20,9450361109982366133,-0.025047533674804612,-0.036,-0.010952466325195385,0.00762323791955816,-1.4367210417368406,false,0.13823514492571604,0.16788394197098547,0.02964879704526943,0.02,1.311778552043355,1386.6470549909013,0.3636153846153846,0.8117692307692308
10,21,14751511652891065305,1.3762758000684288,1.48,0.10372419993157123,0.08101306772719612,1.2803391211014588,false,3.7523952826301414,3.9076818409204583,0.1552865582903169,-0.1120000000000001,0.6912465059164872,266.5411899568289,0.4026153846153846,0.809076923076923
10,22,17077058134515537515,-1.2663053287940167,-1.2810000000000001,-0.014694671205983445,0.05002612421077396,-0.29373994963253025,false,3.56455278939298,3.534325162581289,-0.030227626811691,-0.12200000000000011,1.2193629021306969,682.5746364115705,0.3559230769230769,0.811923076923077
10,23,7482145831305178330,0.47260142686660334,0.504,0.03139857313339667,0.03422241409973031,0.9174856292105971,false,1.6793567376278677,1.6886523261630801,0.009295588535212396,0.12799999999999995,1.8701193847252386,585.1633884964771,0.4123846153846154,0.805923076923077
10,24,18425679798251629243,-2.147592374294028,-2.133,0.014592374294028154,0.031842297843685564,0.45827014010302874,false,3.9830925608919303,3.98198899449725,-0.0011035663946801222,0.0019999999999997797,0.03140476874215889,1938.2970293196288,0.34115384615384614,0.8304615384615385
10,25,297087047967807337,0.9495950096346015,0.8620000000000001,-0.08759500963460143,0.07031791716722956,-1.2456997186973502,false,3.2504017190484005,3.1203121560780405,-0.13008956297036,-0.136,0.9670366065917866,272.848352716768,0.37546153846153846,0.813923076923077
10,26,14816747089617728732,-0.9922390605926342,0.172,1.1642390605926343,0.02067184877232407,56.320026012929404,false,2.9847851099040352,1.0061910955477755,-1.9785940143562597,0.06799999999999998,1.644748874397724,904.9164432587238,0.38876923076923076,0.8151538461538461
10,27,1153242348985868668,0.516458583518993,0.521,0.004541416481007032,0.02955972561085598,0.15363527188287468,false,1.8074544046345569,1.8446803401700853,0.03722593553552844,0.02200000000000002,0.37212794681558875,1003.6212746396184,0.3763076923076923,0.8166923076923077
10,28,8135145705348222652,0.06678226182537618,-0.174,-0.24078226182537615,0.03481579069389098,-6.915892387520169,false,0.410529014645906,0.7267953976988492,0.31626638305294313,0.05600000000000002,0.8042327760464474,291.1263287726719,0.35015384615384615,0.8183076923076923
10,29,14111893133706131333,-3.0013697535419137,-3.135,-0.13363024645808608,0.08192137384252193,-1.6312012383357302,false,3.0073992124852795,2.6016988494247117,-0.4057003630605678,-0.19799999999999995,1.208475826959499,150.5809311463774,0.33153846153846156,0.8156923076923077
10,30,14875369294518370305,0.2005161385014849,0.186,-0.014516138501484893,0.02324117824429491,-0.6245870303519667,false,0.7635914965465066,0.717470735367683,-0.04612076117882358,-0.07600000000000001,1.635028981774106,594.7612764325955,0.34523076923076923,0.8165384615384615
10,31,2453174077733046488,0.22228446498911292,0.192,-0.030284464989112914,0.024255482106239342,-1.2485616594412159,false,0.8397326523450196,0.7440840420210099,-0.09564861032400973,-0.023999999999999994,0.4947335182801081,569.2731583897574,0.3483846153846154,0.8204615384615385
10,32,16698046077426088632,2.2609085886923124,2.149,-0.11190858869231235,0.05891880172829811,-1.8993697327446457,false,3.9357605478835516,3.953558779389693,0.01779823150614135,0.0940000000000003,0.7977080086716448,538.9929563828734,0.36646153846153845,0.8206923076923077
10,33,9380356174447448181,-1.033414664325002,-0.9410000000000001,0.0924146643250019,0.05641529509592569,1.638113638648255,false,3.122108109816083,2.9774387193596823,-0.14466939045640093,-0.08999999999999997,0.7976560243721899,334.5994219933243,0.3639230769230769,0.8163846153846154
10,34,18354170053100847812,-0.1475184001807488,-0.304,-0.1564815998192512,0.049636179094865326,-3.1525714241658584,false,0.5836187270152444,1.0970605302651328,0.5134418032498884,-0.17600000000000002,1.7729003643051016,210.76574325635028,0.33976923076923077,0.8253076923076923
10,35,7817470823387401876,3.3231906759577496,3.347,0.023809324042250335,0.057255222357821815,0.41584545586866745,false,2.249793391817013,2.1346173086543265,-0.11517608316268646,-0.46999999999999975,4.104429086509272,302.639172123217,0.3323846153846154,0.8167692307692308
10,36,1747260535563750440,2.871757545640395,2.8579999999999997,-0.013757545640395552,0.051777864417353006,-0.2657032265661541,false,3.2451733863013987,3.3654507253626815,0.1202773390612828,-0.09200000000000008,0.888410530593136,558.4332271291812,0.36653846153846154,0.8178461538461539
10,37,15481420507493215754,0.0024004486622559848,0.001,-0.0014004486622559847,0.0010000000000000009,-1.4004486622559835,false,0.010030558344451952,0.004000000000000007,-0.0060305583444519445,-0.002,0.9999999999999991,2000.0,0.36346153846153845,0.8185384615384615
10,38,12507356852338730488,-3.262145339854067,-3.242,0.020145339854066968,0.026227437984897177,0.768101705765827,false,2.4076027399107125,2.4962801400700343,0.0886774001593218,0.043999999999999595,0.8388162051004864,1757.8697496624338,0.33992307692307694,0.8145384615384615
10,39,12113520546149976284,0.9681374033896293,1.0110000000000001,0.04286259661037084,0.08569320048466324,0.500186670213608,false,4.228150513205201,4.205044522261131,-0.023105990944070065,0.04600000000000004,0.26839935805777726,228.36804054376105,0.3316153846153846,0.8165384615384615
10,40,3504508621557285353,1.6071517930471424,1.597,-0.010151793047142421,0.032636613967837444,-0.31105533978331074,false,3.8892761341011077,3.892696348174086,0.0034202140729782116,0.050000000000000044,0.7660108375408334,1745.172300932159,0.32569230769230767,0.8153846153846154
10,41,7010569223075861920,-0.7557890656645798,-0.767,-0.011210934335420197,0.03320666187222587,-0.3376110004238953,false,2.558772011612912,2.6099429714857436,0.05117095987283182,0.08200000000000007,1.234692007217158,867.4990474477183,0.36007692307692307,0.818076923076923
10,42,1976034232259697289,-0.13803652433948793,-0.07,0.06803652433948792,0.046981911476684374,1.4481429597272193,false,1.4991746969244002,1.707021510755377,0.2078468138309768,0.108,1.1493785225575268,367.7212746465133,0.37123076923076925,0.8183076923076923
10,43,2415816275599760267,0.23132435548494665,0.224,-0.007324355484946643,0.014787590690143189,-0.4953041802697963,false,0.8836705238122022,0.8243801900950473,-0.059290333717154975,0.008000000000000007,0.270497073107808,1910.8045402888058,0.3647692307692308,0.8127692307692308
10,44,5537018735364814885,0.08968575110568722,0.07,-0.01968575110568721,0.014591591937744022,-1.3491160655861094,false,0.56302713489416,0.47184392196098046,-0.09118321293317955,-0.028000000000000004,0.9594566555679404,1030.28925718785,0.38269230769230766,0.7992307692307692
10,45,13858706792293371442,-0.18021880234954407,-0.173,0.0072188023495440845,0.02030569886024847,0.35550622508619983,false,0.7842711407624656,0.83423911955978,0.049967978797314405,-0.06599999999999998,1.6251595292099286,675.6194366792881,0.40515384615384614,0.804076923076923
10,46,5461427310612583797,0.016090491765925197,0.023000000000000003,0.006909508234074806,0.013735616607265631,0.5030358979603387,false,0.5212201825958949,0.5522261130565281,0.03100593046063327,-0.09,3.276154342877965,1232.5073290662551,0.355,0.8206153846153846
10,47,16408555139613371684,0.018308496097021038,0.021,0.0026915039029789638,0.005518279369840011,0.48774332044319774,false,0.07313198729618695,0.08394397198599308,0.01081198468980614,-0.014,1.2685113476237337,1292.6257569489765,0.3156923076923077,0.8177692307692308
10,48,457868482968312239,-0.8132834815094192,-0.849,-0.03571651849058077,0.02667918138473666,-1.338741169585302,false,2.6022240850695484,2.7486523261630817,0.14642824109353336,0.038000000000000034,0.7121657792270211,1796.5322694216093,0.362,0.8241538461538461
10,49,6105609199563585269,-0.04311745065291239,-0.062,-0.018882549347087607,0.012741433143853176,-1.4819800201358886,false,0.6377109361600661,0.6160200100050023,-0.02169092615506385,-0.023999999999999994,0.9418092819322396,1716.9994767167182,0.33084615384615385,0.817076923076923
10,50,2623738666722758895,-0.07944965623238875,-0.127,-0.04755034376761125,0.028744268715554345,-1.654254774687672,false,0.318037373907442,0.5080920460230116,0.1900546721155696,-0.018000000000000016,0.31310589561563107,196.34054790992812,0.34484615384615386,0.8088461538461539
10,51,11289137133826556989,-0.05342912059967456,-0.04,0.013429120599674556,0.014278052944920376,0.9405428493282174,false,0.27157008360486723,0.2234637318659333,-0.04810635173893393,-0.036000000000000004,1.2606760928424603,400.16657899957727,0.36615384615384616,0.8061538461538461
10,52,15662528923520653323,0.028403420251495004,0.03,0.0015965797485049948,0.038865408115366325,0.04107971139183151,false,2.413791186031536,2.481168584292145,0.06737739826060896,-0.011999999999999997,0.15437892694166155,676.6951608845955,0.3749230769230769,0.8027692307692308
10,53,6848500593856998296,0.1052454128891877,0.11199999999999999,0.006754587110812282,0.013410854316811896,0.5036656838740472,false,0.5410081329001146,0.6481960980490241,0.10718796514890949,0.016,0.59653172057586,1688.0721887026552,0.3853076923076923,0.8038461538461539
10,54,6097000619954035212,-0.17518521763899828,-0.21,-0.03481478236100172,0.024000490073368862,-1.4505863111367248,false,0.7893244323936688,0.9364362181090544,0.14711178571538563,-0.008000000000000007,0.1666632634488758,670.2787389658953,0.3723076923076923,0.8091538461538461
10,55,2654528486242212329,3.2271937154985793,3.07,-0.1571937154985794,0.06873787957192114,-2.28685720999156,false,2.4953249218831046,2.9070455227613796,0.411720600878275,-0.3959999999999999,2.880507825278936,253.44772954140004,0.39915384615384614,0.8092307692307692
10,56,5021310630283581280,0.17705338010561422,0.235,0.057946619894385765,0.03933851003388214,1.4730252834811617,false,2.43836817621046,2.263081540770385,-0.17528663544007506,0.10999999999999999,1.3981210765895469,749.5835124889002,0.3696153846153846,0.8146923076923077
10,57,15274406878868313586,0.18069990234344552,0.188,0.007300097656554483,0.014253230415896727,0.5121714477030157,false,0.7048786513234844,0.7200720360180084,0.015193384694524026,0.02400000000000002,0.8419144046542829,1653.2521209484548,0.31353846153846154,0.827
10,58,51079883501275139,8.023241964624783e-5,0.0,-8.023241964624783e-5,0.0,NaN,true,0.00036711642996582305,0.0,-0.00036711642996582305,0.0,0.0,2000.0,0.31184615384615383,0.8222307692307692
10,59,8728432297242731184,2.509864327437633,2.597,0.0871356725623671,0.07969175354320844,1.0934088997693168,false,3.8177249980927295,3.7417728864432216,-0.07595211164950788,-0.014000000000000234,0.08783844863201253,219.40263408493024,0.38253846153846155,0.8074615384615385
10,60,12013174057215544576,-0.5670988166828494,-0.519,0.04809881668284943,0.03758922221612772,1.2795906338868739,false,1.9685198381823583,1.7597578789394697,-0.20876195924288865,0.16199999999999998,2.154872998815251,557.1181599926185,0.34723076923076923,0.826076923076923
10,61,15158818011607414760,0.0036212075291173207,0.004,0.0003787924708826794,0.002449081256206039,0.15466717158640975,false,0.033043946445585407,0.0240040020010005,-0.009039944444584908,0.004,0.8166327658308377,2000.0,0.35223076923076924,0.8154615384615385
10,62,10179614416575411168,-3.5253999539099565,-3.521,0.004399953909956622,0.0485032214006779,0.09071467384834622,false,1.6737829951138468,1.6963661830915477,0.02258318797770098,0.15799999999999992,1.6287577962583704,245.47928261811637,0.312,0.8106923076923077
10,63,13856460115661181877,0.7644168402187069,0.7749999999999999,0.010583159781292983,0.06681964188223902,0.15838396440292862,false,2.4734329070128105,2.4581870935467705,-0.015245813466040037,0.07799999999999996,0.5836607156430506,212.37333627542455,0.39276923076923076,0.8078461538461539
10,64,16434294127858305467,-1.9263367147857113,-1.978,-0.051663285214288646,0.0712238694244277,-0.7253647636921233,false,4.07424995221756,4.119107553776887,0.044857601559327165,-0.14800000000000013,1.03897753095987,258.12945995683145,0.32553846153846155,0.8313076923076923
10,65,1697807218165517287,0.38507257982486637,0.39,0.0049274201751336455,0.03174650474117816,0.15521142296784327,false,1.8756432410254895,2.0078519259629815,0.13220868493749194,-0.04799999999999999,0.7559887362614054,846.0700182505307,0.36215384615384616,0.8098461538461539
10,66,6214512054286346103,-0.7508227010395663,-0.701,0.04982270103956632,0.02512316123849284,1.9831382112546287,false,2.4543507929746275,2.3811725862931477,-0.0731782066814799,0.006000000000000005,0.11941172416644391,1715.7754244345474,0.35,0.8222307692307692
10,67,11497487908715655894,0.060135168326328425,0.08,0.019864831673671576,0.013668848404615404,1.4532922661549195,false,0.27416557483334497,0.34377988994497255,0.06961431511162758,0.027999999999999997,1.0242267369994957,834.1698130036438,0.38669230769230767,0.821076923076923
10,68,7105424553000379600,2.9854573895651413,3.017,0.03154261043485862,0.06156738334009011,0.5123266366644397,false,3.1204417111177833,2.90777188594297,-0.21266982517481337,0.05799999999999983,0.47102862630701287,308.8728217095245,0.3686153846153846,0.8165384615384615
10,69,12052195758169118795,0.503477006352911,0.483,-0.020477006352911054,0.026611669300731302,-0.7694747038040314,false,1.773487377967214,1.6687843921960992,-0.10470298577111481,0.010000000000000009,0.187887499408487,1148.873355256987,0.3476923076923077,0.8126153846153846
10,70,153163445819879642,0.14947004081750762,0.134,-0.015470040817507608,0.012932860450794312,-1.1961809126733032,false,0.5984461026663075,0.5522041020510259,-0.04624200061528161,-0.01200000000000001,0.4639344886483714,1522.8285709246595,0.32776923076923076,0.812
10,71,2677980987164355441,2.828777613884247,2.8440000000000003,0.015222386115753217,0.0794930493971094,0.19149329697631085,false,3.348054696644338,3.19480540270135,-0.15324929394298792,-0.17200000000000015,1.081855591806336,258.6990118561414,0.3713076923076923,0.8173846153846154
10,72,12416971113143006635,-0.9012076724984147,-0.8029999999999999,0.09820767249841478,0.056411495223905546,1.7409159624047197,false,2.9560027416261954,2.77897148574287,-0.17703125588332558,-0.406,3.598557336483691,357.84668181222236,0.3466153846153846,0.8075384615384615
10,73,1989230661380900263,-0.4402485608897715,-0.431,0.009248560889771495,0.02001793093152712,0.4620138275732349,false,1.5930154511843178,1.6525842921460734,0.05956884096175563,0.02200000000000002,0.5495073410746775,1939.4991454381814,0.3383076923076923,0.8246923076923077
10,74,16641682984801470090,-0.18168708524624497,-0.243,-0.06131291475375503,0.056687711837193046,-1.0815909262636239,false,0.7272341169512527,0.9490325162581278,0.22179839930687506,-0.122,1.0760709512352842,136.80062925523325,0.3403076923076923,0.8184615384615385
10,75,14113453273328105468,2.610438209046838,2.669,0.05856179095316216,0.04024706331588406,1.455057490618202,false,3.649152236890878,3.581740870435216,-0.06741136645566215,-0.009999999999999787,0.12423266663599215,1101.6037141947272,0.3425384615384615,0.8201538461538461
10,76,8659636715773050046,3.52955102639678,3.5780000000000003,0.04844897360322031,0.041566016586478655,1.1655909702682616,false,1.6605472843619116,1.484510255127564,-0.1760370292343476,0.09200000000000008,1.1066732821100724,344.4400993008804,0.34723076923076923,0.817923076923077
10,77,8817555540348377075,0.06301229931664176,0.075,0.011987700683358235,0.021930667068720152,0.5466181510026372,false,0.248459813226104,0.29957178589294686,0.051111972666842864,0.033999999999999996,0.7751702192518897,217.1313352836357,0.3426153846153846,0.8092307692307692
10,78,659465307151474524,-3.9961287093335005,-3.9960000000000004,0.00012870933350006553,0.001999249483993837,0.06437882541950042,false,0.03684270175542492,0.016000000000000004,-0.02084270175542492,0.0040000000000000036,1.0003753988745143,2000.0,0.34384615384615386,0.8222307692307692
10,79,11486597200431428348,-0.7003933873207111,-0.609,0.09139338732071112,0.06881595442040628,1.3280842806070254,false,2.4994544440490625,2.1891725862931475,-0.310281857755915,-0.43799999999999994,3.182401549822275,185.6213913096122,0.3454615384615385,0.8182307692307692
10,80,15800524687191178640,-0.02049077947783351,-0.019999999999999997,0.0004907794778335126,0.0048691635191979955,0.1007933859478084,false,0.08163387841398667,0.08003201600800396,-0.0016018624059827152,0.004,0.4107481689851775,1647.2001389534666,0.35484615384615387,0.811
10,81,8235109950508561231,-0.12129872387314482,-0.11,0.011298723873144817,0.03177869479260193,0.35554398778439306,false,0.47778460187928656,0.43201600800400186,-0.0457685938752847,-0.01999999999999999,0.31467623403866135,193.69738508530168,0.3627692307692308,0.8188461538461539
10,82,5235681956546963045,1.5263088399051483,1.4969999999999999,-0.02930883990514843,0.034314610434108404,-0.8541213067660449,false,3.8333521992637074,3.6778369184592306,-0.15551528080447685,-0.0020000000000000018,0.029142105573957213,1445.0060602801495,0.3336153846153846,0.8181538461538461
10,83,5854144076131928852,-0.8851326255360683,-0.835,0.05013262553606834,0.06021779576639735,0.8325217636751041,false,2.8276242052876253,2.748092046023013,-0.0795321592646121,0.258,2.1422238784765417,358.69104767963387,0.3415384615384615,0.8047692307692308
10,84,5180160321213788104,-2.311083506232226,-2.335,-0.02391649376777405,0.07748013783466996,-0.30867902969930133,false,3.9032638089746197,3.9709434717358674,0.0676796627612477,-0.07800000000000029,0.5033548092444003,273.9632152947493,0.3610769230769231,0.8151538461538461
10,85,4714831870265815172,0.9204960761527476,0.8879999999999999,-0.032496076152747744,0.0787953105234076,-0.4124112962673608,false,2.989788214601878,2.748374187093546,-0.24141402750833185,-0.09999999999999998,0.63455552961044,213.256407071543,0.3706923076923077,0.8105384615384615
10,86,7641009240727900616,-0.7420327044995951,-0.751,-0.00896729550040487,0.029735156503138446,-0.3015721642311989,false,2.417808518725981,2.4049604802401188,-0.012848038485862023,-0.02200000000000002,0.36993247366426324,1223.4189166835324,0.36146153846153845,0.814
10,87,14555632113742878286,-0.10957692693443082,-0.1,0.00957692693443081,0.011932219446962258,0.8026106942634996,false,0.4275614263242019,0.39206803401700846,-0.03549339230719345,-0.016,0.670453643227008,1284.0293310598715,0.35953846153846153,0.817923076923077
10,88,10406831380791934240,-0.006352722077488604,-0.007,-0.0006472779225113962,0.002998332035899085,-0.21587933383011806,false,0.0498417058376132,0.03600000000000002,-0.013841705837613183,0.006,1.000556297328296,2000.0,0.3403846153846154,0.8072307692307692
10,89,4491193382766143946,-0.0317657395684909,-0.027000000000000003,0.004765739568490898,0.006137335614435817,0.7765160434246506,false,0.1338444036833215,0.11595997998999513,-0.01788442369332638,-0.014000000000000002,1.140560080099756,1361.5035423967433,0.35407692307692307,0.8218461538461539
10,90,17518190884667323760,-0.09728658250475666,-0.10600000000000001,-0.008713417495243347,0.020875935568087055,-0.4173905148741457,false,0.6801732039629136,0.5186913456728361,-0.16148185829007744,-0.05600000000000001,1.3412572532942415,516.5607899768594,0.3395384615384615,0.8255384615384616
10,91,10245768155831407451,0.0559543667521563,0.052000000000000005,-0.003954366752156296,0.007906835746729766,-0.5001200073988897,false,0.2208084723875125,0.19989994997498747,-0.020908522412525027,-0.019999999999999997,1.2647284350298988,1463.5090494066228,0.3733076923076923,0.8094615384615385
10,92,8827638354316591100,1.5938884618741866,0.0,-1.5938884618741866,0.010749562993548924,-148.27472175666287,false,3.860375221682226,0.3116438219109557,-3.54873139977127,0.032,1.4884326004324075,1216.3205087316476,0.36546153846153845,0.8104615384615385
10,93,4892802457695628207,-1.4478499548208108,-1.406,0.041849954820810886,0.06856960868794432,0.6103280392231377,false,3.7079811592730447,3.5519759879939956,-0.15600517127904912,-0.45999999999999996,3.3542556885035544,375.0444789642766,0.3505384615384615,0.8247692307692308
10,94,638706263246452860,0.09942800375820884,0.099,-0.0004280037582088392,0.013180094876383691,-0.032473495997038936,false,0.6065979780158852,0.6202601300650334,0.013662152049148224,-0.009999999999999995,0.37935993988625066,1724.8096847495938,0.37246153846153846,0.8288461538461539
10,95,9573496299466890953,-0.16896969195599998,-0.311,-0.14203030804400002,0.05025067529579857,-2.8264358082343044,false,1.1649257974123102,1.5396478239119575,0.37472202649964736,-0.33799999999999997,3.3631388833122804,266.2051908004699,0.3666153846153846,0.8118461538461539
10,96,5178349254398142721,0.01581395567464374,0.03,0.014186044325356258,0.01085537943285801,1.3068216005805104,false,0.15304851457075241,0.19981190595297668,0.04676339138222427,-0.024000000000000004,1.1054427046259991,793.8159339173444,0.326,0.8256153846153846
10,97,4908913092679741653,-0.5701122134331484,-0.677,-0.1068877865668516,0.04547852089647883,-2.3502916203048145,false,1.9561171849147303,2.26631515757879,0.3101979726640598,-0.19400000000000006,2.132874994347282,485.5843887284493,0.3740769230769231,0.811076923076923
10,98,7154769375740732454,2.023136440749415,2.043,0.01986355925058536,0.09541977568510583,0.20817025724454605,false,4.000041240833216,3.953574787393696,-0.04646645343951983,-0.20200000000000018,1.0584807947286474,182.97861990314624,0.3546923076923077,0.8156923076923077
10,99,6030835832779722307,-3.8886258784200116,-3.9210000000000003,-0.032374121579988646,0.011575511921211881,-2.796776660966825,false,0.4343423162889588,0.31591595797898964,-0.11842635830996917,-0.021999999999999797,0.9502819464807108,1155.0451665790313,0.34176923076923077,0.8062307692307692
10,100,7692638135129018998,-2.6050939495857373,-2.403,0.20209394958573723,0.08970451044734193,2.2528850397591746,false,3.6362883634661816,3.9333886943471703,0.29710033088098875,0.03399999999999981,0.18951109498534294,224.21390021590958,0.311,0.8113076923076923
10,101,7607838771755358146,0.007759820931054685,0.012,0.004240179068945315,0.004466314082186828,0.9493687615603622,false,0.05392165956695844,0.07202801400700352,0.018106354440045082,0.004,0.4477965416665784,1639.682599410036,0.34515384615384614,0.8103076923076923
10,102,6704439655003822312,-0.07380951669699984,-0.054,0.01980951669699984,0.007469414372997243,2.6520843144829973,false,0.29094559995483654,0.21597998999499743,-0.07496560995983911,-0.016,1.07103443462996,1878.482922303234,0.37123076923076925,0.8227692307692308
10,103,8937520234727185521,1.1657269158013923,1.174,0.008273084198607616,0.03827514223692217,0.21614770619002363,false,3.312566001171673,3.3149294647323675,0.002363463560694612,-0.11599999999999988,1.5153438135116886,1127.8845921281602,0.32653846153846156,0.8232307692307692
10,104,12751789832742854767,-0.28170209416148806,-0.298,-0.016297905838511928,0.0173184299521638,-0.9410729427280234,false,1.057215433533679,1.144500250125064,0.0872848165913851,0.01200000000000001,0.34645172897156035,1771.3335529819801,0.34184615384615386,0.8243076923076923
10,105,10802743672266618877,0.10742627120077514,0.098,-0.009426271200775133,0.03511211800668599,-0.26846205059404843,false,1.7182015672160786,1.4802281140570293,-0.2379734531590494,-0.032,0.45568313472155986,460.31211310211404,0.3821538461538462,0.812076923076923
10,106,9404981646213314904,0.04217665779784074,0.032,-0.010176657797840737,0.009209809487464887,-1.1049802725769506,false,0.27381595845009615,0.27212806403201606,-0.0016878944180800937,-0.0040000000000000036,0.2171597580516865,1469.2754147055919,0.36338461538461536,0.8225384615384616
10,107,7847914320063163855,3.583263539730511,3.643,0.059736460269488756,0.03297187737070329,1.8117397319500759,false,1.5034409449924062,1.2764762381190615,-0.2269647068733447,0.018000000000000238,0.2729598893873403,516.3696622082737,0.3346923076923077,0.8213076923076923
10,108,1878172817723025543,-0.6732316932776401,-0.7010000000000001,-0.02776830672235997,0.02502259660127891,-1.1097292245418178,false,2.435060925824252,2.510805402701351,0.07574447687709895,0.17000000000000004,3.396929637416432,1979.7594590989906,0.3986153846153846,0.8006153846153846
10,109,6638061034704225801,-0.35465994386090144,-0.30300000000000005,0.05165994386090139,0.04662720222137988,1.1079357413645947,false,1.296854879388654,1.0988674337168598,-0.19798744567179427,0.057999999999999996,0.6219545376604794,205.9222108834124,0.34084615384615385,0.8134615384615385
10,110,14851402751252615361,-2.9981170093798437,-3.05,-0.05188299062015611,0.03475049665125314,-1.4930143629554473,false,3.0424615592247584,2.8739489744872455,-0.16851258473751285,-0.1759999999999997,2.5323379082360966,1006.4374329808816,0.3966153846153846,0.822
10,111,4411094197235889362,3.0390531043489286,3.044,0.004946895651071426,0.04239233700939993,0.11669315730280495,false,2.9210426524850694,2.9084622311155566,-0.012580421369512873,0.27200000000000024,3.2081269775205827,636.7091183737227,0.32792307692307693,0.816076923076923
10,112,17276520031839147214,-3.8266866877575856,-3.8449999999999998,-0.01831331224241417,0.016654289798257373,-1.0996153221934681,false,0.6658767849275967,0.5881320660330173,-0.07774471889457946,-0.018000000000000238,0.5404013085530575,941.1631899991453,0.3423846153846154,0.8098461538461539
10,113,13046469466444050726,-0.13626685369391112,-0.123,0.013266853693911118,0.01101127259048794,1.2048429084728731,false,0.5285922193512649,0.484,-0.044592219351264895,0.022000000000000006,0.998976268147455,2000.0,0.3496153846153846,0.808923076923077
10,114,8446548492737295823,-0.07681937178045073,-0.016999999999999987,0.05981937178045074,0.052420071436852345,1.1411539538344952,false,4.890823229556942,5.198677338669334,0.30785410911239275,0.438,4.177789041432681,837.9383897248666,0.34507692307692306,0.8164615384615385
10,115,17919990119611899669,1.986737174259056,2.102,0.11526282574094382,0.09421019626632954,1.2234644476814283,false,4.006189328647204,4.0009684842421205,-0.0052208444050831915,-0.5079999999999998,2.696098830767204,174.0066307452785,0.3141538461538462,0.8096923076923077
10,116,4066406198179885211,0.3352770633876786,0.248,-0.0872770633876786,0.04209209037379815,-2.073478950857893,false,1.4080886855254806,1.2047303651825918,-0.2033583203428888,0.088,1.0453270343491778,243.15225558099394,0.33253846153846156,0.8086153846153846
10,117,16131149170200611777,-0.616335893837755,-0.647,-0.03066410616224502,0.08978003493169355,-0.3415470509181121,false,4.338498775210551,4.214169084542272,-0.12432969066827937,0.126,0.7017150310526351,237.76880245258639,0.3353846153846154,0.8084615384615385
10,118,1279257435923969748,-0.005484472030121542,-0.01,-0.004515527969878458,0.0058115840572624455,-0.7769874659621637,false,0.03594249721252078,0.06402401200600294,0.028081514793482157,0.004,0.34414025165835815,503.4162371176379,0.4016923076923077,0.8175384615384615
10,119,10215667878752018527,0.2721749768969995,0.264,-0.008174976896999475,0.025393830615262777,-0.32192767687778323,false,1.0284068617313271,0.9844602301150571,-0.04394663161626999,0.008000000000000007,0.15751857451533258,650.7725749285274,0.35092307692307695,0.8102307692307692
10,120,13438088225402125712,-0.11188751059644267,-1.561,-1.4491124894035572,0.0752861189387027,-19.248070027137565,false,0.44287744627946046,3.7323441720860404,3.28946672580658,0.3620000000000001,2.4041616509328723,257.06472511217964,0.3433846153846154,0.813076923076923
10,121,7293610706685228942,-0.037507762456823635,0.147,0.18450776245682363,0.06437385623592325,2.8661909235423546,false,3.2715977107102585,3.859191595797897,0.5875938850876383,-0.074,0.5747674935675593,368.1834354004399,0.344,0.818923076923077
10,122,14236236029862229918,0.6124303348802206,0.6559999999999999,0.04356966511977933,0.04040770636112224,1.0782513793383564,false,2.1368408009235456,2.3553456728364166,0.21850487191287105,0.10799999999999998,1.3363787470984843,647.1269215397101,0.3806923076923077,0.8177692307692308
10,123,17842943239071605908,0.22632792399914237,0.251,0.024672076000857635,0.015605268395668512,1.5810093985763012,false,0.8811482737738383,0.9315837918959476,0.050435518122109335,0.04200000000000001,1.3456993796933916,1947.1480101076515,0.3392307692307692,0.8245384615384616
10,124,17857209835966212337,-1.4692137737738575,-1.405,0.06421377377385751,0.09014623107200984,0.7123289904661995,false,4.22466159565277,4.16624112056028,-0.05842047509248971,-0.17799999999999994,0.9872847587926971,191.69404134486524,0.35292307692307695,0.8241538461538461
10,125,14160741921235969231,0.12405167107937942,0.119,-0.005051671079379427,0.01698450718278631,-0.2974281811661432,false,0.4808179298194741,0.4519839919959981,-0.028833937823475986,-0.022000000000000006,0.6476490534354999,723.2119131895349,0.30638461538461537,0.8204615384615385
10,126,7996221435323451099,-0.0007205266931135865,-0.001,-0.00027947330688641355,0.0010000000000000002,-0.2794733068864135,false,0.003487558369129065,0.004000000000000002,0.0005124416308709369,-0.002,0.9999999999999998,2000.0,0.32346153846153847,0.8043846153846154
10,127,12544436315394769671,-0.0006497652934086603,-0.001,-0.00035023470659133974,0.0017317619639401589,-0.20224182877563313,false,0.01725996149958726,0.011987993996998498,-0.005271967502588763,0.006,1.7323396993743334,2000.0,0.33584615384615385,0.8133846153846154
10,128,17857106405907201725,2.070161074363977,2.016,-0.05416107436397688,0.036755045758294816,-1.4735684107196059,false,3.9950823319106985,3.969696848424215,-0.025385483486483285,0.02400000000000002,0.3264857858949032,1425.6845806093231,0.36915384615384617,0.8138461538461539
12,1,13662626704092478131,-1.7137600379862943,-1.428,0.28576003798629435,0.11173529302710912,2.557473384143392,false,3.9623344760527397,3.754389194597301,-0.20794528145543856,-0.17599999999999993,0.7875756854966988,136.67621791817405,0.29928,0.76912
12,2,17189247909633678775,2.3742538742240615,2.378,0.00374612577593858,0.03126910162377838,0.11980279513658507,false,3.8679195457923106,3.9264352176088035,0.058515671816492976,0.08400000000000007,1.3431789792151054,1970.448630070275,0.22776,0.7874
12,3,16749957393162479750,-1.3129680416669753,-1.114,0.19896804166697524,0.04675370002719693,4.255664076880209,false,4.605908562975026,4.754305152576283,0.14839658960125668,0.01200000000000001,0.12833208915037242,1001.8320877075633,0.27036,0.77504
12,4,12052173748391073294,0.059134954622339385,0.041,-0.018134954622339383,0.01366145534637837,-1.327454078832599,false,0.23427144290718557,0.15439519759879922,-0.07987624530838636,0.05800000000000001,2.122760662368805,385.08687726528206,0.28316,0.7746
12,5,16571017521569471536,-0.059500935490268685,-0.089,-0.02949906450973131,0.021040720031636942,-1.4019988130337915,false,0.28026381591407196,0.43317458729364733,0.15291077137957537,-0.078,1.8535487350888842,406.0062175041749,0.24596,0.78288
12,6,418895238407515706,-0.00432492778080773,-0.007,-0.00267507221919227,0.010998587635009405,-0.2432196121870499,false,0.4527295613229955,0.38814407203601853,-0.064585489286977,0.01,0.45460382422963025,1601.546080438967,0.26504,0.78984
12,7,7622264114544431973,-1.1580413970256878,-0.9390000000000001,0.2190413970256877,0.10081478123299954,2.1727111277407527,false,3.2932563834541426,2.6221090545272623,-0.6711473289268803,1.1019999999999999,5.4654683892687155,113.30726942306441,0.28348,0.7728
12,8,15872111177308283197,-0.96733117219215,-1.1360000000000001,-0.16866882780785009,0.08104938730855148,-2.08106234246701,false,3.4306935450945186,3.648536268134068,0.2178427230395492,-0.4760000000000001,2.936481174051871,247.45795784239178,0.27312,0.78332
12,9,7804177220945066085,1.800083106555322,1.818,0.01791689344467806,0.03221549190932028,0.5561576863426542,false,4.148890954739457,4.054827413706855,-0.09406354103260206,-0.08000000000000007,1.241638653620174,2000.0,0.27664,0.7612
12,10,13773186812076140959,0.5086154082405775,0.529,0.020384591759422532,0.07976139758851103,0.2555696411513076,false,1.8208842421773654,1.8008984492246118,-0.0199857929527536,0.498,3.1218108950972843,129.11522352715272,0.29208,0.7714
12,11,15512375545327536580,0.9953830139247702,1.009,0.013616986075229653,0.0862236805439394,0.15792629112243087,false,3.0144486979324077,2.937770885442724,-0.07667781248968364,0.08600000000000008,0.49870290538209316,193.77648195568432,0.26916,0.77444
12,12,2957609836892744732,0.02194488045465888,-4.003,-4.024944880454659,0.021440288675510982,-187.72811044526355,false,0.0896479666187251,1.8384212106053013,1.7487732439865762,0.11399999999999944,2.6585462939734064,1811.347093989941,0.28708,0.77672
12,13,6627935800459869467,0.7638571476864512,0.706,-0.05785714768645123,0.03653416377257428,-1.5836450519741698,false,2.582850382088128,2.427445722861431,-0.1554046592266971,0.244,3.3393401518494263,610.5133636831126,0.2868,0.77088
12,14,16535957211350773035,0.01328085276186064,0.011,-0.0022808527618606404,0.0051945155207918925,-0.4390886412276865,false,0.15671967348135243,0.10805202601300652,-0.04866764746834591,-0.002,0.19251073483125375,2000.0,0.26208,0.78404
12,15,7877163024185045754,-0.3906335198698032,-0.425,-0.034366480130196775,0.03296020235025088,-1.0426659328423447,false,1.4460473910435208,1.58062831415708,0.1345809231135593,-0.018000000000000016,0.2730565760598707,588.8477722869119,0.26984,0.77224
12,16,16028085354706000936,-1.3237861666228756,-1.278,0.0457861666228756,0.08192314520854573,0.5588917088854575,false,3.565901275609874,3.4538789394697367,-0.11202233614013712,-0.236,1.4403743862569738,227.8359293609033,0.2412,0.78424
12,17,4477700991258611071,0.040921840236963145,-0.006,-0.04692184023696314,0.006247238109116388,-7.510813485481152,false,0.28783342835441444,0.08739569784892445,-0.20043773050549,0.036000000000000004,2.8812732419680303,1025.5456678164344,0.2662,0.78088
12,18,11511481360887022883,-3.1877716749453895,-3.232,-0.04422832505461072,0.05418934702195018,-0.8161811773944313,false,2.589211953372605,2.3926843421710844,-0.19652761120152062,0.03200000000000003,0.29526098540214896,404.2660427328849,0.25912,0.78108
12,19,9301593777760362479,3.426315527754289,3.221,-0.20531552775428885,0.038250690780331956,-5.367629278472001,false,1.9874155632222,2.6198519259629847,0.6324363627407847,0.05400000000000027,0.7058696052067956,842.9278345900648,0.28768,0.7782
12,20,14216839614351271547,-0.0010606830859345162,0.004,0.005060683085934516,0.001999249483993838,2.5312914303346217,false,0.01091344623610347,0.015999999999999993,0.005086553763896523,-0.004,1.000375398874513,2000.0,0.22808,0.78148
12,21,4916429659385338579,0.11072467476238113,0.079,-0.031724674762381125,0.022771808165439198,-1.3931557183293728,false,0.9331601300858423,1.0317138569284638,0.09855372684262154,0.098,2.151783452768031,858.5794353687219,0.22012,0.7746
12,22,2240749354988150936,1.4823972636376754,1.444,-0.03839726363767548,0.081620418112298,-0.47043698777487697,false,4.4030611462735525,4.407955977988996,0.00489483171544336,0.3639999999999999,2.2298342033680103,300.5360151672355,0.265,0.77748
12,23,14022420472194434129,-0.0012296113165021494,-0.003,-0.0017703886834978507,0.001731761963940159,-1.0223048665821293,false,0.02106123269500926,0.012004002001000507,-0.009057230694008754,0.002,0.5774465664581111,2000.0,0.23952,0.76836
12,24,1593408091221081467,-2.127697173080109,-2.072,0.0556971730801088,0.07273628501359379,0.7657412400110821,false,4.849076532382959,4.687175587793896,-0.16190094458906312,-0.3440000000000003,2.3647069680264097,451.93700794657474,0.28436,0.78164
12,25,8248639304365935923,0.013112548703609313,0.009000000000000001,-0.004112548703609312,0.004357406739879625,-0.9438064769053263,false,0.08010814431170636,0.07602001000500258,-0.004088134306703781,-0.006,0.6884828934016098,2000.0,0.25884,0.78304
12,26,8977800824338286119,1.1069838705591137,1.126,0.019016129440886154,0.060052906139236126,0.31665627300028015,false,3.2041656612691254,3.094019009504752,-0.11014665176437344,0.08399999999999985,0.6993833054910032,353.49679905381726,0.30236,0.76924
12,27,14565403608000525840,0.6416769371286509,0.624,-0.017676937128650927,0.08318536188666908,-0.2125005737515912,false,2.158302438687095,2.0601580790395184,-0.09814435964757662,-0.412,2.47639723297294,131.84501707162633,0.2232,0.78024
12,28,7876068002628636988,0.19123968253566379,0.049999999999999996,-0.1412396825356638,0.02735211156389047,-5.1637579133789675,false,0.8892592482341956,0.4152396198099049,-0.47401962842429063,0.044,0.8043254703978252,219.2841640598127,0.26976,0.77496
12,29,9784529612988394688,-1.4373772030691068,-1.46,-0.022622796930893196,0.03817321597283696,-0.592635342722787,false,3.697603632112348,3.480388194097047,-0.2172154380153013,-0.052000000000000046,0.6811058313373682,1206.528839632237,0.28968,0.77692
12,30,12539224596576745766,3.0504747066199274,3.29,0.23952529338007267,0.06873869102493772,3.484577460067944,false,2.9652465186814636,2.288432216108054,-0.6768143025734097,0.13199999999999967,0.960157940395689,215.48272393954858,0.27748,0.773
12,31,10752512707569418867,-0.3473843515344283,-0.322,0.025384351534428307,0.060074232635243544,0.42254974255861166,false,1.26887936661203,1.1071455727863933,-0.16173379382563668,-0.10399999999999998,0.8655957424497059,125.68413521396339,0.24048,0.77644
12,32,17991147275531567703,-1.2717010334324237,-1.444,-0.17229896656757626,0.04942961088473321,-3.4857439393841636,false,3.4784420080060126,3.6341290645322677,0.15568705652625514,-0.12400000000000011,1.254308882677232,719.8609119712031,0.28328,0.7826
12,33,3070932310462720366,0.0388349595593942,0.041999999999999996,0.003165040440605796,0.008237366029232281,0.3842296711562757,false,0.29802248121014757,0.24805202601300613,-0.04997045519714144,0.012000000000000004,0.7283881739269026,1669.8316519875282,0.2434,0.77616
12,34,278156940466284842,0.031586178446376394,0.040999999999999995,0.009413821553623601,0.008250697061521558,1.1409728757981503,false,0.12850155634672855,0.17206803401700882,0.04356647767028027,0.005999999999999998,0.3636056417573465,1053.2688061258725,0.28828,0.7878
12,35,15115434819950584760,-0.31577336141131607,-0.328,-0.012226638588683947,0.02470859172944967,-0.4948334863662531,false,2.13293352845181,2.0088764382191093,-0.1240570902327005,0.016000000000000014,0.32377401705435804,1475.5982132207102,0.29324,0.7666
12,36,9181853225294640835,-0.009580301251376211,-0.008,0.0015803012513762107,0.017370497836779096,0.09097616350581442,false,0.5808581509507931,0.5441440720360176,-0.036714078914775516,-0.016,0.46055099140920136,837.8378378378382,0.27388,0.78408
12,37,13995345650383039462,-1.8553840687119945,-1.895,-0.03961593128800556,0.041756208855558224,-0.9487434892627286,false,4.02490186298059,4.049974987493749,0.025073124513158795,0.08999999999999986,1.0776840434835098,1014.3139934882984,0.24392,0.78548
12,38,10993278057685691857,-2.824692888456269,-2.949,-0.12430711154373064,0.08319166720138396,-1.4942255123078323,false,3.327943300219935,3.107503751875936,-0.22043954834399893,0.18999999999999995,1.1419412928704904,194.1983396836872,0.21628,0.77644
12,39,2572003245616862858,-0.005364613825500686,-0.005,0.0003646138255006858,0.004120068018885147,0.0884970402987053,false,0.026033870153029846,0.03601600800400202,0.009982137850972177,-0.002,0.24271443952291616,934.697881340331,0.27008,0.7806
12,40,10153005055349684008,1.377160188330937,1.4100000000000001,0.032839811669063135,0.05352780666198677,0.6135093835702521,false,3.8011910641584,3.7429594797398735,-0.058231584418526605,-0.23199999999999998,2.1670979484085304,468.88738366198237,0.22668,0.7848
12,41,15436591996349829084,-2.390487396346285,-2.4,-0.00951260365371498,0.03723917047826061,-0.25544617486225224,false,4.108038313092253,4.011733866933465,-0.09630444615878808,-0.1120000000000001,1.503792895512847,1187.473668077403,0.26972,0.78544
12,42,18299726015495886067,-0.0032973814238933196,0.003,0.006297381423893319,0.006701031630462313,0.9397629754896194,false,0.064583325774916,0.09995197598799409,0.035368650213078084,-0.014,1.0446152750837054,973.8479894231036,0.25592,0.77896
12,43,12570649096124385037,0.07409253925387757,0.07,-0.004092539253877564,0.008525569198891204,-0.4800312047681017,false,0.2910738985589315,0.27933966983491787,-0.01173422872401364,0.039999999999999994,2.3458844252417896,1834.2842264848493,0.23516,0.79024
12,44,11070999494471238978,0.04275593658257293,0.051000000000000004,0.008244063417427075,0.02169622013125777,0.3799769437972213,false,0.23350458449756262,0.29068734367183596,0.057182759174273345,-0.054,1.2444564000851497,248.5379895672098,0.23744,0.78592
12,45,3865690945780194462,-3.7055199899615534,-3.709,-0.003480010038446668,0.019790685956411674,-0.1758407993594196,false,1.1027824013109941,1.0684842421210614,-0.03429815918993273,-0.009999999999999787,0.25264409788585535,1228.040023464257,0.26872,0.78428
12,46,10295206676952758219,0.04780747664214463,0.044,-0.003807476642144633,0.008502482496559586,-0.4478076424956214,false,0.3853443543476549,0.2640600300150074,-0.12128432433264752,0.012000000000000004,0.7056762542501934,1702.9237191964064,0.23592,0.78932
12,47,16786730862325825805,0.1458975117625796,1.073,0.9271024882374204,0.09833234640836709,9.428255524252732,false,1.794230584924101,3.9296428214107078,2.135412236486607,-0.238,1.2101816375437808,152.0143293481476,0.26472,0.76636
12,48,2648741114588355943,0.0627578910871549,0.044,-0.018757891087154907,0.011494314012907151,-1.6319278441576737,false,0.26113797096737795,0.17608004002000993,-0.08505793094736802,0.003999999999999997,0.17399907447753438,526.4866091185979,0.27928,0.76624
12,49,229037564891241187,-2.163057020063581,-2.1790000000000003,-0.015942979936419466,0.05348490563762389,-0.29808372561107027,false,3.9806221314207617,4.040402201100551,0.059780069679788994,-0.10600000000000032,0.9909337853017988,633.6972041747817,0.25768,0.78016
12,50,4351036946410113401,0.5663975603599154,0.5489999999999999,-0.017397560359915465,0.029661313883080756,-0.586540448898971,false,1.945008374431529,1.9317158579289637,-0.013292516502565244,-0.04999999999999993,0.8428487051701485,849.366190539283,0.24004,0.77696
12,51,1093332565401434451,-3.670737475887477,-3.64,0.030737475887476773,0.030992696294640267,0.9917651434797032,false,1.2087221287300003,1.29744872436218,0.08872659563217966,0.1200000000000001,1.9359399850078929,551.8936787619093,0.25476,0.79024
12,52,15654615883467242612,-1.0500421069813144,-1.048,0.002042106981314351,0.08731990510997044,0.02338650023431115,false,5.183788173979554,5.046675337668836,-0.13711283631071858,-0.23599999999999988,1.351352819856951,208.12951064932088,0.27796,0.7826
12,53,7381183829841751863,0.034413083573682446,0.044,0.009586916426317552,0.00862427487146191,1.1116199992698588,false,0.19994993551524531,0.22331165582791418,0.023361720312668866,0.04,2.3190355476935043,1329.057055857832,0.28152,0.77684
12,54,6535447975700233706,1.1412321951047293,1.169,0.027767804895270753,0.07733631202468079,0.3590526127805144,false,3.262569890529572,3.301408704352172,0.03883881382260013,-0.02200000000000002,0.14223590073042938,247.35955788679013,0.26368,0.78956
12,55,8846488916622925377,0.003257922863994291,-0.005,-0.00825792286399429,0.0026448057582267493,-3.122317334007523,false,0.06865042023550089,0.027995997998999527,-0.040654422236501356,-0.006,1.1342988008357167,2000.0,0.24632,0.76648
12,56,15568797508900534331,0.12547510947803853,0.14100000000000001,0.015524890521961487,0.016122477652111084,0.9629345350606613,false,0.9800409418695311,1.0678119059529767,0.08777096408344565,0.038000000000000006,1.1784789168253016,1924.7715783126946,0.27112,0.78312
12,57,17991784388013189866,3.7079678022140876,3.732,0.02403219778591259,0.017013027906850723,1.412576169127156,false,1.102908406556144,1.038719359679841,-0.06418904687630311,0.06000000000000005,1.7633545400768886,1641.0127154579893,0.21808,0.79332
12,58,8670034425000047820,-0.03931471193269953,-0.040999999999999995,-0.0016852880673004639,0.007250380576856256,-0.23244132489817518,false,0.15571324839287876,0.15602801400700356,0.0003147656141248012,0.010000000000000002,0.6896189719971895,1327.9718152536368,0.25856,0.78676
12,59,2499345019776384762,0.05071811858215833,0.077,0.02628188141784167,0.010776402155715552,2.4388363609743697,false,0.44501991907384975,0.4842401200600297,0.039220200986179954,0.0020000000000000018,0.09279534909242639,1982.0395095340093,0.27124,0.79348
12,60,14526281088567881532,3.9992540173284583,4.0,0.0007459826715416895,0.0,NaN,true,0.003024811489315705,0.0,-0.003024811489315705,0.0,0.0,2000.0,0.29028,0.78784
12,61,7688588327168589794,0.0007676914878298469,0.0,-0.0007676914878298469,0.004897651834986678,-0.1567468480192478,false,0.08052638535213241,0.09584792396198097,0.015321538609848556,-0.02,2.0417947900184297,2000.0,0.25328,0.7816
12,62,13906717277801530547,-0.010686406460527336,-0.005,0.005686406460527336,0.0029986657029417263,1.8963122347879273,false,0.06488219570265469,0.03596798399199598,-0.028914211710658708,-0.01,1.6674082726510466,2000.0,0.25972,0.78696
12,63,4671219465811055604,-2.2495831281394754,-2.239,0.010583128139475484,0.08053299588810346,0.13141356561700757,false,3.941892898582182,3.620752376188094,-0.3211405223940882,0.04599999999999982,0.2855972231798908,246.9621689386397,0.27568,0.78712
12,64,2841854592840708722,2.1236362368248805,2.064,-0.059636236824880395,0.08268818994498697,-0.721218312609779,false,3.9847212130379823,3.840352176088044,-0.1443690369499384,0.05600000000000005,0.33862151316443884,284.67823789917094,0.25504,0.78476
12,65,11673899644809382928,-0.10932987579998968,-0.10700000000000001,0.002329875799989667,0.02593427649556984,0.08983770186870886,false,0.5120807830806651,0.5067953976988491,-0.005285385381815999,-0.054000000000000006,1.0410932421659116,320.6245208057452,0.29964,0.78408
12,66,14347548598164239107,-2.515300003107055,-2.533,-0.01769999689294499,0.030616567199696746,-0.5781182709837015,false,3.7610370098083377,3.813328664332163,0.052291654523825226,0.03399999999999981,0.5552549340073726,2000.0,0.21648,0.7902
12,67,1426076981811892052,1.6151079359269997,1.4289999999999998,-0.18610793592699992,0.09384669523271989,-1.9831059097551782,false,3.8534874836655244,3.5365662831415716,-0.3169212005239528,-0.10200000000000009,0.5434394879172981,197.1406570255795,0.29024,0.78108
12,68,3195905313852022988,2.1125323882919638,2.124,0.01146761170803634,0.032604228834139506,0.35172160538968916,false,4.118295874334557,4.163809904952475,0.0455140306179187,0.1120000000000001,1.717568610037576,1851.6566333225255,0.25856,0.78472
12,69,9248096461049804223,-1.4176926713599898,-1.255,0.16269267135998988,0.0813066316432709,2.000976649405383,false,4.347322647029458,4.372264132066032,0.024941485036574562,-0.062000000000000055,0.3812727126123131,300.33435767663644,0.26468,0.775
12,70,14232768725855218734,0.010428925852720709,0.031,0.02057107414727929,0.008757041674529438,2.3490894427409112,false,0.042147507044544064,0.12348374187093557,0.0813362348263915,-0.034,1.941294860962678,680.6757888857802,0.25504,0.77404
12,71,7955477634329204047,-0.17060908703314226,-0.178,-0.007390912966857732,0.02669061056525629,-0.27691059928312894,false,0.6719939193857328,0.7037038519259626,0.0317099325402298,0.036000000000000004,0.6743944637756233,474.2614366169396,0.25652,0.78248
12,72,9861232361420958007,-0.8650794298567446,-0.8500000000000001,0.015079429856744486,0.04916165155883225,0.30673155556417336,false,2.8275137031107747,2.914257128564283,0.08674342545350822,0.12,1.2204634730018658,375.4331588813235,0.284,0.76812
12,73,16339580109045262479,-3.8059986680806777,-3.8289999999999997,-0.023001331919322077,0.02711273531402013,-0.8483589594675818,false,0.7433086914331364,0.6501470735367685,-0.0931616178963679,0.06600000000000028,1.2171401969514921,317.66314809173895,0.28368,0.77728
12,74,9926272549436071943,-1.5299891354200104,-1.542,-0.012010864579989677,0.03133888249089126,-0.38325759010330607,false,3.8158470908049473,3.8894327163581757,0.07358562555322834,0.03200000000000003,0.5105478794481731,1918.4726668676722,0.22744,0.7894
12,75,5606693782613041592,-0.06314907769835401,-0.020999999999999998,0.042149077698354014,0.0395011425231007,1.0670343946052896,false,2.990989809890218,2.908396198099049,-0.08259361179116897,0.046,0.5822616393069985,758.8432906980075,0.29872,0.78532
12,76,13217332408972072777,0.8908696228958679,0.892,0.0011303771041321076,0.04271305831564099,0.02646443848105762,false,3.1358704443908367,3.2235637818909466,0.08769333750010988,0.06400000000000006,0.749185407505274,792.3347068055746,0.24284,0.79428
12,77,14475454094300744669,-0.16131065558573043,-0.156,0.005310655585730434,0.026636913383072152,0.19937203343933135,false,0.6869710556064874,0.6047503751875938,-0.08222068041889363,0.15200000000000002,2.853183434094818,337.8147852294959,0.2662,0.78004
12,78,1001838982438949987,-0.030261348770403415,-0.024,0.006261348770403415,0.006281995362372257,0.996713370389843,false,0.1372627760490106,0.11204802401200605,-0.02521475203700456,-0.004,0.3183701809109175,1140.1787396163093,0.28536,0.77536
12,79,9887642128924336220,2.0466430429651723,1.843,-0.20364304296517233,0.08147998150891643,-2.499301536327515,false,4.171425992972951,4.070977488744374,-0.1004485042285772,0.45399999999999974,2.7859603769689008,227.04848046098067,0.2824,0.76532
12,80,1934928841198103741,-0.3057828419867279,-0.34299999999999997,-0.03721715801327208,0.02360989687854028,-1.57633716931224,false,1.1639681915267013,1.2683921960980495,0.10442400457134826,-0.021999999999999964,0.4659063127886086,1093.5109775957626,0.22212,0.78972
12,81,6000212060743836255,-0.006853776619534457,-0.021,-0.014146223380465544,0.006954312383720275,-2.034165651456958,false,0.12752199213815646,0.147191595797899,0.019669603659742546,0.042,3.0197090440113152,1230.7692307692307,0.26584,0.78924
12,82,12932370681772667408,0.06327555559972407,0.069,0.005724444400275933,0.020440301354425615,0.2800567516601955,false,0.28252775390517865,0.3481240620310159,0.06559630812583728,-0.009999999999999995,0.24461478885767146,357.7362130632465,0.30064,0.77604
12,83,11270409295992141299,3.6837617132394564,3.676,-0.0077617132394562915,0.017658592821916078,-0.43954313448029847,false,1.1675358277275911,1.2242201100550272,0.05668428232743605,0.028000000000000025,0.7928151547061334,1871.4042445332655,0.25736,0.78316
12,84,14436666910639914088,-1.54629565811466,-1.4060000000000001,0.14029565811465994,0.08562994718220501,1.6383947757918873,false,3.794191327769729,3.5368404202101034,-0.2573509075596254,0.18399999999999994,1.0743904793522836,201.4029869562892,0.28076,0.78388
12,85,5145179136430490643,0.04538419637868042,0.034999999999999996,-0.010384196378680426,0.006421889779042252,-1.6170000943599354,false,0.17971971732810543,0.13990795397698838,-0.03981176335111705,0.018,1.4014566287592438,1537.4207706832003,0.27264,0.76548
12,86,15904949155337159828,-0.03156395214586061,-0.034,-0.002436047854139395,0.0071233872085308845,-0.341978862418431,false,0.14019079549545627,0.16788394197098547,0.0276931464755292,0.019999999999999997,1.4038265374685959,1509.026788623225,0.2264,0.78
12,87,7014872548178391124,-0.00011963185301365996,0.0,0.00011963185301365996,0.0,NaN,true,0.000488674330913198,0.0,-0.000488674330913198,0.0,0.0,2000.0,0.28544,0.7734
12,88,1043501165609003473,0.26006700307633746,0.235,-0.02506700307633747,0.01724744436629916,-1.4533749200152475,false,4.563129537060758,0.9240120060030022,-3.6391175310577557,-0.03,0.8696940648963287,1407.3191489361707,0.29608,0.77884
12,89,18030331871649993962,3.7785023584473136,3.721,-0.05750235844731355,0.041737357529038684,-1.377719190950371,false,0.8376087346873458,1.0114477238619315,0.17383898917458573,-0.04600000000000026,0.5510650736333255,249.8035065900259,0.27512,0.77916
12,90,6630049420468782646,1.010440587612317,0.985,-0.025440587612317045,0.08373987229872248,-0.30380494875324954,false,3.024814073113535,2.9913976988494273,-0.033416374264107596,-0.486,2.9018434507895368,186.14456687313503,0.26624,0.78172
12,91,14807529173427811929,0.017840638118353347,0.018000000000000002,0.0001593618816466552,0.008941620562803166,0.017822483131256447,false,0.12466108967739296,0.1358679339669835,0.011206844289590526,0.02,1.1183655054207575,664.3350332994079,0.26948,0.78672
12,92,11827906791133770545,-3.384232295504212,-3.323,0.061232295504212164,0.04195765370408814,1.4593832137531084,false,2.0842882394531,2.1241800900450216,0.039891850591921685,0.041999999999999815,0.5005046313624962,559.1163397189852,0.25076,0.78144
12,93,1860667276406357732,1.7232177674609823,1.6469999999999998,-0.07621776746098252,0.07036405934796527,-1.0831917340651058,false,5.043801878440051,5.244604302151079,0.2008024237110284,-0.494,3.5103148153879573,381.793324888056,0.24332,0.78328
12,94,11706300358980646838,0.37315627989594646,0.595,0.2218437201040535,0.07360358397379081,3.0140342103863977,false,3.3658322265869502,3.613004502251128,0.24717227566417765,-0.402,2.7308452815500566,331.171352360311,0.28088,0.7694
12,95,15745820415281382166,0.000886335446562466,0.0,-0.000886335446562466,0.0,NaN,true,0.0035515332689308537,0.0,-0.0035515332689308537,0.0,0.0,2000.0,0.26152,0.78188
12,96,10330816606301294723,0.06545517006742341,-0.024,-0.0894551700674234,0.005263056657750427,-16.99680924690234,false,0.2598072773159544,0.09604002001000496,-0.16376725730594943,-0.004,0.38000730945101663,1542.479344311049,0.26104,0.7816
16,1,7276541464903481528,-0.8464584794348782,-0.961,-0.11454152056512179,0.13466685117504837,-0.8505546804256496,false,7.070767774191468,7.19125762881441,0.12048985462294137,-0.026000000000000023,0.0965345212022653,153.2382261439834,0.15323333333333333,0.7101833333333334
16,2,16065168849421476091,-0.4642625856567544,-0.438,0.026262585656754378,0.03127366688797974,0.8397667517155973,false,2.5088477173344614,2.520748374187092,0.011900656852630753,-0.03200000000000003,0.5116125351501308,1173.9592305245933,0.11841666666666667,0.7126166666666667
16,3,15868915181053647579,-0.0010605884588779924,0.038,0.03906058845887799,0.019153590786586582,2.0393350204721115,false,0.1903317967100478,0.2801320660330167,0.08980026932296892,0.0040000000000000036,0.10441906284228533,275.29796632157746,0.12193333333333334,0.70645
16,4,13597974483093632673,0.18241639162278708,0.255,0.07258360837721292,0.06364153726248747,1.1405068371910025,false,2.140103030562689,2.444100050025013,0.30399701946232405,-0.33799999999999997,2.6554983941221426,255.16819789255914,0.15793333333333334,0.7023833333333334
16,5,6835804041339684061,-0.708490303887036,-0.668,0.040490303887036005,0.08287400376626022,0.4885766591081542,false,2.3352582827649075,1.9954857428714377,-0.3397725398934699,-0.532,3.2096916754526865,134.42239158209162,0.12508333333333332,0.71235
16,6,8769919330985304786,-3.4406151480974803,-3.3369999999999997,0.10361514809748051,0.056721757940952224,1.8267266717181907,false,1.9536332967526941,2.1881160580290153,0.23448276127632117,0.1339999999999999,1.1812045753191827,331.53961756764227,0.14563333333333334,0.70635
16,7,8522005243505888609,-0.13661099038598734,-0.14,-0.0033890096140126724,0.015132585025856734,-0.22395444058116587,false,0.5845127271160528,0.6720480240120057,0.08753529689595285,-0.023999999999999994,0.7929907533640713,1253.6817650394055,0.1417,0.7016
16,8,5779048598430966248,-3.82869438375702,-3.8449999999999998,-0.01630561624297977,0.019225461143444263,-0.8481261448722057,false,0.656241304266817,0.5986813406703345,-0.05755996359648252,0.10600000000000032,2.756760922641003,758.7555450302499,0.12461666666666667,0.69525
16,9,7938077042346822850,0.00018798575940170634,0.0,-0.00018798575940170634,0.0,NaN,true,0.0012306347929500767,0.0,-0.0012306347929500767,0.0,0.0,2000.0,0.14153333333333334,0.7067666666666667
16,10,12799451893495329747,-0.02056094251562585,-0.032,-0.011439057484374151,0.012785911143202981,-0.894661112239559,false,0.08300779503296299,0.12793596798399198,0.044928172951028994,0.016,0.6256886904968691,271.683200922074,0.1585,0.70415
16,11,9968834118946363545,-0.2827190321319675,-0.293,-0.010280967868032509,0.018417960544949537,-0.55820338212483,false,1.0614439207807806,1.11631615807904,0.054872237298259297,0.02200000000000002,0.5972431080604288,1350.5124423920581,0.14448333333333332,0.7050333333333333
16,12,6214862581725646708,-0.0027839814679235173,-0.027999999999999997,-0.02521601853207648,0.005625810196779231,-4.482202145126157,false,0.039161983938477085,0.12005202601300655,0.08089004207452946,-0.004,0.355504350492485,1751.6799251994403,0.1438,0.7083
16,13,5686434878433230012,3.5651235158873456,3.5949999999999998,0.0298764841126542,0.020388443707610726,1.4653636413406934,false,1.5632637113088421,1.4410225112556279,-0.12224120005321426,-0.08599999999999985,2.109037875409226,1520.251353850981,0.14428333333333335,0.7109833333333333
16,14,5226912669277855383,1.3622671780431304,1.3290000000000002,-0.033267178043130174,0.10808707634604828,-0.3077812738372439,false,4.134900051406844,3.897898949474737,-0.237001101932107,-0.4099999999999999,1.8966189754608427,158.0610574817819,0.15026666666666666,0.7
16,15,9192700675042873658,0.07657851384422439,0.067,-0.009578513844224382,0.014942735598731206,-0.6410147446520902,false,0.4801022955423695,0.3797398699349679,-0.1003624256074016,-0.030000000000000006,1.0038322568776268,656.8897440743997,0.15361666666666668,0.6990666666666666
16,16,14717532383569162048,-2.424736401543121,-2.418,0.006736401543121051,0.04674322169456433,0.1441150459662136,false,4.175722686024396,4.257800900450224,0.0820782144258283,0.28400000000000025,3.0378736178664596,943.3990033232336,0.11643333333333333,0.70575
16,17,14232604482392677758,2.368440253251923,2.3890000000000002,0.020559746748077146,0.034183892021489734,0.6014454625339982,false,3.8652880042396536,3.8647943971985956,-0.0004936070410579418,0.32600000000000007,4.76832772282132,1515.0253216476153,0.12961666666666666,0.70425
16,18,8526682443620190287,-0.3752880074259461,-0.26,0.11528800742594608,0.05276624241093038,2.1848818896011535,false,1.3819773843118248,0.9918239119559783,-0.3901534723558465,0.312,2.956435646584625,153.91330197458817,0.14276666666666665,0.7113666666666667
16,19,762711826391375448,-0.12296062932901744,-0.128,-0.0050393706709825625,0.04866391217497907,-0.10355457351769581,false,1.9103039958123422,1.838007003501751,-0.07229699231059117,0.23199999999999998,2.383696559021046,286.6932074648581,0.1136,0.70815
16,20,2376975664886977583,0.4401539614434186,0.383,-0.05715396144341861,0.029972475158611168,-1.9068816019019414,false,1.615525276848088,1.5005882941470756,-0.11493698270101249,0.018000000000000016,0.30027550118476903,686.5443139906166,0.1346,0.70115
16,21,5428858172889774842,0.011209372107146572,0.012,0.0007906278928534287,0.01271146461531215,0.06219801704840867,false,0.27798647385740727,0.3601800900450225,0.08219361618761523,0.0,0.0,854.8063888254036,0.14841666666666667,0.70885
16,22,2438227419111304363,-0.12301108395531779,0.20299999999999999,0.32601108395531775,0.10270464062837349,3.1742585530770353,false,5.028504174793918,5.070485242621313,0.04198106782739508,1.29,6.280144656110217,203.94476293028944,0.13725,0.7077166666666667
16,23,3727644520716342126,0.025313586128457688,0.044,0.01868641387154231,0.01893307327487577,0.9869720356673009,false,0.9838731276886968,0.9687963981991007,-0.015076729489596152,-0.124,3.2746928668085884,1353.0099328740787,0.14845,0.7059333333333333
16,24,1783554233330798141,-0.0679355997145401,0.047,0.11493559971454011,0.01805278550618347,6.3666407422373785,false,0.6408995875776791,0.49214807403701866,-0.1487515135406604,-0.013999999999999999,0.3877517958434918,530.8623672733073,0.13813333333333333,0.70475
16,25,2736107552483739230,-0.07885002279815563,-0.062,0.01685002279815563,0.015515571871034705,1.0860072021974356,false,0.58287265414698,0.36661530765382666,-0.2162573464931533,-0.055999999999999994,1.804638606474563,725.5914413958345,0.14576666666666666,0.6900833333333334
16,26,11787099997511695427,3.2300071918272257,2.9610000000000003,-0.26900719182722543,0.08389644337876193,-3.2064194975793647,false,2.568141277497223,3.2367363681840895,0.6685950906868663,-0.04200000000000026,0.25030858465826455,218.04323202383054,0.14388333333333334,0.7012
16,27,1857069481890489537,-1.3665621421746676,-1.365,0.0015621421746676578,0.033869071363081295,0.04612297036199398,false,3.6501805676157724,3.748416208104057,0.09823564048828448,-0.053999999999999826,0.7971874903376017,1328.3194805788428,0.13683333333333333,0.7102833333333334
16,28,16255655996052181988,0.12086901091499896,0.114,-0.00686901091499896,0.011636163119605728,-0.5903157977757625,false,0.6183868247508942,0.5122481240620314,-0.10613870068886289,0.0040000000000000036,0.1718779617853766,1771.175400114166,0.14203333333333334,0.7013166666666667
16,29,337919585436887856,1.9736482164305387,2.226,0.2523517835694613,0.11298733007899266,2.2334520462872693,false,4.002864148344798,4.006803401700849,0.00393925335605072,-0.3200000000000003,1.4160879798481794,153.2101212658322,0.1283,0.7011166666666667
16,30,18201406963257201032,1.54235074511964,1.387,-0.1553507451196401,0.09691969159210645,-1.6028811335207809,false,3.9132447414074587,3.7940550275137555,-0.11918971389370325,0.32200000000000006,1.6611691324563866,138.8412962318057,0.14871666666666666,0.72045
16,31,6739623492329433838,-0.14923600109279,-0.09899999999999999,0.050236001092790014,0.09169441797701841,0.5478632418538365,false,6.019668680251042,5.863489744872432,-0.15617893537861072,-0.378,2.061194172663482,330.9404878036951,0.15091666666666667,0.7069666666666666
16,32,17923972210489679796,0.06702113737747295,0.016,-0.05102113737747295,0.006595613622668491,-7.735616471243585,false,0.2878491983090082,0.06402401200600294,-0.22382518630300524,0.003999999999999998,0.30323183170193463,518.5812278602154,0.16203333333333333,0.7011166666666667
16,33,6757691177139394744,-0.003737845318469102,0.003,0.006737845318469102,0.001731761963940159,3.8907456444758406,false,0.031931771645990106,0.012004002001000484,-0.019927769644989622,0.002,0.5774465664581111,2000.0,0.14216666666666666,0.7047833333333333
16,34,3941802853063810029,2.7066068117292676,2.686,-0.020606811729267704,0.0920776578630171,-0.22379817436195248,false,3.5024491136078693,3.6166563281640802,0.11420721455621097,-0.04800000000000004,0.26064954905460946,172.0501871330447,0.13031666666666666,0.7124666666666667
16,35,15062976807299153557,-0.924279806802631,-0.935,-0.010720193197369055,0.06882451832494998,-0.1557612527959068,false,2.8955397161322347,3.077376688344171,0.1818369722119364,0.017999999999999905,0.1307673517961594,259.9763721765599,0.1325,0.7167833333333333
16,36,7994126626380905295,0.2930087243323771,0.27,-0.023008724332377106,0.025365017249156806,-0.9071046199719013,false,1.914101114102925,1.8249044522261124,-0.08919666187681252,0.0040000000000000036,0.07884875379166109,1237.007475574387,0.1492,0.7022166666666667
16,37,1575068079834446064,-1.215335034216979,-1.062,0.15333503421697903,0.12649004101207964,1.212230093295137,false,3.7686573168279938,3.841120560280138,0.07246324345214417,0.040000000000000036,0.15811521476295548,107.49673487498204,0.14265,0.7013333333333334
16,38,10563180025960871829,0.13933245212716613,0.17,0.030667547872833878,0.02485625053372497,1.2337962168197547,false,0.5454007555739288,0.6656048024012008,0.12020404682727204,-0.116,2.3334170985002576,427.1671657720772,0.11926666666666667,0.7078
16,39,805996481778809175,1.054117536949722,1.3519999999999999,0.2978824630502779,0.10926935368998957,2.726129998859576,false,3.165780717196843,3.7890945472736357,0.6233138300767926,0.24,1.0982036220371045,122.65122404014133,0.14788333333333334,0.7074166666666667
16,40,26914660525439191,-0.11175850974429569,-0.109,0.002758509744295687,0.013335146420832117,0.20686010166235244,false,0.4356823335520409,0.4122041020510252,-0.02347823150101569,0.0020000000000000018,0.07498980276945476,954.1740039652108,0.13451666666666667,0.7099166666666666
16,41,16885240111122335836,-3.6463210625202045,-3.548,0.09832106252020445,0.050496744237518126,1.9470772622040404,false,1.3427855825826112,1.6102771385692856,0.2674915559866744,0.4159999999999999,4.119077440352281,253.4256641186729,0.13585,0.7015333333333333
16,42,17375340497498508856,-1.0450181176443218,-0.948,0.09701811764432189,0.08915694325326075,1.0881723184332437,false,3.1831113854210327,2.9492426213106544,-0.23386876411037827,-0.09199999999999997,0.5159441129484621,183.6671055154662,0.13613333333333333,0.7161833333333333
16,43,10410332877856767323,-0.5344749344678227,-0.5800000000000001,-0.04552506553217739,0.09298962057545646,-0.48957147314345756,false,4.054804451103818,4.022011005502752,-0.03279344560106612,0.20000000000000007,1.0753888378203995,203.12554850280677,0.16306666666666667,0.711
16,44,6773313592870035172,-2.8611700082170715,-2.6029999999999998,0.2581700082170717,0.07297896381547077,3.53759487281652,false,3.3900428726048872,3.884244122061031,0.49420124945614363,-0.9140000000000001,6.262078496421744,248.25095874464046,0.111,0.707
16,45,17017323546476535849,1.8033697567971387,1.955,0.15163024320286134,0.08113892831338096,1.8687730581949942,false,5.423742266019345,5.566733366683338,0.142991100663993,0.010000000000000009,0.06162270199932421,365.76860573277827,0.14193333333333333,0.70055
16,46,296379903309372151,0.7861884685263418,0.94,0.15381153147365811,0.09165296242217341,1.6781948712707055,false,3.14013918930895,3.40451025512756,0.26437106581861025,0.3719999999999999,2.029394305262536,162.5393231662802,0.1356,0.7114666666666667
16,47,16554224262299611170,-0.019011206920705348,-0.018,0.0010112069207053494,0.007922455373782446,0.12763807090055784,false,0.24372356493692532,0.19929964982491263,-0.044423915112012685,-0.04,2.5244698841959305,1501.0038920212003,0.14291666666666666,0.7080333333333333
16,48,17999256022542376108,0.04153785399627896,0.061,0.019462146003721037,0.018875502902039525,1.0310796011489645,false,0.28428971997022034,0.35601600800400196,0.07172628803378162,0.01800000000000001,0.476808488055041,456.2270660917622,0.13606666666666667,0.7026166666666667
16,49,17921244125618381083,3.0377185149142707,2.788,-0.24971851491427088,0.11199300753559815,-2.2297688079757587,false,2.938668371653056,3.097420710355176,0.1587523387021199,0.016000000000000014,0.07143303118685444,88.8285955291588,0.14253333333333335,0.7105166666666667
16,50,14327940757700412890,-0.37379376324548774,-0.372,0.001793763245487745,0.08513527996046633,0.021069564184445066,false,4.55712061448042,4.378957478739366,-0.17816313574105358,0.5920000000000001,3.4768194823280254,191.1829568720631,0.13816666666666666,0.7072833333333334
16,51,9368569705846945898,-2.8270946351902624,-3.227,-0.3999053648097375,0.06792102235419331,-5.887799549369535,false,3.621165922574932,2.6386613306653315,-0.9825045919096005,0.3540000000000001,2.605967841252207,280.83696127694816,0.11921666666666667,0.7000666666666666
16,52,12431714814837918082,-0.9559329333843598,1.234,2.18993293338436,0.1108073031402474,19.763435002227148,false,3.5925143332204614,6.479711855927966,2.8871975227075044,-0.08400000000000007,0.3790363884846215,239.1603251274651,0.14968333333333333,0.7117
16,53,5046433842698230568,-3.935387984585088,-0.056,3.879387984585088,0.014632645733447382,265.1186979616107,false,0.2549510801510425,0.2161080540270135,-0.03884302612402901,0.0,0.0,416.2495220750408,0.12895,0.6953333333333334
16,54,445002111641523013,-1.664423582889858,-1.597,0.06742358288985795,0.0609965677037308,1.105366833382234,false,3.994380555816003,3.928762381190596,-0.0656181746254072,0.10199999999999987,0.8361126194462999,344.63325819699406,0.12746666666666667,0.7101166666666666
16,55,11634127547756095949,-0.6061830312346818,-0.5940000000000001,0.012183031234681674,0.07658634156203613,0.15907576972864318,false,2.1232379463885094,1.9746753376688355,-0.14856260871967386,0.06799999999999995,0.4439433886845143,146.20279342056318,0.1216,0.71135
16,56,7442994571175966795,-0.19363395641147552,-0.208,-0.014366043588524474,0.029199968477372277,-0.4919883252496334,false,0.7935063744534004,0.7875937968984483,-0.005912577554952114,-0.15999999999999998,2.739728985049892,337.97523154829054,0.17705,0.6979166666666666
16,57,195385905989383134,-0.3918919013901766,-0.353,0.03889190139017662,0.037707961164289566,1.0313976197421215,false,1.4631322868390362,1.2643101550775395,-0.19882213176149666,-0.23799999999999996,3.155832252015156,407.2700149861675,0.13193333333333335,0.7081833333333334
16,58,6313957379714898753,-0.6454842069120432,-0.722,-0.07651579308795675,0.08886611685767909,-0.8610232537840983,false,3.738366637170207,4.118859429714855,0.3804927925446484,-0.31999999999999995,1.800461251797952,217.24831879767186,0.11741666666666667,0.7132
16,59,9626906323196519383,-1.3115817513896766,-1.322,-0.010418248610323477,0.04454629284354715,-0.2338746491635978,false,3.569696685364473,3.7532286143071567,0.18353192894268355,-0.03600000000000003,0.40407402840946943,872.2196842496079,0.14571666666666666,0.7048
16,60,9931784613979678401,0.02685875694488482,0.037,0.010141243055115177,0.017074765556499286,0.5939316133834146,false,0.11662109342806573,0.1453346673336669,0.02871357390560117,0.074,2.1669404407088,249.24687762357038,0.12473333333333333,0.7080166666666666
16,61,17452252652602951447,-0.24630456661108702,-0.24,0.006304566611087026,0.02873665773448402,0.21939108818217015,false,1.1151261434588644,1.235617808904453,0.12049166544558854,-0.09999999999999998,1.7399379030777102,601.8354331413261,0.14568333333333333,0.6971166666666667
16,62,5671926536583259211,-0.7967899841810304,-0.947,-0.15021001581896953,0.08400300755115155,-1.7881504507740735,false,2.63873582570175,3.1535747873936955,0.5148389616919453,-0.498,2.9641795842652137,187.57255893635116,0.12633333333333333,0.6917333333333333
16,63,10448741024651792190,-2.4278407012618213,-2.596,-0.1681592987381788,0.0888734390810159,-1.8921209809928354,false,4.087910128988529,3.676326163081542,-0.4115839659069871,0.532,2.993020217857416,218.51889471140805,0.1348,0.70185
16,64,11331300316360184418,0.1725080277585735,0.358,0.1854919722414265,0.05262020239746505,3.5251094406729697,false,1.1780116719631344,1.2832336168084053,0.10522194484527092,-0.10399999999999998,0.9882136067668387,227.61611070565556,0.1407,0.7117666666666667
20,1,15228661428516167941,-0.002910997818355243,0.0010000000000000009,0.003910997818355244,0.01544519575907079,0.2532177564702188,false,0.36180771190699884,0.32310355177588806,-0.038704160131110776,-0.046,1.4891361921711064,478.61001391176205,0.062275,0.6352416666666667
20,2,9392566110692421320,1.055355338756387,1.0819999999999999,0.026644661243612866,0.03713517347548722,0.7175046929887349,false,3.641126053081864,3.629014507253628,-0.012111545828235926,0.15999999999999992,2.154291807814164,1024.3638310573142,0.07275833333333333,0.63335
20,3,4605818617704252886,-0.008783011325583151,-0.007,0.0017830113255831509,0.0033146634062523428,0.53791625485107,false,0.09910643705407887,0.0439719859929965,-0.05513445106108237,-0.01,1.5084487886669462,2000.0,0.070325,0.6328583333333333
20,4,241141770513052876,-3.3665389009258027,-3.3810000000000002,-0.01446109907419757,0.027125033294276384,-0.5331274220868509,false,2.1328715692784703,2.1885162581290647,0.05564468885059437,-0.03400000000000025,0.6267273413296518,1385.6498834283234,0.06229166666666667,0.6468583333333333
20,5,12787627949848076562,-0.1432882691605437,-0.146,-0.002711730839456278,0.016507285595726225,-0.16427478786447794,false,0.5536526710252625,0.5742391195597796,0.020586448534517077,-0.06399999999999999,1.9385379755157848,881.4947555166182,0.06250833333333333,0.635525
20,6,5651999747620681136,-3.5397371628071137,-3.693,-0.15326283719288636,0.043925519850618176,-3.489152495271594,false,1.6606635290434362,1.1484122061030533,-0.5122513229403829,0.017999999999999794,0.20489228199477388,284.88087781621726,0.05370833333333333,0.6461166666666667
20,7,1135737231239847397,-2.7721151683595933,-2.735,0.03711516835959339,0.09019906352357726,0.4114806397063291,false,3.4082308116143394,3.5317158579289645,0.12348504631462509,-0.29000000000000004,1.6075554926587265,197.77658309559305,0.065325,0.6359166666666667
20,8,16163398657276538836,-0.22738553192156985,-1.4849999999999999,-1.25761446807843,0.050960319510206076,-24.67830814574389,false,1.0500316673323709,5.098131065532766,4.048099398200396,0.09400000000000008,0.9222862111487963,888.5162821021704,0.05869166666666667,0.6362083333333334
20,9,13492190926745764254,-2.1137641848357474,-1.786,0.3277641848357473,0.15493438734571252,2.115503152340167,false,5.225889178032197,6.199451725862929,0.9735625478307313,-0.46399999999999975,1.4974080575303605,100.89895322954338,0.051691666666666664,0.639275
20,10,18203756475315363650,-0.11337424444147047,-0.819,-0.7056257555585295,0.10014302780528035,-7.046179559605079,false,0.48168781973314917,2.8815987993996965,2.399910979666547,-0.32199999999999995,1.6077005412004404,115.77278483085401,0.05520833333333333,0.63525
20,11,12570945892189726962,3.4765612148861083,3.5300000000000002,0.053438785113891996,0.06777208966875035,0.7885072656765454,false,1.82623078502073,1.6717478739369669,-0.1544829110837631,-0.22399999999999975,1.6525977072187428,178.47930822418408,0.04816666666666667,0.632025
20,12,13869727498054019078,-1.087906263805218,-1.088,-9.373619478214579e-5,0.028438746722694714,-0.0032960733360075374,false,3.1765697059705476,3.096196098049023,-0.08037360792152448,-0.052000000000000046,0.914245633027544,1929.2158676051856,0.064425,0.6370833333333333
20,13,334892853916092776,-1.1857803895801826,-1.191,-0.005219610419817444,0.062285498751132595,-0.08380137470959131,false,3.4525036359215777,3.506375187593797,0.053871551672219464,0.266,2.1353284900457115,338.2853071506032,0.06413333333333333,0.6279083333333333
20,14,9359508528259043563,1.8380912311651134,2.088,0.24990876883488666,0.06587711797609544,3.7935595319389965,false,3.9865573467341515,3.9361680840420252,-0.05038926269212629,-0.26,1.9733710883826547,371.1929766253432,0.06615833333333333,0.6361333333333333
20,15,2213041329212419732,0.00729306949565256,-0.048,-0.05529306949565256,0.00748724411330404,-7.3849695106644955,false,0.3771888065509677,0.19189594797398696,-0.18529285857698075,0.020000000000000004,1.3356049099869818,1536.0658638727873,0.054825,0.636425
20,16,280248189797652403,0.00032916792209580856,0.006,0.0056708320779041916,0.004238388487206445,1.3379689226274492,false,0.0326426791868398,0.0400200100050025,0.007377330818162699,0.0,0.0,935.2613447481955,0.05776666666666667,0.6473416666666667
20,17,12778831277949721493,-0.22095353827963699,-0.263,-0.042046461720363026,0.03500000287286485,-1.2013273791174806,false,1.290836212376239,1.6763881940970486,0.38555198172080973,-0.030000000000000027,0.42857139339349487,487.73196145733465,0.05689166666666667,0.6338
20,18,14171336328056385688,0.2711122417264721,-0.006000000000000002,-0.2771122417264721,0.0359763429301159,-7.702623978895326,false,4.195519783658375,1.2004082041020505,-2.9951115795563243,-0.128,1.7789467963522612,334.71896715541703,0.060033333333333334,0.6332416666666667
20,19,8915170756041763777,1.2328152405940327,-0.667,-1.8998152405940327,0.14596677352907156,-13.01539517975065,false,3.597726848433758,6.638037018509257,3.040310170075499,0.258,0.8837627693011084,127.33687507430456,0.07023333333333333,0.6282166666666666
20,20,1042962132456927208,-3.4510382947693237,-3.5090000000000003,-0.057961705230676674,0.0209714541328021,-2.763838161323157,false,1.9094138316081366,1.6841200600300144,-0.22529377157812225,0.03799999999999981,0.905993446123577,1939.4805572222747,0.052616666666666666,0.6492833333333333
20,21,18205960364073128987,-1.0035357951015256,-1.183,-0.17946420489847448,0.09896038310208738,-1.8134954541691646,false,3.009825713277656,3.401602801400704,0.39177708812304823,0.5139999999999999,2.59699883876641,142.75906681173882,0.06459166666666667,0.632175
20,22,17957946693679994335,0.830543179130097,1.737,0.9064568208699031,0.06995720646129236,12.957304425405406,false,2.6818058142346857,3.6820630315157588,1.000257217281073,0.8339999999999999,5.960786902357628,230.5023042411517,0.059958333333333336,0.6328666666666667
20,23,4018940607921543761,2.2920557075138395,2.144,-0.14805570751383934,0.11925787080891134,-1.2414753551241176,false,3.9154577050717867,3.6628794397198594,-0.2525782653519273,1.8519999999999999,7.76468667199118,95.54743374465501,0.07073333333333333,0.626825
20,24,4832537868373460622,0.002870512219956916,0.0,-0.002870512219956916,0.0,NaN,true,0.013896363560164101,0.0,-0.013896363560164101,0.0,0.0,2000.0,0.06414166666666667,0.6427333333333334
20,25,16553929738466123693,-0.3451561236170936,-0.276,0.06915612361709356,0.04425612328507909,1.5626340149953777,false,1.2624708243129823,1.0286663331665828,-0.23380449114639945,-0.23600000000000002,2.666297706192978,198.84741211995922,0.06561666666666667,0.634925
20,26,17231660006818577803,3.6447173176487095,3.45,-0.19471731764870936,0.05821842820526303,-3.3445993588522653,false,1.2953223320142513,1.8845902951475733,0.589267963133322,-0.44799999999999995,3.847578969501448,254.65503117411834,0.066375,0.6407
20,27,12575353335392031338,0.07332970569292946,0.078,0.004670294307070541,0.009293986716934089,0.5025070994088082,false,0.34845279299160986,0.34301950975487727,-0.005433283236732589,0.047999999999999994,2.5823148591627367,2000.0,0.06116666666666667,0.624425
20,28,10765625594659574164,1.8056207082291322,2.026,0.22037929177086757,0.0899378490311179,2.450350927278879,false,3.9738560399273504,3.846715357678834,-0.12714068224851616,0.8039999999999998,4.469753327777614,212.94041339810963,0.05429166666666667,0.6338916666666666
20,29,4570272092758430543,-0.08919710751051646,-0.094,-0.00480289248948354,0.016132196995138254,-0.29772091742562923,false,0.816676903483083,0.7740750375187598,-0.04260186596432314,0.068,2.107586462665101,1215.6338377049399,0.066175,0.629375
20,30,8656170334575831953,-1.722801669136575,-1.7559999999999998,-0.03319833086342472,0.033117331789146526,-1.002445821263437,false,3.9712593416032402,3.793128564282144,-0.17813077732109628,-0.256,3.865045675024737,1699.1695475347767,0.07329166666666667,0.6128416666666666
20,31,14376363868907466967,0.49637807994185756,0.504,0.0076219200581424396,0.03376468504188948,0.22573644767266324,false,1.77885193614167,1.7766883441720849,-0.0021635919695850436,0.18,2.6655068717016994,647.8917203629484,0.060975,0.6326083333333333
20,32,18399193881709654402,-0.04803134617055367,-0.025,0.02303134617055367,0.007252701071767547,3.175554313165802,false,0.3077008357414269,0.20400400200100066,-0.10369683374042626,-0.014000000000000002,0.9651576606746926,1863.8444164617981,0.06200833333333333,0.642025
