campaign_id,L,environment_id,environment_seed,conditional_mean,conditional_variance,conditional_second_moment,log_partition,partition_phase_real,partition_phase_imaginary,matrix_order,precision_bits,crossed_edges,relative_solve_residual,maximum_probability_imaginary_residual,maximum_covariance_imaginary_residual,elapsed_seconds
glauber_square_grid_kasteleyn__gamma__p_0p5,2,1,16503013862675582955,3.862424550100183,0.5313750550387845,15.449698460255386,0.9045065006012186,1.0,0.0,8,53,2,6.002477714793176e-17,0.0,0.0,0.732076042
glauber_square_grid_kasteleyn__gamma__p_0p5,2,2,7876645441089020994,0.3368709867709331,1.23400190425853,1.347483965986552,-0.3602300042640074,1.0,0.0,8,53,2,7.238295354286647e-16,0.0,0.0,0.000105083
glauber_square_grid_kasteleyn__gamma__p_0p5,2,3,12217605947908914083,0.00041017394519721195,0.0018115486698310757,0.0018117169124963943,6.86790023966635,1.0,0.0,8,53,2,1.6285147161818467e-17,0.0,0.0,1.3417e-5
glauber_square_grid_kasteleyn__gamma__p_0p5,2,4,7008982407598474083,-0.01153280256090261,0.04599981017850596,0.046132815713414724,-2.6042034670725878,1.0,0.0,8,53,2,5.687330583465687e-16,0.0,0.0,1.05e-5
glauber_square_grid_kasteleyn__gamma__p_0p5,2,5,17995853470203864178,0.4913754100387919,1.769585803344694,2.0110355969354847,-3.134834925557995,1.0,0.0,8,53,2,7.925767281778657e-16,0.0,0.0,9.625e-6
glauber_square_grid_kasteleyn__gamma__p_0p5,2,6,184679872487367140,-0.007435509838678703,0.05582658995836698,0.05588187676492807,3.7537106805338327,1.0,0.0,8,53,2,3.2284780925673117e-16,0.0,0.0,9.292e-6
glauber_square_grid_kasteleyn__gamma__p_0p5,2,7,6372658922972548020,-0.0025294796767688556,0.012348108006113943,0.012354506273549129,-2.2598267691743326,1.0,-0.0,8,53,2,9.87777806364178e-17,0.0,0.0,8.667e-6
glauber_square_grid_kasteleyn__gamma__p_0p5,2,8,12072279450063955472,-0.014438570013362961,0.06493663899423952,0.0651451112982703,1.0848542888793147,1.0,0.0,8,53,2,1.1646982767714639e-16,0.0,0.0,8.333e-6
glauber_square_grid_kasteleyn__gamma__p_0p5,2,9,11204976245762855672,-0.6359614967422693,2.147804039948111,2.5522510652867783,-2.7210386817615433,1.0,0.0,8,53,2,3.284520768172598e-16,0.0,0.0,8.375e-6
glauber_square_grid_kasteleyn__gamma__p_0p5,2,10,12018010025799607513,-0.003995425363869853,0.015966730206173507,0.01598269363001176,2.0294155866943213,1.0,-0.0,8,53,2,1.302061889808127e-16,0.0,0.0,8.25e-6
glauber_square_grid_kasteleyn__gamma__p_0p5,2,11,8324409309590821860,6.350454097636682e-6,0.00019530632489783706,0.00019530636522610431,-4.993414294056143,1.0,0.0,8,53,2,1.5700742463605397e-16,0.0,0.0,8.291e-6
glauber_square_grid_kasteleyn__gamma__p_0p5,2,12,11268415986047989819,0.03840316809520673,0.15322803303749186,0.15470283635724055,-5.612896137135931,1.0,-0.0,8,53,2,6.898062453529139e-16,0.0,0.0,8.083e-6
glauber_square_grid_kasteleyn__gamma__p_0p5,2,13,4041576417893040964,0.7651997810550344,2.476765976309069,3.0622966812357415,-1.8869172143765653,1.0,-0.0,8,53,2,1.9447936769008528e-16,0.0,0.0,8.166e-6
glauber_square_grid_kasteleyn__gamma__p_0p5,2,14,9608222450850241923,0.0017374406963230826,0.01723535640779793,0.01723837510797117,-0.009889471504660463,1.0,-0.0,8,53,2,1.4048322691670163e-16,0.0,0.0,8.208e-6
glauber_square_grid_kasteleyn__gamma__p_0p5,2,15,11783809464752416572,-0.004267555416205382,0.026475787633011283,0.02649399966224167,4.142715893750094,1.0,-0.0,8,53,2,1.7718359113725533e-16,0.0,0.0,7.916e-6
glauber_square_grid_kasteleyn__gamma__p_0p5,2,16,17488108566552188701,9.320227248959222e-5,0.00037334796774037005,0.00037335665440396725,3.3777846892640015,1.0,-0.0,8,53,2,1.146682929242981e-16,0.0,0.0,8.125e-6
glauber_square_grid_kasteleyn__gamma__p_0p5,2,17,9168956008631356884,0.00026349036883094486,0.0013901575693890354,0.0013902269965635021,1.7528621100962716,1.0,-0.0,8,53,2,8.933091070079051e-17,0.0,0.0,6.9875e-5
glauber_square_grid_kasteleyn__gamma__p_0p5,2,18,7084167817291987927,0.0033042672886627695,0.013216931791166644,0.013227849973481571,1.079564662456051,1.0,0.0,8,53,2,7.959825014487775e-17,0.0,0.0,1.3708e-5
glauber_square_grid_kasteleyn__gamma__p_0p5,2,19,2016393574280746586,-3.9367861063566156e-5,0.00016459721613248934,0.00016459876596097408,2.066053759900042,1.0,0.0,8,53,2,2.163865153004008e-16,0.0,0.0,9.75e-6
glauber_square_grid_kasteleyn__gamma__p_0p5,2,20,18209828889037580146,-0.004103143157674769,0.019577982259783244,0.019594818043555617,0.5271987365108989,1.0,0.0,8,53,2,6.545968975013314e-17,0.0,0.0,8.875e-6
glauber_square_grid_kasteleyn__gamma__p_0p5,2,21,13066138278044702885,-0.00013952296960462705,0.0005580734692295156,0.0005580929358885629,2.20273091209675,1.0,-0.0,8,53,2,6.969418528349546e-17,0.0,0.0,9.167e-6
glauber_square_grid_kasteleyn__gamma__p_0p5,2,22,8827126381907060372,-0.006711649592825657,0.03793575093058085,0.03798079717083773,-1.347410911664895,1.0,0.0,8,53,2,3.5667815802191915e-16,0.0,0.0,8.5e-6
glauber_square_grid_kasteleyn__gamma__p_0p5,2,23,7860441041686724660,-0.0006842310923043105,0.002739714290639572,0.002740182462827248,-4.98677485247779,1.0,-0.0,8,53,2,2.2980081311578813e-16,0.0,0.0,8.459e-6
glauber_square_grid_kasteleyn__gamma__p_0p5,2,24,5927593106840548960,8.37359959149353e-10,1.8481253492852456e-8,1.8481253493553628e-8,-3.2818518663517144,1.0,0.0,8,53,2,1.2814704761376342e-16,0.0,0.0,8.125e-6
glauber_square_grid_kasteleyn__gamma__p_0p5,2,25,12670224741265326835,-0.10601588695132319,0.41282560578718364,0.4240649740732594,-3.4509515252043643,1.0,0.0,8,53,2,1.8542182516106233e-16,0.0,0.0,8.208e-6
glauber_square_grid_kasteleyn__gamma__p_0p5,2,26,2917635371682197844,-0.000773547314889815,0.004559180138021354,0.004559778513469727,5.065641378448127,1.0,0.0,8,53,2,1.2658886632080804e-16,0.0,0.0,8.125e-6
glauber_square_grid_kasteleyn__gamma__p_0p5,2,27,8401036808371221813,0.4149380205261326,1.5537635760069701,1.7259371368851153,-5.490820517493432,1.0,0.0,8,53,2,2.305813198877961e-16,0.0,0.0,8.375e-6
glauber_square_grid_kasteleyn__gamma__p_0p5,2,28,8470465329713055577,-2.7467887887981637,3.4426113714267057,10.987460021693987,-10.428510673802347,1.0,-0.0,8,53,2,6.545752545494496e-16,0.0,0.0,8.291e-6
glauber_square_grid_kasteleyn__gamma__p_0p5,2,29,15715092345882880589,0.8323398547090426,2.6730366149572893,3.3658262486943595,-0.465768471505954,1.0,0.0,8,53,2,2.444711660074319e-16,0.0,0.0,8.583e-6
glauber_square_grid_kasteleyn__gamma__p_0p5,2,30,14123577998429086371,1.8584777144808426,3.980264224661226,7.434203639883163,0.2521334434780881,1.0,-0.0,8,53,2,3.693838368286961e-16,0.0,0.0,8.208e-6
glauber_square_grid_kasteleyn__gamma__p_0p5,2,31,16165480413011113708,-0.0034172643756407357,0.013703652711891251,0.013715330407704274,1.3647420034542985,1.0,-0.0,8,53,2,7.826088623445444e-17,0.0,0.0,8.416e-6
glauber_square_grid_kasteleyn__gamma__p_0p5,2,32,10793869253569989436,0.0011393228826658815,0.004558276099623547,0.004559574156254513,-0.26178930505593656,1.0,-0.0,8,53,2,1.8432112915742615e-17,0.0,0.0,8.167e-6
glauber_square_grid_kasteleyn__gamma__p_0p5,2,33,10677147765490364327,0.006868521613031309,0.032718596856885274,0.03276577344603395,0.06261246506038431,1.0,-0.0,8,53,2,3.963020936059196e-16,0.0,0.0,1.3542e-5
glauber_square_grid_kasteleyn__gamma__p_0p5,2,34,9534212328815086779,-4.623595853250895e-6,1.9198940470588344e-5,1.919896184822696e-5,0.34448253241503435,1.0,-0.0,8,53,2,5.2649215197340787e-17,0.0,0.0,8.875e-6
glauber_square_grid_kasteleyn__gamma__p_0p5,2,35,10782817867709826067,1.6510565702299894e-5,6.607686491638077e-5,6.607713751516058e-5,-2.5282743526373133,1.0,0.0,8,53,2,1.4356352923302248e-16,0.0,0.0,8.084e-6
glauber_square_grid_kasteleyn__gamma__p_0p5,2,36,5542754731037126976,0.012271796116014644,0.05073557679676127,0.05088617377667431,2.0743683855153474,1.0,-0.0,8,53,2,1.8016423680391397e-16,0.0,0.0,7.959e-6
glauber_square_grid_kasteleyn__gamma__p_0p5,2,37,3550357535929245277,-0.06018524189047129,0.247866614624416,0.2514888779658305,-5.3510033010212315,1.0,-0.0,8,53,2,1.4791814988200656e-16,0.0,0.0,8.125e-6
glauber_square_grid_kasteleyn__gamma__p_0p5,2,38,18063209220106296906,0.022903534154213256,1.1336269416744718,1.134151513551225,-1.9999585951490984,1.0,-0.0,8,53,2,5.258747918683334e-16,0.0,0.0,8.292e-6
glauber_square_grid_kasteleyn__gamma__p_0p5,2,39,9132535248702589307,0.00016604399660638536,0.0006641494761744915,0.0006641770467833005,3.5489515664355284,1.0,0.0,8,53,2,7.576787087508277e-16,0.0,0.0,8.042e-6
glauber_square_grid_kasteleyn__gamma__p_0p5,2,40,5101703214285295226,-0.004289080219575338,0.017139534872263884,0.017157931081393837,-0.18701003884459855,1.0,0.0,8,53,2,5.5324095717703865e-15,0.0,0.0,8.375e-6
glauber_square_grid_kasteleyn__gamma__p_0p5,2,41,17500284358920036,-2.9397831680936864e-5,0.00011828942496799237,0.00011829028920049991,3.0187233862198797,1.0,-0.0,8,53,2,1.7009588294560436e-17,0.0,0.0,7.791e-6
glauber_square_grid_kasteleyn__gamma__p_0p5,2,42,17136599440650597216,-0.10749168313726232,0.41842858441973396,0.42998304636341556,0.7431458718583601,1.0,-0.0,8,53,2,1.178710343258641e-15,0.0,0.0,8.5e-6
glauber_square_grid_kasteleyn__gamma__p_0p5,2,43,1850636511557200465,-0.006973869847709091,0.029328096300394124,0.02937673116104691,-0.0950431893476118,1.0,-0.0,8,53,2,7.810576266772664e-17,0.0,0.0,8.0e-6
glauber_square_grid_kasteleyn__gamma__p_0p5,2,44,17481876647769011678,-3.971012373762393,0.11511022247617855,15.884049495050215,2.644483959226653,1.0,-0.0,8,53,2,2.0393031358654732e-16,0.0,0.0,7.708e-6
glauber_square_grid_kasteleyn__gamma__p_0p5,2,45,14392419666323957613,-0.015222702994112658,0.17627507757612637,0.17650680826257334,-1.4558441692993362,1.0,0.0,8,53,2,1.664133430361748e-16,0.0,0.0,8.25e-6
glauber_square_grid_kasteleyn__gamma__p_0p5,2,46,16484195785868656477,-0.035871204457612105,0.15241441890776808,0.1537011622170079,-1.7131375870615724,1.0,0.0,8,53,2,7.760886806322662e-16,0.0,0.0,8.167e-6
glauber_square_grid_kasteleyn__gamma__p_0p5,2,47,10898773379333184956,-0.0001381977261576278,0.002441231808781244,0.0024412509073927593,-3.4389949527519392,1.0,-0.0,8,53,2,1.75921917218233e-16,0.0,0.0,8.083e-6
glauber_square_grid_kasteleyn__gamma__p_0p5,2,48,3564204126993266215,0.09217971852298863,0.36025665459182016,0.3687537550987976,-0.3090169271461324,1.0,0.0,8,53,2,1.5933257141189482e-16,0.0,0.0,8.125e-6
glauber_square_grid_kasteleyn__gamma__p_0p5,2,49,1425580827690003945,-0.017628618833996315,0.07295652474291281,0.07326729294490714,-2.7095324777628553,1.0,0.0,8,53,2,3.4221473223967307e-16,0.0,0.0,2.5041e-5
glauber_square_grid_kasteleyn__gamma__p_0p5,2,50,2439011098518677536,1.6713736055908729e-6,7.381181939921169e-5,7.381182219270142e-5,6.18308152557238,1.0,-0.0,8,53,2,1.1129974697505813e-16,0.0,0.0,1.2542e-5
glauber_square_grid_kasteleyn__gamma__p_0p5,2,51,5697189617753370040,0.013544524205201568,0.05401239776342315,0.05419585189936844,-8.911786378156144,1.0,-0.0,8,53,2,3.1613020061745976e-16,0.0,0.0,9.5e-6
glauber_square_grid_kasteleyn__gamma__p_0p5,2,52,7782557638336321625,1.8078125864583443e-6,0.00010753971284476437,0.00010753971611295072,-5.312256121458266,1.0,0.0,8,53,2,5.149561153988169e-16,0.0,0.0,8.792e-6
glauber_square_grid_kasteleyn__gamma__p_0p5,2,53,15277900226520664737,-0.001491031210701981,0.008562005330535898,0.008564228504607186,-3.0096166717402917,1.0,-0.0,8,53,2,3.6452480836687666e-16,0.0,0.0,8.667e-6
glauber_square_grid_kasteleyn__gamma__p_0p5,2,54,11252975053233234074,0.001336434262382502,0.005352221796391277,0.005354007852928946,-0.20421898293391869,1.0,-0.0,8,53,2,6.87199907417436e-16,0.0,0.0,8.667e-6
glauber_square_grid_kasteleyn__gamma__p_0p5,2,55,6458138186558408672,2.175447325286144,4.083144993950502,8.81571605904514,2.086254842898191,1.0,-0.0,8,53,2,3.0159100153699116e-15,0.0,0.0,8.459e-6
glauber_square_grid_kasteleyn__gamma__p_0p5,2,56,7005692776000400354,0.06722682439744908,0.26677902483073157,0.271298470749297,-2.8306656543163116,1.0,-0.0,8,53,2,4.103215375874421e-16,0.0,0.0,8.5e-6
glauber_square_grid_kasteleyn__gamma__p_0p5,2,57,18269917364268815200,3.463061780853427e-5,0.0044767261098380695,0.004476727309117759,-7.494408291325719,1.0,-0.0,8,53,2,2.6568930595498787e-16,0.0,0.0,8.083e-6
glauber_square_grid_kasteleyn__gamma__p_0p5,2,58,14591077346762218869,0.0002852466197285191,0.003457915383274438,0.0034579967489085047,0.34419947071453416,1.0,-0.0,8,53,2,1.784619958525557e-16,0.0,0.0,8.333e-6
glauber_square_grid_kasteleyn__gamma__p_0p5,2,59,16623558255996772727,1.9385361047286054e-5,0.0038568465216450853,0.003856846897437308,0.7561055449844822,1.0,0.0,8,53,2,5.627743517342976e-16,0.0,0.0,8.167e-6
glauber_square_grid_kasteleyn__gamma__p_0p5,2,60,4697546374334961470,-0.013112502578086374,0.052305373223140716,0.05247731094700104,4.34608798993149,1.0,0.0,8,53,2,1.0201183878659747e-16,0.0,0.0,8.167e-6
glauber_square_grid_kasteleyn__gamma__p_0p5,2,61,18242555095560972628,-0.002489345930776333,0.009961710338455998,0.00996790718161907,3.453912736969431,1.0,0.0,8,53,2,1.2119847523329517e-16,0.0,0.0,8.375e-6
glauber_square_grid_kasteleyn__gamma__p_0p5,2,62,12386845426767845231,0.44124807590256543,1.5702927414949985,1.7649926059827146,3.086700346692082,1.0,-0.0,8,53,2,1.0370796124971538e-16,0.0,0.0,8.125e-6
glauber_square_grid_kasteleyn__gamma__p_0p5,2,63,7588351857081764211,0.007031358972771049,0.05254674696541598,0.05259618697441995,-3.0301590773058327,1.0,0.0,8,53,2,7.246164122650633e-17,0.0,0.0,8.166e-6
glauber_square_grid_kasteleyn__gamma__p_0p5,2,64,11402664232020775766,5.122613252540026e-5,0.00020505400413951846,0.00020505662825617198,5.906613790426518,1.0,-0.0,8,53,2,2.8666903552885783e-16,0.0,0.0,8.041e-6
glauber_square_grid_kasteleyn__gamma__p_0p5,4,1,17282016616865581245,0.4779390426969654,2.2010852376929515,2.4295109662270433,0.49569557032609357,1.0,0.0,32,53,4,1.3577620185041539e-15,0.0,0.0,7.2208e-5
glauber_square_grid_kasteleyn__gamma__p_0p5,4,2,5886055161830666488,0.05268988466085802,0.20886145282117236,0.21163767676674689,-2.0339704561786247,1.0,0.0,32,53,4,2.040689062639226e-15,0.0,0.0,2.875e-5
glauber_square_grid_kasteleyn__gamma__p_0p5,4,3,1746759412847042884,-1.349887928202417e-7,1.6504297950418234e-5,1.650429796864021e-5,9.322202461079241,1.0,-0.0,32,53,4,1.673829477900084e-16,0.0,0.0,2.5375e-5
glauber_square_grid_kasteleyn__gamma__p_0p5,4,4,1014571002134228467,-0.0016982145269288052,0.007365969370238344,0.007368853302817817,10.644361413114664,1.0,-0.0,32,53,4,7.952308270254336e-16,0.0,0.0,2.4e-5
glauber_square_grid_kasteleyn__gamma__p_0p5,4,5,13058620766198014872,-0.013019153387629157,0.05190765142071297,0.05207714977564359,6.014108724953005,1.0,-0.0,32,53,4,4.774447874737832e-16,0.0,0.0,2.3375e-5
glauber_square_grid_kasteleyn__gamma__p_0p5,4,6,27383927088038612,0.2455004443264264,1.0320221164982764,1.0922925846627491,0.8294010146664107,1.0,0.0,32,53,4,4.1516165960283316e-16,0.0,0.0,2.3542e-5
glauber_square_grid_kasteleyn__gamma__p_0p5,4,7,4760756650236809567,-0.1143423639176695,2.078619752552468,2.091693928738749,6.543313983858916,1.0,0.0,32,53,4,8.26914113712185e-15,0.0,0.0,2.3375e-5
glauber_square_grid_kasteleyn__gamma__p_0p5,4,8,9310951924280829014,-0.08216477958411911,0.32891691781179894,0.3356679688159058,5.6391603661565215,1.0,0.0,32,53,4,1.7272764268809982e-15,0.0,0.0,2.3417e-5
glauber_square_grid_kasteleyn__gamma__p_0p5,4,9,9991041946535511762,1.5850517582281112,3.828373229288851,6.340762305550878,3.1485921928881035,1.0,0.0,32,53,4,3.5982432443806303e-16,0.0,0.0,2.2875e-5
glauber_square_grid_kasteleyn__gamma__p_0p5,4,10,1894710441496994400,-2.169358411422891,4.00694999537924,8.71306591259049,-7.118607671199085,1.0,-0.0,32,53,4,3.0105735750037633e-15,0.0,0.0,2.325e-5
glauber_square_grid_kasteleyn__gamma__p_0p5,4,11,13445678961970919360,-0.7049504714607966,2.323232436569113,2.8201876037819122,10.967414252057868,1.0,-0.0,32,53,4,3.7139516346880714e-16,0.0,0.0,2.3042e-5
glauber_square_grid_kasteleyn__gamma__p_0p5,4,12,3746123299479940832,0.01596585381719966,0.06370230113309167,0.06395720962120385,-0.966282043448417,1.0,0.0,32,53,4,7.528547305598986e-16,0.0,0.0,2.2542e-5
glauber_square_grid_kasteleyn__gamma__p_0p5,4,13,12617324544406650441,-0.0020167016002918814,0.00945747465438218,0.009461541739726801,13.770380850264452,1.0,0.0,32,53,4,4.2886618036793193e-16,0.0,0.0,2.2833e-5
glauber_square_grid_kasteleyn__gamma__p_0p5,4,14,14371455431428089463,0.2398426793862234,0.9056143834934453,0.963138894348608,0.21080439642623716,1.0,-0.0,32,53,4,4.829980841748417e-16,0.0,0.0,2.3083e-5
glauber_square_grid_kasteleyn__gamma__p_0p5,4,15,11307368843888775368,-0.6699857415326596,2.2311639772916467,2.6800448711487146,8.727430350603983,1.0,0.0,32,53,4,2.155729803266602e-15,0.0,0.0,2.3125e-5
glauber_square_grid_kasteleyn__gamma__p_0p5,4,16,528475296008202953,0.044918612443081055,0.48401878790198183,0.48603646964579356,-3.5853160284321315,1.0,-0.0,32,53,4,1.676068244274723e-15,0.0,0.0,2.2542e-5
glauber_square_grid_kasteleyn__gamma__p_0p5,4,17,12353838787086816381,1.7022326600936464,3.926333955314653,6.823929984404144,1.6771557276085258,1.0,-0.0,32,53,4,4.738290242536319e-16,0.0,0.0,2.7083e-5
glauber_square_grid_kasteleyn__gamma__p_0p5,4,18,9905511250112615995,-5.7673297586841726e-5,0.0015328080453072125,0.0015328113715164671,4.421752828614454,1.0,0.0,32,53,4,3.6496621684859853e-16,0.0,0.0,2.3166e-5
glauber_square_grid_kasteleyn__gamma__p_0p5,4,19,18348511942648928791,-0.005506149647725778,0.026518602629101853,0.026548920313045003,0.8523498127346727,1.0,-0.0,32,53,4,3.678900863333122e-17,0.0,0.0,2.2958e-5
glauber_square_grid_kasteleyn__gamma__p_0p5,4,20,9606665189652724534,0.005476317508111363,0.027225310189278113,0.02725530024272776,4.560438331677878,1.0,-0.0,32,53,4,3.9948203782891147e-16,0.0,0.0,2.3041e-5
glauber_square_grid_kasteleyn__gamma__p_0p5,4,21,12570405633506024452,-1.6575472784834169,3.8827269555921498,6.6301899359999314,4.069335095020195,1.0,-0.0,32,53,4,8.632721615998338e-16,0.0,0.0,2.2875e-5
glauber_square_grid_kasteleyn__gamma__p_0p5,4,22,12328362133440629314,0.3370299134602872,1.2572748358499963,1.370863998417045,0.2201893838202403,1.0,0.0,32,53,4,4.4751639507738767e-14,0.0,0.0,2.2167e-5
glauber_square_grid_kasteleyn__gamma__p_0p5,4,23,13755731609323336991,0.00023346335181197977,0.0009397519472000857,0.000939806452336725,11.8007676731448,1.0,0.0,32,53,4,2.1778191679278204e-16,0.0,0.0,2.2708e-5
glauber_square_grid_kasteleyn__gamma__p_0p5,4,24,15900627358214048099,-0.3141582006316932,1.2284796631352721,1.3271750381594154,0.8809790023378232,1.0,0.0,32,53,4,4.4389893047182986e-16,0.0,0.0,2.3167e-5
glauber_square_grid_kasteleyn__gamma__p_0p5,4,25,13846089753738229772,0.014969676676052979,0.17253116963969456,0.17275526085948012,-7.855920698286445,1.0,-0.0,32,53,4,1.0961804954337172e-15,0.0,0.0,2.2583e-5
glauber_square_grid_kasteleyn__gamma__p_0p5,4,26,14368824160103477431,-0.20603361468413792,1.1290294416371551,1.171479292016967,15.121060936769048,1.0,-0.0,32,53,4,2.495022910656198e-16,0.0,0.0,2.2708e-5
glauber_square_grid_kasteleyn__gamma__p_0p5,4,27,17889244232879818449,0.15161558464270936,0.8007746008815844,0.823761886388135,-6.575947249220075,1.0,-0.0,32,53,4,1.527024928518924e-15,0.0,0.0,2.3042e-5
glauber_square_grid_kasteleyn__gamma__p_0p5,4,28,17072475270947425444,-0.5616522909700897,1.9311867526677864,2.246640048619737,-4.736310262043212,1.0,-0.0,32,53,4,6.041871769278075e-16,0.0,0.0,2.2958e-5
glauber_square_grid_kasteleyn__gamma__p_0p5,4,29,17476600774852222741,-4.159180458085561e-5,0.0003232579272803479,0.0003232596571585562,-6.774181110634524,1.0,0.0,32,53,4,1.3200725033588115e-15,0.0,0.0,2.2834e-5
glauber_square_grid_kasteleyn__gamma__p_0p5,4,30,5473965845889900357,-0.04097865362981312,0.2172103938685614,0.2188896439218736,6.613101722529372,1.0,0.0,32,53,4,1.0763963064218226e-15,0.0,0.0,2.2833e-5
glauber_square_grid_kasteleyn__gamma__p_0p5,4,31,13662635848785027660,-2.9686824528412705,3.065649841804059,11.87872534761172,-6.830404117755217,1.0,-0.0,32,53,4,2.0532585296835706e-15,0.0,0.0,2.2458e-5
glauber_square_grid_kasteleyn__gamma__p_0p5,4,32,5422221135230760691,0.34344698271187024,1.2558554951230811,1.3738113250569688,5.042290801749101,1.0,-0.0,32,53,4,5.420695828428042e-16,0.0,0.0,2.3125e-5
glauber_square_grid_kasteleyn__gamma__p_0p5,4,33,6814908267184620058,-0.013862886382474921,0.056178423431795764,0.05637060305064917,-5.858475233121832,1.0,-0.0,32,53,4,1.6330474925265492e-16,0.0,0.0,5.0291e-5
glauber_square_grid_kasteleyn__gamma__p_0p5,4,34,16694903392383252157,0.03251403495636912,0.2818621028746006,0.2829192653437446,-6.815276307634934,1.0,0.0,32,53,4,2.0145008224225568e-16,0.0,0.0,2.3875e-5
glauber_square_grid_kasteleyn__gamma__p_0p5,4,35,8903134147633345453,0.48770943488798046,1.7130530426727142,1.9509135355514675,4.786790847137826,1.0,0.0,32,53,4,2.3995766284306256e-15,0.0,0.0,2.2917e-5
glauber_square_grid_kasteleyn__gamma__p_0p5,4,36,16212047813180901266,-0.05195406053881807,0.20572970778751865,0.2084289321939898,-4.347897067472486,1.0,0.0,32,53,4,3.5370681771629655e-16,0.0,0.0,2.3375e-5
glauber_square_grid_kasteleyn__gamma__p_0p5,4,37,600516735026697915,0.029370453562049814,0.2457168931019984,0.24657951664443892,7.848920064155647,1.0,-0.0,32,53,4,9.567557005064867e-16,0.0,0.0,2.2375e-5
glauber_square_grid_kasteleyn__gamma__p_0p5,4,38,992481407852627495,1.297994959599552,3.5791886686309136,5.263979583776756,3.523839387498762,1.0,0.0,32,53,4,3.686251890750128e-16,0.0,0.0,2.275e-5
glauber_square_grid_kasteleyn__gamma__p_0p5,4,39,17633538545156724440,-1.9643764825537366,3.999137138136491,7.857912103346681,-7.721591378079692,1.0,-0.0,32,53,4,4.705332195807632e-14,0.0,0.0,2.3e-5
glauber_square_grid_kasteleyn__gamma__p_0p5,4,40,5607073282657115688,-0.004140501986924505,0.02533478821757841,0.025351931974282135,1.4985161205124926,1.0,-0.0,32,53,4,7.807252893220701e-16,0.0,0.0,2.3083e-5
glauber_square_grid_kasteleyn__gamma__p_0p5,4,41,1639495838507862801,-0.011592359513636019,0.046937744964908455,0.04707212776400184,2.059617138234332,1.0,0.0,32,53,4,1.4096794387261485e-16,0.0,0.0,2.225e-5
glauber_square_grid_kasteleyn__gamma__p_0p5,4,42,16575335499189210869,-0.0016629435835830602,0.11225867684755018,0.11226144222891236,9.284714559230885,1.0,0.0,32,53,4,2.2467984965486523e-16,0.0,0.0,2.2375e-5
glauber_square_grid_kasteleyn__gamma__p_0p5,4,43,8962315928248566424,0.0012562440741980471,0.010928573629034127,0.010930151778208086,4.166901829975013,1.0,0.0,32,53,4,1.6426363161951782e-15,0.0,0.0,2.2792e-5
glauber_square_grid_kasteleyn__gamma__p_0p5,4,44,428436427278036055,-3.2960560286889513,2.3374357448323564,13.201421089089138,2.056490319317402,1.0,-0.0,32,53,4,4.903527419647998e-16,0.0,0.0,2.3167e-5
glauber_square_grid_kasteleyn__gamma__p_0p5,4,45,7984379102564269422,-0.11883215434517647,0.46911926872905796,0.4832403496353738,7.574447826485674,1.0,-0.0,32,53,4,6.153133688048181e-16,0.0,0.0,2.275e-5
glauber_square_grid_kasteleyn__gamma__p_0p5,4,46,14023242140054347731,-0.007034949347252462,0.06403433392358857,0.06408382443590697,6.5449965562839205,1.0,-0.0,32,53,4,2.2112861289928274e-15,0.0,0.0,2.25e-5
glauber_square_grid_kasteleyn__gamma__p_0p5,4,47,10707290128679037444,0.07433740229741992,0.5028083617477768,0.5083344111281052,-3.2475579852234078,1.0,-0.0,32,53,4,2.726494493866815e-15,0.0,0.0,2.275e-5
glauber_square_grid_kasteleyn__gamma__p_0p5,4,48,16567001323428929795,2.4294531598839106,3.8155739217863576,9.717816577856276,0.5206479998071185,1.0,0.0,32,53,4,2.550825206577223e-16,0.0,0.0,2.2e-5
glauber_square_grid_kasteleyn__gamma__p_0p5,4,49,1791723693206470048,-0.006758514311677293,0.044186710469520246,0.044232387985221396,5.946105705848493,1.0,-0.0,32,53,4,2.1885074035556568e-16,0.0,0.0,2.475e-5
glauber_square_grid_kasteleyn__gamma__p_0p5,4,50,10537385368564614635,0.0031946004234569697,0.0235254188241122,0.023535624295977754,-0.10522374994736405,1.0,-0.0,32,53,4,7.809624277498805e-16,0.0,0.0,2.3083e-5
glauber_square_grid_kasteleyn__gamma__p_0p5,4,51,12866017898008659538,0.03767008351208073,0.14946765584484856,0.1508866910366557,8.287450457860523,1.0,-0.0,32,53,4,6.160056684795931e-16,0.0,0.0,2.2417e-5
glauber_square_grid_kasteleyn__gamma__p_0p5,4,52,15569947602681116112,0.06622079807529699,0.26050094599885804,0.2648861400965873,2.8687210086472557,1.0,0.0,32,53,4,2.7794683784906926e-16,0.0,0.0,2.3208e-5
glauber_square_grid_kasteleyn__gamma__p_0p5,4,53,6359086406496370104,-0.004082907079260845,0.016402284969744538,0.016418955099962416,6.372080377118609,1.0,0.0,32,53,4,7.509308098308088e-16,0.0,0.0,2.2792e-5
glauber_square_grid_kasteleyn__gamma__p_0p5,4,54,6399709782204971628,-0.07621845933634974,0.3053764111233013,0.31118566466690806,-1.3409638143697564,1.0,-0.0,32,53,4,5.59209367777994e-15,0.0,0.0,2.2625e-5
glauber_square_grid_kasteleyn__gamma__p_0p5,4,55,13756017853064492542,0.9506747359434998,2.9004723686047456,3.804254822165989,1.0610342653213856,1.0,-0.0,32,53,4,4.942639902582692e-16,0.0,0.0,2.2458e-5
glauber_square_grid_kasteleyn__gamma__p_0p5,4,56,17576592950189269856,-0.0004972633976683127,0.006939793737186811,0.006940041008073472,-0.7076283843245261,1.0,0.0,32,53,4,2.407905245972191e-16,0.0,0.0,2.3042e-5
glauber_square_grid_kasteleyn__gamma__p_0p5,4,57,5559294505717104815,-0.0022162067120103175,0.008895779962122232,0.008900691534312591,5.414005840463291,1.0,-0.0,32,53,4,3.15218814855112e-16,0.0,0.0,2.2708e-5
glauber_square_grid_kasteleyn__gamma__p_0p5,4,58,9071537710661954913,1.21248148593334,3.3812215024380388,4.851332856169159,8.545512712196027,1.0,0.0,32,53,4,8.608246535788434e-16,0.0,0.0,2.2792e-5
glauber_square_grid_kasteleyn__gamma__p_0p5,4,59,3610143032107567252,-3.065693931665587,2.86434359584405,12.262822878495253,13.131533056870587,1.0,0.0,32,53,4,6.607698637001407e-16,0.0,0.0,2.2458e-5
glauber_square_grid_kasteleyn__gamma__p_0p5,4,60,12605706162694546304,0.002016581983814325,0.010397605318294954,0.010401671921192398,7.732687021237564,1.0,0.0,32,53,4,5.068519723310899e-16,0.0,0.0,2.2917e-5
glauber_square_grid_kasteleyn__gamma__p_0p5,4,61,15643762553894826580,0.16154984873647948,2.8362282663126854,2.862326619939465,-1.570815824144494,1.0,-0.0,32,53,4,2.6199698391505057e-16,0.0,0.0,2.2708e-5
glauber_square_grid_kasteleyn__gamma__p_0p5,4,62,6166023010955577681,1.98635750768617,4.0072642716503495,7.952880419991562,-0.6234157973396859,1.0,-0.0,32,53,4,6.615794669850055e-16,0.0,0.0,2.3292e-5
glauber_square_grid_kasteleyn__gamma__p_0p5,4,63,12044346288588898577,-0.9078644943813785,2.8076025758069028,3.631820515965259,2.470017467756857,1.0,-0.0,32,53,4,6.723673108461676e-14,0.0,0.0,2.2708e-5
glauber_square_grid_kasteleyn__gamma__p_0p5,4,64,17453553408357878911,-0.00412044999011299,0.01926282208319441,0.019279800191315432,-0.43900099164928386,1.0,0.0,32,53,4,2.3471829125948754e-16,0.0,0.0,2.4209e-5
glauber_square_grid_kasteleyn__gamma__p_0p5,4,65,15268978400682696128,-1.2213561213013215,3.566636074224891,5.058346849265099,-5.102718851510872,1.0,0.0,32,53,4,4.190436136285851e-16,0.0,0.0,5.8333e-5
glauber_square_grid_kasteleyn__gamma__p_0p5,4,66,60127398719573407,0.23624986960485073,0.8936411171345207,0.9494551180228297,1.4657268715402174,1.0,-0.0,32,53,4,2.9381500234076327e-16,0.0,0.0,2.3958e-5
glauber_square_grid_kasteleyn__gamma__p_0p5,4,67,17496496335222771845,-0.004334545783136218,0.01743943125844449,0.017458219545590594,-6.477710887392034,1.0,0.0,32,53,4,1.816080238318516e-15,0.0,0.0,2.2917e-5
glauber_square_grid_kasteleyn__gamma__p_0p5,4,68,8176571191506918193,0.9643556366669375,2.9275702550001217,3.857552048971416,-3.5120570061075296,1.0,-0.0,32,53,4,2.94911798626025e-15,0.0,0.0,2.2666e-5
glauber_square_grid_kasteleyn__gamma__p_0p5,4,69,2580573455211006008,-0.018472623164702107,0.08561718073879687,0.08595841854538196,-5.025287488297188,1.0,-0.0,32,53,4,3.708540747806796e-16,0.0,0.0,2.2584e-5
glauber_square_grid_kasteleyn__gamma__p_0p5,4,70,16443157232253251160,-0.23415366790073944,0.8818017117549983,0.9366296519463682,1.6996098623690763,1.0,-0.0,32,53,4,2.2961421450166752e-15,0.0,0.0,2.3e-5
glauber_square_grid_kasteleyn__gamma__p_0p5,4,71,7236662573998750459,0.035317916555891254,0.1400321669670058,0.1412795221968547,-3.947051554078014,1.0,0.0,32,53,4,2.011341266150065e-15,0.0,0.0,2.2667e-5
glauber_square_grid_kasteleyn__gamma__p_0p5,4,72,7886381643723008675,3.5563681595713725,1.578018062621542,14.225772549034613,-18.669817150103682,1.0,-0.0,32,53,4,2.6354221010591946e-15,0.0,0.0,2.2334e-5
glauber_square_grid_kasteleyn__gamma__p_0p5,4,73,8639687428442050191,-1.6214796719374869,4.730132241437601,7.3593285679441,4.812179360955254,1.0,0.0,32,53,4,9.207110551557016e-15,0.0,0.0,2.2625e-5
glauber_square_grid_kasteleyn__gamma__p_0p5,4,74,17663396818026896184,2.814754444734871e-5,0.00015606675349764222,0.00015606754578190063,12.723111874372535,1.0,-0.0,32,53,4,6.895972354518182e-16,0.0,0.0,2.5208e-5
glauber_square_grid_kasteleyn__gamma__p_0p5,4,75,3334840493304675416,0.11272639056219791,0.4387923614702947,0.4514996005994759,7.316943488301737,1.0,0.0,32,53,4,9.673770990627156e-16,0.0,0.0,2.3709e-5
glauber_square_grid_kasteleyn__gamma__p_0p5,4,76,7779460673876939856,-0.0329831873621938,0.13155488447605132,0.1326427751246209,-2.542444261766398,1.0,-0.0,32,53,4,2.876829162097496e-15,0.0,0.0,2.4334e-5
glauber_square_grid_kasteleyn__gamma__p_0p5,4,77,17015720857851429237,0.009397226409572086,0.038907701357196275,0.03899600922138904,9.71609797211614,1.0,0.0,32,53,4,2.370315056600603e-16,0.0,0.0,2.3875e-5
glauber_square_grid_kasteleyn__gamma__p_0p5,4,78,11041832702339546984,0.042094259890589354,0.17289610618835405,0.17466803290409053,3.6612399620666802,1.0,-0.0,32,53,4,8.232040891542359e-17,0.0,0.0,2.2792e-5
glauber_square_grid_kasteleyn__gamma__p_0p5,4,79,5988983505747271575,0.5147838588141196,1.8302642006597158,2.0952666219552714,-0.018598122573175946,1.0,-0.0,32,53,4,2.440851036438045e-16,0.0,0.0,2.2e-5
glauber_square_grid_kasteleyn__gamma__p_0p5,4,80,1969367965666556149,0.03931464305755614,0.15575993474931876,0.15730557590806182,-6.260834802999402,1.0,-0.0,32,53,4,7.79659522092267e-15,0.0,0.0,2.275e-5
glauber_square_grid_kasteleyn__gamma__p_0p5,4,81,2536103480375153074,-0.00714614358452037,0.45100843110033817,0.45105949846846877,-0.48147012917098386,1.0,-0.0,32,53,4,6.916787774377395e-16,0.0,0.0,2.4416e-5
glauber_square_grid_kasteleyn__gamma__p_0p5,4,82,13283593593828240090,1.8252775460694266,4.695451991240009,8.027090111425236,4.220783153941296,1.0,-0.0,32,53,4,2.4059456265756693e-16,0.0,0.0,2.3e-5
glauber_square_grid_kasteleyn__gamma__p_0p5,4,83,3670619290811866886,-0.13715796132565644,0.7948206818346358,0.8136329881896461,8.559910626131726,1.0,-0.0,32,53,4,2.2052378691406372e-16,0.0,0.0,2.2666e-5
glauber_square_grid_kasteleyn__gamma__p_0p5,4,84,880813657929392984,-0.0006213984570202172,0.002498217911053434,0.0024986040470958214,10.028898145220714,1.0,-0.0,32,53,4,4.686053435533941e-16,0.0,0.0,2.475e-5
glauber_square_grid_kasteleyn__gamma__p_0p5,4,85,12889353286363346840,1.635594719381168e-5,0.00047787258115409323,0.0004778728486711018,8.526567211506539,1.0,-0.0,32,53,4,1.2597403168123342e-16,0.0,0.0,2.3625e-5
glauber_square_grid_kasteleyn__gamma__p_0p5,4,86,7932410176044035881,0.5769136759287852,1.978203174976613,2.3110325644502763,5.036849814434525,1.0,0.0,32,53,4,1.7114133739550296e-15,0.0,0.0,2.5e-5
glauber_square_grid_kasteleyn__gamma__p_0p5,4,87,11145384737165688591,0.030924153510608097,0.12315908001946894,0.1241153832898166,8.097594623087677,1.0,-0.0,32,53,4,2.336384653741085e-16,0.0,0.0,2.3458e-5
glauber_square_grid_kasteleyn__gamma__p_0p5,4,88,10793022138121086873,0.0009885952171734434,0.087497407813853,0.08749838513435641,9.228711730514517,1.0,0.0,32,53,4,1.5215204525055467e-15,0.0,0.0,2.55e-5
glauber_square_grid_kasteleyn__gamma__p_0p5,4,89,13328890295679768534,-0.8854403710408258,2.7867316073393233,3.570736258008239,3.8604172520445816,1.0,-0.0,32,53,4,1.6350864634312254e-15,0.0,0.0,2.4208e-5
glauber_square_grid_kasteleyn__gamma__p_0p5,4,90,3923995717150535991,0.016183447418024563,0.06447337006261694,0.0647352740329489,10.32520145248457,1.0,0.0,32,53,4,3.050783936067268e-16,0.0,0.0,2.45e-5
glauber_square_grid_kasteleyn__gamma__p_0p5,4,91,9175004213678105128,0.32944813703930864,1.218921374887548,1.327457449886219,6.842681189094876,1.0,0.0,32,53,4,5.444364882151802e-16,0.0,0.0,2.2333e-5
glauber_square_grid_kasteleyn__gamma__p_0p5,4,92,13855508737521514388,-0.1801597662832043,0.6917661730856115,0.7242237144728303,1.4520811060408263,1.0,0.0,32,53,4,1.3807203562983362e-16,0.0,0.0,2.2333e-5
glauber_square_grid_kasteleyn__gamma__p_0p5,4,93,6412815459631908242,0.0014284104084752863,0.0067148376482652075,0.006716878004560248,2.768895731074575,1.0,0.0,32,53,4,1.3270200776916173e-16,0.0,0.0,2.4e-5
glauber_square_grid_kasteleyn__gamma__p_0p5,4,94,14371726814629707262,0.00031532359140662436,0.004500678240249839,0.004500777669217137,12.743925594652648,1.0,-0.0,32,53,4,1.7947104986630518e-16,0.0,0.0,2.6958e-5
glauber_square_grid_kasteleyn__gamma__p_0p5,4,95,3456544565373382465,-1.614527670540021,3.8514660003561456,6.4581655992955325,1.8315531604953432,1.0,0.0,32,53,4,8.516935838563634e-16,0.0,0.0,2.5459e-5
glauber_square_grid_kasteleyn__gamma__p_0p5,4,96,8403477402475646204,-0.0036771462089762773,0.014789676738380601,0.01480319814262279,1.630522886216586,1.0,0.0,32,53,4,1.7327246286533212e-15,0.0,0.0,2.6458e-5
glauber_square_grid_kasteleyn__gamma__p_0p5,4,97,3813769022644107489,-0.07607372496038871,0.3755068278562544,0.38129403948560325,4.116738573338762,1.0,0.0,32,53,4,1.2888232013818202e-15,0.0,0.0,2.7333e-5
glauber_square_grid_kasteleyn__gamma__p_0p5,4,98,10668057765596491668,0.457769200481442,1.7106603755661263,1.9202130164755449,-1.2159729001389927,1.0,-0.0,32,53,4,9.003084147268787e-16,0.0,0.0,2.6208e-5
glauber_square_grid_kasteleyn__gamma__p_0p5,4,99,13765227915259209771,-0.03378548217306521,0.9507855640697039,0.9519270228753705,3.676952764665865,1.0,0.0,32,53,4,2.904600780094613e-15,0.0,0.0,2.4334e-5
glauber_square_grid_kasteleyn__gamma__p_0p5,4,100,1286167341511228246,-0.0010134479980321376,0.03737592797931556,0.03737695505616028,0.8676764586004232,1.0,0.0,32,53,4,2.1209947716710647e-16,0.0,0.0,2.6083e-5
glauber_square_grid_kasteleyn__gamma__p_0p5,4,101,1004770436824066552,0.5099077988221816,1.780820363830527,2.0408263271302096,-4.7109152728512695,1.0,0.0,32,53,4,5.506459568411636e-15,0.0,0.0,3.4291e-5
glauber_square_grid_kasteleyn__gamma__p_0p5,4,102,9950724153689261513,-0.0010949846274431884,0.005021227399608233,0.00502242639094257,1.68480500671766,1.0,0.0,32,53,4,3.241829145658152e-16,0.0,0.0,2.5959e-5
glauber_square_grid_kasteleyn__gamma__p_0p5,4,103,3011330489243082416,1.1364762683525198,3.2557718807959035,4.547350189324372,1.1264364391810457,1.0,0.0,32,53,4,9.175821098418758e-16,0.0,0.0,2.5791e-5
glauber_square_grid_kasteleyn__gamma__p_0p5,4,104,16095217438880881169,0.009789397743595444,0.048871111665678424,0.048966943973860734,3.4005937852203374,1.0,-0.0,32,53,4,1.5629027367369304e-16,0.0,0.0,2.5875e-5
glauber_square_grid_kasteleyn__gamma__p_0p5,4,105,18390626826264202775,-0.008034216661634501,0.03424723880609834,0.03431178744346443,0.329359848415967,1.0,-0.0,32,53,4,3.8221052581834784e-16,0.0,0.0,2.4584e-5
glauber_square_grid_kasteleyn__gamma__p_0p5,4,106,17456338859381965837,0.2664544892206401,0.9949502882492751,1.0659482830751073,-3.180202201853084,1.0,0.0,32,53,4,5.818196331455493e-16,0.0,0.0,2.6625e-5
glauber_square_grid_kasteleyn__gamma__p_0p5,4,107,5626225389420389205,-0.07573212611058905,0.2979180860087862,0.30365344093401636,3.9456258591626816,1.0,0.0,32,53,4,4.732449345098377e-16,0.0,0.0,2.4792e-5
glauber_square_grid_kasteleyn__gamma__p_0p5,4,108,8365345257627069455,-0.03429473569447783,0.1374947557134586,0.1386708846098127,2.4359478851500755,1.0,-0.0,32,53,4,1.44271146568919e-16,0.0,0.0,2.6542e-5
glauber_square_grid_kasteleyn__gamma__p_0p5,4,109,12880946358779342392,0.45847797170682325,1.6280487573815123,1.8382508079219149,-9.313332638869072,1.0,0.0,32,53,4,2.1042788261955575e-16,0.0,0.0,2.4666e-5
glauber_square_grid_kasteleyn__gamma__p_0p5,4,110,14536813348916772572,-0.0003333486472878455,0.0018559132148155528,0.0018560243361362015,8.01404853420718,1.0,0.0,32,53,4,3.2517875798384337e-16,0.0,0.0,3.6417e-5
glauber_square_grid_kasteleyn__gamma__p_0p5,4,111,480862735742859885,-1.0189238484626555,3.425459295570362,4.463665104536311,3.5910313233122495,1.0,0.0,32,53,4,5.78943328543575e-16,0.0,0.0,2.4333e-5
glauber_square_grid_kasteleyn__gamma__p_0p5,4,112,12557437840330950040,0.012104822294108815,0.04861360993399458,0.04876013665676653,2.2159106107595017,1.0,0.0,32,53,4,1.5345077043952055e-16,0.0,0.0,2.625e-5
glauber_square_grid_kasteleyn__gamma__p_0p5,4,113,46171286890690919,-0.011288146484879746,0.2228630879069452,0.2229905101580093,-3.086941166146371,1.0,0.0,32,53,4,7.073186217524617e-16,0.0,0.0,8.45e-5
glauber_square_grid_kasteleyn__gamma__p_0p5,4,114,1011531481287349542,-0.29144861510716824,1.1052851147609892,1.1902274100088754,1.753109227167414,1.0,-0.0,32,53,4,4.82338714836178e-16,0.0,0.0,6.0583e-5
glauber_square_grid_kasteleyn__gamma__p_0p5,4,115,4664396968746422276,0.004582684246227542,0.032605974270289884,0.032626975265190504,-4.54526535924628,1.0,0.0,32,53,4,1.7826392379602233e-15,0.0,0.0,2.5667e-5
glauber_square_grid_kasteleyn__gamma__p_0p5,4,116,18304277874775012243,-0.012376454117185909,0.0923015458621646,0.0924547224786794,-2.4153819896791306,1.0,-0.0,32,53,4,2.2464075031036863e-15,0.0,0.0,2.4417e-5
glauber_square_grid_kasteleyn__gamma__p_0p5,4,117,1047625634118813846,-0.2932096879876598,1.4757471780718852,1.561719099201706,1.183685561006818,1.0,-0.0,32,53,4,3.729945400477915e-15,0.0,0.0,2.4292e-5
glauber_square_grid_kasteleyn__gamma__p_0p5,4,118,14455065676744636375,-0.003709505212719233,0.02592081918573029,0.02593457961465348,3.4626883312327665,1.0,0.0,32,53,4,4.845164309384631e-16,0.0,0.0,2.3667e-5
glauber_square_grid_kasteleyn__gamma__p_0p5,4,119,11214085883260389749,-0.0003223101072570844,0.0032614277869253087,0.0032615316707305486,-5.397225128934678,1.0,-0.0,32,53,4,3.779579045512563e-16,0.0,0.0,2.4e-5
glauber_square_grid_kasteleyn__gamma__p_0p5,4,120,3930283014589467430,0.14786679406755218,1.5876932842865563,1.6095578730743723,-0.40290517303529466,1.0,-0.0,32,53,4,4.436516633599176e-16,0.0,0.0,2.3917e-5
glauber_square_grid_kasteleyn__gamma__p_0p5,4,121,8850141322295903621,-0.09718800602958387,0.3794177324985674,0.38886324101457387,-7.706126780516827,1.0,0.0,32,53,4,1.2949875460129834e-15,0.0,0.0,2.3e-5
glauber_square_grid_kasteleyn__gamma__p_0p5,4,122,10344359621069197344,0.9315792993368264,2.8584782877724892,3.7263182787253815,2.4495314587283494,1.0,-0.0,32,53,4,5.837447135789239e-16,0.0,0.0,2.2666e-5
glauber_square_grid_kasteleyn__gamma__p_0p5,4,123,1156180163773093322,-0.16267173061743545,0.6244377200239277,0.6508998119659992,3.690726868374645,1.0,-0.0,32,53,4,6.816956368735153e-16,0.0,0.0,2.25e-5
glauber_square_grid_kasteleyn__gamma__p_0p5,4,124,5024704196921646253,-0.0012453090624418017,0.0060805771744333785,0.006082127969094378,4.5465495460561245,1.0,-0.0,32,53,4,2.9699505528435107e-16,0.0,0.0,2.2625e-5
glauber_square_grid_kasteleyn__gamma__p_0p5,4,125,17870801986369485915,-1.36703698540927,3.5998455631160136,5.468635682592879,-12.920766382665958,1.0,-0.0,32,53,4,2.111604983569361e-15,0.0,0.0,3.0917e-5
glauber_square_grid_kasteleyn__gamma__p_0p5,4,126,5126151530917476755,0.004412827645453653,0.021198010995490207,0.021217484043318687,6.619959953007681,1.0,0.0,32,53,4,2.5216376154828626e-16,0.0,0.0,2.2916e-5
glauber_square_grid_kasteleyn__gamma__p_0p5,4,127,3063494926262619261,0.037456588943787894,0.2049570336525619,0.2063600297078658,1.777393406201191,1.0,-0.0,32,53,4,3.933887966077342e-16,0.0,0.0,2.2666e-5
glauber_square_grid_kasteleyn__gamma__p_0p5,4,128,14760955165141101073,0.0006555505004962924,0.0035347108766802296,0.0035351406231389306,5.450524703779296,1.0,0.0,32,53,4,6.835702774467696e-16,0.0,0.0,2.2959e-5
glauber_square_grid_kasteleyn__gamma__p_0p5,4,129,656858084963402002,0.09559259326115395,0.373336181361348,0.38247412524774044,-3.3892640241053664,1.0,0.0,32,53,4,2.0655774350987283e-15,0.0,0.0,2.4959e-5
glauber_square_grid_kasteleyn__gamma__p_0p5,4,130,7056543146514001963,-0.5078979521434556,1.7746710022155767,2.032631332007093,2.71623601105271,1.0,0.0,32,53,4,3.1202225665269834e-15,0.0,0.0,2.3583e-5
glauber_square_grid_kasteleyn__gamma__p_0p5,4,131,11811441697867190873,0.47989126573916696,1.6893487996204695,1.919644426553209,4.979829587723618,1.0,0.0,32,53,4,6.6110294697788805e-15,0.0,0.0,2.3166e-5
glauber_square_grid_kasteleyn__gamma__p_0p5,4,132,1755787757380752876,0.850274379409041,2.678145065436002,3.401111585715432,-0.42301362315003344,1.0,-0.0,32,53,4,1.5384869344597985e-15,0.0,0.0,2.3416e-5
glauber_square_grid_kasteleyn__gamma__p_0p5,4,133,7166976225111953877,-0.0485459018503875,0.19251468228501598,0.19487138687148342,0.48516304350693784,1.0,-0.0,32,53,4,3.1919673053569605e-15,0.0,0.0,2.2708e-5
glauber_square_grid_kasteleyn__gamma__p_0p5,4,134,8609839860856706255,-0.057265723337454055,0.33677866280559754,0.34005802587495937,5.246897664980159,1.0,0.0,32,53,4,9.17057387604829e-16,0.0,0.0,2.4167e-5
glauber_square_grid_kasteleyn__gamma__p_0p5,4,135,952713637800141292,-0.07839702583002467,0.32979624494374055,0.3359423386027341,3.7864261175629825,1.0,0.0,32,53,4,2.7514419230900204e-16,0.0,0.0,2.2583e-5
glauber_square_grid_kasteleyn__gamma__p_0p5,4,136,3254418187567846361,0.03425607435553246,0.221063584995702,0.22223706362595377,7.114910709845351,1.0,0.0,32,53,4,2.897778552120271e-16,0.0,0.0,3.4083e-5
glauber_square_grid_kasteleyn__gamma__p_0p5,4,137,16138065376577064247,0.0011336194905511323,0.004569417343872188,0.004570702437021545,6.516238897268022,1.0,0.0,32,53,4,5.058562549212736e-16,0.0,0.0,2.3042e-5
glauber_square_grid_kasteleyn__gamma__p_0p5,4,138,16217368793333323172,0.15913336587375893,0.6112139439757004,0.636537372110012,1.8931484543780588,1.0,0.0,32,53,4,1.3207781796134705e-16,0.0,0.0,2.3833e-5
glauber_square_grid_kasteleyn__gamma__p_0p5,4,139,1345823229350477874,0.0017533848208919345,0.9255770029898805,0.9255800773482107,0.8275131178778914,1.0,0.0,32,53,4,2.6121878533467424e-16,0.0,0.0,3.3125e-5
glauber_square_grid_kasteleyn__gamma__p_0p5,4,140,15539691238356842265,-0.019211186920855106,0.18605753230032684,0.18642660200323488,-0.6347506677947741,1.0,-0.0,32,53,4,3.572446374005016e-16,0.0,0.0,2.3917e-5
glauber_square_grid_kasteleyn__gamma__p_0p5,4,141,7532824074834305296,-0.41476222875674196,1.5388849200272736,1.7109126264305337,0.19781398112519466,1.0,-0.0,32,53,4,1.3840986149357189e-15,0.0,0.0,2.2875e-5
glauber_square_grid_kasteleyn__gamma__p_0p5,4,142,8901142542502912098,-2.0288332897734627,3.9991861943177964,8.115350712010809,9.841705576200802,1.0,-0.0,32,53,4,1.3142116789013832e-15,0.0,0.0,2.3e-5
glauber_square_grid_kasteleyn__gamma__p_0p5,4,143,13487843770722455467,-0.848775361338657,2.674732367261864,3.395151981277432,-1.3098530720692172,1.0,0.0,32,53,4,2.3313599615152103e-16,0.0,0.0,2.2458e-5
glauber_square_grid_kasteleyn__gamma__p_0p5,4,144,6546209902110161887,0.26497571624116245,1.042158522203961,1.112370652401478,-0.4956760575567019,1.0,0.0,32,53,4,2.786963944618126e-16,0.0,0.0,2.3417e-5
glauber_square_grid_kasteleyn__gamma__p_0p5,4,145,4036805684036948021,1.1616737769624645,3.30898037430134,4.658466338383578,-0.298479545744452,1.0,0.0,32,53,4,2.2806493132954104e-16,0.0,0.0,2.9916e-5
glauber_square_grid_kasteleyn__gamma__p_0p5,4,146,16475374210180571009,0.0027894242639967537,0.2502384641920322,0.2502462450797568,10.383605473321577,1.0,0.0,32,53,4,5.37763126735371e-16,0.0,0.0,2.5375e-5
glauber_square_grid_kasteleyn__gamma__p_0p5,4,147,2977238913867057239,-2.9618446403853715,3.0758041418167377,11.848327815596289,8.517213608255831,1.0,0.0,32,53,4,3.1011469238680997e-16,0.0,0.0,2.6333e-5
glauber_square_grid_kasteleyn__gamma__p_0p5,4,148,1871243357791398909,-2.2999437809969328,3.910076244212564,9.199817639959031,5.685977893602799,1.0,-0.0,32,53,4,4.647288018011183e-16,0.0,0.0,2.5375e-5
glauber_square_grid_kasteleyn__gamma__p_0p5,4,149,5646762199875441957,9.225102526269152e-6,0.0003130107553426704,0.00031301084044518704,1.10087861408415,1.0,0.0,32,53,4,3.55619635649064e-16,0.0,0.0,2.625e-5
glauber_square_grid_kasteleyn__gamma__p_0p5,4,150,6640252217430254981,-0.10519074914532722,0.48695054830848594,0.4980156420142411,12.85905351521834,1.0,0.0,32,53,4,7.212926222292817e-16,0.0,0.0,2.5e-5
glauber_square_grid_kasteleyn__gamma__p_0p5,4,151,16706891293330157711,2.163743049873758,3.9737514908739735,8.655535476750966,4.3607125230584955,1.0,-0.0,32,53,4,5.925857734815562e-16,0.0,0.0,2.5833e-5
glauber_square_grid_kasteleyn__gamma__p_0p5,4,152,1767811649906686051,-0.0762479131530871,0.4672587014529759,0.4730724457131766,-6.182063745555184,1.0,-0.0,32,53,4,7.711430608022592e-16,0.0,0.0,2.6875e-5
glauber_square_grid_kasteleyn__gamma__p_0p5,4,153,18241706352645397341,-0.026608251611600398,0.10580102544271854,0.10650902449654477,-0.32514705244102027,1.0,0.0,32,53,4,1.891739625008938e-15,0.0,0.0,6.8833e-5
glauber_square_grid_kasteleyn__gamma__p_0p5,4,154,3511816171902348368,0.16790551240611484,0.7031682113256802,0.7313604724220402,-2.6110823708119617,1.0,0.0,32,53,4,2.046007667843075e-16,0.0,0.0,2.3209e-5
glauber_square_grid_kasteleyn__gamma__p_0p5,4,155,10502875591320860489,0.12350816370306145,0.4813998205957629,0.49665408709706516,10.347079119257987,1.0,-0.0,32,53,4,1.8247752769093233e-16,0.0,0.0,2.2833e-5
glauber_square_grid_kasteleyn__gamma__p_0p5,4,156,2653460807583552110,-3.112438602822019,2.7629017269621103,12.450175783298793,7.406360771487308,1.0,-0.0,32,53,4,5.360285201799949e-16,0.0,0.0,3.1292e-5
glauber_square_grid_kasteleyn__gamma__p_0p5,4,157,15328401472572892446,0.8979296252109887,2.7933322518853405,3.5996098637168874,3.5169922271484895,1.0,-0.0,32,53,4,1.57339932697626e-15,0.0,0.0,2.3375e-5
glauber_square_grid_kasteleyn__gamma__p_0p5,4,158,10261482603864322044,-0.04126580600537899,0.16996307698419494,0.1716659437294685,2.4398940408640772,1.0,-0.0,32,53,4,6.276688387252571e-16,0.0,0.0,2.2459e-5
glauber_square_grid_kasteleyn__gamma__p_0p5,4,159,13894961944836624127,-7.12392361092995e-5,0.00035060428801280547,0.0003506093630415669,-1.8229733209326286,1.0,-0.0,32,53,4,7.463115276155339e-16,0.0,0.0,2.3583e-5
glauber_square_grid_kasteleyn__gamma__p_0p5,4,160,12217837843671344719,-0.004587631215632548,0.021225583689070772,0.02124663004924142,7.680574726190123,1.0,-0.0,32,53,4,7.861285726664415e-16,0.0,0.0,2.2375e-5
glauber_square_grid_kasteleyn__gamma__p_0p5,4,161,4918722875304456433,-2.3261619426841977,3.9583497323939025,9.369379115986224,0.027404793253276938,1.0,-0.0,32,53,4,1.1849805610544762e-15,0.0,0.0,2.4542e-5
glauber_square_grid_kasteleyn__gamma__p_0p5,4,162,2304339853773395276,0.19680627397231354,1.0542952708424203,1.0930279803172855,-3.482829538949706,1.0,0.0,32,53,4,1.2313953355791964e-15,0.0,0.0,2.2833e-5
glauber_square_grid_kasteleyn__gamma__p_0p5,4,163,4830886986731379869,-1.3608901609354058,3.6198814942321573,5.471903524362952,-3.9096925875260387,1.0,-0.0,32,53,4,2.238128011816731e-16,0.0,0.0,2.225e-5
glauber_square_grid_kasteleyn__gamma__p_0p5,4,164,10550017170574623246,-0.3740828225183792,1.3631377688717357,1.5030757269750528,4.919222215104069,1.0,-0.0,32,53,4,2.0263626626091688e-16,0.0,0.0,2.425e-5
glauber_square_grid_kasteleyn__gamma__p_0p5,4,165,7819706776756088733,-0.03310862425160399,0.13152706811457654,0.13262324911441045,4.649757482290269,1.0,0.0,32,53,4,2.651156589289067e-16,0.0,0.0,2.3041e-5
glauber_square_grid_kasteleyn__gamma__p_0p5,4,166,5875208532122738419,-0.023098294778490562,0.09225704826712575,0.09279057948879979,-4.086060073576044,1.0,0.0,32,53,4,4.331278652340364e-15,0.0,0.0,2.2458e-5
glauber_square_grid_kasteleyn__gamma__p_0p5,4,167,8668488652754257039,0.00323161052969205,0.014287386016328882,0.014297829322944499,2.421379805441689,1.0,0.0,32,53,4,1.315493733304753e-16,0.0,0.0,2.2458e-5
glauber_square_grid_kasteleyn__gamma__p_0p5,4,168,15347752283156666675,0.029825680336991952,0.12276502292045781,0.12365459412802224,-0.19987999801358813,1.0,-0.0,32,53,4,5.564331400741305e-16,0.0,0.0,2.2417e-5
glauber_square_grid_kasteleyn__gamma__p_0p5,4,169,7440864121542060932,3.581296183064925,1.5210557551835027,14.346738106018902,6.180082699205894,1.0,0.0,32,53,4,5.569230276027981e-16,0.0,0.0,2.2625e-5
glauber_square_grid_kasteleyn__gamma__p_0p5,4,170,282994238896846608,-1.3743398972150354,3.609298675586142,5.498108828663176,2.835548045346564,1.0,-0.0,32,53,4,5.801136577346131e-16,0.0,0.0,2.2334e-5
glauber_square_grid_kasteleyn__gamma__p_0p5,4,171,7980400376922884527,0.019850860900782363,0.17064854087384337,0.17104259755234558,14.7783128136503,1.0,-0.0,32,53,4,4.0714591089792666e-16,0.0,0.0,3.1166e-5
glauber_square_grid_kasteleyn__gamma__p_0p5,4,172,9739335810563458068,-0.1221375668173777,0.6205713610852632,0.6354889463133326,-2.5951306317852474,1.0,0.0,32,53,4,3.474078518566631e-15,0.0,0.0,0.000759708
glauber_square_grid_kasteleyn__gamma__p_0p5,4,173,2698454847497902739,0.152582182552925,1.0612652903983473,1.0845466128309613,-8.530938186126038,1.0,-0.0,32,53,4,1.4844912011793942e-15,0.0,0.0,2.5208e-5
glauber_square_grid_kasteleyn__gamma__p_0p5,4,174,6690766241640696195,0.16887888866220963,0.6469980274528838,0.6755181064886668,0.9369168335931368,1.0,-0.0,32,53,4,6.757874067751269e-15,0.0,0.0,2.3708e-5
glauber_square_grid_kasteleyn__gamma__p_0p5,4,175,2234246528930023463,-2.3461061933645477,3.9021142373333673,9.406328507876855,-9.422269489024563,1.0,-0.0,32,53,4,1.574239125944482e-15,0.0,0.0,2.5125e-5
glauber_square_grid_kasteleyn__gamma__p_0p5,4,176,1303754741169761909,3.457320163588654,1.876218036924517,13.829280750481193,16.875181345979026,1.0,-0.0,32,53,4,7.507005691723458e-16,0.0,0.0,2.3417e-5
glauber_square_grid_kasteleyn__gamma__p_0p5,4,177,12906753151579291997,1.1083114855962444,3.20544995189739,4.433804301001944,4.202194181103977,1.0,-0.0,32,53,4,5.583419209247845e-16,0.0,0.0,2.625e-5
glauber_square_grid_kasteleyn__gamma__p_0p5,4,178,6883258402676526785,-2.9941462435994017,3.011880019874764,11.976791747935172,-0.44121671554562614,1.0,-0.0,32,53,4,6.53586437339488e-16,0.0,0.0,2.4084e-5
glauber_square_grid_kasteleyn__gamma__p_0p5,4,179,16015128216559128276,-0.013310428666615401,0.053588454211299597,0.053765621722588655,-6.439893316135634,1.0,0.0,32,53,4,8.541303247863472e-16,0.0,0.0,2.5334e-5
glauber_square_grid_kasteleyn__gamma__p_0p5,4,180,12184494119426939445,-3.099244646889733,2.8073780672371926,12.412695448511858,1.1019360827251883,1.0,-0.0,32,53,4,3.652141247237181e-15,0.0,0.0,2.3584e-5
glauber_square_grid_kasteleyn__gamma__p_0p5,4,181,8710137874696253575,3.902627654913936,0.380035246399872,15.610537859298919,2.6940115095519266,1.0,-0.0,32,53,4,3.876763944911759e-15,0.0,0.0,2.4584e-5
glauber_square_grid_kasteleyn__gamma__p_0p5,4,182,2941278691399849980,-0.5043837080210278,1.7632826853752268,2.0176856102922684,5.297378329264006,1.0,-0.0,32,53,4,2.741936813115126e-16,0.0,0.0,2.3417e-5
glauber_square_grid_kasteleyn__gamma__p_0p5,4,183,8038457905209484638,-3.0421773392078384,2.915422861625113,12.170265824814795,-4.208844618721498,1.0,0.0,32,53,4,7.940444795780682e-16,0.0,0.0,2.5334e-5
glauber_square_grid_kasteleyn__gamma__p_0p5,4,184,6765496487997502410,0.37390531791406906,1.3597499800749862,1.4995551668394071,2.7779694534804755,1.0,0.0,32,53,4,1.1195723196886269e-15,0.0,0.0,2.2917e-5
glauber_square_grid_kasteleyn__gamma__p_0p5,4,185,8548764941561857002,-0.008072529425180861,0.03229375755792104,0.032358923289241455,8.558705719329138,1.0,0.0,32,53,4,3.9954473895213857e-16,0.0,0.0,2.2375e-5
glauber_square_grid_kasteleyn__gamma__p_0p5,4,186,5820179121435031379,-0.9809762799896199,3.064142846810644,4.026457308712917,0.4572046174770079,1.0,-0.0,32,53,4,1.0705612020503964e-15,0.0,0.0,2.375e-5
glauber_square_grid_kasteleyn__gamma__p_0p5,4,187,4358111472945352261,-0.38813028880139955,1.4020213914243218,1.5526665125093797,4.37080011939093,1.0,-0.0,32,53,4,4.2657051038585815e-16,0.0,0.0,0.0532535
glauber_square_grid_kasteleyn__gamma__p_0p5,4,188,13873770187779886609,2.140240352488022,3.9804104927490895,8.561039259167142,-11.369088589810472,1.0,-0.0,32,53,4,2.1319962107733214e-15,0.0,0.0,3.875e-5
glauber_square_grid_kasteleyn__gamma__p_0p5,4,189,3047576114384021948,0.06569190819384074,0.5385160179205641,0.5428314447227122,-1.9229735370411956,1.0,-0.0,32,53,4,3.71177837121228e-16,0.0,0.0,2.6292e-5
glauber_square_grid_kasteleyn__gamma__p_0p5,4,190,15952979136394904768,0.029659586995035774,0.288509415165942,0.2893891062666581,-3.470969937790879,1.0,0.0,32,53,4,2.3313886296444737e-16,0.0,0.0,2.4667e-5
glauber_square_grid_kasteleyn__gamma__p_0p5,4,191,17254653007229402323,0.19671347294361818,0.7483061596042428,0.7870023500417824,6.739549033694496,1.0,0.0,32,53,4,4.727733727702927e-16,0.0,0.0,2.3875e-5
glauber_square_grid_kasteleyn__gamma__p_0p5,4,192,15703707211130807765,0.0011321551460460118,0.004529441935687017,0.004530723710961735,9.836622887851119,1.0,0.0,32,53,4,2.274062439955726e-16,0.0,0.0,2.3208e-5
glauber_square_grid_kasteleyn__gamma__p_0p5,6,1,8767661925002525222,-0.21262019305797164,0.9445047882944427,0.9897121347904518,15.046321175402976,1.0,-0.0,72,53,6,7.043738166457409e-16,0.0,0.0,0.000383334
glauber_square_grid_kasteleyn__gamma__p_0p5,6,2,15144744728893277140,0.006385395987587829,0.027318728841177378,0.02735950212309568,1.6266137338648234,1.0,-0.0,72,53,6,9.259477364154289e-16,0.0,0.0,0.000502125
glauber_square_grid_kasteleyn__gamma__p_0p5,6,3,3717651751859091584,0.2100530729618253,3.8749509844589407,3.9190732779196464,-4.749358792582781,1.0,-0.0,72,53,6,2.08025345852445e-15,0.0,0.0,9.6958e-5
glauber_square_grid_kasteleyn__gamma__p_0p5,6,4,12018175216750263045,-1.2323931505505599,3.6813858375823214,5.200178715106256,19.65390233457299,1.0,0.0,72,53,6,7.572506232928037e-15,0.0,0.0,0.00025875
glauber_square_grid_kasteleyn__gamma__p_0p5,6,5,5779791669246356034,-2.6628163639527425,3.8988746800060605,10.989465668140564,5.929585273125255,1.0,-0.0,72,53,6,1.8337346658139635e-15,0.0,0.0,9.475e-5
glauber_square_grid_kasteleyn__gamma__p_0p5,6,6,16843704493276803448,-0.5084507482883693,1.7782056841461973,2.0367278475812,2.940422638302879,1.0,0.0,72,53,6,9.80054523062791e-16,0.0,0.0,9.7667e-5
glauber_square_grid_kasteleyn__gamma__p_0p5,6,7,15738655657772056308,-0.003158046446975482,0.07569282274983695,0.0757027960071982,32.12714841895326,1.0,-0.0,72,53,6,2.6319679628100705e-15,0.0,0.0,9.5084e-5
glauber_square_grid_kasteleyn__gamma__p_0p5,6,8,15317407316451818833,0.0030883223200735485,0.28928101012592033,0.289290547860673,8.854190454275924,1.0,-0.0,72,53,6,2.350546011049128e-16,0.0,0.0,9.5584e-5
glauber_square_grid_kasteleyn__gamma__p_0p5,6,9,14008271387399474524,-0.021254501596653007,0.08475403483459304,0.08520578867271517,19.062715778489135,1.0,-0.0,72,53,6,1.2182515270715337e-15,0.0,0.0,9.3041e-5
glauber_square_grid_kasteleyn__gamma__p_0p5,6,10,5692879794647046279,-0.17951354508838305,0.7454577488492691,0.777682861719468,2.796454080212923,1.0,0.0,72,53,6,1.7501587354632346e-15,0.0,0.0,9.5041e-5
glauber_square_grid_kasteleyn__gamma__p_0p5,6,11,191950031638759827,-2.702011637085354,3.507434436622898,10.808301323567573,2.1026728509545656,1.0,-0.0,72,53,6,1.234225222359786e-14,0.0,0.0,9.3375e-5
glauber_square_grid_kasteleyn__gamma__p_0p5,6,12,16205500217549938247,-0.11456719978796359,2.0815629895496772,2.0946886328169323,17.47990816434143,1.0,-0.0,72,53,6,2.795987705218581e-15,0.0,0.0,9.2625e-5
glauber_square_grid_kasteleyn__gamma__p_0p5,6,13,15407086789300899559,-0.4034022681937544,1.4509048071320965,1.6136381971159621,1.1384495469593474,1.0,0.0,72,53,6,1.6575837292520077e-15,0.0,0.0,9.2125e-5
glauber_square_grid_kasteleyn__gamma__p_0p5,6,14,14139865231106187890,0.27178416778794373,1.0134346442217939,1.087301278081979,6.533164735797559,1.0,0.0,72,53,6,2.274931647881828e-15,0.0,0.0,9.3916e-5
glauber_square_grid_kasteleyn__gamma__p_0p5,6,15,85330330499226253,-0.09043422023426895,0.4585918611469413,0.4667702093363215,22.696384378822724,1.0,0.0,72,53,6,1.0182887668902388e-15,0.0,0.0,9.4625e-5
glauber_square_grid_kasteleyn__gamma__p_0p5,6,16,17053691571960805308,-0.7819494691180471,3.800296489182725,4.411741461436721,2.0424647228188464,1.0,-0.0,72,53,6,3.3029372410681434e-15,0.0,0.0,9.6834e-5
glauber_square_grid_kasteleyn__gamma__p_0p5,6,17,1469530626583674222,-1.1117984123684357,3.2115615709334673,4.447657280678442,-6.729983212811648,1.0,0.0,72,53,6,4.291679276263068e-15,0.0,0.0,9.6875e-5
glauber_square_grid_kasteleyn__gamma__p_0p5,6,18,12347979315302287329,-0.024971658813018736,0.09952414025021993,0.10014772399409375,16.372017543291676,1.0,-0.0,72,53,6,8.59215549211091e-15,0.0,0.0,9.4667e-5
glauber_square_grid_kasteleyn__gamma__p_0p5,6,19,15397071908704797198,3.4429717321305935,1.920031540797232,13.774085889047571,-3.7359824145503344,1.0,-0.0,72,53,6,2.3321517840393117e-15,0.0,0.0,9.3833e-5
glauber_square_grid_kasteleyn__gamma__p_0p5,6,20,8701432002209885282,0.005619593722797085,0.03851173504692263,0.038543314880531934,8.457524443645394,1.0,0.0,72,53,6,3.266169624681761e-15,0.0,0.0,9.375e-5
glauber_square_grid_kasteleyn__gamma__p_0p5,6,21,12196214089618380065,0.008967559911987694,0.0446728264330672,0.04475324356384229,3.0740174971326804,1.0,-0.0,72,53,6,2.8845796516350215e-16,0.0,0.0,9.8709e-5
glauber_square_grid_kasteleyn__gamma__p_0p5,6,22,8616477521613827557,0.08745644023093367,0.3422276143450637,0.3498762432829306,12.767474381773715,1.0,0.0,72,53,6,9.880109481955443e-16,0.0,0.0,0.000101333
glauber_square_grid_kasteleyn__gamma__p_0p5,6,23,13305332034285925446,-2.813353745473739,3.3387075551755334,11.25366685234665,14.921457753057595,1.0,0.0,72,53,6,1.1815643033113023e-15,0.0,0.0,9.7125e-5
glauber_square_grid_kasteleyn__gamma__p_0p5,6,24,8289032956055938085,2.1591808498857796,3.9831367814938874,8.645198724007365,1.5836827398972388,1.0,0.0,72,53,6,7.603155943618962e-16,0.0,0.0,0.000168083
glauber_square_grid_kasteleyn__gamma__p_0p5,6,25,14294742932789967396,-0.9454580824106066,2.9541840728149724,3.848075058410514,16.605249153376135,1.0,0.0,72,53,6,1.3332272610449108e-15,0.0,0.0,0.000108167
glauber_square_grid_kasteleyn__gamma__p_0p5,6,26,17237628062784278719,-1.3577538474735265,3.6173556098020825,5.460851120131247,8.596123963187383,1.0,-0.0,72,53,6,2.309170343035455e-15,0.0,0.0,9.5833e-5
glauber_square_grid_kasteleyn__gamma__p_0p5,6,27,13038210822483140947,1.5556158694376225,4.729422820281544,7.149363553527714,17.850946196093442,1.0,-0.0,72,53,6,7.168968226588773e-14,0.0,0.0,9.4709e-5
glauber_square_grid_kasteleyn__gamma__p_0p5,6,28,5038930961336602521,0.5336965246407199,2.880681317855964,3.1655132982695466,5.302139464559895,1.0,-0.0,72,53,6,9.129567228269699e-15,0.0,0.0,9.3792e-5
glauber_square_grid_kasteleyn__gamma__p_0p5,6,29,11725832673206116777,0.03924009384200246,0.28147367566299986,0.28301346062772903,-9.265724695883108,1.0,0.0,72,53,6,2.0175907785803856e-15,0.0,0.0,9.4125e-5
glauber_square_grid_kasteleyn__gamma__p_0p5,6,30,9359668446022494711,1.5886384416048773,3.830992504727769,6.354764602872542,-5.24072767364486,1.0,0.0,72,53,6,1.0274475447983413e-14,0.0,0.0,9.5541e-5
glauber_square_grid_kasteleyn__gamma__p_0p5,6,31,15484055672229649933,-0.042029823791962344,0.16635660792408744,0.16812311401207083,6.936227771666321,1.0,0.0,72,53,6,2.1415985425381878e-15,0.0,0.0,9.3916e-5
glauber_square_grid_kasteleyn__gamma__p_0p5,6,32,11013332071307351485,-0.3586257322542718,1.346585663564056,1.4751980793989687,9.933023916138504,1.0,-0.0,72,53,6,6.830216268945082e-16,0.0,0.0,9.4042e-5
glauber_square_grid_kasteleyn__gamma__p_0p5,6,33,7350973032382596896,0.013715728922755327,0.05776314091680444,0.05795126213668695,8.206015174380932,1.0,0.0,72,53,6,1.2720613136220349e-15,0.0,0.0,9.6584e-5
glauber_square_grid_kasteleyn__gamma__p_0p5,6,34,1644885968316324121,-3.6668983633722427,1.2251462910974864,14.671289898399518,14.483657283117964,1.0,-0.0,72,53,6,3.3755999937099624e-16,0.0,0.0,9.4708e-5
glauber_square_grid_kasteleyn__gamma__p_0p5,6,35,18237492022173351727,1.239610632095808,3.589584461554182,5.12621898075915,-11.706981418869201,1.0,-0.0,72,53,6,5.127283641640489e-14,0.0,0.0,9.3959e-5
glauber_square_grid_kasteleyn__gamma__p_0p5,6,36,16714117759592397957,0.00048030731149176567,0.019779720529377653,0.019779951224491128,14.94927395498875,1.0,0.0,72,53,6,1.3183148198183356e-15,0.0,0.0,9.3167e-5
glauber_square_grid_kasteleyn__gamma__p_0p5,6,37,6079974122905082602,-0.055015979315863994,0.2946080802072154,0.29763483818729897,30.439583657165922,1.0,0.0,72,53,6,2.5694657381351588e-15,0.0,0.0,9.4792e-5
glauber_square_grid_kasteleyn__gamma__p_0p5,6,38,4394350088696692791,-3.6657504432470174,1.228976201088652,14.666702513254357,3.069396538486062,1.0,0.0,72,53,6,1.6813293009008128e-13,0.0,0.0,9.3666e-5
glauber_square_grid_kasteleyn__gamma__p_0p5,6,39,14500927098403540208,-0.5193663838895091,2.595795898307957,2.865537339022422,5.198878949817652,1.0,0.0,72,53,6,3.4904658534440196e-14,0.0,0.0,9.4125e-5
glauber_square_grid_kasteleyn__gamma__p_0p5,6,40,3113713482143661353,-0.07614731493933125,0.2993313792950988,0.3051297928675685,-15.675159212224893,1.0,0.0,72,53,6,2.908825941292629e-14,0.0,0.0,9.3958e-5
glauber_square_grid_kasteleyn__gamma__p_0p5,6,41,4402521790715217611,0.0018490986114527222,0.00752385578409286,0.007527274949767737,7.6761639923701015,1.0,0.0,72,53,6,6.075777279467069e-15,0.0,0.0,9.5375e-5
glauber_square_grid_kasteleyn__gamma__p_0p5,6,42,8460970944740556388,0.02483251571781886,0.4032772515697997,0.4038939054066754,9.275791662956552,1.0,0.0,72,53,6,3.687150597262788e-15,0.0,0.0,9.275e-5
glauber_square_grid_kasteleyn__gamma__p_0p5,6,43,14653397441276518923,-1.8671496365542488,3.983278168619825,7.469525933904489,-3.2270203155473984,1.0,0.0,72,53,6,1.281901783884835e-14,0.0,0.0,9.6584e-5
glauber_square_grid_kasteleyn__gamma__p_0p5,6,44,1126349316604926119,0.10204771354034417,0.4243332304138968,0.434746966252709,9.782342436780729,1.0,0.0,72,53,6,6.088816582189904e-16,0.0,0.0,9.3542e-5
glauber_square_grid_kasteleyn__gamma__p_0p5,6,45,17725418237660166698,-0.6016532509966479,2.5204286006689505,2.8824152351037857,13.57698012169439,1.0,0.0,72,53,6,5.546538763713521e-16,0.0,0.0,0.000101292
glauber_square_grid_kasteleyn__gamma__p_0p5,6,46,9218292932700435366,-0.3329953657021948,1.4981791919123344,1.6090651054914729,5.352389355911342,1.0,0.0,72,53,6,1.9434126037785543e-15,0.0,0.0,9.4917e-5
glauber_square_grid_kasteleyn__gamma__p_0p5,6,47,7979676135394461205,-0.002737810954189346,0.019617598753076212,0.01962509436189709,-0.5256162084124317,1.0,0.0,72,53,6,2.418514734851616e-15,0.0,0.0,9.5e-5
glauber_square_grid_kasteleyn__gamma__p_0p5,6,48,7856556291115141965,-1.3683192430607127,4.006438275533966,5.878735826464207,-0.8017737269032574,1.0,0.0,72,53,6,7.091875595916442e-15,0.0,0.0,9.1833e-5
glauber_square_grid_kasteleyn__gamma__p_0p5,6,49,9641274104446803296,-0.09581101426113992,0.6486965957434463,0.6578763461971946,17.32054163277173,1.0,-0.0,72,53,6,5.6032467849581585e-16,0.0,0.0,9.6041e-5
glauber_square_grid_kasteleyn__gamma__p_0p5,6,50,11301554466634842812,-0.02165793994787618,0.21811945516581632,0.21858852152860214,17.427462073932098,1.0,-0.0,72,53,6,1.1695796745806857e-15,0.0,0.0,9.2917e-5
glauber_square_grid_kasteleyn__gamma__p_0p5,6,51,14339712281555121080,0.10211997016406915,0.5273683388244861,0.5377968271307965,-6.838494014454227,1.0,0.0,72,53,6,2.2523895778896357e-15,0.0,0.0,9.4291e-5
glauber_square_grid_kasteleyn__gamma__p_0p5,6,52,14476099028972570596,0.00034821389687893375,0.0034266225846336347,0.0034267438375516143,5.529118278271085,1.0,-0.0,72,53,6,1.0327939529429824e-14,0.0,0.0,9.4542e-5
glauber_square_grid_kasteleyn__gamma__p_0p5,6,53,486912619254588716,-0.19460106347507772,0.7891599388653157,0.8270295127709468,-2.913934836636297,1.0,0.0,72,53,6,8.243239441068912e-15,0.0,0.0,9.3084e-5
glauber_square_grid_kasteleyn__gamma__p_0p5,6,54,10471442211729750326,-1.7948640711761303,4.883462345997526,8.10499937999648,19.54098802062293,1.0,0.0,72,53,6,1.848660031676345e-14,0.0,0.0,9.3125e-5
glauber_square_grid_kasteleyn__gamma__p_0p5,6,55,11675740446219490670,0.48121296260666446,2.143597929016291,2.3751638443969743,-8.129607950735473,1.0,0.0,72,53,6,7.381202289213249e-12,0.0,0.0,9.2916e-5
glauber_square_grid_kasteleyn__gamma__p_0p5,6,56,3867044959636925567,-1.7043183859500428,3.918524892480678,6.823226053168037,7.677037077080591,1.0,0.0,72,53,6,3.3785748954745226e-15,0.0,0.0,9.5125e-5
glauber_square_grid_kasteleyn__gamma__p_0p5,6,57,2691074237142929069,0.9009394597631972,2.7921972139700713,3.603889124128473,15.060817967404835,1.0,-0.0,72,53,6,1.3618856895547891e-15,0.0,0.0,9.4292e-5
glauber_square_grid_kasteleyn__gamma__p_0p5,6,58,91444441747793587,3.968731452646521,0.12415409637383451,15.8749834395996,0.8464457952481822,1.0,-0.0,72,53,6,7.597978257181653e-16,0.0,0.0,9.4583e-5
glauber_square_grid_kasteleyn__gamma__p_0p5,6,59,7293201322963477754,0.1278287138143378,0.5665053172453559,0.5828454973207838,-8.651284491483462,1.0,-0.0,72,53,6,8.093215277315664e-15,0.0,0.0,9.3542e-5
glauber_square_grid_kasteleyn__gamma__p_0p5,6,60,5800317510010746182,-0.006385969692563553,0.03136801031981724,0.03140879092873158,10.910947443433574,1.0,-0.0,72,53,6,4.3069207610908886e-16,0.0,0.0,9.4792e-5
glauber_square_grid_kasteleyn__gamma__p_0p5,6,61,17283130341905510631,-0.00603347552441149,0.02416977093008758,0.024206173756991252,12.55788624753164,1.0,-0.0,72,53,6,3.3627980149773527e-15,0.0,0.0,9.275e-5
glauber_square_grid_kasteleyn__gamma__p_0p5,6,62,10115486277562638029,0.6855433894055643,2.3001802190834613,2.7701499578411304,5.985492568553522,1.0,-0.0,72,53,6,8.954915859959654e-15,0.0,0.0,9.9833e-5
glauber_square_grid_kasteleyn__gamma__p_0p5,6,63,10749967462444713471,0.1478661330127065,1.3855188887041523,1.4073832819962837,10.698025249068651,1.0,0.0,72,53,6,1.7247295507590323e-15,0.0,0.0,9.4667e-5
glauber_square_grid_kasteleyn__gamma__p_0p5,6,64,16741030848598655292,0.0027546080961555752,0.15641137926338078,0.1564189671291442,6.766771483335431,1.0,-0.0,72,53,6,4.132018251005792e-16,0.0,0.0,9.9333e-5
glauber_square_grid_kasteleyn__gamma__p_0p5,6,65,17977737738638084211,0.3477210533855667,1.2707894808077083,1.3916994117752763,28.051810345442124,1.0,-0.0,72,53,6,5.908909842918257e-16,0.0,0.0,9.9333e-5
glauber_square_grid_kasteleyn__gamma__p_0p5,6,66,303200435773598137,-0.2908352065504648,1.0788470582361775,1.163432175605429,3.8130549892901615,1.0,-0.0,72,53,6,1.049140894608527e-15,0.0,0.0,9.7959e-5
glauber_square_grid_kasteleyn__gamma__p_0p5,6,67,14244378663724541256,-3.580146678010815,1.50528422427983,14.322734460351706,7.064869982432252,1.0,0.0,72,53,6,1.0706073424843285e-14,0.0,0.0,9.3958e-5
glauber_square_grid_kasteleyn__gamma__p_0p5,6,68,5561596009687005176,0.019020413420106852,0.08515652391174737,0.08551830003841915,0.15198788974181632,1.0,0.0,72,53,6,1.9283344373389488e-13,0.0,0.0,9.3416e-5
glauber_square_grid_kasteleyn__gamma__p_0p5,6,69,11547464217266317359,-0.1997406656306806,0.9052123453606158,0.9451086788672032,15.064817885695483,1.0,0.0,72,53,6,1.4406042686090799e-15,0.0,0.0,9.425e-5
glauber_square_grid_kasteleyn__gamma__p_0p5,6,70,17235984410332450547,-0.08180575113123911,0.3206621568603389,0.3273543377784851,36.56672491969578,1.0,0.0,72,53,6,8.80615419901275e-15,0.0,0.0,9.3625e-5
glauber_square_grid_kasteleyn__gamma__p_0p5,6,71,2952307777313231251,0.34341630606933715,1.2665943148531837,1.3845290741274925,16.718512046782525,1.0,-0.0,72,53,6,1.1424414402839326e-15,0.0,0.0,9.4458e-5
glauber_square_grid_kasteleyn__gamma__p_0p5,6,72,16780694622219135484,-3.3896442510955946,2.069381223765064,13.559069372750479,1.445134147929441,1.0,0.0,72,53,6,1.4767909700416263e-15,0.0,0.0,9.4375e-5
glauber_square_grid_kasteleyn__gamma__p_0p5,6,73,2741934117876539412,-0.0057339546415362975,0.02904121884204142,0.029074097077872615,14.657740151213078,1.0,-0.0,72,53,6,8.305542522856962e-15,0.0,0.0,9.3e-5
glauber_square_grid_kasteleyn__gamma__p_0p5,6,74,2610641496609316198,-0.015422831885237409,0.0894817940189273,0.08971965776228759,7.189332436909835,1.0,-0.0,72,53,6,2.1953985722211065e-15,0.0,0.0,9.325e-5
glauber_square_grid_kasteleyn__gamma__p_0p5,6,75,6849151338617204608,-1.8805922424669865,4.004418322760183,7.541045505187192,15.067053498704258,1.0,-0.0,72,53,6,5.873410652898433e-15,0.0,0.0,0.000136375
glauber_square_grid_kasteleyn__gamma__p_0p5,6,76,7240289207049784311,1.0144768449907924,3.0379947461302086,4.067158015152681,3.7871211775251843,1.0,0.0,72,53,6,4.6167262266211615e-15,0.0,0.0,9.7541e-5
glauber_square_grid_kasteleyn__gamma__p_0p5,6,77,945688121022239536,0.5241850483169018,1.8383134626605317,2.1130834275395243,22.938120217350168,1.0,0.0,72,53,6,5.425043810203294e-15,0.0,0.0,9.4333e-5
glauber_square_grid_kasteleyn__gamma__p_0p5,6,78,12600862464756256090,-0.014595568600771824,0.19217205582749508,0.1923850864502749,-10.767685736968975,1.0,0.0,72,53,6,3.3868106779861326e-15,0.0,0.0,9.5292e-5
glauber_square_grid_kasteleyn__gamma__p_0p5,6,79,4712401352599204611,-0.3690051050220409,1.3571696986054942,1.4933344661378216,18.313386589396394,1.0,-0.0,72,53,6,9.01493538480723e-15,0.0,0.0,9.2583e-5
glauber_square_grid_kasteleyn__gamma__p_0p5,6,80,5228488513021942779,-0.004514336377508865,0.8141307858035398,0.8141511650364691,15.617882212688404,1.0,0.0,72,53,6,1.6710666199099736e-15,0.0,0.0,9.2042e-5
glauber_square_grid_kasteleyn__gamma__p_0p5,6,81,8635685293713952577,0.0027643018119487828,0.019696123032918667,0.019703764397426212,20.08794984909929,1.0,-0.0,72,53,6,2.9425131020599276e-15,0.0,0.0,9.4792e-5
glauber_square_grid_kasteleyn__gamma__p_0p5,6,82,7516747695208724137,3.3894649643349117,2.0758556941905812,13.564328438644445,9.930087583750153,1.0,0.0,72,53,6,2.2310685802157965e-15,0.0,0.0,9.3917e-5
glauber_square_grid_kasteleyn__gamma__p_0p5,6,83,9490899939620110362,-0.023560211305048373,0.09371911634517888,0.0942741999019174,17.288761430598445,1.0,0.0,72,53,6,7.007096162541208e-16,0.0,0.0,9.3708e-5
glauber_square_grid_kasteleyn__gamma__p_0p5,6,84,12858690811504307965,-0.00887794152002545,0.13110983532205395,0.13118865316768694,10.391319535922106,1.0,0.0,72,53,6,1.1338131893469525e-15,0.0,0.0,9.3041e-5
glauber_square_grid_kasteleyn__gamma__p_0p5,6,85,7829581268281618373,0.007052445995621361,0.04159476655271864,0.041644503547239795,5.51435296349649,1.0,0.0,72,53,6,8.52380814810713e-16,0.0,0.0,9.3e-5
glauber_square_grid_kasteleyn__gamma__p_0p5,6,86,2798015910080855253,-1.042359923010126,3.3505847000094047,4.43709890910708,0.05438269753794933,1.0,-0.0,72,53,6,2.996761119348767e-15,0.0,0.0,9.2125e-5
glauber_square_grid_kasteleyn__gamma__p_0p5,6,87,17685552757228362264,0.04112285998741594,0.17582611094439002,0.17751720055793463,12.43201646532757,1.0,-0.0,72,53,6,9.602928470102814e-16,0.0,0.0,9.2e-5
glauber_square_grid_kasteleyn__gamma__p_0p5,6,88,16540682180248100255,-0.003381995609660099,0.018294146746620693,0.018305584640924452,9.197325559017592,1.0,0.0,72,53,6,1.032776467342727e-14,0.0,0.0,0.002111916
glauber_square_grid_kasteleyn__gamma__p_0p5,6,89,4252735745595917156,-0.009727794865040718,0.038854467130074476,0.03894909712301079,9.824116400409276,1.0,0.0,72,53,6,4.8288642305711875e-15,0.0,0.0,0.000156083
glauber_square_grid_kasteleyn__gamma__p_0p5,6,90,16307538883697100577,2.1724778929805297,3.97025276906646,8.689912964555582,17.50509514611155,1.0,0.0,72,53,6,1.4497351754579736e-15,0.0,0.0,0.000109541
glauber_square_grid_kasteleyn__gamma__p_0p5,6,91,15489778917914396991,-0.11321772395673851,0.5098837973302899,0.5227020503482341,22.88202186198245,1.0,0.0,72,53,6,2.966530221845e-15,0.0,0.0,0.000101375
glauber_square_grid_kasteleyn__gamma__p_0p5,6,92,15795189918448356610,-0.06394788042475552,0.2576004193162795,0.2616897507270984,0.008489641350425181,1.0,-0.0,72,53,6,5.5547810164315535e-15,0.0,0.0,0.000131417
glauber_square_grid_kasteleyn__gamma__p_0p5,6,93,3376241415612956456,-0.10244766096015387,0.8815214071598326,0.8920169303960392,4.014561528627579,1.0,0.0,72,53,6,2.9216344634952073e-15,0.0,0.0,9.4625e-5
glauber_square_grid_kasteleyn__gamma__p_0p5,6,94,8048546092666638860,-0.25013758325181223,0.9398720317125612,1.0024408422676185,20.6017990135189,1.0,0.0,72,53,6,4.25420551367779e-15,0.0,0.0,9.8875e-5
glauber_square_grid_kasteleyn__gamma__p_0p5,6,95,3975761407972826093,-0.039892807436608696,0.16345322107776694,0.16504465716294128,0.2991432347962397,1.0,-0.0,72,53,6,1.3813607875468616e-15,0.0,0.0,9.6792e-5
glauber_square_grid_kasteleyn__gamma__p_0p5,6,96,9979814271909663509,0.012518718946167517,0.04992408951871083,0.05008080784276396,8.009681142275728,1.0,0.0,72,53,6,5.391303652942513e-16,0.0,0.0,9.6625e-5
glauber_square_grid_kasteleyn__gamma__p_0p5,6,97,6327693538076806073,3.0808935325953724,2.8337181732976244,12.325623132485617,17.75567370391277,1.0,0.0,72,53,6,1.264429480372917e-15,0.0,0.0,9.8667e-5
glauber_square_grid_kasteleyn__gamma__p_0p5,6,98,8188327426279735701,0.8702822914899382,2.7261525284832957,3.483543795364273,8.799853265896987,1.0,-0.0,72,53,6,1.7398017629087405e-15,0.0,0.0,9.5458e-5
glauber_square_grid_kasteleyn__gamma__p_0p5,6,99,15086333099801324140,-0.07935954502418657,0.3200530603532259,0.3263509977396718,10.772198188951066,1.0,0.0,72,53,6,6.890907558530583e-16,0.0,0.0,9.55e-5
glauber_square_grid_kasteleyn__gamma__p_0p5,6,100,11514739970670444896,0.01211883473048303,0.07739261937988505,0.07753948553510981,16.729431803807877,1.0,0.0,72,53,6,1.581350397022585e-16,0.0,0.0,9.7042e-5
glauber_square_grid_kasteleyn__gamma__p_0p5,6,101,6779388617110119915,0.31298339796210195,1.1702439731009837,1.2682025805008872,2.617398806881047,1.0,0.0,72,53,6,6.165132229446376e-16,0.0,0.0,9.3291e-5
glauber_square_grid_kasteleyn__gamma__p_0p5,6,102,10068779448220711808,-0.03573403370996919,0.15926678453565912,0.16054370570084434,13.495632676935582,1.0,0.0,72,53,6,1.040885219510655e-15,0.0,0.0,9.525e-5
glauber_square_grid_kasteleyn__gamma__p_0p5,6,103,473998502535683061,0.005446787028725808,0.022003596855946998,0.022033264344883292,6.329682365777893,1.0,0.0,72,53,6,4.0797000987277784e-16,0.0,0.0,9.4083e-5
glauber_square_grid_kasteleyn__gamma__p_0p5,6,104,10802874087698990010,-0.24840520086474815,0.9322262582843994,0.9939314021010554,8.43854119371999,1.0,0.0,72,53,6,3.07076682383064e-15,0.0,0.0,9.4084e-5
glauber_square_grid_kasteleyn__gamma__p_0p5,6,105,11480835565829552398,2.480762245999922,3.770622248763618,9.924803569942195,12.589013375954927,1.0,0.0,72,53,6,4.264200231679638e-15,0.0,0.0,9.5375e-5
glauber_square_grid_kasteleyn__gamma__p_0p5,6,106,2790150978618259326,-0.05454603406445324,0.21521474278923405,0.21819001262139454,19.955067969845125,1.0,-0.0,72,53,6,7.844760232327501e-16,0.0,0.0,9.4541e-5
glauber_square_grid_kasteleyn__gamma__p_0p5,6,107,2625223046606703842,-0.6725111875353176,2.243026981216141,2.6952982785763044,11.793453124580735,1.0,-0.0,72,53,6,1.6428122164449162e-15,0.0,0.0,9.3625e-5
glauber_square_grid_kasteleyn__gamma__p_0p5,6,108,2661948348417128339,0.3429577120274334,1.254275789289012,1.3718957815281039,22.21403587029819,1.0,0.0,72,53,6,1.53228546804067e-16,0.0,0.0,9.2917e-5
glauber_square_grid_kasteleyn__gamma__p_0p5,6,109,15520685342341349315,0.45124285966499167,1.715971626314578,1.9195917447132174,-5.9584509169509445,1.0,0.0,72,53,6,1.02587644488975e-15,0.0,0.0,9.3666e-5
glauber_square_grid_kasteleyn__gamma__p_0p5,6,110,12960598484386929763,0.6228132106153876,2.1057613827147406,2.493657678031788,3.0181036936560917,1.0,-0.0,72,53,6,2.797010200907885e-15,0.0,0.0,9.5083e-5
glauber_square_grid_kasteleyn__gamma__p_0p5,6,111,14492114115536407510,0.04269733635932299,0.23144177842176317,0.23326484095394434,12.103970109451616,1.0,-0.0,72,53,6,1.5745436616451338e-14,0.0,0.0,9.7e-5
glauber_square_grid_kasteleyn__gamma__p_0p5,6,112,569829005511104639,0.019059117323537787,0.08274115943736529,0.08310440939051766,12.920675469057855,1.0,-0.0,72,53,6,2.0841237464409368e-16,0.0,0.0,9.6292e-5
glauber_square_grid_kasteleyn__gamma__p_0p5,6,113,14699936467094398176,-3.7213864350166737,1.0420394608218824,14.89075645954799,8.468773845842541,1.0,0.0,72,53,6,1.8411893465070826e-12,0.0,0.0,0.0001065
glauber_square_grid_kasteleyn__gamma__p_0p5,6,114,7523884087345717983,-0.6939902233487169,2.294848157014969,2.776470587118571,6.921653688878615,1.0,0.0,72,53,6,3.7525147793981713e-16,0.0,0.0,9.5667e-5
glauber_square_grid_kasteleyn__gamma__p_0p5,6,115,6901425976372254240,-0.005632075233241052,0.2089828452307831,0.20901456550221598,8.946707220504292,1.0,0.0,72,53,6,6.213613845552853e-15,0.0,0.0,9.9416e-5
glauber_square_grid_kasteleyn__gamma__p_0p5,6,116,6363146845185953270,-0.1117662489614086,0.44338970339819095,0.4558813978050945,8.98818126970737,1.0,-0.0,72,53,6,1.963642716313895e-15,0.0,0.0,9.5042e-5
glauber_square_grid_kasteleyn__gamma__p_0p5,6,117,12664756177182767300,-0.055819639684383526,0.2223430053898624,0.2254588375643568,17.694404104737536,1.0,0.0,72,53,6,3.030129378321593e-16,0.0,0.0,9.3583e-5
glauber_square_grid_kasteleyn__gamma__p_0p5,6,118,18355778140489004964,-2.059022918447328,4.736396129452848,8.9759715081442,-3.914005766696804,1.0,-0.0,72,53,6,1.8932892916953214e-15,0.0,0.0,9.3667e-5
glauber_square_grid_kasteleyn__gamma__p_0p5,6,119,15139666183844351872,0.016380375524697576,0.0697629657732051,0.07003128247553521,1.51257258885613,1.0,-0.0,72,53,6,1.166076519233456e-15,0.0,0.0,9.4083e-5
glauber_square_grid_kasteleyn__gamma__p_0p5,6,120,16493188478716813410,-0.07999954131575082,0.3161364243807333,0.3225363509914638,16.70804409422724,1.0,-0.0,72,53,6,2.0867705879502452e-15,0.0,0.0,9.3292e-5
glauber_square_grid_kasteleyn__gamma__p_0p5,6,121,6725036375857299454,-2.398962038810717,3.840829308356625,9.595848172011497,4.005738221023971,1.0,0.0,72,53,6,1.3947541595643757e-15,0.0,0.0,9.2458e-5
glauber_square_grid_kasteleyn__gamma__p_0p5,6,122,4009244576255394270,0.18546477321220017,1.0968847894560443,1.131281971558697,7.88261387118017,1.0,-0.0,72,53,6,2.342944490410095e-14,0.0,0.0,9.2833e-5
glauber_square_grid_kasteleyn__gamma__p_0p5,6,123,13455295531536548467,-0.011050327120798939,1.207225055301449,1.2073471650309255,-4.19976881419133,1.0,0.0,72,53,6,9.151310497037941e-16,0.0,0.0,9.2583e-5
glauber_square_grid_kasteleyn__gamma__p_0p5,6,124,9275646469584623234,-0.042984149081307294,0.20451002929317555,0.2063576663654196,16.919476511658456,1.0,0.0,72,53,6,1.7770688833131134e-15,0.0,0.0,9.5167e-5
glauber_square_grid_kasteleyn__gamma__p_0p5,6,125,4568947750472659885,1.8037586775951546,3.9641613660077413,7.217706733007562,7.372865758961051,1.0,-0.0,72,53,6,1.0134861964618077e-15,0.0,0.0,9.5042e-5
glauber_square_grid_kasteleyn__gamma__p_0p5,6,126,4086119886231136134,-0.5596470170088002,1.9597413698395814,2.2729461534864295,19.553072861546667,1.0,0.0,72,53,6,5.886415853021617e-15,0.0,0.0,9.3708e-5
glauber_square_grid_kasteleyn__gamma__p_0p5,6,127,14468928740859937062,-0.846823443249116,2.6713127795296283,3.388422723565917,10.665460891834755,1.0,0.0,72,53,6,1.6573219989382842e-15,0.0,0.0,9.3334e-5
glauber_square_grid_kasteleyn__gamma__p_0p5,6,128,11312110858664873713,-0.02639223056607709,0.10571847535807721,0.10641502519233019,-3.772215748903434,1.0,0.0,72,53,6,3.6483405767410944e-15,0.0,0.0,9.3625e-5
glauber_square_grid_kasteleyn__gamma__p_0p5,6,129,6497673522179564946,-0.002398882242856004,0.009596746879353643,0.009602501515368733,4.240926318736021,1.0,-0.0,72,53,6,1.9188854994014593e-16,0.0,0.0,0.000105917
glauber_square_grid_kasteleyn__gamma__p_0p5,6,130,9948970493513912651,0.18512189274999222,0.7077425842539532,0.7420126994292928,5.630426681349904,1.0,0.0,72,53,6,7.861985612095055e-16,0.0,0.0,8.7916e-5
glauber_square_grid_kasteleyn__gamma__p_0p5,6,131,12459261474483235097,-0.3059363769113827,1.167742295896441,1.2613393626141045,4.652419375851346,1.0,0.0,72,53,6,2.294005861891889e-15,0.0,0.0,8.5042e-5
glauber_square_grid_kasteleyn__gamma__p_0p5,6,132,1275578532482733572,-0.09980128582841671,0.3901292530002634,0.40008954965326876,0.8810818866984271,1.0,-0.0,72,53,6,8.229967115059533e-15,0.0,0.0,8.4083e-5
glauber_square_grid_kasteleyn__gamma__p_0p5,6,133,6676674610501234826,0.05646988675298825,0.3568877078526943,0.36007655596258964,4.957780412581396,1.0,0.0,72,53,6,2.5220555052309034e-16,0.0,0.0,8.3917e-5
glauber_square_grid_kasteleyn__gamma__p_0p5,6,134,3812895238863568253,-1.701716971117898,3.9110960017243395,6.806936651515013,3.0287238648675947,1.0,-0.0,72,53,6,5.0794287426950435e-16,0.0,0.0,9.1375e-5
glauber_square_grid_kasteleyn__gamma__p_0p5,6,135,1678171581404224300,0.3686500151458696,1.4383407146879508,1.5742435483550006,15.978561458993207,1.0,0.0,72,53,6,3.638203293673123e-14,0.0,0.0,9.2e-5
glauber_square_grid_kasteleyn__gamma__p_0p5,6,136,8234858033295126539,-2.7048475657835978,3.5150474578533033,10.831247811978757,12.44869461958963,1.0,0.0,72,53,6,7.421751574906433e-16,0.0,0.0,9.5542e-5
glauber_square_grid_kasteleyn__gamma__p_0p5,6,137,12070948107416158230,-0.027241251737026732,0.13072162084844852,0.13146370664464857,9.000960976852953,1.0,-0.0,72,53,6,8.050797715244209e-16,0.0,0.0,9.3375e-5
glauber_square_grid_kasteleyn__gamma__p_0p5,6,138,15891481735584339104,-0.00685206181454776,0.06417796108361767,0.06422491183472806,9.677784744997515,1.0,-0.0,72,53,6,3.3849431515934473e-14,0.0,0.0,0.000122792
glauber_square_grid_kasteleyn__gamma__p_0p5,6,139,718261015283815220,-0.0021038485394945794,0.026893553448837502,0.026897979627514636,2.77825076058112,1.0,0.0,72,53,6,1.0330442902672394e-15,0.0,0.0,9.325e-5
glauber_square_grid_kasteleyn__gamma__p_0p5,6,140,13298774896407103390,-0.06106360727511841,0.24352421972003144,0.24725298385348132,-2.3066308386564742,1.0,-0.0,72,53,6,1.2743691017626446e-15,0.0,0.0,9.325e-5
glauber_square_grid_kasteleyn__gamma__p_0p5,6,141,11383479818853017945,-0.46577628154841394,1.6605478804319105,1.8774954248849778,3.1416525892396576,1.0,0.0,72,53,6,2.4850853049879024e-15,0.0,0.0,0.000102792
glauber_square_grid_kasteleyn__gamma__p_0p5,6,142,12347677288788685194,2.2929016223374417,3.9142096710915593,9.171607520809232,-1.7077242756215787,1.0,-0.0,72,53,6,2.4401061073111e-15,0.0,0.0,9.4167e-5
glauber_square_grid_kasteleyn__gamma__p_0p5,6,143,6125960413723980435,-0.017501969784913085,0.07549185240734284,0.07579817135369485,3.154929895567871,1.0,0.0,72,53,6,3.6297601194074003e-16,0.0,0.0,9.3834e-5
glauber_square_grid_kasteleyn__gamma__p_0p5,6,144,9327652957435209909,-1.0679935488924592,3.2830763190668217,4.423686539542731,8.743563203202445,1.0,-0.0,72,53,6,2.7360583036688974e-15,0.0,0.0,9.3917e-5
glauber_square_grid_kasteleyn__gamma__p_0p5,6,145,1576881969831837605,1.4135551606932204,3.657237312842999,5.655375505165435,5.211912388889088,1.0,-0.0,72,53,6,1.0021434201561873e-15,0.0,0.0,9.7792e-5
glauber_square_grid_kasteleyn__gamma__p_0p5,6,146,17367014356388625723,0.00027026535650692685,0.012562899406048923,0.01256297244941185,8.168778545491497,1.0,0.0,72,53,6,5.235548646693854e-16,0.0,0.0,9.5e-5
glauber_square_grid_kasteleyn__gamma__p_0p5,6,147,17502854364535790011,-0.1846963579195946,1.1740661670696484,1.2081789116984114,-7.275790202504965,1.0,-0.0,72,53,6,1.0292988082326767e-14,0.0,0.0,9.7917e-5
glauber_square_grid_kasteleyn__gamma__p_0p5,6,148,12878773993961135759,-0.733530771673417,2.726702027333266,3.2647694203250643,15.823096935555574,1.0,0.0,72,53,6,6.442021303438291e-15,0.0,0.0,9.3959e-5
glauber_square_grid_kasteleyn__gamma__p_0p5,6,149,15446015893940227318,0.08827942588830166,0.3461410045322568,0.35393426156742497,16.79536810926195,1.0,0.0,72,53,6,7.66726961369679e-16,0.0,0.0,9.3083e-5
glauber_square_grid_kasteleyn__gamma__p_0p5,6,150,11088461262830433136,-0.49098578691088024,1.7232474358204166,1.9643144787689129,-5.8812240820553345,1.0,-0.0,72,53,6,2.805223947358575e-15,0.0,0.0,9.5042e-5
glauber_square_grid_kasteleyn__gamma__p_0p5,6,151,11797064628425048421,1.2154342844362016,3.408960351652197,4.886240851435138,0.044268178578519946,1.0,0.0,72,53,6,9.671094979261284e-16,0.0,0.0,9.4375e-5
glauber_square_grid_kasteleyn__gamma__p_0p5,6,152,13365251911827897984,-0.030339217908225552,0.16783751036188663,0.1687579785051694,21.447520854521862,1.0,0.0,72,53,6,1.7499404907610227e-16,0.0,0.0,9.2584e-5
glauber_square_grid_kasteleyn__gamma__p_0p5,6,153,14980433420296425811,-3.5392786321733687,1.6306363875780445,14.157129623737037,9.203952242711017,1.0,0.0,72,53,6,4.396174477686144e-16,0.0,0.0,9.5041e-5
glauber_square_grid_kasteleyn__gamma__p_0p5,6,154,1313951238240016785,0.00011263234931567165,0.0018381163084006027,0.0018381289944467151,11.45575015367505,1.0,0.0,72,53,6,3.0979953568040447e-16,0.0,0.0,9.6084e-5
glauber_square_grid_kasteleyn__gamma__p_0p5,6,155,9718665022385372007,0.0017359783738941721,0.1613557531145193,0.16135876673543392,9.544905843251769,1.0,0.0,72,53,6,8.829543487840055e-15,0.0,0.0,9.5167e-5
glauber_square_grid_kasteleyn__gamma__p_0p5,6,156,7327404925674141170,0.08129797802581083,0.32458845652159884,0.3311978177526841,5.120412538314344,1.0,-0.0,72,53,6,3.647228559677367e-16,0.0,0.0,9.4292e-5
glauber_square_grid_kasteleyn__gamma__p_0p5,6,157,548230730116773204,-0.00016137895657708512,0.08461565816579877,0.0846156842089664,17.681754054183244,1.0,-0.0,72,53,6,3.337428644597931e-15,0.0,0.0,9.475e-5
glauber_square_grid_kasteleyn__gamma__p_0p5,6,158,1119129710536174972,-0.35616784769174803,1.6848593078394543,1.8117148435688264,-4.376919459494518,1.0,-0.0,72,53,6,6.607469320356888e-15,0.0,0.0,9.5041e-5
glauber_square_grid_kasteleyn__gamma__p_0p5,6,159,18416194465259540975,-0.11551337822721885,0.5694507287956344,0.5827940693450989,6.8041378489730695,1.0,-0.0,72,53,6,1.2766687092316739e-15,0.0,0.0,9.9208e-5
glauber_square_grid_kasteleyn__gamma__p_0p5,6,160,17438824704054245993,-0.0014087496314461045,0.005819837200536338,0.005821821776060438,14.24323159428578,1.0,0.0,72,53,6,9.828246419388097e-16,0.0,0.0,9.3875e-5
glauber_square_grid_kasteleyn__gamma__p_0p5,6,161,9312054405585997464,0.35815064794372575,1.9134648501724332,2.041736736794944,5.26535213150259,1.0,0.0,72,53,6,2.0687168232346496e-15,0.0,0.0,9.7584e-5
glauber_square_grid_kasteleyn__gamma__p_0p5,6,162,15556264156723991859,-3.3176628911859383,2.2637646619445553,13.270651721496794,21.428301273888216,1.0,0.0,72,53,6,1.8816281664729258e-16,0.0,0.0,9.725e-5
glauber_square_grid_kasteleyn__gamma__p_0p5,6,163,6000491131440607911,0.08484828509908915,0.3550748551349887,0.36227408661924504,-7.215338422972366,1.0,-0.0,72,53,6,1.021813945966565e-14,0.0,0.0,9.6042e-5
glauber_square_grid_kasteleyn__gamma__p_0p5,6,164,5569060407570526490,-0.00463173746609602,0.029645662176709935,0.02966711516866477,7.1942493666118645,1.0,0.0,72,53,6,1.827670329502798e-15,0.0,0.0,9.3834e-5
glauber_square_grid_kasteleyn__gamma__p_0p5,6,165,8441204745160292200,3.264869787409153,2.5779557675982563,13.237330496335344,16.529361607933264,1.0,0.0,72,53,6,1.9758696249107897e-15,0.0,0.0,9.4042e-5
glauber_square_grid_kasteleyn__gamma__p_0p5,6,166,10218440748260185961,-1.0487442106214453,3.707586844045892,4.8074512633578905,11.04274241031895,1.0,0.0,72,53,6,2.5744037431770536e-15,0.0,0.0,9.5959e-5
glauber_square_grid_kasteleyn__gamma__p_0p5,6,167,4953837066228123142,-0.012352403322066774,0.049925724587389204,0.05007830645522021,26.29573330057885,1.0,0.0,72,53,6,4.481881903011413e-16,0.0,0.0,9.2625e-5
glauber_square_grid_kasteleyn__gamma__p_0p5,6,168,17108227567391247901,-1.6412723082913865,3.939910010079998,6.633684800044135,14.211295728876848,1.0,0.0,72,53,6,2.4968454908600102e-15,0.0,0.0,9.2042e-5
glauber_square_grid_kasteleyn__gamma__p_0p5,6,169,1141801724011760677,0.002900764707753467,0.021077243230040704,0.021085657665930454,-1.3630784307354697,1.0,-0.0,72,53,6,5.0460770107434494e-14,0.0,0.0,9.3167e-5
glauber_square_grid_kasteleyn__gamma__p_0p5,6,170,17176404600624447695,-0.5104227628145668,1.9730411972112447,2.2335725940105,3.8079606117072946,1.0,0.0,72,53,6,1.0661561944914563e-15,0.0,0.0,9.0916e-5
glauber_square_grid_kasteleyn__gamma__p_0p5,6,171,15982087344055615225,-0.10502494579857187,0.40922542213438,0.420255661374373,16.292824251525296,1.0,-0.0,72,53,6,1.417527650200628e-15,0.0,0.0,9.2459e-5
glauber_square_grid_kasteleyn__gamma__p_0p5,6,172,15446992853424800624,0.20396678476663918,0.7988343197431704,0.8404367690312109,4.900832959493176,1.0,-0.0,72,53,6,1.2629758857856812e-15,0.0,0.0,9.25e-5
glauber_square_grid_kasteleyn__gamma__p_0p5,6,173,17888620816214785684,-0.6547666217816592,2.1914857877751355,2.620205116774502,2.442071305760778,1.0,0.0,72,53,6,1.0214928031237675e-15,0.0,0.0,9.3958e-5
glauber_square_grid_kasteleyn__gamma__p_0p5,6,174,16368957983940322416,3.812177855696857,0.7162560739085299,15.248956077374018,-0.6202525214733796,1.0,-0.0,72,53,6,1.692760634003103e-14,0.0,0.0,9.325e-5
glauber_square_grid_kasteleyn__gamma__p_0p5,6,175,13939882501882544367,0.006765491603778593,0.03148750045241279,0.03153327232905359,17.15090211500684,1.0,0.0,72,53,6,2.196174219613102e-15,0.0,0.0,9.1791e-5
glauber_square_grid_kasteleyn__gamma__p_0p5,6,176,521389313977552737,0.0010099238579445438,0.004784927240176416,0.004785947186375261,10.027309918390259,1.0,0.0,72,53,6,3.5468045087455663e-15,0.0,0.0,9.1834e-5
glauber_square_grid_kasteleyn__gamma__p_0p5,6,177,3846991731643058443,-0.012230256765738634,0.09668450463914507,0.09683408381970098,5.642644721401027,1.0,0.0,72,53,6,7.406172405190971e-15,0.0,0.0,9.5542e-5
glauber_square_grid_kasteleyn__gamma__p_0p5,6,178,9661058664675514632,0.1881326064908344,0.7295320070088706,0.7649258846339057,18.050127804357388,1.0,-0.0,72,53,6,2.9536247753578503e-16,0.0,0.0,9.3833e-5
glauber_square_grid_kasteleyn__gamma__p_0p5,6,179,9826772434106918316,-0.005529537736681485,0.024182334122804353,0.024212909910385737,17.824392715757135,1.0,0.0,72,53,6,1.3371185383699031e-15,0.0,0.0,9.425e-5
glauber_square_grid_kasteleyn__gamma__p_0p5,6,180,17413609332710665620,0.23000097447202886,0.8913950755956417,0.9442955238537245,-7.158291530039747,1.0,0.0,72,53,6,4.415002761401275e-16,0.0,0.0,0.000102416
glauber_square_grid_kasteleyn__gamma__p_0p5,6,181,5003724137148175072,0.02041180734572562,0.09000193329775712,0.09041857517687614,1.5558299285854031,1.0,-0.0,72,53,6,1.4671350235133314e-15,0.0,0.0,9.3292e-5
glauber_square_grid_kasteleyn__gamma__p_0p5,6,182,7150983376421105463,0.07178108184577647,0.2839684015545121,0.2891209252654621,13.379295382998075,1.0,-0.0,72,53,6,1.5661681933635679e-16,0.0,0.0,9.3125e-5
glauber_square_grid_kasteleyn__gamma__p_0p5,6,183,10645220378451741981,-0.019202119012686536,0.09895512594198527,0.09932384731656264,5.073345074900898,1.0,0.0,72,53,6,1.7416588614167342e-15,0.0,0.0,9.6417e-5
glauber_square_grid_kasteleyn__gamma__p_0p5,6,184,12402310404015988301,-3.515568549840997,1.703073109318715,14.062295337949848,2.302325579510372,1.0,0.0,72,53,6,2.144743493175714e-15,0.0,0.0,9.775e-5
glauber_square_grid_kasteleyn__gamma__p_0p5,6,185,5049491543524324463,0.9831095881469811,2.983982683631567,3.950487145938094,9.7846062004271,1.0,-0.0,72,53,6,5.9441637391865464e-15,0.0,0.0,9.3084e-5
glauber_square_grid_kasteleyn__gamma__p_0p5,6,186,7895789387143586845,1.4572181762461471,4.007532022512546,6.131016835694693,14.796365905824262,1.0,0.0,72,53,6,9.385492824605749e-16,0.0,0.0,9.275e-5
glauber_square_grid_kasteleyn__gamma__p_0p5,6,187,13729544419467247692,-2.8429728377889956,3.289398932321146,11.37189348872716,5.394553202513044,1.0,-0.0,72,53,6,2.1133761951927433e-14,0.0,0.0,0.004586834
glauber_square_grid_kasteleyn__gamma__p_0p5,6,188,2472823006771669988,0.5370406051052443,2.1217895644599594,2.4102021759917664,9.607038804248884,1.0,0.0,72,53,6,8.436232726290769e-16,0.0,0.0,8.9209e-5
glauber_square_grid_kasteleyn__gamma__p_0p5,6,189,9370106006553423067,0.003953825927444889,0.25294521822826954,0.2529608509677341,-12.516092684296725,1.0,-0.0,72,53,6,4.683463848129214e-15,0.0,0.0,8.375e-5
glauber_square_grid_kasteleyn__gamma__p_0p5,6,190,3831300105577742839,-0.003907465301198645,0.019914788177900537,0.01993005646298061,7.477616352901749,1.0,-0.0,72,53,6,1.2328764280836236e-15,0.0,0.0,9.1792e-5
glauber_square_grid_kasteleyn__gamma__p_0p5,6,191,697826629901046560,1.4560518397401028,3.972479163173953,6.092566123184491,-5.6069900272786155,1.0,0.0,72,53,6,1.5387731341154643e-14,0.0,0.0,0.000101
glauber_square_grid_kasteleyn__gamma__p_0p5,6,192,2954621558549198933,0.2846862342465817,1.147966980128615,1.2290132320981146,6.770877588621781,1.0,0.0,72,53,6,1.4396197577827506e-14,0.0,0.0,0.000120041
glauber_square_grid_kasteleyn__gamma__p_0p5,8,1,1136782549756480039,-1.3841711875510914,3.6286654947521053,5.544595371198704,19.06245114719117,1.0,0.0,128,53,8,1.8909964078894776e-15,0.0,0.0,0.001017
glauber_square_grid_kasteleyn__gamma__p_0p5,8,2,12695920229914589857,0.11942641222268319,0.5776143176129926,0.5918769855493748,10.354579684132016,1.0,-0.0,128,53,8,1.6635700014401097e-15,0.0,0.0,0.000286667
glauber_square_grid_kasteleyn__gamma__p_0p5,8,3,2639510527720166662,0.25124220396626495,0.9599719525468335,1.0230945976006598,34.682912824502296,1.0,0.0,128,53,8,5.4592532288201614e-15,0.0,0.0,0.00029725
glauber_square_grid_kasteleyn__gamma__p_0p5,8,4,14670016489927610296,-0.1538191523343158,0.613994890766915,0.6376552223917625,28.28755299859747,1.0,0.0,128,53,8,5.9653137550448854e-15,0.0,0.0,0.00028825
glauber_square_grid_kasteleyn__gamma__p_0p5,8,5,1640691309855468893,0.18625237091683067,1.3873551579807786,1.4220451036529191,8.898073264262223,1.0,-0.0,128,53,8,7.778858485981014e-15,0.0,0.0,0.000349875
glauber_square_grid_kasteleyn__gamma__p_0p5,8,6,4635289567414241178,0.41738432155003213,1.4993404833649273,1.673550155240708,6.794444094072865,1.0,0.0,128,53,8,4.922034723677002e-15,0.0,0.0,0.00028575
glauber_square_grid_kasteleyn__gamma__p_0p5,8,7,17682118144755239760,-0.34888702050020326,1.3017185992537668,1.423440752327276,1.498511463960782,1.0,0.0,128,53,8,7.266343901934623e-16,0.0,0.0,0.000287958
glauber_square_grid_kasteleyn__gamma__p_0p5,8,8,18352609485421632911,-2.632294580960044,3.6166282977949455,10.54560305874656,39.53052086405994,1.0,0.0,128,53,8,5.263502337964752e-16,0.0,0.0,0.000287625
glauber_square_grid_kasteleyn__gamma__p_0p5,8,9,5317284677570503696,-0.023518748903077244,0.11506141654282068,0.11561454809278668,21.587979979217362,1.0,-0.0,128,53,8,9.141523980382572e-16,0.0,0.0,0.000287875
glauber_square_grid_kasteleyn__gamma__p_0p5,8,10,2230137736505612544,0.026098444019805767,0.10399676907685484,0.10467789785710978,28.65259099741661,1.0,0.0,128,53,8,4.884601575689309e-16,0.0,0.0,0.000289875
glauber_square_grid_kasteleyn__gamma__p_0p5,8,11,18344392163427468181,0.021365461867408186,0.08562502478417448,0.08608150774498216,27.452069817049114,1.0,0.0,128,53,8,5.576871119537918e-16,0.0,0.0,0.000290708
glauber_square_grid_kasteleyn__gamma__p_0p5,8,12,15179733649662597766,-1.8265956334940157,3.979637451171129,7.316089059470533,11.862800259326466,1.0,0.0,128,53,8,1.2188379078955313e-14,0.0,0.0,0.0002905
glauber_square_grid_kasteleyn__gamma__p_0p5,8,13,5263610642156528156,0.060306250529745586,0.3741797104805331,0.37781655433348954,2.0560979194473816,1.0,0.0,128,53,8,4.7309148290648915e-15,0.0,0.0,0.000298292
glauber_square_grid_kasteleyn__gamma__p_0p5,8,14,3941318450051058196,-0.49482564178121535,1.7389792468524288,1.9838316626166204,3.167104437669959,1.0,0.0,128,53,8,4.0298696315144175e-15,0.0,0.0,0.000288042
glauber_square_grid_kasteleyn__gamma__p_0p5,8,15,1239780196455066340,-0.016213171598949954,0.06734657721220717,0.06760944414550417,21.12952004658003,1.0,0.0,128,53,8,1.226604284942874e-15,0.0,0.0,0.000322834
glauber_square_grid_kasteleyn__gamma__p_0p5,8,16,10919339466149363484,0.0080025315306822,0.03681116300353567,0.03687520351443523,28.506549459767538,1.0,0.0,128,53,8,1.1217268342032057e-15,0.0,0.0,0.000291417
glauber_square_grid_kasteleyn__gamma__p_0p5,8,17,12096363364134812738,3.8971661539435525,0.4015780146540899,15.58948204609727,29.90287030304222,1.0,0.0,128,53,8,1.7189177651845258e-14,0.0,0.0,0.000298834
glauber_square_grid_kasteleyn__gamma__p_0p5,8,18,16083689384991817214,-0.19673605114940498,0.773903233506286,0.8126083073281473,7.971287398008148,1.0,-0.0,128,53,8,2.8486805429824416e-15,0.0,0.0,0.000293125
glauber_square_grid_kasteleyn__gamma__p_0p5,8,19,9349955597031336909,0.04063179844576384,4.973335522134251,4.974986465179188,7.2360635871277665,1.0,0.0,128,53,8,2.693182923469272e-16,0.0,0.0,0.000320333
glauber_square_grid_kasteleyn__gamma__p_0p5,8,20,14584411628663654251,0.041322793835087294,0.43209293462480985,0.43380050791514696,14.387115942756253,1.0,0.0,128,53,8,1.0080657320733964e-14,0.0,0.0,0.000523166
glauber_square_grid_kasteleyn__gamma__p_0p5,8,21,12157309003807379219,-1.6729848834423935,3.9137854292008987,6.712663849427658,16.42359644235746,1.0,0.0,128,53,8,7.556939127779476e-16,0.0,0.0,0.00029875
glauber_square_grid_kasteleyn__gamma__p_0p5,8,22,10879682118602769125,3.9032038608181643,0.37783271626731413,15.612833095373137,29.59988654535729,1.0,-0.0,128,53,8,3.611859629782251e-15,0.0,0.0,0.000286959
glauber_square_grid_kasteleyn__gamma__p_0p5,8,23,11543597817222777447,3.3187984709625615,2.26310820404343,13.277531494906867,21.11926442287879,1.0,-0.0,128,53,8,1.3993165233156035e-14,0.0,0.0,0.000298667
glauber_square_grid_kasteleyn__gamma__p_0p5,8,24,17882436244960443741,-0.46139484753466276,1.9834733598981442,2.196358565229679,39.286046590888134,1.0,-0.0,128,53,8,3.5179092363300642e-15,0.0,0.0,0.000295625
glauber_square_grid_kasteleyn__gamma__p_0p5,8,25,2722172730699672483,0.6878051143172361,2.278270396854151,2.751346272135097,24.615632851800648,1.0,0.0,128,53,8,2.0635207229675266e-15,0.0,0.0,0.000369083
glauber_square_grid_kasteleyn__gamma__p_0p5,8,26,12171313119755799770,2.4847466915970178,3.766153046774752,9.940119168177077,0.6390467881428663,1.0,-0.0,128,53,8,1.2824589083283254e-12,0.0,0.0,0.00038275
glauber_square_grid_kasteleyn__gamma__p_0p5,8,27,18307783467335924845,-2.0433432003357783,4.243356609602848,8.418608043961308,12.033515778898458,1.0,0.0,128,53,8,1.9917440954345795e-15,0.0,0.0,0.000797709
glauber_square_grid_kasteleyn__gamma__p_0p5,8,28,900698536767980969,-2.4565474229262128,3.8749747736316307,9.909600014717048,11.97829527623276,1.0,-0.0,128,53,8,1.587006202004118e-15,0.0,0.0,0.0003925
glauber_square_grid_kasteleyn__gamma__p_0p5,8,29,11415647143997737820,1.7705624025544568,3.9482381321218947,7.083129353461305,6.365538644433239,1.0,0.0,128,53,8,3.1638393439738586e-16,0.0,0.0,0.000306125
glauber_square_grid_kasteleyn__gamma__p_0p5,8,30,16102538614226323418,-0.156427404228704,2.249733394328106,2.2742029271218365,11.926869783844177,1.0,0.0,128,53,8,3.1319941326899477e-15,0.0,0.0,0.000332458
glauber_square_grid_kasteleyn__gamma__p_0p5,8,31,17593257472289731479,-0.035301462514366555,0.3893873600428941,0.3906335532985473,30.768697916848485,1.0,0.0,128,53,8,7.790170040075956e-16,0.0,0.0,0.000309625
glauber_square_grid_kasteleyn__gamma__p_0p5,8,32,12075110986761267365,-0.10891711320339015,0.4262294161406147,0.4380923536891748,29.60009296561306,1.0,0.0,128,53,8,3.6480382280202356e-15,0.0,0.0,0.000290125
glauber_square_grid_kasteleyn__gamma__p_0p5,8,33,10137619681179593337,0.10499953970657781,0.4092395822690565,0.42026448560764973,11.081339207201166,1.0,0.0,128,53,8,1.3876170447838499e-14,0.0,0.0,0.000307542
glauber_square_grid_kasteleyn__gamma__p_0p5,8,34,11364515378407486375,3.558546254979475,1.577858509793094,14.241109958621541,18.998747507816983,1.0,-0.0,128,53,8,2.8037128334771906e-13,0.0,0.0,0.000358417
glauber_square_grid_kasteleyn__gamma__p_0p5,8,35,4100237613674066006,0.08650730972450328,0.5077300350176435,0.5152135496534146,17.677665155698634,1.0,-0.0,128,53,8,5.822571656395625e-13,0.0,0.0,0.000300292
glauber_square_grid_kasteleyn__gamma__p_0p5,8,36,2366997062193939691,0.0034730078612177015,0.01625037726001226,0.016262439043616343,26.456502253017078,1.0,-0.0,128,53,8,3.1520723643148837e-15,0.0,0.0,0.000290833
glauber_square_grid_kasteleyn__gamma__p_0p5,8,37,1442808564195678654,0.7017061281885739,2.5194556323929094,3.0118471227303085,-10.22148564311218,1.0,0.0,128,53,8,3.2951008058259276e-15,0.0,0.0,0.000296416
glauber_square_grid_kasteleyn__gamma__p_0p5,8,38,16991210322193108241,3.4865064606722194,1.7908305570277625,13.946557857336888,22.91358139110689,1.0,0.0,128,53,8,3.40501549989945e-15,0.0,0.0,0.000309541
glauber_square_grid_kasteleyn__gamma__p_0p5,8,39,1575369776152927639,0.14515851275386948,0.5810958381328707,0.602166831957786,24.17792396902846,1.0,0.0,128,53,8,8.709747906852039e-15,0.0,0.0,0.00029
glauber_square_grid_kasteleyn__gamma__p_0p5,8,40,11405398459917947872,0.29488813676718695,1.2437695505815376,1.3307285637875608,5.491144036778432,1.0,0.0,128,53,8,6.500124695594188e-15,0.0,0.0,0.000290292
glauber_square_grid_kasteleyn__gamma__p_0p5,8,41,18292502644826587946,0.1455035692427482,1.6386910281924065,1.6598623168547857,17.491568786550307,1.0,0.0,128,53,8,8.605512677125365e-16,0.0,0.0,0.000291584
glauber_square_grid_kasteleyn__gamma__p_0p5,8,42,7940191130062418754,-0.05436755950381863,0.21607782730298108,0.21903365882938233,28.35435418937788,1.0,-0.0,128,53,8,1.0526051304788826e-15,0.0,0.0,0.000290833
glauber_square_grid_kasteleyn__gamma__p_0p5,8,43,18392062282033425192,0.26269443251107916,2.151800666458814,2.220809031331132,28.44000520785079,1.0,-0.0,128,53,8,2.355364568539019e-14,0.0,0.0,0.000295542
glauber_square_grid_kasteleyn__gamma__p_0p5,8,44,6131386863005149748,1.4984682927614925,3.752009377957484,5.997416602369026,26.321621559732822,1.0,-0.0,128,53,8,5.503544108791143e-15,0.0,0.0,0.000290416
glauber_square_grid_kasteleyn__gamma__p_0p5,8,45,11929753253749154941,0.04577278093801751,0.5081160554677999,0.5102112029425997,35.19297643120302,1.0,-0.0,128,53,8,7.285571144974835e-15,0.0,0.0,0.000290084
glauber_square_grid_kasteleyn__gamma__p_0p5,8,46,9523381249821264926,0.6479798208346255,3.6939088197814396,4.113786667990313,16.39751908244835,1.0,0.0,128,53,8,8.805558171989397e-15,0.0,0.0,0.000306083
glauber_square_grid_kasteleyn__gamma__p_0p5,8,47,11085261573056897044,2.8814349024805033,3.223341245942977,11.526008343175805,10.452725218902719,1.0,0.0,128,53,8,9.213179319072695e-15,0.0,0.0,0.000296584
glauber_square_grid_kasteleyn__gamma__p_0p5,8,48,7400561619965924550,0.31225017265473104,1.1834540853597288,1.280954255682638,20.29296360256324,1.0,0.0,128,53,8,1.0877905276911296e-14,0.0,0.0,0.000298125
glauber_square_grid_kasteleyn__gamma__p_0p5,8,49,47618780284794000,0.29497922225290885,1.2251382150701549,1.3121509566310858,3.5361944726584937,1.0,-0.0,128,53,8,2.4400792294969715e-15,0.0,0.0,0.000330625
glauber_square_grid_kasteleyn__gamma__p_0p5,8,50,11167947565702024877,0.7043114960763315,2.615509476828243,3.1115641603335233,36.58697286282619,1.0,-0.0,128,53,8,1.863070544022734e-15,0.0,0.0,0.000295583
glauber_square_grid_kasteleyn__gamma__p_0p5,8,51,7839726026629746799,0.10796761371008134,1.1848810564797636,1.196538062090013,21.594081014528918,1.0,-0.0,128,53,8,8.229925449039462e-15,0.0,0.0,0.000394709
glauber_square_grid_kasteleyn__gamma__p_0p5,8,52,11242122350849377066,-0.32076952978975726,1.1997532681205576,1.3026463593620996,1.8600382599075145,1.0,0.0,128,53,8,1.5799127979853736e-15,0.0,0.0,0.000301083
glauber_square_grid_kasteleyn__gamma__p_0p5,8,53,8945731780481691745,-2.4128385136184796,3.8307622866394877,9.652551979440121,4.022402355607549,1.0,-0.0,128,53,8,2.817147925812861e-15,0.0,0.0,0.00030075
glauber_square_grid_kasteleyn__gamma__p_0p5,8,54,7690802595959964405,0.0033857327797886362,0.019661325477759464,0.0196727886642156,-2.215664702201722,1.0,0.0,128,53,8,1.2674118608471304e-15,0.0,0.0,0.000298375
glauber_square_grid_kasteleyn__gamma__p_0p5,8,55,6922571102183359471,-1.8095832074482727,3.965506658912883,7.2400980435916615,7.726082520925428,1.0,0.0,128,53,8,2.2345622704241885e-14,0.0,0.0,0.000309
glauber_square_grid_kasteleyn__gamma__p_0p5,8,56,17116336214569254419,-0.08841511177619481,0.7647400427843911,0.7725572747747882,2.7232785831568265,1.0,0.0,128,53,8,4.11940260665745e-15,0.0,0.0,0.000299542
glauber_square_grid_kasteleyn__gamma__p_0p5,8,57,9618668451409140721,-3.328495162122265,2.235169762176623,13.314049806447947,17.168801417443667,1.0,-0.0,128,53,8,1.1602290826218257e-15,0.0,0.0,0.001628166
glauber_square_grid_kasteleyn__gamma__p_0p5,8,58,606615259120600331,-2.841360758978428,3.3208473771545095,11.394178339816978,6.520366533146344,1.0,0.0,128,53,8,1.5051155831873915e-14,0.0,0.0,0.000324625
glauber_square_grid_kasteleyn__gamma__p_0p5,8,59,1666639439875453174,-0.025275976347156948,0.26257221118392243,0.26321108616422445,5.406784685341865,1.0,0.0,128,53,8,3.06586299253526e-15,0.0,0.0,0.000277875
glauber_square_grid_kasteleyn__gamma__p_0p5,8,60,4150193659005631401,0.29382756518586056,1.2789562540287225,1.3652908920917737,26.046066961736486,1.0,0.0,128,53,8,1.6654018461824211e-15,0.0,0.0,0.000500042
glauber_square_grid_kasteleyn__gamma__p_0p5,8,61,8232622803827352047,-0.1386145716526097,3.7983298934432788,3.8175438929177155,14.196836207885404,1.0,-0.0,128,53,8,1.5208068086758966e-14,0.0,0.0,0.000804458
glauber_square_grid_kasteleyn__gamma__p_0p5,8,62,16695773825571100700,3.0622768669763625,2.9114901862080496,12.289029796226615,5.5797405404265445,1.0,-0.0,128,53,8,1.768534691400132e-13,0.0,0.0,0.000436458
glauber_square_grid_kasteleyn__gamma__p_0p5,8,63,5141359313639625542,-0.07973208762538216,0.5534327915867843,0.5597899973838859,21.825353775733,1.0,0.0,128,53,8,1.03019502433296e-14,0.0,0.0,0.000265958
glauber_square_grid_kasteleyn__gamma__p_0p5,8,64,8874511143035872049,-0.12227374547260894,0.4784851703465353,0.49343603917843565,24.467580179770295,1.0,0.0,128,53,8,1.9170455737161507e-14,0.0,0.0,0.000287959
glauber_square_grid_kasteleyn__gamma__p_0p5,8,65,8269433969715823898,0.25854071444026694,1.0532857312239317,1.1201290322472153,12.05599602673737,1.0,0.0,128,53,8,7.624597000739578e-15,0.0,0.0,0.000289334
glauber_square_grid_kasteleyn__gamma__p_0p5,8,66,8391272022635386277,0.09155177232593881,0.3587950368291815,0.36717676384520204,12.089340071359308,1.0,0.0,128,53,8,8.851873598092937e-16,0.0,0.0,0.000330292
glauber_square_grid_kasteleyn__gamma__p_0p5,8,67,5688377982749714889,0.21994026542883335,0.8531306445724426,0.9015043649293483,25.101494602243918,1.0,-0.0,128,53,8,7.434472589466084e-15,0.0,0.0,0.000289958
glauber_square_grid_kasteleyn__gamma__p_0p5,8,68,8985144329702532877,-2.7519533096277025,3.4691163020005447,11.04236332037141,25.751689055596003,1.0,0.0,128,53,8,7.018563855583787e-16,0.0,0.0,0.000281
glauber_square_grid_kasteleyn__gamma__p_0p5,8,69,17455704210477092969,-0.1237955586533015,0.538799438540622,0.554124778882905,39.999418298803256,1.0,0.0,128,53,8,2.3028398271738596e-14,0.0,0.0,0.000311083
glauber_square_grid_kasteleyn__gamma__p_0p5,8,70,10913248982990038074,0.046156296838497105,0.2249321684726653,0.22706257221050877,36.58341881139296,1.0,-0.0,128,53,8,5.699588897732078e-16,0.0,0.0,0.000371625
glauber_square_grid_kasteleyn__gamma__p_0p5,8,71,3844806701682384008,-1.0406165034736359,3.2937727547614792,4.376655462063175,32.21924173179152,1.0,0.0,128,53,8,2.3426550700120934e-15,0.0,0.0,0.000356417
glauber_square_grid_kasteleyn__gamma__p_0p5,8,72,6731624566979129876,-0.0919695360416859,0.4047577236361685,0.41321611919589146,32.99215178278308,1.0,0.0,128,53,8,9.0593375186417e-16,0.0,0.0,0.000382917
glauber_square_grid_kasteleyn__gamma__p_0p5,8,73,11068076932823003703,0.00034373930318087886,0.005050843102105694,0.005050961258814245,20.73035683598374,1.0,-0.0,128,53,8,9.497149081768406e-16,0.0,0.0,0.000435125
glauber_square_grid_kasteleyn__gamma__p_0p5,8,74,16444805628065957732,-2.9595008749324103,3.092605980445687,11.85125140917139,15.544072086459149,1.0,-0.0,128,53,8,1.240943923666438e-15,0.0,0.0,0.000362833
glauber_square_grid_kasteleyn__gamma__p_0p5,8,75,8867597781522075249,-0.002128189969356752,0.008510953970245295,0.008515483162790966,55.30104533986617,1.0,0.0,128,53,8,8.405703648823165e-16,0.0,0.0,0.000329459
glauber_square_grid_kasteleyn__gamma__p_0p5,8,76,7724374977058287474,0.26570622056576315,1.1090471066883651,1.179646902335707,34.05738102576419,1.0,0.0,128,53,8,1.3533876887723748e-14,0.0,0.0,0.000351375
glauber_square_grid_kasteleyn__gamma__p_0p5,8,77,8487756756003480307,0.8109372855718711,2.661630013484939,3.3192492946156134,41.05769855720677,1.0,-0.0,128,53,8,2.4229703230276827e-14,0.0,0.0,0.000329958
glauber_square_grid_kasteleyn__gamma__p_0p5,8,78,13977512813497614390,-0.03362163023072329,0.17206150873901235,0.17319192275838383,15.274254545824073,1.0,0.0,128,53,8,2.5069410257461666e-14,0.0,0.0,0.000364458
glauber_square_grid_kasteleyn__gamma__p_0p5,8,79,1568132083625778640,-0.15711077132367857,1.0002275127763014,1.0249113072422227,23.792554247218348,1.0,0.0,128,53,8,9.09503922484491e-16,0.0,0.0,0.000334958
glauber_square_grid_kasteleyn__gamma__p_0p5,8,80,6746894842807192231,2.7480185553649363,3.455506526747114,11.007112507377105,0.31522596718040763,1.0,-0.0,128,53,8,7.25962610638795e-14,0.0,0.0,0.000344
glauber_square_grid_kasteleyn__gamma__p_0p5,8,81,10938114286532832636,1.7936854990170963,4.39591659098992,7.61322426037413,17.049358202668554,1.0,-0.0,128,53,8,1.073756800688347e-14,0.0,0.0,0.000384
glauber_square_grid_kasteleyn__gamma__p_0p5,8,82,10236288585668632306,-0.010887742102849839,0.04464952505791946,0.04476806798601763,11.568549057547205,1.0,-0.0,128,53,8,3.2479731867571066e-16,0.0,0.0,0.000353541
glauber_square_grid_kasteleyn__gamma__p_0p5,8,83,4517069561307840164,0.07319637274747448,0.7495468013077168,0.7549045102911041,20.48980116706762,1.0,0.0,128,53,8,3.021058998396102e-14,0.0,0.0,0.000318083
glauber_square_grid_kasteleyn__gamma__p_0p5,8,84,5483839760004895936,-0.032950351668953694,0.14500786259647808,0.1460935882715858,27.89848206773879,1.0,-0.0,128,53,8,5.182364571217372e-15,0.0,0.0,0.000331708
glauber_square_grid_kasteleyn__gamma__p_0p5,8,85,18140159090849670349,-0.19929523643984126,0.7591409754404933,0.7988595667081055,9.712768291998701,1.0,0.0,128,53,8,3.926137672198215e-16,0.0,0.0,0.000351917
glauber_square_grid_kasteleyn__gamma__p_0p5,8,86,625283115361242370,0.16510157833933536,0.7371609040457571,0.7644194352158967,12.685503470977167,1.0,-0.0,128,53,8,1.2192195955092582e-14,0.0,0.0,0.000357667
glauber_square_grid_kasteleyn__gamma__p_0p5,8,87,11446724856749186949,-0.21150527777430028,0.8019332253984767,0.8466677079248606,6.886368930446291,1.0,0.0,128,53,8,7.138818571517468e-16,0.0,0.0,0.00032825
glauber_square_grid_kasteleyn__gamma__p_0p5,8,88,1770211685752957346,-0.00017859109409124052,0.009092821795853492,0.00909285369063238,23.820129049878652,1.0,-0.0,128,53,8,2.597110099947078e-16,0.0,0.0,0.000360292
glauber_square_grid_kasteleyn__gamma__p_0p5,8,89,754854148410556534,1.9785767806855463,4.0210038008409255,7.935769877908906,14.21278439322296,1.0,0.0,128,53,8,3.393465795284672e-15,0.0,0.0,0.000360458
glauber_square_grid_kasteleyn__gamma__p_0p5,8,90,18079577691477298786,1.064761604834442,5.551669316429284,6.685386591558901,17.02339682473714,1.0,-0.0,128,53,8,1.254228289848756e-15,0.0,0.0,0.000520625
glauber_square_grid_kasteleyn__gamma__p_0p5,8,91,11054227263843250655,0.0991585109503274,2.90624712586462,2.9160795361585063,1.1819575562325761,1.0,-0.0,128,53,8,2.3833274543908476e-14,0.0,0.0,0.000298959
glauber_square_grid_kasteleyn__gamma__p_0p5,8,92,831952008785342822,0.1260698318876547,0.9548127128440297,0.9707063153562112,13.216444120698265,1.0,0.0,128,53,8,2.1350871680371333e-16,0.0,0.0,0.000295125
glauber_square_grid_kasteleyn__gamma__p_0p5,8,93,6768888204410725348,0.3872363302075956,1.7141838170634591,1.8641357924961053,33.63603374537564,1.0,0.0,128,53,8,8.24825813766016e-16,0.0,0.0,0.000292416
glauber_square_grid_kasteleyn__gamma__p_0p5,8,94,14680903378376420467,0.043289788641078505,0.6528380344135484,0.6547120402141376,14.247647176180662,1.0,-0.0,128,53,8,2.1269060535094155e-14,0.0,0.0,0.000301709
glauber_square_grid_kasteleyn__gamma__p_0p5,8,95,9423540356294645024,0.5310193155607063,1.9948534234500532,2.2768349369486143,16.581719382777198,1.0,-0.0,128,53,8,1.2240500663855459e-15,0.0,0.0,0.000297083
glauber_square_grid_kasteleyn__gamma__p_0p5,8,96,6914377841691966517,-0.45029396322770976,4.950127862197212,5.1528925155165295,7.550162678413665,1.0,-0.0,128,53,8,1.594526279928499e-14,0.0,0.0,0.000308708
glauber_square_grid_kasteleyn__gamma__p_0p5,8,97,1017194212266938981,-0.38465355649196065,1.4092987788760212,1.5572571373979351,19.835115036291718,1.0,-0.0,128,53,8,2.3429175000604897e-15,0.0,0.0,0.000319792
glauber_square_grid_kasteleyn__gamma__p_0p5,8,98,15398550814575487034,-1.729567485067299,3.945712636457768,6.93711632185979,6.509920613129416,1.0,-0.0,128,53,8,3.2699191509152187e-14,0.0,0.0,0.000295458
glauber_square_grid_kasteleyn__gamma__p_0p5,8,99,4051343637355128615,0.6059202339287719,2.0573799157925667,2.4245192456768643,13.762897029823861,1.0,-0.0,128,53,8,6.279984984505727e-15,0.0,0.0,0.000292333
glauber_square_grid_kasteleyn__gamma__p_0p5,8,100,10342051937261715468,-0.2528885142969704,0.9645161223257159,1.028468722989045,33.566439405591794,1.0,0.0,128,53,8,9.613183576825194e-15,0.0,0.0,0.00029
glauber_square_grid_kasteleyn__gamma__p_0p5,8,101,12897335311229967570,1.3033686765232269,3.5641074045106156,5.262877311452524,22.426615110465328,1.0,-0.0,128,53,8,8.519983161770434e-15,0.0,0.0,0.000290792
glauber_square_grid_kasteleyn__gamma__p_0p5,8,102,12934554617385534675,-0.1339605723828765,0.9415787410972254,0.9595241760503733,10.779566861927245,1.0,0.0,128,53,8,7.912370026456398e-14,0.0,0.0,0.001436583
glauber_square_grid_kasteleyn__gamma__p_0p5,8,103,17094316637270391245,-1.3176636719770491,3.534624659814023,5.270862212262063,19.046159836857875,1.0,0.0,128,53,8,3.3962090244693843e-15,0.0,0.0,0.000338125
glauber_square_grid_kasteleyn__gamma__p_0p5,8,104,5045314903067367868,-0.6793978799377666,2.258711568404566,2.720293047668498,10.51441895706531,1.0,-0.0,128,53,8,1.54572832435205e-14,0.0,0.0,0.000593416
glauber_square_grid_kasteleyn__gamma__p_0p5,8,105,9627299388624198510,0.002019697923438396,0.008077776530066912,0.008081855709768854,29.0273327108415,1.0,-0.0,128,53,8,5.603280306177699e-16,0.0,0.0,0.000394542
glauber_square_grid_kasteleyn__gamma__p_0p5,8,106,14015007716524791331,0.0656616077290384,0.2918348573939674,0.29614630412352955,28.2339160746109,1.0,0.0,128,53,8,1.02548907333561e-15,0.0,0.0,0.000278292
glauber_square_grid_kasteleyn__gamma__p_0p5,8,107,10585259927565684660,-0.3048619345872729,1.2640508729906788,1.3569916721509734,20.168367671334583,1.0,-0.0,128,53,8,3.798935190961572e-15,0.0,0.0,0.00028475
glauber_square_grid_kasteleyn__gamma__p_0p5,8,108,8296880357851192250,0.7264895597072023,3.7474562928799067,4.275243373243471,17.63480497750156,1.0,0.0,128,53,8,2.953731495338981e-14,0.0,0.0,0.00031125
glauber_square_grid_kasteleyn__gamma__p_0p5,8,109,231201070060089200,0.213495058608566,0.8974026036664243,0.9429827437166993,23.82542616449589,1.0,0.0,128,53,8,8.091795521859489e-16,0.0,0.0,0.000284833
glauber_square_grid_kasteleyn__gamma__p_0p5,8,110,11306310384277311317,-2.2390713931822774,3.9451969067522836,8.958637610519508,13.201270318494677,1.0,0.0,128,53,8,1.94320132597583e-14,0.0,0.0,0.000282709
glauber_square_grid_kasteleyn__gamma__p_0p5,8,111,7976630461022959021,-3.911364276533089,0.34674160612979454,15.645512109869012,22.03132211089491,1.0,0.0,128,53,8,1.9366903767009465e-15,0.0,0.0,0.000283625
glauber_square_grid_kasteleyn__gamma__p_0p5,8,112,1880054855122592869,0.35981551070702744,1.3233499773217612,1.4528171790671203,17.224696387139158,1.0,-0.0,128,53,8,2.801650907822044e-15,0.0,0.0,0.000282834
glauber_square_grid_kasteleyn__gamma__p_0p5,8,113,12011538815588149289,-3.9737949621790123,0.10421070254922596,15.895257103988524,37.89490646867564,1.0,0.0,128,53,8,1.8694104839840087e-15,0.0,0.0,0.000288333
glauber_square_grid_kasteleyn__gamma__p_0p5,8,114,9281213631168543452,-0.9670384703519608,3.034171224871913,3.969334628012573,13.913430386325333,1.0,-0.0,128,53,8,1.840489837463444e-14,0.0,0.0,0.000283292
glauber_square_grid_kasteleyn__gamma__p_0p5,8,115,13453320608781063117,-2.213808941449409,3.9573820123657097,8.858332041607062,11.615073925934801,1.0,0.0,128,53,8,1.174428473187315e-15,0.0,0.0,0.00028425
glauber_square_grid_kasteleyn__gamma__p_0p5,8,116,17415696464677618913,-1.4013120885547488,3.976323393656875,5.939998963186547,33.876374034876605,1.0,0.0,128,53,8,1.0684702303553767e-15,0.0,0.0,0.000284083
glauber_square_grid_kasteleyn__gamma__p_0p5,8,117,7743754689576688287,0.002073250451099469,0.013944285549272312,0.013948583916705297,11.205815019539365,1.0,-0.0,128,53,8,2.170773382513683e-15,0.0,0.0,0.000286625
glauber_square_grid_kasteleyn__gamma__p_0p5,8,118,16726962702004074655,3.672439565324665,1.2363251884112443,14.72313754937326,21.42647283525604,1.0,-0.0,128,53,8,2.5011203641700874e-15,0.0,0.0,0.000282583
glauber_square_grid_kasteleyn__gamma__p_0p5,8,119,10387052432408937807,-0.0558688520638162,0.22411463436096987,0.22723596299189844,21.534525177054217,1.0,0.0,128,53,8,2.695230880367583e-14,0.0,0.0,0.000290875
glauber_square_grid_kasteleyn__gamma__p_0p5,8,120,485499945011723302,-0.0221235904172139,0.11654475282621188,0.11703420607916051,-2.3014946896479516,1.0,-0.0,128,53,8,3.2316990112202655e-16,0.0,0.0,0.000284916
glauber_square_grid_kasteleyn__gamma__p_0p5,8,121,1601582257949053360,-1.3666473187725254,3.599582304054827,5.46730719796296,22.5233265373738,1.0,-0.0,128,53,8,2.5936259059545898e-15,0.0,0.0,0.000287959
glauber_square_grid_kasteleyn__gamma__p_0p5,8,122,13239264072508456948,0.09008118870544823,2.5304137274851293,2.538528348043716,8.353824293196388,1.0,0.0,128,53,8,1.323212651688716e-15,0.0,0.0,0.000288042
glauber_square_grid_kasteleyn__gamma__p_0p5,8,123,8025568083426296996,0.6862321487599266,2.854638832040842,3.325553394032508,18.128279792744692,1.0,-0.0,128,53,8,2.4371850271468478e-14,0.0,0.0,0.000297333
glauber_square_grid_kasteleyn__gamma__p_0p5,8,124,8622112504409099422,-0.010796621714483791,0.18074389005149485,0.1808604570919405,14.534042788466763,1.0,-0.0,128,53,8,5.700114332842873e-16,0.0,0.0,0.000303125
glauber_square_grid_kasteleyn__gamma__p_0p5,8,125,15815638766645921830,1.8419160494324514,4.045262533131828,7.437917266288676,22.342149849810543,1.0,-0.0,128,53,8,6.540207879277548e-15,0.0,0.0,0.000287916
glauber_square_grid_kasteleyn__gamma__p_0p5,8,126,3163876124919971961,-0.14180406252290556,0.5620893932727686,0.5821977854207687,19.590271427467307,1.0,-0.0,128,53,8,3.5030038648687935e-15,0.0,0.0,0.000305666
glauber_square_grid_kasteleyn__gamma__p_0p5,8,127,13822275952586322079,0.01021211276008314,0.05432625174002335,0.054430538987048,33.41397147791653,1.0,-0.0,128,53,8,7.177805399859993e-15,0.0,0.0,0.000300792
glauber_square_grid_kasteleyn__gamma__p_0p5,8,128,9483423171124783293,0.001930502078871743,0.02311442724086466,0.02311815407914119,33.03023182533766,1.0,-0.0,128,53,8,2.8250442866723065e-15,0.0,0.0,0.000286458
glauber_square_grid_kasteleyn__gamma__p_0p5,8,129,4698078063115107533,0.1914407985782829,0.7760486100639827,0.8126981894242734,8.128029349459942,1.0,-0.0,128,53,8,5.5651425469522555e-15,0.0,0.0,0.000290375
glauber_square_grid_kasteleyn__gamma__p_0p5,8,130,15672667540725897087,-1.799591624866998,4.001091410852363,7.239621427143806,29.2503590883778,1.0,0.0,128,53,8,3.273929878409115e-15,0.0,0.0,0.000286792
glauber_square_grid_kasteleyn__gamma__p_0p5,8,131,17913525516213929239,0.0916275580149332,0.3582574759415106,0.36665308532929053,27.502434054302647,1.0,0.0,128,53,8,3.8301274427493675e-15,0.0,0.0,0.00028675
glauber_square_grid_kasteleyn__gamma__p_0p5,8,132,9585290872017901281,0.20054647529045477,1.0471775921786564,1.0873964809300813,12.12244289090014,1.0,0.0,128,53,8,3.271397969919768e-14,0.0,0.0,0.000281791
glauber_square_grid_kasteleyn__gamma__p_0p5,8,133,3385207500636872330,0.3871357015346575,1.4094591273479784,1.5593331787507099,15.265013539074292,1.0,0.0,128,53,8,3.625641834715694e-15,0.0,0.0,0.000284875
glauber_square_grid_kasteleyn__gamma__p_0p5,8,134,16013457944729456289,-0.027620768421709452,0.11562321333153432,0.11638612017974002,31.991582090071642,1.0,-0.0,128,53,8,1.447211799109148e-15,0.0,0.0,0.000287125
glauber_square_grid_kasteleyn__gamma__p_0p5,8,135,700148315315185084,0.7229271615653227,2.580309839725322,3.102933520654216,29.761575495509955,1.0,-0.0,128,53,8,2.2319028144021867e-15,0.0,0.0,0.00029
glauber_square_grid_kasteleyn__gamma__p_0p5,8,136,10050699198541808399,0.0001930597207680672,0.0027746823633478758,0.0027747196354036587,1.6798055812571402,1.0,0.0,128,53,8,1.440194319209521e-15,0.0,0.0,0.00028875
glauber_square_grid_kasteleyn__gamma__p_0p5,8,137,548689106618341948,-0.13986351987013446,0.6758388028820286,0.6954006070724921,20.9869809621111,1.0,-0.0,128,53,8,7.568104047994499e-16,0.0,0.0,0.000290542
glauber_square_grid_kasteleyn__gamma__p_0p5,8,138,11984716301841529,-0.0006922108318452302,0.003492812526868077,0.003493291682703801,16.391043315062753,1.0,0.0,128,53,8,2.847106170086459e-16,0.0,0.0,0.001135625
glauber_square_grid_kasteleyn__gamma__p_0p5,8,139,983842964381570939,-0.1837750668882152,2.165405979128493,2.199179254338261,3.81483268103184,1.0,0.0,128,53,8,4.916047243266489e-15,0.0,0.0,0.000270542
glauber_square_grid_kasteleyn__gamma__p_0p5,8,140,16374240683566029122,-1.0939868629169691,3.3016801563038705,4.498487412538782,-8.520125711661361,1.0,0.0,128,53,8,2.2914343423217082e-15,0.0,0.0,0.000282
glauber_square_grid_kasteleyn__gamma__p_0p5,8,141,6740158449717919421,0.0752185235608307,0.31591927043359186,0.3215770967202631,10.337379561219976,1.0,0.0,128,53,8,3.6109986540176204e-15,0.0,0.0,0.000281458
glauber_square_grid_kasteleyn__gamma__p_0p5,8,142,15055468235872912662,0.31849502931800994,1.1763835694393925,1.2778226531396726,20.912916090136367,1.0,0.0,128,53,8,1.060429721135694e-15,0.0,0.0,0.000278417
glauber_square_grid_kasteleyn__gamma__p_0p5,8,143,4090543777617312797,-0.18951988227001504,1.018283513307204,1.0542012990828442,11.014639202916914,1.0,0.0,128,53,8,3.1033860098092757e-16,0.0,0.0,0.000288625
glauber_square_grid_kasteleyn__gamma__p_0p5,8,144,7550376651752656964,-0.48849337560837425,1.718395640163354,1.9570214181766181,6.512495804776087,1.0,0.0,128,53,8,1.7257860874623914e-15,0.0,0.0,0.00028375
glauber_square_grid_kasteleyn__gamma__p_0p5,8,145,17638512159116058056,0.23202946463422103,0.8742868704681376,0.9281245429265808,14.279406653198652,1.0,0.0,128,53,8,2.0360151411081303e-15,0.0,0.0,0.0009105
glauber_square_grid_kasteleyn__gamma__p_0p5,8,146,2670048313809376179,-0.4126884075522458,1.6141618017007897,1.7844735234287983,35.08525098746332,1.0,0.0,128,53,8,1.4520957717154645e-15,0.0,0.0,0.000510792
glauber_square_grid_kasteleyn__gamma__p_0p5,8,147,14463644811098305512,-3.4363943405321855,1.9372878324918088,13.746093896133443,17.678100880475384,1.0,0.0,128,53,8,7.920799411761325e-15,0.0,0.0,0.000293834
glauber_square_grid_kasteleyn__gamma__p_0p5,8,148,12714845934858195177,-0.0032269275049121304,0.01304226722418729,0.013052680285309249,27.545910820888707,1.0,-0.0,128,53,8,4.573777794994428e-16,0.0,0.0,0.000290667
glauber_square_grid_kasteleyn__gamma__p_0p5,8,149,14852636927950465568,-0.06686602426222915,0.5663221189805283,0.5707931841811653,19.161783706453154,1.0,-0.0,128,53,8,8.709759601718201e-15,0.0,0.0,0.000315459
glauber_square_grid_kasteleyn__gamma__p_0p5,8,150,10429837425292490995,-3.47604219805158,1.8213812840167352,13.904250646651995,11.8351770566848,1.0,0.0,128,53,8,4.064693733356106e-15,0.0,0.0,0.000290958
glauber_square_grid_kasteleyn__gamma__p_0p5,8,151,10453864177944538241,-0.17405522243001514,2.8721741116913337,2.9024693321464956,30.052066142500916,1.0,-0.0,128,53,8,2.7308240597424323e-15,0.0,0.0,0.000288833
glauber_square_grid_kasteleyn__gamma__p_0p5,8,152,13011990459500858486,-0.03942007959265281,0.20208985883566194,0.203643801510753,21.785107567859207,1.0,0.0,128,53,8,5.491759670086206e-16,0.0,0.0,0.000290459
glauber_square_grid_kasteleyn__gamma__p_0p5,8,153,2679508826139666849,0.13522031576319088,2.098118040666681,2.116402574461778,17.176466127431908,1.0,0.0,128,53,8,3.068170660433552e-14,0.0,0.0,0.000329333
glauber_square_grid_kasteleyn__gamma__p_0p5,8,154,13958817666659380763,0.8115949414379325,2.645336396982584,3.304022745950225,28.67322331695971,1.0,-0.0,128,53,8,1.2739380152621991e-15,0.0,0.0,0.000284875
glauber_square_grid_kasteleyn__gamma__p_0p5,8,155,11707087217506372675,0.8246132281261314,2.6391758034840986,3.3191627794846976,15.149937730997575,1.0,-0.0,128,53,8,9.897457567610923e-16,0.0,0.0,0.000285292
glauber_square_grid_kasteleyn__gamma__p_0p5,8,156,8934672601696156120,-0.008384732231961097,0.15299088780773124,0.15306119154233291,2.4164193569781514,1.0,0.0,128,53,8,2.6188194062829426e-15,0.0,0.0,0.000293417
glauber_square_grid_kasteleyn__gamma__p_0p5,8,157,6892011627673861610,0.027583847437331888,0.368630827107868,0.369391695747314,2.8779683836931653,1.0,0.0,128,53,8,2.2822007570858628e-15,0.0,0.0,0.00039925
glauber_square_grid_kasteleyn__gamma__p_0p5,8,158,16896342972981963497,-0.2111894292224788,0.8167075734999527,0.8613085485152691,14.411092383560794,1.0,-0.0,128,53,8,3.64461098898676e-16,0.0,0.0,0.000371834
glauber_square_grid_kasteleyn__gamma__p_0p5,8,159,16716276076187632519,0.04759851224058054,0.24363168951003378,0.2458973078775505,5.01557357354503,1.0,0.0,128,53,8,2.269382487518479e-14,0.0,0.0,0.00039175
glauber_square_grid_kasteleyn__gamma__p_0p5,8,160,7804946254530614220,1.5599292066225119,3.850535235790157,6.2839143654640965,24.292906044717967,1.0,-0.0,128,53,8,2.7317384669868878e-15,0.0,0.0,0.000376625
glauber_square_grid_kasteleyn__gamma__p_0p5,8,161,1890843629304232783,0.0806606504976981,0.5320263736420598,0.5385325141807716,29.955869766861635,1.0,-0.0,128,53,8,2.235202565055219e-15,0.0,0.0,0.000384292
glauber_square_grid_kasteleyn__gamma__p_0p5,8,162,8378879565256653213,-0.006785848816526219,0.0408203060264419,0.040866353770602645,22.715118622212028,1.0,0.0,128,53,8,1.0113927050186609e-15,0.0,0.0,0.000294791
glauber_square_grid_kasteleyn__gamma__p_0p5,8,163,10894877427364922530,0.03672534962080598,0.25299668861085567,0.2543454399156261,20.60818489394644,1.0,-0.0,128,53,8,2.9501556272682676e-15,0.0,0.0,0.000285625
glauber_square_grid_kasteleyn__gamma__p_0p5,8,164,16980000110879400921,-0.023083595845544536,0.09518673902763294,0.09571959142479339,33.705849974177625,1.0,0.0,128,53,8,3.9922025945740166e-16,0.0,0.0,0.000288417
glauber_square_grid_kasteleyn__gamma__p_0p5,8,165,16619470925667841505,0.1248603627541417,0.4853412348534823,0.5009313450405781,16.5468365960959,1.0,0.0,128,53,8,5.532414557171269e-16,0.0,0.0,0.000284875
glauber_square_grid_kasteleyn__gamma__p_0p5,8,166,2348670051284472261,0.9359801519830437,2.8687226877022347,3.744781532608436,18.545141157521154,1.0,0.0,128,53,8,5.0598945058020866e-14,0.0,0.0,0.001254375
glauber_square_grid_kasteleyn__gamma__p_0p5,8,167,3645633500153769934,-1.5651734577629062,4.2671118512861606,6.716879804171652,15.567193758790452,1.0,-0.0,128,53,8,2.1599848400238437e-15,0.0,0.0,0.000264167
glauber_square_grid_kasteleyn__gamma__p_0p5,8,168,290710582019355450,1.4094095103943862,5.843361717245834,7.829796885235978,-4.652012085978397,1.0,0.0,128,53,8,8.531644913340961e-15,0.0,0.0,0.000260917
glauber_square_grid_kasteleyn__gamma__p_0p5,8,169,12597960273297672475,1.733517415306771,4.027162135964032,7.0322447651359,23.206932476220615,1.0,0.0,128,53,8,1.5386973576786526e-15,0.0,0.0,0.000278791
glauber_square_grid_kasteleyn__gamma__p_0p5,8,170,7708429653156475041,-0.13470832500265617,0.780807539456499,0.7989538722815201,17.959091086894542,1.0,0.0,128,53,8,1.3484836697208966e-15,0.0,0.0,0.000278375
glauber_square_grid_kasteleyn__gamma__p_0p5,8,171,11354405197327029998,3.941112038442764,0.2323038237167917,15.76466792327527,23.652421319573786,1.0,-0.0,128,53,8,9.001926402689762e-16,0.0,0.0,0.00037275
glauber_square_grid_kasteleyn__gamma__p_0p5,8,172,5480919073609604820,-0.008531082036438375,0.05873101391884134,0.05880379327955378,9.38454077505406,1.0,0.0,128,53,8,2.6937011157095032e-15,0.0,0.0,0.000529875
glauber_square_grid_kasteleyn__gamma__p_0p5,8,173,7048265459303144781,2.6539342168795654,3.591471202717032,10.634838030241184,11.686363403684702,1.0,0.0,128,53,8,8.586830156610672e-16,0.0,0.0,0.000789667
glauber_square_grid_kasteleyn__gamma__p_0p5,8,174,14456814881113437662,-0.23113197016830644,4.055322700752328,4.108744688386211,-9.399445471131328,1.0,0.0,128,53,8,6.199165625230402e-14,0.0,0.0,0.000456875
glauber_square_grid_kasteleyn__gamma__p_0p5,8,175,1902021369434186830,-0.9525699777249348,2.9808100385525877,3.8881996010154705,10.838493999279937,1.0,0.0,128,53,8,2.8060853386132786e-15,0.0,0.0,0.000408541
glauber_square_grid_kasteleyn__gamma__p_0p5,8,176,3054490789581499996,0.17258076435413394,0.6680341944876637,0.6978183147127208,27.518931212905816,1.0,0.0,128,53,8,4.168139743924264e-15,0.0,0.0,0.000447083
glauber_square_grid_kasteleyn__gamma__p_0p5,8,177,3154010193462059509,-1.1168882864653753,3.2201176686197868,4.467557113063349,35.040167878530994,1.0,-0.0,128,53,8,5.431756304658661e-16,0.0,0.0,0.000377875
glauber_square_grid_kasteleyn__gamma__p_0p5,8,178,17606813427905284844,0.00735224187799942,0.03305469248046955,0.033108747941102155,23.820121775595258,1.0,0.0,128,53,8,2.0611338146785017e-14,0.0,0.0,0.000339375
glauber_square_grid_kasteleyn__gamma__p_0p5,8,179,3680347784779219234,0.5254077120089721,1.8260025986297583,2.1020558624682613,24.952816681244222,1.0,0.0,128,53,8,1.0572610409468983e-15,0.0,0.0,0.000343917
glauber_square_grid_kasteleyn__gamma__p_0p5,8,180,5267537687326120699,0.16908320330523996,1.5618020061903723,1.5903911358303335,33.80257857313353,1.0,0.0,128,53,8,3.070254444497029e-15,0.0,0.0,0.000383333
glauber_square_grid_kasteleyn__gamma__p_0p5,8,181,1321958841790890807,0.24276030902138795,0.9122609466518301,0.9711935142879898,14.54037138890834,1.0,-0.0,128,53,8,8.351013954413297e-15,0.0,0.0,0.000285916
glauber_square_grid_kasteleyn__gamma__p_0p5,8,182,6753261929553905537,0.07502672390484316,0.3010290711215037,0.30665808042139725,24.963706266445662,1.0,-0.0,128,53,8,8.029262234710961e-16,0.0,0.0,0.000291541
glauber_square_grid_kasteleyn__gamma__p_0p5,8,183,5041843313801179496,-0.5771276689583558,1.9818688537656504,2.314945200042956,21.590530244091163,1.0,-0.0,128,53,8,4.77385818678068e-16,0.0,0.0,0.000286584
glauber_square_grid_kasteleyn__gamma__p_0p5,8,184,6866183654884271961,3.2361797427448042,2.4738066158850645,12.94666594323689,43.38298345880457,1.0,0.0,128,53,8,6.251991309059963e-16,0.0,0.0,0.000301375
glauber_square_grid_kasteleyn__gamma__p_0p5,8,185,1136274199746611070,-3.162520051559889,2.6486593576357107,12.650192434154075,26.818437411951955,1.0,0.0,128,53,8,2.7212528045172145e-14,0.0,0.0,0.000292042
glauber_square_grid_kasteleyn__gamma__p_0p5,8,186,760706567195774961,-0.19560681406487124,1.2678435433473145,1.3061055690559236,2.5047739949728385,1.0,-0.0,128,53,8,1.6308570569659287e-15,0.0,0.0,0.000289791
glauber_square_grid_kasteleyn__gamma__p_0p5,8,187,12866012249925828474,1.6645442143641342,3.8875484152287108,6.658255856801824,24.899110282378274,1.0,-0.0,128,53,8,4.127341790888231e-15,0.0,0.0,0.000288041
glauber_square_grid_kasteleyn__gamma__p_0p5,8,188,7010953803008223748,0.0036823290421897563,0.014725646818413153,0.014739206365588108,21.587324494126705,1.0,0.0,128,53,8,3.861800985612791e-15,0.0,0.0,0.00028925
glauber_square_grid_kasteleyn__gamma__p_0p5,8,189,9709947059458907548,0.11027606560010388,0.6079457548919747,0.6201065655362131,10.334077245634736,1.0,0.0,128,53,8,8.789673594694485e-16,0.0,0.0,0.000722125
glauber_square_grid_kasteleyn__gamma__p_0p5,8,190,9508917226076284357,3.4410840211141647,1.9276898067561798,13.768749047123409,14.406456759838845,1.0,-0.0,128,53,8,5.5716848820488845e-14,0.0,0.0,0.000281709
glauber_square_grid_kasteleyn__gamma__p_0p5,8,191,7811588327815357500,0.1990188362424945,3.844556894272736,3.884165391452053,4.409668034871363,1.0,-0.0,128,53,8,1.2270507272499671e-15,0.0,0.0,0.000290125
glauber_square_grid_kasteleyn__gamma__p_0p5,8,192,2477916560312387564,-0.159436060423654,5.5752253935748595,5.600645250938275,18.023888020616933,1.0,-0.0,128,53,8,1.535537155966774e-14,0.0,0.0,0.000293708
glauber_square_grid_kasteleyn__gamma__p_0p5,10,1,18386286671628159000,-0.07028646910886996,0.2986511792134406,0.30359136695323274,35.370206645390034,1.0,-0.0,200,53,10,6.552206626861644e-15,0.0,0.0,0.000763125
glauber_square_grid_kasteleyn__gamma__p_0p5,10,2,975257782215818372,1.5158919194448364,3.767653980954046,6.065582292392197,26.260676199167623,1.0,0.0,200,53,10,9.670620428355822e-16,0.0,0.0,0.000689292
glauber_square_grid_kasteleyn__gamma__p_0p5,10,3,3064859561067030349,2.8900806009745916,3.208728546199559,11.561294426329216,25.812106792491228,1.0,-0.0,200,53,10,4.1078902781129414e-14,0.0,0.0,0.000684
glauber_square_grid_kasteleyn__gamma__p_0p5,10,4,9881014341743309449,-3.3085496157119905,2.289910688441538,13.236411248069498,40.26526340940783,1.0,0.0,200,53,10,5.174584675286357e-14,0.0,0.0,0.000695042
glauber_square_grid_kasteleyn__gamma__p_0p5,10,5,14137527433379286131,-3.3494935290912697,2.1788910989854893,13.397998000409778,21.08872112453687,1.0,-0.0,200,53,10,1.172582028682439e-15,0.0,0.0,0.000708625
glauber_square_grid_kasteleyn__gamma__p_0p5,10,6,4987598278873782611,0.138025545111653,0.665800411570882,0.6848514626742509,24.167369766455163,1.0,-0.0,200,53,10,3.026956545709833e-15,0.0,0.0,0.000689542
glauber_square_grid_kasteleyn__gamma__p_0p5,10,7,7427278261711599853,-0.12835644986818412,0.5847171752225369,0.6011925534453005,19.836193590828152,1.0,0.0,200,53,10,6.611188155407391e-16,0.0,0.0,0.001057708
glauber_square_grid_kasteleyn__gamma__p_0p5,10,8,1380582139889526118,0.4367735259971718,1.5564419726023222,1.7472130856143242,40.68471244704306,1.0,0.0,200,53,10,7.469852909073299e-16,0.0,0.0,0.000689042
glauber_square_grid_kasteleyn__gamma__p_0p5,10,9,4596697687300969139,0.24706980416117788,0.9375770482727275,0.9986205364009703,-6.593633575299249,1.0,-0.0,200,53,10,1.6788782039073946e-15,0.0,0.0,0.000721
glauber_square_grid_kasteleyn__gamma__p_0p5,10,10,16831799971677928603,0.03656286625447017,0.14538444488184,0.14672128807058227,-5.041607016247905,1.0,0.0,200,53,10,1.8180612222199917e-14,0.0,0.0,0.00061775
glauber_square_grid_kasteleyn__gamma__p_0p5,10,11,10862924502286898685,-0.3822673793381992,1.4771858296251392,1.623314178931234,18.0413526129172,1.0,-0.0,200,53,10,1.1233752155478882e-15,0.0,0.0,0.000690333
glauber_square_grid_kasteleyn__gamma__p_0p5,10,12,17342085916981740206,-0.19611911715677843,0.8607344195902815,0.8991971277046357,23.482370960565706,1.0,-0.0,200,53,10,4.211655132954731e-15,0.0,0.0,0.0006765
glauber_square_grid_kasteleyn__gamma__p_0p5,10,13,10895909670603108095,0.14699634046089605,4.276475497093002,4.2980834212018975,25.656981125435387,1.0,-0.0,200,53,10,1.4751316807718168e-14,0.0,0.0,0.000936875
glauber_square_grid_kasteleyn__gamma__p_0p5,10,14,10011157402710140000,0.0940626280661315,1.0245991871774152,1.0334469651761224,17.090364568019783,1.0,0.0,200,53,10,2.526703798007011e-14,0.0,0.0,0.000637125
glauber_square_grid_kasteleyn__gamma__p_0p5,10,15,1012444696661867741,-0.0034875365544577153,0.023068614938945898,0.023080777850164578,24.86766104640065,1.0,0.0,200,53,10,6.916954734779175e-16,0.0,0.0,0.00079225
glauber_square_grid_kasteleyn__gamma__p_0p5,10,16,7486059556696791106,-1.0552769203779884,3.7597406843875865,4.8733500630700375,53.12519591884731,1.0,0.0,200,53,10,8.878399969695236e-16,0.0,0.0,0.000810417
glauber_square_grid_kasteleyn__gamma__p_0p5,10,17,17481523182630188576,-0.13484061102330586,1.005484327189483,1.0236663175706215,19.616053660305102,1.0,0.0,200,53,10,2.7898815346554433e-15,0.0,0.0,0.000670917
glauber_square_grid_kasteleyn__gamma__p_0p5,10,18,10751340710286067403,-1.5077735389568871,6.223868113461544,8.49724915824012,24.48428175448295,1.0,0.0,200,53,10,2.744686023665968e-14,0.0,0.0,0.000680416
glauber_square_grid_kasteleyn__gamma__p_0p5,10,19,7517151389518119365,3.9220955097520176,0.3055499941665787,15.688383181783518,28.134616012466438,1.0,-0.0,200,53,10,1.6176493881887033e-15,0.0,0.0,0.000971459
glauber_square_grid_kasteleyn__gamma__p_0p5,10,20,9450361109982366133,-0.025047533674804612,0.13823514492571604,0.13886252386890652,22.308060082718843,1.0,0.0,200,53,10,2.891126470545102e-14,0.0,0.0,0.000878292
glauber_square_grid_kasteleyn__gamma__p_0p5,10,21,14751511652891065305,1.3762758000684288,3.7523952826301414,5.646530360484135,19.940631856060048,1.0,0.0,200,53,10,3.158396069395442e-15,0.0,0.0,0.000777208
glauber_square_grid_kasteleyn__gamma__p_0p5,10,22,17077058134515537515,-1.2663053287940167,3.56455278939298,5.168081975125102,44.74501800960831,1.0,-0.0,200,53,10,9.254649858479363e-16,0.0,0.0,0.002568625
glauber_square_grid_kasteleyn__gamma__p_0p5,10,23,7482145831305178330,0.47260142686660334,1.6793567376278677,1.9027088463042172,31.595587282901313,1.0,0.0,200,53,10,2.6406626460021986e-15,0.0,0.0,0.000653292
glauber_square_grid_kasteleyn__gamma__p_0p5,10,24,18425679798251629243,-2.147592374294028,3.9830925608919303,8.595245567017791,50.29847949239454,1.0,-0.0,200,53,10,1.6370602659913193e-15,0.0,0.0,0.001057417
glauber_square_grid_kasteleyn__gamma__p_0p5,10,25,297087047967807337,0.9495950096346015,3.2504017190484005,4.15213240137134,38.19850811448867,1.0,0.0,200,53,10,5.5480450526683725e-15,0.0,0.0,0.000627792
glauber_square_grid_kasteleyn__gamma__p_0p5,10,26,14816747089617728732,-0.9922390605926342,2.9847851099040352,3.9693234632697885,59.430059002949825,1.0,-0.0,200,53,10,7.243755188584635e-15,0.0,0.0,0.000677292
glauber_square_grid_kasteleyn__gamma__p_0p5,10,27,1153242348985868668,0.516458583518993,1.8074544046345569,2.0741838731250013,36.36418376375128,1.0,0.0,200,53,10,7.943304991142553e-15,0.0,0.0,0.000675416
glauber_square_grid_kasteleyn__gamma__p_0p5,10,28,8135145705348222652,0.06678226182537618,0.410529014645906,0.4149888851404191,50.88381262017881,1.0,-0.0,200,53,10,2.3477937754905365e-15,0.0,0.0,0.000653958
glauber_square_grid_kasteleyn__gamma__p_0p5,10,29,14111893133706131333,-3.0013697535419137,3.0073992124852795,12.015619609961526,45.05211795495754,1.0,-0.0,200,53,10,3.1392662257790405e-15,0.0,0.0,0.000662834
glauber_square_grid_kasteleyn__gamma__p_0p5,10,30,14875369294518370305,0.2005161385014849,0.7635914965465066,0.8037982183460533,32.91305429346219,1.0,-0.0,200,53,10,1.0355657394687461e-15,0.0,0.0,0.000913125
glauber_square_grid_kasteleyn__gamma__p_0p5,10,31,2453174077733046488,0.22228446498911292,0.8397326523450196,0.8891430357205158,14.239205387289847,1.0,-0.0,200,53,10,3.10435296017368e-14,0.0,0.0,0.000612208
glauber_square_grid_kasteleyn__gamma__p_0p5,10,32,16698046077426088632,2.2609085886923124,3.9357605478835516,9.047468194306216,30.526294459923097,1.0,-0.0,200,53,10,4.794882167931322e-15,0.0,0.0,0.000611459
glauber_square_grid_kasteleyn__gamma__p_0p5,10,33,9380356174447448181,-1.033414664325002,3.122108109816083,4.19005397825804,-6.229989724942744,1.0,-0.0,200,53,10,3.942955299264379e-14,0.0,0.0,0.000661792
glauber_square_grid_kasteleyn__gamma__p_0p5,10,34,18354170053100847812,-0.1475184001807488,0.5836187270152444,0.605380405407132,41.92401470552028,1.0,-0.0,200,53,10,6.095646370213698e-15,0.0,0.0,0.000659708
glauber_square_grid_kasteleyn__gamma__p_0p5,10,35,7817470823387401876,3.3231906759577496,2.249793391817013,13.293389660589538,31.545817758498984,1.0,-0.0,200,53,10,1.5186319971594685e-15,0.0,0.0,0.000989458
glauber_square_grid_kasteleyn__gamma__p_0p5,10,36,1747260535563750440,2.871757545640395,3.2451733863013987,11.492164787243945,53.08139014468308,1.0,0.0,200,53,10,2.8492136696080345e-15,0.0,0.0,0.000653333
glauber_square_grid_kasteleyn__gamma__p_0p5,10,37,15481420507493215754,0.0024004486622559848,0.010030558344451952,0.010036320498232078,45.989007125889074,1.0,0.0,200,53,10,2.622869005066968e-15,0.0,0.0,0.000747042
glauber_square_grid_kasteleyn__gamma__p_0p5,10,38,12507356852338730488,-3.262145339854067,2.4076027399107125,13.04919495824232,16.29627237147201,1.0,-0.0,200,53,10,8.438775959897365e-16,0.0,0.0,0.000777
glauber_square_grid_kasteleyn__gamma__p_0p5,10,39,12113520546149976284,0.9681374033896293,4.228150513205201,5.165440545047215,41.81812003568687,1.0,-0.0,200,53,10,2.672911482682816e-15,0.0,0.0,0.000813917
glauber_square_grid_kasteleyn__gamma__p_0p5,10,40,3504508621557285353,1.6071517930471424,3.8892761341011077,6.472213019995753,42.792327507957324,1.0,0.0,200,53,10,2.5755197728688356e-15,0.0,0.0,0.000664292
glauber_square_grid_kasteleyn__gamma__p_0p5,10,41,7010569223075861920,-0.7557890656645798,2.558772011612912,3.1299891233910504,31.580708398057954,1.0,0.0,200,53,10,4.35726762867148e-15,0.0,0.0,0.001080208
glauber_square_grid_kasteleyn__gamma__p_0p5,10,42,1976034232259697289,-0.13803652433948793,1.4991746969244002,1.5182287789761262,30.672102928232952,1.0,-0.0,200,53,10,1.077648930616198e-14,0.0,0.0,0.001043959
glauber_square_grid_kasteleyn__gamma__p_0p5,10,43,2415816275599760267,0.23132435548494665,0.8836705238122022,0.9371814812527282,36.715278328628614,1.0,-0.0,200,53,10,1.156530168268062e-15,0.0,0.0,0.000667666
glauber_square_grid_kasteleyn__gamma__p_0p5,10,44,5537018735364814885,0.08968575110568722,0.56302713489416,0.5710706688455512,27.562204420174364,1.0,-0.0,200,53,10,1.967778759404702e-15,0.0,0.0,0.000637625
glauber_square_grid_kasteleyn__gamma__p_0p5,10,45,13858706792293371442,-0.18021880234954407,0.7842711407624656,0.8167499574827697,29.424650257916255,1.0,0.0,200,53,10,3.663129417437396e-15,0.0,0.0,0.000649791
glauber_square_grid_kasteleyn__gamma__p_0p5,10,46,5461427310612583797,0.016090491765925197,0.5212201825958949,0.5214790865211641,28.42642954068815,1.0,-0.0,200,53,10,9.631347038218968e-15,0.0,0.0,0.001341792
glauber_square_grid_kasteleyn__gamma__p_0p5,10,47,16408555139613371684,0.018308496097021038,0.07313198729618695,0.07346718832552158,47.79716920790398,1.0,-0.0,200,53,10,6.038603082944885e-16,0.0,0.0,0.000615666
glauber_square_grid_kasteleyn__gamma__p_0p5,10,48,457868482968312239,-0.8132834815094192,2.6022240850695484,3.2636541063656304,35.632385955404054,1.0,0.0,200,53,10,8.920912603630636e-14,0.0,0.0,0.000610791
glauber_square_grid_kasteleyn__gamma__p_0p5,10,49,6105609199563585269,-0.04311745065291239,0.6377109361600661,0.6395700507108725,23.138491973735366,1.0,-0.0,200,53,10,3.0340994505360083e-14,0.0,0.0,0.000685875
glauber_square_grid_kasteleyn__gamma__p_0p5,10,50,2623738666722758895,-0.07944965623238875,0.318037373907442,0.3243496217828868,39.40123104724662,1.0,0.0,200,53,10,7.228708467717921e-16,0.0,0.0,0.000640083
glauber_square_grid_kasteleyn__gamma__p_0p5,10,51,11289137133826556989,-0.05342912059967456,0.27157008360486723,0.2744247545329218,24.019451913934454,1.0,0.0,200,53,10,1.0841453564832412e-12,0.0,0.0,0.00066925
glauber_square_grid_kasteleyn__gamma__p_0p5,10,52,15662528923520653323,0.028403420251495004,2.413791186031536,2.414597940313519,39.187702387348395,1.0,-0.0,200,53,10,1.7183007143958266e-15,0.0,0.0,0.000917833
glauber_square_grid_kasteleyn__gamma__p_0p5,10,53,6848500593856998296,0.1052454128891877,0.5410081329001146,0.5520847298343302,52.78293097948791,1.0,0.0,200,53,10,6.510356733060264e-16,0.0,0.0,0.000612708
glauber_square_grid_kasteleyn__gamma__p_0p5,10,54,6097000619954035212,-0.17518521763899828,0.7893244323936688,0.820014292872892,37.65239755427884,1.0,0.0,200,53,10,8.251317185445702e-16,0.0,0.0,0.000628833
glauber_square_grid_kasteleyn__gamma__p_0p5,10,55,2654528486242212329,3.2271937154985793,2.4953249218831046,12.91010419923663,29.310205547928156,1.0,0.0,200,53,10,3.753474054555049e-15,0.0,0.0,0.000661
glauber_square_grid_kasteleyn__gamma__p_0p5,10,56,5021310630283581280,0.17705338010561422,2.43836817621046,2.469716075617283,7.301461412443484,1.0,0.0,200,53,10,1.228364875646574e-14,0.0,0.0,0.0006615
glauber_square_grid_kasteleyn__gamma__p_0p5,10,57,15274406878868313586,0.18069990234344552,0.7048786513234844,0.7375311060304152,31.17386012646863,1.0,-0.0,200,53,10,7.31670165123769e-15,0.0,0.0,0.001036917
glauber_square_grid_kasteleyn__gamma__p_0p5,10,58,51079883501275139,8.023241964624783e-5,0.00036711642996582305,0.00036712286720698537,44.14629634759111,1.0,0.0,200,53,10,1.7221983359550001e-15,0.0,0.0,0.000691542
glauber_square_grid_kasteleyn__gamma__p_0p5,10,59,8728432297242731184,2.509864327437633,3.8177249980927295,10.11714394023669,25.922771720614726,1.0,0.0,200,53,10,8.87372763334673e-15,0.0,0.0,0.00068775
glauber_square_grid_kasteleyn__gamma__p_0p5,10,60,12013174057215544576,-0.5670988166828494,1.9685198381823583,2.2901209060654466,1.7154331707215074,1.0,-0.0,200,53,10,2.5569947260677756e-14,0.0,0.0,0.0006875
glauber_square_grid_kasteleyn__gamma__p_0p5,10,61,15158818011607414760,0.0036212075291173207,0.033043946445585407,0.03305705958955434,39.42160412653016,1.0,-0.0,200,53,10,7.321223661574761e-16,0.0,0.0,0.000721458
glauber_square_grid_kasteleyn__gamma__p_0p5,10,62,10179614416575411168,-3.5253999539099565,1.6737829951138468,14.10222783014217,5.190093805541696,1.0,-0.0,200,53,10,5.2936900973630654e-15,0.0,0.0,0.000684584
glauber_square_grid_kasteleyn__gamma__p_0p5,10,63,13856460115661181877,0.7644168402187069,2.4734329070128105,3.0577660126227624,46.52113508498791,1.0,0.0,200,53,10,2.9950977391306967e-15,0.0,0.0,0.001046083
glauber_square_grid_kasteleyn__gamma__p_0p5,10,64,16434294127858305467,-1.9263367147857113,4.07424995221756,7.785023090948966,33.42707973023492,1.0,-0.0,200,53,10,1.1653327467167286e-15,0.0,0.0,0.000765333
glauber_square_grid_kasteleyn__gamma__p_0p5,10,65,1697807218165517287,0.38507257982486637,1.8756432410254895,2.0239241327584674,43.57538182613502,1.0,-0.0,200,53,10,9.842087584951466e-16,0.0,0.0,0.000652667
glauber_square_grid_kasteleyn__gamma__p_0p5,10,66,6214512054286346103,-0.7508227010395663,2.4543507929746275,3.0180855213709776,33.06887336541296,1.0,-0.0,200,53,10,6.715856676513647e-16,0.0,0.0,0.000674
glauber_square_grid_kasteleyn__gamma__p_0p5,10,67,11497487908715655894,0.060135168326328425,0.27416557483334497,0.27778181330298085,34.6616355603265,1.0,-0.0,200,53,10,6.547832869802704e-15,0.0,0.0,0.000683958
glauber_square_grid_kasteleyn__gamma__p_0p5,10,68,7105424553000379600,2.9854573895651413,3.1204417111177833,12.033397536026891,20.380584825834124,1.0,0.0,200,53,10,1.6347192581100427e-15,0.0,0.0,0.001223
glauber_square_grid_kasteleyn__gamma__p_0p5,10,69,12052195758169118795,0.503477006352911,1.773487377967214,2.026976473893303,34.53328085159907,1.0,-0.0,200,53,10,1.1050962478436744e-14,0.0,0.0,0.001148833
glauber_square_grid_kasteleyn__gamma__p_0p5,10,70,153163445819879642,0.14947004081750762,0.5984461026663075,0.6207873957682949,34.75256654431058,1.0,0.0,200,53,10,5.739695488256394e-15,0.0,0.0,0.0006825
glauber_square_grid_kasteleyn__gamma__p_0p5,10,71,2677980987164355441,2.828777613884247,3.348054696644338,11.350037485456992,48.60166847682764,1.0,-0.0,200,53,10,1.0023154458366166e-14,0.0,0.0,0.000667667
glauber_square_grid_kasteleyn__gamma__p_0p5,10,72,12416971113143006635,-0.9012076724984147,2.9560027416261954,3.7681780105962055,18.590118096416724,1.0,-0.0,200,53,10,4.528029336744601e-14,0.0,0.0,0.000711625
glauber_square_grid_kasteleyn__gamma__p_0p5,10,73,1989230661380900263,-0.4402485608897715,1.5930154511843178,1.7868342465498326,32.61467256871791,1.0,-0.0,200,53,10,2.004315390082285e-14,0.0,0.0,0.000678375
glauber_square_grid_kasteleyn__gamma__p_0p5,10,74,16641682984801470090,-0.18168708524624497,0.7272341169512527,0.760244313896529,31.320321495463403,1.0,-0.0,200,53,10,1.106620896690307e-12,0.0,0.0,0.000941084
glauber_square_grid_kasteleyn__gamma__p_0p5,10,75,14113453273328105468,2.610438209046838,3.649152236890878,10.463539880142541,3.349918168220087,1.0,-0.0,200,53,10,5.914796907542011e-14,0.0,0.0,0.000620041
glauber_square_grid_kasteleyn__gamma__p_0p5,10,76,8659636715773050046,3.52955102639678,1.6605472843619116,14.118277732300474,32.71778422408095,1.0,-0.0,200,53,10,1.446809597916097e-13,0.0,0.0,0.000619958
glauber_square_grid_kasteleyn__gamma__p_0p5,10,77,8817555540348377075,0.06301229931664176,0.248459813226104,0.25243036309127403,44.07204013395139,1.0,0.0,200,53,10,2.3730033744227525e-15,0.0,0.0,0.000775792
glauber_square_grid_kasteleyn__gamma__p_0p5,10,78,659465307151474524,-3.9961287093335005,0.03684270175542492,16.00588736331485,33.7668078974142,1.0,-0.0,200,53,10,2.0769584114455766e-15,0.0,0.0,0.000663416
glauber_square_grid_kasteleyn__gamma__p_0p5,10,79,11486597200431428348,-0.7003933873207111,2.4994544440490625,2.990005341051642,40.93113484800519,1.0,-0.0,200,53,10,2.657374750366119e-13,0.0,0.0,0.000914333
glauber_square_grid_kasteleyn__gamma__p_0p5,10,80,15800524687191178640,-0.02049077947783351,0.08163387841398667,0.08205375045759587,32.76830134647866,1.0,-0.0,200,53,10,5.1612519134772686e-15,0.0,0.0,0.000618459
glauber_square_grid_kasteleyn__gamma__p_0p5,10,81,8235109950508561231,-0.12129872387314482,0.47778460187928656,0.49249798229254,35.67275722207912,1.0,0.0,200,53,10,1.466676825810714e-14,0.0,0.0,0.00068875
glauber_square_grid_kasteleyn__gamma__p_0p5,10,82,5235681956546963045,1.5263088399051483,3.8333521992637074,6.162970874036307,23.682728711281644,1.0,0.0,200,53,10,1.4281639794527074e-14,0.0,0.0,0.000689083
glauber_square_grid_kasteleyn__gamma__p_0p5,10,83,5854144076131928852,-0.8851326255360683,2.8276242052876253,3.611083970075999,44.49966306434001,1.0,-0.0,200,53,10,2.3247527569483165e-15,0.0,0.0,0.000690875
glauber_square_grid_kasteleyn__gamma__p_0p5,10,84,5180160321213788104,-2.311083506232226,3.9032638089746197,9.244370781753258,38.186515830410784,1.0,-0.0,200,53,10,4.987849665336339e-14,0.0,0.0,0.000716083
glauber_square_grid_kasteleyn__gamma__p_0p5,10,85,4714831870265815172,0.9204960761527476,2.989788214601878,3.8371012408144827,21.18103954254102,1.0,0.0,200,53,10,8.360997659379258e-14,0.0,0.0,0.001325875
glauber_square_grid_kasteleyn__gamma__p_0p5,10,86,7641009240727900616,-0.7420327044995951,2.417808518725981,2.968421053272964,29.278966797828875,1.0,0.0,200,53,10,5.291874358441428e-14,0.0,0.0,0.000849334
glauber_square_grid_kasteleyn__gamma__p_0p5,10,87,14555632113742878286,-0.10957692693443082,0.4275614263242019,0.4395685292405955,25.929018691703355,1.0,-0.0,200,53,10,7.665155782983008e-16,0.0,0.0,0.001013792
glauber_square_grid_kasteleyn__gamma__p_0p5,10,88,10406831380791934240,-0.006352722077488604,0.0498417058376132,0.04988206291540701,35.691517289399286,1.0,-0.0,200,53,10,9.206041822494702e-16,0.0,0.0,0.00082675
glauber_square_grid_kasteleyn__gamma__p_0p5,10,89,4491193382766143946,-0.0317657395684909,0.1338444036833215,0.1348534658936547,27.9490282473524,1.0,-0.0,200,53,10,2.866023640956631e-15,0.0,0.0,0.000893958
glauber_square_grid_kasteleyn__gamma__p_0p5,10,90,17518190884667323760,-0.09728658250475666,0.6801732039629136,0.6896378830983684,5.91542225523984,1.0,-0.0,200,53,10,1.826015049261788e-15,0.0,0.0,0.001066
glauber_square_grid_kasteleyn__gamma__p_0p5,10,91,10245768155831407451,0.0559543667521563,0.2208084723875125,0.22393936354614732,45.2861565826806,1.0,0.0,200,53,10,1.869695214927627e-15,0.0,0.0,0.000633959
glauber_square_grid_kasteleyn__gamma__p_0p5,10,92,8827638354316591100,1.5938884618741866,3.860375221682226,6.400855650577887,44.059336586650815,1.0,0.0,200,53,10,2.317056652895155e-15,0.0,0.0,0.000649
glauber_square_grid_kasteleyn__gamma__p_0p5,10,93,4892802457695628207,-1.4478499548208108,3.7079811592730447,5.804250650947669,31.132748134567795,1.0,-0.0,200,53,10,1.455332770148299e-15,0.0,0.0,0.000651209
glauber_square_grid_kasteleyn__gamma__p_0p5,10,94,638706263246452860,0.09942800375820884,0.6065979780158852,0.6164839059472276,11.593111644077352,1.0,-0.0,200,53,10,4.9249493711510204e-15,0.0,0.0,0.000657417
glauber_square_grid_kasteleyn__gamma__p_0p5,10,95,9573496299466890953,-0.16896969195599998,1.1649257974123102,1.1934765542120156,18.8893753581877,1.0,0.0,200,53,10,8.941912781007418e-16,0.0,0.0,0.000658583
glauber_square_grid_kasteleyn__gamma__p_0p5,10,96,5178349254398142721,0.01581395567464374,0.15304851457075241,0.153298595764832,24.430074220007526,1.0,0.0,200,53,10,1.2091643320853313e-13,0.0,0.0,0.000858292
glauber_square_grid_kasteleyn__gamma__p_0p5,10,97,4908913092679741653,-0.5701122134331484,1.9561171849147303,2.281145120820374,9.446291010532446,1.0,0.0,200,53,10,6.019950628915223e-14,0.0,0.0,0.000675666
glauber_square_grid_kasteleyn__gamma__p_0p5,10,98,7154769375740732454,2.023136440749415,4.000041240833216,8.093122298721426,31.800437032790086,1.0,-0.0,200,53,10,8.272052427275963e-15,0.0,0.0,0.0006805
glauber_square_grid_kasteleyn__gamma__p_0p5,10,99,6030835832779722307,-3.8886258784200116,0.4343423162889588,15.555753538606766,33.021622608423066,1.0,0.0,200,53,10,9.157242366751249e-16,0.0,0.0,0.000685125
glauber_square_grid_kasteleyn__gamma__p_0p5,10,100,7692638135129018998,-2.6050939495857373,3.6362883634661816,10.422802849634397,42.808652494337075,1.0,-0.0,200,53,10,2.4837047009274997e-14,0.0,0.0,0.000995708
glauber_square_grid_kasteleyn__gamma__p_0p5,10,101,7607838771755358146,0.007759820931054685,0.05392165956695844,0.053981874387840474,32.774947914137485,1.0,-0.0,200,53,10,1.4733660082418573e-15,0.0,0.0,0.001050958
glauber_square_grid_kasteleyn__gamma__p_0p5,10,102,6704439655003822312,-0.07380951669699984,0.29094559995483654,0.2963934447098812,26.436153896669843,1.0,-0.0,200,53,10,3.364868159362537e-15,0.0,0.0,0.000636542
glauber_square_grid_kasteleyn__gamma__p_0p5,10,103,8937520234727185521,1.1657269158013923,3.312566001171673,4.671485243395499,34.162593577012245,1.0,0.0,200,53,10,1.132727349598548e-14,0.0,0.0,0.000636
glauber_square_grid_kasteleyn__gamma__p_0p5,10,104,12751789832742854767,-0.28170209416148806,1.057215433533679,1.1365715033886468,63.515186702981495,1.0,-0.0,200,53,10,5.465083155264186e-16,0.0,0.0,0.0007195
glauber_square_grid_kasteleyn__gamma__p_0p5,10,105,10802743672266618877,0.10742627120077514,1.7182015672160786,1.7297419709601811,30.85725391739405,1.0,0.0,200,53,10,8.60217959693331e-15,0.0,0.0,0.00065525
glauber_square_grid_kasteleyn__gamma__p_0p5,10,106,9404981646213314904,0.04217665779784074,0.27381595845009615,0.27559482891309234,48.299580408019466,1.0,-0.0,200,53,10,2.9052299312841008e-15,0.0,0.0,0.000664292
glauber_square_grid_kasteleyn__gamma__p_0p5,10,107,7847914320063163855,3.583263539730511,1.5034409449924062,14.343218540154437,43.74933255734025,1.0,-0.0,200,53,10,1.3002925506005521e-15,0.0,0.0,0.001185959
glauber_square_grid_kasteleyn__gamma__p_0p5,10,108,1878172817723025543,-0.6732316932776401,2.435060925824252,2.88830183865773,45.12245687205609,1.0,0.0,200,53,10,4.628881773438578e-15,0.0,0.0,0.000626166
glauber_square_grid_kasteleyn__gamma__p_0p5,10,109,6638061034704225801,-0.35465994386090144,1.296854879388654,1.4226385551680718,34.257005969653235,1.0,-0.0,200,53,10,4.074234005333472e-15,0.0,0.0,0.00064075
glauber_square_grid_kasteleyn__gamma__p_0p5,10,110,14851402751252615361,-2.9981170093798437,3.0424615592247584,12.031167161157496,21.409109283283208,1.0,-0.0,200,53,10,3.0907602960017335e-15,0.0,0.0,0.000676583
glauber_square_grid_kasteleyn__gamma__p_0p5,10,111,4411094197235889362,3.0390531043489286,2.9210426524850694,12.15688642353793,19.17657944085558,1.0,-0.0,200,53,10,4.751987305767412e-14,0.0,0.0,0.000683084
glauber_square_grid_kasteleyn__gamma__p_0p5,10,112,17276520031839147214,-3.8266866877575856,0.6658767849275967,15.309407791188718,43.317404957504806,1.0,-0.0,200,53,10,5.492185633320779e-15,0.0,0.0,0.000840417
glauber_square_grid_kasteleyn__gamma__p_0p5,10,113,13046469466444050726,-0.13626685369391112,0.5285922193512649,0.5471608747669027,4.686920264161158,1.0,-0.0,200,53,10,8.727271119353256e-16,0.0,0.0,0.000615709
glauber_square_grid_kasteleyn__gamma__p_0p5,10,114,8446548492737295823,-0.07681937178045073,4.890823229556942,4.896724445437685,4.130397825857717,1.0,0.0,200,53,10,3.912108036375302e-15,0.0,0.0,0.000650792
glauber_square_grid_kasteleyn__gamma__p_0p5,10,115,17919990119611899669,1.986737174259056,4.006189328647204,7.953313928230063,12.261015044530966,1.0,-0.0,200,53,10,3.4214173854211285e-14,0.0,0.0,0.000665959
glauber_square_grid_kasteleyn__gamma__p_0p5,10,116,4066406198179885211,0.3352770633876786,1.4080886855254806,1.5204993947593461,37.07712330039165,1.0,-0.0,200,53,10,2.9859548004618974e-14,0.0,0.0,0.0006805
glauber_square_grid_kasteleyn__gamma__p_0p5,10,117,16131149170200611777,-0.616335893837755,4.338498775210551,4.718368709243336,34.865211600605654,1.0,0.0,200,53,10,2.2080716371964085e-14,0.0,0.0,0.000635125
glauber_square_grid_kasteleyn__gamma__p_0p5,10,118,1279257435923969748,-0.005484472030121542,0.03594249721252078,0.03597257664596997,24.605518121581863,1.0,0.0,200,53,10,2.852252896204056e-15,0.0,0.0,0.000938291
glauber_square_grid_kasteleyn__gamma__p_0p5,10,119,10215667878752018527,0.2721749768969995,1.0284068617313271,1.1024860797802094,47.14323481379248,1.0,-0.0,200,53,10,1.1043864965642516e-14,0.0,0.0,0.001665875
glauber_square_grid_kasteleyn__gamma__p_0p5,10,120,13438088225402125712,-0.11188751059644267,0.44287744627946046,0.45539626130692956,25.220087871846907,1.0,-0.0,200,53,10,3.0992362641256086e-15,0.0,0.0,0.000859834
glauber_square_grid_kasteleyn__gamma__p_0p5,10,121,7293610706685228942,-0.037507762456823635,3.2715977107102585,3.273004542954776,27.768107761971827,1.0,0.0,200,53,10,1.2105139798012417e-15,0.0,0.0,0.002621959
glauber_square_grid_kasteleyn__gamma__p_0p5,10,122,14236236029862229918,0.6124303348802206,2.1368408009235456,2.5119117160050446,9.119626237649681,1.0,0.0,200,53,10,7.551899539973206e-16,0.0,0.0,0.000670375
glauber_square_grid_kasteleyn__gamma__p_0p5,10,123,17842943239071605908,0.22632792399914237,0.8811482737738383,0.9323726029555999,49.5582245934845,1.0,0.0,200,53,10,4.022832536602976e-15,0.0,0.0,0.000997125
glauber_square_grid_kasteleyn__gamma__p_0p5,10,124,17857209835966212337,-1.4692137737738575,4.22466159565277,6.38325070869959,13.467134899447196,1.0,0.0,200,53,10,1.0244886412294816e-15,0.0,0.0,0.000618083
glauber_square_grid_kasteleyn__gamma__p_0p5,10,125,14160741921235969231,0.12405167107937942,0.4808179298194741,0.4962067469170606,43.58622391979675,1.0,0.0,200,53,10,5.641725537603924e-15,0.0,0.0,0.000633709
glauber_square_grid_kasteleyn__gamma__p_0p5,10,126,7996221435323451099,-0.0007205266931135865,0.003487558369129065,0.003488077527844554,13.721065605521202,1.0,-0.0,200,53,10,2.7362526909174702e-15,0.0,0.0,0.000659416
glauber_square_grid_kasteleyn__gamma__p_0p5,10,127,12544436315394769671,-0.0006497652934086603,0.01725996149958726,0.01726038369452378,35.15507723479333,1.0,0.0,200,53,10,7.656276491412847e-15,0.0,0.0,0.000647625
glauber_square_grid_kasteleyn__gamma__p_0p5,10,128,17857106405907201725,2.070161074363977,3.9950823319106985,8.280649205722513,34.5789973447286,1.0,0.0,200,53,10,1.1440666456223397e-15,0.0,0.0,0.000798792
glauber_square_grid_kasteleyn__gamma__p_0p5,12,1,13662626704092478131,-1.7137600379862943,3.9623344760527397,6.899307943851524,61.18814215512176,1.0,0.0,288,53,12,4.858995249141968e-15,0.0,0.0,0.001872
glauber_square_grid_kasteleyn__gamma__p_0p5,12,2,17189247909633678775,2.3742538742240615,3.8679195457923106,9.505001005060276,64.07112477841247,1.0,-0.0,288,53,12,2.5920579204392734e-15,0.0,0.0,0.001939
glauber_square_grid_kasteleyn__gamma__p_0p5,12,3,16749957393162479750,-1.3129680416669753,4.605908562975026,6.329793641413838,52.55152813872416,1.0,-0.0,288,53,12,7.361265040189428e-13,0.0,0.0,0.004947208
glauber_square_grid_kasteleyn__gamma__p_0p5,12,4,12052173748391073294,0.059134954622339385,0.23427144290718557,0.2377683857653717,69.50420372529842,1.0,-0.0,288,53,12,1.4317636618805915e-15,0.0,0.0,0.001970875
glauber_square_grid_kasteleyn__gamma__p_0p5,12,5,16571017521569471536,-0.059500935490268685,0.28026381591407196,0.28380417723828905,29.154625129670762,1.0,-0.0,288,53,12,3.59097150099188e-15,0.0,0.0,0.002152333
glauber_square_grid_kasteleyn__gamma__p_0p5,12,6,418895238407515706,-0.00432492778080773,0.4527295613229955,0.4527482663233047,60.28256371410748,1.0,0.0,288,53,12,1.4480490717978648e-15,0.0,0.0,0.001315
glauber_square_grid_kasteleyn__gamma__p_0p5,12,7,7622264114544431973,-1.1580413970256878,3.2932563834541426,4.634316260679349,51.22667183214969,1.0,0.0,288,53,12,4.2861836534663476e-14,0.0,0.0,0.001508584
glauber_square_grid_kasteleyn__gamma__p_0p5,12,8,15872111177308283197,-0.96733117219215,3.4306935450945186,4.3664231417891575,30.21311411122116,1.0,0.0,288,53,12,4.135011551189031e-16,0.0,0.0,0.001240875
glauber_square_grid_kasteleyn__gamma__p_0p5,12,9,7804177220945066085,1.800083106555322,4.148890954739457,7.3891901452453155,33.4842036889376,1.0,-0.0,288,53,12,3.930724195765651e-15,0.0,0.0,0.00128925
glauber_square_grid_kasteleyn__gamma__p_0p5,12,10,13773186812076140959,0.5086154082405775,1.8208842421773654,2.0795738756770947,40.86414238156109,1.0,0.0,288,53,12,5.755593749590557e-15,0.0,0.0,0.001476542
glauber_square_grid_kasteleyn__gamma__p_0p5,12,11,15512375545327536580,0.9953830139247702,3.0144486979324077,4.005236042342367,76.17474937074351,1.0,0.0,288,53,12,2.7893136674152433e-15,0.0,0.0,0.001201
glauber_square_grid_kasteleyn__gamma__p_0p5,12,12,2957609836892744732,0.02194488045465888,0.0896479666187251,0.09012954439689437,51.98946373209099,1.0,-0.0,288,53,12,7.957931130435325e-15,0.0,0.0,0.002198625
glauber_square_grid_kasteleyn__gamma__p_0p5,12,13,6627935800459869467,0.7638571476864512,2.582850382088128,3.1663281241598087,48.47752117317259,1.0,-0.0,288,53,12,1.3399930310643333e-15,0.0,0.0,0.003614083
glauber_square_grid_kasteleyn__gamma__p_0p5,12,14,16535957211350773035,0.01328085276186064,0.15671967348135243,0.15689605453143465,5.949694166600763,1.0,0.0,288,53,12,9.743698747248286e-15,0.0,0.0,0.001280291
glauber_square_grid_kasteleyn__gamma__p_0p5,12,15,7877163024185045754,-0.3906335198698032,1.4460473910435208,1.5986419378893928,44.001203995085156,1.0,-0.0,288,53,12,8.297456459976461e-13,0.0,0.0,0.001213541
glauber_square_grid_kasteleyn__gamma__p_0p5,12,16,16028085354706000936,-1.3237861666228756,3.565901275609874,5.318311090551962,35.69337959873298,1.0,0.0,288,53,12,1.3685658596345722e-12,0.0,0.0,0.001684834
glauber_square_grid_kasteleyn__gamma__p_0p5,12,17,4477700991258611071,0.040921840236963145,0.28783342835441444,0.28950802536279396,50.51476062047948,1.0,-0.0,288,53,12,1.5560667497441994e-14,0.0,0.0,0.001310125
glauber_square_grid_kasteleyn__gamma__p_0p5,12,18,11511481360887022883,-3.1877716749453895,2.589211953372605,12.751100204956739,60.69038502404062,1.0,0.0,288,53,12,4.4109821139470837e-14,0.0,0.0,0.001305542
glauber_square_grid_kasteleyn__gamma__p_0p5,12,19,9301593777760362479,3.426315527754289,1.9874155632222,13.727053658952352,59.39981351774342,1.0,-0.0,288,53,12,7.574299363710033e-15,0.0,0.0,0.00164125
glauber_square_grid_kasteleyn__gamma__p_0p5,12,20,14216839614351271547,-0.0010606830859345162,0.01091344623610347,0.010914571284712259,66.65964590364698,1.0,-0.0,288,53,12,5.690401245609494e-14,0.0,0.0,0.00124875
glauber_square_grid_kasteleyn__gamma__p_0p5,12,21,4916429659385338579,0.11072467476238113,0.9331601300858423,0.9454200836870774,50.756120835636004,1.0,0.0,288,53,12,6.343372747188701e-15,0.0,0.0,0.001924042
glauber_square_grid_kasteleyn__gamma__p_0p5,12,22,2240749354988150936,1.4823972636376754,4.4030611462735525,6.600562793514021,43.04628872291772,1.0,-0.0,288,53,12,2.5376367619316397e-15,0.0,0.0,0.00204775
glauber_square_grid_kasteleyn__gamma__p_0p5,12,23,14022420472194434129,-0.0012296113165021494,0.02106123269500926,0.02106274463899893,55.069285112573546,1.0,0.0,288,53,12,2.9814225097487574e-14,0.0,0.0,0.001289042
glauber_square_grid_kasteleyn__gamma__p_0p5,12,24,1593408091221081467,-2.127697173080109,4.849076532382959,9.376171792716047,18.104537929588645,1.0,0.0,288,53,12,6.776484690510597e-15,0.0,0.0,0.00123875
glauber_square_grid_kasteleyn__gamma__p_0p5,12,25,8248639304365935923,0.013112548703609313,0.08010814431170636,0.08028008324521088,29.9037224702966,1.0,-0.0,288,53,12,1.4601029421328668e-15,0.0,0.0,0.001686792
glauber_square_grid_kasteleyn__gamma__p_0p5,12,26,8977800824338286119,1.1069838705591137,3.2041656612691254,4.429578950947162,35.73915086421134,1.0,0.0,288,53,12,2.7164058508481877e-16,0.0,0.0,0.001240916
glauber_square_grid_kasteleyn__gamma__p_0p5,12,27,14565403608000525840,0.6416769371286509,2.158302438687095,2.5700517303299018,16.739012371308544,1.0,-0.0,288,53,12,2.4970227198024913e-15,0.0,0.0,0.001212416
glauber_square_grid_kasteleyn__gamma__p_0p5,12,28,7876068002628636988,0.19123968253566379,0.8892592482341956,0.925831864410537,69.99029764769429,1.0,-0.0,288,53,12,4.997663555668128e-15,0.0,0.0,0.001448792
glauber_square_grid_kasteleyn__gamma__p_0p5,12,29,9784529612988394688,-1.4373772030691068,3.697603632112348,5.763656856015116,49.69795257766024,1.0,0.0,288,53,12,7.798049023651172e-15,0.0,0.0,0.001241875
glauber_square_grid_kasteleyn__gamma__p_0p5,12,30,12539224596576745766,3.0504747066199274,2.9652465186814636,12.270642454409394,33.938603378441876,1.0,-0.0,288,53,12,5.303443251764681e-15,0.0,0.0,0.001210083
glauber_square_grid_kasteleyn__gamma__p_0p5,12,31,10752512707569418867,-0.3473843515344283,1.26887936661203,1.3895552543030252,52.981270606076116,1.0,0.0,288,53,12,3.029719599712956e-13,0.0,0.0,0.00148775
glauber_square_grid_kasteleyn__gamma__p_0p5,12,32,17991147275531567703,-1.2717010334324237,3.4784420080060126,5.095665526439107,44.93999649535319,1.0,0.0,288,53,12,3.6944131893606216e-13,0.0,0.0,0.001354125
glauber_square_grid_kasteleyn__gamma__p_0p5,12,33,3070932310462720366,0.0388349595593942,0.29802248121014757,0.2995306352941274,75.07119196661704,1.0,-0.0,288,53,12,1.4180922061976129e-14,0.0,0.0,0.002992334
glauber_square_grid_kasteleyn__gamma__p_0p5,12,34,278156940466284842,0.031586178446376394,0.12850155634672855,0.1294992430155749,16.587883329427033,1.0,0.0,288,53,12,4.097030689453629e-15,0.0,0.0,0.0016625
glauber_square_grid_kasteleyn__gamma__p_0p5,12,35,15115434819950584760,-0.31577336141131607,2.13293352845181,2.2326463442288116,36.658659887610604,1.0,0.0,288,53,12,4.0881750576670533e-13,0.0,0.0,0.001340792
glauber_square_grid_kasteleyn__gamma__p_0p5,12,36,9181853225294640835,-0.009580301251376211,0.5808581509507931,0.5809499331228601,61.71099253963733,1.0,0.0,288,53,12,1.462214634045845e-15,0.0,0.0,0.00118625
glauber_square_grid_kasteleyn__gamma__p_0p5,12,37,13995345650383039462,-1.8553840687119945,4.02490186298059,7.467351905410865,23.81866865911719,1.0,0.0,288,53,12,6.3281274162271195e-16,0.0,0.0,0.001781541
glauber_square_grid_kasteleyn__gamma__p_0p5,12,38,10993278057685691857,-2.824692888456269,3.327943300219935,11.306833214315356,50.365475898998035,1.0,0.0,288,53,12,6.107799002174695e-15,0.0,0.0,0.001272667
glauber_square_grid_kasteleyn__gamma__p_0p5,12,39,2572003245616862858,-0.005364613825500686,0.026033870153029846,0.0260626492345266,46.65781187321054,1.0,0.0,288,53,12,7.551737488371421e-15,0.0,0.0,0.001325875
glauber_square_grid_kasteleyn__gamma__p_0p5,12,40,10153005055349684008,1.377160188330937,3.8011910641584,5.697761248482102,52.454398872441296,1.0,-0.0,288,53,12,2.653847366957365e-13,0.0,0.0,0.001544708
glauber_square_grid_kasteleyn__gamma__p_0p5,12,41,15436591996349829084,-2.390487396346285,4.108038313092253,9.822468305182692,61.560243652268184,1.0,-0.0,288,53,12,1.1010900564758925e-14,0.0,0.0,0.001323125
glauber_square_grid_kasteleyn__gamma__p_0p5,12,42,18299726015495886067,-0.0032973814238933196,0.064583325774916,0.06459419849917064,35.36890307094421,1.0,0.0,288,53,12,8.551835947306636e-15,0.0,0.0,0.001270875
glauber_square_grid_kasteleyn__gamma__p_0p5,12,43,12570649096124385037,0.07409253925387757,0.2910738985589315,0.2965636029320189,47.740984133056386,1.0,0.0,288,53,12,1.1457052654243453e-15,0.0,0.0,0.001676083
glauber_square_grid_kasteleyn__gamma__p_0p5,12,44,11070999494471238978,0.04275593658257293,0.23350458449756262,0.23533265461061562,42.86502489396273,1.0,0.0,288,53,12,4.1936714649108208e-16,0.0,0.0,0.001279542
glauber_square_grid_kasteleyn__gamma__p_0p5,12,45,3865690945780194462,-3.7055199899615534,1.1027824013109941,14.833660797315666,40.64368510115523,1.0,0.0,288,53,12,2.5262425289011816e-15,0.0,0.0,0.001904958
glauber_square_grid_kasteleyn__gamma__p_0p5,12,46,10295206676952758219,0.04780747664214463,0.3853443543476549,0.38762990917054413,37.22764620315668,1.0,-0.0,288,53,12,2.386327384371414e-14,0.0,0.0,0.001747667
glauber_square_grid_kasteleyn__gamma__p_0p5,12,47,16786730862325825805,0.1458975117625796,1.794230584924101,1.815516668862613,54.96050036528581,1.0,0.0,288,53,12,1.7018406690867745e-14,0.0,0.0,0.0012795
glauber_square_grid_kasteleyn__gamma__p_0p5,12,48,2648741114588355943,0.0627578910871549,0.26113797096737795,0.26507652386108516,50.24235794771027,1.0,-0.0,288,53,12,2.2044779990469135e-15,0.0,0.0,0.001298833
glauber_square_grid_kasteleyn__gamma__p_0p5,12,49,229037564891241187,-2.163057020063581,3.9806221314207617,8.6594378034671,34.01473673926998,1.0,0.0,288,53,12,4.846114387471138e-15,0.0,0.0,0.001577125
glauber_square_grid_kasteleyn__gamma__p_0p5,12,50,4351036946410113401,0.5663975603599154,1.945008374431529,2.265814570813193,40.494347581352486,1.0,0.0,288,53,12,2.99418695552143e-14,0.0,0.0,0.001226542
glauber_square_grid_kasteleyn__gamma__p_0p5,12,51,1093332565401434451,-3.670737475887477,1.2087221287300003,14.683035745614767,63.45400774067926,1.0,-0.0,288,53,12,3.3093990209473212e-15,0.0,0.0,0.001205792
glauber_square_grid_kasteleyn__gamma__p_0p5,12,52,15654615883467242612,-1.0500421069813144,5.183788173979554,6.286376600413313,48.21403555309195,1.0,0.0,288,53,12,7.930212119056142e-15,0.0,0.0,0.001480792
glauber_square_grid_kasteleyn__gamma__p_0p5,12,53,7381183829841751863,0.034413083573682446,0.19994993551524531,0.20113419583629458,71.45178366366615,1.0,0.0,288,53,12,1.7751153742846564e-15,0.0,0.0,0.001238542
glauber_square_grid_kasteleyn__gamma__p_0p5,12,54,6535447975700233706,1.1412321951047293,3.262569890529572,4.564980813673131,50.44735773779808,1.0,-0.0,288,53,12,1.2168924000074546e-15,0.0,0.0,0.001186625
glauber_square_grid_kasteleyn__gamma__p_0p5,12,55,8846488916622925377,0.003257922863994291,0.06865042023550089,0.06866103429688862,65.65632601131959,1.0,0.0,288,53,12,9.669539443217614e-15,0.0,0.0,0.001765084
glauber_square_grid_kasteleyn__gamma__p_0p5,12,56,15568797508900534331,0.12547510947803853,0.9800409418695311,0.9957849449680568,57.99786538600144,1.0,-0.0,288,53,12,1.4152959464082817e-15,0.0,0.0,0.001430041
glauber_square_grid_kasteleyn__gamma__p_0p5,12,57,17991784388013189866,3.7079678022140876,1.102908406556144,14.851933628812516,38.93990935759571,1.0,0.0,288,53,12,4.804628325048271e-15,0.0,0.0,0.00130075
glauber_square_grid_kasteleyn__gamma__p_0p5,12,58,8670034425000047820,-0.03931471193269953,0.15571324839287876,0.1572588949672299,52.85288494396897,1.0,0.0,288,53,12,1.6897515805062225e-15,0.0,0.0,0.001491625
glauber_square_grid_kasteleyn__gamma__p_0p5,12,59,2499345019776384762,0.05071811858215833,0.44501991907384975,0.4475922466263636,37.77648613218266,1.0,-0.0,288,53,12,3.5022962201986196e-14,0.0,0.0,0.001233917
glauber_square_grid_kasteleyn__gamma__p_0p5,12,60,14526281088567881532,3.9992540173284583,0.003024811489315705,15.99705750660713,57.29992035010624,1.0,0.0,288,53,12,6.242220874032999e-16,0.0,0.0,0.001268541
glauber_square_grid_kasteleyn__gamma__p_0p5,12,61,7688588327168589794,0.0007676914878298469,0.08052638535213241,0.0805269747023529,55.10327422955689,1.0,-0.0,288,53,12,1.1305054168134865e-14,0.0,0.0,0.001433583
glauber_square_grid_kasteleyn__gamma__p_0p5,12,62,13906717277801530547,-0.010686406460527336,0.06488219570265469,0.06499639498569429,57.871185097647874,1.0,0.0,288,53,12,5.089393901004051e-16,0.0,0.0,0.001249041
glauber_square_grid_kasteleyn__gamma__p_0p5,12,63,4671219465811055604,-2.2495831281394754,3.941892898582182,9.00251714899197,27.374958273668263,1.0,0.0,288,53,12,3.692173117406541e-14,0.0,0.0,0.001245541
glauber_square_grid_kasteleyn__gamma__p_0p5,12,64,2841854592840708722,2.1236362368248805,3.9847212130379823,8.494552079393722,34.11068940717182,1.0,-0.0,288,53,12,1.1416681038698213e-15,0.0,0.0,0.001524916
glauber_square_grid_kasteleyn__gamma__p_0p5,12,65,11673899644809382928,-0.10932987579998968,0.5120807830806651,0.5240338048231062,28.91234791380272,1.0,0.0,288,53,12,1.7519564754516426e-14,0.0,0.0,0.001330916
glauber_square_grid_kasteleyn__gamma__p_0p5,12,66,14347548598164239107,-2.515300003107055,3.7610370098083377,10.087771115438688,47.732591514688984,1.0,-0.0,288,53,12,1.1942470411356122e-14,0.0,0.0,0.001289625
glauber_square_grid_kasteleyn__gamma__p_0p5,12,67,1426076981811892052,1.6151079359269997,3.8534874836655244,6.462061128359898,16.770326582597445,1.0,-0.0,288,53,12,1.4830914428710243e-14,0.0,0.0,0.001507666
glauber_square_grid_kasteleyn__gamma__p_0p5,12,68,3195905313852022988,2.1125323882919638,4.118295874334557,8.581088965917104,76.7216180462189,1.0,-0.0,288,53,12,1.8840675107141644e-15,0.0,0.0,0.001288625
glauber_square_grid_kasteleyn__gamma__p_0p5,12,69,9248096461049804223,-1.4176926713599898,4.347322647029458,6.357175157457282,33.165903646156885,1.0,0.0,288,53,12,1.0535010241358446e-15,0.0,0.0,0.001215667
glauber_square_grid_kasteleyn__gamma__p_0p5,12,70,14232768725855218734,0.010428925852720709,0.042147507044544064,0.04225626953898561,25.625427403064798,1.0,-0.0,288,53,12,1.6021652044787294e-14,0.0,0.0,0.00143325
glauber_square_grid_kasteleyn__gamma__p_0p5,12,71,7955477634329204047,-0.17060908703314226,0.6719939193857328,0.7011013799640151,39.87559534700138,1.0,-0.0,288,53,12,8.974479647162083e-16,0.0,0.0,0.001263208
glauber_square_grid_kasteleyn__gamma__p_0p5,12,72,9861232361420958007,-0.8650794298567446,2.8275137031107747,3.575876123072045,29.258882737916565,1.0,0.0,288,53,12,1.7300017286541966e-13,0.0,0.0,0.001264666
glauber_square_grid_kasteleyn__gamma__p_0p5,12,73,16339580109045262479,-3.8059986680806777,0.7433086914331364,15.228934552865027,91.76731960348035,1.0,0.0,288,53,12,5.594926395602977e-15,0.0,0.0,0.001462208
glauber_square_grid_kasteleyn__gamma__p_0p5,12,74,9926272549436071943,-1.5299891354200104,3.8158470908049473,6.156713845308218,38.133033714770306,1.0,0.0,288,53,12,2.857507280477706e-14,0.0,0.0,0.001256
glauber_square_grid_kasteleyn__gamma__p_0p5,12,75,5606693782613041592,-0.06314907769835401,2.990989809890218,2.9949776159043706,39.09007472020694,1.0,0.0,288,256,12,1.9783301778103157e-70,0.0,0.0,5.908337416
glauber_square_grid_kasteleyn__gamma__p_0p5,12,76,13217332408972072777,0.8908696228958679,3.1358704443908367,3.9295191293894627,68.5220704670161,1.0,-0.0,288,53,12,1.2684097518189092e-15,0.0,0.0,0.001589667
glauber_square_grid_kasteleyn__gamma__p_0p5,12,77,14475454094300744669,-0.16131065558573043,0.6869710556064874,0.7129921832119855,58.93544998334142,1.0,-0.0,288,53,12,1.2515986898766144e-15,0.0,0.0,0.001401417
glauber_square_grid_kasteleyn__gamma__p_0p5,12,78,1001838982438949987,-0.030261348770403415,0.1372627760490106,0.1381785252784146,41.321751669126954,1.0,-0.0,288,53,12,8.408043134033616e-15,0.0,0.0,0.001341417
glauber_square_grid_kasteleyn__gamma__p_0p5,12,79,9887642128924336220,2.0466430429651723,4.171425992972951,8.36017373829069,65.1400285757815,1.0,-0.0,288,53,12,2.328331772250365e-15,0.0,0.0,0.001332375
glauber_square_grid_kasteleyn__gamma__p_0p5,12,80,1934928841198103741,-0.3057828419867279,1.1639681915267013,1.2574713379801814,26.45378374505033,1.0,0.0,288,53,12,2.4420038893577938e-15,0.0,0.0,0.001660542
glauber_square_grid_kasteleyn__gamma__p_0p5,12,81,6000212060743836255,-0.006853776619534457,0.12752199213815646,0.12756896639210694,48.1724688990956,1.0,0.0,288,53,12,1.2599376746047092e-14,0.0,0.0,0.001493208
glauber_square_grid_kasteleyn__gamma__p_0p5,12,82,12932370681772667408,0.06327555559972407,0.28252775390517865,0.2865315498416324,50.798155983258994,1.0,0.0,288,53,12,9.043154907863226e-16,0.0,0.0,0.001348334
glauber_square_grid_kasteleyn__gamma__p_0p5,12,83,11270409295992141299,3.6837617132394564,1.1675358277275911,14.737636187656486,48.91178378257245,1.0,-0.0,288,53,12,6.928331866645473e-15,0.0,0.0,0.003081709
glauber_square_grid_kasteleyn__gamma__p_0p5,12,84,14436666910639914088,-1.54629565811466,3.794191327769729,6.185221590073978,60.2059654491659,1.0,0.0,288,53,12,2.762990461771473e-15,0.0,0.0,0.013059375
glauber_square_grid_kasteleyn__gamma__p_0p5,12,85,5145179136430490643,0.04538419637868042,0.17971971732810543,0.18177944260904405,48.24768632618614,1.0,0.0,288,53,12,5.208104389024631e-14,0.0,0.0,0.001478792
glauber_square_grid_kasteleyn__gamma__p_0p5,12,86,15904949155337159828,-0.03156395214586061,0.14019079549545627,0.14118707857052246,66.68723702358291,1.0,0.0,288,53,12,2.7368010477019737e-13,0.0,0.0,0.001401959
glauber_square_grid_kasteleyn__gamma__p_0p5,12,87,7014872548178391124,-0.00011963185301365996,0.000488674330913198,0.0004886886426934535,34.04514382570221,1.0,0.0,288,53,12,7.899107878865649e-16,0.0,0.0,0.001359
glauber_square_grid_kasteleyn__gamma__p_0p5,12,88,1043501165609003473,0.26006700307633746,4.563129537060758,4.630764383149866,33.337084260452805,1.0,0.0,288,53,12,9.209176665053895e-15,0.0,0.0,0.001336834
glauber_square_grid_kasteleyn__gamma__p_0p5,12,89,18030331871649993962,3.7785023584473136,0.8376087346873458,15.114688807479256,41.41168866520263,1.0,-0.0,288,53,12,1.2682102288455438e-15,0.0,0.0,0.001460833
glauber_square_grid_kasteleyn__gamma__p_0p5,12,90,6630049420468782646,1.010440587612317,3.024814073113535,4.04580425420786,65.00406792334782,1.0,-0.0,288,53,12,1.3563320657103946e-14,0.0,0.0,0.009949583
glauber_square_grid_kasteleyn__gamma__p_0p5,12,91,14807529173427811929,0.017840638118353347,0.12466108967739296,0.12497937804586301,8.778689989986336,1.0,0.0,288,53,12,6.177068739343767e-15,0.0,0.0,0.001379709
glauber_square_grid_kasteleyn__gamma__p_0p5,12,92,11827906791133770545,-3.384232295504212,2.0842882394531,13.537316469386809,44.82846773012731,1.0,-0.0,288,53,12,9.222952707592992e-16,0.0,0.0,0.001368208
glauber_square_grid_kasteleyn__gamma__p_0p5,12,93,1860667276406357732,1.7232177674609823,5.043801878440051,8.013281352533262,29.772733606117495,1.0,0.0,288,53,12,3.413340097546489e-14,0.0,0.0,0.001584708
glauber_square_grid_kasteleyn__gamma__p_0p5,12,94,11706300358980646838,0.37315627989594646,3.3658322265869502,3.5050778358127324,81.01919609645499,1.0,-0.0,288,53,12,1.3391740350167691e-15,0.0,0.0,0.001328
glauber_square_grid_kasteleyn__gamma__p_0p5,12,95,15745820415281382166,0.000886335446562466,0.0035515332689308537,0.0035523188594546867,38.590739166345315,1.0,0.0,288,53,12,1.671920651429585e-14,0.0,0.0,0.001349459
glauber_square_grid_kasteleyn__gamma__p_0p5,12,96,10330816606301294723,0.06545517006742341,0.2598072773159544,0.2640916566045097,47.46249903924071,1.0,0.0,288,53,12,1.686030391490949e-15,0.0,0.0,0.002002
glauber_square_grid_kasteleyn__gamma__p_0p5,16,1,7276541464903481528,-0.8464584794348782,7.070767774191468,7.787259731598675,86.17234435670782,1.0,0.0,512,53,16,4.065315305990767e-13,0.0,0.0,0.008502166
glauber_square_grid_kasteleyn__gamma__p_0p5,16,2,16065168849421476091,-0.4642625856567544,2.5088477173344614,2.724387465775157,54.66689897185792,1.0,-0.0,512,53,16,8.890721996767587e-15,0.0,0.0,0.009188084
glauber_square_grid_kasteleyn__gamma__p_0p5,16,3,15868915181053647579,-0.0010605884588779924,0.1903317967100478,0.1903329215579269,129.55028241408215,1.0,0.0,512,53,16,2.2275976775839736e-15,0.0,0.0,0.007185333
glauber_square_grid_kasteleyn__gamma__p_0p5,16,4,13597974483093632673,0.18241639162278708,2.140103030562689,2.173378770495367,90.07732700247514,1.0,0.0,512,53,16,2.2027266383169424e-15,0.0,0.0,0.005073333
glauber_square_grid_kasteleyn__gamma__p_0p5,16,5,6835804041339684061,-0.708490303887036,2.3352582827649075,2.837216793466852,116.15239261215466,1.0,-0.0,512,53,16,8.748408239312475e-15,0.0,0.0,0.006090916
glauber_square_grid_kasteleyn__gamma__p_0p5,16,6,8769919330985304786,-3.4406151480974803,1.9536332967526941,13.791465894070539,86.01531220286614,1.0,-0.0,512,53,16,1.2866759986615005e-14,0.0,0.0,0.004305917
glauber_square_grid_kasteleyn__gamma__p_0p5,16,7,8522005243505888609,-0.13661099038598734,0.5845127271160528,0.6031752898102931,95.2301676023086,1.0,-0.0,512,53,16,6.010434245589226e-14,0.0,0.0,0.004404375
glauber_square_grid_kasteleyn__gamma__p_0p5,16,8,5779048598430966248,-3.82869438375702,0.656241304266817,15.315141988479365,116.36436188051609,1.0,-0.0,512,53,16,4.210628220636101e-15,0.0,0.0,0.0071015
glauber_square_grid_kasteleyn__gamma__p_0p5,16,9,7938077042346822850,0.00018798575940170634,0.0012306347929500767,0.0012306701315958144,141.38879174854185,1.0,-0.0,512,53,16,3.696329228616021e-15,0.0,0.0,0.004219875
glauber_square_grid_kasteleyn__gamma__p_0p5,16,10,12799451893495329747,-0.02056094251562585,0.08300779503296299,0.08343054739009385,103.01635277519037,1.0,0.0,512,53,16,1.0088079010951346e-12,0.0,0.0,0.004421209
glauber_square_grid_kasteleyn__gamma__p_0p5,16,11,9968834118946363545,-0.2827190321319675,1.0614439207807806,1.141373971910417,100.48892472771719,1.0,-0.0,512,53,16,2.993524232836807e-15,0.0,0.0,0.0048055
glauber_square_grid_kasteleyn__gamma__p_0p5,16,12,6214862581725646708,-0.0027839814679235173,0.039161983938477085,0.039169734491290825,95.78527399342555,1.0,0.0,512,53,16,1.0109814897233574e-15,0.0,0.0,0.004364666
glauber_square_grid_kasteleyn__gamma__p_0p5,16,13,5686434878433230012,3.5651235158873456,1.5632637113088421,14.27336939484179,122.78175511778397,1.0,-0.0,512,53,16,2.4100254383664646e-15,0.0,0.0,0.005908209
glauber_square_grid_kasteleyn__gamma__p_0p5,16,14,5226912669277855383,1.3622671780431304,4.134900051406844,5.990671915780438,130.5748693600299,1.0,0.0,512,53,16,3.4906694271603164e-14,0.0,0.0,0.004435125
glauber_square_grid_kasteleyn__gamma__p_0p5,16,15,9192700675042873658,0.07657851384422439,0.4801022955423695,0.48596656432495955,118.46250380119302,1.0,-0.0,512,53,16,1.3684542113473665e-14,0.0,0.0,0.004253458
glauber_square_grid_kasteleyn__gamma__p_0p5,16,16,14717532383569162048,-2.424736401543121,4.175722686024396,10.055069302992681,107.01732383285037,1.0,-0.0,512,53,16,5.141669849858219e-14,0.0,0.0,0.005360042
glauber_square_grid_kasteleyn__gamma__p_0p5,16,17,14232604482392677758,2.368440253251923,3.8652880042396536,9.474797237463687,131.79039607193928,1.0,-0.0,512,53,16,1.492430122295557e-15,0.0,0.0,0.004176542
glauber_square_grid_kasteleyn__gamma__p_0p5,16,18,8526682443620190287,-0.3752880074259461,1.3819773843118248,1.5228184728295617,96.74675080027986,1.0,-0.0,512,53,16,8.264229794162185e-15,0.0,0.0,0.005243708
glauber_square_grid_kasteleyn__gamma__p_0p5,16,19,762711826391375448,-0.12296062932901744,1.9103039958123422,1.9254233121773303,113.48502887255515,1.0,-0.0,512,53,16,1.3412205028900242e-13,0.0,0.0,0.005727166
glauber_square_grid_kasteleyn__gamma__p_0p5,16,20,2376975664886977583,0.4401539614434186,1.615525276848088,1.8092607866224226,120.61323774666117,1.0,-0.0,512,53,16,7.318269801895916e-15,0.0,0.0,0.004557708
glauber_square_grid_kasteleyn__gamma__p_0p5,16,21,5428858172889774842,0.011209372107146572,0.27798647385740727,0.27811212388044376,69.9456360185128,1.0,0.0,512,53,16,5.1676222245157236e-15,0.0,0.0,0.005923791
glauber_square_grid_kasteleyn__gamma__p_0p5,16,22,2438227419111304363,-0.12301108395531779,5.028504174793918,5.04363590156978,86.89670266436435,1.0,0.0,512,53,16,5.767028982646358e-14,0.0,0.0,0.005575875
glauber_square_grid_kasteleyn__gamma__p_0p5,16,23,3727644520716342126,0.025313586128457688,0.9838731276886968,0.9845139053313797,57.416456606507936,1.0,0.0,512,53,16,1.3970715273820185e-15,0.0,0.0,0.00425875
glauber_square_grid_kasteleyn__gamma__p_0p5,16,24,1783554233330798141,-0.0679355997145401,0.6408995875776791,0.6455148332862533,109.35001085295626,1.0,-0.0,512,53,16,3.701316657947475e-14,0.0,0.0,0.005080375
glauber_square_grid_kasteleyn__gamma__p_0p5,16,25,2736107552483739230,-0.07885002279815563,0.58287265414698,0.5890899802422497,80.65618598689841,1.0,-0.0,512,53,16,4.158652825865826e-15,0.0,0.0,0.006851167
glauber_square_grid_kasteleyn__gamma__p_0p5,16,26,11787099997511695427,3.2300071918272257,2.568141277497223,13.001087736752822,80.95380099202109,1.0,0.0,512,53,16,2.0940634136890596e-15,0.0,0.0,0.004835542
glauber_square_grid_kasteleyn__gamma__p_0p5,16,27,1857069481890489537,-1.3665621421746676,3.6501805676157724,5.517672656040789,104.07381090813993,1.0,-0.0,512,53,16,3.222952788789455e-14,0.0,0.0,0.005231375
glauber_square_grid_kasteleyn__gamma__p_0p5,16,28,16255655996052181988,0.12086901091499896,0.6183868247508942,0.6329961425504643,78.90176799127755,1.0,0.0,512,53,16,8.025418922249572e-15,0.0,0.0,0.005884292
glauber_square_grid_kasteleyn__gamma__p_0p5,16,29,337919585436887856,1.9736482164305387,4.002864148344798,7.898151430564244,59.23698855228251,1.0,-0.0,512,53,16,3.4363231717888754e-15,0.0,0.0,0.004300292
glauber_square_grid_kasteleyn__gamma__p_0p5,16,30,18201406963257201032,1.54235074511964,3.9132447414074587,6.292090562378568,104.79433464624213,1.0,0.0,512,53,16,5.359519136641154e-13,0.0,0.0,0.004259709
glauber_square_grid_kasteleyn__gamma__p_0p5,16,31,6739623492329433838,-0.14923600109279,6.019668680251042,6.041940064273209,127.54112973016933,1.0,-0.0,512,53,16,5.617903523338605e-15,0.0,0.0,0.006043209
glauber_square_grid_kasteleyn__gamma__p_0p5,16,32,17923972210489679796,0.06702113737747295,0.2878491983090082,0.29234103116437826,75.16826138576631,1.0,-0.0,512,53,16,3.4618591588450165e-15,0.0,0.0,0.004285417
glauber_square_grid_kasteleyn__gamma__p_0p5,16,33,6757691177139394744,-0.003737845318469102,0.031931771645990106,0.03194574313361491,98.6401856340616,1.0,0.0,512,53,16,2.6829040459156178e-14,0.0,0.0,0.004265291
glauber_square_grid_kasteleyn__gamma__p_0p5,16,34,3941802853063810029,2.7066068117292676,3.5024491136078693,10.82816954690714,93.06238240160052,1.0,0.0,512,53,16,1.2241388619835027e-12,0.0,0.0,0.007043875
glauber_square_grid_kasteleyn__gamma__p_0p5,16,35,15062976807299153557,-0.924279806802631,2.8955397161322347,3.7498328773953435,91.9833205132327,1.0,0.0,512,53,16,1.082331188258233e-14,0.0,0.0,0.004261459
glauber_square_grid_kasteleyn__gamma__p_0p5,16,36,7994126626380905295,0.2930087243323771,1.914101114102925,1.999955226637812,98.47149787591827,1.0,0.0,512,53,16,9.531922337636291e-15,0.0,0.0,0.004289916
glauber_square_grid_kasteleyn__gamma__p_0p5,16,37,1575068079834446064,-1.215335034216979,3.7686573168279938,5.24569656222318,59.87052850899685,1.0,0.0,512,53,16,3.2290595989621534e-15,0.0,0.0,0.006505625
glauber_square_grid_kasteleyn__gamma__p_0p5,16,38,10563180025960871829,0.13933245212716613,0.5454007555739288,0.5648142877896978,63.76662223063332,1.0,0.0,512,53,16,1.7731597026469818e-14,0.0,0.0,0.004316666
glauber_square_grid_kasteleyn__gamma__p_0p5,16,39,805996481778809175,1.054117536949722,3.165780717196843,4.276944498901791,104.77039311687143,1.0,0.0,512,53,16,1.3366599254388694e-13,0.0,0.0,0.004246166
glauber_square_grid_kasteleyn__gamma__p_0p5,16,40,26914660525439191,-0.11175850974429569,0.4356823335520409,0.44817229805230674,66.17308562595987,1.0,-0.0,512,53,16,1.4560955262734556e-14,0.0,0.0,0.00637725
glauber_square_grid_kasteleyn__gamma__p_0p5,16,41,16885240111122335836,-3.6463210625202045,1.3427855825826112,14.638442873561084,97.29956942178038,1.0,0.0,512,53,16,1.4223282194744903e-14,0.0,0.0,0.0043715
glauber_square_grid_kasteleyn__gamma__p_0p5,16,42,17375340497498508856,-1.0450181176443218,3.1831113854210327,4.275174251625915,74.66721913823372,1.0,-0.0,512,53,16,1.2931213807523678e-14,0.0,0.0,0.004218709
glauber_square_grid_kasteleyn__gamma__p_0p5,16,43,10410332877856767323,-0.5344749344678227,4.054804451103818,4.340467906678201,53.48019202051759,1.0,0.0,512,53,16,1.6443824842688062e-14,0.0,0.0,0.005729084
glauber_square_grid_kasteleyn__gamma__p_0p5,16,44,6773313592870035172,-2.8611700082170715,3.3900428726048872,11.576336688525764,78.88853441996888,1.0,-0.0,512,53,16,7.225023064277352e-15,0.0,0.0,0.004340542
glauber_square_grid_kasteleyn__gamma__p_0p5,16,45,17017323546476535849,1.8033697567971387,5.423742266019345,8.675884745749917,89.80082122323766,1.0,-0.0,512,53,16,4.0908311422212014e-14,0.0,0.0,0.005383166
glauber_square_grid_kasteleyn__gamma__p_0p5,16,46,296379903309372151,0.7861884685263418,3.14013918930895,3.7582314973527446,99.51875224556707,1.0,0.0,512,53,16,4.801891329146749e-14,0.0,0.0,0.005581625
glauber_square_grid_kasteleyn__gamma__p_0p5,16,47,16554224262299611170,-0.019011206920705348,0.24372356493692532,0.2440849909255072,77.78463774721754,1.0,0.0,512,53,16,9.943663350572678e-15,0.0,0.0,0.004353333
glauber_square_grid_kasteleyn__gamma__p_0p5,16,48,17999256022542376108,0.04153785399627896,0.28428971997022034,0.28601511328483653,64.13840387297722,1.0,-0.0,512,53,16,3.3771293860867623e-13,0.0,0.0,0.005343458
glauber_square_grid_kasteleyn__gamma__p_0p5,16,49,17921244125618381083,3.0377185149142707,2.938668371653056,12.16640214750602,75.4268207173386,1.0,0.0,512,53,16,7.14634116615157e-15,0.0,0.0,0.030286084
glauber_square_grid_kasteleyn__gamma__p_0p5,16,50,14327940757700412890,-0.37379376324548774,4.55712061448042,4.696842391921644,88.53862417684208,1.0,0.0,512,53,16,3.0883175268495003e-15,0.0,0.0,0.004301041
glauber_square_grid_kasteleyn__gamma__p_0p5,16,51,9368569705846945898,-2.8270946351902624,3.621165922574932,11.613629998896494,75.99343354090512,1.0,-0.0,512,53,16,2.3611235567253775e-13,0.0,0.0,0.004307209
glauber_square_grid_kasteleyn__gamma__p_0p5,16,52,12431714814837918082,-0.9559329333843598,3.5925143332204614,4.506322106349288,95.22372360314885,1.0,0.0,512,53,16,1.874963227410293e-15,0.0,0.0,0.070013167
glauber_square_grid_kasteleyn__gamma__p_0p5,16,53,5046433842698230568,-3.935387984585088,0.2549510801510425,15.742229669367726,67.3753245141924,1.0,0.0,512,53,16,1.192703707206834e-13,0.0,0.0,0.004451583
glauber_square_grid_kasteleyn__gamma__p_0p5,16,54,445002111641523013,-1.664423582889858,3.994380555816003,6.764686419095915,85.7119243438327,1.0,0.0,512,53,16,5.067404862510797e-15,0.0,0.0,0.005091541
glauber_square_grid_kasteleyn__gamma__p_0p5,16,55,11634127547756095949,-0.6061830312346818,2.1232379463885094,2.4906958137453765,82.10371735874087,1.0,0.0,512,53,16,4.1211150334102597e-13,0.0,0.0,0.006476792
glauber_square_grid_kasteleyn__gamma__p_0p5,16,56,7442994571175966795,-0.19363395641147552,0.7935063744534004,0.8310004835289616,88.95906010811674,1.0,0.0,512,53,16,2.9881273311013687e-13,0.0,0.0,0.014549667
glauber_square_grid_kasteleyn__gamma__p_0p5,16,57,195385905989383134,-0.3918919013901766,1.4631322868390362,1.616711549214244,119.02140234719786,1.0,-0.0,512,53,16,1.7603805396098807e-14,0.0,0.0,0.004325459
glauber_square_grid_kasteleyn__gamma__p_0p5,16,58,6313957379714898753,-0.6454842069120432,3.738366637170207,4.155016498543076,102.77224099707536,1.0,0.0,512,53,16,2.392559023954799e-14,0.0,0.0,0.004475833
glauber_square_grid_kasteleyn__gamma__p_0p5,16,59,9626906323196519383,-1.3115817513896766,3.569696685364473,5.289943375942885,113.85328124759823,1.0,-0.0,512,53,16,5.861213553982e-15,0.0,0.0,0.004514791
glauber_square_grid_kasteleyn__gamma__p_0p5,16,60,9931784613979678401,0.02685875694488482,0.11662109342806573,0.11734248625269013,64.64817015929191,1.0,-0.0,512,53,16,6.890428332076456e-14,0.0,0.0,0.005635333
glauber_square_grid_kasteleyn__gamma__p_0p5,16,61,17452252652602951447,-0.24630456661108702,1.1151261434588644,1.1757920829923398,99.89930787313335,1.0,0.0,512,53,16,4.7258170188224465e-15,0.0,0.0,0.0114465
glauber_square_grid_kasteleyn__gamma__p_0p5,16,62,5671926536583259211,-0.7967899841810304,2.63873582570175,3.273610104592957,48.749919726389685,1.0,-0.0,512,53,16,3.121581806258008e-14,0.0,0.0,0.008764834
glauber_square_grid_kasteleyn__gamma__p_0p5,16,63,10448741024651792190,-2.4278407012618213,4.087910128988529,9.98232059969202,68.93341115630355,1.0,0.0,512,53,16,3.367467619126253e-14,0.0,0.0,0.004224916
glauber_square_grid_kasteleyn__gamma__p_0p5,16,64,11331300316360184418,0.1725080277585735,1.1780116719631344,1.2077706916042872,93.93922902399328,1.0,0.0,512,53,16,1.3374322209712669e-14,0.0,0.0,0.00431225
glauber_square_grid_kasteleyn__gamma__p_0p5,20,1,15228661428516167941,-0.002910997818355243,0.36180771190699884,0.3618161858152973,160.44391711531767,1.0,0.0,800,53,20,3.534024830560003e-15,0.0,0.0,0.015181041
glauber_square_grid_kasteleyn__gamma__p_0p5,20,2,9392566110692421320,1.055355338756387,3.641126053081864,4.754900944123472,195.57399890691838,1.0,-0.0,800,53,20,1.3104134434873798e-14,0.0,0.0,0.024767
glauber_square_grid_kasteleyn__gamma__p_0p5,20,3,4605818617704252886,-0.008783011325583151,0.09910643705407887,0.0991835783420242,129.49394099891035,1.0,-0.0,800,53,20,3.576812485798688e-14,0.0,0.0,0.01433575
glauber_square_grid_kasteleyn__gamma__p_0p5,20,4,241141770513052876,-3.3665389009258027,2.1328715692784703,13.46645574072518,152.33749418493173,1.0,0.0,800,53,20,1.7771371421341002e-14,0.0,0.0,0.015769833
glauber_square_grid_kasteleyn__gamma__p_0p5,20,5,12787627949848076562,-0.1432882691605437,0.5536526710252625,0.574184199104287,185.50323454399575,1.0,0.0,800,53,20,1.594522893227494e-14,0.0,0.0,0.018055167
glauber_square_grid_kasteleyn__gamma__p_0p5,20,6,5651999747620681136,-3.5397371628071137,1.6606635290434362,14.190402710801191,157.6558282495179,1.0,-0.0,800,53,20,1.6628829040320533e-14,0.0,0.0,0.021511959
glauber_square_grid_kasteleyn__gamma__p_0p5,20,7,1135737231239847397,-2.7721151683595933,3.4082308116143394,11.092853318263675,148.30053744201948,1.0,-0.0,800,53,20,3.343467249140821e-15,0.0,0.0,0.029707833
glauber_square_grid_kasteleyn__gamma__p_0p5,20,8,16163398657276538836,-0.22738553192156985,1.0500316673323709,1.1017358474596262,162.31008739971597,1.0,0.0,800,53,20,4.6119662331431435e-14,0.0,0.0,0.026687333
glauber_square_grid_kasteleyn__gamma__p_0p5,20,9,13492190926745764254,-2.1137641848357474,5.225889178032197,9.693888207126529,156.25538166836844,1.0,0.0,800,53,20,3.9544656462762255e-14,0.0,0.0,0.013796125
glauber_square_grid_kasteleyn__gamma__p_0p5,20,10,18203756475315363650,-0.11337424444147047,0.48168781973314917,0.4945415390358235,162.55936518722575,1.0,-0.0,800,53,20,1.3118798163353846e-14,0.0,0.0,0.063261541
glauber_square_grid_kasteleyn__gamma__p_0p5,20,11,12570945892189726962,3.4765612148861083,1.82623078502073,13.912708665871103,138.37977224275997,1.0,-0.0,800,53,20,8.156541816130586e-15,0.0,0.0,0.015062167
glauber_square_grid_kasteleyn__gamma__p_0p5,20,12,13869727498054019078,-1.087906263805218,3.1765697059705476,4.360109744797176,84.26087354646009,1.0,0.0,800,53,20,2.8749675790439844e-14,0.0,0.0,0.021274625
glauber_square_grid_kasteleyn__gamma__p_0p5,20,13,334892853916092776,-1.1857803895801826,3.4525036359215777,4.858578768234508,100.75373583663504,1.0,-0.0,800,53,20,7.780373718086363e-14,0.0,0.0,0.02404425
glauber_square_grid_kasteleyn__gamma__p_0p5,20,14,9359508528259043563,1.8380912311651134,3.9865573467341515,7.365136720820233,175.30920573054905,1.0,0.0,800,53,20,5.5043896473204844e-15,0.0,0.0,0.017945875
glauber_square_grid_kasteleyn__gamma__p_0p5,20,15,2213041329212419732,0.00729306949565256,0.3771888065509677,0.3772419954136361,125.80573298916518,1.0,-0.0,800,53,20,4.739925903620836e-15,0.0,0.0,0.016439791
glauber_square_grid_kasteleyn__gamma__p_0p5,20,16,280248189797652403,0.00032916792209580856,0.0326426791868398,0.03264278753836074,131.83070318523625,1.0,0.0,800,53,20,2.432642037159303e-15,0.0,0.0,0.015180583
glauber_square_grid_kasteleyn__gamma__p_0p5,20,17,12778831277949721493,-0.22095353827963699,1.290836212376239,1.3396566784545298,146.60914289008988,1.0,-0.0,800,53,20,3.5402010116711115e-15,0.0,0.0,0.015630083
glauber_square_grid_kasteleyn__gamma__p_0p5,20,18,14171336328056385688,0.2711122417264721,4.195519783658375,4.269021631272327,123.78255313458689,1.0,-0.0,800,53,20,6.1121920958343214e-15,0.0,0.0,0.014037334
glauber_square_grid_kasteleyn__gamma__p_0p5,20,19,8915170756041763777,1.2328152405940327,3.597726848433758,5.117560265874681,140.2030979228589,1.0,-0.0,800,53,20,8.705352672451171e-15,0.0,0.0,0.017387333
glauber_square_grid_kasteleyn__gamma__p_0p5,20,20,1042962132456927208,-3.4510382947693237,1.9094138316081366,13.819079143572496,124.99937389467753,1.0,-0.0,800,53,20,1.7505422752114366e-14,0.0,0.0,0.016141917
glauber_square_grid_kasteleyn__gamma__p_0p5,20,21,18205960364073128987,-1.0035357951015256,3.009825713277656,4.016909805327707,182.634959766477,1.0,0.0,800,53,20,3.2932696624944996e-13,0.0,0.0,0.015538833
glauber_square_grid_kasteleyn__gamma__p_0p5,20,22,17957946693679994335,0.830543179130097,2.6818058142346857,3.3716077866342142,124.3018777024811,1.0,-0.0,800,53,20,7.535898345721683e-13,0.0,0.0,0.018100166
glauber_square_grid_kasteleyn__gamma__p_0p5,20,23,4018940607921543761,2.2920557075138395,3.9154577050717867,9.168977071418553,104.15529012358296,1.0,0.0,800,53,20,2.9446621395178384e-15,0.0,0.0,0.015490709
glauber_square_grid_kasteleyn__gamma__p_0p5,20,24,4832537868373460622,0.002870512219956916,0.013896363560164101,0.013904603400569022,150.1089485169731,1.0,0.0,800,53,20,3.922668620190404e-14,0.0,0.0,0.015370167
glauber_square_grid_kasteleyn__gamma__p_0p5,20,25,16553929738466123693,-0.3451561236170936,1.2624708243129823,1.3816035739833608,155.2222317782734,1.0,0.0,800,53,20,1.726409918364435e-13,0.0,0.0,0.025742666
glauber_square_grid_kasteleyn__gamma__p_0p5,20,26,17231660006818577803,3.6447173176487095,1.2953223320142513,14.579286657582655,202.58863855113452,1.0,-0.0,800,53,20,5.668766341508637e-15,0.0,0.0,0.015190833
glauber_square_grid_kasteleyn__gamma__p_0p5,20,27,12575353335392031338,0.07332970569292946,0.34845279299160986,0.3538300387286215,150.0548362024226,1.0,0.0,800,53,20,6.204637628727682e-15,0.0,0.0,0.082439583
glauber_square_grid_kasteleyn__gamma__p_0p5,20,28,10765625594659574164,1.8056207082291322,3.9738560399273504,7.234122181913223,140.92450316683463,1.0,0.0,800,53,20,1.0588877451090094e-14,0.0,0.0,0.014972708
glauber_square_grid_kasteleyn__gamma__p_0p5,20,29,4570272092758430543,-0.08919710751051646,0.816676903483083,0.8246330274713256,111.79242767761521,1.0,-0.0,800,53,20,2.2882708601074903e-14,0.0,0.0,0.015043417
glauber_square_grid_kasteleyn__gamma__p_0p5,20,30,8656170334575831953,-1.722801669136575,3.9712593416032402,6.93930493278301,151.01914383157342,1.0,0.0,800,53,20,6.112872285528697e-15,0.0,0.0,0.014966667
glauber_square_grid_kasteleyn__gamma__p_0p5,20,31,14376363868907466967,0.49637807994185756,1.77885193614167,2.025243134388435,165.4292679193313,1.0,-0.0,800,53,20,1.0622968128515502e-13,0.0,0.0,0.017471792
glauber_square_grid_kasteleyn__gamma__p_0p5,20,32,18399193881709654402,-0.04803134617055367,0.3077008357414269,0.3100078459563825,134.93131924073106,1.0,0.0,800,53,20,1.4060211743547075e-14,0.0,0.0,0.015380542
