L,model,k,sample_index,seed,raw_steps,lerw_steps,winding,hit_x,hit_y,environment_sites
16,gamma4,20.0,0,2073847195394588848,444,36,0,16,-4,148
16,gamma4,20.0,1,7219980067838920636,125,39,0,16,1,66
16,gamma4,20.0,2,5333348877970062909,486,26,1,16,0,154
16,gamma4,20.0,3,1614307559372868113,264,34,0,-10,16,92
16,gamma4,20.0,4,3540144717770957524,348,64,2,-16,-4,143
16,gamma4,20.0,5,4426611051779578482,356,32,1,6,16,148
16,gamma4,20.0,6,2176562327140062023,153,39,0,-13,16,72
16,gamma4,20.0,7,4757051805820595680,209,37,2,3,-16,101
16,gamma4,20.0,8,866656535199885412,347,29,1,5,-16,119
16,gamma4,20.0,9,929097056826575000,238,30,0,12,16,89
16,gamma4,20.0,10,1618679924086073810,214,52,-1,-12,16,104
16,gamma4,20.0,11,1810346185171011774,59,27,0,16,-5,35
16,gamma4,20.0,12,5964378248873587140,45,27,-2,-16,-3,33
16,gamma4,20.0,13,3296908619744149587,339,41,1,16,3,132
16,gamma4,20.0,14,3682674363327294426,648,26,2,-16,-4,214
16,gamma4,20.0,15,7998878563510137286,146,26,-1,-2,-16,66
16,gamma4,20.0,16,1274924695538775773,72,28,0,16,-6,42
16,gamma4,20.0,17,4922303586102657281,103,35,1,5,16,55
16,gamma4,20.0,18,7723539850893423512,230,56,1,6,-16,102
16,gamma4,20.0,19,4742208367177519207,243,55,1,16,7,113
16,gamma4,20.0,20,7072291189578729940,516,36,-1,0,16,175
16,gamma4,20.0,21,1257393824115832664,141,29,2,-3,-16,49
16,gamma4,20.0,22,3737958007706082295,262,52,0,-14,-16,86
16,gamma4,20.0,23,3401893089115490848,200,54,-1,-16,8,108
16,gamma4,20.0,24,7394436394192450929,193,69,2,7,16,100
16,gamma4,20.0,25,8614024993563217437,135,41,1,11,16,69
16,gamma4,20.0,26,3752548257023250859,301,39,1,16,3,104
16,gamma4,20.0,27,4895190882640351272,58,26,0,-2,-16,41
16,gamma4,20.0,28,4234736599490160440,328,58,0,-16,-2,158
16,gamma4,20.0,29,5740941482515513216,82,26,0,-16,6,41
16,gamma4,20.0,30,2191431444515609923,799,33,1,9,16,227
16,gamma4,20.0,31,1266715228780906928,731,37,-1,-11,-16,233
16,gamma4,20.0,32,528634937952132529,145,31,0,-3,-16,60
16,gamma4,20.0,33,7319518863250325842,289,27,0,3,-16,85
16,gamma4,20.0,34,5941356457838610381,125,23,1,16,5,60
16,gamma4,20.0,35,1231415018133941651,753,29,-1,7,16,259
16,gamma4,20.0,36,389397862935691775,205,41,-2,16,1,99
16,gamma4,20.0,37,6124826499528925673,280,40,1,2,-16,97
16,gamma4,20.0,38,5851161082693797062,81,41,-1,15,16,52
16,gamma4,20.0,39,4036806501481961392,315,35,3,1,16,113
16,gamma4,20.0,40,16861948599358407,345,29,0,-5,-16,139
16,gamma4,20.0,41,6025753504710407831,265,37,-2,3,-16,81
16,gamma4,20.0,42,1850720749006859387,268,46,-1,16,4,101
16,gamma4,20.0,43,8334797988188209221,238,32,1,-4,-16,91
16,gamma4,20.0,44,3605018962454244756,174,50,0,0,-16,89
16,gamma4,20.0,45,1161516169900073318,199,43,1,-16,-5,87
16,gamma4,20.0,46,5463271596585102345,379,53,1,16,-5,154
16,gamma4,20.0,47,6493718975310349386,125,25,0,-1,16,69
16,gamma4,20.0,48,8730788277251888526,183,27,0,16,-3,79
16,gamma4,20.0,49,2586143320172689132,490,38,-1,0,16,218
16,gamma4,20.0,50,5565120409316597917,605,39,-4,16,11,184
16,gamma4,20.0,51,2215466449598958710,126,30,0,-2,-16,69
16,gamma4,20.0,52,8758404698678782775,92,26,0,-8,-16,45
16,gamma4,20.0,53,7751114947031206562,245,39,-3,3,16,99
16,gamma4,20.0,54,1515957387943662869,271,69,1,-16,-1,125
16,gamma4,20.0,55,1292138688623571968,332,30,0,-2,-16,138
16,gamma4,20.0,56,3675617936528421578,649,49,-3,-16,-7,216
16,gamma4,20.0,57,2897419414068318972,364,30,0,-16,4,143
16,gamma4,20.0,58,3441813198874447963,69,27,1,16,-3,41
16,gamma4,20.0,59,8859262714693562580,528,44,-1,-6,16,192
16,gamma4,20.0,60,122809911632526739,125,43,0,7,-16,63
16,gamma4,20.0,61,7602063251452303011,166,30,-1,16,4,79
16,gamma4,20.0,62,5459381168859493440,206,62,-1,-6,16,115
16,gamma4,20.0,63,2632978335261821710,561,59,0,-5,16,168
16,gamma4,20.0,64,7911039031093080806,90,34,-2,-16,0,46
16,gamma4,20.0,65,6544807241244690460,99,41,2,16,-7,58
16,gamma4,20.0,66,3329280754419208028,99,29,1,16,1,56
16,gamma4,20.0,67,7274837844788972358,523,31,-1,16,-13,165
16,gamma4,20.0,68,2930487319632663877,472,38,0,8,-16,160
16,gamma4,20.0,69,9094590738605166097,215,29,0,-16,3,80
16,gamma4,20.0,70,9026558099836042767,377,39,2,16,-5,126
16,gamma4,20.0,71,6592297914659048886,219,29,-1,16,7,108
16,gamma4,20.0,72,4076112252497068001,590,34,2,-10,-16,157
16,gamma4,20.0,73,6468786090805395177,98,30,0,-2,16,54
16,gamma4,20.0,74,3735215274988866317,88,36,-3,16,10,54
16,gamma4,20.0,75,2187365786897154126,216,30,-1,-2,16,73
16,gamma4,20.0,76,2109751965730799253,90,28,-1,2,16,50
16,gamma4,20.0,77,7743761771507312120,160,50,0,16,8,77
16,gamma4,20.0,78,3956030904944680887,168,36,0,-16,4,80
16,gamma4,20.0,79,8529006820053385217,106,38,0,2,16,56
16,gamma4,20.0,80,2065965319372864737,403,63,3,1,16,147
16,gamma4,20.0,81,7005510099102189077,107,33,1,16,-9,62
16,gamma4,20.0,82,24556482813599199,247,37,2,16,-9,124
16,gamma4,20.0,83,6040625929308609496,641,45,1,16,-9,231
16,gamma4,20.0,84,4460541078570955415,509,27,0,-5,16,156
16,gamma4,20.0,85,3880743438492334527,127,37,-1,11,-16,69
16,gamma4,20.0,86,3174899653252154468,117,33,0,11,16,58
16,gamma4,20.0,87,1264921507926231529,242,54,-2,-6,16,107
16,gamma4,20.0,88,2989972465336797599,91,29,0,1,-16,56
16,gamma4,20.0,89,5865152247632920718,224,34,-1,16,-8,82
16,gamma4,20.0,90,8493245738951027100,414,40,1,16,14,147
16,gamma4,20.0,91,8372821283889728223,283,23,0,-1,-16,107
16,gamma4,20.0,92,8759338359449199963,175,25,1,3,16,75
16,gamma4,20.0,93,5545901346116484993,310,28,2,0,-16,128
16,gamma4,20.0,94,7129737152072028526,79,35,-3,-1,-16,46
16,gamma4,20.0,95,9109994962242342189,264,38,0,4,-16,81
16,gamma4,20.0,96,4943438711465163032,763,33,0,9,16,268
16,gamma4,20.0,97,6628771433655876447,484,42,-1,-4,-16,165
16,gamma4,20.0,98,1689300659995880183,261,49,-2,-3,-16,125
16,gamma4,20.0,99,1609187834392488310,440,104,3,8,-16,196
16,gamma4,20.0,100,5060265062235889340,268,26,0,-16,4,84
16,gamma4,20.0,101,4638787820091434722,206,58,-2,-6,16,108
16,gamma4,20.0,102,4989488344561183192,261,33,1,1,16,115
16,gamma4,20.0,103,912552425412258477,263,37,-1,5,16,114
16,gamma4,20.0,104,8211772023976942607,554,46,1,-6,-16,164
16,gamma4,20.0,105,3160602759251475129,101,37,2,5,-16,63
16,gamma4,20.0,106,338135490821123726,144,28,0,-16,8,74
16,gamma4,20.0,107,3399669543291995627,155,41,0,-1,16,88
16,gamma4,20.0,108,9016150111237044224,380,48,1,12,16,124
16,gamma4,20.0,109,810161939459091472,257,55,-2,-16,-1,111
16,gamma4,20.0,110,6180545369794632777,281,51,0,-5,16,130
16,gamma4,20.0,111,8644234904418698201,979,51,1,-16,-5,286
16,gamma4,20.0,112,591645106020625872,490,28,-1,-16,-4,161
16,gamma4,20.0,113,9119530851176817742,561,63,-3,16,-7,223
16,gamma4,20.0,114,4204570452073529599,149,29,0,16,-7,67
16,gamma4,20.0,115,3633902957893949627,302,30,0,16,2,128
16,gamma4,20.0,116,5664273859666319799,455,51,-1,-16,5,147
16,gamma4,20.0,117,4584158281401050919,381,41,2,7,16,159
16,gamma4,20.0,118,4642060720119606233,410,38,1,-8,16,142
16,gamma4,20.0,119,2271791803508031701,648,54,-3,-16,4,234
16,gamma4,20.0,120,1716097432215468692,370,34,2,-6,16,168
16,gamma4,20.0,121,2543443480919705795,802,40,3,-16,-4,256
16,gamma4,20.0,122,6612349327539659624,909,53,3,-9,-16,235
16,gamma4,20.0,123,3329829262744042105,207,45,4,16,-9,111
16,gamma4,20.0,124,1738824538902266656,244,46,3,16,-4,116
16,gamma4,20.0,125,6029626390818557099,145,27,0,16,-1,65
16,gamma4,20.0,126,2194361739206244653,411,37,-1,7,-16,148
16,gamma4,20.0,127,7479945482114117065,321,51,3,-3,-16,131
16,gamma4,20.0,128,7235117490787882103,571,19,1,3,16,199
16,gamma4,20.0,129,4402017283547813967,125,27,0,16,-3,56
16,gamma4,20.0,130,8063643371244178232,87,21,-1,3,-16,47
16,gamma4,20.0,131,1163656445307840233,206,38,0,-8,-16,94
16,gamma4,20.0,132,1874227083162799629,501,63,2,16,-9,176
16,gamma4,20.0,133,2484622172750434100,727,27,-1,5,16,151
16,gamma4,20.0,134,7562512687810994621,63,25,0,3,16,36
16,gamma4,20.0,135,4635089279606519907,490,72,1,8,-16,215
16,gamma4,20.0,136,3933121679341474924,236,42,0,16,-14,109
16,gamma4,20.0,137,6459084506285373124,99,33,-2,-16,-7,64
16,gamma4,20.0,138,439755312059000644,256,38,0,-8,-16,116
16,gamma4,20.0,139,1362907300667664184,81,35,0,16,13,57
16,gamma4,20.0,140,7390829527733241991,59,29,0,16,-3,42
16,gamma4,20.0,141,18589529849730284,285,43,1,16,5,117
16,gamma4,20.0,142,8237886604339244096,275,63,-1,-16,13,125
16,gamma4,20.0,143,6155229260473738871,207,45,0,11,-16,88
16,gamma4,20.0,144,4861371975019686436,107,25,0,5,-16,53
16,gamma4,20.0,145,5320729266993800564,110,44,3,16,-10,66
16,gamma4,20.0,146,7614798711696254238,139,61,0,-16,15,85
16,gamma4,20.0,147,5318480055598613164,122,48,1,-14,-16,74
16,gamma4,20.0,148,5771594872893852120,691,65,-1,-3,-16,197
16,gamma4,20.0,149,7187676510645202081,466,36,1,8,16,170
16,gamma4,20.0,150,5506997640759358415,273,43,-2,-16,-3,93
16,gamma4,20.0,151,4150699563324325586,238,36,1,-2,16,81
16,gamma4,20.0,152,7866275409001005309,128,24,1,-2,-16,64
16,gamma4,20.0,153,2981381741659803146,201,45,-1,7,-16,90
16,gamma4,20.0,154,2119808015611117434,183,39,0,16,5,91
16,gamma4,20.0,155,851024722242869627,403,49,1,16,-11,148
16,gamma4,20.0,156,518581226681376606,169,27,0,-1,16,75
16,gamma4,20.0,157,7543085668366019626,214,32,0,16,8,94
16,gamma4,20.0,158,5888096314609737648,263,63,-3,1,16,124
16,gamma4,20.0,159,2924525146477935332,178,34,-1,-16,-8,83
16,gamma4,20.0,160,5887274821457256495,219,49,-1,-16,-1,102
16,gamma4,20.0,161,7026371465149313940,92,42,2,-16,-10,57
16,gamma4,20.0,162,6032902095403440875,285,33,0,5,-16,110
16,gamma4,20.0,163,7838063368604731261,173,35,0,-11,-16,83
16,gamma4,20.0,164,8674629100122481695,276,68,2,-10,-16,136
16,gamma4,20.0,165,7687403316680682594,448,28,0,-16,2,129
16,gamma4,20.0,166,3220627284279047112,127,39,-3,5,16,59
16,gamma4,20.0,167,4978493836124523125,124,38,-1,16,-8,63
16,gamma4,20.0,168,5309141297399709534,282,78,-3,-16,2,151
16,gamma4,20.0,169,5124696834342653205,196,42,0,6,16,76
16,gamma4,20.0,170,758209479120452080,627,47,-1,-7,-16,210
16,gamma4,20.0,171,9051936979314870973,146,44,0,16,-6,84
16,gamma4,20.0,172,6480471062264270959,116,52,0,14,-16,71
16,gamma4,20.0,173,7958926387321123823,190,42,1,16,-6,89
16,gamma4,20.0,174,8359117539444564938,291,49,2,-16,7,119
16,gamma4,20.0,175,7639931235644921007,990,32,-1,16,12,283
16,gamma4,20.0,176,7510955921207329029,63,23,1,16,-1,39
16,gamma4,20.0,177,5788102050017151730,376,48,-1,16,6,140
16,gamma4,20.0,178,8505699283945841400,121,33,1,-5,-16,62
16,gamma4,20.0,179,3442806562824417408,362,48,0,-16,6,151
16,gamma4,20.0,180,6479976714839877883,253,41,0,-16,-1,98
16,gamma4,20.0,181,8232856771119944918,539,41,2,16,1,168
16,gamma4,20.0,182,1714077496056400333,480,50,2,-10,-16,158
16,gamma4,20.0,183,1717640746961299554,180,30,0,2,16,79
16,gamma4,20.0,184,612185594821563012,201,37,0,-16,13,84
16,gamma4,20.0,185,6496081929735819170,91,35,0,5,-16,57
16,gamma4,20.0,186,4568905165024561377,330,28,-1,16,4,131
16,gamma4,20.0,187,7424654757409712236,378,34,2,-16,10,148
16,gamma4,20.0,188,8511502430987613082,357,43,-1,16,13,144
16,gamma4,20.0,189,1156151031158817927,401,29,0,3,16,101
16,gamma4,20.0,190,471079861662802833,272,56,-2,4,-16,141
16,gamma4,20.0,191,4215766668478029106,214,38,1,0,16,85
16,gamma4,20.0,192,5531396905187160084,252,24,0,6,-16,83
16,gamma4,20.0,193,3202225072349433097,87,27,1,16,-1,55
16,gamma4,20.0,194,8164525497649503669,313,37,1,-3,-16,119
16,gamma4,20.0,195,1641498145359566716,85,25,-1,-1,16,51
16,gamma4,20.0,196,2596071579092079234,218,40,0,16,0,86
16,gamma4,20.0,197,7511026500844215550,320,38,0,-16,2,122
16,gamma4,20.0,198,3029340909768624830,120,36,0,-16,-6,58
16,gamma4,20.0,199,3667625447201334686,363,27,0,5,16,127
16,gamma4,20.0,200,8781019778468775867,598,56,-2,2,-16,198
16,gamma4,20.0,201,8384000242098285081,190,74,-3,-16,4,101
16,gamma4,20.0,202,4034809019551988805,337,53,-2,16,1,113
16,gamma4,20.0,203,2641836611560131485,104,30,2,16,2,61
16,gamma4,20.0,204,631630844633294132,312,38,0,-12,16,107
16,gamma4,20.0,205,4022348811440500217,241,27,0,-9,-16,84
16,gamma4,20.0,206,4669016901985875987,397,39,-1,-5,-16,159
16,gamma4,20.0,207,757743479337684674,79,27,0,16,1,43
16,gamma4,20.0,208,3577238949515814072,148,38,1,-6,-16,79
16,gamma4,20.0,209,4372305653121901653,191,31,-1,-16,1,73
16,gamma4,20.0,210,1551019557146081803,150,44,2,2,16,82
16,gamma4,20.0,211,1261961789309241940,308,36,-1,-8,-16,128
16,gamma4,20.0,212,2370990188731553435,332,42,2,2,16,136
16,gamma4,20.0,213,8076095973026177532,565,37,1,-16,-3,169
16,gamma4,20.0,214,1403582890751095267,504,28,-1,16,-2,176
16,gamma4,20.0,215,3534700435965165514,159,45,-2,-16,-3,88
16,gamma4,20.0,216,6412639364013255661,75,29,-2,1,-16,39
16,gamma4,20.0,217,8412794846411612746,450,34,1,-16,-10,130
16,gamma4,20.0,218,3957507378637273376,1149,49,-3,-16,-1,299
16,gamma4,20.0,219,8016244727787341805,286,56,2,-12,-16,136
16,gamma4,20.0,220,9132856231850351924,398,50,2,8,16,161
16,gamma4,20.0,221,5444749815469283438,174,56,2,16,-6,99
16,gamma4,20.0,222,7134605634906853657,349,49,-2,-16,-7,151
16,gamma4,20.0,223,7982392254336866248,69,31,-1,-9,16,48
16,gamma4,20.0,224,8702320734014039726,185,31,1,-7,-16,77
16,gamma4,20.0,225,4018439112358478155,352,38,1,14,16,124
16,gamma4,20.0,226,5693367587308095031,1127,35,-2,-5,16,259
16,gamma4,20.0,227,2555750553578092443,206,36,-2,0,16,85
16,gamma4,20.0,228,1411529486362287800,604,42,-2,-16,-12,234
16,gamma4,20.0,229,2605567421908577815,183,29,1,-1,16,73
16,gamma4,20.0,230,1202388727111551559,391,39,-1,16,13,128
16,gamma4,20.0,231,1715376826152786025,119,43,0,-7,16,64
16,gamma4,20.0,232,9083716592475879774,89,35,0,-1,-16,51
16,gamma4,20.0,233,5239295668425169944,321,39,-1,-1,-16,152
16,gamma4,20.0,234,9141868132014977620,188,26,1,-6,-16,89
16,gamma4,20.0,235,2043025172046406160,365,39,0,9,-16,131
16,gamma4,20.0,236,4597828151208435931,79,29,0,3,16,47
16,gamma4,20.0,237,3617356212396098754,233,33,-2,-16,9,97
16,gamma4,20.0,238,7458687389582794876,303,45,1,16,-1,111
16,gamma4,20.0,239,8071415952527393709,77,37,-2,3,-16,52
16,gamma4,20.0,240,1860833005087075958,242,52,0,-16,-2,109
16,gamma4,20.0,241,9165816310658441761,140,44,1,16,-2,66
16,gamma4,20.0,242,5543028257474464500,249,43,-1,-1,16,99
16,gamma4,20.0,243,7676919881533392292,552,66,2,2,16,207
16,gamma4,20.0,244,2179272310325010885,147,33,2,16,-3,66
16,gamma4,20.0,245,5252105230809354158,166,36,0,-4,16,74
16,gamma4,20.0,246,3514927643124903260,179,41,-2,-9,16,74
16,gamma4,20.0,247,6273947544421353467,779,69,1,16,-9,252
16,gamma4,20.0,248,4793309312598016601,548,32,0,-4,-16,160
16,gamma4,20.0,249,8668691121424487618,444,50,-2,6,16,149
16,gamma4,20.0,250,7034410083144420380,314,42,-1,16,-12,115
16,gamma4,20.0,251,1915316973912992885,997,59,2,5,16,305
16,gamma4,20.0,252,3058207195717788624,159,41,-2,3,16,71
16,gamma4,20.0,253,347996557836331155,221,47,0,-13,16,93
16,gamma4,20.0,254,6325642685734367634,734,34,0,16,-8,223
16,gamma4,20.0,255,8974799863914168031,286,28,0,-16,0,97
16,gamma4,20.0,256,5992178927018187468,317,47,-1,16,-7,123
16,gamma4,20.0,257,7435236111926905617,139,33,-1,16,1,73
16,gamma4,20.0,258,4064679782917264610,159,25,0,1,16,71
16,gamma4,20.0,259,2398881555411810683,785,29,-2,16,5,205
16,gamma4,20.0,260,1596047649993215327,584,64,3,16,-6,179
16,gamma4,20.0,261,6445731055363491363,188,44,2,-8,-16,88
16,gamma4,20.0,262,7343878720666454188,334,32,0,2,16,148
16,gamma4,20.0,263,8089288969948561237,63,25,-1,-1,16,38
16,gamma4,20.0,264,8707758384619175641,173,27,1,3,16,71
16,gamma4,20.0,265,5186034255482770413,228,46,0,12,-16,99
16,gamma4,20.0,266,1237063054867892669,50,26,0,2,16,32
16,gamma4,20.0,267,6122239045002354327,274,56,2,-4,-16,106
16,gamma4,20.0,268,7747215368356879107,725,33,1,3,-16,193
16,gamma4,20.0,269,3958099527399231391,859,43,2,7,16,232
16,gamma4,20.0,270,3696346310545797423,244,34,1,-16,2,95
16,gamma4,20.0,271,1418206724740301230,148,40,0,-12,16,80
16,gamma4,20.0,272,6341740877552300069,151,31,-1,-7,16,67
16,gamma4,20.0,273,2976879809438771390,133,37,1,3,16,64
16,gamma4,20.0,274,3755762788108758046,330,38,-1,-6,16,116
16,gamma4,20.0,275,815770671958836361,178,44,0,4,-16,86
16,gamma4,20.0,276,5313813846304492770,54,36,-2,-16,4,39
16,gamma4,20.0,277,8649862387060371492,141,31,1,-16,3,75
16,gamma4,20.0,278,6980916827246365912,145,53,-1,9,16,80
16,gamma4,20.0,279,7364888418552975213,257,47,-2,16,-7,94
16,gamma4,20.0,280,4843372706730530542,106,28,1,-16,-6,51
16,gamma4,20.0,281,707687808894133132,113,35,-2,5,16,56
16,gamma4,20.0,282,6276900689122854307,110,34,0,-16,6,57
16,gamma4,20.0,283,6950252396107722668,131,41,-4,-7,16,72
16,gamma4,20.0,284,479290081521061851,120,34,1,-4,16,59
16,gamma4,20.0,285,6457802860612673472,212,32,1,0,-16,100
16,gamma4,20.0,286,4769252688865931312,382,52,-1,-12,16,183
16,gamma4,20.0,287,4233261827791574221,102,36,0,-4,-16,68
16,gamma4,20.0,288,2761864731894934851,255,35,0,16,-1,90
16,gamma4,20.0,289,9101623268636909842,294,44,-2,16,0,119
16,gamma4,20.0,290,5046101953387542982,359,51,1,-16,13,170
16,gamma4,20.0,291,2736720915616733011,181,37,1,7,16,84
16,gamma4,20.0,292,268728818157102260,334,24,1,16,-6,119
16,gamma4,20.0,293,449122359365949673,83,25,0,1,16,39
16,gamma4,20.0,294,4491674750313277796,200,58,1,-16,10,95
16,gamma4,20.0,295,7394740415998237452,132,34,1,-16,4,73
16,gamma4,20.0,296,1038184903936904324,168,62,1,16,-10,95
16,gamma4,20.0,297,9212872490905635598,464,24,-1,2,-16,123
16,gamma4,20.0,298,3241696220183892427,469,35,1,-7,-16,176
16,gamma4,20.0,299,7451825491980075183,861,47,-1,16,3,214
16,gamma4,20.0,300,8592609105393879558,233,33,1,16,5,101
16,gamma4,20.0,301,8381020399821964447,515,55,-1,-11,16,161
16,gamma4,20.0,302,8098411356648775612,147,31,0,-16,-1,68
16,gamma4,20.0,303,8004789197566996731,361,43,0,-16,5,147
16,gamma4,20.0,304,4488978427516539849,284,62,2,6,16,129
16,gamma4,20.0,305,897318279380448676,209,47,0,-16,9,93
16,gamma4,20.0,306,2561972530298889716,425,45,-4,9,-16,167
16,gamma4,20.0,307,6595329898994650793,108,32,1,-6,-16,55
16,gamma4,20.0,308,953970616833727250,386,34,0,-4,-16,139
16,gamma4,20.0,309,9069764589481232543,161,51,0,-3,-16,92
16,gamma4,20.0,310,1538042266781869971,105,31,0,-16,1,50
16,gamma4,20.0,311,3358473811122762785,624,36,0,8,16,208
16,gamma4,20.0,312,857287843265311171,150,28,0,-16,4,82
16,gamma4,20.0,313,5880979181637270320,976,44,2,-4,-16,272
16,gamma4,20.0,314,7517585522470642644,145,37,2,3,-16,66
16,gamma4,20.0,315,1599825048559283925,143,43,-2,-16,5,76
16,gamma4,20.0,316,2038029667596152068,1001,37,2,-16,-9,273
16,gamma4,20.0,317,9163320847549166678,144,50,-1,2,-16,81
16,gamma4,20.0,318,7094127988265156562,151,41,0,16,3,68
16,gamma4,20.0,319,8504674607348892953,135,63,0,9,16,87
16,gamma4,20.0,320,6369611428714366553,1322,76,3,-16,-4,323
16,gamma4,20.0,321,3076733246439129636,457,61,-2,16,-1,184
16,gamma4,20.0,322,8063793828750215056,171,35,0,1,-16,70
16,gamma4,20.0,323,7674541670495376909,264,38,1,16,-2,88
16,gamma4,20.0,324,30529791247014598,460,38,0,16,-2,178
16,gamma4,20.0,325,7148338341847985232,242,28,-1,16,2,80
16,gamma4,20.0,326,2126799621564487494,478,34,-1,4,-16,185
16,gamma4,20.0,327,7082449681126564927,251,39,-1,16,-5,105
16,gamma4,20.0,328,1982471665101536170,629,33,1,9,16,244
16,gamma4,20.0,329,7593114315180416570,613,55,2,-9,-16,210
16,gamma4,20.0,330,8913664222407450034,221,45,-2,-16,7,90
16,gamma4,20.0,331,4185721165268923492,183,45,3,-16,-7,88
16,gamma4,20.0,332,1357630647238796526,401,35,1,-1,16,137
16,gamma4,20.0,333,1269522416338136608,384,38,-1,0,-16,138
16,gamma4,20.0,334,9073490185179376713,359,59,-1,16,-1,134
16,gamma4,20.0,335,4059462710091468679,399,37,0,-11,16,154
16,gamma4,20.0,336,2148836224747582837,373,55,-3,3,-16,160
16,gamma4,20.0,337,6814577408702434533,195,33,-1,-5,-16,74
16,gamma4,20.0,338,4360196011423987932,192,28,1,-16,8,72
16,gamma4,20.0,339,1216170243452835546,167,55,2,-16,11,100
16,gamma4,20.0,340,2632100813268467766,460,36,0,-8,-16,170
16,gamma4,20.0,341,5039974058151590535,515,27,0,16,5,211
16,gamma4,20.0,342,424451067298175626,112,30,0,16,-8,57
16,gamma4,20.0,343,3059443615225229318,322,68,-2,-16,0,139
16,gamma4,20.0,344,4220780579617174001,227,33,1,-16,3,90
16,gamma4,20.0,345,6296933913073649880,420,36,0,-2,16,144
16,gamma4,20.0,346,1205935501227574720,217,33,0,-16,-3,85
16,gamma4,20.0,347,376609582732437447,220,34,-1,-16,-10,113
16,gamma4,20.0,348,3483390407057497104,361,35,-1,16,7,99
16,gamma4,20.0,349,7458141202040804125,131,33,1,16,-1,56
16,gamma4,20.0,350,8734019204937103842,103,29,0,-16,1,54
16,gamma4,20.0,351,5391705323856146149,209,33,0,-13,-16,89
16,gamma4,20.0,352,5435712971277909789,504,40,-1,10,-16,194
16,gamma4,20.0,353,6215971105422467168,484,44,0,16,0,187
16,gamma4,20.0,354,1688817175561817451,451,37,1,16,-9,160
16,gamma4,20.0,355,6248740575715037389,305,37,1,-3,-16,118
16,gamma4,20.0,356,7157069425547875357,54,30,2,-16,2,36
16,gamma4,20.0,357,3525123644452491618,186,28,0,-6,16,77
16,gamma4,20.0,358,4232107129443101234,131,49,1,16,-1,69
16,gamma4,20.0,359,6828952027927226190,221,35,1,16,1,79
16,gamma4,20.0,360,3036898562759058627,65,43,0,16,9,52
16,gamma4,20.0,361,3309800980754117229,271,69,-1,1,16,132
16,gamma4,20.0,362,959846321466490955,229,43,-1,3,-16,102
16,gamma4,20.0,363,1620797755323214632,120,28,0,-4,16,50
16,gamma4,20.0,364,6365659586791691532,170,28,-1,-6,16,86
16,gamma4,20.0,365,3196824889551614056,177,39,1,16,-3,84
16,gamma4,20.0,366,7572648518580363214,436,26,0,-6,-16,154
16,gamma4,20.0,367,6981386771684446682,244,50,1,-2,-16,125
16,gamma4,20.0,368,6641146228712635672,317,45,-2,16,7,131
16,gamma4,20.0,369,815385410279512042,122,28,0,-4,-16,60
16,gamma4,20.0,370,303105182491365904,245,53,2,-7,-16,117
16,gamma4,20.0,371,2065145983307222199,136,42,-1,-16,6,80
16,gamma4,20.0,372,1596063636786679214,572,50,1,16,2,169
16,gamma4,20.0,373,7442770164321286076,325,39,1,3,-16,129
16,gamma4,20.0,374,4188799549786933807,107,29,1,-5,16,56
16,gamma4,20.0,375,8014490343749068401,211,35,0,16,-1,90
16,gamma4,20.0,376,7269615742556432320,123,25,0,16,-1,50
16,gamma4,20.0,377,900485528335809555,193,41,-1,16,-9,90
16,gamma4,20.0,378,30931824727281858,145,37,-1,-3,-16,62
16,gamma4,20.0,379,8141129011483010619,261,45,2,5,-16,115
16,gamma4,20.0,380,7920562438712743835,617,47,3,16,-13,204
16,gamma4,20.0,381,404767950808906857,245,39,1,-16,7,97
16,gamma4,20.0,382,7053945994486640514,447,73,2,16,-1,158
16,gamma4,20.0,383,8616748542396135381,538,36,-1,-4,16,177
16,gamma4,20.0,384,933332458124589069,410,50,3,-16,0,140
16,gamma4,20.0,385,7679832964165488710,286,46,0,16,-8,104
16,gamma4,20.0,386,5788569541769206646,356,42,2,-10,-16,123
16,gamma4,20.0,387,1831843511247127074,270,52,0,16,-6,120
16,gamma4,20.0,388,4200864697280727900,218,28,0,-10,-16,88
16,gamma4,20.0,389,6505950657298585204,528,30,0,16,-10,133
16,gamma4,20.0,390,5272272725156859679,106,38,-1,4,16,60
16,gamma4,20.0,391,9123888819000990415,165,43,1,-16,-7,79
16,gamma4,20.0,392,5345198575325536689,276,34,1,0,16,112
16,gamma4,20.0,393,9133429564416371703,535,43,0,16,9,157
16,gamma4,20.0,394,3377813784740553366,247,33,3,-1,16,104
16,gamma4,20.0,395,2181069042066489268,161,31,1,1,-16,70
16,gamma4,20.0,396,1127105558226269874,256,58,0,4,-16,121
16,gamma4,20.0,397,1378024510745258463,51,31,1,-16,1,38
16,gamma4,20.0,398,7377942549706499564,150,38,-2,16,6,68
16,gamma4,20.0,399,8568908736678107631,211,37,0,16,-9,110
16,gamma4,20.0,400,862534206407727691,143,53,-1,-15,-16,89
16,gamma4,20.0,401,8878398697130289032,189,35,-1,-7,-16,87
16,gamma4,20.0,402,6033911224146165322,456,46,1,6,-16,165
16,gamma4,20.0,403,6279825792441090181,250,54,-1,16,8,102
16,gamma4,20.0,404,8914912516254740501,857,23,1,1,16,176
16,gamma4,20.0,405,6539095610053174378,348,42,-1,-6,-16,106
16,gamma4,20.0,406,1670136700909359543,132,40,0,-16,2,60
16,gamma4,20.0,407,724088709797214233,205,35,-1,-11,16,78
16,gamma4,20.0,408,5926588947497448282,147,55,-1,3,-16,82
16,gamma4,20.0,409,2127817193584461399,496,36,0,-14,16,173
16,gamma4,20.0,410,8077880611126610881,500,46,2,10,16,171
16,gamma4,20.0,411,232608712233636500,97,27,0,1,16,49
16,gamma4,20.0,412,5122296630945514078,543,77,1,-16,-1,205
16,gamma4,20.0,413,4543720639318431183,343,63,-5,-15,16,131
16,gamma4,20.0,414,6356543647251510019,314,46,-1,16,10,133
16,gamma4,20.0,415,922817494144561744,81,35,2,-16,-3,52
16,gamma4,20.0,416,9042322623081167460,209,45,-2,13,16,85
16,gamma4,20.0,417,2786655685838011548,148,34,-1,-4,16,73
16,gamma4,20.0,418,7922723152384740137,782,32,0,6,-16,262
16,gamma4,20.0,419,658219771633071172,400,46,2,-16,-8,169
16,gamma4,20.0,420,2057411183963237260,897,33,-1,-16,-11,242
16,gamma4,20.0,421,5794924709169630275,77,35,1,-16,3,48
16,gamma4,20.0,422,3059764940877543696,536,58,3,0,16,194
16,gamma4,20.0,423,1575079767758658247,247,37,0,9,16,96
16,gamma4,20.0,424,1250330837823961778,146,40,0,8,-16,67
16,gamma4,20.0,425,4602720646608082969,435,53,2,-1,-16,143
16,gamma4,20.0,426,6789014973324916575,250,44,1,-10,16,100
16,gamma4,20.0,427,6653112484346823697,202,34,1,16,-8,84
16,gamma4,20.0,428,1651231854330598561,309,31,1,16,-3,118
16,gamma4,20.0,429,8159994581112968671,264,30,0,4,-16,129
16,gamma4,20.0,430,2910788183168120972,99,25,0,-7,-16,58
16,gamma4,20.0,431,7421982226034067537,674,54,0,16,-2,230
16,gamma4,20.0,432,3007849433164444440,286,32,0,16,8,105
16,gamma4,20.0,433,8141906424760991555,423,29,0,-1,-16,176
16,gamma4,20.0,434,7686100217685338696,56,28,0,16,0,34
16,gamma4,20.0,435,2336661625324748106,266,34,2,-16,2,114
16,gamma4,20.0,436,717415527704579855,373,43,-2,16,-9,139
16,gamma4,20.0,437,6530183233432106730,245,41,1,16,-5,96
16,gamma4,20.0,438,8864219914611675191,608,72,0,-16,10,208
16,gamma4,20.0,439,6112187769741034843,193,43,0,-16,13,102
16,gamma4,20.0,440,5722755046947903934,226,66,-1,16,-8,112
16,gamma4,20.0,441,4859927023652119569,102,32,0,-4,-16,54
16,gamma4,20.0,442,3567446731638575251,441,89,-2,-3,-16,157
16,gamma4,20.0,443,3932315525370572183,358,34,-1,-16,6,161
16,gamma4,20.0,444,4868543001055090851,484,36,-1,12,16,144
16,gamma4,20.0,445,4394461484688944174,308,52,2,16,-2,127
16,gamma4,20.0,446,9066056097984747543,152,26,0,-16,4,69
16,gamma4,20.0,447,6378843166750266143,135,35,0,-9,16,77
16,gamma4,20.0,448,8521362799593322593,114,22,-1,4,-16,59
16,gamma4,20.0,449,998327477578291917,211,39,-2,-7,-16,84
16,gamma4,20.0,450,2474707846649921204,395,41,-3,16,5,151
16,gamma4,20.0,451,23183793253504814,114,18,0,16,2,54
16,gamma4,20.0,452,3916404839763483293,81,37,0,-16,-7,50
16,gamma4,20.0,453,3552261449999825225,403,59,-1,5,16,203
16,gamma4,20.0,454,3032283872955397511,219,65,3,-1,-16,123
16,gamma4,20.0,455,4880607919834101064,213,29,-1,-16,-7,79
16,gamma4,20.0,456,407973384055128735,207,49,-2,-7,16,105
16,gamma4,20.0,457,8492921489381962467,369,43,2,-5,16,162
16,gamma4,20.0,458,1389343054803922015,103,25,-1,3,-16,46
16,gamma4,20.0,459,8306809909292104052,268,32,0,6,-16,117
16,gamma4,20.0,460,2918617676205784117,180,38,1,-16,6,87
16,gamma4,20.0,461,5467193919419754577,301,35,1,16,1,127
16,gamma4,20.0,462,6505704022714567048,757,47,1,16,7,247
16,gamma4,20.0,463,8153790949821028870,109,37,0,-1,16,58
16,gamma4,20.0,464,366766480165457318,197,39,3,16,-1,92
16,gamma4,20.0,465,2252087093120750693,246,28,0,-16,-2,88
16,gamma4,20.0,466,3427059964482296441,188,56,1,16,14,88
16,gamma4,20.0,467,6170231377972672896,120,42,-1,-16,-6,73
16,gamma4,20.0,468,6564842205763011492,627,29,1,7,16,167
16,gamma4,20.0,469,6190614068021099655,678,38,2,16,-2,168
16,gamma4,20.0,470,8508019387091231544,155,31,1,16,1,79
16,gamma4,20.0,471,9094062358465663596,225,43,1,16,-9,106
16,gamma4,20.0,472,6648507567087134607,316,52,-1,6,16,126
16,gamma4,20.0,473,6961311178414709849,221,45,1,-5,-16,108
16,gamma4,20.0,474,567817645363033656,271,75,2,3,-16,137
16,gamma4,20.0,475,189959022015329020,174,32,-2,-16,-8,76
16,gamma4,20.0,476,7681414685662369030,383,47,0,16,-5,171
16,gamma4,20.0,477,3947021744725710025,390,34,-1,0,16,143
16,gamma4,20.0,478,1288695047077167992,460,32,0,2,16,169
16,gamma4,20.0,479,5873628416526975968,169,37,0,9,16,81
16,gamma4,20.0,480,8322957422389464430,371,45,0,-16,3,138
16,gamma4,20.0,481,9103757106935464094,148,36,1,-16,-14,69
16,gamma4,20.0,482,4304364228460631004,1138,34,0,8,16,260
16,gamma4,20.0,483,7114783930347069917,52,24,0,-16,6,37
16,gamma4,20.0,484,1496863852679915529,223,21,0,16,3,88
16,gamma4,20.0,485,2259929359328681254,574,30,-1,-4,16,194
16,gamma4,20.0,486,2852471073134810368,129,47,-2,-7,16,73
16,gamma4,20.0,487,5137451422992517603,170,34,1,16,-8,83
16,gamma4,20.0,488,4674281574849955874,352,32,-1,-16,-12,121
16,gamma4,20.0,489,1061966280427469208,163,43,1,-16,5,74
16,gamma4,20.0,490,101207029608909465,447,57,0,-5,-16,184
16,gamma4,20.0,491,1643969475006683075,765,41,1,16,-9,249
16,gamma4,20.0,492,6837489147528218695,829,29,-1,11,-16,274
16,gamma4,20.0,493,3563458348349474456,60,28,0,-8,-16,37
16,gamma4,20.0,494,6730160602541903325,337,39,1,16,9,109
16,gamma4,20.0,495,5699706446265319347,342,26,1,-4,-16,118
16,gamma4,20.0,496,7163845203787724326,624,32,-1,0,-16,241
16,gamma4,20.0,497,964056661539347432,125,33,0,16,7,64
16,gamma4,20.0,498,7747819670485435731,225,31,-2,-16,-1,89
16,gamma4,20.0,499,7862504638400053567,366,50,-3,16,6,166
16,gamma4,20.0,500,6626749677598143519,943,49,-2,-16,-7,236
16,gamma4,20.0,501,3777134312180958784,134,42,-1,-4,16,69
16,gamma4,20.0,502,5612800564882783792,185,25,0,16,-1,72
16,gamma4,20.0,503,1612738917187991293,256,48,1,2,16,122
16,gamma4,20.0,504,5823202713577212418,415,31,0,16,1,155
16,gamma4,20.0,505,5869384623586790782,766,50,3,2,16,240
16,gamma4,20.0,506,3688302002670117356,113,43,-1,-16,1,65
16,gamma4,20.0,507,5397792181439515012,143,47,-2,16,-9,80
16,gamma4,20.0,508,5136840905270614594,439,53,-1,-3,16,139
16,gamma4,20.0,509,6135648309282587577,210,24,-1,16,2,100
16,gamma4,20.0,510,2019589803341423205,554,32,1,2,16,190
16,gamma4,20.0,511,8008484792048279112,192,34,0,-16,-8,83
16,gamma4,20.0,512,3300414219605648457,192,42,1,-16,4,81
16,gamma4,20.0,513,5927502416896341699,883,29,0,16,-1,244
16,gamma4,20.0,514,8931604799107057532,278,42,2,-8,-16,120
16,gamma4,20.0,515,3396401895023991210,137,43,0,-3,-16,63
16,gamma4,20.0,516,4303368055070615435,189,37,0,-11,-16,69
16,gamma4,20.0,517,107457279766086975,96,44,0,2,16,64
16,gamma4,20.0,518,4310955714964812109,514,48,2,2,16,174
16,gamma4,20.0,519,138319166564008927,395,71,2,16,-7,148
16,gamma4,20.0,520,8917409037686515404,209,31,-1,16,5,89
16,gamma4,20.0,521,5311465911192177454,164,42,1,16,-4,90
16,gamma4,20.0,522,3143533473964111927,119,47,-2,16,1,69
16,gamma4,20.0,523,4551726297727632712,110,34,0,-16,8,62
16,gamma4,20.0,524,3529574372851042278,571,35,1,-11,-16,185
16,gamma4,20.0,525,8533691314785670144,91,27,-1,-3,-16,51
16,gamma4,20.0,526,3717620036751202740,1155,51,1,7,16,226
16,gamma4,20.0,527,5136984119458422001,134,34,1,6,16,70
16,gamma4,20.0,528,2247141724338112327,99,25,-2,16,1,62
16,gamma4,20.0,529,4690041148902974089,261,41,2,-16,-1,97
16,gamma4,20.0,530,3977285945902135235,82,30,1,-4,-16,47
16,gamma4,20.0,531,455850796499456597,191,49,1,-16,9,79
16,gamma4,20.0,532,9110173695537491667,97,41,-2,-5,16,62
16,gamma4,20.0,533,6590205095045871100,150,50,-1,14,16,81
16,gamma4,20.0,534,3810241380701527999,133,41,0,-3,-16,65
16,gamma4,20.0,535,8004341219263285907,201,61,-2,-3,16,102
16,gamma4,20.0,536,2969420641612687668,649,37,-1,-7,16,236
16,gamma4,20.0,537,3035817892493525589,169,45,-3,-16,-7,76
16,gamma4,20.0,538,7109978511713062256,58,24,0,-2,16,32
16,gamma4,20.0,539,2380259463161268697,161,47,1,-16,7,80
16,gamma4,20.0,540,638797819038405701,346,40,0,-16,-8,111
16,gamma4,20.0,541,6532644798139576020,430,54,-2,-16,0,159
16,gamma4,20.0,542,2898545683482294597,145,39,0,5,16,71
16,gamma4,20.0,543,8441137313222949559,140,30,-1,6,-16,65
16,gamma4,20.0,544,5755946158737484665,116,28,1,-16,0,51
16,gamma4,20.0,545,7784224304086300456,90,38,0,-16,4,53
16,gamma4,20.0,546,170030881595278189,193,43,0,7,16,92
16,gamma4,20.0,547,4558531256126158556,356,42,-1,-6,16,129
16,gamma4,20.0,548,1776426181202450907,450,44,1,-10,16,193
16,gamma4,20.0,549,6367879241300522656,181,27,0,1,16,75
16,gamma4,20.0,550,3793793515347717895,226,60,0,16,12,108
16,gamma4,20.0,551,1697580294454009915,323,49,-1,16,-3,132
16,gamma4,20.0,552,1010263434257957973,432,66,-2,-16,-10,188
16,gamma4,20.0,553,1257252645869209181,87,31,0,16,-7,48
16,gamma4,20.0,554,2390070273139195178,260,40,2,-16,-2,97
16,gamma4,20.0,555,7376879168930460996,1051,49,1,7,16,294
16,gamma4,20.0,556,8278918655050722927,166,34,0,-4,-16,76
16,gamma4,20.0,557,2442866345560759186,174,34,-1,16,6,71
16,gamma4,20.0,558,273824861767173789,107,27,0,7,16,54
16,gamma4,20.0,559,5076540901666293989,681,27,1,-1,-16,155
16,gamma4,20.0,560,6490094478924073231,714,66,4,16,0,222
16,gamma4,20.0,561,4731978076945204650,173,47,-1,3,16,83
16,gamma4,20.0,562,9177812194315193061,165,61,-1,-9,16,88
16,gamma4,20.0,563,5169524086243513248,471,31,1,-16,-1,147
16,gamma4,20.0,564,4054973991018786607,638,38,0,-4,16,250
16,gamma4,20.0,565,9004325162135380604,366,62,-3,16,0,145
16,gamma4,20.0,566,922370755286470168,909,51,-1,1,-16,298
16,gamma4,20.0,567,2419720985631640821,128,28,0,16,2,59
16,gamma4,20.0,568,7659092088167182015,72,48,-1,0,16,55
16,gamma4,20.0,569,8116525505021368481,208,68,2,4,-16,103
16,gamma4,20.0,570,1079557091948716513,590,90,3,8,16,216
16,gamma4,20.0,571,5884674474748750970,303,73,-1,-16,11,146
16,gamma4,20.0,572,320855039256590323,395,37,-2,1,16,163
16,gamma4,20.0,573,5555288855112179002,220,50,-3,4,16,108
16,gamma4,20.0,574,5469833630028399043,280,40,1,-16,14,124
16,gamma4,20.0,575,4010602815366801163,642,92,0,8,-16,226
16,gamma4,20.0,576,2243705966807191904,358,48,0,-10,-16,173
16,gamma4,20.0,577,8434351799077755842,84,38,1,16,-6,48
16,gamma4,20.0,578,1230171531076243762,186,40,2,8,16,79
16,gamma4,20.0,579,3055496647303752105,309,47,0,-16,-1,127
16,gamma4,20.0,580,2690332507411798587,260,50,2,6,16,117
16,gamma4,20.0,581,8900357976227128895,183,39,-3,-16,-3,86
16,gamma4,20.0,582,4143936993903286271,325,59,0,-3,-16,130
16,gamma4,20.0,583,7176546223701270678,182,40,-1,4,-16,91
16,gamma4,20.0,584,228649640114956362,285,27,0,-16,-7,94
16,gamma4,20.0,585,7256897743426310598,320,30,-1,16,-2,97
16,gamma4,20.0,586,3043958791339841064,346,46,-2,16,4,151
16,gamma4,20.0,587,8600798221043733034,191,29,1,-16,1,80
16,gamma4,20.0,588,1119428914726668630,370,66,1,16,-2,148
16,gamma4,20.0,589,2821654410242577433,167,35,0,-7,16,78
16,gamma4,20.0,590,2383478450753346062,191,37,1,-5,16,101
16,gamma4,20.0,591,8071532878826088886,111,29,1,16,-5,47
16,gamma4,20.0,592,6124936569383633135,80,32,-1,-2,-16,50
16,gamma4,20.0,593,3956892383346614131,210,38,0,-16,10,103
16,gamma4,20.0,594,8782175620522148396,154,30,2,0,-16,65
16,gamma4,20.0,595,8969249793426580225,239,65,1,-11,16,122
16,gamma4,20.0,596,1927604028788490700,361,41,2,16,1,165
16,gamma4,20.0,597,8585243447166027062,485,35,0,7,16,202
16,gamma4,20.0,598,4566374826220557909,512,64,2,-12,16,185
16,gamma4,20.0,599,8945997618680718421,216,32,0,-8,16,86
16,gamma4,20.0,600,9169309641725405844,353,57,3,16,-3,148
16,gamma4,20.0,601,4083560772383076049,526,60,2,16,-10,162
16,gamma4,20.0,602,8114691030715944654,613,63,1,11,16,165
16,gamma4,20.0,603,3396699435455928658,128,44,-1,6,16,75
16,gamma4,20.0,604,2842941475814406259,1053,59,-2,1,-16,294
16,gamma4,20.0,605,2058359330453172453,243,43,1,16,-5,91
16,gamma4,20.0,606,4466152047778960511,174,40,1,-16,-2,89
16,gamma4,20.0,607,509312193014483496,88,30,0,-16,0,56
16,gamma4,20.0,608,7911848473468771149,211,51,-4,9,16,103
16,gamma4,20.0,609,6154597335811474360,415,43,-4,3,16,165
16,gamma4,20.0,610,1645635717016984559,526,26,-1,-4,-16,169
16,gamma4,20.0,611,5999181640889220412,214,40,0,16,12,86
16,gamma4,20.0,612,1858160624402514028,609,21,1,-3,-16,217
16,gamma4,20.0,613,654189802452288548,249,45,1,-3,16,98
16,gamma4,20.0,614,4275490577006578552,308,46,1,-16,-4,134
16,gamma4,20.0,615,8083954646292166245,119,39,3,16,7,72
16,gamma4,20.0,616,5926775339581238928,303,51,-1,16,13,111
16,gamma4,20.0,617,1082254464482135223,628,44,2,-2,16,228
16,gamma4,20.0,618,4581744146455017023,470,40,-1,-6,16,151
16,gamma4,20.0,619,542828025701217281,481,43,-3,16,-7,170
16,gamma4,20.0,620,3541935287423886542,197,27,1,-16,-3,95
16,gamma4,20.0,621,2210508951781093336,353,53,-1,11,16,128
16,gamma4,20.0,622,6721294243855541154,493,39,2,-16,-1,178
16,gamma4,20.0,623,1982919692501124965,258,60,-3,-16,-4,109
16,gamma4,20.0,624,8871228828081906736,306,56,-4,16,14,124
16,gamma4,20.0,625,7715466244899873146,160,32,-1,-2,16,77
16,gamma4,20.0,626,3589467437693749067,640,54,-3,-4,-16,201
16,gamma4,20.0,627,532864708385998674,94,38,-2,-16,-4,54
16,gamma4,20.0,628,650761157045014977,343,29,1,16,-1,125
16,gamma4,20.0,629,6235380082376964289,197,35,-1,13,16,88
16,gamma4,20.0,630,2593675580669211385,128,26,1,-16,6,61
16,gamma4,20.0,631,8430699141336968959,145,37,1,7,16,74
16,gamma4,20.0,632,3543483559168126402,511,35,1,3,16,155
16,gamma4,20.0,633,6939659739286747713,197,39,1,-9,-16,78
16,gamma4,20.0,634,5852671935472421627,215,29,0,7,-16,91
16,gamma4,20.0,635,3375604561283303054,150,30,0,0,16,70
16,gamma4,20.0,636,898085074564747042,183,27,-1,3,16,80
16,gamma4,20.0,637,1055996416687735129,156,30,0,16,-6,77
16,gamma4,20.0,638,5397885831377724532,370,42,3,16,-14,138
16,gamma4,20.0,639,6203710382013423539,364,48,1,-16,8,152
16,gamma4,20.0,640,5469557616894648785,334,32,0,16,0,104
16,gamma4,20.0,641,8778003575908716529,108,34,-2,16,10,59
16,gamma4,20.0,642,5197265413395717837,92,30,-1,6,16,58
16,gamma4,20.0,643,7736041897024347907,135,37,2,11,16,68
16,gamma4,20.0,644,5746936809872305567,179,29,1,-16,1,83
16,gamma4,20.0,645,70626315041258784,516,40,-2,16,0,200
16,gamma4,20.0,646,5207893532133221755,210,58,-4,-16,0,107
16,gamma4,20.0,647,2941972803924706343,150,54,3,16,6,92
16,gamma4,20.0,648,2213799685689395528,134,28,0,16,4,64
16,gamma4,20.0,649,1360678158420682622,451,47,1,16,1,153
16,gamma4,20.0,650,5306094903451969159,189,61,1,-5,16,107
16,gamma4,20.0,651,164496666926512537,224,36,0,4,-16,100
16,gamma4,20.0,652,9091756214155683986,106,32,0,-16,-2,51
16,gamma4,20.0,653,3015034223872483022,423,35,0,-9,-16,130
16,gamma4,20.0,654,8277492753050143951,438,38,-1,16,-4,105
16,gamma4,20.0,655,8171459356237645033,81,31,0,-7,16,44
16,gamma4,20.0,656,2976301447012097872,387,41,0,3,16,125
16,gamma4,20.0,657,2002429970476884810,264,40,1,-4,16,114
16,gamma4,20.0,658,2161022504949973633,247,53,2,-1,16,104
16,gamma4,20.0,659,5638693687931440098,514,44,1,-8,-16,146
16,gamma4,20.0,660,4760176067849698451,345,27,-1,1,-16,138
16,gamma4,20.0,661,6063569395442058553,125,47,1,13,-16,72
16,gamma4,20.0,662,6978625037679532096,267,47,0,-5,-16,119
16,gamma4,20.0,663,2885457231461327031,78,36,1,-12,-16,52
16,gamma4,20.0,664,5349841751681078976,557,55,0,11,16,200
16,gamma4,20.0,665,1829216104714172939,87,23,-1,1,16,45
16,gamma4,20.0,666,8513731305771350611,144,42,2,-16,10,67
16,gamma4,20.0,667,4478676914697010837,97,31,1,-16,-1,52
16,gamma4,20.0,668,900497095504517312,600,28,0,16,4,183
16,gamma4,20.0,669,1130691195914426726,121,51,-1,-16,-3,71
16,gamma4,20.0,670,8500582842893236206,46,22,0,-2,16,27
16,gamma4,20.0,671,7429871779935023778,220,42,2,-6,-16,84
16,gamma4,20.0,672,1943002011894552950,191,35,1,-16,3,78
16,gamma4,20.0,673,6236832285636788459,210,50,4,16,-12,103
16,gamma4,20.0,674,8093047229761428772,963,43,0,9,16,303
16,gamma4,20.0,675,485895906310392648,199,39,0,5,16,88
16,gamma4,20.0,676,5032004671055745903,279,39,0,16,-11,99
16,gamma4,20.0,677,7250549924267278063,394,36,0,16,8,140
16,gamma4,20.0,678,7398818495570575402,425,37,1,7,-16,146
16,gamma4,20.0,679,4485669024047658488,136,46,4,-16,2,75
16,gamma4,20.0,680,1424779229946320671,131,33,0,-16,5,53
16,gamma4,20.0,681,2539215577461448438,1027,45,1,-16,-11,304
16,gamma4,20.0,682,7367118580876062992,266,54,-1,16,10,106
16,gamma4,20.0,683,7674336727747914268,170,36,0,16,0,77
16,gamma4,20.0,684,4796190669611329074,417,29,-1,1,-16,149
16,gamma4,20.0,685,2940585971785483753,417,33,-1,-16,-5,121
16,gamma4,20.0,686,4166007899681029621,473,27,-1,3,-16,147
16,gamma4,20.0,687,3792429701051639211,721,61,2,-16,11,268
16,gamma4,20.0,688,8941918919432037076,886,54,0,-16,10,289
16,gamma4,20.0,689,1456327080352398590,94,22,0,-2,-16,51
16,gamma4,20.0,690,1339990102846749616,803,39,-1,5,16,249
16,gamma4,20.0,691,1364803742222161260,120,38,1,16,-10,69
16,gamma4,20.0,692,6921320657933237058,155,41,-1,1,16,78
16,gamma4,20.0,693,7240680946473522993,376,56,4,-2,16,153
16,gamma4,20.0,694,8293671588673043210,528,54,0,8,16,195
16,gamma4,20.0,695,1610434865440228283,165,35,-1,-16,-3,76
16,gamma4,20.0,696,8079519987822799664,155,35,2,-1,-16,64
16,gamma4,20.0,697,1751289287407807457,453,39,-1,9,-16,160
16,gamma4,20.0,698,3322753793408738883,154,40,0,16,4,74
16,gamma4,20.0,699,7798415789671654633,182,42,0,-6,-16,96
32,gamma4,20.0,0,9184564810450155941,2033,107,1,32,-9,468
32,gamma4,20.0,1,6746207430887820479,2208,270,3,32,2,809
32,gamma4,20.0,2,6166649217516635339,1977,193,0,-23,32,787
32,gamma4,20.0,3,4501636284897158007,487,71,1,32,-9,197
32,gamma4,20.0,4,8865475279650370108,364,118,1,-32,-18,188
32,gamma4,20.0,5,8256268286843145813,1010,88,-3,-32,0,403
32,gamma4,20.0,6,2501010816374075360,1067,99,-2,32,1,366
32,gamma4,20.0,7,1492283807487063070,777,81,-1,-15,32,316
32,gamma4,20.0,8,8737155029811415327,2191,227,2,32,15,795
32,gamma4,20.0,9,392437191835330676,2258,74,1,-2,32,672
32,gamma4,20.0,10,5517137845956674673,912,88,0,32,22,328
32,gamma4,20.0,11,4588222527726351752,736,130,-1,26,32,282
32,gamma4,20.0,12,5713425017114354076,714,130,-1,32,-20,310
32,gamma4,20.0,13,4450183917479082011,442,84,-1,0,-32,215
32,gamma4,20.0,14,3563735513153044430,1377,79,0,-1,-32,467
32,gamma4,20.0,15,2541527170569542035,246,98,3,32,2,151
32,gamma4,20.0,16,4865411097270393562,540,110,-3,32,8,268
32,gamma4,20.0,17,7241738600894620604,589,75,-1,-11,32,225
32,gamma4,20.0,18,2986699848754620160,4095,103,1,32,-21,932
32,gamma4,20.0,19,7755660636648599122,552,66,1,-12,-32,225
32,gamma4,20.0,20,6747318859026446615,195,59,0,32,1,110
32,gamma4,20.0,21,7950747217475712697,2357,105,2,32,-9,655
32,gamma4,20.0,22,420165966482188472,662,106,0,6,32,298
32,gamma4,20.0,23,2077262010104126926,527,71,-2,13,-32,197
32,gamma4,20.0,24,1220026482399274556,1108,150,2,-32,8,430
32,gamma4,20.0,25,6604204158192511758,772,106,2,-32,30,276
32,gamma4,20.0,26,3124720716313303808,1546,114,1,-18,-32,540
32,gamma4,20.0,27,7701379364337477882,1971,69,2,32,11,598
32,gamma4,20.0,28,9164710497882607495,1671,143,1,-17,32,662
32,gamma4,20.0,29,960956645528259089,482,72,0,10,32,219
32,gamma4,20.0,30,6401937270151296798,1815,99,0,-11,32,493
32,gamma4,20.0,31,8906583225868590679,1219,73,0,-32,-11,417
32,gamma4,20.0,32,4807216300584628927,1985,133,2,-32,15,552
32,gamma4,20.0,33,4933912514899297438,1465,93,0,32,-7,446
32,gamma4,20.0,34,1744117161460373022,1460,88,-3,32,-12,549
32,gamma4,20.0,35,2533729736229011173,427,75,0,-5,32,192
32,gamma4,20.0,36,2438502054063630813,696,86,-1,8,32,259
32,gamma4,20.0,37,9013322580216991070,932,66,1,2,32,297
32,gamma4,20.0,38,2948786684057297449,728,100,0,32,6,303
32,gamma4,20.0,39,6800363519110679811,1390,118,-3,12,-32,516
32,gamma4,20.0,40,2256790785765952458,1255,115,-1,-11,32,447
32,gamma4,20.0,41,237784443606390617,1287,95,-1,32,5,424
32,gamma4,20.0,42,1087879709492480007,2442,114,-3,24,-32,701
32,gamma4,20.0,43,8799652089458450291,504,72,0,32,-14,203
32,gamma4,20.0,44,8429871949901371752,3389,85,2,-32,1,790
32,gamma4,20.0,45,8162010625350534235,572,70,-1,32,6,230
32,gamma4,20.0,46,4397684806116490776,754,58,-1,2,-32,249
32,gamma4,20.0,47,5238292240523101852,449,81,-1,-32,-5,189
32,gamma4,20.0,48,8800306724800330433,1325,75,-2,-3,-32,375
32,gamma4,20.0,49,5489443664405410553,2136,156,-3,-32,-12,698
32,gamma4,20.0,50,4739268429298846923,583,79,-1,15,32,208
32,gamma4,20.0,51,4292775876311101414,2079,183,2,-1,-32,708
32,gamma4,20.0,52,5431444234136738856,521,101,-1,-5,-32,209
32,gamma4,20.0,53,5127533109809594444,937,73,0,32,-9,320
32,gamma4,20.0,54,9152975503943471665,2054,116,1,32,8,613
32,gamma4,20.0,55,4344720197646704582,1018,68,-1,6,-32,312
32,gamma4,20.0,56,714530912436568081,699,81,-2,3,32,243
32,gamma4,20.0,57,1855959513635890151,1067,137,0,29,32,378
32,gamma4,20.0,58,7299491874414645194,2767,95,0,-32,-11,790
32,gamma4,20.0,59,4954926928668685279,1972,66,-1,32,2,604
32,gamma4,20.0,60,649158541061054980,548,86,-4,-32,6,206
32,gamma4,20.0,61,8513021979507922819,3531,165,0,32,1,841
32,gamma4,20.0,62,7533018939053255280,454,58,-1,32,-6,164
32,gamma4,20.0,63,5360181400171998626,472,58,1,-32,-4,183
32,gamma4,20.0,64,3777213374011577757,316,76,2,8,32,151
32,gamma4,20.0,65,2059317026685339994,2432,138,-1,32,2,781
32,gamma4,20.0,66,8717398118640439455,1199,129,0,32,-19,399
32,gamma4,20.0,67,7772261440113442647,743,129,-2,-1,-32,307
32,gamma4,20.0,68,5241850836628259300,331,99,2,-11,-32,169
32,gamma4,20.0,69,8683872198544564106,639,93,-1,-32,-13,243
32,gamma4,20.0,70,8736669493371059740,3676,92,2,-32,14,998
32,gamma4,20.0,71,3451575032924752640,2333,139,-1,-32,11,674
32,gamma4,20.0,72,4748873864552400243,468,70,0,-32,2,175
32,gamma4,20.0,73,6299341158653479655,862,82,1,24,-32,320
32,gamma4,20.0,74,3121797401781349132,1250,102,0,32,12,555
32,gamma4,20.0,75,178402066369971327,335,81,0,-32,-3,164
32,gamma4,20.0,76,1096009513213047698,1917,179,4,32,-7,729
32,gamma4,20.0,77,2603310385727408030,1022,90,0,32,12,325
32,gamma4,20.0,78,4246945701025417715,1053,119,3,32,-7,410
32,gamma4,20.0,79,4235695946547825887,389,111,-2,3,-32,181
32,gamma4,20.0,80,8966196244343848401,1514,108,3,32,4,472
32,gamma4,20.0,81,7658663505491410734,1569,169,2,7,32,527
32,gamma4,20.0,82,2072258663250228534,713,79,-2,-32,19,280
32,gamma4,20.0,83,4946440193391786178,1804,116,-1,-12,32,615
32,gamma4,20.0,84,7139606324716857500,1388,130,3,16,-32,478
32,gamma4,20.0,85,3822100569697415557,1820,92,-2,32,-6,591
32,gamma4,20.0,86,4337953183998755609,646,118,-2,32,4,284
32,gamma4,20.0,87,9218702055252148502,643,117,1,-23,-32,262
32,gamma4,20.0,88,703364062232086846,2808,86,2,-32,10,579
32,gamma4,20.0,89,6213913220398179005,325,81,-1,-32,-11,153
32,gamma4,20.0,90,1311655209347310744,1016,144,-3,32,-6,411
32,gamma4,20.0,91,2394756017746831573,689,105,1,32,-29,287
32,gamma4,20.0,92,7474583233181446984,1431,97,-2,-32,-13,469
32,gamma4,20.0,93,7458025930349755659,881,97,2,-32,-7,260
32,gamma4,20.0,94,8859835123335383427,778,110,-2,-32,0,261
32,gamma4,20.0,95,1581483696597885429,936,90,0,16,-32,287
32,gamma4,20.0,96,4477801902737681505,359,85,0,-32,-11,166
32,gamma4,20.0,97,3908867241754810721,936,62,3,-4,32,357
32,gamma4,20.0,98,323899641573957225,654,70,-2,-32,12,210
32,gamma4,20.0,99,4187656829789873507,1242,138,-1,32,-14,447
32,gamma4,20.0,100,503384461846589672,765,147,-1,21,32,310
32,gamma4,20.0,101,336377630160270184,571,69,0,32,5,219
32,gamma4,20.0,102,3985450449687749095,537,101,2,-5,32,224
32,gamma4,20.0,103,3771616406838411776,1617,85,0,3,-32,386
32,gamma4,20.0,104,1445346480788017210,1568,170,-4,-32,-12,496
32,gamma4,20.0,105,8538572803445043771,621,107,-1,-15,32,287
32,gamma4,20.0,106,2394975969166452565,771,87,-2,32,-13,281
32,gamma4,20.0,107,1019840842364321369,3058,94,2,-16,-32,724
32,gamma4,20.0,108,295837032866847981,782,106,0,-32,-6,269
32,gamma4,20.0,109,4662373177459932074,160,68,0,0,32,95
32,gamma4,20.0,110,955422182792687195,844,88,-2,32,-14,315
32,gamma4,20.0,111,3062759637678093058,1296,76,0,8,32,372
32,gamma4,20.0,112,7473905351549087389,1403,85,0,3,32,495
32,gamma4,20.0,113,2704414891611877890,831,87,-2,32,-13,295
32,gamma4,20.0,114,507718504879236951,1850,82,-1,2,32,613
32,gamma4,20.0,115,4957047807005684766,598,92,-1,18,32,235
32,gamma4,20.0,116,1092412323058674740,1144,114,0,26,32,348
32,gamma4,20.0,117,496236106417930700,511,87,3,-32,1,224
32,gamma4,20.0,118,6455978456815597496,1495,85,1,-23,-32,493
32,gamma4,20.0,119,6603790996609080009,1319,129,-3,-11,32,533
32,gamma4,20.0,120,8494635011127588157,729,111,1,32,7,303
32,gamma4,20.0,121,8496841761483718175,3016,96,2,20,32,757
32,gamma4,20.0,122,138264488691923434,1282,106,-1,-32,-22,474
32,gamma4,20.0,123,658011997349324185,1276,94,2,32,14,399
32,gamma4,20.0,124,6048158717108266146,1647,79,-4,32,5,540
32,gamma4,20.0,125,4245347897732053666,691,71,2,9,32,260
32,gamma4,20.0,126,8447778799614214671,445,97,-1,-5,-32,206
32,gamma4,20.0,127,5376993163013470144,826,158,0,-2,32,336
32,gamma4,20.0,128,8035144393109524742,600,62,0,32,4,212
32,gamma4,20.0,129,6111540552878865377,1657,73,1,32,15,456
32,gamma4,20.0,130,3796677770251153547,3123,59,-1,32,-7,840
32,gamma4,20.0,131,4629299037322077916,946,88,2,10,-32,337
32,gamma4,20.0,132,8832402797501719105,648,92,-1,-32,-2,307
32,gamma4,20.0,133,4100122162620472237,752,80,2,-32,-4,297
32,gamma4,20.0,134,2572256726212195789,916,130,-2,-12,-32,342
32,gamma4,20.0,135,7347865119282822461,1127,109,2,7,-32,405
32,gamma4,20.0,136,8392846795164536985,1784,74,-1,32,0,561
32,gamma4,20.0,137,7601543524750047985,803,91,0,-7,-32,318
32,gamma4,20.0,138,4928109190135933732,579,71,-1,13,-32,227
32,gamma4,20.0,139,1788918821839485361,1218,132,-2,6,32,465
32,gamma4,20.0,140,262326232537536424,930,82,0,2,32,293
32,gamma4,20.0,141,6053987863292773673,835,79,0,-32,-3,259
32,gamma4,20.0,142,1235365244505365970,629,105,0,32,-23,253
32,gamma4,20.0,143,4996203396944501027,1554,176,-5,32,2,558
32,gamma4,20.0,144,8228248430035964607,645,89,-1,-9,-32,246
32,gamma4,20.0,145,7503402404590795324,2917,91,-1,27,-32,769
32,gamma4,20.0,146,3616828820533473782,812,116,-2,22,-32,323
32,gamma4,20.0,147,7383658192438690820,665,87,-2,-32,-7,233
32,gamma4,20.0,148,6411028097813320612,2500,120,0,32,24,780
32,gamma4,20.0,149,7548396076129802188,1612,72,0,-32,14,395
32,gamma4,20.0,150,1346883785137177554,2512,94,-1,24,32,687
32,gamma4,20.0,151,4794338553590820506,2363,149,1,-3,-32,825
32,gamma4,20.0,152,3502584142808186544,2244,90,1,32,-16,557
32,gamma4,20.0,153,8035731366890816504,2252,92,-1,20,-32,693
32,gamma4,20.0,154,4867910638967425635,1636,112,1,32,20,463
32,gamma4,20.0,155,2732919944325216945,596,80,-1,-20,32,236
32,gamma4,20.0,156,7753289319028547354,335,79,0,-27,-32,159
32,gamma4,20.0,157,8572544454444515,516,78,0,-32,6,170
32,gamma4,20.0,158,1877988965500169420,2052,92,-1,6,32,572
32,gamma4,20.0,159,239830688298333597,933,87,0,7,32,341
32,gamma4,20.0,160,2089184005567707869,473,123,3,13,-32,225
32,gamma4,20.0,161,8432460561696737456,1419,67,0,-11,-32,452
32,gamma4,20.0,162,1405522485127795998,1445,89,1,-32,9,455
32,gamma4,20.0,163,8012754148265722801,481,89,1,-21,32,199
32,gamma4,20.0,164,1225465817472140694,860,74,-2,-12,32,303
32,gamma4,20.0,165,7589624446440286920,535,67,0,32,-15,201
32,gamma4,20.0,166,9003644484073966341,612,60,-1,-6,32,218
32,gamma4,20.0,167,4205266138464121989,1133,93,0,11,-32,400
32,gamma4,20.0,168,8125339500049313247,739,99,0,-11,-32,320
32,gamma4,20.0,169,7783118232068453788,1463,111,-1,-32,1,466
32,gamma4,20.0,170,8544686334498124023,782,54,0,-32,-12,282
32,gamma4,20.0,171,3280097031300386105,734,116,1,32,-18,295
32,gamma4,20.0,172,4315091419360591346,2335,127,0,29,-32,799
32,gamma4,20.0,173,3528007590002056704,2336,118,-1,32,18,585
32,gamma4,20.0,174,5676809605380720858,1089,79,-2,-7,32,371
32,gamma4,20.0,175,5579493201748832312,848,88,0,-32,-14,373
32,gamma4,20.0,176,2343073229673811530,572,100,0,32,6,277
32,gamma4,20.0,177,3016882269575710046,1130,94,0,-2,-32,406
32,gamma4,20.0,178,5689810615337686444,539,107,0,-32,-21,213
32,gamma4,20.0,179,7011111959218437634,650,120,0,-16,32,241
32,gamma4,20.0,180,4878039980207217706,454,76,1,-6,32,191
32,gamma4,20.0,181,5619236957433943191,2135,195,-2,-13,32,689
32,gamma4,20.0,182,1686865322588876755,3067,95,0,11,32,641
32,gamma4,20.0,183,6501127826707891687,2604,90,2,2,32,641
32,gamma4,20.0,184,7431510964206468554,591,111,0,15,32,272
32,gamma4,20.0,185,4138738610295014351,1364,80,2,0,-32,468
32,gamma4,20.0,186,7925673470687682101,1637,81,-1,32,11,479
32,gamma4,20.0,187,798844112429597799,558,84,1,-32,-16,227
32,gamma4,20.0,188,625906657942281950,2192,92,1,22,32,563
32,gamma4,20.0,189,6319069181950016944,464,90,0,2,32,183
32,gamma4,20.0,190,7662532466397852151,2837,89,-1,-32,19,840
32,gamma4,20.0,191,235100832735077843,1291,187,4,23,32,485
32,gamma4,20.0,192,3570136246880230625,1845,67,-1,32,3,482
32,gamma4,20.0,193,4446199113329720713,1296,166,2,8,-32,530
32,gamma4,20.0,194,6088160147384498748,703,79,0,32,-17,320
32,gamma4,20.0,195,4619444190919849388,744,70,-1,-32,-4,289
32,gamma4,20.0,196,6740732646662202072,2064,86,-2,-32,-6,620
32,gamma4,20.0,197,7135162645836022348,3663,275,-4,-5,32,951
32,gamma4,20.0,198,2129011302157616672,2494,156,-1,-32,20,719
32,gamma4,20.0,199,4795078959446555547,468,72,-1,-6,32,182
32,gamma4,20.0,200,2877269131359558830,290,84,1,-32,-4,150
32,gamma4,20.0,201,409048183198476398,1772,108,0,-22,-32,619
32,gamma4,20.0,202,8658154368849790320,824,74,1,-8,32,315
32,gamma4,20.0,203,2815060545972995993,1710,134,-2,14,-32,608
32,gamma4,20.0,204,6170649129000232974,854,80,0,0,-32,277
32,gamma4,20.0,205,8238909705834966031,2351,201,-1,-32,27,746
32,gamma4,20.0,206,4818955537963618446,778,112,0,32,-6,354
32,gamma4,20.0,207,1443360081853202101,239,79,1,15,32,125
32,gamma4,20.0,208,4589427746735918029,687,147,-1,32,-17,284
32,gamma4,20.0,209,6886318751401193387,298,78,1,32,24,162
32,gamma4,20.0,210,197510250279350320,942,100,-1,-32,10,319
32,gamma4,20.0,211,8807711989118542101,339,67,0,-7,32,162
32,gamma4,20.0,212,3335860000227769183,622,64,0,-32,-10,240
32,gamma4,20.0,213,7809129913991278248,873,95,-1,32,27,304
32,gamma4,20.0,214,7819578197730100932,1383,113,-1,7,32,432
32,gamma4,20.0,215,2312708198716769404,424,74,-2,32,-4,168
32,gamma4,20.0,216,8904965494620273573,1550,78,0,-32,6,481
32,gamma4,20.0,217,6343194731442731247,300,72,2,16,32,134
32,gamma4,20.0,218,6921259682300603853,308,72,1,-32,-2,148
32,gamma4,20.0,219,2531269656792320880,506,90,-1,16,32,225
32,gamma4,20.0,220,7275093741971957670,727,93,1,9,-32,259
32,gamma4,20.0,221,2172444178101224197,2242,176,-2,10,32,630
32,gamma4,20.0,222,6018349016730930119,2938,184,-3,-32,10,816
32,gamma4,20.0,223,3615781222607833599,1002,78,-1,-32,-8,297
32,gamma4,20.0,224,3063517585853758711,2780,82,-2,32,14,819
32,gamma4,20.0,225,6463444416301495598,505,85,1,23,32,225
32,gamma4,20.0,226,6366343132877189926,760,72,-2,-10,32,215
32,gamma4,20.0,227,4910628849534218458,544,88,-1,14,-32,240
32,gamma4,20.0,228,2234675201105236488,2363,77,1,-32,11,551
32,gamma4,20.0,229,1297008220027170112,576,74,1,8,-32,236
32,gamma4,20.0,230,1064190993197031369,489,85,3,-32,3,243
32,gamma4,20.0,231,2700202947679094704,720,84,0,4,32,278
32,gamma4,20.0,232,4095008563927807631,732,118,-2,22,-32,321
32,gamma4,20.0,233,2706455274817442654,454,102,2,32,-10,211
32,gamma4,20.0,234,3047913022743203811,373,97,-2,-32,-11,192
32,gamma4,20.0,235,8551957182116818351,329,67,1,-3,-32,156
32,gamma4,20.0,236,7389632273490431951,885,65,0,32,-19,287
32,gamma4,20.0,237,8064668613479589025,944,118,-1,-32,-2,323
32,gamma4,20.0,238,8599071143670666518,1228,126,2,-32,20,403
32,gamma4,20.0,239,6345657649386096783,526,64,-1,-10,-32,204
32,gamma4,20.0,240,8974958233416425539,1845,113,-2,32,-11,555
32,gamma4,20.0,241,6072978205736586513,3092,124,2,-14,-32,674
32,gamma4,20.0,242,4394651447120573495,3389,93,1,-19,-32,915
32,gamma4,20.0,243,5914529681164684142,516,66,1,8,32,186
32,gamma4,20.0,244,2179308609842559005,303,73,-1,-15,32,140
32,gamma4,20.0,245,834726727912088397,1133,225,2,32,-1,474
32,gamma4,20.0,246,5972717218201448368,1024,94,-1,-32,4,367
32,gamma4,20.0,247,8799504596772265915,822,126,0,-14,-32,353
32,gamma4,20.0,248,1131133819388402364,866,106,0,32,12,334
32,gamma4,20.0,249,2766227515849986319,871,107,-1,-21,-32,320
32,gamma4,20.0,250,8539874276467460232,486,78,0,-32,18,198
32,gamma4,20.0,251,8053175401861170243,771,77,0,-32,-21,274
32,gamma4,20.0,252,3303701763191662432,746,100,0,32,-10,345
32,gamma4,20.0,253,6354146884738692601,490,76,2,32,-8,218
32,gamma4,20.0,254,8596779807763008987,1308,80,0,14,32,368
32,gamma4,20.0,255,6813622755516867906,1934,114,-3,32,18,639
32,gamma4,20.0,256,7472696790503232607,492,82,-2,-4,32,221
32,gamma4,20.0,257,6834294545649875534,576,80,-1,24,-32,208
32,gamma4,20.0,258,1150252096818117058,1008,150,-1,32,-8,384
32,gamma4,20.0,259,4938884416525137058,2386,124,-3,32,-4,848
32,gamma4,20.0,260,6204430411755856842,339,83,1,-25,32,149
32,gamma4,20.0,261,1341805564465130451,820,82,2,32,-10,293
32,gamma4,20.0,262,4183924937420198148,2505,185,2,32,17,703
32,gamma4,20.0,263,7357462664404248975,1697,79,-3,-15,32,511
32,gamma4,20.0,264,5016560672511490804,812,78,1,-14,32,296
32,gamma4,20.0,265,7292334044246331756,1654,138,1,12,-32,535
32,gamma4,20.0,266,746031424919812825,2125,117,-2,-32,-5,640
32,gamma4,20.0,267,8528232828657072697,922,92,-1,12,-32,344
32,gamma4,20.0,268,6713586032851994034,208,52,0,32,-6,100
32,gamma4,20.0,269,9056680699737984063,1167,127,-1,19,32,394
32,gamma4,20.0,270,255810515443326437,1370,94,2,-2,32,403
32,gamma4,20.0,271,4335621099377451087,1897,71,-1,7,-32,659
32,gamma4,20.0,272,5117106805310939496,1348,170,3,2,-32,437
32,gamma4,20.0,273,9045975824612937609,1167,87,-1,32,9,430
32,gamma4,20.0,274,3535245157751764405,1321,113,0,32,-15,443
32,gamma4,20.0,275,9078846740199313512,1751,109,2,-32,19,554
32,gamma4,20.0,276,916186769677155254,455,67,1,-32,7,178
32,gamma4,20.0,277,4639108012282381642,434,76,1,-32,18,162
32,gamma4,20.0,278,7588250689124898599,755,77,-1,-32,-13,320
32,gamma4,20.0,279,360473292697662804,1128,112,1,6,-32,383
32,gamma4,20.0,280,7311865331856536523,770,116,1,-2,32,328
32,gamma4,20.0,281,5368780495078864943,1329,65,1,-17,32,539
32,gamma4,20.0,282,5230598482828124036,1267,81,2,13,32,375
32,gamma4,20.0,283,7228862338053947440,806,124,3,-32,-4,293
32,gamma4,20.0,284,1749887845629020107,1450,80,-1,-32,-6,438
32,gamma4,20.0,285,3712481395723618963,575,65,0,-17,-32,215
32,gamma4,20.0,286,7133301871705301079,645,171,1,-32,13,313
32,gamma4,20.0,287,6953382762244312182,241,75,1,25,32,140
32,gamma4,20.0,288,3100707730999886658,572,116,2,-32,20,288
32,gamma4,20.0,289,830149907548207905,803,153,1,-27,32,350
32,gamma4,20.0,290,2084636098658564330,1328,100,2,14,32,518
32,gamma4,20.0,291,2064007165304920786,406,92,1,32,-4,191
32,gamma4,20.0,292,6583926331926027277,1501,131,0,32,-25,554
32,gamma4,20.0,293,8827571789232359103,1230,96,0,-32,-16,388
32,gamma4,20.0,294,1512473147129813966,768,80,-1,2,-32,282
32,gamma4,20.0,295,610064079485160424,1118,106,0,-2,32,542
32,gamma4,20.0,296,3118623899087344154,2537,153,3,-32,9,658
32,gamma4,20.0,297,3557223206612094664,894,62,-1,32,12,279
32,gamma4,20.0,298,7844023288910063598,1766,58,-1,32,10,447
32,gamma4,20.0,299,6870928724655621456,994,92,2,32,-6,353
32,gamma4,20.0,300,4073112291907174586,358,60,0,4,-32,136
32,gamma4,20.0,301,7515121430816728129,935,53,-1,32,-1,264
32,gamma4,20.0,302,9049416045873222506,1878,82,1,-32,14,488
32,gamma4,20.0,303,25687057041767931,235,63,-1,32,1,124
32,gamma4,20.0,304,1341978453334945037,939,77,0,32,-3,302
32,gamma4,20.0,305,764757701230708651,1135,89,0,32,-9,344
32,gamma4,20.0,306,2665216423206500678,1549,131,0,32,17,440
32,gamma4,20.0,307,8022032858720329063,704,60,0,32,10,212
32,gamma4,20.0,308,5104818181757324805,1167,129,1,15,-32,356
32,gamma4,20.0,309,8989102277575386779,2128,68,1,-6,32,681
32,gamma4,20.0,310,7540401010697553302,506,80,0,32,-6,208
32,gamma4,20.0,311,5780757638954395189,789,89,0,21,32,282
32,gamma4,20.0,312,8848683021218928291,4103,193,4,32,19,1043
32,gamma4,20.0,313,1998245575237441256,2109,131,-2,-23,-32,668
32,gamma4,20.0,314,7479185853586090346,1040,72,0,2,32,292
32,gamma4,20.0,315,5685828318060885971,290,70,0,32,-4,155
32,gamma4,20.0,316,7481309493796607168,620,68,0,24,-32,215
32,gamma4,20.0,317,4462724591743611492,2662,76,-1,-32,-2,825
32,gamma4,20.0,318,576147869482503710,2228,98,-2,-10,32,730
32,gamma4,20.0,319,5637411192249793679,1197,75,1,15,32,373
32,gamma4,20.0,320,1125303535524421671,1254,118,-2,-32,-10,471
32,gamma4,20.0,321,4687150106103148228,2581,87,2,32,-27,777
32,gamma4,20.0,322,7895092751487167747,994,102,-1,-26,32,371
32,gamma4,20.0,323,238264875252008263,2326,120,-1,-14,-32,722
32,gamma4,20.0,324,919184263766968465,1273,141,-1,32,-3,401
32,gamma4,20.0,325,3890747044178867699,1868,130,1,32,18,668
32,gamma4,20.0,326,6775862552782876293,483,87,-1,15,32,216
32,gamma4,20.0,327,6671248360572531548,984,118,2,-32,28,374
32,gamma4,20.0,328,849192479388187841,1654,84,1,32,-4,485
32,gamma4,20.0,329,1112757157680358143,1332,106,-2,-32,-6,433
32,gamma4,20.0,330,1731854272427964326,763,107,2,13,-32,292
32,gamma4,20.0,331,6255900701814539628,1614,116,-3,32,-30,414
32,gamma4,20.0,332,4928911482402787832,407,61,1,9,32,142
32,gamma4,20.0,333,988577817851410053,619,85,1,-3,32,235
32,gamma4,20.0,334,4625979707711961617,1163,97,2,-31,-32,478
32,gamma4,20.0,335,6256647125188128053,1267,139,-3,27,32,407
32,gamma4,20.0,336,7080944791253120340,2804,158,-5,-14,32,897
32,gamma4,20.0,337,436292768167493510,1441,165,-1,-32,5,517
32,gamma4,20.0,338,2483789665845301815,1266,64,1,-10,-32,436
32,gamma4,20.0,339,8035734632704582741,1213,101,-2,3,-32,487
32,gamma4,20.0,340,2713388044072708986,1729,77,1,-9,32,485
32,gamma4,20.0,341,3771209526044926625,260,72,1,-32,-22,139
32,gamma4,20.0,342,698272404000774379,272,72,-1,-32,-10,125
32,gamma4,20.0,343,523906762305314135,3418,94,-1,12,-32,786
32,gamma4,20.0,344,6679202706330069975,2073,79,3,-32,25,600
32,gamma4,20.0,345,6971674320828112533,1171,87,-1,-32,17,335
32,gamma4,20.0,346,1157207706846512645,680,70,1,-32,6,255
32,gamma4,20.0,347,9001330316022566410,1609,119,-1,32,3,528
32,gamma4,20.0,348,5760114488312161506,309,71,1,-11,-32,155
32,gamma4,20.0,349,8735684370091275701,3014,190,0,-32,28,864
32,gamma4,20.0,350,895423642940723856,621,93,1,9,32,231
32,gamma4,20.0,351,2744707715465475033,1148,84,-1,-16,32,425
32,gamma4,20.0,352,1579019603687492358,1871,71,0,32,15,675
32,gamma4,20.0,353,3083666578574081443,873,93,0,-9,-32,354
32,gamma4,20.0,354,8454830663438727597,265,75,-1,-32,1,136
32,gamma4,20.0,355,6727419208853096686,432,76,1,32,2,191
32,gamma4,20.0,356,2023152479343974525,336,52,0,32,-2,160
32,gamma4,20.0,357,6281550450691680778,2388,172,-1,20,-32,675
32,gamma4,20.0,358,8362236755257676307,412,112,0,20,32,204
32,gamma4,20.0,359,1493992788592476278,847,121,1,32,-9,328
32,gamma4,20.0,360,8703649435555897646,658,96,1,-32,16,265
32,gamma4,20.0,361,6175117379302042030,1935,89,0,5,-32,553
32,gamma4,20.0,362,3915789848685682275,1251,103,1,-32,23,411
32,gamma4,20.0,363,4038191161240847964,590,62,1,-32,-6,221
32,gamma4,20.0,364,3336951062762517504,3101,121,-4,-11,-32,745
32,gamma4,20.0,365,2036427814795668877,370,88,0,8,32,197
32,gamma4,20.0,366,7929144573586369006,1679,89,0,-5,32,409
32,gamma4,20.0,367,3698428749179188799,875,123,0,-23,32,358
32,gamma4,20.0,368,8677636329804390327,1066,116,2,32,4,409
32,gamma4,20.0,369,8653871686541249687,1217,125,1,-21,32,374
32,gamma4,20.0,370,8563162659500803204,540,78,1,-32,0,202
32,gamma4,20.0,371,7569049780238191889,3646,86,-1,-32,14,1020
32,gamma4,20.0,372,815725721289470241,911,65,-1,3,-32,292
32,gamma4,20.0,373,5839666412722011477,1875,73,-1,-32,9,632
32,gamma4,20.0,374,9208635533255855209,1424,122,-2,-32,2,574
32,gamma4,20.0,375,1573068990082205998,257,85,0,-3,32,145
32,gamma4,20.0,376,4251026190901220773,1298,66,-1,32,0,451
32,gamma4,20.0,377,7429757262069715149,3719,103,-1,-23,32,767
32,gamma4,20.0,378,3793378205672866357,817,123,3,17,-32,323
32,gamma4,20.0,379,9005351987060140632,919,99,-1,32,7,307
32,gamma4,20.0,380,6770049327624471754,744,106,0,-32,0,321
32,gamma4,20.0,381,5911161163605629637,992,156,-4,14,32,377
32,gamma4,20.0,382,7378688596895135996,503,47,0,32,-7,188
32,gamma4,20.0,383,6257559176999886815,1782,76,-1,32,12,577
32,gamma4,20.0,384,4496767762323274609,715,87,1,32,1,252
32,gamma4,20.0,385,8580106028325232349,1138,90,3,-2,32,329
32,gamma4,20.0,386,5898923498450914232,1258,130,-2,-32,-26,444
32,gamma4,20.0,387,1421473788745622799,553,105,1,-1,-32,244
32,gamma4,20.0,388,1033541670215598638,1584,64,1,12,32,544
32,gamma4,20.0,389,6534612034395862067,202,60,1,0,-32,105
32,gamma4,20.0,390,1869092916381061531,2011,107,2,32,-3,577
32,gamma4,20.0,391,7314745735862188320,959,47,0,-7,32,368
32,gamma4,20.0,392,3758877731116215211,992,90,3,32,-8,364
32,gamma4,20.0,393,8121572583019606899,1444,84,0,-32,6,495
32,gamma4,20.0,394,6397411171314525991,501,75,1,7,32,206
32,gamma4,20.0,395,2753552048696894491,1318,68,1,14,32,376
32,gamma4,20.0,396,7027232027064923325,767,63,-1,32,-9,304
32,gamma4,20.0,397,8839714150792766224,944,64,1,-4,32,303
32,gamma4,20.0,398,6428723228901781681,805,89,1,-3,-32,269
32,gamma4,20.0,399,5829139666842134018,1228,96,-1,6,-32,367
32,gamma4,20.0,400,7689232251052167213,709,107,2,-32,-5,262
32,gamma4,20.0,401,977047576583354668,1008,82,1,18,32,322
32,gamma4,20.0,402,7398892488774017303,907,87,1,-32,17,379
32,gamma4,20.0,403,117510318561622068,1104,96,1,6,32,396
32,gamma4,20.0,404,7843837634264217670,2749,111,0,-13,32,724
32,gamma4,20.0,405,8695968175276062689,3954,108,0,4,32,1106
32,gamma4,20.0,406,5822868198076926809,641,57,0,-1,-32,231
32,gamma4,20.0,407,5636119231122841604,1095,125,4,-13,-32,365
32,gamma4,20.0,408,4897598247486977987,2227,121,2,-32,1,567
32,gamma4,20.0,409,1535016998390194232,1558,90,0,-32,28,350
32,gamma4,20.0,410,8418692423166331525,416,58,0,-32,0,183
32,gamma4,20.0,411,8138557035547238912,949,89,0,-21,32,351
32,gamma4,20.0,412,787728551136753544,998,122,1,2,32,335
32,gamma4,20.0,413,6049880775802742445,2833,67,-1,3,-32,714
32,gamma4,20.0,414,8983655156553666709,4534,120,1,16,32,1039
32,gamma4,20.0,415,8360142101469831397,984,110,1,-32,-16,316
32,gamma4,20.0,416,3798214495756314220,800,72,0,-8,32,279
32,gamma4,20.0,417,1220016718380359437,1839,83,0,32,-17,686
32,gamma4,20.0,418,2590250464369729520,1275,93,-1,-32,23,382
32,gamma4,20.0,419,7845007808881080504,151,55,0,-7,-32,82
32,gamma4,20.0,420,6319783574052094078,673,89,-1,5,-32,247
32,gamma4,20.0,421,3636282964307195174,1034,126,-1,-16,-32,395
32,gamma4,20.0,422,4543004678614484230,1168,74,0,2,-32,418
32,gamma4,20.0,423,1406234095121114105,2008,200,0,32,10,731
32,gamma4,20.0,424,670036013590986537,1836,74,1,12,32,603
32,gamma4,20.0,425,2024532837039622874,1160,106,-4,-32,-12,329
32,gamma4,20.0,426,4110994820024926797,743,73,1,-32,9,287
32,gamma4,20.0,427,825923291045854524,272,74,-1,4,-32,125
32,gamma4,20.0,428,8580894491706327910,1086,166,0,12,-32,446
32,gamma4,20.0,429,6707398245216453235,1751,91,-1,32,1,573
32,gamma4,20.0,430,7011754623045574312,1866,88,3,-32,14,560
32,gamma4,20.0,431,7498497622872488395,855,127,-1,3,-32,372
32,gamma4,20.0,432,703952878778061766,798,114,0,-32,-2,368
32,gamma4,20.0,433,305833947301114103,813,91,1,-32,7,332
32,gamma4,20.0,434,2143651394095844911,1411,125,-4,7,-32,497
32,gamma4,20.0,435,8021111075569198400,1633,117,-2,-32,-9,578
32,gamma4,20.0,436,2089667873670773076,956,106,-1,28,-32,377
32,gamma4,20.0,437,4534081289827943895,540,68,1,-32,-8,183
32,gamma4,20.0,438,3712134471731031615,1243,91,0,-13,-32,405
32,gamma4,20.0,439,1425282555539382688,514,56,1,32,2,185
32,gamma4,20.0,440,85368229454282106,935,121,2,13,-32,366
32,gamma4,20.0,441,3222805461682740869,669,91,2,-5,32,254
32,gamma4,20.0,442,9127446628255924912,1147,95,-1,-32,3,384
32,gamma4,20.0,443,672718075440118756,583,87,0,-15,-32,248
32,gamma4,20.0,444,2456216655122841509,565,75,-1,-32,-23,287
32,gamma4,20.0,445,6701730048883412913,1232,124,0,12,-32,422
32,gamma4,20.0,446,9006403789534853414,702,86,0,32,2,237
32,gamma4,20.0,447,4255176484991677352,787,75,1,32,-23,314
32,gamma4,20.0,448,700949967035660252,705,61,1,32,21,257
32,gamma4,20.0,449,7513156981130872411,666,106,0,-32,6,274
32,gamma4,20.0,450,7712860029163872555,759,101,3,-32,11,285
32,gamma4,20.0,451,2416990335023805303,865,65,-1,13,-32,242
32,gamma4,20.0,452,1752479293161932809,790,76,0,-6,32,231
32,gamma4,20.0,453,590094239829362644,828,138,1,14,-32,337
32,gamma4,20.0,454,4343601488617902326,608,118,-2,14,-32,290
32,gamma4,20.0,455,1256530145958796378,688,102,-3,32,4,262
32,gamma4,20.0,456,3547877559862888810,272,54,0,-12,32,121
32,gamma4,20.0,457,4263197502643898444,1992,162,-2,-22,-32,596
32,gamma4,20.0,458,2407778546071804708,2278,108,0,4,32,554
32,gamma4,20.0,459,7009218239784565614,631,89,-1,-32,11,238
32,gamma4,20.0,460,7641926304678952160,363,47,-1,1,32,146
32,gamma4,20.0,461,6350913360724484079,1134,118,2,-32,-14,412
32,gamma4,20.0,462,7972259966746633784,1208,122,0,-32,12,429
32,gamma4,20.0,463,4810979347804546204,1718,74,1,-32,6,464
32,gamma4,20.0,464,5552532423020291570,1558,144,-1,-32,22,442
32,gamma4,20.0,465,2953479790627352533,735,105,1,-29,32,272
32,gamma4,20.0,466,4904033779749040219,309,55,-1,-5,-32,138
32,gamma4,20.0,467,4719875726115823632,477,93,1,-32,-5,185
32,gamma4,20.0,468,4352981975704021135,993,103,1,7,32,391
32,gamma4,20.0,469,3174002385853229048,442,80,2,0,-32,184
32,gamma4,20.0,470,9217943040820465736,738,94,-1,-14,-32,234
32,gamma4,20.0,471,1662297048045516843,418,128,-1,32,-20,213
32,gamma4,20.0,472,8472528367964434849,871,83,0,-1,32,275
32,gamma4,20.0,473,8656478070150289007,689,87,0,32,15,226
32,gamma4,20.0,474,4843663146308111866,1748,90,1,-14,32,521
32,gamma4,20.0,475,7103140320655774698,1261,71,1,32,9,456
32,gamma4,20.0,476,8161839207781136022,445,83,0,1,32,202
32,gamma4,20.0,477,7125402603996334923,796,70,1,32,-10,280
32,gamma4,20.0,478,2613567388253438864,711,81,0,1,-32,266
32,gamma4,20.0,479,3971709510472796835,1762,60,-1,6,-32,602
32,gamma4,20.0,480,1809494716667556715,420,54,1,-32,6,176
32,gamma4,20.0,481,4722296128646111209,585,59,0,-32,17,193
32,gamma4,20.0,482,1956937746717314730,664,90,1,-10,32,286
32,gamma4,20.0,483,8643247967384150639,271,77,-1,-32,-17,126
32,gamma4,20.0,484,2029808217018978886,1667,103,2,32,-19,476
32,gamma4,20.0,485,2902526044817341281,1030,54,0,20,-32,314
32,gamma4,20.0,486,8691578278439254398,411,79,1,3,-32,168
32,gamma4,20.0,487,6354163324837970062,1748,122,-1,-6,-32,546
32,gamma4,20.0,488,5999086497957565597,4048,94,0,-6,32,970
32,gamma4,20.0,489,4752019648317056641,957,77,0,7,32,346
32,gamma4,20.0,490,3257350682923248152,2876,108,3,14,32,964
32,gamma4,20.0,491,3446728968119489433,1019,111,4,-32,-1,335
32,gamma4,20.0,492,1190111380732240618,2906,84,1,32,2,584
32,gamma4,20.0,493,3102497929228894967,1009,133,2,32,-15,345
32,gamma4,20.0,494,8117680254383059918,247,55,-2,3,32,119
32,gamma4,20.0,495,6405872466520449797,362,78,2,16,32,158
32,gamma4,20.0,496,8605679580321469876,1425,107,-2,7,32,401
32,gamma4,20.0,497,2754990430513310487,592,84,0,32,-12,216
32,gamma4,20.0,498,7527245933020791787,386,58,0,-4,-32,154
32,gamma4,20.0,499,41463424981436518,497,109,3,32,25,226
32,gamma4,20.0,500,5211613552137588238,665,103,1,-3,32,301
32,gamma4,20.0,501,243500780498167864,1529,87,1,32,1,489
32,gamma4,20.0,502,1603543924569508112,935,61,3,-5,-32,316
32,gamma4,20.0,503,2256531467804359198,2543,111,1,-23,32,593
32,gamma4,20.0,504,1171194669408223603,1976,72,0,16,-32,550
32,gamma4,20.0,505,3593580427013830042,773,85,-2,15,-32,274
32,gamma4,20.0,506,3747638878337754090,655,77,0,-32,3,270
32,gamma4,20.0,507,5576358816485647811,855,101,-3,32,-15,297
32,gamma4,20.0,508,7071749538520760407,357,57,1,32,11,149
32,gamma4,20.0,509,3842117445260079692,595,77,-1,-32,5,240
32,gamma4,20.0,510,1614213342452438447,633,69,1,13,-32,229
32,gamma4,20.0,511,51153952926153930,873,65,-1,32,9,290
32,gamma4,20.0,512,337069838972810343,941,85,2,-32,-13,288
32,gamma4,20.0,513,3612921793193863325,1249,67,0,-32,-1,380
32,gamma4,20.0,514,882676205838859126,426,104,2,-32,8,240
32,gamma4,20.0,515,7291692879856214479,1078,128,-4,32,-6,384
32,gamma4,20.0,516,9122930544582857749,803,135,2,-5,-32,276
32,gamma4,20.0,517,5092327271355060378,284,70,1,0,-32,125
32,gamma4,20.0,518,8824578340886236833,1056,130,2,-32,24,396
32,gamma4,20.0,519,1184301678519692466,1899,145,-3,9,-32,651
32,gamma4,20.0,520,1744266532286369679,965,89,-2,-5,32,318
32,gamma4,20.0,521,4886118059781026490,1061,109,0,-17,-32,441
32,gamma4,20.0,522,7856314345208544147,1308,78,0,-32,-14,334
32,gamma4,20.0,523,7561926048257073316,216,78,3,10,32,121
32,gamma4,20.0,524,2378443219548733136,1662,76,1,-14,-32,430
32,gamma4,20.0,525,2897059849829534880,841,129,-1,-3,32,325
32,gamma4,20.0,526,3898510483366657141,1802,84,-1,-32,6,476
32,gamma4,20.0,527,3005701619051333709,1291,99,-1,-1,32,447
32,gamma4,20.0,528,5748425145603350977,3399,65,-1,32,1,829
32,gamma4,20.0,529,4319238331483669498,2432,68,0,-2,-32,660
32,gamma4,20.0,530,1762795014598891457,431,63,1,-32,5,160
32,gamma4,20.0,531,4860093917134892804,1323,121,2,7,32,449
32,gamma4,20.0,532,2446251245048379764,924,142,2,32,2,403
32,gamma4,20.0,533,4622965747639534748,777,105,2,-32,-5,277
32,gamma4,20.0,534,1070314435012689168,373,77,-2,-32,-7,166
32,gamma4,20.0,535,6573095641725724991,1185,121,-2,-32,1,421
32,gamma4,20.0,536,1352048465302365020,1353,87,-1,-32,-5,399
32,gamma4,20.0,537,8975138057036453348,658,82,-2,-32,0,222
32,gamma4,20.0,538,3686376264653538917,2131,121,2,32,-13,526
32,gamma4,20.0,539,7619131441633068175,1988,62,0,-14,-32,770
32,gamma4,20.0,540,5074203769836742436,975,57,-1,32,5,304
32,gamma4,20.0,541,7869764692381562252,1313,93,2,32,-11,506
32,gamma4,20.0,542,4013861979146127823,597,83,-1,32,9,222
32,gamma4,20.0,543,1776308447101834668,2236,206,-3,14,-32,697
32,gamma4,20.0,544,5590459639719478176,2127,85,2,-1,-32,635
32,gamma4,20.0,545,2993692209852288309,413,79,-1,-32,-5,185
32,gamma4,20.0,546,3799034378448255433,4831,97,0,-32,15,1141
32,gamma4,20.0,547,8381241337782592564,328,76,-2,-32,14,174
32,gamma4,20.0,548,2566574637418963672,662,110,0,-32,4,240
32,gamma4,20.0,549,1553566211945827394,639,103,2,-7,-32,282
32,gamma4,20.0,550,6006494465589815930,678,98,0,-32,14,289
32,gamma4,20.0,551,8675191351552913878,1032,98,0,-32,6,361
32,gamma4,20.0,552,2939011304447511480,658,90,0,-32,4,262
32,gamma4,20.0,553,5607309600963105900,1584,92,3,-20,-32,447
32,gamma4,20.0,554,7003823380836209322,497,89,1,-29,-32,213
32,gamma4,20.0,555,222334448564607269,1042,94,0,2,-32,373
32,gamma4,20.0,556,7187984558362105411,1098,106,-1,12,32,358
32,gamma4,20.0,557,5929536104073423307,1437,127,-1,21,32,388
32,gamma4,20.0,558,4377302850903102008,522,90,0,24,32,239
32,gamma4,20.0,559,2739553230381545531,777,91,0,32,23,290
32,gamma4,20.0,560,1179827244766116773,576,124,1,-26,-32,240
32,gamma4,20.0,561,3312324716209602786,252,60,-2,32,0,146
32,gamma4,20.0,562,5767758655128086060,1680,136,0,32,2,588
32,gamma4,20.0,563,7125115420457867264,1143,177,0,32,5,426
32,gamma4,20.0,564,7895851235951691130,925,125,-2,32,-5,352
32,gamma4,20.0,565,821179179548285731,648,64,1,10,-32,256
32,gamma4,20.0,566,1303313323969138981,2440,94,-1,32,24,641
32,gamma4,20.0,567,2340175081422811446,381,97,-1,32,19,172
32,gamma4,20.0,568,2408762545222180299,735,79,0,32,1,245
32,gamma4,20.0,569,6298218216475190874,746,138,0,32,-18,314
32,gamma4,20.0,570,3650091918048265818,1237,93,2,-32,-9,386
32,gamma4,20.0,571,3594592681888678936,1114,78,1,10,32,361
32,gamma4,20.0,572,4273322298472165616,1462,68,0,32,0,437
32,gamma4,20.0,573,3550911573011410030,1462,122,1,32,2,525
32,gamma4,20.0,574,4063884365692905132,610,124,-1,32,20,281
32,gamma4,20.0,575,3524986831694920674,239,85,1,32,25,133
32,gamma4,20.0,576,7866438376187746627,399,87,-1,7,32,176
32,gamma4,20.0,577,8257729756839600583,2766,74,-1,0,32,793
32,gamma4,20.0,578,1818080174931016795,1059,137,0,-32,-17,343
32,gamma4,20.0,579,4805405610934478335,791,97,1,-5,-32,306
32,gamma4,20.0,580,809523021572292701,1327,113,2,-32,-1,377
32,gamma4,20.0,581,7702084171512687563,734,122,2,16,32,298
32,gamma4,20.0,582,7937287693536038040,352,74,-1,-10,32,165
32,gamma4,20.0,583,6783336986287601721,1194,110,-2,-16,-32,422
32,gamma4,20.0,584,7443185077311449086,765,99,-2,-32,15,278
32,gamma4,20.0,585,8519850536789087804,302,60,0,-4,-32,140
32,gamma4,20.0,586,2370797197963134105,655,111,-1,32,23,257
32,gamma4,20.0,587,3907807607129769834,387,91,-1,32,19,163
32,gamma4,20.0,588,1319673175431926306,1437,77,0,-15,32,380
32,gamma4,20.0,589,7416612754598161167,319,103,0,-32,-15,182
32,gamma4,20.0,590,1090609936417878355,494,66,1,32,-4,198
32,gamma4,20.0,591,3696714884636949020,505,91,-1,32,-3,220
32,gamma4,20.0,592,7835278564006303416,545,75,0,32,11,243
32,gamma4,20.0,593,7844596478920766374,2001,87,1,32,3,533
32,gamma4,20.0,594,3453126569872229520,832,84,-3,-10,-32,326
32,gamma4,20.0,595,2526656318039559512,508,62,0,8,32,184
32,gamma4,20.0,596,7370258828390539693,461,125,1,-32,-27,222
32,gamma4,20.0,597,3079105954405250621,262,82,-1,28,-32,148
32,gamma4,20.0,598,204393753123654057,2570,84,0,-32,-6,582
32,gamma4,20.0,599,6786675602995237741,1116,110,4,0,32,393
32,gamma4,20.0,600,9162502838380081750,415,97,-2,7,32,186
32,gamma4,20.0,601,1301260599290612766,738,52,0,32,4,239
32,gamma4,20.0,602,8014834755622674972,534,64,-1,32,10,217
32,gamma4,20.0,603,2372606051643741708,936,98,1,-32,-14,305
32,gamma4,20.0,604,2155451602366224038,459,85,1,-23,-32,194
32,gamma4,20.0,605,6300376954296081571,1465,99,-2,-7,-32,475
32,gamma4,20.0,606,7705836663502493521,280,64,1,32,-4,147
32,gamma4,20.0,607,2244978918882478652,280,64,0,6,-32,129
32,gamma4,20.0,608,908048989557681852,1241,69,1,-5,32,444
32,gamma4,20.0,609,6187951491084341853,1633,63,-1,-32,5,436
32,gamma4,20.0,610,59668637656392289,1158,116,-1,32,6,438
32,gamma4,20.0,611,8706358388004073327,2308,226,-2,-32,26,774
32,gamma4,20.0,612,3487745466831760693,916,58,1,-32,-2,273
32,gamma4,20.0,613,5976853289282723563,969,57,0,5,-32,279
32,gamma4,20.0,614,1748788541231713330,2829,123,3,-17,-32,610
32,gamma4,20.0,615,609990360617748839,1708,76,1,6,32,465
32,gamma4,20.0,616,9075147985485577100,655,97,-2,-27,32,257
32,gamma4,20.0,617,7481541102384042268,960,116,-1,-10,32,314
32,gamma4,20.0,618,9213274857874638219,638,78,1,32,10,243
32,gamma4,20.0,619,5354163049940890595,908,140,4,32,8,394
32,gamma4,20.0,620,2016084758651346519,717,107,-1,-3,32,291
32,gamma4,20.0,621,4227438618727380805,565,63,0,5,32,185
32,gamma4,20.0,622,7010844026935426639,538,74,0,10,-32,209
32,gamma4,20.0,623,4841193115748088827,3656,98,3,32,-28,887
32,gamma4,20.0,624,1995806820917525958,1401,83,-1,32,1,430
32,gamma4,20.0,625,1016618943095094664,434,76,-2,32,14,197
32,gamma4,20.0,626,7904021436808032758,810,98,0,32,-10,317
32,gamma4,20.0,627,8515663800926491431,576,84,-1,32,0,257
32,gamma4,20.0,628,4853946708821798610,1033,81,0,25,32,416
32,gamma4,20.0,629,5591261454029714263,454,74,1,-8,32,151
32,gamma4,20.0,630,1306948529548284891,2406,112,-1,32,8,663
32,gamma4,20.0,631,3232021545668645101,1582,104,0,10,-32,557
32,gamma4,20.0,632,8804122932612676420,988,90,-1,32,18,334
32,gamma4,20.0,633,554270339266801879,1015,71,0,32,23,369
32,gamma4,20.0,634,1487571898910093912,977,113,-2,32,-9,382
32,gamma4,20.0,635,1331621197718864345,833,99,1,-32,-15,332
32,gamma4,20.0,636,5969003147136572,739,69,0,-32,15,254
32,gamma4,20.0,637,5209450515926824135,899,87,0,9,32,301
32,gamma4,20.0,638,4820150282957388277,725,103,1,-32,-7,308
32,gamma4,20.0,639,8764105746920924021,536,78,0,32,-20,222
32,gamma4,20.0,640,6897795581470300709,3178,90,0,32,14,922
32,gamma4,20.0,641,3284312517482067472,2314,106,-2,24,-32,544
32,gamma4,20.0,642,5674932928193926124,418,76,0,32,4,208
32,gamma4,20.0,643,4173221502776720716,2136,170,-3,-4,32,751
32,gamma4,20.0,644,2622625806651768593,2685,77,1,32,-5,782
32,gamma4,20.0,645,7860758107335482521,1081,139,2,32,17,378
32,gamma4,20.0,646,34782527487340902,1191,109,-4,-15,-32,480
32,gamma4,20.0,647,8043434900215420563,475,111,-2,32,-9,227
32,gamma4,20.0,648,4684042311018604200,339,69,1,-5,-32,145
32,gamma4,20.0,649,7142132139716328062,829,71,0,-15,32,281
32,gamma4,20.0,650,2971918710380300390,834,64,-1,12,-32,271
32,gamma4,20.0,651,4885563827343946396,2459,165,-4,32,21,726
32,gamma4,20.0,652,2135346337597832173,1042,80,-1,-24,-32,333
32,gamma4,20.0,653,912955391324861543,1539,89,2,21,-32,425
32,gamma4,20.0,654,6063173781577517663,392,64,1,-10,-32,156
32,gamma4,20.0,655,3111897540259182786,1647,87,-2,32,1,548
32,gamma4,20.0,656,8942240486751784072,1123,155,2,13,32,467
32,gamma4,20.0,657,5839359374277383107,752,94,-2,22,-32,295
32,gamma4,20.0,658,8673277806300657247,902,122,0,-18,32,320
32,gamma4,20.0,659,3239425478430610051,673,75,0,-15,-32,281
32,gamma4,20.0,660,3483034373518541055,1191,71,0,-7,-32,389
32,gamma4,20.0,661,546436233792796696,1071,71,2,32,-21,335
32,gamma4,20.0,662,1781244089428810721,2475,105,-1,-9,-32,749
32,gamma4,20.0,663,1454969755523186252,1019,121,1,32,-17,400
32,gamma4,20.0,664,1389059753707700390,902,136,2,16,32,301
32,gamma4,20.0,665,7214946413102772665,2085,83,2,-32,21,636
32,gamma4,20.0,666,6864060684406965630,859,105,-1,32,13,331
32,gamma4,20.0,667,7821162441905517968,710,86,-3,32,30,253
32,gamma4,20.0,668,8191430405816386956,1904,68,0,-32,-6,591
32,gamma4,20.0,669,7280449670256453278,815,81,1,29,32,284
32,gamma4,20.0,670,5087173991605427188,1591,81,-2,32,-15,471
32,gamma4,20.0,671,4926843991393513926,1045,121,1,-32,7,390
32,gamma4,20.0,672,1672280140300112371,1257,81,0,-9,-32,410
32,gamma4,20.0,673,2353877497029038722,1030,98,-1,32,-10,364
32,gamma4,20.0,674,5867233599695554902,1284,110,-1,32,16,435
32,gamma4,20.0,675,8241200716577119188,451,77,0,-29,32,190
32,gamma4,20.0,676,3468764592281894289,415,83,0,13,-32,159
32,gamma4,20.0,677,1393861148205750508,1077,65,0,-13,32,401
32,gamma4,20.0,678,737386210925037852,727,85,0,-32,-3,285
32,gamma4,20.0,679,1796403418115025707,1953,105,0,-32,1,556
32,gamma4,20.0,680,7516518697349681923,792,100,-3,-4,32,298
32,gamma4,20.0,681,6512611425219109761,1111,77,-2,-5,32,368
32,gamma4,20.0,682,6615411066921033838,308,76,0,32,-10,152
32,gamma4,20.0,683,5600389905627935133,587,83,-2,5,32,250
32,gamma4,20.0,684,3157774400735805773,996,144,0,-18,-32,340
32,gamma4,20.0,685,8283874265884940093,782,86,-2,20,-32,340
32,gamma4,20.0,686,3681478403673598218,1364,88,1,32,12,462
32,gamma4,20.0,687,3594938274498935495,360,126,3,-30,32,186
32,gamma4,20.0,688,3557907957805694410,1132,128,-1,-32,14,370
32,gamma4,20.0,689,6786576152430278617,536,106,1,2,-32,239
32,gamma4,20.0,690,22992446371389434,1635,87,0,-32,-17,525
32,gamma4,20.0,691,2690051411984501609,1868,140,1,14,32,714
32,gamma4,20.0,692,2771050588747836677,848,66,1,-32,2,270
32,gamma4,20.0,693,5675730300774030508,384,94,2,6,32,173
32,gamma4,20.0,694,1089476850429343274,651,91,2,3,-32,249
32,gamma4,20.0,695,500548327130798042,1540,82,0,-32,-14,519
32,gamma4,20.0,696,6965832077000089407,1416,98,3,-6,32,409
32,gamma4,20.0,697,4437963580261942548,238,68,1,2,-32,120
32,gamma4,20.0,698,8879874940589877039,1635,109,0,-32,13,563
32,gamma4,20.0,699,1405011906133430999,1471,167,1,11,32,524
64,gamma4,20.0,0,1817004828587472256,8600,512,0,-64,-6,2513
64,gamma4,20.0,1,5009439869482330994,6269,285,-4,21,64,1822
64,gamma4,20.0,2,5378087910881457540,12585,225,-2,31,64,3100
64,gamma4,20.0,3,8346954870335258979,3105,159,0,-19,64,1138
64,gamma4,20.0,4,1851624413804891336,6096,360,-3,4,64,1604
64,gamma4,20.0,5,5317574109510625640,3919,245,0,-64,7,1281
64,gamma4,20.0,6,5828101430639285561,11734,270,-2,54,-64,2916
64,gamma4,20.0,7,4413991213160225754,2495,265,1,-64,-15,837
64,gamma4,20.0,8,4610574266099551011,5670,198,3,-4,-64,1857
64,gamma4,20.0,9,3260381746967967465,9944,204,2,-22,64,2275
64,gamma4,20.0,10,6251940604765826920,2275,163,2,-21,-64,762
64,gamma4,20.0,11,8455873168948011158,6611,439,-2,-31,-64,2001
64,gamma4,20.0,12,3945766941933258695,2597,327,-2,64,-1,938
64,gamma4,20.0,13,2486822406029913911,5127,393,4,43,64,1646
64,gamma4,20.0,14,7597771360662569348,2361,209,1,31,64,709
64,gamma4,20.0,15,6957077111919728343,2252,354,-2,64,-8,915
64,gamma4,20.0,16,6414906765651195767,7035,479,-3,33,64,2064
64,gamma4,20.0,17,9027417594805388930,3268,160,-1,12,64,1103
64,gamma4,20.0,18,374256469351683194,1211,179,-1,-64,15,478
64,gamma4,20.0,19,3467566433644992100,1633,115,0,64,-3,553
64,gamma4,20.0,20,364223461562554310,1429,169,-1,-15,64,580
64,gamma4,20.0,21,4936311686128107043,7547,227,0,-64,-23,1900
64,gamma4,20.0,22,5236438469555051422,1170,144,0,-10,-64,473
64,gamma4,20.0,23,3642410940951366,3588,212,-1,-64,4,1216
64,gamma4,20.0,24,7065054932456617224,3987,233,1,-19,-64,1247
64,gamma4,20.0,25,769497448365801848,1782,174,-4,64,24,639
64,gamma4,20.0,26,3753696264659717393,4526,158,1,32,64,1246
64,gamma4,20.0,27,3535462571771985330,16894,160,2,-64,2,3860
64,gamma4,20.0,28,7816817698811064223,7759,241,1,64,9,2323
64,gamma4,20.0,29,5083467680556759953,2681,217,-1,64,-27,1036
64,gamma4,20.0,30,4437858612981921254,6318,288,1,64,-36,1584
64,gamma4,20.0,31,7869257907509591195,3208,248,0,64,14,1087
64,gamma4,20.0,32,3419722295913453241,6058,146,0,64,10,1691
64,gamma4,20.0,33,8280616147891991612,2768,222,-1,-64,-52,869
64,gamma4,20.0,34,395937012470684123,5060,308,0,-36,-64,1701
64,gamma4,20.0,35,7581640811006261767,2933,253,-1,-64,39,1125
64,gamma4,20.0,36,6496328155315246459,2212,152,-2,-64,8,656
64,gamma4,20.0,37,2346659814088731335,7391,205,0,64,49,1741
64,gamma4,20.0,38,6867559365838341392,5969,189,-3,-9,64,1753
64,gamma4,20.0,39,460131262376837898,1350,186,0,64,0,476
64,gamma4,20.0,40,5856110951691154312,16085,303,0,64,-31,3127
64,gamma4,20.0,41,1983257452672698435,2649,231,-1,3,-64,860
64,gamma4,20.0,42,5285664935372445381,3024,220,-1,22,64,866
64,gamma4,20.0,43,243945409102020822,3264,290,-3,-64,8,1125
64,gamma4,20.0,44,2732638088675341049,7718,222,0,-64,-26,2572
64,gamma4,20.0,45,6031926831290608066,4181,189,-2,-64,-21,1365
64,gamma4,20.0,46,9121428263771405931,923,199,0,64,41,401
64,gamma4,20.0,47,2571907371999536936,1034,182,-1,64,26,412
64,gamma4,20.0,48,2548029963144925957,5862,238,2,-64,12,1671
64,gamma4,20.0,49,314704232890270788,13016,212,2,38,64,2707
64,gamma4,20.0,50,1861540832345721237,3813,227,1,-25,-64,1180
64,gamma4,20.0,51,1225994141282987555,2486,328,1,-64,6,938
64,gamma4,20.0,52,8610476215716355134,2123,279,0,-64,-3,810
64,gamma4,20.0,53,2408984267786023883,1322,202,2,-64,32,491
64,gamma4,20.0,54,7021056515185118641,3931,193,-1,-45,64,1166
64,gamma4,20.0,55,3062668426156966524,10661,429,5,64,-53,2868
64,gamma4,20.0,56,2889319355657729392,1839,187,-1,-11,64,620
64,gamma4,20.0,57,2462301707579861108,11342,216,2,-64,-2,2345
64,gamma4,20.0,58,1674856055350132622,3104,168,-2,-64,4,974
64,gamma4,20.0,59,6042848228148582332,5278,194,-2,-64,12,1385
64,gamma4,20.0,60,2965928475730846300,4935,245,1,64,-1,1403
64,gamma4,20.0,61,7763681071361567688,2465,223,3,64,-31,904
64,gamma4,20.0,62,7789431161369667100,2212,198,2,20,64,778
64,gamma4,20.0,63,1924454438808913675,4720,284,1,32,64,1569
64,gamma4,20.0,64,6924506149649377931,9648,312,3,56,-64,2373
64,gamma4,20.0,65,5446168464933147471,5077,263,-2,1,-64,1472
64,gamma4,20.0,66,8813174072196365472,2688,224,-1,64,-52,893
64,gamma4,20.0,67,2589914082153104109,8105,243,-2,25,64,1842
64,gamma4,20.0,68,5243067971926418618,1924,170,2,-64,-16,730
64,gamma4,20.0,69,2132340629252708301,5441,259,-4,-29,64,1688
64,gamma4,20.0,70,6845520404523611743,1443,225,-3,7,64,588
64,gamma4,20.0,71,4000362062645709218,4837,287,3,64,-45,1503
64,gamma4,20.0,72,5682558878713994331,2749,185,1,64,25,944
64,gamma4,20.0,73,7246577607068411570,7432,234,2,-64,38,1774
64,gamma4,20.0,74,1726347037412569644,5625,181,-1,64,-31,1658
64,gamma4,20.0,75,5621282235468054626,3077,223,0,64,-23,959
64,gamma4,20.0,76,7442968925550163464,6372,280,0,-36,64,1845
64,gamma4,20.0,77,7228963200144878263,6412,474,6,-16,-64,2016
64,gamma4,20.0,78,6396461254830755473,16174,530,-3,20,-64,4239
64,gamma4,20.0,79,3745868956000378795,7986,172,-1,64,-34,2050
64,gamma4,20.0,80,5628225598418092854,3526,200,-1,18,64,1117
64,gamma4,20.0,81,8410645317259403544,21076,252,-1,64,-8,5243
64,gamma4,20.0,82,5159968521651198980,4571,209,-2,13,-64,1259
64,gamma4,20.0,83,508770338417591290,2086,270,-1,-64,46,803
64,gamma4,20.0,84,4361509245674377271,5628,212,-3,64,-22,1786
64,gamma4,20.0,85,5995760813873794849,8103,223,0,64,-5,1792
64,gamma4,20.0,86,1453851373276894958,914,226,-1,34,64,423
64,gamma4,20.0,87,628386753684261124,1601,171,-2,-64,-17,627
64,gamma4,20.0,88,2182051074245554123,4835,177,0,-64,-31,1489
64,gamma4,20.0,89,1607562726870282946,2909,223,-2,64,-9,925
64,gamma4,20.0,90,2730236243464240460,3644,220,-1,-64,-32,1047
64,gamma4,20.0,91,1949851665652234737,10399,199,3,-7,64,2046
64,gamma4,20.0,92,8964528237214728363,4456,246,4,0,-64,1331
64,gamma4,20.0,93,7290605141368659060,1591,143,-2,-9,64,541
64,gamma4,20.0,94,3420995953792745556,1307,209,0,64,-11,519
64,gamma4,20.0,95,8120140907153953190,5514,244,2,-40,-64,1551
64,gamma4,20.0,96,8669773473182540804,2482,238,1,-18,-64,869
64,gamma4,20.0,97,853218840507349208,4247,155,-1,1,64,1129
64,gamma4,20.0,98,945804547446942727,1910,188,-1,-32,64,643
64,gamma4,20.0,99,404160612834640053,3252,172,-1,-64,-34,1012
64,gamma4,20.0,100,7537388154351673718,3552,148,2,-4,-64,990
64,gamma4,20.0,101,4300209366551822776,8809,213,4,-64,35,2183
64,gamma4,20.0,102,8668794813236422893,1602,166,0,22,64,613
64,gamma4,20.0,103,5095261261740742964,4568,236,-1,-30,64,1217
64,gamma4,20.0,104,2837371140006574704,6748,172,1,-64,-6,1627
64,gamma4,20.0,105,707346932664234005,5517,219,-4,13,-64,1736
64,gamma4,20.0,106,3183776727937968608,1358,230,1,64,-28,525
64,gamma4,20.0,107,2193750569381071298,3120,308,3,-40,-64,985
64,gamma4,20.0,108,8114132065862531780,905,257,1,64,11,439
64,gamma4,20.0,109,1827152879722921273,5395,229,3,-33,-64,1555
64,gamma4,20.0,110,5141272126662196312,3276,210,0,-64,-50,1060
64,gamma4,20.0,111,1230020945403493530,3251,187,0,13,64,924
64,gamma4,20.0,112,1562516668827948115,1428,200,2,36,64,648
64,gamma4,20.0,113,3538820941918768627,12877,369,2,64,3,3177
64,gamma4,20.0,114,1934872270757587018,2120,198,0,-64,16,797
64,gamma4,20.0,115,3706128604103096901,5224,268,-2,64,60,1404
64,gamma4,20.0,116,5014798891991735011,1645,225,-1,-57,64,623
64,gamma4,20.0,117,4915727533425568127,3123,219,2,-27,-64,962
64,gamma4,20.0,118,986247340627968025,1702,148,0,-64,-24,579
64,gamma4,20.0,119,6623700455225101422,3742,142,2,2,-64,1145
64,gamma4,20.0,120,365827845359760655,1829,165,1,-43,64,636
64,gamma4,20.0,121,8941923063712718830,1804,200,0,-64,34,614
64,gamma4,20.0,122,5281539609587857840,5406,234,2,64,-28,1317
64,gamma4,20.0,123,7536883210062567336,9892,328,-5,-64,10,2062
64,gamma4,20.0,124,4171381854853721235,1522,206,2,-64,18,553
64,gamma4,20.0,125,8140979557483898952,13422,238,0,2,-64,3326
64,gamma4,20.0,126,488047650535678977,8037,191,-1,-11,64,2353
64,gamma4,20.0,127,3813375847187111441,4276,176,-1,-24,-64,1097
64,gamma4,20.0,128,6801009172867844142,6073,173,0,-64,-23,1509
64,gamma4,20.0,129,2152631397580627151,2880,298,0,24,64,943
64,gamma4,20.0,130,2331197180036624252,7895,263,1,-64,29,1711
64,gamma4,20.0,131,3339493079502995355,7274,304,-2,-34,-64,1897
64,gamma4,20.0,132,1567907254948458700,7604,300,-1,12,-64,1880
64,gamma4,20.0,133,8389999288253183007,8408,510,-3,-28,64,2472
64,gamma4,20.0,134,9042076407381637346,5776,154,-3,64,0,1358
64,gamma4,20.0,135,3654210096922989819,10384,176,-1,30,-64,2752
64,gamma4,20.0,136,1393001602171353024,2913,237,0,-51,-64,975
64,gamma4,20.0,137,1121579666005003686,12854,146,1,64,-20,2749
64,gamma4,20.0,138,4435505938339967467,1677,189,1,-25,-64,694
64,gamma4,20.0,139,8540314897868616436,8633,331,-6,-27,64,2059
64,gamma4,20.0,140,1128128907100439602,7313,177,-1,-64,-7,1739
64,gamma4,20.0,141,1381043523104710130,968,110,0,64,4,429
64,gamma4,20.0,142,4292709080931201881,2641,229,-1,19,-64,967
64,gamma4,20.0,143,22251013918974689,5088,366,-3,64,-12,1591
64,gamma4,20.0,144,1574327120355828240,12701,351,-1,-29,64,3117
64,gamma4,20.0,145,1997533059782018606,3528,170,1,24,-64,1100
64,gamma4,20.0,146,7103581111288822578,4374,192,0,-4,64,1318
64,gamma4,20.0,147,8422767933653509562,10843,265,-4,7,-64,2367
64,gamma4,20.0,148,8049896099364618288,4423,225,-2,21,-64,1292
64,gamma4,20.0,149,2913798036049449485,1472,214,1,12,-64,570
64,gamma4,20.0,150,2752023348006036305,2183,223,0,64,31,783
64,gamma4,20.0,151,3228319615458126423,2100,228,-1,-36,64,699
64,gamma4,20.0,152,8033051393277326260,3250,184,-3,-18,64,1128
64,gamma4,20.0,153,5386222285331982586,5441,187,-3,-1,64,1655
64,gamma4,20.0,154,2108165656209779606,1597,225,-2,3,64,577
64,gamma4,20.0,155,2737671436768024433,9137,201,1,-64,31,2391
64,gamma4,20.0,156,6746445345129157904,1659,237,0,-35,64,617
64,gamma4,20.0,157,3008043534818323321,9481,139,1,-7,64,2071
64,gamma4,20.0,158,7436619048239919682,4941,221,-2,-64,-3,1464
64,gamma4,20.0,159,205065464475958423,8967,327,-2,-9,-64,2156
64,gamma4,20.0,160,1505731392762361341,2450,158,1,64,-14,718
64,gamma4,20.0,161,5314992715262286022,5699,255,1,7,64,1733
64,gamma4,20.0,162,605880721806254320,3369,181,-1,64,-27,961
64,gamma4,20.0,163,7667848556076511473,7848,170,2,64,-26,1933
64,gamma4,20.0,164,2006214325443956338,5196,340,0,48,64,1661
64,gamma4,20.0,165,4548997004957359099,829,173,2,19,-64,355
64,gamma4,20.0,166,5146665300542594435,1930,230,-1,-30,-64,684
64,gamma4,20.0,167,7983233497976415424,2739,271,2,-21,-64,911
64,gamma4,20.0,168,2610071781657171119,4591,181,-1,-33,64,1625
64,gamma4,20.0,169,5831610923198005701,3779,137,0,13,64,1036
64,gamma4,20.0,170,3090789436657776493,14676,306,0,64,-2,3563
64,gamma4,20.0,171,8116025118465580051,5496,338,-1,-64,-40,1456
64,gamma4,20.0,172,3401827736749630298,5073,491,4,64,17,1742
64,gamma4,20.0,173,2505047955514183679,1514,252,2,-64,4,605
64,gamma4,20.0,174,1379712099567685785,2205,263,4,64,-39,802
64,gamma4,20.0,175,6110742907382169294,843,177,-2,-29,-64,384
64,gamma4,20.0,176,6444997814601643963,6252,256,0,-64,30,1762
64,gamma4,20.0,177,4594799210690206401,1779,265,1,-39,64,724
64,gamma4,20.0,178,2079737187233441376,5206,226,3,-64,-40,1583
64,gamma4,20.0,179,6544385359543409277,6194,250,2,30,64,2048
64,gamma4,20.0,180,8513191596974091998,6460,294,-1,64,46,1793
64,gamma4,20.0,181,2781306005573683060,4071,177,0,33,64,1135
64,gamma4,20.0,182,7034550481629045188,5866,320,3,64,-34,1773
64,gamma4,20.0,183,8385970075223510020,2949,189,0,-27,64,889
64,gamma4,20.0,184,2453489608102429418,5622,264,-1,-64,-6,1510
64,gamma4,20.0,185,2403458603465152403,2131,305,-2,64,31,867
64,gamma4,20.0,186,394076220843605369,6957,463,-5,3,64,2209
64,gamma4,20.0,187,2349024601977842280,9970,196,1,-38,-64,2901
64,gamma4,20.0,188,6552498039936251607,2927,199,0,11,-64,896
64,gamma4,20.0,189,4313103615652280566,4985,171,1,-7,64,1373
64,gamma4,20.0,190,8019234391954316415,4435,167,0,64,-7,1188
64,gamma4,20.0,191,7510785553679162632,1933,217,2,-29,64,737
64,gamma4,20.0,192,5372843725739509581,4986,116,-2,64,-4,1292
64,gamma4,20.0,193,8804161769139915234,2754,178,0,-6,64,849
64,gamma4,20.0,194,2822781540157784663,1730,202,2,-4,64,615
64,gamma4,20.0,195,3219499908330594303,5848,186,-1,6,64,1293
64,gamma4,20.0,196,4961480494908927217,2244,182,1,-26,-64,720
64,gamma4,20.0,197,7791710282037215337,2087,153,1,33,-64,796
64,gamma4,20.0,198,2202651219300839132,3321,199,-1,25,-64,1025
64,gamma4,20.0,199,6153455061683581036,8529,153,-1,-64,-1,2348
64,gamma4,20.0,200,8068452766263344287,2227,167,-1,-64,37,737
64,gamma4,20.0,201,4666095860821029104,2643,263,2,7,64,930
64,gamma4,20.0,202,760872264751068386,2669,203,2,9,64,948
64,gamma4,20.0,203,1046305824807482034,6950,276,-1,-64,32,2185
64,gamma4,20.0,204,7331777508600494342,1862,248,-2,64,-46,745
64,gamma4,20.0,205,7300858498929859960,2747,283,-1,-11,-64,986
64,gamma4,20.0,206,7187769126544057748,2842,212,1,-8,-64,975
64,gamma4,20.0,207,3877525507589746635,2071,213,0,-31,-64,685
64,gamma4,20.0,208,8121258173970335447,10301,269,-1,64,33,2669
64,gamma4,20.0,209,4012108970135979985,5035,213,0,-64,-11,1282
64,gamma4,20.0,210,5366698975026041262,2147,211,1,-64,19,815
64,gamma4,20.0,211,2310090684713971217,5571,269,0,17,-64,1694
64,gamma4,20.0,212,5446331219284320635,2682,278,-1,14,64,926
64,gamma4,20.0,213,4577414719380415387,1335,127,0,64,3,457
64,gamma4,20.0,214,5095874936344909962,12713,407,2,-27,64,3476
64,gamma4,20.0,215,519511432312139330,11618,122,-1,-64,8,2506
64,gamma4,20.0,216,6306261508251776124,2020,224,0,-64,-20,727
64,gamma4,20.0,217,659576009420466863,1958,182,-3,64,12,699
64,gamma4,20.0,218,8774042876620154928,5757,329,-2,-64,-25,1827
64,gamma4,20.0,219,2098401801341056512,4303,175,1,-64,27,1460
64,gamma4,20.0,220,3541026106788349279,7333,223,-3,64,23,2021
64,gamma4,20.0,221,5366618793460450240,2665,191,1,-41,-64,983
64,gamma4,20.0,222,4891050954376929338,5498,228,0,-38,-64,1479
64,gamma4,20.0,223,649933581877886814,3019,237,0,-25,64,958
64,gamma4,20.0,224,6976388538815283354,8428,272,3,-8,-64,2133
64,gamma4,20.0,225,4389222424027324642,5174,292,2,38,-64,1615
64,gamma4,20.0,226,4655424940820795896,8998,214,2,64,-28,2271
64,gamma4,20.0,227,872836996528400521,1301,227,0,11,-64,553
64,gamma4,20.0,228,1550212108418854859,5042,240,2,-64,44,1608
64,gamma4,20.0,229,4669657298721345191,4732,266,-1,64,32,1687
64,gamma4,20.0,230,1685438049419999131,4774,214,-2,64,12,1611
64,gamma4,20.0,231,4190264051712786048,7924,240,2,-30,-64,2176
64,gamma4,20.0,232,4891848653794952025,3567,195,-2,27,-64,1029
64,gamma4,20.0,233,8239958986906854907,7708,244,3,2,-64,2166
64,gamma4,20.0,234,1983818140035812031,7259,233,-2,3,-64,1732
64,gamma4,20.0,235,362897839635400590,3759,199,-2,-21,-64,1168
64,gamma4,20.0,236,5353598048311170635,10034,246,-1,64,-46,2242
64,gamma4,20.0,237,6110032035314635421,1185,187,1,19,64,458
64,gamma4,20.0,238,6438847168219276015,7591,187,-2,-31,-64,2166
64,gamma4,20.0,239,8254696783238960069,2416,202,2,-14,64,885
64,gamma4,20.0,240,2711750996007537820,4592,306,-2,-64,8,1512
64,gamma4,20.0,241,479503651272904261,4644,208,0,-64,-18,1179
64,gamma4,20.0,242,1435768968229049175,6108,262,2,-12,64,1633
64,gamma4,20.0,243,8767119658763381579,1857,183,-1,64,21,559
64,gamma4,20.0,244,3204526914661700835,10394,520,3,-38,-64,2791
64,gamma4,20.0,245,1162901152713013191,1845,211,1,-64,33,636
64,gamma4,20.0,246,6227639286679857985,4736,126,0,-2,64,1095
64,gamma4,20.0,247,7841507752598630348,5501,307,-1,64,-47,1751
64,gamma4,20.0,248,2964313397625390871,2713,269,1,64,23,910
64,gamma4,20.0,249,2982948899198052051,2813,179,-1,-64,-3,901
64,gamma4,20.0,250,4330581733328426982,3139,157,2,-5,64,1162
64,gamma4,20.0,251,8108316812122056506,1836,180,-2,-20,64,639
64,gamma4,20.0,252,4813999197551095961,1968,280,-1,34,64,769
64,gamma4,20.0,253,1816558002654382560,5343,391,-2,-21,-64,1742
64,gamma4,20.0,254,3141024959500363691,4604,222,-1,-56,64,1433
64,gamma4,20.0,255,8475138873378706309,664,180,4,-10,-64,333
64,gamma4,20.0,256,5904880569948101843,5589,393,-4,-64,11,1882
64,gamma4,20.0,257,6402815787244881713,4608,204,0,-64,-28,1300
64,gamma4,20.0,258,6602740412613543739,7610,198,1,-64,10,1875
64,gamma4,20.0,259,7326782003672154276,3550,186,-1,-64,0,1026
64,gamma4,20.0,260,4615317109145831593,2794,192,3,-64,8,952
64,gamma4,20.0,261,5449703359763109165,1075,191,2,-5,64,494
64,gamma4,20.0,262,8404481449811193277,3362,260,-2,46,64,1235
64,gamma4,20.0,263,8795505663519550188,5656,374,-3,64,54,1773
64,gamma4,20.0,264,8848864853713916347,2531,173,-1,9,-64,727
64,gamma4,20.0,265,7890739821282390586,1999,213,2,-64,15,781
64,gamma4,20.0,266,1873517666322768853,3112,134,0,64,-10,1181
64,gamma4,20.0,267,4116639842366174331,2203,173,1,64,-19,794
64,gamma4,20.0,268,500601659268240059,14546,162,0,-64,-4,3551
64,gamma4,20.0,269,1277995304344769435,3028,172,2,4,64,915
64,gamma4,20.0,270,803600639420227799,3747,159,0,-29,-64,1051
64,gamma4,20.0,271,5209304406862440679,1217,213,-2,64,-57,553
64,gamma4,20.0,272,5553770313853740504,8675,193,-1,-13,-64,2332
64,gamma4,20.0,273,8311786987721143713,1532,166,0,64,-24,559
64,gamma4,20.0,274,4081278972878214092,2127,169,2,64,-31,633
64,gamma4,20.0,275,5126999174927410624,5178,270,-3,8,-64,1475
64,gamma4,20.0,276,1339640688968173314,1735,155,2,-64,-1,613
64,gamma4,20.0,277,663819254872222065,4309,147,1,64,5,963
64,gamma4,20.0,278,4814396429841153840,10794,172,-1,-64,8,2406
64,gamma4,20.0,279,3910569581083801613,1992,202,-1,-12,64,650
64,gamma4,20.0,280,984568951941879981,2345,177,1,15,64,802
64,gamma4,20.0,281,5492668871696662702,4305,237,0,3,64,1463
64,gamma4,20.0,282,5991573232394448275,2164,164,0,8,64,662
64,gamma4,20.0,283,2994055866562407673,3232,246,0,14,64,979
64,gamma4,20.0,284,1632540530902212035,7258,158,0,-64,-12,2024
64,gamma4,20.0,285,4605328904609033788,8116,250,2,64,10,1998
64,gamma4,20.0,286,6002043863778497688,4804,196,2,-64,2,1282
64,gamma4,20.0,287,1880838407214131771,1559,167,0,19,-64,473
64,gamma4,20.0,288,2556104198943714442,4236,194,-1,12,64,1094
64,gamma4,20.0,289,3004762380660988078,6103,491,-2,64,-41,1954
64,gamma4,20.0,290,5681268650382606303,6707,285,-2,-64,-5,1882
64,gamma4,20.0,291,8332020331681122406,1204,140,-1,-8,64,504
64,gamma4,20.0,292,672928620838286310,1464,194,1,-64,42,499
64,gamma4,20.0,293,6651313006071118198,4302,276,1,64,-20,1430
64,gamma4,20.0,294,2420629791180680216,11410,308,0,52,-64,2727
64,gamma4,20.0,295,3113683156165253166,1401,201,0,64,39,516
64,gamma4,20.0,296,836336591396286843,4339,225,1,64,-13,1256
64,gamma4,20.0,297,3461047026686747775,2803,233,2,-64,9,986
64,gamma4,20.0,298,3665385827278030675,4838,272,3,-64,-20,1507
64,gamma4,20.0,299,593348284213453124,14144,282,0,0,-64,3773
64,gamma4,20.0,300,1270364340452660906,948,152,1,-10,-64,379
64,gamma4,20.0,301,5042900781867960500,2591,339,-1,64,51,991
64,gamma4,20.0,302,709513055526922856,3189,237,1,17,64,1124
64,gamma4,20.0,303,3405595045157554651,3265,217,0,-41,-64,1139
64,gamma4,20.0,304,2519270906456337429,2154,308,-2,64,-26,779
64,gamma4,20.0,305,2511326820994708767,3816,230,-2,64,-4,1189
64,gamma4,20.0,306,2827520846438235248,3271,289,1,64,7,1177
64,gamma4,20.0,307,1561795036829250372,2342,156,0,6,-64,908
64,gamma4,20.0,308,7761071751279544716,2925,257,-2,41,-64,987
64,gamma4,20.0,309,2186255048945368074,1619,175,0,15,-64,585
64,gamma4,20.0,310,2851987275043527693,2169,177,-1,64,-45,717
64,gamma4,20.0,311,4269653616624185179,3272,214,3,24,64,994
64,gamma4,20.0,312,409311922110756904,5569,175,0,64,-1,1438
64,gamma4,20.0,313,7295213790491310201,1925,215,1,-64,25,693
64,gamma4,20.0,314,499066096469627465,4334,296,-4,64,-6,1362
64,gamma4,20.0,315,5210623192985344671,3319,223,0,-64,-35,1058
64,gamma4,20.0,316,4972772673255857344,1559,257,2,64,17,679
64,gamma4,20.0,317,9156588811217371030,6277,189,-2,64,-37,1819
64,gamma4,20.0,318,3644437173078141859,4326,158,-2,12,-64,1005
64,gamma4,20.0,319,5710313854760253572,2225,205,-3,64,49,847
64,gamma4,20.0,320,864697252403693185,4583,261,0,-64,31,1474
64,gamma4,20.0,321,7416507474140303794,2907,167,0,-64,-17,1006
64,gamma4,20.0,322,863799736668284372,5416,194,-1,-64,-26,1629
64,gamma4,20.0,323,8148990302028431612,4049,433,1,-64,41,1415
64,gamma4,20.0,324,9130176109783150040,5397,219,1,49,64,1645
64,gamma4,20.0,325,1749787724839227792,3084,228,0,-10,64,1029
64,gamma4,20.0,326,4241891953334017242,5300,160,-1,-64,-50,1513
64,gamma4,20.0,327,8033408024466167652,4035,197,1,-64,-3,1261
64,gamma4,20.0,328,7222921533380837103,9065,193,-3,19,-64,2734
64,gamma4,20.0,329,6098578475130788474,2237,169,-2,-64,-25,815
64,gamma4,20.0,330,6327975778399426243,3288,186,1,18,64,1080
64,gamma4,20.0,331,5166242128587810846,2308,208,-1,-10,-64,824
64,gamma4,20.0,332,4909285356353895142,1504,258,0,-64,40,637
64,gamma4,20.0,333,8739706908939555072,5402,196,-2,-6,64,1770
64,gamma4,20.0,334,8177769804152517206,1877,173,-1,17,64,622
64,gamma4,20.0,335,3548847663751785354,6698,278,2,32,64,2072
64,gamma4,20.0,336,3729225417065140518,2069,199,2,-13,64,683
64,gamma4,20.0,337,1258533882648651837,2907,191,-1,25,-64,1005
64,gamma4,20.0,338,4496157247765946765,3876,216,-2,-6,-64,1194
64,gamma4,20.0,339,6176869718717555475,3015,303,2,64,25,1039
64,gamma4,20.0,340,4723171904707544937,4083,189,1,-13,-64,1318
64,gamma4,20.0,341,1963533937436032409,1174,216,-2,56,-64,496
64,gamma4,20.0,342,4879027792622775064,3389,317,0,64,-51,1134
64,gamma4,20.0,343,4976619336101335030,7354,212,0,-18,64,1885
64,gamma4,20.0,344,3223804559153425961,1869,185,3,-64,-13,662
64,gamma4,20.0,345,5436594870262939706,1775,123,1,21,-64,532
64,gamma4,20.0,346,1870974346781907056,1263,151,0,-64,3,498
64,gamma4,20.0,347,8373738760728303722,7168,232,1,-64,-32,2162
64,gamma4,20.0,348,5206119619811872690,8257,211,0,64,31,2110
64,gamma4,20.0,349,3385888768589204574,3608,244,-1,-32,64,1068
64,gamma4,20.0,350,549962330830360412,6713,203,-4,64,53,1468
64,gamma4,20.0,351,5841737231496987181,2598,256,-2,10,64,870
64,gamma4,20.0,352,5319954747958944332,1896,180,-1,30,-64,602
64,gamma4,20.0,353,4178645219483665775,2070,128,0,64,18,598
64,gamma4,20.0,354,286187241638634856,4510,206,1,-64,32,1331
64,gamma4,20.0,355,1884727633771199001,6166,148,-3,-64,-12,1541
64,gamma4,20.0,356,9033407383292431132,2915,205,-2,-64,7,899
64,gamma4,20.0,357,8935305935921903398,3027,239,2,1,64,1036
64,gamma4,20.0,358,795544414336677740,2248,176,2,26,64,732
64,gamma4,20.0,359,8371724593292693097,13563,177,1,-64,-51,2952
64,gamma4,20.0,360,3997276191768652195,8109,287,-3,64,43,2385
64,gamma4,20.0,361,4424114855867301271,375,119,0,64,-1,198
64,gamma4,20.0,362,4427580173089239835,4985,215,5,-43,-64,1615
64,gamma4,20.0,363,4922637901988890635,6227,157,1,64,-17,1789
64,gamma4,20.0,364,346756442777661631,5678,332,0,40,64,1642
64,gamma4,20.0,365,6010244986893026474,1589,199,-1,64,-19,580
64,gamma4,20.0,366,6126810342163899774,882,176,2,-64,34,437
64,gamma4,20.0,367,2097580679078519691,2672,232,0,64,32,995
64,gamma4,20.0,368,7258492881472687489,4463,295,-3,64,-55,1206
64,gamma4,20.0,369,2266088093733284798,2311,195,1,-64,-15,779
64,gamma4,20.0,370,18399431401912157,3727,277,-1,-21,-64,1207
64,gamma4,20.0,371,1474297805874100658,3798,168,1,18,-64,1050
64,gamma4,20.0,372,489766030433487292,6039,321,-1,-43,64,1832
64,gamma4,20.0,373,4445910415387817292,1235,183,-1,13,-64,470
64,gamma4,20.0,374,9003848836558190652,2039,173,-1,64,-37,598
64,gamma4,20.0,375,3628717383292484130,2311,183,0,-45,64,707
64,gamma4,20.0,376,4404496509449624854,4358,270,-1,-16,64,1291
64,gamma4,20.0,377,5091171106036930547,2647,233,1,64,35,800
64,gamma4,20.0,378,3315952315316913466,1743,239,1,-64,33,731
64,gamma4,20.0,379,4461620976450096295,1338,200,1,-64,-18,501
64,gamma4,20.0,380,4649036334909360082,2310,164,2,64,-26,732
64,gamma4,20.0,381,2514197283242092368,4384,262,2,64,-22,1452
64,gamma4,20.0,382,3481000951256299836,3048,202,1,-4,-64,901
64,gamma4,20.0,383,5370652742708217173,12509,153,0,64,-29,3297
64,gamma4,20.0,384,33411110974981602,2979,283,-1,-49,-64,981
64,gamma4,20.0,385,7168723192043792443,11819,257,-3,53,-64,3342
64,gamma4,20.0,386,2529455989280845954,4405,163,2,64,-5,1578
64,gamma4,20.0,387,7838083587443534507,3223,145,-2,64,-23,924
64,gamma4,20.0,388,6758930879471187188,9072,266,-4,-64,-42,2326
64,gamma4,20.0,389,6010725869627993886,4093,177,-1,23,-64,1201
64,gamma4,20.0,390,3941909804416247928,1805,253,1,9,-64,676
64,gamma4,20.0,391,8061038683370141672,1969,265,-3,-64,1,735
64,gamma4,20.0,392,3887798303253318358,1336,218,3,64,-42,547
64,gamma4,20.0,393,638452148250851454,3816,180,0,64,-12,1017
64,gamma4,20.0,394,648722653976192340,3312,204,2,-64,-34,1029
64,gamma4,20.0,395,1310599078635226661,3434,248,2,-64,14,1246
64,gamma4,20.0,396,1821888633828394991,4812,234,1,64,0,1400
64,gamma4,20.0,397,6967760308233556085,4002,268,-3,-64,-18,1379
64,gamma4,20.0,398,6872900638943223727,1413,151,0,7,64,492
64,gamma4,20.0,399,3792714877851741582,3575,331,1,-64,-1,1250
64,gamma4,20.0,400,7054966145437983329,1914,180,-1,64,32,635
64,gamma4,20.0,401,4806348322141263373,4599,193,1,1,64,1236
64,gamma4,20.0,402,7601253078838670559,4983,149,0,11,64,1275
64,gamma4,20.0,403,8023046719141181909,3013,213,0,-3,64,947
64,gamma4,20.0,404,8127901828706928616,3092,154,-1,64,6,968
64,gamma4,20.0,405,8675507582916099378,1256,212,1,64,-48,526
64,gamma4,20.0,406,8622266590488428529,6976,550,-3,64,48,1988
64,gamma4,20.0,407,4757631702947227545,1489,193,-1,11,-64,551
64,gamma4,20.0,408,5367736325276277025,8728,154,2,-2,-64,2357
64,gamma4,20.0,409,9045419827391957805,3162,160,0,10,64,966
64,gamma4,20.0,410,5583127796324848800,5222,306,-1,-44,64,1574
64,gamma4,20.0,411,8056996337326220659,12204,472,-3,0,64,3219
64,gamma4,20.0,412,2977532009698153363,3800,210,-1,34,64,1088
64,gamma4,20.0,413,8742431565963242069,3516,184,0,8,-64,1145
64,gamma4,20.0,414,8657397926589574328,5056,352,-1,-2,-64,1713
64,gamma4,20.0,415,1501141146061452021,2776,280,0,-64,-58,936
64,gamma4,20.0,416,5219395048432228687,4874,424,-1,50,64,1623
64,gamma4,20.0,417,874077715523120157,6948,216,0,36,64,1789
64,gamma4,20.0,418,4159139123884438587,3001,239,0,-31,64,969
64,gamma4,20.0,419,6080631431585783585,10259,231,-1,13,-64,2624
64,gamma4,20.0,420,416209615374431906,2030,166,0,64,-42,683
64,gamma4,20.0,421,3984866524963444287,3052,320,1,20,64,937
64,gamma4,20.0,422,2265296607599666073,1481,171,2,-23,-64,592
64,gamma4,20.0,423,4593624619774470946,21630,136,-1,-4,-64,3976
64,gamma4,20.0,424,753317178596636198,2139,207,-3,-64,-3,893
64,gamma4,20.0,425,8618535543714134692,4143,253,0,64,25,1313
64,gamma4,20.0,426,2695470875956477644,4853,493,-1,64,-41,1631
64,gamma4,20.0,427,559689011278368888,2311,221,-2,-64,7,780
64,gamma4,20.0,428,7810320566827107436,10457,341,-1,1,64,2610
64,gamma4,20.0,429,4224500594558374371,1055,149,-1,-5,64,454
64,gamma4,20.0,430,4115318040533771420,2453,213,-1,-47,64,826
64,gamma4,20.0,431,1076223705437813097,9906,212,-3,-64,22,2414
64,gamma4,20.0,432,2253031819007889016,3881,315,-2,-41,64,1291
64,gamma4,20.0,433,1407495534718923308,2939,193,2,-7,-64,941
64,gamma4,20.0,434,8926317362101670634,4778,210,-3,-64,22,1113
64,gamma4,20.0,435,6862982879113316919,5724,158,0,-64,2,1683
64,gamma4,20.0,436,7402029664986313066,9421,263,0,31,64,2731
64,gamma4,20.0,437,4274406075824461746,3157,215,0,-64,15,911
64,gamma4,20.0,438,5129815462154078239,7427,241,-2,-64,-47,1808
64,gamma4,20.0,439,4800258239261600122,1886,176,0,-24,64,616
64,gamma4,20.0,440,8643332776310777702,1802,162,-3,20,64,691
64,gamma4,20.0,441,407604482408426189,9953,317,1,37,64,2201
64,gamma4,20.0,442,2458342893604405132,1816,188,0,-64,2,694
64,gamma4,20.0,443,3541638228514520003,2878,178,3,-64,-20,788
64,gamma4,20.0,444,5144327756073263293,4459,215,-1,-64,-19,1233
64,gamma4,20.0,445,6724323461931795735,2240,238,2,64,56,705
64,gamma4,20.0,446,4003574572415867948,3325,321,-2,13,-64,1081
64,gamma4,20.0,447,1769004381984563097,7263,229,-1,-64,23,1981
64,gamma4,20.0,448,5255205775381163280,4198,236,0,-56,64,1321
64,gamma4,20.0,449,3959190540108260888,6457,323,-1,53,-64,1909
64,gamma4,20.0,450,3172727084384154886,1363,197,0,13,64,556
64,gamma4,20.0,451,1948900516211102793,10448,272,4,-14,-64,2730
64,gamma4,20.0,452,4677220683266641763,2084,254,-3,64,-40,723
64,gamma4,20.0,453,3926672881616072121,3412,184,3,36,64,888
64,gamma4,20.0,454,2736483855453705445,4303,183,-2,19,-64,1300
64,gamma4,20.0,455,4291915289271637747,3925,265,-2,37,64,1211
64,gamma4,20.0,456,5344666988293744147,8988,530,-3,-64,-12,2568
64,gamma4,20.0,457,613845089123139743,10382,192,0,-64,42,2592
64,gamma4,20.0,458,4398545117368547211,2581,219,1,1,-64,812
64,gamma4,20.0,459,6036166421610299947,2504,136,-1,28,-64,779
64,gamma4,20.0,460,3071060379919524801,7033,195,1,13,64,1808
64,gamma4,20.0,461,5149273248621691762,7370,238,-1,64,2,2153
64,gamma4,20.0,462,754405332318753587,1210,252,0,-18,64,507
64,gamma4,20.0,463,2292107402462986538,3158,140,1,14,64,795
64,gamma4,20.0,464,6932773229031396676,2723,207,0,45,-64,953
64,gamma4,20.0,465,7209540799502999543,4895,201,-2,41,64,1432
64,gamma4,20.0,466,5743111081352059160,4092,210,-1,36,-64,1164
64,gamma4,20.0,467,8057495889733146984,3156,246,0,-38,64,948
64,gamma4,20.0,468,4246303247336695703,2118,152,1,-64,-16,660
64,gamma4,20.0,469,5467270823876823204,5452,218,1,64,26,1550
64,gamma4,20.0,470,995236182005347683,4608,208,0,-64,50,1269
64,gamma4,20.0,471,3703854620823976150,3331,249,-3,64,27,1082
64,gamma4,20.0,472,1448545728243154169,6106,438,4,64,-10,2035
64,gamma4,20.0,473,3377929343327598779,13770,358,-1,-28,64,3508
64,gamma4,20.0,474,203737432727035077,3816,200,3,24,-64,1105
64,gamma4,20.0,475,2371289746076740768,5288,222,1,64,44,1743
64,gamma4,20.0,476,761846574463892629,1855,187,0,29,-64,625
64,gamma4,20.0,477,6646122061074923786,3464,308,-1,-64,50,1083
64,gamma4,20.0,478,6813325443578685423,9685,581,3,-64,41,2708
64,gamma4,20.0,479,5558769165480953671,3501,221,0,-64,-39,1189
64,gamma4,20.0,480,2035189278527554944,3609,199,4,-64,23,1106
64,gamma4,20.0,481,5803042244686041812,3215,135,0,-31,-64,1067
64,gamma4,20.0,482,7858674819125980130,2163,197,-1,64,47,847
64,gamma4,20.0,483,1211668674822453928,5062,272,1,-64,44,1626
64,gamma4,20.0,484,6091278604062310979,3220,158,-1,64,-20,1008
64,gamma4,20.0,485,1312551861116631185,2048,188,2,-64,-12,622
64,gamma4,20.0,486,5563291582399523170,2974,174,1,-20,-64,957
64,gamma4,20.0,487,5020815291202272585,4625,205,1,-33,64,1423
64,gamma4,20.0,488,5770371885064091981,5069,279,0,-64,29,1514
64,gamma4,20.0,489,3079246860067821242,1509,227,0,-64,15,571
64,gamma4,20.0,490,7194665846798589135,3544,206,-2,64,-2,1060
64,gamma4,20.0,491,1550928455215274261,10524,420,-3,-64,10,2824
64,gamma4,20.0,492,7054443320363820974,7463,169,1,-64,23,2021
64,gamma4,20.0,493,7595572049876374598,1973,171,-1,-27,64,682
64,gamma4,20.0,494,636210675062193503,3355,173,0,7,-64,1104
64,gamma4,20.0,495,1262980193892333320,2106,218,0,64,-52,743
64,gamma4,20.0,496,5070669415085285941,4325,163,1,37,64,1464
64,gamma4,20.0,497,6081998904987092361,939,181,-1,-64,19,402
64,gamma4,20.0,498,8128496035368150359,13398,160,0,-64,-6,3235
64,gamma4,20.0,499,4670736185789243397,3550,200,0,-64,32,1113
64,gamma4,20.0,500,4027116637880363187,4697,175,1,64,21,1334
64,gamma4,20.0,501,3655022561434212649,6086,304,1,64,-12,1409
64,gamma4,20.0,502,5690268020979129977,6614,214,1,-44,64,1503
64,gamma4,20.0,503,7514323057022577026,1579,171,2,11,-64,547
64,gamma4,20.0,504,8899633961005566444,2018,260,0,28,64,744
64,gamma4,20.0,505,7470334597900701838,2675,259,0,5,-64,867
64,gamma4,20.0,506,6270194446156885660,3939,273,3,64,-55,1242
64,gamma4,20.0,507,8779710256442078571,2126,178,-1,64,30,663
64,gamma4,20.0,508,850708854067489926,7425,189,0,-64,37,1888
64,gamma4,20.0,509,7910212182614487304,5416,264,-1,12,64,1514
64,gamma4,20.0,510,2241199541560136174,5461,343,-4,5,64,1571
64,gamma4,20.0,511,858876156947588207,6749,247,2,64,-37,1329
64,gamma4,20.0,512,6179590101585485,2565,195,2,-64,-57,868
64,gamma4,20.0,513,5557648835740624703,3243,221,3,25,64,1033
64,gamma4,20.0,514,1741858755574968239,10323,193,-2,51,-64,2142
64,gamma4,20.0,515,1604270841753310855,7340,414,2,-12,-64,2204
64,gamma4,20.0,516,4836184431821080997,2280,280,1,64,-46,859
64,gamma4,20.0,517,8937828102697674279,4012,180,-1,-32,-64,1220
64,gamma4,20.0,518,6924597597212171485,4982,200,0,50,64,1468
64,gamma4,20.0,519,2130797202318732253,4825,183,2,21,-64,1220
64,gamma4,20.0,520,3632177946397248583,2230,208,0,28,64,730
64,gamma4,20.0,521,6642337717816220839,1984,210,0,0,-64,677
64,gamma4,20.0,522,5311322864050702448,2049,255,-1,-64,-35,816
64,gamma4,20.0,523,1780315485847904856,6585,307,4,-33,-64,1712
64,gamma4,20.0,524,1395436805598041613,7697,201,0,64,15,1893
64,gamma4,20.0,525,972128944167353017,1960,238,-2,42,-64,671
64,gamma4,20.0,526,5020600364737030556,5429,221,1,-27,64,1734
64,gamma4,20.0,527,5617029375338457470,5880,374,-4,64,-8,1549
64,gamma4,20.0,528,2785909481188208391,4649,259,-2,13,-64,1288
64,gamma4,20.0,529,4609010723957284212,11104,284,1,6,64,2838
64,gamma4,20.0,530,4258253365701051633,1351,233,1,-64,13,547
64,gamma4,20.0,531,2559054669266295628,3935,243,-3,-64,-7,1325
64,gamma4,20.0,532,4493263155642798398,6185,223,-1,64,-27,1695
64,gamma4,20.0,533,8679785036450009524,2215,221,0,29,-64,749
64,gamma4,20.0,534,3470001980619287441,2982,200,1,-64,-6,961
64,gamma4,20.0,535,2665122524179238946,5047,197,2,-64,17,1438
64,gamma4,20.0,536,1887704649599476870,1171,143,2,64,13,480
64,gamma4,20.0,537,4587192319817759679,3977,137,0,-64,-25,1212
64,gamma4,20.0,538,1641035868390456431,9263,239,2,64,-9,2231
64,gamma4,20.0,539,3561534119098506649,5944,290,0,-64,-32,1481
64,gamma4,20.0,540,4884499674077227196,4340,178,-1,-64,-8,1243
64,gamma4,20.0,541,2078103510270974878,4025,189,2,-64,-17,1142
64,gamma4,20.0,542,1336507583354485297,3391,247,-5,45,-64,1101
64,gamma4,20.0,543,8642996135997020169,4542,266,-4,64,-26,1359
64,gamma4,20.0,544,2346109771154148557,1681,177,-1,21,-64,615
64,gamma4,20.0,545,4403302240405057632,3597,177,2,-64,-49,1194
64,gamma4,20.0,546,6703630242530308748,3761,283,1,64,19,1263
64,gamma4,20.0,547,8532242345712593090,6144,192,-3,-18,-64,1383
64,gamma4,20.0,548,317974262502304289,1462,198,2,-34,-64,606
64,gamma4,20.0,549,7230469391689436680,6340,194,2,6,64,1414
64,gamma4,20.0,550,2866284990604277838,4776,220,3,64,-54,1360
64,gamma4,20.0,551,7639948598395346114,8669,303,1,-64,-17,1811
64,gamma4,20.0,552,2169348544397039279,2529,175,1,31,-64,864
64,gamma4,20.0,553,4186376534391003987,8363,197,0,-64,41,1840
64,gamma4,20.0,554,4162064429155664538,2793,223,-1,-1,-64,1033
64,gamma4,20.0,555,4366090003501358019,4278,320,-1,-64,-24,1263
64,gamma4,20.0,556,9170543725983640698,5837,175,-1,13,-64,1923
64,gamma4,20.0,557,1127856179467540522,3303,197,0,-7,64,1067
64,gamma4,20.0,558,4840846666831981203,10540,404,-2,18,64,2564
64,gamma4,20.0,559,1319085786743452839,9726,264,1,-22,-64,2141
64,gamma4,20.0,560,5030558412310664254,1846,178,-1,-64,-44,688
64,gamma4,20.0,561,1174646387475197176,16757,369,1,-41,-64,3403
64,gamma4,20.0,562,4695854457266483178,9503,327,-2,64,1,2553
64,gamma4,20.0,563,7264000567196007375,4715,269,-1,64,-43,1335
64,gamma4,20.0,564,5532694053473441551,6619,149,0,64,-13,1795
64,gamma4,20.0,565,2893140570995478806,7192,316,-1,64,-42,1906
64,gamma4,20.0,566,1532167401631392515,2455,181,-1,-15,-64,762
64,gamma4,20.0,567,1916681438775310354,8620,422,-4,-44,-64,2481
64,gamma4,20.0,568,6908406990180419833,1693,269,-2,-17,64,708
64,gamma4,20.0,569,2197822171306490633,3796,196,0,28,64,1106
64,gamma4,20.0,570,1495883651810913826,5572,206,2,22,-64,1473
64,gamma4,20.0,571,8085462293699333937,5493,147,1,64,23,1417
64,gamma4,20.0,572,8791141971584796764,1981,281,1,64,-27,808
64,gamma4,20.0,573,3737852096372102341,2282,168,-3,64,10,844
64,gamma4,20.0,574,5757479867377916258,5603,219,1,5,-64,1854
64,gamma4,20.0,575,6122123055554562178,2091,209,3,-64,53,704
64,gamma4,20.0,576,4111590329727645306,6629,329,3,64,23,2022
64,gamma4,20.0,577,4184773453631367323,5735,135,-1,1,-64,1501
64,gamma4,20.0,578,1350342245226270689,10895,191,1,64,37,2732
64,gamma4,20.0,579,4350637287199769568,9043,185,2,-64,-19,2054
64,gamma4,20.0,580,3966652504884688201,5749,287,0,23,64,1803
64,gamma4,20.0,581,8812819057616381812,6645,267,0,-41,-64,1773
64,gamma4,20.0,582,439933626115602920,1157,173,0,64,41,452
64,gamma4,20.0,583,5447967824270739587,9456,200,-1,64,38,2296
64,gamma4,20.0,584,8295558999687855040,3351,265,-3,15,-64,986
64,gamma4,20.0,585,4215144007668724871,5697,171,-1,-7,64,1639
64,gamma4,20.0,586,8519691881102933149,2824,234,0,64,24,1115
64,gamma4,20.0,587,411046364236386646,8154,264,1,-42,-64,2348
64,gamma4,20.0,588,5052137845972183804,3083,263,0,64,59,1017
64,gamma4,20.0,589,4901985025106312811,2351,283,-1,-64,-33,914
64,gamma4,20.0,590,1713050340601103974,1596,172,1,-26,64,556
64,gamma4,20.0,591,1134423968878101619,5480,348,0,38,64,1590
64,gamma4,20.0,592,3324108182217149833,18610,136,-1,-12,64,3759
64,gamma4,20.0,593,3704001236620704239,3508,184,-2,-6,-64,1147
64,gamma4,20.0,594,2582458284218367520,1390,222,-2,28,-64,592
64,gamma4,20.0,595,7400231352650086889,8490,222,-1,36,-64,2249
64,gamma4,20.0,596,4939468577807085935,2343,215,-1,29,-64,783
64,gamma4,20.0,597,2299878888239491168,4193,223,1,-29,-64,1262
64,gamma4,20.0,598,1078101199266018335,2489,155,0,3,-64,859
64,gamma4,20.0,599,1638115214453946868,5157,181,-1,-25,-64,1500
64,gamma4,20.0,600,4779345674745852541,4855,289,1,-37,-64,1660
64,gamma4,20.0,601,8311763590387097929,5986,144,2,-14,64,1458
64,gamma4,20.0,602,8274786761952029868,10459,163,0,-5,64,2272
64,gamma4,20.0,603,4714047187980193562,1811,165,1,64,25,585
64,gamma4,20.0,604,4013007515072716760,5812,480,2,64,18,1842
64,gamma4,20.0,605,629129179933331893,6534,222,-1,64,-2,1703
64,gamma4,20.0,606,6447761577651991411,5537,415,-1,-64,-51,1634
64,gamma4,20.0,607,3372627267996326561,2541,263,-1,-64,-9,844
64,gamma4,20.0,608,1953497376467883657,9105,321,-3,25,64,2180
64,gamma4,20.0,609,7415188726502509397,3674,306,0,-64,50,1098
64,gamma4,20.0,610,2792017744614447336,3086,334,4,-64,6,1131
64,gamma4,20.0,611,5062662424285944985,2803,265,0,-64,-33,1018
64,gamma4,20.0,612,5965923553452731424,5321,229,0,-64,-23,1509
64,gamma4,20.0,613,2326663489452677676,8494,228,0,64,0,2090
64,gamma4,20.0,614,5166499460771480882,3036,318,3,-64,0,1050
64,gamma4,20.0,615,6229228388979687839,2413,177,1,-35,64,769
64,gamma4,20.0,616,73343949799147077,1424,192,-1,64,-4,601
64,gamma4,20.0,617,7233103303766324650,5093,391,4,64,41,1651
64,gamma4,20.0,618,4643828200848804946,7710,164,-1,64,2,2078
64,gamma4,20.0,619,4953707898523616559,1322,154,1,-12,64,453
64,gamma4,20.0,620,9098425726992519270,1588,216,1,-36,-64,601
64,gamma4,20.0,621,4879657923295567187,7444,170,1,-64,18,2032
64,gamma4,20.0,622,6607450235466835973,4409,181,-3,64,21,1101
64,gamma4,20.0,623,7365748631624872629,2179,131,0,7,-64,668
64,gamma4,20.0,624,2641980366304056361,2210,272,-2,-10,64,796
64,gamma4,20.0,625,6613528934981128164,1472,172,-3,6,-64,556
64,gamma4,20.0,626,7163017328662524637,3015,211,1,-33,-64,956
64,gamma4,20.0,627,5296314392155277752,6527,239,3,-53,-64,1817
64,gamma4,20.0,628,8848055107122887215,1804,178,-2,-4,64,736
64,gamma4,20.0,629,6557762348317318515,7330,242,-2,32,-64,2213
64,gamma4,20.0,630,3853696394983548760,1243,171,2,11,64,476
64,gamma4,20.0,631,6747113030640019497,3960,150,0,8,-64,1070
64,gamma4,20.0,632,4475520401926973962,991,175,3,64,5,450
64,gamma4,20.0,633,7302645698273133849,3635,195,1,64,-3,1103
64,gamma4,20.0,634,8009630466192601502,9286,214,4,64,-32,2241
64,gamma4,20.0,635,6919357675206789918,1961,181,1,17,64,733
64,gamma4,20.0,636,5416050179619597319,1704,220,-2,-22,64,672
64,gamma4,20.0,637,4476246966690235667,6564,300,-1,48,-64,1674
64,gamma4,20.0,638,1905973655930989075,1117,153,0,-64,-9,473
64,gamma4,20.0,639,3793059449398195938,2364,206,-3,4,-64,768
64,gamma4,20.0,640,5154831020052129274,10408,194,1,2,-64,2500
64,gamma4,20.0,641,1284837156239592716,2886,178,1,6,-64,841
64,gamma4,20.0,642,9109324023554513935,3993,321,-1,-45,64,1281
64,gamma4,20.0,643,5474408026636491527,4800,130,1,-64,2,1436
64,gamma4,20.0,644,802339036652969637,5010,200,-1,-64,-2,1362
64,gamma4,20.0,645,471771352902712776,11939,281,0,64,-27,3131
64,gamma4,20.0,646,1305481769610608127,3600,154,-1,0,-64,891
64,gamma4,20.0,647,865080212576376379,1780,232,4,60,64,611
64,gamma4,20.0,648,8200755057698459072,6413,375,1,-3,64,2061
64,gamma4,20.0,649,136738828225478800,5417,447,-2,-47,64,1623
64,gamma4,20.0,650,3723247177794242259,10224,224,4,0,-64,2202
64,gamma4,20.0,651,3427526181720861907,2173,243,1,33,-64,777
64,gamma4,20.0,652,3322074059475763088,3559,257,2,64,43,1195
64,gamma4,20.0,653,611748641809604331,3554,202,2,6,-64,978
64,gamma4,20.0,654,7209555658888501184,2274,224,-5,-22,64,815
64,gamma4,20.0,655,705807568206712703,4598,316,2,64,14,1518
64,gamma4,20.0,656,6557574012253047220,7206,200,1,-64,44,1726
64,gamma4,20.0,657,1929953268130048767,2593,261,-1,39,64,954
64,gamma4,20.0,658,2020869233988742953,6648,454,3,64,-26,2341
64,gamma4,20.0,659,3208613282917128564,3879,263,0,-33,64,1535
64,gamma4,20.0,660,1624142862925589504,4282,198,0,-6,-64,1271
64,gamma4,20.0,661,5817207734064812201,2551,323,-5,64,15,946
64,gamma4,20.0,662,9212201338370585672,5684,358,-1,-46,64,1703
64,gamma4,20.0,663,2847082588286163646,14821,195,0,64,-11,2784
64,gamma4,20.0,664,5017282850171494881,2790,406,3,64,-16,1038
64,gamma4,20.0,665,669078674838040063,9511,143,0,-7,-64,2403
64,gamma4,20.0,666,8111996663122317890,5753,373,1,-47,-64,1902
64,gamma4,20.0,667,1841024701350310145,823,157,1,-35,-64,367
64,gamma4,20.0,668,4955329515981235165,3238,278,2,64,-38,1059
64,gamma4,20.0,669,5355649551464012596,1500,200,0,16,64,590
64,gamma4,20.0,670,2588040161073099670,1822,246,1,64,12,637
64,gamma4,20.0,671,2724397245347794454,2738,220,2,64,-18,859
64,gamma4,20.0,672,1476838871717142555,7985,447,-5,19,64,2056
64,gamma4,20.0,673,454550391187672144,1935,311,2,-64,7,895
64,gamma4,20.0,674,1086187802556624411,2022,204,0,48,-64,788
64,gamma4,20.0,675,8890038464050079264,2280,206,-1,64,-6,831
64,gamma4,20.0,676,149358154013336929,1725,199,-1,-64,19,712
64,gamma4,20.0,677,204978100071282468,15180,210,-1,14,-64,3515
64,gamma4,20.0,678,4472280710790261829,2647,231,-2,64,-1,879
64,gamma4,20.0,679,3025789769886123188,7509,457,1,64,49,1960
64,gamma4,20.0,680,2863430235086522421,9953,201,-2,64,-17,2255
64,gamma4,20.0,681,7283143304085887966,757,135,1,17,64,301
64,gamma4,20.0,682,7220890692587774864,5444,234,1,58,64,1698
64,gamma4,20.0,683,6799176041145869935,4490,238,2,64,-52,1328
64,gamma4,20.0,684,6369328907615785751,2309,187,0,-15,-64,813
64,gamma4,20.0,685,2410406383275687301,4782,370,-1,64,-30,1603
64,gamma4,20.0,686,3258501660544432290,10704,314,-3,-64,14,2781
64,gamma4,20.0,687,6299523934695812400,12169,277,0,-64,-49,2936
64,gamma4,20.0,688,4553638333457008347,5092,218,-1,26,64,1619
64,gamma4,20.0,689,4067274309340257160,12914,128,-1,64,-24,2814
64,gamma4,20.0,690,8545643401527539286,2053,177,-2,-64,-53,594
64,gamma4,20.0,691,1090232781907037672,3949,269,2,64,39,1052
64,gamma4,20.0,692,6720977088409601829,5031,353,-4,64,-13,1670
64,gamma4,20.0,693,1681351547718577465,4696,284,-1,-64,16,1418
64,gamma4,20.0,694,3979463611308122148,8512,252,1,-64,0,1899
64,gamma4,20.0,695,7495654415416370729,4495,237,1,64,35,1300
64,gamma4,20.0,696,3622993561985153002,12644,434,1,64,20,3088
64,gamma4,20.0,697,5409802276053553961,6368,156,1,-12,-64,1325
64,gamma4,20.0,698,6734927247808985407,1748,178,-1,64,-52,696
64,gamma4,20.0,699,4936723970242845335,1744,206,-1,38,-64,656
128,gamma4,20.0,0,2785210218168400444,35003,417,-1,-128,-25,7844
128,gamma4,20.0,1,8363761853178903479,14329,543,-2,-128,-103,3620
128,gamma4,20.0,2,3822665284868672648,22456,516,-2,128,58,5326
128,gamma4,20.0,3,197702819266001854,26576,526,2,-88,128,6181
128,gamma4,20.0,4,8504291156642778591,31232,452,0,76,-128,6665
128,gamma4,20.0,5,1049203387239142163,7297,523,1,128,-15,2149
128,gamma4,20.0,6,241633161666253838,7806,328,-1,-70,128,2325
128,gamma4,20.0,7,8128121432031193775,21435,725,2,-128,25,6106
128,gamma4,20.0,8,8464944390217999584,34363,1143,-1,-128,-75,8604
128,gamma4,20.0,9,8000729143438747004,17731,619,0,128,-1,4718
128,gamma4,20.0,10,1992518018671526350,36818,894,1,58,128,8487
128,gamma4,20.0,11,725243049003669134,10850,482,-1,-48,-128,3177
128,gamma4,20.0,12,4993136606959912957,19633,629,0,-53,-128,5040
128,gamma4,20.0,13,7967534451859588613,25947,407,-3,-71,128,5851
128,gamma4,20.0,14,3170359645004039220,9455,673,1,35,-128,2974
128,gamma4,20.0,15,3620283796868214788,12284,732,0,-22,-128,3583
128,gamma4,20.0,16,7828727287222439175,11110,298,-1,12,128,3118
128,gamma4,20.0,17,8290003533140617333,19846,754,-3,-58,128,5447
128,gamma4,20.0,18,7884994084723588122,23771,821,-1,5,-128,6261
128,gamma4,20.0,19,5417303359366979171,29438,860,5,108,128,6293
128,gamma4,20.0,20,1563190632232786171,32779,407,2,15,128,7281
128,gamma4,20.0,21,1420111675760424382,19162,480,0,128,2,4532
128,gamma4,20.0,22,6291873486945002962,18958,554,0,8,-128,5513
128,gamma4,20.0,23,5104052745379388478,21782,412,-1,68,128,5832
128,gamma4,20.0,24,7766372631695467647,28304,690,-2,-126,-128,6009
128,gamma4,20.0,25,7041789005309280023,24975,483,-1,35,-128,6847
128,gamma4,20.0,26,8760004439161112506,21812,404,2,-128,110,5447
128,gamma4,20.0,27,2455250631308478682,19582,594,-1,-90,-128,5294
128,gamma4,20.0,28,2456005368802363624,17214,346,3,128,-46,5121
128,gamma4,20.0,29,6028357668043527753,6874,412,-2,80,-128,2103
128,gamma4,20.0,30,8573189937006286786,9869,487,-2,-1,128,2798
128,gamma4,20.0,31,6476839113346237384,5357,441,0,-5,128,1561
128,gamma4,20.0,32,4440303665373776911,28441,741,-2,128,3,5769
128,gamma4,20.0,33,2937861383754676301,15291,439,1,-29,-128,4522
128,gamma4,20.0,34,7854573420190267238,23169,567,-5,-128,-85,5058
128,gamma4,20.0,35,1490103617597728712,12367,365,0,31,-128,3522
128,gamma4,20.0,36,8221433094707267104,18905,499,0,-89,128,4434
128,gamma4,20.0,37,5203581992774650449,33538,450,-2,128,-58,6347
128,gamma4,20.0,38,2472378507400942052,22288,358,0,-14,128,4511
128,gamma4,20.0,39,1089907412128560443,18792,472,-1,128,-14,5504
128,gamma4,20.0,40,7288630433736552325,17146,978,2,84,128,5326
128,gamma4,20.0,41,2890559145209541629,10308,578,0,128,90,3205
128,gamma4,20.0,42,1145501507673476870,19426,546,0,-128,-62,4477
128,gamma4,20.0,43,8170673407394938339,40805,455,1,-23,-128,7911
128,gamma4,20.0,44,6790148911351922557,22432,380,2,20,128,6241
128,gamma4,20.0,45,2440660587527164742,13970,482,0,80,128,3176
128,gamma4,20.0,46,1396186632541856618,11609,383,-1,-23,-128,3079
128,gamma4,20.0,47,6323898904247224962,36570,560,1,104,-128,9874
128,gamma4,20.0,48,7212563957316999491,19533,789,1,128,87,5254
128,gamma4,20.0,49,725598189589602738,56939,505,-1,-43,-128,13395
128,gamma4,20.0,50,3118661617690310699,9740,496,-1,42,-128,2515
128,gamma4,20.0,51,5828028128696552829,7347,417,6,29,128,2079
128,gamma4,20.0,52,6449127689881935157,46932,804,-2,88,-128,9421
128,gamma4,20.0,53,86828826108541802,11787,633,-1,128,99,3521
128,gamma4,20.0,54,1693346479664829414,6378,446,1,40,-128,2162
128,gamma4,20.0,55,5753436185757980305,8205,451,-1,128,49,2329
128,gamma4,20.0,56,7397404445074348389,20734,622,3,6,-128,5344
128,gamma4,20.0,57,2350942092139994326,21770,516,2,128,-56,6047
128,gamma4,20.0,58,146740820508472163,8362,332,1,128,26,2184
128,gamma4,20.0,59,6002038703847675299,29508,364,-2,-42,-128,7085
128,gamma4,20.0,60,5259971439120040916,14640,486,-3,-128,60,3296
128,gamma4,20.0,61,5356493020088255392,15998,586,0,30,-128,4318
128,gamma4,20.0,62,1061328229865246999,9950,422,0,128,14,2676
128,gamma4,20.0,63,6091271353866902728,18438,418,-1,-44,-128,4451
128,gamma4,20.0,64,4400174872986181609,49079,725,2,-128,-1,9869
128,gamma4,20.0,65,4059856786272889420,5671,369,0,-35,128,1604
128,gamma4,20.0,66,4071306023119980465,45482,528,-3,128,-50,9828
128,gamma4,20.0,67,9135744691268781542,19546,608,-3,90,128,5460
128,gamma4,20.0,68,6050656097552033068,13568,550,-2,-12,128,3786
128,gamma4,20.0,69,6549307343573302366,14993,503,-1,81,-128,4403
128,gamma4,20.0,70,5852058097329255870,11561,531,0,128,-51,3101
128,gamma4,20.0,71,5254790867680786402,23999,457,-1,101,128,5375
128,gamma4,20.0,72,711236494301736602,6605,475,3,-15,-128,2088
128,gamma4,20.0,73,4056529872417003882,12347,403,-1,-128,21,3288
128,gamma4,20.0,74,7302367300920140957,14182,558,1,-74,128,4056
128,gamma4,20.0,75,5703123423529957399,30810,548,-2,4,128,6284
128,gamma4,20.0,76,2598427311288751188,21269,813,1,-128,79,5900
128,gamma4,20.0,77,8440478231980952735,24718,578,-2,-128,4,6007
128,gamma4,20.0,78,7717740702590470038,6005,575,1,128,95,2221
128,gamma4,20.0,79,1273276261686959592,24570,364,0,2,128,5935
128,gamma4,20.0,80,1470038808484977312,11479,429,1,13,-128,3525
128,gamma4,20.0,81,2783207616725046687,26542,396,2,128,4,5785
128,gamma4,20.0,82,2813725222679716574,13869,633,3,-27,128,4252
128,gamma4,20.0,83,1994494133606563297,11891,777,0,-19,128,3443
128,gamma4,20.0,84,2361118488580196949,78400,634,0,94,128,13184
128,gamma4,20.0,85,351807081340958281,13345,507,-1,128,85,4038
128,gamma4,20.0,86,4499115315433928959,13579,427,-1,128,11,3139
128,gamma4,20.0,87,89994322253852044,16187,693,0,128,-97,4887
128,gamma4,20.0,88,3413694133983451953,5932,356,2,8,-128,1651
128,gamma4,20.0,89,7344627889952726162,8161,477,1,-128,-67,2619
128,gamma4,20.0,90,3019446386259194311,11897,493,4,128,17,2957
128,gamma4,20.0,91,3415160280539638861,11711,365,0,-29,128,3100
128,gamma4,20.0,92,8720827482354115751,12447,519,0,-128,23,3293
128,gamma4,20.0,93,333718934483334561,11151,357,3,11,-128,3478
128,gamma4,20.0,94,4375565416116100632,12895,669,0,-79,-128,3806
128,gamma4,20.0,95,6426837093666564514,16397,513,1,-128,31,4691
128,gamma4,20.0,96,7350090194003996333,28039,775,1,-128,9,6328
128,gamma4,20.0,97,5126106983327965567,13412,452,0,128,56,3668
128,gamma4,20.0,98,4020878703272049531,23333,877,-1,-128,87,5592
128,gamma4,20.0,99,2108293277410297302,19987,809,3,35,128,4876
128,gamma4,20.0,100,3765270961624248261,10842,552,1,58,128,3399
128,gamma4,20.0,101,6989480229339444564,13364,514,1,28,-128,3761
128,gamma4,20.0,102,235684993876789810,77460,748,-2,-128,-24,14327
128,gamma4,20.0,103,2389520297401232773,12827,725,0,-128,13,3760
128,gamma4,20.0,104,9069423431599628547,9003,653,-2,9,-128,2831
128,gamma4,20.0,105,7286615386302040195,14618,818,-4,128,-20,4058
128,gamma4,20.0,106,2857373319932875007,43441,523,-1,-89,-128,8285
128,gamma4,20.0,107,3437138192027175756,31399,711,3,83,128,6544
128,gamma4,20.0,108,7776008994471279877,16606,854,-2,-96,128,4734
128,gamma4,20.0,109,9220482763800141098,13423,517,2,35,-128,3521
128,gamma4,20.0,110,1150814366516027919,14762,462,0,-128,-80,3971
128,gamma4,20.0,111,3835162878829168562,11905,731,-2,-128,39,3530
128,gamma4,20.0,112,2975236978914096917,13842,342,-1,50,-128,3989
128,gamma4,20.0,113,473257695201832418,66063,555,3,-128,117,11460
128,gamma4,20.0,114,5687565070021329611,36961,591,0,41,128,7880
128,gamma4,20.0,115,498186427339347145,10480,524,2,20,128,2796
128,gamma4,20.0,116,7812334969558692345,27626,610,-1,-128,98,7309
128,gamma4,20.0,117,5717397415711999223,4639,347,1,-45,-128,1586
128,gamma4,20.0,118,2023454544593270441,24504,478,-1,18,128,6186
128,gamma4,20.0,119,8262976137841006900,19603,747,-3,128,-35,5793
128,gamma4,20.0,120,7487690825399956206,23292,342,0,-2,-128,5995
128,gamma4,20.0,121,3049519710893491773,65567,1047,0,-128,-79,14216
128,gamma4,20.0,122,117326559497049274,4643,409,1,-128,7,1631
128,gamma4,20.0,123,4521396516558857970,51808,562,-1,82,-128,11356
128,gamma4,20.0,124,3469460210151026707,63002,1022,-3,78,128,12794
128,gamma4,20.0,125,5693513211273942539,40551,1123,5,-128,87,10688
128,gamma4,20.0,126,7703437566162980919,8888,522,0,38,128,2536
128,gamma4,20.0,127,8223009774119091157,4579,611,0,-128,-101,1693
128,gamma4,20.0,128,8150414062544536766,17415,363,1,128,-13,4267
128,gamma4,20.0,129,8256893729593788818,15368,894,-2,4,-128,4732
128,gamma4,20.0,130,5256966466175430897,8363,391,1,-41,128,2533
128,gamma4,20.0,131,2126237259394506779,11041,391,2,63,-128,3203
128,gamma4,20.0,132,1844958825496928328,15646,418,1,-128,-58,3764
128,gamma4,20.0,133,4792775439798709232,16092,748,1,26,128,4806
128,gamma4,20.0,134,4294514833806232302,4745,253,0,128,31,1291
128,gamma4,20.0,135,8982680071640597633,12290,638,-3,114,-128,3585
128,gamma4,20.0,136,4900661200687160371,9075,519,2,75,128,2773
128,gamma4,20.0,137,1296116216458354848,34482,318,1,38,128,7929
128,gamma4,20.0,138,1841905346083165455,22427,661,4,-128,-33,6220
128,gamma4,20.0,139,1047029734559801532,34037,485,-2,-9,128,7960
128,gamma4,20.0,140,3013685907689894432,13280,586,1,-76,-128,3807
128,gamma4,20.0,141,5579128888008165429,11597,557,-1,128,47,3411
128,gamma4,20.0,142,7811798238646262665,6072,394,-4,-6,128,1812
128,gamma4,20.0,143,2485798053188296282,22958,810,-2,128,-76,6186
128,gamma4,20.0,144,5080342738956980664,14201,547,-3,128,1,3798
128,gamma4,20.0,145,6437820526614488115,28885,469,2,39,128,6188
128,gamma4,20.0,146,4751814945341045458,60285,849,-1,-79,128,12397
128,gamma4,20.0,147,213178985057244865,13268,460,2,-128,8,3266
128,gamma4,20.0,148,3105482101940263529,19794,516,1,128,-104,5305
128,gamma4,20.0,149,3368373302702278802,15866,498,2,-128,-52,3987
128,gamma4,20.0,150,6117378348450983315,21136,480,-2,-128,-32,5591
128,gamma4,20.0,151,3901259603703685868,9682,524,-1,-76,128,2425
128,gamma4,20.0,152,9078021687482443884,6577,571,-2,73,-128,2153
128,gamma4,20.0,153,536530797090685450,4480,338,2,-30,128,1533
128,gamma4,20.0,154,121263302757951333,18082,804,-4,-128,94,5116
128,gamma4,20.0,155,2665136682759223125,8758,562,-1,-64,128,2400
128,gamma4,20.0,156,4492062298635236316,25752,418,1,128,36,5635
128,gamma4,20.0,157,4097699500990624387,11205,491,2,39,128,2814
128,gamma4,20.0,158,6609020057370059792,13146,434,-1,8,128,3413
128,gamma4,20.0,159,9123932385372751968,12809,663,-1,-128,39,3473
128,gamma4,20.0,160,8822845015541561440,39878,702,0,-128,-94,9204
128,gamma4,20.0,161,7110834832217361027,27699,395,0,128,27,6125
128,gamma4,20.0,162,3085732833265738235,15365,497,-2,-15,128,4454
128,gamma4,20.0,163,6695003823684514266,7588,520,-3,-56,-128,2203
128,gamma4,20.0,164,6182653399992627985,14991,353,-1,128,21,4152
128,gamma4,20.0,165,720149093678046093,52261,541,2,-128,3,12015
128,gamma4,20.0,166,5839704469017933997,17825,587,1,128,79,5458
128,gamma4,20.0,167,5709060415096442322,25493,549,2,128,-47,5479
128,gamma4,20.0,168,2249315526940925401,15695,393,-1,128,29,4920
128,gamma4,20.0,169,4278455519014690444,29988,522,2,64,-128,8311
128,gamma4,20.0,170,697221656576256736,8257,405,2,128,-87,2280
128,gamma4,20.0,171,1232625283509524533,10899,391,2,-128,39,2771
128,gamma4,20.0,172,2859852908583431307,26614,844,2,-128,-54,6226
128,gamma4,20.0,173,1874017801862510353,15074,352,1,128,-38,3668
128,gamma4,20.0,174,9086638397070923787,13233,607,4,128,83,3696
128,gamma4,20.0,175,6177440712773632882,16084,740,-3,-74,-128,4047
128,gamma4,20.0,176,5756048213162385508,24934,1236,3,-120,-128,7460
128,gamma4,20.0,177,8758178374827674348,33457,863,4,-128,43,7802
128,gamma4,20.0,178,2236359804103367129,12281,443,-1,-128,-25,3232
128,gamma4,20.0,179,6274677722805964581,35765,609,-2,-75,128,8962
128,gamma4,20.0,180,4971742079295136777,17648,706,-4,-90,128,4882
128,gamma4,20.0,181,216607599081242762,35745,427,-3,45,128,7182
128,gamma4,20.0,182,5977360794405283445,23515,669,-3,-59,128,5569
128,gamma4,20.0,183,8350603855383657458,11573,587,1,-128,17,3548
128,gamma4,20.0,184,4264331300864556889,6734,364,-1,-128,64,2091
128,gamma4,20.0,185,7139743728031433423,8497,291,1,-7,128,2517
128,gamma4,20.0,186,4116729573982648658,19177,629,-4,-128,-63,5210
128,gamma4,20.0,187,5768294911522727343,7315,469,0,128,3,2209
128,gamma4,20.0,188,5666478398124300742,9554,420,1,-128,66,2613
128,gamma4,20.0,189,7316202205907604514,24256,506,-1,74,128,6320
128,gamma4,20.0,190,5554014244521172233,22112,504,-1,-36,128,5561
128,gamma4,20.0,191,8520182831977752292,32107,621,-3,-15,-128,7741
128,gamma4,20.0,192,6574229843906588217,34332,874,-3,-76,128,8339
128,gamma4,20.0,193,4572598346267997608,15015,519,1,128,27,4425
128,gamma4,20.0,194,2454998864754725269,15341,523,0,51,128,4268
128,gamma4,20.0,195,4536101807366483840,9090,350,-2,128,-28,2630
128,gamma4,20.0,196,5981723444555682090,16839,871,4,-128,57,5098
128,gamma4,20.0,197,8655010574453431334,7516,408,3,-128,28,2006
128,gamma4,20.0,198,5241765406061373279,6850,518,-3,50,128,2246
128,gamma4,20.0,199,2382613738731276274,18218,344,0,-56,128,4431
128,gamma4,20.0,200,5840898486405723875,26204,626,-3,34,-128,6237
128,gamma4,20.0,201,1043396227933640191,45936,502,-2,30,-128,9710
128,gamma4,20.0,202,3942057413203602510,19689,359,0,9,128,4592
128,gamma4,20.0,203,715729612932326684,47459,357,1,-63,128,9526
128,gamma4,20.0,204,4957408982441186836,13678,460,2,128,-26,3472
128,gamma4,20.0,205,4402667510882829465,4116,530,3,116,128,1538
128,gamma4,20.0,206,8590278689795851079,36290,436,0,-16,128,9850
128,gamma4,20.0,207,7244251374603847288,6489,417,4,-13,-128,2166
128,gamma4,20.0,208,9098708352455837063,8512,596,1,128,26,2792
128,gamma4,20.0,209,1251301937789037673,18192,606,0,-20,128,4668
128,gamma4,20.0,210,4857415887504938799,36297,633,-1,-25,128,9103
128,gamma4,20.0,211,4031329353527101237,21840,420,2,-128,48,5133
128,gamma4,20.0,212,5753467664899107934,41503,665,2,53,128,11116
128,gamma4,20.0,213,8286203600475838016,24905,543,-1,-39,-128,6429
128,gamma4,20.0,214,759234306140472543,18164,418,-1,12,-128,4706
128,gamma4,20.0,215,7011067280634025430,5535,461,1,-103,128,1653
128,gamma4,20.0,216,9183406223223195087,16742,504,0,-64,-128,4664
128,gamma4,20.0,217,5768622376609403791,3886,284,3,28,128,1296
128,gamma4,20.0,218,3541324777462879639,12236,692,-1,-128,30,3689
128,gamma4,20.0,219,5516379457030498915,78926,388,1,66,-128,15702
128,gamma4,20.0,220,8682736260039068050,17557,481,-1,91,128,4574
128,gamma4,20.0,221,5423886061183392748,21301,603,0,-57,-128,5220
128,gamma4,20.0,222,3830328114256320981,38589,751,-3,-57,128,9678
128,gamma4,20.0,223,1318917045192417787,31147,1461,6,93,128,9251
128,gamma4,20.0,224,2312850791686579561,42807,845,3,61,128,10937
128,gamma4,20.0,225,5573518941038920783,28616,684,3,128,-66,6939
128,gamma4,20.0,226,44837818787301855,10905,685,1,-128,39,3382
128,gamma4,20.0,227,6880813891712419278,19456,966,2,-56,128,5509
128,gamma4,20.0,228,8969285794826632890,40785,543,1,21,128,8152
128,gamma4,20.0,229,3198854162412354874,36714,416,2,64,128,7599
128,gamma4,20.0,230,3646693001104750469,8506,612,0,106,-128,2645
128,gamma4,20.0,231,3649693017611190880,14419,535,1,128,-95,4011
128,gamma4,20.0,232,8878174378947794666,10561,609,-1,128,115,3354
128,gamma4,20.0,233,4188353222140773707,69081,541,-1,-35,-128,12398
128,gamma4,20.0,234,763970889327154544,7736,574,2,84,-128,2524
128,gamma4,20.0,235,263315808802857380,26690,312,0,-28,128,7595
128,gamma4,20.0,236,7842419013843251411,5013,371,0,-53,128,1635
128,gamma4,20.0,237,3015829295383982881,35130,706,0,22,-128,8928
128,gamma4,20.0,238,1797178093642639674,27096,456,-2,128,46,6565
128,gamma4,20.0,239,5474941772258428184,34775,557,1,-128,-83,6817
128,gamma4,20.0,240,5088914957003970324,18480,606,-1,40,-128,5207
128,gamma4,20.0,241,7241628599069098812,11826,422,0,86,-128,3114
128,gamma4,20.0,242,4022873873302619264,12564,388,-1,128,30,3455
128,gamma4,20.0,243,7343388920666816051,19035,521,0,128,-61,4044
128,gamma4,20.0,244,5264554306020119315,42216,426,4,128,-32,10006
128,gamma4,20.0,245,1808541663356434612,15825,563,3,-23,-128,4074
128,gamma4,20.0,246,1838884655503437548,18069,413,-1,128,83,4780
128,gamma4,20.0,247,8365461106512139952,26118,622,-1,-52,128,6884
128,gamma4,20.0,248,6364542120086656404,8037,441,1,128,5,2685
128,gamma4,20.0,249,7803089196812791269,8712,324,1,-70,128,2689
128,gamma4,20.0,250,5376441026358572266,8743,773,-1,-128,-77,2883
128,gamma4,20.0,251,2824433541499771758,15067,369,1,-128,45,3901
128,gamma4,20.0,252,9100624439485634834,46149,953,-1,-49,-128,11349
128,gamma4,20.0,253,3634156228992288395,7764,614,0,-128,26,2447
128,gamma4,20.0,254,969842107721802372,51296,414,-1,6,-128,12404
128,gamma4,20.0,255,1702447666152986265,5180,378,1,-128,28,1805
128,gamma4,20.0,256,9104571082019524331,48145,383,-2,49,-128,11474
128,gamma4,20.0,257,8664744040143359832,15542,364,1,128,-4,4168
128,gamma4,20.0,258,2394722890948221121,33551,805,3,-47,128,8768
128,gamma4,20.0,259,7054595814221525551,23674,618,1,96,128,6624
128,gamma4,20.0,260,7544824683190705101,24448,448,-1,-62,128,5457
128,gamma4,20.0,261,4164554377797358859,35116,490,3,8,-128,7053
128,gamma4,20.0,262,4386848438246243370,17568,452,-2,-128,-58,4293
128,gamma4,20.0,263,8738792284219947262,72264,1124,1,24,-128,13867
128,gamma4,20.0,264,5964751349565876349,9266,484,-1,128,14,2306
128,gamma4,20.0,265,3336847313049101520,13627,585,-4,-128,-87,4181
128,gamma4,20.0,266,1722134277018744401,5463,431,-1,29,128,1559
128,gamma4,20.0,267,3180905684445829000,31733,1269,-4,-128,-119,7809
128,gamma4,20.0,268,5361014235632292306,6397,703,4,1,128,2292
128,gamma4,20.0,269,107353038771184350,20514,590,2,-128,14,5017
128,gamma4,20.0,270,916197379720918246,24852,614,4,34,-128,5855
128,gamma4,20.0,271,8187466827121992097,9404,670,1,128,-32,2989
128,gamma4,20.0,272,7835551764195370034,58260,1464,-3,38,-128,13992
128,gamma4,20.0,273,9126554579612197252,3290,384,0,-128,72,1200
128,gamma4,20.0,274,6071636539401356422,23612,358,-1,-128,4,6336
128,gamma4,20.0,275,7167575090472609370,13330,592,-1,-128,-98,3806
128,gamma4,20.0,276,8638857621348207190,14703,367,1,-128,-19,3929
128,gamma4,20.0,277,2944067113959821930,17868,490,3,2,128,5304
128,gamma4,20.0,278,1995136249632032331,10689,565,2,29,-128,3439
128,gamma4,20.0,279,8795575553258622991,21638,438,1,4,-128,5690
128,gamma4,20.0,280,1276584914227355626,28254,362,-2,-128,-24,6244
128,gamma4,20.0,281,6923112084996097957,29266,468,-2,-128,-4,5179
128,gamma4,20.0,282,8746106053482050976,6414,484,2,-128,94,2104
128,gamma4,20.0,283,1638698460098925584,20497,349,0,-128,15,5972
128,gamma4,20.0,284,8049941490155910515,9019,457,-2,23,128,2652
128,gamma4,20.0,285,9162739811308155954,7353,461,-2,-63,128,2128
128,gamma4,20.0,286,1986602034941417336,10463,595,0,-128,-91,3142
128,gamma4,20.0,287,4030978905468397373,2548,354,-2,20,128,942
128,gamma4,20.0,288,4885131210568811628,17853,469,0,-83,-128,5006
128,gamma4,20.0,289,3758425634447655009,20006,400,0,-32,128,5585
128,gamma4,20.0,290,4580611778848254826,18154,380,-2,26,-128,4853
128,gamma4,20.0,291,5936011096262452381,9213,457,0,128,111,2891
128,gamma4,20.0,292,788683305805126601,34255,355,0,-128,-5,7415
128,gamma4,20.0,293,3241667506254274042,15442,670,4,-42,-128,4396
128,gamma4,20.0,294,4987741533768568156,9550,662,1,128,50,3105
128,gamma4,20.0,295,2402088027225750447,58696,586,-2,-16,-128,11619
128,gamma4,20.0,296,2880546790885445766,18099,399,0,35,128,4499
128,gamma4,20.0,297,4376565133622866292,5894,674,-1,-62,-128,2109
128,gamma4,20.0,298,2226644842641080974,16278,698,7,128,76,4700
128,gamma4,20.0,299,209435734217509032,14757,571,1,41,-128,4339
128,gamma4,20.0,300,4265698310140176607,4658,484,0,10,128,1735
128,gamma4,20.0,301,8749785175301083875,6234,312,0,-128,-40,1667
128,gamma4,20.0,302,5404753496009036316,41156,424,2,-128,34,7444
128,gamma4,20.0,303,3497951559265288460,20697,469,-1,-128,85,5440
128,gamma4,20.0,304,5207370508855884769,10008,554,-2,128,98,2984
128,gamma4,20.0,305,8692060808813058878,10183,483,-2,89,-128,2645
128,gamma4,20.0,306,6525842923075869957,27849,845,3,-23,-128,6403
128,gamma4,20.0,307,5115425175547855968,22232,542,-1,50,128,4727
128,gamma4,20.0,308,2005311954806041253,38179,577,3,21,128,9314
128,gamma4,20.0,309,7566790161596617338,43270,424,0,54,-128,8938
128,gamma4,20.0,310,5328530745712191889,12397,505,1,-128,19,3621
128,gamma4,20.0,311,5019994995273569377,24159,503,2,47,128,6615
128,gamma4,20.0,312,3915071274428794099,11522,400,-1,128,-64,3194
128,gamma4,20.0,313,8458233887588816410,8571,495,1,-45,-128,2495
128,gamma4,20.0,314,969086856155464940,35141,709,-5,-67,128,7876
128,gamma4,20.0,315,3643039529652091383,9398,430,-2,128,56,2418
128,gamma4,20.0,316,1701763423171371249,18687,401,-2,-65,-128,4907
128,gamma4,20.0,317,4941113670602172841,20729,759,1,57,-128,5375
128,gamma4,20.0,318,7130831642552209,12856,464,2,-128,52,3648
128,gamma4,20.0,319,2062472863033785207,20172,482,-1,-70,128,5492
128,gamma4,20.0,320,8203585617936014129,5496,386,1,-40,-128,1860
128,gamma4,20.0,321,752236483086857373,8482,510,1,-2,128,2565
128,gamma4,20.0,322,3246276728607102105,8340,558,-3,128,6,2609
128,gamma4,20.0,323,6203326407455419458,31381,471,0,-128,105,7522
128,gamma4,20.0,324,6567857147967450535,7402,590,0,-72,128,2164
128,gamma4,20.0,325,1199023814744696074,14153,445,1,-75,128,3847
128,gamma4,20.0,326,1018849576942990055,20420,488,0,-82,-128,4920
128,gamma4,20.0,327,2326647701320525288,18843,327,0,-19,128,4570
128,gamma4,20.0,328,669541455529417607,16157,1085,6,97,128,4833
128,gamma4,20.0,329,4074400389465526208,12677,571,0,128,39,3370
128,gamma4,20.0,330,2664127236940638890,31164,730,-3,128,106,6994
128,gamma4,20.0,331,1174704068690253920,5397,539,0,128,-29,1816
128,gamma4,20.0,332,4012799091972738628,7267,651,-2,-33,-128,2636
128,gamma4,20.0,333,4050969137290143457,21574,546,1,32,-128,5335
128,gamma4,20.0,334,282167093461796975,16296,794,-2,128,-70,4725
128,gamma4,20.0,335,3339991245421727070,14487,591,0,128,-55,4408
128,gamma4,20.0,336,2226755124593841101,9996,372,-1,-18,128,2627
128,gamma4,20.0,337,3335490735348298670,38405,437,0,128,-11,9307
128,gamma4,20.0,338,3082704911593203170,12884,648,2,2,-128,3690
128,gamma4,20.0,339,1512631690883817922,10639,749,-3,-128,-85,3156
128,gamma4,20.0,340,8777518784643019555,17359,629,-2,128,33,5223
128,gamma4,20.0,341,1949814340718585211,11319,517,-1,-128,57,3278
128,gamma4,20.0,342,4864504462516922704,20843,683,-2,128,-61,6258
128,gamma4,20.0,343,844140152711378808,18264,472,2,-50,-128,4807
128,gamma4,20.0,344,4224388809391767563,23178,700,-1,128,-68,6935
128,gamma4,20.0,345,1640207397126577325,9476,404,0,-128,92,2711
128,gamma4,20.0,346,8758277286586682970,16293,603,5,-43,-128,4226
128,gamma4,20.0,347,4054347414464749903,3453,353,2,128,-19,1312
128,gamma4,20.0,348,1134381146255768661,7854,578,2,82,128,2179
128,gamma4,20.0,349,6103791624789531549,4196,372,-2,20,-128,1548
128,gamma4,20.0,350,5627879175596106003,10833,657,-1,128,55,3424
128,gamma4,20.0,351,7992667103770105379,11592,928,1,-12,-128,3812
128,gamma4,20.0,352,8675126603326105235,14922,592,0,128,-36,3790
128,gamma4,20.0,353,206600342298109976,7111,369,1,-128,-13,2274
128,gamma4,20.0,354,8455853018372907666,14871,469,4,15,-128,3871
128,gamma4,20.0,355,4009375706948691178,8796,524,-2,128,90,2848
128,gamma4,20.0,356,7917540481653478232,7779,451,1,-128,33,2108
128,gamma4,20.0,357,3293021022654859666,13970,396,1,-42,128,3204
128,gamma4,20.0,358,5858442300692365037,3946,372,3,-128,-10,1246
128,gamma4,20.0,359,5667572724980514418,22379,407,-1,-93,-128,5653
128,gamma4,20.0,360,5400084943522794279,8735,643,4,-25,128,2888
128,gamma4,20.0,361,2686295549159770921,13025,587,-2,73,-128,3854
128,gamma4,20.0,362,8202495092940339373,5565,477,0,128,27,1776
128,gamma4,20.0,363,5337757876473694216,9000,514,1,-128,-54,2827
128,gamma4,20.0,364,4639482349171044615,19075,921,2,128,-57,5385
128,gamma4,20.0,365,7380453460043214808,23980,374,-1,-52,-128,5943
128,gamma4,20.0,366,1328965072293834621,13659,335,0,-7,128,3282
128,gamma4,20.0,367,1754867951924258412,6887,535,0,-128,-93,2426
128,gamma4,20.0,368,8440537755683473941,16249,521,-1,-45,-128,4481
128,gamma4,20.0,369,7455694597581924294,8680,400,-2,-46,128,2233
128,gamma4,20.0,370,6857594721970525616,24493,361,0,-65,-128,5973
128,gamma4,20.0,371,7290740447084607361,17566,492,-2,60,128,4041
128,gamma4,20.0,372,7337279212275025246,12226,508,-1,-128,32,3465
128,gamma4,20.0,373,7657785231350386834,6098,576,1,-128,-16,2057
128,gamma4,20.0,374,3500668426164990420,15285,569,-4,59,-128,4605
128,gamma4,20.0,375,3147300381488283572,18770,642,3,-66,-128,5657
128,gamma4,20.0,376,8844475363793061865,35519,561,-1,128,53,9103
128,gamma4,20.0,377,1411076793746436463,47418,530,2,52,128,9446
128,gamma4,20.0,378,6261698814758847222,28970,444,-4,42,-128,6588
128,gamma4,20.0,379,4853395626708298662,13599,493,5,128,-15,4048
128,gamma4,20.0,380,4099402095858794702,18929,431,3,-128,31,4233
128,gamma4,20.0,381,707989711733683532,9375,565,-3,-128,-61,2866
128,gamma4,20.0,382,8454287432910344909,15698,420,2,-86,-128,4908
128,gamma4,20.0,383,4358347050088970713,14632,594,4,-128,112,4580
128,gamma4,20.0,384,8596359735378840441,25407,527,1,-33,128,5292
128,gamma4,20.0,385,4247349760721033348,10216,478,2,-62,128,2887
128,gamma4,20.0,386,4362732858134128732,21187,753,-4,29,128,4500
128,gamma4,20.0,387,7196999093169204913,9434,412,0,-66,-128,2423
128,gamma4,20.0,388,9183894286980092777,19093,479,2,-128,35,4829
128,gamma4,20.0,389,1357679373895421073,16518,384,2,4,128,4456
128,gamma4,20.0,390,3124259217316548079,18169,965,-4,-81,-128,5180
128,gamma4,20.0,391,1365435935841482391,7596,368,-1,32,-128,2350
128,gamma4,20.0,392,3896003843674300237,10602,490,-1,20,-128,2834
128,gamma4,20.0,393,7104247015255840683,10239,649,2,65,-128,3246
128,gamma4,20.0,394,4985758273255251963,8483,653,-2,128,-63,2551
128,gamma4,20.0,395,1741174433396697889,8149,509,-1,81,-128,2309
128,gamma4,20.0,396,8390234969778567923,35422,730,-4,86,-128,7195
128,gamma4,20.0,397,5753565184928053432,6949,421,0,47,128,2067
128,gamma4,20.0,398,2889300794976708779,39568,576,1,128,104,8280
128,gamma4,20.0,399,8423305473554414154,14156,814,0,86,-128,4308
128,gamma4,20.0,400,6562825335892813397,22366,598,-3,128,58,5617
128,gamma4,20.0,401,3721329998992151202,69550,548,1,2,128,13806
128,gamma4,20.0,402,887822568523104532,9615,521,2,-17,128,2559
128,gamma4,20.0,403,3570700620390310412,13438,480,0,-34,128,3557
128,gamma4,20.0,404,5741583089028148770,43339,761,0,37,128,8753
128,gamma4,20.0,405,6561896439936586134,35764,416,-1,128,-8,8689
128,gamma4,20.0,406,8410445869500825676,31082,464,0,128,-24,6830
128,gamma4,20.0,407,448343825646448586,34909,727,2,-77,-128,8115
128,gamma4,20.0,408,2203817773335871340,25123,311,0,-29,-128,6018
128,gamma4,20.0,409,3863225961958226816,10468,448,-1,-128,-60,2824
128,gamma4,20.0,410,6614496735295159523,8194,412,0,-128,-10,2515
128,gamma4,20.0,411,7171029033119496642,19481,657,-2,-128,-87,5094
128,gamma4,20.0,412,1959967971264942176,11387,511,2,5,-128,3295
128,gamma4,20.0,413,1631391343143723314,11925,423,0,128,-77,3459
128,gamma4,20.0,414,1439457392606032805,24887,363,-1,27,-128,5431
128,gamma4,20.0,415,4660421936373192581,9619,713,1,-45,128,2964
128,gamma4,20.0,416,4748151637658032788,7532,544,1,128,-56,2535
128,gamma4,20.0,417,3071797405444875161,26504,692,2,-62,128,6755
128,gamma4,20.0,418,3299231113617640944,18229,573,0,-75,128,5178
128,gamma4,20.0,419,685067366833601163,12674,340,0,-20,-128,3019
128,gamma4,20.0,420,6901681395134927831,8870,426,-3,-128,0,2378
128,gamma4,20.0,421,1061582734981568613,26309,419,1,-21,-128,6446
128,gamma4,20.0,422,4359548560187040802,11402,990,1,128,-52,3530
128,gamma4,20.0,423,6250286724572683502,34362,694,-1,46,128,8555
128,gamma4,20.0,424,2942702141498085669,16707,613,3,128,-73,4299
128,gamma4,20.0,425,1183471607142073438,10160,470,-3,-128,-20,2981
128,gamma4,20.0,426,5059553360561018831,16772,348,-1,-128,-44,4006
128,gamma4,20.0,427,3994478374778884383,9077,587,-2,-55,128,2967
128,gamma4,20.0,428,3780563374267223259,58378,606,1,-36,128,11390
128,gamma4,20.0,429,367778313905099848,30502,344,2,-10,-128,7522
128,gamma4,20.0,430,9162082327617923237,29465,637,-1,-63,128,6902
128,gamma4,20.0,431,6656603698555041205,19740,750,2,-62,-128,5287
128,gamma4,20.0,432,7895422228655346867,28550,712,0,-60,128,6568
128,gamma4,20.0,433,1404452237144690196,10888,444,1,-128,10,3427
128,gamma4,20.0,434,7812079393077954861,34822,352,-1,-30,128,8805
128,gamma4,20.0,435,2667799961969536361,16572,442,1,128,66,4109
128,gamma4,20.0,436,6690288101747365383,19147,663,1,91,-128,4911
128,gamma4,20.0,437,8292160843048693614,12552,714,0,-46,-128,3675
128,gamma4,20.0,438,7703850059290328997,34392,872,-3,128,-84,9093
128,gamma4,20.0,439,5044789140453770203,37975,465,0,-37,128,8775
128,gamma4,20.0,440,1817135305149430249,10813,343,1,128,-23,2892
128,gamma4,20.0,441,1532027986018432237,41573,789,1,61,128,8781
128,gamma4,20.0,442,4074412867177882603,26571,449,0,128,-45,6178
128,gamma4,20.0,443,8367249504984708969,8762,482,-3,-36,128,2733
128,gamma4,20.0,444,3776061803408818182,21060,478,4,-24,128,5546
128,gamma4,20.0,445,4420656377125933762,8388,448,2,-128,60,2706
128,gamma4,20.0,446,1682341754915491203,7658,500,0,-128,90,2340
128,gamma4,20.0,447,6139988060164859042,15004,500,1,128,-80,3846
128,gamma4,20.0,448,416433296037822810,46557,691,-1,-128,23,10522
128,gamma4,20.0,449,4200877377095430680,32569,539,0,-128,87,7861
128,gamma4,20.0,450,2713095631191399460,5334,472,1,-128,-4,1724
128,gamma4,20.0,451,3829048596570978897,33504,430,2,-128,-6,8175
128,gamma4,20.0,452,3496197740537258261,26883,737,-2,128,21,6723
128,gamma4,20.0,453,9066041195365569379,20781,607,4,128,-29,4967
128,gamma4,20.0,454,6220182866865525270,9060,408,2,40,-128,2221
128,gamma4,20.0,455,2764480466776475758,29661,687,-4,-51,-128,7830
128,gamma4,20.0,456,4603846807919790886,13855,483,-2,128,73,3797
128,gamma4,20.0,457,2377462109557232805,14107,327,1,128,13,3613
128,gamma4,20.0,458,9222040964083120231,8446,534,0,2,128,2531
128,gamma4,20.0,459,9178072032263140165,12872,366,0,-20,-128,3448
128,gamma4,20.0,460,6260086567205196357,17641,283,-1,29,-128,4799
128,gamma4,20.0,461,8692996093491514804,14564,854,2,128,46,4543
128,gamma4,20.0,462,7979478702537042744,8298,526,0,128,18,2555
128,gamma4,20.0,463,2646633926092295540,29781,721,2,128,-49,7170
128,gamma4,20.0,464,681301842883609273,10914,476,0,-82,128,2882
128,gamma4,20.0,465,3908292539829693589,27301,531,-1,37,-128,5377
128,gamma4,20.0,466,4587233085585741128,11040,486,-2,-18,-128,3040
128,gamma4,20.0,467,5473039820415622057,14577,703,3,128,-21,3621
128,gamma4,20.0,468,2200476669469883921,43207,643,-2,-128,101,9221
128,gamma4,20.0,469,3162764490004698597,17330,624,2,70,-128,4877
128,gamma4,20.0,470,5271782602798391057,13584,506,-1,-60,-128,3857
128,gamma4,20.0,471,2605728529446529141,18161,513,1,-59,128,5002
128,gamma4,20.0,472,3240158133431179652,17536,490,1,128,40,4349
128,gamma4,20.0,473,6258392765094300189,43973,485,-2,5,-128,8181
128,gamma4,20.0,474,4262571763548604981,10808,378,1,16,-128,3151
128,gamma4,20.0,475,5867711878161714774,19600,486,-1,16,128,4499
128,gamma4,20.0,476,2181428530542437140,9355,491,0,-128,-15,2909
128,gamma4,20.0,477,7106733547567410719,38871,643,1,69,-128,8390
128,gamma4,20.0,478,3328890477392491634,10458,554,2,-70,-128,3620
128,gamma4,20.0,479,6584397150708468332,13761,351,-2,-7,-128,3357
128,gamma4,20.0,480,2750056090955270488,7880,514,-2,-128,82,2420
128,gamma4,20.0,481,4861505998141290030,15440,344,-2,-128,16,4113
128,gamma4,20.0,482,9215597984969375475,16235,775,-4,-3,128,4344
128,gamma4,20.0,483,4094646848380004528,7912,460,-1,-20,-128,2156
128,gamma4,20.0,484,1998710428651680643,9321,485,-3,-103,128,2839
128,gamma4,20.0,485,8637598562074341409,10500,654,-2,-98,128,3495
128,gamma4,20.0,486,31279634440310043,42253,1021,0,-43,128,10698
128,gamma4,20.0,487,8524322045149120506,19040,824,1,128,84,5201
128,gamma4,20.0,488,1436978367708408781,15563,445,1,-128,-31,4557
128,gamma4,20.0,489,1144538938414862527,23738,654,-5,96,-128,5711
128,gamma4,20.0,490,8572997078009191081,14302,458,0,-128,-20,3867
128,gamma4,20.0,491,3436006881434529532,7830,474,1,16,128,2495
128,gamma4,20.0,492,1593557195371973560,9509,481,2,128,-21,2793
128,gamma4,20.0,493,31179135966116364,28426,722,-2,40,-128,7088
128,gamma4,20.0,494,6533549054641376091,3718,410,1,58,-128,1287
128,gamma4,20.0,495,2133002576749135404,8199,727,3,-63,128,2915
128,gamma4,20.0,496,3220668644774234310,24778,588,3,-44,-128,6722
128,gamma4,20.0,497,7975672628986366928,18986,464,0,128,-36,5251
128,gamma4,20.0,498,6625022850896214748,6993,479,1,128,19,2048
128,gamma4,20.0,499,3833359380542132038,7202,426,-1,70,128,2050
128,gamma4,20.0,500,3056270760905365296,10928,578,0,128,-60,3071
128,gamma4,20.0,501,7001241998566093407,39396,474,1,-128,-32,8942
128,gamma4,20.0,502,3661550242881930956,21182,458,0,128,-8,5530
128,gamma4,20.0,503,2263517645164284478,12023,371,-1,-13,128,2978
128,gamma4,20.0,504,5668140411607490386,25224,608,3,-76,-128,6742
128,gamma4,20.0,505,3581328346557396784,16089,459,0,128,47,4022
128,gamma4,20.0,506,4422622012187483497,25281,743,2,-3,-128,6391
128,gamma4,20.0,507,3983438232248234523,4120,386,0,36,-128,1402
128,gamma4,20.0,508,1445165580705180359,6027,541,3,128,-25,2105
128,gamma4,20.0,509,2393387765068792523,8286,546,-2,-44,128,2507
128,gamma4,20.0,510,4749974603455963722,15842,524,0,84,-128,4264
128,gamma4,20.0,511,7267725013988347713,50471,409,-1,-27,128,10727
128,gamma4,20.0,512,2277702845433119937,13402,364,0,128,-24,3570
128,gamma4,20.0,513,3316919850566511936,11732,336,0,-16,128,2900
128,gamma4,20.0,514,2614767059590099511,28192,872,1,32,-128,6976
128,gamma4,20.0,515,7756999979500736737,14643,321,0,-128,-35,3760
128,gamma4,20.0,516,2979325069435211695,20489,1101,-3,-27,128,5777
128,gamma4,20.0,517,5508512573011757656,10809,321,-1,13,128,2992
128,gamma4,20.0,518,1526190605936333728,38678,476,-1,128,4,7960
128,gamma4,20.0,519,6266996294045807744,5437,547,-2,-128,-67,1903
128,gamma4,20.0,520,5847290281028590427,3163,363,-2,37,-128,1215
128,gamma4,20.0,521,5417849118944640607,27521,639,1,-69,128,6185
128,gamma4,20.0,522,8489359810515395180,14347,565,-1,-111,128,4287
128,gamma4,20.0,523,4426359837414548028,21708,424,1,128,56,4469
128,gamma4,20.0,524,791179938735768173,45686,1010,-3,-46,128,11092
128,gamma4,20.0,525,3050276565364513126,15472,728,-2,28,-128,4109
128,gamma4,20.0,526,5138289734358978185,13475,523,-1,-13,-128,3944
128,gamma4,20.0,527,1499482434206524692,24270,514,-1,-72,-128,6814
128,gamma4,20.0,528,7333507003276262765,22761,549,0,128,1,6206
128,gamma4,20.0,529,7435925151461450359,7779,459,0,5,128,2348
128,gamma4,20.0,530,7793927930886977933,37771,1013,4,-115,-128,8861
128,gamma4,20.0,531,8664896565737963011,38949,1063,-1,-39,128,10046
128,gamma4,20.0,532,5962545093804466536,14359,455,0,13,128,4174
128,gamma4,20.0,533,4208448976172911515,14024,334,0,128,74,3503
128,gamma4,20.0,534,3170135491124021182,9505,363,0,5,-128,2444
128,gamma4,20.0,535,7813876591196949401,8404,406,0,128,72,2536
128,gamma4,20.0,536,380429244125429551,15872,800,0,128,8,4549
128,gamma4,20.0,537,5095268969524553303,53633,601,-2,128,5,9814
128,gamma4,20.0,538,2447875213457452630,3836,378,0,42,128,1391
128,gamma4,20.0,539,5586377373707709789,18836,486,-3,32,-128,5680
128,gamma4,20.0,540,9109014597137646884,22916,376,0,-42,-128,4952
128,gamma4,20.0,541,8091364435772414195,7101,543,2,128,-29,2299
128,gamma4,20.0,542,344415346092635826,4366,470,-1,-128,92,1636
128,gamma4,20.0,543,6669336170776069905,24019,467,1,-83,128,5753
128,gamma4,20.0,544,3138058510012554070,24560,680,-4,128,-10,6153
128,gamma4,20.0,545,8479106005016383054,15501,559,2,128,73,4331
128,gamma4,20.0,546,2580054341846236100,16620,768,0,82,-128,4612
128,gamma4,20.0,547,7749953904347688114,27534,436,-2,-4,-128,7178
128,gamma4,20.0,548,7767065588559184352,16851,367,3,-19,128,3939
128,gamma4,20.0,549,3987129899601551002,10225,583,0,128,-19,2810
128,gamma4,20.0,550,3151194559979970268,16276,964,-4,128,-38,4526
128,gamma4,20.0,551,2018560479674980405,23414,788,4,128,-88,6666
128,gamma4,20.0,552,5155548353688975119,6488,426,-1,52,128,1955
128,gamma4,20.0,553,1589159496795446777,11549,457,1,-59,-128,3122
128,gamma4,20.0,554,6279153542293640898,30160,656,1,128,70,7599
128,gamma4,20.0,555,4232708705104045471,4760,416,1,128,-54,1580
128,gamma4,20.0,556,2608313589087165856,12797,499,2,-128,7,3603
128,gamma4,20.0,557,3766054745909625297,7825,521,0,-7,-128,2670
128,gamma4,20.0,558,6255147370888190404,15464,560,0,128,72,4249
128,gamma4,20.0,559,559427114737958133,18084,1058,-3,18,128,5264
128,gamma4,20.0,560,6353917248981541949,7459,615,1,45,-128,2448
128,gamma4,20.0,561,7431389522204803478,5153,409,0,31,-128,1649
128,gamma4,20.0,562,7170868432706751377,17232,580,3,42,128,4920
128,gamma4,20.0,563,7192514421945438813,74424,718,-2,128,-12,15030
128,gamma4,20.0,564,8818274729246279129,18172,498,0,-128,-12,4773
128,gamma4,20.0,565,945820571151864830,12246,410,0,-12,-128,3353
128,gamma4,20.0,566,1792605011617946694,16374,554,-1,128,-90,3965
128,gamma4,20.0,567,2245688581269101813,32032,322,1,-128,18,7466
128,gamma4,20.0,568,5050876311201398388,4281,469,-1,128,77,1607
128,gamma4,20.0,569,5848399949241304292,23626,740,-1,-2,-128,6378
128,gamma4,20.0,570,8322057455234047088,6946,416,-2,-128,-108,2135
128,gamma4,20.0,571,1366530772100032095,22031,509,-1,-107,128,5264
128,gamma4,20.0,572,8014289222196212944,40583,643,3,-128,105,8910
128,gamma4,20.0,573,3960994163239095833,4963,437,0,-21,128,1666
128,gamma4,20.0,574,2218755692766203129,10223,471,-3,128,15,3223
128,gamma4,20.0,575,627218440105655388,4579,469,0,-128,-37,1615
128,gamma4,20.0,576,2563026432920024071,6231,339,-2,-128,5,1557
128,gamma4,20.0,577,7288451772370523887,6383,369,-2,-43,128,1921
128,gamma4,20.0,578,3761315035906582305,4300,352,1,-128,16,1450
128,gamma4,20.0,579,2268893359091702797,4619,511,-1,-128,1,1763
128,gamma4,20.0,580,951737060469178994,3963,489,1,128,-1,1471
128,gamma4,20.0,581,8030612312002494079,10005,523,1,-43,-128,2790
128,gamma4,20.0,582,8304816314041797976,6959,335,0,128,-39,2229
128,gamma4,20.0,583,5386917650440172443,14912,450,1,-90,128,4032
128,gamma4,20.0,584,77964208233120432,13557,515,1,-43,-128,3559
128,gamma4,20.0,585,8378595454092581043,21303,699,1,-128,-103,4877
128,gamma4,20.0,586,6759122086768264719,12430,416,-1,128,20,3088
128,gamma4,20.0,587,3371352384706720109,9803,401,-1,128,-43,2672
128,gamma4,20.0,588,8419363544708094501,33525,433,5,128,-29,6836
128,gamma4,20.0,589,581908779353422459,27117,581,0,-128,83,6168
128,gamma4,20.0,590,3214609346244328519,10247,519,1,-109,128,3148
128,gamma4,20.0,591,7231181551921045504,12629,379,-1,-7,128,3181
128,gamma4,20.0,592,4784378985765793337,5107,387,-1,13,-128,1523
128,gamma4,20.0,593,6281604229084860311,7404,362,-2,-14,128,2060
128,gamma4,20.0,594,7654401496255243245,8743,439,1,-9,128,2595
128,gamma4,20.0,595,4423067717764894283,5219,357,2,17,-128,1512
128,gamma4,20.0,596,7958092382926960831,28040,716,0,128,72,7201
128,gamma4,20.0,597,894557432049394822,28329,469,1,21,-128,6278
128,gamma4,20.0,598,6773256043104995332,89558,438,0,128,-52,14850
128,gamma4,20.0,599,8457048236396259233,9912,630,1,4,-128,3111
128,gamma4,20.0,600,5649884736347188676,13432,504,2,-12,-128,3665
128,gamma4,20.0,601,7386106449282572423,37460,874,3,70,-128,10375
128,gamma4,20.0,602,2472282162820580449,12609,567,2,91,128,3919
128,gamma4,20.0,603,5234573561191357622,6994,492,4,104,128,2237
128,gamma4,20.0,604,625225754024612032,17565,741,0,-128,-31,4829
128,gamma4,20.0,605,1133567518381921365,38906,1018,0,-128,-50,9423
128,gamma4,20.0,606,5846299983271488460,10973,447,-1,-128,-23,3331
128,gamma4,20.0,607,1207176833609408768,19889,425,-1,128,-35,5959
128,gamma4,20.0,608,7216009933650448817,7989,571,2,57,-128,2474
128,gamma4,20.0,609,3948903649249863595,25022,448,-1,-56,128,5435
128,gamma4,20.0,610,4035498285681090063,16804,680,7,-128,84,5308
128,gamma4,20.0,611,5748838616873300685,4882,366,4,-128,-40,1532
128,gamma4,20.0,612,5377425134298304025,15871,377,3,-27,-128,4080
128,gamma4,20.0,613,5993037065364367402,19130,608,5,-128,-14,5156
128,gamma4,20.0,614,2847855659281850711,9412,458,2,-58,-128,2684
128,gamma4,20.0,615,8082391549140217066,14116,496,-1,-36,128,3589
128,gamma4,20.0,616,8851903450367496512,5488,484,-2,42,-128,1691
128,gamma4,20.0,617,8853666343150388270,17362,570,0,-44,-128,4741
128,gamma4,20.0,618,3612309653551066474,12630,744,-1,-86,128,4088
128,gamma4,20.0,619,5523548177364395991,5112,332,-1,-128,8,1464
128,gamma4,20.0,620,2866285107050393922,12488,404,-1,128,16,3122
128,gamma4,20.0,621,173616358752769689,9519,457,-2,-123,128,2787
128,gamma4,20.0,622,5748819282513227701,21967,497,-3,128,-47,4694
128,gamma4,20.0,623,1983475405374952104,7937,535,-3,-128,29,2674
128,gamma4,20.0,624,4908696111167330125,5118,372,1,-128,-56,1796
128,gamma4,20.0,625,942465742731957847,23324,688,-1,-74,-128,6202
128,gamma4,20.0,626,8180835058278887983,20311,557,2,-81,-128,5727
128,gamma4,20.0,627,5321005877842074784,29791,449,2,128,9,6303
128,gamma4,20.0,628,2184455052209216089,20462,502,0,-128,-76,4721
128,gamma4,20.0,629,3214602338129328120,11469,317,-1,-128,23,3358
128,gamma4,20.0,630,4373449333801303750,7200,488,3,-50,-128,2294
128,gamma4,20.0,631,3521003819494228807,32457,739,2,128,-91,7515
128,gamma4,20.0,632,4010174478613311969,7170,526,0,-96,-128,2472
128,gamma4,20.0,633,3064249065877108775,10681,401,0,111,-128,3191
128,gamma4,20.0,634,6936355519928167804,17576,372,-2,128,40,4384
128,gamma4,20.0,635,3458004107892980688,7392,504,-1,-66,-128,2295
128,gamma4,20.0,636,1821231913700218774,17548,592,-2,128,-36,4401
128,gamma4,20.0,637,8528846094626973647,17714,450,2,128,-18,4145
128,gamma4,20.0,638,8732551639812127126,18585,601,1,-128,55,5181
128,gamma4,20.0,639,5240183730987150314,22227,457,-2,-41,128,4780
128,gamma4,20.0,640,385910642861098817,24946,638,2,128,-90,5964
128,gamma4,20.0,641,1517151113618001761,33345,729,-2,-128,11,8008
128,gamma4,20.0,642,1726633675536413532,23181,709,2,79,128,5391
128,gamma4,20.0,643,8586154357987601856,16106,1098,2,128,28,5000
128,gamma4,20.0,644,300107281845400296,24442,398,1,-86,-128,5434
128,gamma4,20.0,645,2460348118460304896,25168,520,-1,-40,128,6311
128,gamma4,20.0,646,8876467505110905153,9104,552,-1,-128,-104,2727
128,gamma4,20.0,647,7151936760333942097,5521,389,-3,-128,-11,1863
128,gamma4,20.0,648,5129340284896552291,24088,454,0,-52,128,6043
128,gamma4,20.0,649,3325596701724023089,28183,645,0,-35,128,6356
128,gamma4,20.0,650,474370893423032079,9643,477,0,128,-89,2660
128,gamma4,20.0,651,422246417678761140,16751,531,1,-128,81,4783
128,gamma4,20.0,652,3778870853081678226,8672,626,-3,128,-28,2432
128,gamma4,20.0,653,7235145241116332861,9712,434,1,128,14,2669
128,gamma4,20.0,654,6753289670138039512,20158,578,0,128,10,5229
128,gamma4,20.0,655,5414355039005572882,14628,544,1,54,128,4014
128,gamma4,20.0,656,3860480716702009064,11706,324,-1,-22,128,3320
128,gamma4,20.0,657,2832824906999364670,6013,379,0,128,-21,1983
128,gamma4,20.0,658,7340889957614935195,28506,360,0,-50,128,6765
128,gamma4,20.0,659,938179821601007971,59884,1090,3,-128,58,13915
128,gamma4,20.0,660,2559298796028825358,11093,351,1,-128,-9,2861
128,gamma4,20.0,661,5798920732159282273,19507,697,3,-23,-128,5244
128,gamma4,20.0,662,4472241620699160072,16152,312,-1,128,0,3901
128,gamma4,20.0,663,1469001060385554562,19702,626,1,62,128,4539
128,gamma4,20.0,664,3144365085542713728,14013,539,0,-125,-128,3883
128,gamma4,20.0,665,2651110912016945823,7640,332,0,-128,-22,2278
128,gamma4,20.0,666,317402352790239672,12763,609,0,13,-128,3846
128,gamma4,20.0,667,8209441819688985355,22373,553,0,45,128,5082
128,gamma4,20.0,668,2458836984805482533,11757,415,1,53,128,3204
128,gamma4,20.0,669,4817927832792169574,16011,423,0,-128,27,3700
128,gamma4,20.0,670,6566946858007589554,12683,457,3,-41,128,3526
128,gamma4,20.0,671,1702004285652977748,8073,511,-1,-128,97,2433
128,gamma4,20.0,672,2082200900106103976,39953,537,3,-128,-47,8110
128,gamma4,20.0,673,414869021661123992,7964,526,0,34,-128,2552
128,gamma4,20.0,674,5163141021175556071,9379,515,-3,128,13,2609
128,gamma4,20.0,675,2404919686093317745,48113,1081,7,-128,31,11950
128,gamma4,20.0,676,298859171017981936,12688,798,-4,26,128,3527
128,gamma4,20.0,677,6099881250846239317,28110,860,2,-128,60,7722
128,gamma4,20.0,678,7098808769416518233,13554,808,-2,-44,-128,3977
128,gamma4,20.0,679,6441479243368007105,29628,786,0,-128,96,7342
128,gamma4,20.0,680,332003941082404403,7117,423,-1,5,-128,2022
128,gamma4,20.0,681,5992469560067415764,16855,561,2,128,3,4077
128,gamma4,20.0,682,3518215535866574246,5138,476,-2,32,-128,1785
128,gamma4,20.0,683,3094300244839121895,25254,364,1,-128,-44,5845
128,gamma4,20.0,684,6966299753030997593,15937,949,3,-128,19,4672
128,gamma4,20.0,685,3536551227341107732,19466,438,-2,-128,-8,5027
128,gamma4,20.0,686,6899179813296973396,10684,558,0,-128,-100,3429
128,gamma4,20.0,687,6314545547980855662,29436,368,-3,-128,30,7404
128,gamma4,20.0,688,1161466728456488983,28970,540,-1,86,128,7879
128,gamma4,20.0,689,399280005017697098,63185,801,-4,-17,128,13313
128,gamma4,20.0,690,5643846942690763941,16826,470,0,30,-128,4504
128,gamma4,20.0,691,3772054350706161122,12259,387,-1,-128,-21,3178
128,gamma4,20.0,692,6571667776900047200,10456,748,-3,64,-128,3304
128,gamma4,20.0,693,7605049141231468921,13513,631,1,-128,-13,4383
128,gamma4,20.0,694,5756781702601694673,19889,435,0,-128,61,3820
128,gamma4,20.0,695,7591276049159891337,9103,457,0,95,-128,2479
128,gamma4,20.0,696,7147248961695548379,19250,536,-3,78,128,5277
128,gamma4,20.0,697,5892377599265151207,25495,583,-1,128,-81,6145
128,gamma4,20.0,698,5180552002862909018,11151,909,-1,53,128,3766
128,gamma4,20.0,699,1019942734030228629,11970,472,0,-66,128,3297
256,gamma4,20.0,0,4040736797634043027,59047,1027,-2,-205,256,14968
256,gamma4,20.0,1,6088682152470405368,179476,1312,-2,-256,-202,38308
256,gamma4,20.0,2,1331773374292346692,121426,800,-1,-256,-108,24928
256,gamma4,20.0,3,7576304936452718425,131303,1633,-3,256,161,29791
256,gamma4,20.0,4,8538327008571342522,80405,1479,-3,141,-256,20932
256,gamma4,20.0,5,4047388998860410149,53448,1932,0,-256,-48,14671
256,gamma4,20.0,6,188073392864914036,19491,771,-2,-79,256,5668
256,gamma4,20.0,7,2921870206783416869,89229,1005,-1,123,256,17426
256,gamma4,20.0,8,8163889829876126645,77216,954,-1,256,-102,18955
256,gamma4,20.0,9,3218767174305679481,94114,1964,-2,-256,-44,21070
256,gamma4,20.0,10,7636165363124126467,40802,832,-3,-74,256,9498
256,gamma4,20.0,11,1505674573217691968,224109,1273,2,-175,-256,36900
256,gamma4,20.0,12,2044488623689677224,117388,1218,3,256,-190,27968
256,gamma4,20.0,13,1613199190003412004,73503,1095,-3,109,-256,16211
256,gamma4,20.0,14,7067526899764230924,118222,1058,0,-168,-256,24736
256,gamma4,20.0,15,966774643858194045,53823,1531,0,-256,23,13134
256,gamma4,20.0,16,666567753108011121,130635,1585,-1,-107,-256,28345
256,gamma4,20.0,17,2705384752342245100,34354,1246,5,22,-256,9477
256,gamma4,20.0,18,2091303370884496864,70647,849,-1,25,-256,16192
256,gamma4,20.0,19,5128123127660575105,36481,1291,-2,256,51,9544
256,gamma4,20.0,20,625870374122999080,54574,1170,2,-70,-256,12267
256,gamma4,20.0,21,4117564284383500410,56713,1077,0,-256,-115,12238
256,gamma4,20.0,22,7844159652403037194,91653,1053,4,-95,-256,21912
256,gamma4,20.0,23,5726120592425055727,98205,997,2,11,-256,18650
256,gamma4,20.0,24,5546678455002855287,88702,1642,1,16,256,20109
256,gamma4,20.0,25,4142613442248629382,107065,2041,-5,-35,256,25716
256,gamma4,20.0,26,1635603765772165106,30491,835,-1,256,107,7793
256,gamma4,20.0,27,9209346791173272603,249155,1551,-1,-17,-256,52212
256,gamma4,20.0,28,8282632975310017125,17450,906,2,256,-78,4947
256,gamma4,20.0,29,5401148561565075280,188868,1532,1,-256,104,33053
256,gamma4,20.0,30,6586223634900275219,179919,1387,-1,-131,-256,37738
256,gamma4,20.0,31,6830016633157191739,82211,903,0,75,-256,16381
256,gamma4,20.0,32,5583541048939068735,91797,1653,1,256,-205,22433
256,gamma4,20.0,33,4337291943842161036,86170,1440,-1,-256,-68,20160
256,gamma4,20.0,34,5533752387724878948,99934,1654,-2,-256,154,20255
256,gamma4,20.0,35,5828158571919429936,74876,1358,0,-124,256,17272
256,gamma4,20.0,36,707688420776128470,36230,1270,4,-256,158,9991
256,gamma4,20.0,37,8747082864534186373,74086,988,-2,-22,256,19478
256,gamma4,20.0,38,7687970044266562452,24730,1074,-1,-8,256,6911
256,gamma4,20.0,39,3389815874413967108,95131,1609,1,-256,-119,21766
256,gamma4,20.0,40,596716862472127563,71111,1875,3,-256,-13,17766
256,gamma4,20.0,41,2455155218140497417,81117,1001,-1,256,-137,21940
256,gamma4,20.0,42,9136079921046861895,29629,1015,-2,19,256,8430
256,gamma4,20.0,43,39455413757872203,50824,1440,2,256,-166,14562
256,gamma4,20.0,44,6260632980425059852,206258,1484,-1,84,256,41612
256,gamma4,20.0,45,7891402738984397074,111604,1186,3,-226,-256,23226
256,gamma4,20.0,46,1826792810120298176,159406,1110,-2,100,256,33996
256,gamma4,20.0,47,1650665053805456681,51433,1317,1,-256,229,12620
256,gamma4,20.0,48,5344526951506094404,13350,946,1,-256,-28,4164
256,gamma4,20.0,49,8121353966519446628,88200,1972,-4,256,-12,21005
256,gamma4,20.0,50,4236846784499535247,174752,942,2,-256,38,32102
256,gamma4,20.0,51,7002152085762571830,65899,1429,-3,256,221,16333
256,gamma4,20.0,52,9076363114632062584,67129,1553,2,-256,167,16102
256,gamma4,20.0,53,4761893697204486003,80063,973,0,256,-155,19961
256,gamma4,20.0,54,5172386968154212533,134348,1238,0,166,-256,27061
256,gamma4,20.0,55,4706022252680176676,158943,1197,-4,-13,256,31697
256,gamma4,20.0,56,4389356994613636958,168774,1274,1,134,256,38511
256,gamma4,20.0,57,3596113857784117992,69412,1292,1,-256,20,16551
256,gamma4,20.0,58,8275899804073572715,135183,1641,-2,256,193,31131
256,gamma4,20.0,59,7989180231248996329,38738,1246,0,-256,-36,10453
256,gamma4,20.0,60,8920068229886903736,67414,1282,1,256,-52,14704
256,gamma4,20.0,61,827705707766277988,22032,892,0,256,-50,6291
256,gamma4,20.0,62,980891389755921651,32118,786,-1,38,256,8403
256,gamma4,20.0,63,1024586879224009287,113022,1384,-3,-256,-170,23295
256,gamma4,20.0,64,781627532515013115,38148,1328,-2,-256,-4,10533
256,gamma4,20.0,65,5422573200694275434,33880,1180,1,-256,-34,8085
256,gamma4,20.0,66,7116948262385396875,18055,1181,-2,35,-256,5559
256,gamma4,20.0,67,6295992439589189643,181415,1217,4,119,256,33859
256,gamma4,20.0,68,5469141224873099463,34167,1709,-3,63,-256,9266
256,gamma4,20.0,69,3247964447533238710,71091,941,-1,-127,256,16855
256,gamma4,20.0,70,3839171438431565144,25363,903,-3,256,-25,6955
256,gamma4,20.0,71,352024439720241603,96875,1331,0,155,256,20307
256,gamma4,20.0,72,5026422739011017482,31870,1042,0,256,-98,8724
256,gamma4,20.0,73,3696332552544541925,42361,1197,1,-47,-256,10662
256,gamma4,20.0,74,1136584326284377160,82923,1689,0,-256,-127,21132
256,gamma4,20.0,75,8939770515966307188,62181,1123,3,-11,-256,14875
256,gamma4,20.0,76,584174300368822361,93663,1169,-3,1,-256,19115
256,gamma4,20.0,77,1451994100395445850,57962,916,-3,-12,256,12346
256,gamma4,20.0,78,6054826551072596631,68996,1280,1,-122,256,15164
256,gamma4,20.0,79,7138946509017794509,90863,1571,-1,-256,-143,20532
256,gamma4,20.0,80,5558547349041865958,141968,1316,0,256,-16,26015
256,gamma4,20.0,81,7721564131259610923,98404,1526,-1,206,256,21281
256,gamma4,20.0,82,4359702426349747253,57998,1034,1,-92,-256,11709
256,gamma4,20.0,83,2925842996588825589,48465,1689,-4,-256,-79,12580
256,gamma4,20.0,84,8634708189214326393,89512,1278,1,-110,256,21554
256,gamma4,20.0,85,4102475676494658275,68633,1893,-3,-256,-11,17545
256,gamma4,20.0,86,4377509250032655484,133530,2072,2,-256,132,33203
256,gamma4,20.0,87,2877202099628743791,46629,1043,0,256,-39,10907
256,gamma4,20.0,88,8606177413754294953,52323,1309,-1,141,-256,11921
256,gamma4,20.0,89,3192324080069113855,82795,1021,-2,47,256,19907
256,gamma4,20.0,90,4275564607347850894,82763,1019,-2,125,256,18429
256,gamma4,20.0,91,4750664607213923888,64001,1415,0,-256,-85,13094
256,gamma4,20.0,92,4796259518576237900,41855,1185,0,-256,-211,11432
256,gamma4,20.0,93,8593870881411768480,69688,1316,1,232,256,15575
256,gamma4,20.0,94,6292160247299487851,250379,2461,0,-256,-207,41767
256,gamma4,20.0,95,5834105520987580942,41340,1302,0,-158,256,11840
256,gamma4,20.0,96,4973746935448579243,204119,1051,0,-125,256,30649
256,gamma4,20.0,97,391967352659285597,148089,1625,2,256,43,30959
256,gamma4,20.0,98,1151172184962630973,46689,1565,0,145,256,12519
256,gamma4,20.0,99,1149748645136925022,23960,1040,0,256,28,6482
256,gamma4,20.0,100,8775622226770693053,188500,1098,-2,256,-110,40395
256,gamma4,20.0,101,1754161169579246819,219438,1166,0,194,-256,47179
256,gamma4,20.0,102,7115633218929616951,50113,943,-1,-59,-256,12634
256,gamma4,20.0,103,8254152767726597341,68778,902,-1,86,256,17113
256,gamma4,20.0,104,5303093726162379268,96219,807,-1,-256,-21,22540
256,gamma4,20.0,105,6959593329225970376,80803,1359,2,-256,129,20606
256,gamma4,20.0,106,8596959607109296387,99990,1960,0,-256,-150,20744
256,gamma4,20.0,107,758897289196737316,26725,1217,0,256,15,7125
256,gamma4,20.0,108,6859162075764022723,113159,1275,-2,-3,256,25650
256,gamma4,20.0,109,6526183414038742029,31598,1480,4,-256,-164,8561
256,gamma4,20.0,110,2309435512805751845,79022,1732,0,160,-256,19990
256,gamma4,20.0,111,3028265222943763852,77423,2307,-3,11,256,18248
256,gamma4,20.0,112,7406505671155908313,24969,1085,1,256,71,6636
256,gamma4,20.0,113,4671268947184297534,31234,860,-1,-256,-14,8210
256,gamma4,20.0,114,2898336249032108935,43980,1106,1,-96,-256,10960
256,gamma4,20.0,115,4994510686917074265,246476,882,2,-256,10,43164
256,gamma4,20.0,116,1128343934089737024,158017,869,0,-119,-256,35330
256,gamma4,20.0,117,6531673551378963251,53195,1027,3,-75,256,12593
256,gamma4,20.0,118,6016129199046352519,110223,1761,0,49,-256,19957
256,gamma4,20.0,119,9082714828414727752,59458,2230,2,148,-256,16995
256,gamma4,20.0,120,1932669737308331704,39399,1263,-1,256,-115,10863
256,gamma4,20.0,121,8590740342550761621,92579,959,2,256,-83,18763
256,gamma4,20.0,122,3930474896097209783,47197,1553,-4,256,33,11736
256,gamma4,20.0,123,8081693212685271794,44390,874,-1,98,256,9833
256,gamma4,20.0,124,7633790940291212975,24241,1119,0,-256,87,6739
256,gamma4,20.0,125,1624348696831273302,45881,1917,-2,-101,-256,13076
256,gamma4,20.0,126,52266726196884346,54995,1363,-4,-256,-61,15642
256,gamma4,20.0,127,123016992192615986,65368,1554,1,-82,-256,14911
256,gamma4,20.0,128,8275831927214178369,169315,1105,-1,-117,256,32902
256,gamma4,20.0,129,4262478326425212959,58014,1026,0,256,32,14773
256,gamma4,20.0,130,618742078127809759,69833,1183,-3,256,-137,17711
256,gamma4,20.0,131,6280131243457190351,88910,1002,-1,256,18,18336
256,gamma4,20.0,132,26610703300177704,46878,1294,0,-256,-116,10577
256,gamma4,20.0,133,2111522555079438461,111851,1371,-2,-256,-143,24412
256,gamma4,20.0,134,3311645171998769803,70663,1327,-2,241,-256,15577
256,gamma4,20.0,135,5703597418183974315,116969,1683,0,-43,256,28465
256,gamma4,20.0,136,7244484766286816478,199658,1078,-4,-124,-256,39977
256,gamma4,20.0,137,104424013361388656,65472,1118,-1,-80,256,15041
256,gamma4,20.0,138,4016117839395688066,41599,1369,-1,167,256,10849
256,gamma4,20.0,139,4154596635860938638,261565,1153,-2,256,-49,45354
256,gamma4,20.0,140,4365227160881587054,62017,1533,0,115,-256,17770
256,gamma4,20.0,141,148947986012938396,47116,1036,0,142,-256,11094
256,gamma4,20.0,142,4139433834438844370,107620,1208,-2,-158,256,21783
256,gamma4,20.0,143,3983362358924705887,41526,1108,0,144,256,10154
256,gamma4,20.0,144,6178500515451183297,37448,1222,-3,256,-20,8799
256,gamma4,20.0,145,5916549062442714244,107722,1318,3,42,-256,22369
256,gamma4,20.0,146,479570901767710370,12545,793,1,-127,-256,4077
256,gamma4,20.0,147,145390377798053259,21150,766,1,-256,-58,5658
256,gamma4,20.0,148,2976943802495344615,89738,2374,3,-256,18,24644
256,gamma4,20.0,149,3517175548243266710,115960,1414,1,36,-256,23953
256,gamma4,20.0,150,3949688126976067635,139385,2099,2,256,-119,27421
256,gamma4,20.0,151,8072892499228788713,149482,1110,1,-256,138,34713
256,gamma4,20.0,152,8937123486273405038,91218,1904,-2,256,-62,20596
256,gamma4,20.0,153,7970414925019290561,47100,736,2,18,256,10502
256,gamma4,20.0,154,2024272576874194830,103167,1525,-3,256,77,19798
256,gamma4,20.0,155,8014089859551599568,165786,1164,-2,-256,-12,36310
256,gamma4,20.0,156,4503753245503493605,131081,941,3,256,69,24938
256,gamma4,20.0,157,5739967243478070766,48206,1188,-2,144,-256,12091
256,gamma4,20.0,158,5681789581175991491,53598,1500,2,-126,-256,12655
256,gamma4,20.0,159,9112664136482209429,320428,2112,4,-256,108,54171
256,gamma4,20.0,160,8075343420383443616,94586,1404,0,-188,256,19794
256,gamma4,20.0,161,5773667639283577374,29827,873,-1,19,-256,8073
256,gamma4,20.0,162,53736960356630531,32713,963,1,-101,-256,8539
256,gamma4,20.0,163,2815804013016830592,34759,775,-1,-1,-256,8952
256,gamma4,20.0,164,1835514538818786572,128710,992,0,58,-256,23288
256,gamma4,20.0,165,6887029598158323195,120681,1181,1,256,91,26949
256,gamma4,20.0,166,2189487390032343320,135855,2827,3,256,-177,29394
256,gamma4,20.0,167,7986772029867439008,97419,993,-3,-256,69,20300
256,gamma4,20.0,168,659000897411969812,46090,1432,4,256,92,11710
256,gamma4,20.0,169,5160221432263841385,30884,948,-1,-256,-54,8806
256,gamma4,20.0,170,4028496655226077222,39574,1292,2,-222,256,10730
256,gamma4,20.0,171,3811257127957918179,74586,1534,2,256,-136,17808
256,gamma4,20.0,172,3993828043470118747,112103,1175,0,221,-256,26290
256,gamma4,20.0,173,3305991136497098423,77903,1123,-3,109,256,18552
256,gamma4,20.0,174,7504875293923491344,20184,1126,1,256,-76,5557
256,gamma4,20.0,175,902625983325270287,114987,1459,1,256,115,25247
256,gamma4,20.0,176,7933670098366051255,76311,1737,1,-59,256,17616
256,gamma4,20.0,177,6325670294978401743,261542,1226,0,256,100,33440
256,gamma4,20.0,178,3584228210976431202,67540,1148,-1,32,256,16227
256,gamma4,20.0,179,8688218513146078318,218930,1780,-1,256,-16,38956
256,gamma4,20.0,180,8997289254665636718,20571,1115,-3,256,-161,6412
256,gamma4,20.0,181,5870588022346575676,70753,901,1,-256,31,15657
256,gamma4,20.0,182,6406597083471581091,59767,1719,-1,256,-193,16041
256,gamma4,20.0,183,7490301631664606285,20680,1432,-3,-202,-256,6670
256,gamma4,20.0,184,4467468660526125146,27281,1055,0,256,-123,7705
256,gamma4,20.0,185,7730227577992766973,69193,927,1,256,-9,14970
256,gamma4,20.0,186,9016112877397133635,154423,1163,1,-145,-256,30866
256,gamma4,20.0,187,1465746442520519174,55525,1207,2,-23,-256,12289
256,gamma4,20.0,188,5594972710218010185,96398,1478,-2,-256,-214,22183
256,gamma4,20.0,189,4461762014387605397,141644,1484,0,256,-104,31702
256,gamma4,20.0,190,9025606038206034699,63513,1261,-2,-256,-49,15947
256,gamma4,20.0,191,4019377983853666674,71129,1207,2,256,19,16298
256,gamma4,20.0,192,8520464150129699299,72478,1284,-4,-56,-256,15704
256,gamma4,20.0,193,3429667950857243685,45656,1124,-2,256,156,11375
256,gamma4,20.0,194,283584486315474038,107299,1075,0,256,-135,23145
256,gamma4,20.0,195,3104592447185872894,94824,1282,0,-114,256,22003
256,gamma4,20.0,196,6993920174576110810,34570,938,-1,84,-256,9024
256,gamma4,20.0,197,4307865825052557405,70623,1257,-1,-17,256,16901
256,gamma4,20.0,198,1081493942310974663,91141,1175,1,256,131,17512
256,gamma4,20.0,199,8063355744251427126,53315,1183,2,-256,253,11959
256,gamma4,20.0,200,2594612817343815983,123381,1533,-2,213,-256,27408
256,gamma4,20.0,201,2338295418304427221,72409,1707,-2,-23,-256,17533
256,gamma4,20.0,202,8777430895582769926,297629,1181,-2,256,93,51983
256,gamma4,20.0,203,5114756797975826986,17709,1143,4,-39,256,5682
256,gamma4,20.0,204,7065932612997064689,118312,1984,2,198,256,25593
256,gamma4,20.0,205,6684951435535310631,23467,797,1,147,-256,6871
256,gamma4,20.0,206,6880641601421932151,39032,1808,4,-256,-128,10785
256,gamma4,20.0,207,8331397859086212340,196002,2454,1,64,-256,39980
256,gamma4,20.0,208,2660491051118027440,96598,1066,0,-114,256,19517
256,gamma4,20.0,209,6022909520629841319,65238,1206,1,-256,16,15429
256,gamma4,20.0,210,5838957274291344067,38656,908,-2,-60,-256,10746
256,gamma4,20.0,211,6518511017092029109,19771,1331,2,-256,127,5889
256,gamma4,20.0,212,278599846195020220,78195,1087,-1,129,256,19379
256,gamma4,20.0,213,7920501211279445552,42267,1025,-1,51,256,11212
256,gamma4,20.0,214,7364011489727891682,70687,1181,-1,-256,169,17645
256,gamma4,20.0,215,6699226044208689058,17308,844,0,-96,-256,4984
256,gamma4,20.0,216,3753258848545108993,113785,887,0,-67,256,23568
256,gamma4,20.0,217,5403446171488844407,159587,1457,2,256,-219,35654
256,gamma4,20.0,218,1156419509486594414,68265,1039,-1,-256,-125,15268
256,gamma4,20.0,219,1617395681767719768,40172,1066,-1,256,138,9310
256,gamma4,20.0,220,8331851992668289357,42509,1611,-2,-256,119,11292
256,gamma4,20.0,221,8162509302038093297,233668,1206,2,-76,-256,52008
256,gamma4,20.0,222,5282944629338941382,26590,1202,-2,-164,256,7928
256,gamma4,20.0,223,3434243488227657640,208328,1496,0,208,256,43870
256,gamma4,20.0,224,274132974720086103,37984,918,-1,-36,-256,10656
256,gamma4,20.0,225,250754453895687416,35022,1676,-4,256,12,10093
256,gamma4,20.0,226,5442385704047837118,29220,880,1,-152,256,7615
256,gamma4,20.0,227,2971817546305190386,50996,1470,0,-256,-132,13123
256,gamma4,20.0,228,653858362119012323,56179,1225,0,-256,-45,11906
256,gamma4,20.0,229,732222195029671871,99702,1052,0,-116,-256,23437
256,gamma4,20.0,230,2341234343222294982,57286,1654,-3,132,-256,14870
256,gamma4,20.0,231,4277698903619062008,15856,994,1,-104,-256,4422
256,gamma4,20.0,232,8572751410573409254,41622,1126,-2,-256,-64,10351
256,gamma4,20.0,233,7449104574553315399,189258,998,-2,-256,28,35016
256,gamma4,20.0,234,8149722666253591356,38982,1192,-3,256,0,9790
256,gamma4,20.0,235,3283536610399840737,60447,1159,3,119,-256,12906
256,gamma4,20.0,236,3324051721149477155,95811,1745,-2,133,-256,21322
256,gamma4,20.0,237,657288260158310467,18746,932,0,-116,256,5489
256,gamma4,20.0,238,8785952286275196334,24610,906,-1,12,256,7549
256,gamma4,20.0,239,498274255881338264,80596,1272,0,-32,256,19106
256,gamma4,20.0,240,216738842871627401,26413,1273,3,83,-256,7619
256,gamma4,20.0,241,5419372458789319985,149399,1799,-2,31,-256,31751
256,gamma4,20.0,242,5111456842829147032,19526,1354,-2,-256,-40,6594
256,gamma4,20.0,243,1418044150802344035,51872,1162,1,62,-256,12815
256,gamma4,20.0,244,648615192198271001,32563,1631,0,-256,-207,10478
256,gamma4,20.0,245,8269731185381014325,31610,1728,-2,-54,-256,9213
256,gamma4,20.0,246,5980721879349901224,65621,1265,0,256,99,14602
256,gamma4,20.0,247,9084656409613348847,30667,1221,5,256,-135,8093
256,gamma4,20.0,248,5531224082566435733,119682,1148,2,-256,-70,24752
256,gamma4,20.0,249,1969573952987754845,34444,1034,-1,-256,-2,9479
256,gamma4,20.0,250,7358364994477632026,86566,1250,1,-140,-256,20069
256,gamma4,20.0,251,8280936090206661749,92532,900,2,-256,18,20747
256,gamma4,20.0,252,951838927531388460,138912,914,0,160,-256,33019
256,gamma4,20.0,253,8669179119843383847,94027,1483,2,-177,-256,21614
256,gamma4,20.0,254,3173620892329815049,82882,860,2,26,256,18892
256,gamma4,20.0,255,7569373538707118226,12940,1098,0,256,-16,3914
256,gamma4,20.0,256,7800214733504516110,63866,1036,-3,-192,256,13521
256,gamma4,20.0,257,4577287475310603832,52418,1242,1,210,256,12894
256,gamma4,20.0,258,6454433343913100308,46949,905,2,163,256,13907
256,gamma4,20.0,259,817707522737244169,53920,1198,0,-66,256,13605
256,gamma4,20.0,260,485355907013890521,62399,1677,1,256,183,17520
256,gamma4,20.0,261,5876422900611132021,26971,1079,-3,256,49,7296
256,gamma4,20.0,262,7898847895003720160,76370,1872,3,-256,-58,17670
256,gamma4,20.0,263,2819065320814628953,25736,748,0,-256,-108,6581
256,gamma4,20.0,264,8606357939042834191,25032,992,0,-148,256,7223
256,gamma4,20.0,265,6816632286050877991,54379,871,-5,-87,256,13920
256,gamma4,20.0,266,1506311961495613298,217193,1057,1,-59,-256,31809
256,gamma4,20.0,267,1737504678978744049,72720,1200,2,256,-58,18100
256,gamma4,20.0,268,7500164057215669810,34105,1045,0,-256,203,9590
256,gamma4,20.0,269,4635690045568673266,57442,1396,0,-256,-34,12876
256,gamma4,20.0,270,2657582223059700435,84579,1317,-2,-171,-256,20020
256,gamma4,20.0,271,72267144958608720,185234,2196,-3,-256,230,40065
256,gamma4,20.0,272,7878639214036255968,73147,1529,2,71,256,18389
256,gamma4,20.0,273,6985118441670209333,56640,1154,-1,256,40,14980
256,gamma4,20.0,274,2557719693815027470,34297,993,-1,151,256,9257
256,gamma4,20.0,275,7930804453756895781,27311,1873,0,-256,173,7936
256,gamma4,20.0,276,5293533740359484584,160805,1699,-1,-256,25,34579
256,gamma4,20.0,277,271630906999259121,34267,905,0,256,-3,8145
256,gamma4,20.0,278,5680809441194710039,47032,1574,-3,256,-158,11816
256,gamma4,20.0,279,1258528030881708386,129720,874,-1,6,256,29798
256,gamma4,20.0,280,972853294404022819,90310,1298,-2,44,256,17460
256,gamma4,20.0,281,5454280871290941384,174732,1788,1,-256,92,37393
256,gamma4,20.0,282,1566105352967668137,56037,1007,0,256,-177,12836
256,gamma4,20.0,283,7864720603940203734,21051,1135,-4,-151,256,5835
256,gamma4,20.0,284,518096396621676919,194004,1378,2,-70,-256,38512
256,gamma4,20.0,285,3129899622428808771,141449,1465,0,55,256,28086
256,gamma4,20.0,286,785456209282946050,61833,901,-1,-256,-145,14829
256,gamma4,20.0,287,765178622042615801,46528,982,-3,-6,-256,12673
256,gamma4,20.0,288,6022002919303166435,104099,1045,-2,-91,-256,21930
256,gamma4,20.0,289,4790011190213238064,45640,1076,-3,-256,-60,11973
256,gamma4,20.0,290,6831429889868296798,91640,802,-1,-66,-256,19973
256,gamma4,20.0,291,3106617995136358036,66138,1354,4,42,256,13985
256,gamma4,20.0,292,146396413821998523,29345,963,-1,-55,-256,6876
256,gamma4,20.0,293,8414561631128529902,41951,2007,-7,256,51,12010
256,gamma4,20.0,294,6718063642449034628,115924,1390,3,116,256,23489
256,gamma4,20.0,295,8806935357206067461,120802,2622,-2,-256,-216,27422
256,gamma4,20.0,296,6664569280574783413,117014,1208,2,-130,-256,26163
256,gamma4,20.0,297,3869269772803723211,56778,1104,1,256,192,13085
256,gamma4,20.0,298,7185213374589804434,239563,1631,2,-73,-256,43420
256,gamma4,20.0,299,4651462043188433315,45401,821,-3,-13,-256,10869
256,gamma4,20.0,300,8540943262398557458,24395,845,3,256,15,6457
256,gamma4,20.0,301,1094571687801688382,19980,1084,-2,66,256,5645
256,gamma4,20.0,302,7998549025896671018,91519,1699,3,147,256,19299
256,gamma4,20.0,303,1895010281428354349,89341,1389,-1,256,185,20574
256,gamma4,20.0,304,6526923915766191186,124797,1027,0,-153,-256,24804
256,gamma4,20.0,305,4233988933959150172,53729,1011,0,111,256,13835
256,gamma4,20.0,306,5335541652212370460,53966,938,2,-70,-256,12907
256,gamma4,20.0,307,2121823173290462443,50275,1333,3,157,256,13418
256,gamma4,20.0,308,6564706949492067891,69707,1695,-3,-189,256,16361
256,gamma4,20.0,309,7943652154279112334,31313,1255,0,-256,129,9204
256,gamma4,20.0,310,450580900131340428,73537,1089,0,-256,-133,16483
256,gamma4,20.0,311,7724109229314521333,63483,1283,0,133,256,14171
256,gamma4,20.0,312,7969646435668851492,215781,1117,-3,61,256,38192
256,gamma4,20.0,313,7513508149938654535,59506,1092,-2,16,-256,14917
256,gamma4,20.0,314,7241356328426115189,29757,1071,-2,-256,-9,8670
256,gamma4,20.0,315,4299489710087289594,158304,1940,-2,76,-256,34188
256,gamma4,20.0,316,4634755112976192659,45879,1123,0,256,-11,10260
256,gamma4,20.0,317,7513198393412878829,195157,1911,-2,-185,-256,33364
256,gamma4,20.0,318,8980168492557120012,261151,1625,1,-173,-256,46652
256,gamma4,20.0,319,8956233372378230710,329171,2711,-6,-135,-256,62242
256,gamma4,20.0,320,8477012706683681856,70267,1165,-2,7,-256,15353
256,gamma4,20.0,321,2221105018028055480,53065,1265,-1,-256,225,12345
256,gamma4,20.0,322,3871621064463647362,53300,1434,-2,256,-174,13365
256,gamma4,20.0,323,6940370478829172954,77472,1172,-2,-256,-96,15996
256,gamma4,20.0,324,2079899041304004519,51792,1638,-5,-124,256,13210
256,gamma4,20.0,325,4764985068172340924,111008,1066,0,-256,74,19057
256,gamma4,20.0,326,7337513566644510590,32437,917,0,-256,93,8967
256,gamma4,20.0,327,2497815355128287268,67643,1355,-2,211,-256,15765
256,gamma4,20.0,328,1855606485779110116,91120,810,1,256,14,18307
256,gamma4,20.0,329,2713107690093120134,119594,1274,-1,-66,256,23509
256,gamma4,20.0,330,2057953395497465010,110829,1297,-1,256,209,27154
256,gamma4,20.0,331,2983107061003462362,61222,824,0,-28,256,14899
256,gamma4,20.0,332,6771410735602383083,35577,1357,-2,-223,-256,9364
256,gamma4,20.0,333,8332124641726090410,62499,1061,4,81,256,15752
256,gamma4,20.0,334,1196280835585318933,140615,1195,1,7,256,28906
256,gamma4,20.0,335,2352790015804719695,136095,1215,-1,-101,-256,29019
256,gamma4,20.0,336,1622525062723638710,166559,835,0,256,43,35857
256,gamma4,20.0,337,2266993563573490455,54786,1286,0,-36,256,12561
256,gamma4,20.0,338,4147063880662336780,69129,1297,4,-256,127,18221
256,gamma4,20.0,339,7176706860703860211,51495,1027,2,239,256,11017
256,gamma4,20.0,340,5442553033406049016,64913,2947,0,59,256,18289
256,gamma4,20.0,341,1137098393854803334,25876,1372,-1,-256,144,7123
256,gamma4,20.0,342,7514212310596419998,15707,1157,0,256,-5,4982
256,gamma4,20.0,343,313046922511606330,87975,1243,-2,57,-256,20312
256,gamma4,20.0,344,686741686116544258,93893,1853,0,256,-161,22922
256,gamma4,20.0,345,8757465760767198971,33552,882,-1,36,-256,8997
256,gamma4,20.0,346,6552160653634287834,76039,935,-1,256,-3,17913
256,gamma4,20.0,347,770265819226777453,34839,983,1,31,-256,9768
256,gamma4,20.0,348,1445120165200432261,132848,1420,-4,-68,-256,29841
256,gamma4,20.0,349,4282828409223801259,39494,1262,-2,256,-12,9431
256,gamma4,20.0,350,6192448512903980172,55135,1009,-2,9,256,13768
256,gamma4,20.0,351,1148930480700152245,193957,935,-2,256,-93,41800
256,gamma4,20.0,352,6716115217091939449,92314,882,1,78,256,20335
256,gamma4,20.0,353,5991425052531856805,115089,1327,-3,-256,-101,22428
256,gamma4,20.0,354,5230600595230046935,66027,1105,-1,145,-256,14381
256,gamma4,20.0,355,2297520301409433278,40970,936,2,-72,-256,9945
256,gamma4,20.0,356,5850802390997651171,108449,1247,-1,256,-45,20825
256,gamma4,20.0,357,124750933122508094,59578,1178,-1,66,256,15131
256,gamma4,20.0,358,6245043362236396256,29983,1435,0,153,256,9013
256,gamma4,20.0,359,8577110205817740764,27196,1172,-3,256,-98,7861
256,gamma4,20.0,360,5161182510116129240,86365,2093,-1,-93,256,20855
256,gamma4,20.0,361,7168372494996738453,205401,1619,0,27,256,38109
256,gamma4,20.0,362,7878407467064114284,37071,1283,0,-256,-89,9913
256,gamma4,20.0,363,741580626680798259,60048,1236,2,256,-196,15838
256,gamma4,20.0,364,6746679076589154235,85029,1327,0,-256,81,20319
256,gamma4,20.0,365,20897552199920424,20676,1212,0,134,-256,5828
256,gamma4,20.0,366,1540077473348784148,82527,1821,0,-256,77,20107
256,gamma4,20.0,367,4251032282001210590,40428,1498,-3,-256,156,10676
256,gamma4,20.0,368,2366148795893236023,33314,1478,-1,-256,144,8898
256,gamma4,20.0,369,7367508727445624638,16707,959,-1,109,-256,4773
256,gamma4,20.0,370,8013846126017299455,283406,1618,-1,256,-28,48933
256,gamma4,20.0,371,1196341477290718992,22654,1056,1,-108,256,6072
256,gamma4,20.0,372,1508441737915973450,23854,1170,-2,-12,256,6439
256,gamma4,20.0,373,6757752667515584473,75192,770,1,16,-256,15317
256,gamma4,20.0,374,1835114237519983469,26571,1529,0,73,-256,8141
256,gamma4,20.0,375,8896294161811374539,115679,1533,1,256,-237,26522
256,gamma4,20.0,376,4232457995715845932,73227,1455,-1,256,89,17088
256,gamma4,20.0,377,8209269263052072101,28984,862,0,-256,-12,7350
256,gamma4,20.0,378,7114777258003090484,48431,893,2,-35,256,10408
256,gamma4,20.0,379,3814651465267198198,33602,1112,-1,256,-54,9865
256,gamma4,20.0,380,2705954743869146837,65896,1480,1,256,-68,17669
256,gamma4,20.0,381,7825972198832043262,76946,1692,-2,-52,-256,19713
256,gamma4,20.0,382,1279118471029028347,59048,1438,-2,256,-158,12771
256,gamma4,20.0,383,2970932447040919755,159752,1326,4,-256,86,35024
256,gamma4,20.0,384,917078578504756414,77348,1280,-1,-256,-74,19592
256,gamma4,20.0,385,5746294928583985683,232014,2960,1,256,-196,48225
256,gamma4,20.0,386,4526072439936890651,58379,1247,4,-256,11,14390
256,gamma4,20.0,387,4417826614130861255,98864,984,-1,76,-256,22515
256,gamma4,20.0,388,6695270616350668130,108997,1907,0,-125,256,28037
256,gamma4,20.0,389,2185738868467455119,27158,1076,-1,74,-256,8196
256,gamma4,20.0,390,7771707019020033692,60833,893,-1,-256,-37,12117
256,gamma4,20.0,391,5042232332189415165,120891,1053,1,256,19,27744
256,gamma4,20.0,392,6065471562367236310,177212,980,1,-256,96,35562
256,gamma4,20.0,393,1130268846009086434,23936,1352,5,-68,256,7417
256,gamma4,20.0,394,7284276866443411808,111995,2273,1,37,-256,27106
256,gamma4,20.0,395,6080716319636310719,40098,1844,-3,-108,256,11539
256,gamma4,20.0,396,8500944359716349799,116370,2134,3,-52,-256,25084
256,gamma4,20.0,397,4644944762446760250,72716,1614,1,-256,158,17805
256,gamma4,20.0,398,365610380509468705,43921,1891,-2,223,-256,12430
256,gamma4,20.0,399,1904869549983895492,101984,2098,3,134,256,22036
256,gamma4,20.0,400,3955474879178057282,145780,2420,3,256,-62,33747
256,gamma4,20.0,401,791177681575302105,60208,1392,0,-256,-162,15358
256,gamma4,20.0,402,1750020029681197338,114219,1367,1,131,-256,26248
256,gamma4,20.0,403,6155420277381966118,39908,1172,-1,92,256,10255
256,gamma4,20.0,404,5100405596976415523,117274,1116,4,44,256,24019
256,gamma4,20.0,405,6794435036161880980,101662,988,2,-60,-256,18568
256,gamma4,20.0,406,7907866774519080960,87278,942,-1,92,-256,19585
256,gamma4,20.0,407,6205618823503279408,37357,751,-2,49,-256,9861
256,gamma4,20.0,408,3505456157670659225,54387,1499,-1,256,105,13995
256,gamma4,20.0,409,6043848198214043733,23279,1087,-3,143,256,6926
256,gamma4,20.0,410,4670270352808213159,44697,1135,-2,-256,155,10749
256,gamma4,20.0,411,3943452877212738289,34986,882,-1,-256,-106,8537
256,gamma4,20.0,412,1204601494461126742,66848,898,2,-8,256,15990
256,gamma4,20.0,413,580663637420184539,68984,1082,2,-40,256,17625
256,gamma4,20.0,414,1026646293284556002,10427,1043,1,127,256,3575
256,gamma4,20.0,415,8325983002219125525,69707,877,-1,-256,3,15545
256,gamma4,20.0,416,7784311702397243473,55174,2740,-1,144,-256,15689
256,gamma4,20.0,417,1163793043039980731,74362,962,-2,98,-256,14115
256,gamma4,20.0,418,1499968064792909415,71684,1578,2,256,144,15516
256,gamma4,20.0,419,7004193781632060790,341305,2173,1,47,256,63995
256,gamma4,20.0,420,6030996419238481640,14168,1092,-1,-256,-18,4452
256,gamma4,20.0,421,8242404434821021867,119769,1495,-2,189,-256,27273
256,gamma4,20.0,422,8184441354381643462,220752,1132,0,-40,256,40865
256,gamma4,20.0,423,4310933554810159693,33249,1035,-3,83,-256,9221
256,gamma4,20.0,424,3254246320789984189,57389,1061,1,256,95,13239
256,gamma4,20.0,425,7978215264763809669,39592,1310,1,0,-256,11529
256,gamma4,20.0,426,5740669854669365767,70113,1703,3,-33,-256,18556
256,gamma4,20.0,427,1618869202856467247,59696,1506,4,90,256,16222
256,gamma4,20.0,428,6911534748422373812,151370,1834,-4,-256,-98,29672
256,gamma4,20.0,429,2176628061908097406,76567,885,-1,-137,256,18228
256,gamma4,20.0,430,6893199934367471923,127489,1133,-1,-119,256,29356
256,gamma4,20.0,431,15716292687160386,94501,1245,0,256,43,20848
256,gamma4,20.0,432,3640154363687810549,46542,1412,1,-18,256,11502
256,gamma4,20.0,433,4055447763788922313,190479,831,-1,256,83,38263
256,gamma4,20.0,434,8703133944116505459,36145,1073,1,-256,95,8743
256,gamma4,20.0,435,1978510731486758733,34130,874,0,256,-20,7456
256,gamma4,20.0,436,3825804510898359004,175382,2448,0,190,256,39253
256,gamma4,20.0,437,8877610859904039403,31587,1329,2,-15,-256,8600
256,gamma4,20.0,438,4424182660439749701,43028,936,-1,-24,256,8279
256,gamma4,20.0,439,1004652139655339259,123740,2048,3,256,-40,26709
256,gamma4,20.0,440,8128554902764138996,35341,1043,0,1,-256,9551
256,gamma4,20.0,441,8805916002443524293,32479,909,-1,256,49,8511
256,gamma4,20.0,442,1665730010614261114,17803,1607,1,-137,-256,5887
256,gamma4,20.0,443,1730422067557549878,36859,1093,-2,-61,256,10153
256,gamma4,20.0,444,337067797425534665,47333,1751,-1,256,93,11461
256,gamma4,20.0,445,4643424184257283400,25686,1154,2,-188,256,7474
256,gamma4,20.0,446,9164440678973954563,61948,1044,1,-92,-256,16707
256,gamma4,20.0,447,6928722611975317498,18653,973,3,-256,63,5205
256,gamma4,20.0,448,2605330074795236518,20531,1203,1,-256,-33,6364
256,gamma4,20.0,449,7145006096333979707,211879,1735,0,256,-47,38554
256,gamma4,20.0,450,3401354244438562810,68939,1305,-1,-115,256,16913
256,gamma4,20.0,451,4034366550064951366,93141,2003,-3,205,256,22330
256,gamma4,20.0,452,6952061957725169481,112761,941,-3,-256,13,22035
256,gamma4,20.0,453,4377568820742701442,27296,1366,-1,-86,-256,7854
256,gamma4,20.0,454,6692856324367849044,144299,1187,0,-256,-13,27938
256,gamma4,20.0,455,7305310117233982767,44564,1490,-5,256,70,12288
256,gamma4,20.0,456,5832470818025728947,50735,783,2,37,-256,12726
256,gamma4,20.0,457,5632693195136647331,20795,1067,0,256,-21,5892
256,gamma4,20.0,458,6619770962257910542,46235,1239,2,55,256,12245
256,gamma4,20.0,459,5396158072701724369,163221,1485,2,79,256,34087
256,gamma4,20.0,460,8269956421898667298,85155,1023,4,-256,25,18758
256,gamma4,20.0,461,727978785045778951,145116,1040,1,-256,4,27407
256,gamma4,20.0,462,1747392318007269286,131606,1186,1,256,-58,25173
256,gamma4,20.0,463,7394191864660777865,39846,942,-2,-50,256,9557
256,gamma4,20.0,464,3510571647149723132,84791,1683,1,-256,-87,20435
256,gamma4,20.0,465,293150083727831974,118726,1300,5,42,256,29622
256,gamma4,20.0,466,7695327802799466163,16422,982,2,-256,-22,4600
256,gamma4,20.0,467,1267240253138325057,52199,845,-2,-256,-75,12745
256,gamma4,20.0,468,323010086651762632,33318,844,0,150,-256,9351
256,gamma4,20.0,469,4324565841060681594,87829,1097,2,-256,65,16752
256,gamma4,20.0,470,889204073897867057,29874,944,0,108,-256,7604
256,gamma4,20.0,471,3318916181731684728,38646,1876,4,-188,-256,10645
256,gamma4,20.0,472,5623849528506051050,67735,2053,1,67,256,17148
256,gamma4,20.0,473,3863909833881521108,78411,1195,-1,-256,-185,14967
256,gamma4,20.0,474,7018346193490363001,61544,1894,-3,168,256,15620
256,gamma4,20.0,475,7294112320892473339,13869,839,3,43,-256,3993
256,gamma4,20.0,476,324847754563589648,68068,1510,3,94,256,16412
256,gamma4,20.0,477,6992568921385752511,165240,892,3,-256,12,30013
256,gamma4,20.0,478,5305812444856331745,141382,1038,1,256,-54,32956
256,gamma4,20.0,479,8558237531578341918,44841,981,0,-29,-256,10794
256,gamma4,20.0,480,8276019705784407028,98485,1231,3,-256,-13,20075
256,gamma4,20.0,481,6033789710535932025,64506,1878,1,108,256,17032
256,gamma4,20.0,482,1675782382303181582,67957,1239,-3,256,27,15454
256,gamma4,20.0,483,74181194522444552,63402,1324,0,-256,-6,13189
256,gamma4,20.0,484,2070989769639304059,89448,2408,-5,-86,256,19606
256,gamma4,20.0,485,4854126818553486417,42176,1816,2,256,-152,11977
256,gamma4,20.0,486,7539206257132493059,25672,1022,1,-90,256,7813
256,gamma4,20.0,487,1067199028335419851,66359,1453,0,-5,-256,14950
256,gamma4,20.0,488,8425033784504688100,197683,1203,0,-256,-133,36474
256,gamma4,20.0,489,9044237091385928792,109164,1414,-1,-6,256,22240
256,gamma4,20.0,490,9058840980013669828,31282,1324,-1,-256,-242,8795
256,gamma4,20.0,491,1352646460399452935,21728,926,0,104,-256,5591
256,gamma4,20.0,492,1056486029385362973,146058,1342,-1,-130,256,25379
256,gamma4,20.0,493,3035331084261984138,63236,1278,0,-256,152,14508
256,gamma4,20.0,494,4709988011854946766,65665,1609,-2,-211,-256,14465
256,gamma4,20.0,495,488572705779392850,26195,987,-2,256,-15,6810
256,gamma4,20.0,496,3289990974563424668,46572,1274,-1,54,256,11285
256,gamma4,20.0,497,7356672119634826251,93800,1894,-5,94,-256,23869
256,gamma4,20.0,498,6365608541283669805,39940,1010,2,256,-102,10148
256,gamma4,20.0,499,9003680689246231856,108775,1591,3,-256,161,26658
256,gamma4,20.0,500,1644321543051214195,46648,940,2,-256,-174,11356
256,gamma4,20.0,501,593839642426389005,171536,1490,0,-50,-256,33139
256,gamma4,20.0,502,5135423522168934194,31053,1253,-1,256,-21,8685
256,gamma4,20.0,503,4404308782778236619,55163,1099,1,113,-256,14011
256,gamma4,20.0,504,1909784120668149028,14359,931,2,-256,91,4812
256,gamma4,20.0,505,4500646435131416778,52764,1286,2,130,-256,13013
256,gamma4,20.0,506,8514077090349139401,33477,1463,-1,-189,256,10130
256,gamma4,20.0,507,1743122945569734457,38657,1239,3,256,99,10313
256,gamma4,20.0,508,1839075681299858291,39565,1287,1,139,-256,10298
256,gamma4,20.0,509,8125032156602927323,121787,1471,3,183,256,28407
256,gamma4,20.0,510,2809305484810614063,107139,1181,-3,129,-256,21735
256,gamma4,20.0,511,5676479715861839103,39758,1428,2,208,-256,11152
256,gamma4,20.0,512,5041179842130855760,51584,1464,1,-256,-80,11766
256,gamma4,20.0,513,423679042296684773,103465,2721,3,157,-256,26922
256,gamma4,20.0,514,527236104244932184,32021,1059,-3,256,-23,9131
256,gamma4,20.0,515,3147553429455984127,34503,851,1,256,71,8806
256,gamma4,20.0,516,301821238440180591,157190,1426,-2,256,12,26748
256,gamma4,20.0,517,8431028372300122427,186683,1997,2,-256,-59,42927
256,gamma4,20.0,518,2829042419943920714,61038,800,-1,256,-36,13036
256,gamma4,20.0,519,1044199611339707940,183879,777,2,111,256,36116
256,gamma4,20.0,520,7223611445241362381,87212,1036,0,256,-116,20504
256,gamma4,20.0,521,5828735338331437312,48271,1611,1,65,-256,11742
256,gamma4,20.0,522,5014467696436854497,27824,1112,3,-190,256,7636
256,gamma4,20.0,523,8862278792128133404,65914,1882,0,154,256,15691
256,gamma4,20.0,524,6338542764513035337,73931,1651,-1,-256,63,18311
256,gamma4,20.0,525,4409052129586372837,107302,872,-2,32,256,24327
256,gamma4,20.0,526,1835743909305939951,23719,881,1,15,256,7061
256,gamma4,20.0,527,6589978808652798951,32508,1962,4,138,-256,9564
256,gamma4,20.0,528,8174880107121519047,30625,1109,-1,256,17,7758
256,gamma4,20.0,529,6346748810945431135,49036,924,-1,20,-256,10985
256,gamma4,20.0,530,1396331280187599847,106588,2068,1,64,-256,25140
256,gamma4,20.0,531,1181857894437852369,39832,914,-3,-66,256,9301
256,gamma4,20.0,532,1747232108044023899,48798,1316,4,256,110,11854
256,gamma4,20.0,533,2549352124794996186,139262,1718,-1,256,44,30401
256,gamma4,20.0,534,4194416387903661990,40241,1275,-1,256,-221,10684
256,gamma4,20.0,535,6590040579565741363,20124,1008,-2,-256,28,6280
256,gamma4,20.0,536,4657893417469614684,47498,1200,2,-256,-156,12060
256,gamma4,20.0,537,6251855041969424253,50102,1062,-1,-256,-4,12204
256,gamma4,20.0,538,8832235121199378273,94453,1389,1,-256,-215,20234
256,gamma4,20.0,539,8639746092453508967,42975,1479,-2,256,111,11817
256,gamma4,20.0,540,7441299047271819795,46082,924,0,88,256,11566
256,gamma4,20.0,541,458119629937645771,213087,1101,-1,-221,-256,39722
256,gamma4,20.0,542,9193914178864767857,133279,1183,-2,256,115,27391
256,gamma4,20.0,543,2382905881949006335,35663,1063,2,81,-256,8867
256,gamma4,20.0,544,340866825770295306,166481,1913,-3,29,-256,38174
256,gamma4,20.0,545,4528795586336833760,39218,1742,-1,-256,-178,10836
256,gamma4,20.0,546,9004769105853432512,162280,968,1,12,-256,37192
256,gamma4,20.0,547,8301770141976804523,57998,1678,-1,218,-256,14268
256,gamma4,20.0,548,888152669627740332,22614,1186,1,-256,-88,6132
256,gamma4,20.0,549,513078917138232628,116090,1326,0,-142,256,26515
256,gamma4,20.0,550,3332748169063250237,141557,1619,0,-256,75,26559
256,gamma4,20.0,551,3694763615059253780,142223,2835,1,-256,183,29427
256,gamma4,20.0,552,6533873164198207529,92082,1014,-4,-256,-26,22640
256,gamma4,20.0,553,4521413544014921086,50572,1508,-1,6,256,13668
256,gamma4,20.0,554,1628564679459346591,46008,1226,-1,-256,38,11117
256,gamma4,20.0,555,5914252670765302986,102162,1138,2,256,4,22612
256,gamma4,20.0,556,1569069302206850994,77444,920,1,-76,256,16412
256,gamma4,20.0,557,584935990293079525,35479,1509,-1,121,-256,10440
256,gamma4,20.0,558,9050857097769373920,111302,2518,-2,94,-256,25731
256,gamma4,20.0,559,7981132284406968877,51945,1465,-3,-256,-41,13040
256,gamma4,20.0,560,887883629787521156,73591,1499,-3,113,256,16764
256,gamma4,20.0,561,396145578270006035,70558,1646,-3,256,-188,18361
256,gamma4,20.0,562,7314153387439735607,125235,1341,-1,256,67,23393
256,gamma4,20.0,563,6385046738988183639,66686,1020,1,256,114,17290
256,gamma4,20.0,564,6596586158935018153,159886,1612,-1,256,128,33557
256,gamma4,20.0,565,48820308391586202,29197,1067,2,-256,-179,7810
256,gamma4,20.0,566,7451674815098019645,48294,1070,0,-86,-256,10505
256,gamma4,20.0,567,2591608725233347264,71245,923,1,125,-256,15940
256,gamma4,20.0,568,4537214690133554190,79202,1306,0,-238,-256,20568
256,gamma4,20.0,569,6439524677590558611,126018,1114,1,256,-88,28325
256,gamma4,20.0,570,3019221725283954410,20640,760,-1,256,-44,5366
256,gamma4,20.0,571,8602736942374252268,104171,1525,2,-145,-256,25649
256,gamma4,20.0,572,4663960250677315185,194684,3428,0,-120,256,37769
256,gamma4,20.0,573,7512618939512155939,105223,1377,-1,256,107,25600
256,gamma4,20.0,574,2756249390333110916,73630,712,0,256,-66,13286
256,gamma4,20.0,575,8215045254745458900,67831,841,3,63,256,15232
256,gamma4,20.0,576,3778480227105426239,26873,941,0,256,-13,8044
256,gamma4,20.0,577,5846877501116218237,28415,1013,1,21,-256,8403
256,gamma4,20.0,578,2197676085952039226,22977,1313,-2,256,-233,6567
256,gamma4,20.0,579,8886737581164189116,50183,1381,1,35,-256,12684
256,gamma4,20.0,580,1964826567153136968,15939,805,-3,-25,256,4538
256,gamma4,20.0,581,5127314025237713477,90497,2207,-3,256,-105,22077
256,gamma4,20.0,582,5847882295366269855,96560,2102,1,256,-34,24315
256,gamma4,20.0,583,2012660305047356620,26014,1128,-1,256,-148,7343
256,gamma4,20.0,584,8633009484325442961,93534,2086,3,-256,110,19619
256,gamma4,20.0,585,5398789106472938448,30811,963,-2,-53,256,7639
256,gamma4,20.0,586,6717417486244333114,23646,1222,3,-256,-138,7079
256,gamma4,20.0,587,5695536257261546617,33736,1098,0,166,-256,8475
256,gamma4,20.0,588,8759541574440197095,43612,1382,1,116,256,11255
256,gamma4,20.0,589,3356330775532064685,54983,979,-1,61,-256,13119
256,gamma4,20.0,590,1054702207228542217,108935,1033,-2,9,-256,22652
256,gamma4,20.0,591,884418053495299505,77771,1937,0,51,256,17976
256,gamma4,20.0,592,5879791098015490119,27338,1230,-1,-56,256,8007
256,gamma4,20.0,593,883842443109351284,76041,1917,5,-181,-256,17758
256,gamma4,20.0,594,7439590168909925830,51321,1211,-2,256,225,12118
256,gamma4,20.0,595,4852380800813638349,49117,1501,2,-137,256,12116
256,gamma4,20.0,596,5233224934889862257,130880,1912,-1,-142,-256,29702
256,gamma4,20.0,597,4818393317435983131,68014,1460,-1,256,-42,17453
256,gamma4,20.0,598,3164106682996045102,68152,1846,-2,-58,-256,16212
256,gamma4,20.0,599,9172469386008778594,183999,1111,0,-81,256,37388
256,gamma4,20.0,600,3305882103748985926,210537,999,-2,256,101,43212
256,gamma4,20.0,601,476928011231322471,45003,877,1,93,256,10813
256,gamma4,20.0,602,7845235823917303941,42562,1012,-1,256,34,11391
256,gamma4,20.0,603,2203594524343234378,32471,843,1,-256,117,8813
256,gamma4,20.0,604,3171434676579439194,26561,1381,-1,-256,79,7475
256,gamma4,20.0,605,4983009252589864889,111698,1006,-2,136,256,21550
256,gamma4,20.0,606,7846557990845635315,56956,1824,-1,-256,-172,15235
256,gamma4,20.0,607,7794392907919880165,25719,1093,1,256,-129,7485
256,gamma4,20.0,608,1316286196099593839,47091,1331,-2,-256,183,10914
256,gamma4,20.0,609,9090663692301499907,164705,1513,-1,57,-256,31591
256,gamma4,20.0,610,1314281176789269141,142218,1612,-4,-256,-48,27717
256,gamma4,20.0,611,2873465497474187340,139674,1262,1,40,-256,29723
256,gamma4,20.0,612,3174298425509912197,43928,1090,-2,50,-256,10414
256,gamma4,20.0,613,4874839802955960138,80064,970,-1,-2,-256,18242
256,gamma4,20.0,614,4047174643464461158,111479,1451,1,-256,105,27825
256,gamma4,20.0,615,2321900946004167155,124583,1335,0,-147,256,27103
256,gamma4,20.0,616,1649206582673545958,79889,1283,1,256,227,16644
256,gamma4,20.0,617,322062915575681300,16096,886,-2,256,-74,4853
256,gamma4,20.0,618,9031997799889734471,52016,1568,-1,202,256,14388
256,gamma4,20.0,619,7068945524697437174,45905,1629,3,-256,39,12831
256,gamma4,20.0,620,8450944945887709802,79868,1312,0,20,256,18576
256,gamma4,20.0,621,5034483647307522796,20639,1109,-1,-256,-13,6078
256,gamma4,20.0,622,2382676531662710852,66648,1452,0,-220,-256,16385
256,gamma4,20.0,623,3354484503117289953,85105,2127,-4,53,256,20137
256,gamma4,20.0,624,6744843488262635555,23815,1085,0,77,256,6957
256,gamma4,20.0,625,6669130770196606009,23022,1362,-3,-256,66,6874
256,gamma4,20.0,626,7758437306363166722,46480,1152,3,256,-80,10950
256,gamma4,20.0,627,2998087417889659712,29954,904,-3,140,-256,7988
256,gamma4,20.0,628,6125600197295865589,48302,1232,2,256,0,10818
256,gamma4,20.0,629,5863105737451746902,79691,1961,2,-256,-173,20119
256,gamma4,20.0,630,3525246522478125844,51889,1887,0,101,-256,13025
256,gamma4,20.0,631,4013069553507159056,29726,1104,2,-256,52,7895
256,gamma4,20.0,632,8161286145360363637,18005,723,-1,256,-83,4747
256,gamma4,20.0,633,99335604361226583,47126,984,-1,256,78,11172
256,gamma4,20.0,634,3265038091219984542,12145,785,3,256,19,3334
256,gamma4,20.0,635,9022589397262843802,29994,1038,4,74,256,7899
256,gamma4,20.0,636,6427551508289302272,189012,1590,3,256,-154,39424
256,gamma4,20.0,637,4384063499349913479,25812,1206,-1,-160,256,7192
256,gamma4,20.0,638,1108662955752086018,126542,2854,3,-130,-256,29852
256,gamma4,20.0,639,8499084557909347180,32953,1227,0,37,-256,8671
256,gamma4,20.0,640,2733340769676061619,89967,763,-2,-256,-123,17169
256,gamma4,20.0,641,6384250312082116216,107734,1198,4,256,-108,20168
256,gamma4,20.0,642,1055183070142591587,69307,961,0,-89,256,15052
256,gamma4,20.0,643,4299136898814823949,55839,1463,-3,256,83,13771
256,gamma4,20.0,644,1542063867278870231,88074,1670,3,-4,256,19570
256,gamma4,20.0,645,7884191516755052593,108148,1388,0,256,-114,20827
256,gamma4,20.0,646,6666033895313680407,83521,2359,-4,-256,105,20422
256,gamma4,20.0,647,1101763374157589370,85271,1199,-2,91,-256,18638
256,gamma4,20.0,648,8054505479501357605,161511,2155,5,-256,17,34416
256,gamma4,20.0,649,2013924724090444169,59858,1368,0,-56,-256,14644
256,gamma4,20.0,650,5333982002396220379,19537,939,-1,-209,-256,5135
256,gamma4,20.0,651,8811324622225128108,20451,1229,1,123,-256,6140
256,gamma4,20.0,652,7416896402426094508,23765,1041,-2,-139,256,6125
256,gamma4,20.0,653,1020961865161415772,30426,1144,-1,106,256,9074
256,gamma4,20.0,654,2545945873137585060,55985,1137,3,256,39,13996
256,gamma4,20.0,655,8711549015247274631,73885,1601,3,-117,256,16473
256,gamma4,20.0,656,2070605449979590789,38490,1314,1,148,-256,9615
256,gamma4,20.0,657,4313785675960062615,61913,1815,-2,115,-256,15917
256,gamma4,20.0,658,6297171231733784182,41986,1306,1,126,256,11511
256,gamma4,20.0,659,5264373644998881284,63382,936,-1,120,-256,13321
256,gamma4,20.0,660,8055004873580205099,59990,1032,0,-46,256,14155
256,gamma4,20.0,661,1118007572144628600,54545,1491,4,189,256,13893
256,gamma4,20.0,662,1500382444884571625,76761,1129,-3,-256,-105,17167
256,gamma4,20.0,663,3076234016364903669,233764,1006,-2,-8,256,36081
256,gamma4,20.0,664,3209312360221056557,103264,1940,-2,36,-256,24887
256,gamma4,20.0,665,3541926859989333450,414559,1225,-2,256,115,65556
256,gamma4,20.0,666,2050067636380343814,64077,1915,-1,-256,15,16589
256,gamma4,20.0,667,4605998725794475782,22836,1136,1,256,-68,6950
256,gamma4,20.0,668,8623427260834520071,89923,2463,3,-149,256,21361
256,gamma4,20.0,669,1659181086333868154,52359,1435,4,17,256,14077
256,gamma4,20.0,670,6289308392321005083,59455,1073,-1,256,-105,15226
256,gamma4,20.0,671,1926935419093608162,38385,1171,1,49,-256,9598
256,gamma4,20.0,672,444171491445624012,45113,1335,0,-3,256,10167
256,gamma4,20.0,673,6341731986800102108,29594,1072,-2,256,-70,8389
256,gamma4,20.0,674,6369984711754977206,21591,1237,-1,256,-37,6028
256,gamma4,20.0,675,934457093928909954,37041,1155,4,256,-141,10052
256,gamma4,20.0,676,8522001075968035307,54293,827,1,45,256,13321
256,gamma4,20.0,677,5262244209506659494,48558,1368,1,-136,-256,11591
256,gamma4,20.0,678,4040002367539882264,163352,1286,1,-256,118,34907
256,gamma4,20.0,679,5014975618387478728,83965,2053,2,151,256,21499
256,gamma4,20.0,680,4794724256029019031,102036,976,1,-178,-256,18609
256,gamma4,20.0,681,1823262865008137423,131684,1370,-1,-256,-168,33845
256,gamma4,20.0,682,8324432645803491955,79451,1265,-3,-21,-256,20290
256,gamma4,20.0,683,6022721406092583404,80221,1381,-4,-256,41,19279
256,gamma4,20.0,684,4430286370373176890,104496,1476,1,-164,256,20314
256,gamma4,20.0,685,6921633227230356794,16091,897,2,256,-83,4536
256,gamma4,20.0,686,9046970594490304132,66448,954,-4,256,-84,13709
256,gamma4,20.0,687,8328354223310778272,53818,1224,0,-52,256,13521
256,gamma4,20.0,688,942105079299616566,67470,1256,1,52,-256,17093
256,gamma4,20.0,689,6040059117129422437,62188,1296,1,-256,214,13723
256,gamma4,20.0,690,8826824207207162006,92216,1244,0,256,106,19527
256,gamma4,20.0,691,1628561806133698659,67964,762,-1,-76,-256,17486
256,gamma4,20.0,692,976589972184546120,59105,1317,-6,-169,256,13997
256,gamma4,20.0,693,8639444971448348128,22117,961,0,256,73,6194
256,gamma4,20.0,694,234144765399029856,65684,982,0,-256,-32,13113
256,gamma4,20.0,695,2825228655221722422,118002,1422,-2,-8,256,22759
256,gamma4,20.0,696,3904202006575668170,57667,1435,-1,-63,256,13269
256,gamma4,20.0,697,1272816497766141575,164244,2030,-1,-196,-256,36239
256,gamma4,20.0,698,2418625485837017984,60595,973,0,256,-105,15185
256,gamma4,20.0,699,7957413416570598046,53112,1292,5,256,-140,12655
