L,model,k,sample_index,seed,raw_steps,lerw_steps,winding,hit_x,hit_y,environment_sites
16,gamma4,0.5,0,5868649961887185024,439,61,-2,16,-1,110
16,gamma4,0.5,1,1473597150740459136,807,57,-2,16,-3,117
16,gamma4,0.5,2,1096029564539219479,602,50,0,6,16,140
16,gamma4,0.5,3,4680347952245201224,178,42,3,10,16,71
16,gamma4,0.5,4,6920591278203872714,202,40,0,-4,16,73
16,gamma4,0.5,5,1083216955008037524,156,24,0,-4,16,50
16,gamma4,0.5,6,1072940161803358167,243,45,2,-7,-16,91
16,gamma4,0.5,7,3791628816928148695,212,36,-1,16,-6,69
16,gamma4,0.5,8,8109779492355242188,49,31,0,-1,16,33
16,gamma4,0.5,9,5679940840216292735,160,30,1,-16,-4,54
16,gamma4,0.5,10,2434182313736035796,274,32,-2,-8,16,96
16,gamma4,0.5,11,2045793573814898418,808,34,-2,4,-16,102
16,gamma4,0.5,12,1259073828609608111,655,29,0,16,1,131
16,gamma4,0.5,13,2569732494422578672,358,38,1,-16,0,74
16,gamma4,0.5,14,2091518948844677513,444,38,0,-16,2,79
16,gamma4,0.5,15,9103284249707783034,564,42,3,16,4,103
16,gamma4,0.5,16,2439292894437177612,271,73,-1,-16,-1,111
16,gamma4,0.5,17,7869562477756697881,550,42,0,4,-16,107
16,gamma4,0.5,18,6486127141625604169,562,42,0,-10,16,102
16,gamma4,0.5,19,7590204415724813624,938,58,1,16,8,207
16,gamma4,0.5,20,1454534343964431828,755,55,-2,-16,-1,165
16,gamma4,0.5,21,6610959639698538112,195,47,1,7,-16,74
16,gamma4,0.5,22,1003060299508821088,663,63,-1,-13,-16,156
16,gamma4,0.5,23,7706780089484982241,136,38,1,16,-4,52
16,gamma4,0.5,24,8547094727060772897,1200,40,2,16,6,235
16,gamma4,0.5,25,193387045298891495,320,34,0,-16,-8,82
16,gamma4,0.5,26,5033048238420297652,318,38,-1,8,-16,66
16,gamma4,0.5,27,8461318316412608591,925,63,2,11,-16,200
16,gamma4,0.5,28,8006050514512015306,114,34,2,16,-2,45
16,gamma4,0.5,29,2154623607094682780,212,48,-1,16,2,71
16,gamma4,0.5,30,6328734925228647393,359,37,-2,16,-1,73
16,gamma4,0.5,31,4564535196540517116,1136,30,0,2,-16,189
16,gamma4,0.5,32,661377762955264543,172,50,0,-16,-6,64
16,gamma4,0.5,33,7338305554838395759,453,45,-1,-1,-16,106
16,gamma4,0.5,34,6766063735256296311,341,49,1,16,-13,99
16,gamma4,0.5,35,1756744211781996387,330,42,0,-16,-8,105
16,gamma4,0.5,36,3501144563011278431,283,43,0,-5,-16,76
16,gamma4,0.5,37,6073076282427293479,491,39,0,13,-16,125
16,gamma4,0.5,38,2837154141599084959,211,31,1,3,16,61
16,gamma4,0.5,39,2027435464443979982,856,24,0,6,-16,163
16,gamma4,0.5,40,7792707132451845216,202,30,2,-16,2,50
16,gamma4,0.5,41,3538913656194169869,386,32,-2,16,0,78
16,gamma4,0.5,42,1886224371609594931,366,70,3,-6,16,130
16,gamma4,0.5,43,3735920743437352437,150,36,0,0,16,74
16,gamma4,0.5,44,6501590694505666153,80,26,0,2,16,38
16,gamma4,0.5,45,4010334252294315731,131,29,0,1,-16,49
16,gamma4,0.5,46,1520367388144669522,653,47,1,-7,16,144
16,gamma4,0.5,47,7146575513280818215,139,49,1,-16,-3,65
16,gamma4,0.5,48,5026454400441698335,99,39,1,3,16,54
16,gamma4,0.5,49,5759304872502817689,386,34,1,16,-4,61
16,gamma4,0.5,50,2049875702803826413,289,37,1,-3,-16,77
16,gamma4,0.5,51,6466285817652026527,1054,30,-1,-16,-2,94
16,gamma4,0.5,52,1123329157831765941,881,39,0,16,11,104
16,gamma4,0.5,53,5346412343475737114,706,32,1,-4,16,182
16,gamma4,0.5,54,7667955172664794549,795,29,2,-9,-16,189
16,gamma4,0.5,55,6843711203257656278,819,37,-1,3,16,115
16,gamma4,0.5,56,4887700887304658387,316,48,0,-10,16,91
16,gamma4,0.5,57,3009705255220924092,227,31,-1,-3,16,65
16,gamma4,0.5,58,6124167366744469688,386,58,0,16,10,95
16,gamma4,0.5,59,4629999379643755042,375,45,0,9,-16,137
16,gamma4,0.5,60,122512366461418471,195,47,-1,16,5,70
16,gamma4,0.5,61,3274954297130471258,366,66,2,16,-10,107
16,gamma4,0.5,62,6579162897482231520,1020,72,2,16,0,153
16,gamma4,0.5,63,6369549670255693274,109,37,-1,16,9,50
16,gamma4,0.5,64,6032632194154291425,626,48,1,2,16,146
16,gamma4,0.5,65,3894472546485029275,532,52,1,0,16,126
16,gamma4,0.5,66,5295978768543735823,162,30,-1,-16,-8,58
16,gamma4,0.5,67,7686430098018379958,313,27,-1,16,1,119
16,gamma4,0.5,68,3009227278448592025,122,36,1,-8,-16,49
16,gamma4,0.5,69,1206658292946710601,1022,60,-3,-16,2,308
16,gamma4,0.5,70,7125876990018835451,108,38,0,-8,16,52
16,gamma4,0.5,71,7175918559616623177,147,29,-2,-7,16,43
16,gamma4,0.5,72,9008342688978327047,165,29,-1,16,-1,57
16,gamma4,0.5,73,1337262330423136334,678,32,0,-16,-6,127
16,gamma4,0.5,74,5531058570839540422,331,31,-1,5,-16,114
16,gamma4,0.5,75,1756974820021540694,606,60,1,16,8,146
16,gamma4,0.5,76,5780957191635995030,297,37,0,16,-7,98
16,gamma4,0.5,77,6657202112572289523,254,34,-2,-2,-16,79
16,gamma4,0.5,78,1435745333269645459,3335,53,-2,-9,16,328
16,gamma4,0.5,79,1077574949866160695,364,48,1,16,10,86
16,gamma4,0.5,80,7446142295322707949,268,62,-3,-16,-10,110
16,gamma4,0.5,81,6412582790398967986,1395,63,0,-11,-16,297
16,gamma4,0.5,82,5605495288964878975,292,46,-1,-2,-16,75
16,gamma4,0.5,83,4825738178352104589,388,38,1,-16,0,80
16,gamma4,0.5,84,5418561796846434215,557,37,0,13,-16,123
16,gamma4,0.5,85,3905558402629132048,278,36,-2,16,6,69
16,gamma4,0.5,86,3707804888432179419,333,49,-3,16,-11,90
16,gamma4,0.5,87,7810969815006332630,369,49,2,16,-13,133
16,gamma4,0.5,88,7410401113466895142,330,54,1,0,16,114
16,gamma4,0.5,89,3539814899841634174,751,39,-1,16,11,157
16,gamma4,0.5,90,8599612634026633660,161,41,0,16,-3,69
16,gamma4,0.5,91,5622433344254312924,343,41,1,-16,9,94
16,gamma4,0.5,92,4059655133409005000,161,39,1,-13,16,62
16,gamma4,0.5,93,7488604986014508287,281,39,0,16,-9,77
16,gamma4,0.5,94,1396047118277561673,557,47,-2,9,-16,112
16,gamma4,0.5,95,4779093456825286488,915,39,0,16,1,98
16,gamma4,0.5,96,8850503656431681098,2231,57,-1,-16,1,248
16,gamma4,0.5,97,6493027881512137257,142,32,-1,-16,-4,47
16,gamma4,0.5,98,7445509885137639535,633,37,0,16,5,195
16,gamma4,0.5,99,2317630387610754004,178,40,0,16,-2,54
16,gamma4,0.5,100,3560857011282477001,679,37,-1,-11,-16,133
16,gamma4,0.5,101,6304589584767773298,243,53,2,1,-16,88
16,gamma4,0.5,102,5117038303518698777,632,34,-2,8,-16,75
16,gamma4,0.5,103,3923927549577676530,180,38,1,0,-16,64
16,gamma4,0.5,104,8947166275746385875,459,39,2,5,16,112
16,gamma4,0.5,105,4198031257889833942,3014,60,4,-12,-16,284
16,gamma4,0.5,106,8986126985631632735,268,26,1,16,-4,45
16,gamma4,0.5,107,6696984043152276183,197,33,-1,16,1,50
16,gamma4,0.5,108,4344706409560058293,123,29,-1,16,3,48
16,gamma4,0.5,109,6074714816248766914,687,49,1,-3,-16,193
16,gamma4,0.5,110,3236335074475559628,780,82,2,16,4,190
16,gamma4,0.5,111,4432970809395533983,424,78,0,2,-16,128
16,gamma4,0.5,112,7702458083405332497,362,76,-2,10,-16,120
16,gamma4,0.5,113,6315135814147914945,437,27,-1,1,-16,120
16,gamma4,0.5,114,258062814507155818,296,32,-1,16,2,71
16,gamma4,0.5,115,4869845624897662060,1943,31,1,-3,16,134
16,gamma4,0.5,116,4298277296740128828,582,26,-1,-16,2,125
16,gamma4,0.5,117,7242336754370047080,1693,73,4,-1,-16,207
16,gamma4,0.5,118,2528955343601584772,420,38,2,2,16,61
16,gamma4,0.5,119,8498289958285064831,419,27,0,-16,-3,97
16,gamma4,0.5,120,7947351152590558433,161,37,0,16,-11,60
16,gamma4,0.5,121,6414675830823774114,1797,57,-2,-5,-16,177
16,gamma4,0.5,122,2731256755569017726,1209,59,-1,-16,9,189
16,gamma4,0.5,123,6834378311043878790,473,33,0,16,-7,106
16,gamma4,0.5,124,1756587586320489136,320,44,-2,-8,16,94
16,gamma4,0.5,125,8851925520065813690,329,65,3,-16,7,95
16,gamma4,0.5,126,3551419046649817922,636,56,-2,-4,-16,129
16,gamma4,0.5,127,325773100421191795,480,36,-1,-6,-16,129
16,gamma4,0.5,128,665452442571080306,879,77,-2,-16,5,216
16,gamma4,0.5,129,1056940216920596279,718,52,0,-16,-4,132
16,gamma4,0.5,130,5146889474239252263,285,33,0,16,9,82
16,gamma4,0.5,131,3293792627192352421,131,33,2,3,16,51
16,gamma4,0.5,132,3385406088926806759,459,33,-2,-3,-16,95
16,gamma4,0.5,133,5868595929203192460,362,34,1,-4,-16,104
16,gamma4,0.5,134,8634074190826335874,301,75,-3,-16,5,131
16,gamma4,0.5,135,161833205737917922,192,30,1,16,-8,59
16,gamma4,0.5,136,2795951397109305438,389,65,-3,3,-16,117
16,gamma4,0.5,137,3829820942850782903,582,40,2,-2,-16,86
16,gamma4,0.5,138,8386061810975633480,275,39,1,-16,-5,78
16,gamma4,0.5,139,6955649479104550371,368,32,1,0,16,77
16,gamma4,0.5,140,6670201248977913987,2551,29,1,-16,5,206
16,gamma4,0.5,141,5759414457713916288,277,33,2,1,-16,66
16,gamma4,0.5,142,9007814978528122769,158,54,0,0,16,71
16,gamma4,0.5,143,4932890197942382450,195,59,-2,-16,3,80
16,gamma4,0.5,144,980977091828250302,745,45,-2,-16,3,131
16,gamma4,0.5,145,4503334224609527002,233,39,-1,5,-16,73
16,gamma4,0.5,146,8146151818310191016,112,28,1,-16,0,45
16,gamma4,0.5,147,5639905551205439358,449,61,-1,9,-16,98
16,gamma4,0.5,148,300193088073192641,155,33,-1,-5,16,48
16,gamma4,0.5,149,977923336525480223,221,41,-1,16,3,89
16,gamma4,0.5,150,5786958365106749772,284,40,0,-16,2,74
16,gamma4,0.5,151,2149271574610908217,84,30,0,-2,16,39
16,gamma4,0.5,152,1620419083286956345,181,39,0,11,-16,76
16,gamma4,0.5,153,7728001928003225416,438,36,0,16,0,126
16,gamma4,0.5,154,1430674793064015614,165,43,3,-1,16,61
16,gamma4,0.5,155,5396181363791417792,157,29,0,5,16,48
16,gamma4,0.5,156,3696385648542686488,407,39,3,9,16,117
16,gamma4,0.5,157,1384247162154854541,324,44,-2,2,16,89
16,gamma4,0.5,158,8087465203500912832,324,30,0,-16,-6,98
16,gamma4,0.5,159,3994997395193989025,191,65,-1,16,11,89
16,gamma4,0.5,160,6088868215706932633,774,34,0,-4,-16,60
16,gamma4,0.5,161,8362490066213949295,2168,70,5,-10,-16,262
16,gamma4,0.5,162,9108537450336158730,1094,46,1,-16,0,130
16,gamma4,0.5,163,333935352181629962,582,40,1,8,16,95
16,gamma4,0.5,164,6517587911710897614,43,23,0,16,-5,27
16,gamma4,0.5,165,1246023076262966786,883,33,0,-16,5,127
16,gamma4,0.5,166,5354738161086453645,650,32,1,-16,-10,106
16,gamma4,0.5,167,3906024495770551970,417,41,-3,16,9,117
16,gamma4,0.5,168,6396419301102076623,524,28,0,-10,-16,127
16,gamma4,0.5,169,6109946967110064280,395,25,0,16,-3,86
16,gamma4,0.5,170,550663786603557897,135,39,2,3,-16,61
16,gamma4,0.5,171,4562267033775265013,446,44,-1,-16,4,87
16,gamma4,0.5,172,7440645818887049464,243,41,0,16,-11,63
16,gamma4,0.5,173,3202487335924962552,424,46,1,6,-16,114
16,gamma4,0.5,174,2084077211444760731,129,29,0,1,16,41
16,gamma4,0.5,175,6615775274738104892,180,30,1,-6,-16,56
16,gamma4,0.5,176,1706471092439087859,1135,29,1,-16,5,174
16,gamma4,0.5,177,1781839853397558755,238,36,-1,-2,16,83
16,gamma4,0.5,178,1847462590164412208,272,26,-1,16,4,98
16,gamma4,0.5,179,1783842457992790945,70,40,2,-16,4,46
16,gamma4,0.5,180,790030031467653086,578,64,0,-16,-10,136
16,gamma4,0.5,181,7325558180283028355,362,54,2,-14,16,113
16,gamma4,0.5,182,4903690654042953945,322,44,-3,-10,16,79
16,gamma4,0.5,183,8072416622412438275,283,59,2,9,-16,111
16,gamma4,0.5,184,6788020108525925924,367,23,0,-1,-16,59
16,gamma4,0.5,185,3348567351292155190,287,27,1,-1,-16,67
16,gamma4,0.5,186,8695777888898569948,616,32,0,16,8,82
16,gamma4,0.5,187,569492566597304947,688,42,1,16,6,107
16,gamma4,0.5,188,8502561897368436637,452,46,2,-10,16,108
16,gamma4,0.5,189,6390762244110411163,229,41,1,16,-9,68
16,gamma4,0.5,190,5292807935249260134,400,32,-1,-16,-8,70
16,gamma4,0.5,191,4204533844115768583,121,37,0,-7,16,56
16,gamma4,0.5,192,2806555636669629132,193,31,2,-5,-16,69
16,gamma4,0.5,193,5594603872679376552,586,44,2,-16,-6,110
16,gamma4,0.5,194,6239958278157134314,397,27,1,16,-1,77
16,gamma4,0.5,195,7975589449647866843,257,49,0,1,-16,96
16,gamma4,0.5,196,7042367593420288948,596,52,4,4,16,156
16,gamma4,0.5,197,2132302376713612043,1405,39,-3,16,3,276
16,gamma4,0.5,198,2698769063570617228,123,47,0,9,-16,58
16,gamma4,0.5,199,1422150786784248218,1383,103,-3,-16,-5,211
16,gamma4,0.5,200,5763242973575646283,459,51,3,5,16,105
16,gamma4,0.5,201,3120773391711017840,2822,30,2,-2,-16,106
16,gamma4,0.5,202,3172991758831474460,471,31,0,-3,-16,157
16,gamma4,0.5,203,748261875950717093,203,91,-1,16,-11,113
16,gamma4,0.5,204,6853257997355046321,190,36,0,4,16,63
16,gamma4,0.5,205,7695656790700787093,425,39,0,16,11,84
16,gamma4,0.5,206,4094612920658280966,475,69,0,16,11,143
16,gamma4,0.5,207,6898200461329841113,159,41,-1,16,7,57
16,gamma4,0.5,208,5854475184302675190,279,31,-2,16,7,64
16,gamma4,0.5,209,6453802493078766387,542,96,-4,16,4,195
16,gamma4,0.5,210,4465269992671661897,97,37,-1,9,-16,47
16,gamma4,0.5,211,501282695371251102,465,53,2,16,9,85
16,gamma4,0.5,212,8267164164683954539,346,30,-1,-16,8,93
16,gamma4,0.5,213,3793942929973721918,180,24,0,4,-16,59
16,gamma4,0.5,214,5690843347264866016,219,37,1,-16,9,70
16,gamma4,0.5,215,4288180743177429050,120,34,0,16,8,52
16,gamma4,0.5,216,327699652920280326,429,33,2,-16,-1,86
16,gamma4,0.5,217,5235668804882503013,485,33,-1,-16,5,101
16,gamma4,0.5,218,4566418934275924295,462,30,0,16,6,144
16,gamma4,0.5,219,8982240828163120972,379,35,0,9,-16,94
16,gamma4,0.5,220,3476113028677290387,203,43,0,3,16,63
16,gamma4,0.5,221,7570633251747970544,1054,50,0,16,6,115
16,gamma4,0.5,222,362106508329167231,106,42,-1,-2,-16,52
16,gamma4,0.5,223,5857525155645675061,718,38,-1,-16,4,81
16,gamma4,0.5,224,3012722971661742846,248,42,-1,-10,16,76
16,gamma4,0.5,225,8827950296335108949,177,35,0,7,16,53
16,gamma4,0.5,226,5476492847668623835,129,27,1,5,16,50
16,gamma4,0.5,227,5571060040747687640,470,28,1,6,16,95
16,gamma4,0.5,228,1449220557957260440,129,25,0,-3,16,40
16,gamma4,0.5,229,4258383165903301861,492,22,1,0,16,115
16,gamma4,0.5,230,2383532307091264668,490,48,0,-10,-16,111
16,gamma4,0.5,231,5235123269699195375,217,31,0,16,1,62
16,gamma4,0.5,232,6488167358392458256,1011,31,1,-7,-16,179
16,gamma4,0.5,233,7376195861902521912,102,30,0,8,16,45
16,gamma4,0.5,234,9118546353303255979,251,55,-1,16,-1,85
16,gamma4,0.5,235,3067741472889941880,245,35,-2,-9,16,82
16,gamma4,0.5,236,1380999123303064307,139,37,1,-16,5,60
16,gamma4,0.5,237,4251220259460358494,118,24,0,-16,-4,53
16,gamma4,0.5,238,2684303155660979694,78,36,1,-16,8,48
16,gamma4,0.5,239,9176464237740335590,109,31,-1,-16,-7,54
16,gamma4,0.5,240,5940474829496721734,692,64,-1,10,-16,200
16,gamma4,0.5,241,7479375560267953056,2299,61,3,-16,9,223
16,gamma4,0.5,242,5113522328080192270,233,35,1,-16,9,74
16,gamma4,0.5,243,1343155583308775358,246,40,0,16,-4,69
16,gamma4,0.5,244,6771565007086612994,362,28,-1,-16,-6,91
16,gamma4,0.5,245,4986735793443388041,333,65,-1,5,-16,100
16,gamma4,0.5,246,7200804773062483736,894,62,0,-6,16,177
16,gamma4,0.5,247,1716662024968775765,592,56,-3,-16,4,138
16,gamma4,0.5,248,1513187587318681809,78,28,1,-16,-2,38
16,gamma4,0.5,249,1540138883962184503,496,50,1,16,-2,95
16,gamma4,0.5,250,4686811118788542778,680,34,0,16,2,155
16,gamma4,0.5,251,7038772675258603171,183,31,0,1,16,56
16,gamma4,0.5,252,4113451485855671783,125,29,1,-16,1,58
16,gamma4,0.5,253,734005230971037014,292,26,0,-4,16,57
16,gamma4,0.5,254,1811552160308061646,247,33,0,16,11,73
16,gamma4,0.5,255,3246003765310071448,81,33,0,-1,16,41
16,gamma4,0.5,256,7686137434510828676,235,39,0,1,-16,85
16,gamma4,0.5,257,3883348822068958763,180,30,0,16,-8,69
16,gamma4,0.5,258,4945460751906617176,626,36,0,6,-16,105
16,gamma4,0.5,259,621972465675188032,501,81,-5,13,-16,140
16,gamma4,0.5,260,7073400372797041189,474,22,0,-16,0,91
16,gamma4,0.5,261,228663183922445803,308,38,-1,6,-16,91
16,gamma4,0.5,262,8338668550471540049,135,31,0,-1,16,48
16,gamma4,0.5,263,1570301592950819196,474,28,-1,-2,-16,84
16,gamma4,0.5,264,2137830834919501725,239,39,2,-16,11,85
16,gamma4,0.5,265,6219904509793074754,879,31,0,-16,-5,113
16,gamma4,0.5,266,8834804007341374786,907,45,1,-3,-16,147
16,gamma4,0.5,267,5484289411072176241,582,24,0,2,16,117
16,gamma4,0.5,268,427619443625645459,173,25,0,16,3,52
16,gamma4,0.5,269,7091054525780603086,333,27,0,3,-16,63
16,gamma4,0.5,270,3814096175686702194,323,37,0,-13,-16,122
16,gamma4,0.5,271,6440262612992162708,259,41,-1,1,-16,85
16,gamma4,0.5,272,6734247409851291900,447,41,-1,-7,-16,93
16,gamma4,0.5,273,4329840453115848259,836,48,-1,14,-16,173
16,gamma4,0.5,274,6262933178533862938,428,42,0,-6,-16,112
16,gamma4,0.5,275,8374722474264673370,426,42,1,-10,16,134
16,gamma4,0.5,276,5847785900847097201,75,21,0,-16,1,39
16,gamma4,0.5,277,506996686444420363,175,47,1,16,-9,61
16,gamma4,0.5,278,6611498859661319769,188,40,-1,-16,-10,54
16,gamma4,0.5,279,5648011115040049373,1793,39,0,16,5,131
16,gamma4,0.5,280,3444833568827006386,56,30,0,0,16,40
16,gamma4,0.5,281,8022829228375727084,479,45,0,-16,1,112
16,gamma4,0.5,282,2520260661334618201,169,31,0,-3,-16,68
16,gamma4,0.5,283,4548976726673013975,147,39,0,16,-13,62
16,gamma4,0.5,284,1646963393344705968,158,58,-4,-16,8,71
16,gamma4,0.5,285,6434348914923883418,480,40,-1,-10,16,117
16,gamma4,0.5,286,6076725009774898457,422,46,0,-4,-16,124
16,gamma4,0.5,287,5073796735980331608,124,44,2,0,-16,61
16,gamma4,0.5,288,8235778432823269631,513,45,0,16,-5,103
16,gamma4,0.5,289,7374774355278338623,133,37,-1,3,16,62
16,gamma4,0.5,290,8591390784048179101,441,59,-2,16,-15,133
16,gamma4,0.5,291,2218082393671538760,120,24,-1,-2,16,52
16,gamma4,0.5,292,6046940676179110083,313,41,-1,16,-7,86
16,gamma4,0.5,293,5559926921658486397,206,42,2,6,-16,66
16,gamma4,0.5,294,6739854625843721241,99,37,-2,16,-9,55
16,gamma4,0.5,295,7539588121957432584,402,56,2,-10,-16,137
16,gamma4,0.5,296,7206656404914806695,92,26,1,16,-8,34
16,gamma4,0.5,297,1300041683082031668,341,47,1,-13,-16,106
16,gamma4,0.5,298,4892171265417038580,405,33,1,-16,9,105
16,gamma4,0.5,299,7987356894154459043,335,37,-1,3,16,70
16,gamma4,0.5,300,8526732583061894566,139,25,0,1,16,36
16,gamma4,0.5,301,8150331096299859011,972,74,0,-16,0,158
16,gamma4,0.5,302,2674155952454886988,355,37,-1,16,-11,94
16,gamma4,0.5,303,2476192303339847811,366,38,1,-4,16,103
16,gamma4,0.5,304,2906850820724179519,969,77,4,-7,-16,191
16,gamma4,0.5,305,4550899304520907020,92,42,1,-16,-10,51
16,gamma4,0.5,306,5043206051742972655,474,54,-1,10,16,112
16,gamma4,0.5,307,8187247044313841463,271,47,0,-16,-7,73
16,gamma4,0.5,308,6281297091893134342,1460,78,-3,12,-16,226
16,gamma4,0.5,309,8282496516706543101,559,53,1,11,-16,128
16,gamma4,0.5,310,8425916494614078002,699,31,1,-7,16,63
16,gamma4,0.5,311,2106243063475874543,67,35,-1,-16,3,41
16,gamma4,0.5,312,5599337511985281157,217,37,-1,1,16,73
16,gamma4,0.5,313,6829863020626967758,456,58,2,-8,16,106
16,gamma4,0.5,314,7887306608215195125,178,36,-1,8,-16,70
16,gamma4,0.5,315,6132593592218461365,416,26,0,2,16,105
16,gamma4,0.5,316,4742558514754235795,446,46,0,-8,16,120
16,gamma4,0.5,317,7634452514807212938,251,31,0,-16,-1,57
16,gamma4,0.5,318,7256827494959637305,74,28,0,-4,16,38
16,gamma4,0.5,319,2657071621157366464,217,37,1,-1,16,73
16,gamma4,0.5,320,3880683787831143398,188,36,1,-16,8,68
16,gamma4,0.5,321,3874124753790343774,246,30,0,16,-4,63
16,gamma4,0.5,322,8397694096598079498,223,39,0,-16,11,68
16,gamma4,0.5,323,6580708512891149064,227,65,-2,-11,16,105
16,gamma4,0.5,324,8211009282015812301,557,45,2,-16,3,125
16,gamma4,0.5,325,7184389279461126080,406,58,-2,-16,2,122
16,gamma4,0.5,326,3984407799767273246,245,47,2,1,16,94
16,gamma4,0.5,327,2631145056832321206,438,36,1,-16,2,61
16,gamma4,0.5,328,4246477251355861418,167,37,-1,-7,16,62
16,gamma4,0.5,329,3926075038184433599,116,32,0,8,-16,45
16,gamma4,0.5,330,6663715410153833998,369,33,0,-16,7,85
16,gamma4,0.5,331,335342644482754554,211,43,0,16,5,84
16,gamma4,0.5,332,1774441379027134268,345,45,1,16,9,112
16,gamma4,0.5,333,4007719434219534539,502,40,1,2,16,147
16,gamma4,0.5,334,774468754262599686,300,26,0,6,-16,66
16,gamma4,0.5,335,7363190173880514853,135,33,0,-16,-13,52
16,gamma4,0.5,336,4830602981204282968,528,54,2,10,-16,127
16,gamma4,0.5,337,3003380340377567775,725,43,1,7,-16,145
16,gamma4,0.5,338,8214306187901262790,156,44,0,16,2,66
16,gamma4,0.5,339,8233703079175868336,484,26,1,-4,-16,79
16,gamma4,0.5,340,4952699147594940180,87,25,1,-16,-1,40
16,gamma4,0.5,341,2188046080443104671,632,28,1,4,16,87
16,gamma4,0.5,342,572766047053452866,1593,41,-1,5,16,214
16,gamma4,0.5,343,580405079801987165,393,45,1,-11,-16,90
16,gamma4,0.5,344,8538825435606355469,244,32,0,-8,16,79
16,gamma4,0.5,345,5628881882776300795,367,35,0,-13,16,74
16,gamma4,0.5,346,2455455486519508086,348,38,0,-16,-4,94
16,gamma4,0.5,347,2830049649633051717,137,37,2,-9,-16,54
16,gamma4,0.5,348,509773405443651391,331,29,0,16,-5,68
16,gamma4,0.5,349,8388865142079670123,820,50,3,4,-16,153
16,gamma4,0.5,350,739398591825084442,282,32,-1,16,-6,100
16,gamma4,0.5,351,6143999119659928439,503,49,-2,7,16,98
16,gamma4,0.5,352,7405583656795647142,777,37,0,-3,-16,114
16,gamma4,0.5,353,379712749743167758,902,50,0,-4,16,180
16,gamma4,0.5,354,1924708344043833656,517,45,-1,-1,16,129
16,gamma4,0.5,355,7783754469043126084,887,37,-1,-3,-16,174
16,gamma4,0.5,356,6330342386359195200,577,59,-2,-13,16,112
16,gamma4,0.5,357,3281215829238551328,377,41,1,9,16,113
16,gamma4,0.5,358,2693984868668195221,780,46,4,6,-16,113
16,gamma4,0.5,359,7575190645674713273,387,45,0,3,-16,105
16,gamma4,0.5,360,4623589880886485409,447,41,0,7,-16,110
16,gamma4,0.5,361,4093202505800353171,507,53,2,16,5,120
16,gamma4,0.5,362,3023873914754288069,842,40,1,-6,16,107
16,gamma4,0.5,363,63064893820781402,392,36,-2,8,-16,70
16,gamma4,0.5,364,5313811176087544435,455,59,1,16,-3,127
16,gamma4,0.5,365,791502792108374756,163,45,1,-11,16,74
16,gamma4,0.5,366,6419320223778789879,162,34,0,8,16,51
16,gamma4,0.5,367,1320261378669195180,478,42,-1,16,2,91
16,gamma4,0.5,368,6024156779961450581,569,41,1,-16,-5,109
16,gamma4,0.5,369,4577629050712985688,858,44,-1,-16,-6,116
16,gamma4,0.5,370,3589308480443198323,1872,36,0,-6,16,117
16,gamma4,0.5,371,2983015341816608440,153,29,1,-3,16,39
16,gamma4,0.5,372,6072924167923026164,1459,33,1,16,-5,178
16,gamma4,0.5,373,7704314217384377411,234,30,0,-12,16,74
16,gamma4,0.5,374,937140844775295561,299,39,1,-7,-16,95
16,gamma4,0.5,375,4622688178792745153,1448,32,0,16,10,282
16,gamma4,0.5,376,7039426529889355003,334,42,0,-2,16,91
16,gamma4,0.5,377,1921660812532163300,262,64,-1,6,16,102
16,gamma4,0.5,378,7160980035882797735,511,77,-2,16,3,137
16,gamma4,0.5,379,4726136242171800827,486,38,-1,4,16,89
16,gamma4,0.5,380,5608525611810109513,466,40,1,-16,-6,126
16,gamma4,0.5,381,3249810715939735193,252,40,-1,-16,6,82
16,gamma4,0.5,382,3640823609489891025,148,52,-1,16,4,73
16,gamma4,0.5,383,7812591685256620800,1428,80,1,16,0,201
16,gamma4,0.5,384,371179388886489001,238,38,0,-6,-16,86
16,gamma4,0.5,385,7013712851671693616,1126,30,0,-16,0,183
16,gamma4,0.5,386,5137546152599991159,227,39,-1,-16,-5,76
16,gamma4,0.5,387,8180128091920393240,337,29,1,-16,7,91
16,gamma4,0.5,388,7757616245090612462,390,50,-1,10,16,97
16,gamma4,0.5,389,992190453437130171,244,38,-1,6,-16,69
16,gamma4,0.5,390,5693733090207162452,1942,30,0,2,16,262
16,gamma4,0.5,391,90918690376736239,364,36,0,-12,-16,111
16,gamma4,0.5,392,6893451106904483603,562,40,0,16,-10,109
16,gamma4,0.5,393,8237947398302810826,160,24,1,-2,16,43
16,gamma4,0.5,394,5583417500190361726,475,49,0,-16,7,109
16,gamma4,0.5,395,9096834879825070694,138,42,0,4,-16,67
16,gamma4,0.5,396,3668667455844789477,417,27,0,-3,16,128
16,gamma4,0.5,397,729852932785455074,434,42,2,0,-16,94
16,gamma4,0.5,398,3445505315198996607,225,37,0,11,16,78
16,gamma4,0.5,399,6775640996399703223,373,79,-2,16,9,127
16,gamma4,0.5,400,6777933868456346382,509,29,-1,-16,-5,124
16,gamma4,0.5,401,1678406031140874489,322,40,-1,-10,16,76
16,gamma4,0.5,402,3038501648614840232,3046,32,0,2,16,286
16,gamma4,0.5,403,8652326359016059743,912,98,0,-16,8,220
16,gamma4,0.5,404,3665345455796801573,564,62,3,2,-16,125
16,gamma4,0.5,405,2234225906343134849,1677,31,2,-3,16,274
16,gamma4,0.5,406,4147106568403465644,428,38,1,0,-16,129
16,gamma4,0.5,407,3334212608478366508,714,32,1,-16,-2,93
16,gamma4,0.5,408,1399377230707606634,559,51,1,5,16,138
16,gamma4,0.5,409,7337715563393939949,322,34,0,8,-16,81
16,gamma4,0.5,410,8610211878115724064,256,48,0,16,2,94
16,gamma4,0.5,411,8396965983916411288,1192,74,2,-16,-2,245
16,gamma4,0.5,412,4793261035448471071,438,88,-2,2,16,150
16,gamma4,0.5,413,9021531553787629816,235,31,-1,-1,-16,60
16,gamma4,0.5,414,1389290924821859568,715,33,0,-3,-16,70
16,gamma4,0.5,415,1455301368014756963,2085,43,-3,-7,-16,279
16,gamma4,0.5,416,832972030750159323,242,46,0,0,-16,95
16,gamma4,0.5,417,6616552174221837711,483,29,1,5,16,112
16,gamma4,0.5,418,7669273940322146803,658,56,3,-6,-16,123
16,gamma4,0.5,419,7769259785464642463,1667,33,-1,7,-16,191
16,gamma4,0.5,420,7903158481710883316,150,30,-1,-16,-8,53
16,gamma4,0.5,421,4343401556472775961,145,43,-2,-16,-3,67
16,gamma4,0.5,422,3220917614876496421,211,39,2,13,16,62
16,gamma4,0.5,423,569919534522356794,463,59,3,16,-1,122
16,gamma4,0.5,424,1663113405820677864,292,60,2,16,-8,99
16,gamma4,0.5,425,6519333189307852617,248,56,-3,-14,16,89
16,gamma4,0.5,426,2372937275066821024,166,40,0,4,-16,53
16,gamma4,0.5,427,2839655003216286573,405,37,1,-3,16,84
16,gamma4,0.5,428,2538637734226098764,578,42,0,16,-2,156
16,gamma4,0.5,429,2535873639726631072,319,33,0,-7,-16,71
16,gamma4,0.5,430,385787778681070991,72,36,2,16,-4,48
16,gamma4,0.5,431,1648728377904175642,309,63,2,-16,-1,106
16,gamma4,0.5,432,1850631913098268905,82,34,-1,10,-16,44
16,gamma4,0.5,433,2664553614500504208,826,98,-4,10,-16,244
16,gamma4,0.5,434,5729430902051760457,687,51,3,-16,-1,114
16,gamma4,0.5,435,2687446788389235933,1141,35,0,-16,7,91
16,gamma4,0.5,436,7327128733829863603,320,36,-1,16,8,79
16,gamma4,0.5,437,5369156368172612620,469,61,3,3,16,112
16,gamma4,0.5,438,7799157401947668047,160,44,-2,-10,16,64
16,gamma4,0.5,439,5441180363324540539,160,22,0,-6,16,42
16,gamma4,0.5,440,7071064346576282939,177,31,1,7,-16,46
16,gamma4,0.5,441,4495717640121217004,811,59,-2,11,-16,135
16,gamma4,0.5,442,4368726849653503822,279,41,1,-7,-16,59
16,gamma4,0.5,443,8762800324928725929,951,57,0,-16,-13,168
16,gamma4,0.5,444,727098495725274708,1338,46,1,-16,-2,199
16,gamma4,0.5,445,5447912925411241958,266,54,0,0,-16,102
16,gamma4,0.5,446,7525256129840834423,294,52,-1,-14,16,74
16,gamma4,0.5,447,2272117489624395239,163,33,0,-7,16,66
16,gamma4,0.5,448,2295335561419389885,797,59,2,-3,-16,168
16,gamma4,0.5,449,3933764082267540347,201,33,0,16,-5,60
16,gamma4,0.5,450,6586441267527766248,251,55,1,16,-13,87
16,gamma4,0.5,451,423474749045866857,238,40,-2,-16,-4,73
16,gamma4,0.5,452,703269368823212755,309,45,-1,5,-16,82
16,gamma4,0.5,453,7541803459384561567,118,26,0,16,8,40
16,gamma4,0.5,454,2687503290346624134,309,47,0,16,15,81
16,gamma4,0.5,455,2879625535770649766,859,51,1,-9,-16,153
16,gamma4,0.5,456,9217439563423720450,228,48,1,16,6,71
16,gamma4,0.5,457,1365850987413465762,356,56,1,16,-8,107
16,gamma4,0.5,458,9035915685809576289,2538,32,0,16,-8,180
16,gamma4,0.5,459,6382965320934330537,299,41,-1,-16,9,69
16,gamma4,0.5,460,9100699816848909298,221,29,2,-7,-16,65
16,gamma4,0.5,461,5569269706483801605,1680,94,3,16,0,218
16,gamma4,0.5,462,3120797729145182793,969,37,0,16,13,95
16,gamma4,0.5,463,5588756401793684540,257,33,0,-15,16,83
16,gamma4,0.5,464,1671300603818115616,1167,85,-2,-5,16,232
16,gamma4,0.5,465,7012359527971549919,310,34,0,16,-12,63
16,gamma4,0.5,466,234606694070941207,731,97,-2,16,-1,193
16,gamma4,0.5,467,748222880899788658,193,51,-1,16,5,77
16,gamma4,0.5,468,1026209349316381166,587,19,0,16,-3,168
16,gamma4,0.5,469,8346363231954468635,755,35,1,16,-9,123
16,gamma4,0.5,470,6349505363695731676,413,37,-1,-1,16,117
16,gamma4,0.5,471,1388877674532950333,585,47,-1,16,3,127
16,gamma4,0.5,472,101991864558421553,339,59,-2,-3,-16,105
16,gamma4,0.5,473,7414356673957116044,730,34,0,-12,16,116
16,gamma4,0.5,474,6801482147709951242,231,43,0,7,-16,72
16,gamma4,0.5,475,4966847749223503745,416,64,0,-2,16,132
16,gamma4,0.5,476,991977955678715360,417,41,1,-16,1,86
16,gamma4,0.5,477,2643057825708671485,377,53,0,16,13,89
16,gamma4,0.5,478,4118298360088948918,456,48,-1,-10,-16,124
16,gamma4,0.5,479,7105442799328629823,818,58,3,-4,16,147
16,gamma4,0.5,480,8592746790138095726,220,30,0,16,6,67
16,gamma4,0.5,481,3656199640572611888,202,46,3,12,16,64
16,gamma4,0.5,482,6865680813658445704,341,37,-2,-3,16,72
16,gamma4,0.5,483,143711383802917908,508,86,1,-2,-16,140
16,gamma4,0.5,484,3749101233591312027,386,44,-1,16,-12,139
16,gamma4,0.5,485,8605851687838565562,241,47,0,-16,3,84
16,gamma4,0.5,486,6252231771137898051,704,46,2,-12,-16,97
16,gamma4,0.5,487,6446101286096750702,147,39,0,16,-13,48
16,gamma4,0.5,488,2657734213059733952,138,30,0,2,-16,50
16,gamma4,0.5,489,2070296473424688467,155,33,0,-16,9,66
16,gamma4,0.5,490,6817988067510704122,513,37,0,-16,7,84
16,gamma4,0.5,491,6567956111713619651,300,24,1,-16,2,55
16,gamma4,0.5,492,3878344415464591947,280,36,0,-16,10,79
16,gamma4,0.5,493,5939629723319438687,909,37,2,1,-16,90
16,gamma4,0.5,494,3762493997604443438,159,33,1,-11,-16,69
16,gamma4,0.5,495,9121983244560649584,246,40,0,12,-16,83
16,gamma4,0.5,496,1962310310454738138,646,42,0,16,6,149
16,gamma4,0.5,497,1166847166480375172,948,30,0,6,-16,140
16,gamma4,0.5,498,167701297744186393,912,36,1,-2,-16,233
16,gamma4,0.5,499,2370979261352398269,261,29,-1,16,1,82
16,gamma4,0.5,500,6379458632738659095,138,40,-1,-16,-4,59
16,gamma4,0.5,501,7243062010914431337,270,46,3,-2,16,68
16,gamma4,0.5,502,4910929146000129290,143,39,2,3,16,54
16,gamma4,0.5,503,6617233037646065490,493,41,2,16,9,116
16,gamma4,0.5,504,3388743601893026151,779,53,2,16,-13,207
16,gamma4,0.5,505,3169162743402659514,123,33,0,5,-16,54
16,gamma4,0.5,506,7910994161076122685,41,23,1,3,16,29
16,gamma4,0.5,507,8486107824580164917,122,34,-2,12,-16,56
16,gamma4,0.5,508,1812260889044890833,210,34,1,0,-16,60
16,gamma4,0.5,509,7162489790887828739,1123,39,2,-16,5,180
16,gamma4,0.5,510,1834265775502441046,978,62,0,-16,-12,185
16,gamma4,0.5,511,807554639240838261,557,39,-1,-16,-3,117
16,gamma4,0.5,512,7714004813926574523,324,30,1,-16,0,62
16,gamma4,0.5,513,3096398327978383699,1022,44,2,4,-16,132
16,gamma4,0.5,514,8481925366751264613,922,48,3,16,-6,230
16,gamma4,0.5,515,4614080417858663757,1053,35,-1,3,-16,196
16,gamma4,0.5,516,1533683086900587693,155,67,-1,7,16,83
16,gamma4,0.5,517,8000202801321700246,373,27,1,-16,-3,84
16,gamma4,0.5,518,3233127686602478368,90,28,1,6,16,43
16,gamma4,0.5,519,7932427898361928272,210,38,1,-4,-16,66
16,gamma4,0.5,520,4444146399176348599,149,37,-1,-16,-11,70
16,gamma4,0.5,521,4824950171516779856,431,63,2,1,16,148
16,gamma4,0.5,522,26476177826382748,99,31,0,-16,-5,44
16,gamma4,0.5,523,6635549615755759491,802,48,1,12,-16,146
16,gamma4,0.5,524,2562210514456182474,641,29,0,16,-1,120
16,gamma4,0.5,525,7904252579992176203,519,27,1,3,16,82
16,gamma4,0.5,526,6851178638951152898,290,78,1,-10,-16,125
16,gamma4,0.5,527,5862853237486986891,238,68,-1,-12,-16,90
16,gamma4,0.5,528,7261557737956938690,285,67,0,13,-16,108
16,gamma4,0.5,529,7612278307850092816,635,43,-1,7,-16,110
16,gamma4,0.5,530,7652122227255830657,559,31,-1,16,-1,130
16,gamma4,0.5,531,7050023812331917052,335,49,2,11,16,101
16,gamma4,0.5,532,2299964147073225980,681,39,-1,-16,-11,128
16,gamma4,0.5,533,521087053535502594,119,39,-1,-16,3,55
16,gamma4,0.5,534,4463727211330139371,936,36,-1,-16,2,117
16,gamma4,0.5,535,3027658489062878214,1517,37,1,-16,-9,203
16,gamma4,0.5,536,5632357290213492595,857,35,0,-16,-7,123
16,gamma4,0.5,537,8708691788197803663,624,108,2,-16,0,187
16,gamma4,0.5,538,2904094821502171903,227,33,0,16,7,83
16,gamma4,0.5,539,1436839933205599554,3134,44,1,-16,0,126
16,gamma4,0.5,540,380695398569715695,244,22,0,6,-16,60
16,gamma4,0.5,541,8650665806239131420,217,31,2,-1,-16,59
16,gamma4,0.5,542,1392574942090914591,168,32,0,4,-16,64
16,gamma4,0.5,543,8436235512624394848,652,84,-3,-2,16,155
16,gamma4,0.5,544,4171433247227678980,199,35,0,16,1,70
16,gamma4,0.5,545,1626250732607435374,966,36,-1,2,-16,129
16,gamma4,0.5,546,8377533880894620131,210,22,-1,-2,16,44
16,gamma4,0.5,547,59573977770049056,99,31,-1,16,-9,45
16,gamma4,0.5,548,2618413518225030365,806,36,-1,-2,16,108
16,gamma4,0.5,549,5417170090646796267,393,79,3,16,-1,123
16,gamma4,0.5,550,6259584260932418449,592,44,0,-16,10,156
16,gamma4,0.5,551,4351038837575010458,158,24,0,16,2,39
16,gamma4,0.5,552,3812562407856336215,411,37,3,11,16,94
16,gamma4,0.5,553,5598350073829971534,921,37,1,1,-16,117
16,gamma4,0.5,554,312202100370402534,206,40,-1,-8,-16,90
16,gamma4,0.5,555,5187904900086998607,128,32,0,-16,12,54
16,gamma4,0.5,556,8741363431578897866,718,88,-1,10,16,153
16,gamma4,0.5,557,4544556267973554812,552,36,0,16,-4,143
16,gamma4,0.5,558,8385655600788326288,346,38,-1,0,16,73
16,gamma4,0.5,559,4139572951183704160,313,23,-1,16,-3,67
16,gamma4,0.5,560,8564513901233604074,55,27,0,16,-9,32
16,gamma4,0.5,561,2468287274768310780,205,29,-1,1,16,67
16,gamma4,0.5,562,3122408355090936403,372,40,0,-10,-16,116
16,gamma4,0.5,563,3953374571238936256,760,40,-3,-16,-2,135
16,gamma4,0.5,564,7212106947892663467,248,28,1,16,2,115
16,gamma4,0.5,565,2177818271256534338,155,47,1,16,3,70
16,gamma4,0.5,566,7353582213601831522,391,35,-1,9,-16,107
16,gamma4,0.5,567,1918777397260559602,169,53,2,-1,-16,70
16,gamma4,0.5,568,6798176324904204702,545,45,0,11,-16,120
16,gamma4,0.5,569,6684710485128685521,913,41,2,16,-1,206
16,gamma4,0.5,570,1950716879741023142,359,41,-1,-13,16,123
16,gamma4,0.5,571,9103733216254750987,1152,52,2,-2,16,183
16,gamma4,0.5,572,4510861542994502020,357,49,0,-9,-16,96
16,gamma4,0.5,573,1482511369949503222,2053,37,0,-16,-9,154
16,gamma4,0.5,574,555763234870657664,178,36,0,-16,4,66
16,gamma4,0.5,575,3320802961357927271,103,39,2,11,-16,49
16,gamma4,0.5,576,7247498650658628904,189,37,0,-16,1,71
16,gamma4,0.5,577,1502561605484470145,1117,53,-2,-9,16,217
16,gamma4,0.5,578,5123870327414419949,443,51,0,-16,9,96
16,gamma4,0.5,579,4764104924802216029,558,38,1,-16,-8,96
16,gamma4,0.5,580,1145676152018817995,3029,55,-1,7,16,446
16,gamma4,0.5,581,1051648632767057013,679,45,-1,5,-16,112
16,gamma4,0.5,582,6400706127447364728,186,40,1,-16,-10,66
16,gamma4,0.5,583,8998352480673287124,1965,37,1,16,-9,225
16,gamma4,0.5,584,3779097402975069029,925,35,0,-16,-1,106
16,gamma4,0.5,585,1308025883955941894,158,34,0,-4,16,69
16,gamma4,0.5,586,1083719412787446457,1051,61,0,-16,13,153
16,gamma4,0.5,587,3683452514204278079,508,42,-2,-16,12,83
16,gamma4,0.5,588,210287305928657602,637,79,-2,5,-16,162
16,gamma4,0.5,589,4409989575154935766,426,72,-3,12,-16,147
16,gamma4,0.5,590,5277856009283920591,775,33,0,16,9,147
16,gamma4,0.5,591,8995888651067614607,159,49,0,-7,16,71
16,gamma4,0.5,592,5005402059501276702,1171,47,2,16,7,227
16,gamma4,0.5,593,3759406368822743716,608,60,0,16,-12,156
16,gamma4,0.5,594,2143845077646976157,118,42,-2,-16,-2,57
16,gamma4,0.5,595,1929660729105810646,161,31,1,16,-5,45
16,gamma4,0.5,596,5446568215846388879,248,32,-1,4,16,77
16,gamma4,0.5,597,6447275898128898241,282,46,3,16,-10,97
16,gamma4,0.5,598,7179715781013164959,112,34,0,-10,16,58
16,gamma4,0.5,599,2916860659820098253,81,27,0,9,16,37
16,gamma4,0.5,600,6979863693442604429,285,35,0,16,-9,71
16,gamma4,0.5,601,2806180690001602237,225,53,-2,3,16,88
16,gamma4,0.5,602,1167356897654247387,473,35,0,-16,-7,97
16,gamma4,0.5,603,7185001302580562029,125,59,0,-7,16,68
16,gamma4,0.5,604,9001295172360020440,138,34,-1,0,-16,63
16,gamma4,0.5,605,8377086197917846674,366,50,-1,-4,16,96
16,gamma4,0.5,606,7587760408380562382,306,64,0,16,-6,106
16,gamma4,0.5,607,8803330512097472095,348,34,1,16,0,83
16,gamma4,0.5,608,2931329109265568821,450,44,-2,6,-16,103
16,gamma4,0.5,609,5072456207563413775,808,24,-1,16,-2,142
16,gamma4,0.5,610,8253822685516059100,332,22,0,6,-16,57
16,gamma4,0.5,611,2381867096411222591,237,31,0,-16,1,80
16,gamma4,0.5,612,3285718699502502372,860,64,-2,-6,16,121
16,gamma4,0.5,613,5234435309952420773,773,41,0,13,-16,122
16,gamma4,0.5,614,4070036088486116313,926,26,0,4,16,99
16,gamma4,0.5,615,3651862385184477635,224,34,-1,-16,-4,69
16,gamma4,0.5,616,827270243543978388,353,33,1,-16,7,80
16,gamma4,0.5,617,6825043313000518450,670,58,2,-16,-4,188
16,gamma4,0.5,618,7813868872228911884,671,47,2,16,-9,146
16,gamma4,0.5,619,5503480731412689405,322,42,1,16,6,93
16,gamma4,0.5,620,5842232202915033966,1813,37,1,-16,9,246
16,gamma4,0.5,621,50084160142325285,903,25,-1,-16,1,152
16,gamma4,0.5,622,5424485069703724593,918,58,0,-16,-6,156
16,gamma4,0.5,623,5437617619988896959,702,34,-1,-16,0,133
16,gamma4,0.5,624,408521109009358917,431,29,0,-16,1,103
16,gamma4,0.5,625,8495606406248026259,251,33,0,16,5,70
16,gamma4,0.5,626,8600229634159247290,675,35,2,-1,-16,163
16,gamma4,0.5,627,9177466784901443809,229,47,-1,-16,-1,99
16,gamma4,0.5,628,8122410193033232439,281,43,-1,-16,-5,85
16,gamma4,0.5,629,7408345676413595071,152,36,0,-16,-4,58
16,gamma4,0.5,630,7727502451302710212,622,40,-2,8,-16,106
16,gamma4,0.5,631,9128792815195306391,828,34,3,-4,16,127
16,gamma4,0.5,632,7030456655128842561,424,60,0,-16,2,115
16,gamma4,0.5,633,7414000688156138465,401,41,-2,7,16,88
16,gamma4,0.5,634,6345664358964685461,839,83,-2,9,16,181
16,gamma4,0.5,635,7460906673232290628,108,30,0,2,16,50
16,gamma4,0.5,636,1794326492282084204,1035,83,3,1,-16,177
16,gamma4,0.5,637,4535232603695903281,307,27,0,16,1,46
16,gamma4,0.5,638,5474447677181179235,100,30,0,-16,2,48
16,gamma4,0.5,639,8589089803846996934,162,38,0,-16,6,58
16,gamma4,0.5,640,7194975067320083784,61,25,0,1,16,35
16,gamma4,0.5,641,1913159083943602986,304,60,-1,-4,-16,118
16,gamma4,0.5,642,1601360273520987718,1571,73,2,-16,11,226
16,gamma4,0.5,643,6363287813314109791,178,44,0,-8,-16,73
16,gamma4,0.5,644,1947780302071423930,366,46,2,16,0,94
16,gamma4,0.5,645,325370752943624429,124,50,1,-16,-2,60
16,gamma4,0.5,646,1585451380134079181,203,61,3,-16,11,105
16,gamma4,0.5,647,8863474393013833718,250,50,0,-16,0,84
16,gamma4,0.5,648,3260395798822738660,451,49,2,16,-3,111
16,gamma4,0.5,649,1357362049670796721,758,42,1,-4,-16,101
16,gamma4,0.5,650,9127629278733810066,80,28,-2,-2,16,41
16,gamma4,0.5,651,4016666936427258667,252,40,-1,8,16,86
16,gamma4,0.5,652,2152423655976421815,754,56,1,-16,-12,121
16,gamma4,0.5,653,7822853016441410142,99,23,-1,-16,-1,44
16,gamma4,0.5,654,6949908449033635637,229,47,-2,-5,-16,89
16,gamma4,0.5,655,8267430474949086402,271,41,-1,16,-5,80
16,gamma4,0.5,656,3952394759643990378,119,35,0,11,16,55
16,gamma4,0.5,657,6610405834355331541,177,45,0,16,-1,83
16,gamma4,0.5,658,2326864417070214263,249,39,-2,-16,3,74
16,gamma4,0.5,659,2571630474984886973,387,41,-1,16,-5,117
16,gamma4,0.5,660,7818859587700690012,428,42,-1,-12,-16,135
16,gamma4,0.5,661,839673672610003029,110,46,-1,8,-16,61
16,gamma4,0.5,662,9035771066628816496,278,76,-4,-16,-2,105
16,gamma4,0.5,663,6431469319758694140,312,28,0,-16,2,59
16,gamma4,0.5,664,6718651923898578914,193,45,3,13,16,67
16,gamma4,0.5,665,5105270691552303781,239,43,2,9,16,87
16,gamma4,0.5,666,4281026368698378972,345,29,0,-7,16,91
16,gamma4,0.5,667,8627818794073220018,458,24,0,-6,16,65
16,gamma4,0.5,668,2241557157397394203,127,37,2,-16,9,59
16,gamma4,0.5,669,6922665923806966090,730,34,1,-4,-16,125
16,gamma4,0.5,670,1297503702169152041,265,43,1,-7,16,76
16,gamma4,0.5,671,6967404228373393976,608,40,1,16,12,102
16,gamma4,0.5,672,8678901947738607336,110,26,0,-4,16,44
16,gamma4,0.5,673,6331603212924972640,860,28,0,-2,-16,125
16,gamma4,0.5,674,1686505304385553583,146,26,0,-4,16,38
16,gamma4,0.5,675,6618241578972851178,284,34,1,2,16,67
16,gamma4,0.5,676,4097878149023846301,190,42,-4,6,-16,55
16,gamma4,0.5,677,3478613252811521112,210,32,0,16,-8,67
16,gamma4,0.5,678,4439560145934458514,336,62,0,16,8,112
16,gamma4,0.5,679,3787627548430177222,586,42,1,-6,-16,155
16,gamma4,0.5,680,1387944021544719554,691,49,0,16,9,123
16,gamma4,0.5,681,784914328706160627,469,39,1,5,16,122
16,gamma4,0.5,682,2243325847963397841,269,45,0,9,-16,75
16,gamma4,0.5,683,1984454396859555250,121,23,1,1,-16,47
16,gamma4,0.5,684,320913122066934772,343,47,0,-3,-16,100
16,gamma4,0.5,685,578567707051217354,1865,37,0,-16,1,260
16,gamma4,0.5,686,2921860150759850414,681,65,-2,3,-16,161
16,gamma4,0.5,687,2636448585233736169,431,33,2,-16,-3,115
16,gamma4,0.5,688,7569138958608301957,422,30,-1,-16,-8,69
16,gamma4,0.5,689,3693658269257804334,476,38,0,-16,-4,75
16,gamma4,0.5,690,7293287744869545752,356,24,0,-16,0,97
16,gamma4,0.5,691,6513597152353003527,102,28,0,16,0,39
16,gamma4,0.5,692,2293905901513526263,24,24,-1,0,-16,24
16,gamma4,0.5,693,970231263402337401,559,53,-1,16,3,151
16,gamma4,0.5,694,5041724198038336625,83,27,1,3,16,47
16,gamma4,0.5,695,796343014484421416,351,55,0,16,1,105
16,gamma4,0.5,696,4261318945456784555,1281,37,-1,3,-16,155
16,gamma4,0.5,697,1143843894435599725,171,47,-2,7,-16,68
16,gamma4,0.5,698,8199166844884674110,553,29,1,3,16,82
16,gamma4,0.5,699,294088779617515769,603,29,-1,-1,-16,118
32,gamma4,0.5,0,9101056405083463657,1609,121,0,32,-27,354
32,gamma4,0.5,1,4777229893450985429,915,107,0,32,-25,248
32,gamma4,0.5,2,4953834928920046597,1206,114,-1,-32,2,247
32,gamma4,0.5,3,1593763573712744407,1866,108,2,10,32,326
32,gamma4,0.5,4,1829136977481524600,996,104,0,6,32,197
32,gamma4,0.5,5,456801829622594005,1360,92,1,32,4,283
32,gamma4,0.5,6,7428961233499466468,1969,71,-1,5,32,245
32,gamma4,0.5,7,8153199227492113861,1107,103,-3,-15,32,249
32,gamma4,0.5,8,666173392312877240,2632,156,-3,-32,18,534
32,gamma4,0.5,9,7703138886296562400,2423,115,-1,32,15,363
32,gamma4,0.5,10,2806308654950750292,3137,137,1,32,-19,449
32,gamma4,0.5,11,6435313579101235959,1479,89,0,-9,32,329
32,gamma4,0.5,12,2440258187991219977,2396,140,-3,-20,32,484
32,gamma4,0.5,13,8214059106889773908,971,107,0,-32,23,251
32,gamma4,0.5,14,2315486273774691694,1703,113,-2,5,-32,361
32,gamma4,0.5,15,994563023515420471,4863,101,2,21,32,488
32,gamma4,0.5,16,3131360145299204892,1813,125,1,-32,7,373
32,gamma4,0.5,17,3782240339239597928,966,108,-2,32,-18,229
32,gamma4,0.5,18,2152146616666503033,479,101,1,-32,15,162
32,gamma4,0.5,19,3816845272916541726,886,90,-1,-6,32,244
32,gamma4,0.5,20,5669070937829921825,387,63,1,-5,32,107
32,gamma4,0.5,21,2245381319550095103,2588,86,0,-32,-14,437
32,gamma4,0.5,22,3565454079624541306,3035,113,-2,32,-3,409
32,gamma4,0.5,23,8386190807902546469,727,143,-2,-32,5,238
32,gamma4,0.5,24,8224216144016950539,951,69,-1,-32,-1,156
32,gamma4,0.5,25,5114059294941060292,825,85,2,-32,-9,267
32,gamma4,0.5,26,5489294885072708298,366,78,0,0,-32,137
32,gamma4,0.5,27,4029944552359298630,1752,136,2,32,-10,426
32,gamma4,0.5,28,3014585746198554933,1180,78,0,26,-32,273
32,gamma4,0.5,29,6709735663676049476,1337,111,1,32,-9,337
32,gamma4,0.5,30,4148629749280281240,1310,90,0,-10,-32,270
32,gamma4,0.5,31,4507417648452010788,912,78,-2,-32,-24,174
32,gamma4,0.5,32,6437471845730156090,2065,119,0,32,-29,374
32,gamma4,0.5,33,181935914458574508,2018,120,1,-2,32,305
32,gamma4,0.5,34,2913897430987768656,1736,56,1,12,32,353
32,gamma4,0.5,35,7052309679012950418,2642,164,-4,-32,-24,372
32,gamma4,0.5,36,2294656657834574782,3264,122,1,30,-32,528
32,gamma4,0.5,37,7644885387386401047,1555,91,-2,-32,-11,277
32,gamma4,0.5,38,5806622141995184812,2669,109,-2,-32,11,369
32,gamma4,0.5,39,5849486838902524889,1903,91,0,-32,19,438
32,gamma4,0.5,40,4115290983335462073,199,81,1,-5,-32,107
32,gamma4,0.5,41,8465369033739848147,3073,75,1,7,-32,603
32,gamma4,0.5,42,961786556708316879,1990,190,-1,-22,-32,402
32,gamma4,0.5,43,2752176354973841974,1562,150,0,26,32,394
32,gamma4,0.5,44,2467769562909955880,420,70,1,32,-6,120
32,gamma4,0.5,45,8559150220626624740,2621,95,3,5,-32,399
32,gamma4,0.5,46,956230454954661108,1200,86,1,-22,32,272
32,gamma4,0.5,47,4732517691698235675,1781,159,0,-32,5,256
32,gamma4,0.5,48,8081822706136963041,590,90,-1,20,-32,159
32,gamma4,0.5,49,6998361045586148257,1339,103,3,32,-15,307
32,gamma4,0.5,50,1229899500671688284,1116,66,1,-32,12,155
32,gamma4,0.5,51,3201267591186105084,1091,87,-1,32,-9,288
32,gamma4,0.5,52,8882235540660889108,1617,133,-1,-32,23,298
32,gamma4,0.5,53,6213138993242156702,2060,84,0,32,10,321
32,gamma4,0.5,54,4749057541219282294,937,83,-2,-3,-32,242
32,gamma4,0.5,55,7666241981647045808,2112,100,-3,12,-32,453
32,gamma4,0.5,56,4562558794452346165,1997,115,-2,5,-32,293
32,gamma4,0.5,57,6983026481301982331,2860,96,1,-26,-32,430
32,gamma4,0.5,58,8060694883105014830,790,96,2,12,32,208
32,gamma4,0.5,59,8615721302969059697,1341,87,-2,-7,32,254
32,gamma4,0.5,60,1270610188919601593,4018,92,0,-24,32,578
32,gamma4,0.5,61,1897749934099265973,719,63,-1,32,-11,188
32,gamma4,0.5,62,4303617736566182432,2236,106,1,-32,-26,459
32,gamma4,0.5,63,2584069959076238383,1984,92,-1,-32,6,384
32,gamma4,0.5,64,2238074476037278929,4524,72,2,2,32,626
32,gamma4,0.5,65,6006793943823583076,4794,82,-2,-12,32,515
32,gamma4,0.5,66,544541389532288903,1629,77,1,32,7,379
32,gamma4,0.5,67,5704771663642287222,13836,72,0,20,32,995
32,gamma4,0.5,68,7565024576894494085,893,57,0,5,32,166
32,gamma4,0.5,69,3406471210297600846,1227,63,0,32,17,199
32,gamma4,0.5,70,1822424438738671039,1662,118,-3,-32,4,385
32,gamma4,0.5,71,7454332943106521311,616,106,0,-6,32,210
32,gamma4,0.5,72,4366681076566634062,849,97,3,7,32,182
32,gamma4,0.5,73,4240845249257461805,579,75,1,-32,-3,126
32,gamma4,0.5,74,8282173614903552943,5500,88,-2,22,32,709
32,gamma4,0.5,75,5781325548198283162,2904,136,-3,32,16,450
32,gamma4,0.5,76,4662031045923065374,1345,59,-1,-32,-3,215
32,gamma4,0.5,77,414144323457464174,2198,102,0,-32,-10,344
32,gamma4,0.5,78,5570780746275627512,7209,101,1,-32,-5,754
32,gamma4,0.5,79,3233023365678611739,1544,90,1,20,32,407
32,gamma4,0.5,80,715856279161475998,1910,112,1,20,-32,254
32,gamma4,0.5,81,2820510093470719752,2791,125,-1,32,3,540
32,gamma4,0.5,82,4459556606095234679,589,103,0,1,32,173
32,gamma4,0.5,83,906901224750348423,1063,93,-2,17,-32,169
32,gamma4,0.5,84,1361995824464606864,704,118,-4,32,-4,175
32,gamma4,0.5,85,8860966219723720605,712,86,1,-16,-32,167
32,gamma4,0.5,86,4809145664374000079,1267,75,-1,-3,32,243
32,gamma4,0.5,87,4704405252391609355,1204,92,1,32,-6,214
32,gamma4,0.5,88,5553605508890298059,345,85,-1,-32,-19,131
32,gamma4,0.5,89,4203299795286180838,914,106,-2,12,-32,214
32,gamma4,0.5,90,2642814090575757455,1858,104,-3,32,-10,349
32,gamma4,0.5,91,1329998840609771503,510,90,3,32,-4,161
32,gamma4,0.5,92,5306464079713555251,8315,129,-1,-32,-21,870
32,gamma4,0.5,93,4957294413352507160,3025,93,0,1,-32,542
32,gamma4,0.5,94,8080939801909865990,1959,93,0,19,-32,298
32,gamma4,0.5,95,4771082902251044449,1571,95,0,-3,32,352
32,gamma4,0.5,96,8167984872520374709,5732,108,0,2,-32,510
32,gamma4,0.5,97,6906010770340208201,680,104,-2,32,12,215
32,gamma4,0.5,98,7260361838925311009,2668,82,-1,0,-32,510
32,gamma4,0.5,99,8780740095441838661,1404,68,0,-4,32,154
32,gamma4,0.5,100,1498722591494151538,404,78,-1,-32,-2,122
32,gamma4,0.5,101,4851143381375155015,611,87,1,32,5,194
32,gamma4,0.5,102,1535921219317549369,1710,96,0,32,30,326
32,gamma4,0.5,103,2968336663646206854,2837,193,-2,-32,23,541
32,gamma4,0.5,104,6246232691032076904,4011,143,-1,32,17,544
32,gamma4,0.5,105,8121271629893303550,1933,155,2,-32,7,385
32,gamma4,0.5,106,4547490462349255765,1113,61,-1,-32,13,273
32,gamma4,0.5,107,3465969429114807136,2166,78,0,-32,-20,433
32,gamma4,0.5,108,1287443617737835013,2986,192,0,18,-32,561
32,gamma4,0.5,109,5161302094409005030,853,107,-1,32,11,263
32,gamma4,0.5,110,8021199407163232828,349,85,-3,-17,32,138
32,gamma4,0.5,111,4290674529682804146,1517,111,0,-32,-15,322
32,gamma4,0.5,112,8456075678233630636,930,56,-1,-16,32,205
32,gamma4,0.5,113,4967080752041618599,1902,120,-2,-32,-8,446
32,gamma4,0.5,114,450005974236482149,2048,82,3,-4,-32,399
32,gamma4,0.5,115,5755121977475726197,1268,94,0,32,18,249
32,gamma4,0.5,116,2513616219151858002,2754,220,0,32,0,568
32,gamma4,0.5,117,3489548365434668332,2358,100,1,14,32,354
32,gamma4,0.5,118,1127441896809429572,3264,78,0,18,32,258
32,gamma4,0.5,119,8316946929282608430,2406,162,-1,-32,-28,470
32,gamma4,0.5,120,2076037158191762335,1684,72,1,4,32,384
32,gamma4,0.5,121,1513793146992683999,556,66,0,2,-32,142
32,gamma4,0.5,122,1837419396630976756,803,69,-1,-32,13,185
32,gamma4,0.5,123,6600345070589964116,1320,160,-3,18,-32,320
32,gamma4,0.5,124,1244601158780990316,408,90,2,4,-32,152
32,gamma4,0.5,125,6713684085181398604,920,106,0,32,26,260
32,gamma4,0.5,126,6831319045047407122,2611,55,0,3,32,311
32,gamma4,0.5,127,2672059016894812925,1242,56,1,0,-32,194
32,gamma4,0.5,128,380896374090240596,6058,220,-2,-8,32,1079
32,gamma4,0.5,129,5980421804252452969,1619,81,-1,-32,-21,261
32,gamma4,0.5,130,3666037466221895040,1493,65,0,-32,-7,245
32,gamma4,0.5,131,8110701865445846330,1525,53,1,-13,-32,424
32,gamma4,0.5,132,9214258177377802461,2610,102,0,32,12,426
32,gamma4,0.5,133,3534180552704487121,2531,185,0,32,-15,467
32,gamma4,0.5,134,577635164713164889,1461,133,0,-32,9,375
32,gamma4,0.5,135,5498420106282891940,2089,121,1,11,32,325
32,gamma4,0.5,136,2099158747188742726,1749,95,1,-32,-9,262
32,gamma4,0.5,137,6045175842283235775,1277,119,-1,-32,25,338
32,gamma4,0.5,138,6684184741882392011,799,85,4,23,32,215
32,gamma4,0.5,139,1910692695174184194,837,91,-3,32,-21,205
32,gamma4,0.5,140,2192335630098438173,2152,134,-2,18,-32,350
32,gamma4,0.5,141,8241877139635506624,1705,125,1,-13,-32,369
32,gamma4,0.5,142,7789081004070056448,1423,55,2,3,-32,192
32,gamma4,0.5,143,9016253247285653782,436,66,-4,-18,32,124
32,gamma4,0.5,144,6158387995755782556,3690,130,1,32,28,520
32,gamma4,0.5,145,5213591963344235115,1372,122,1,32,-6,290
32,gamma4,0.5,146,6033628859626142470,1245,139,0,-19,-32,274
32,gamma4,0.5,147,1143005738640383446,1206,70,0,32,-2,205
32,gamma4,0.5,148,6470452287584905378,683,91,1,-32,9,205
32,gamma4,0.5,149,7326366635062125100,1380,106,-1,10,-32,265
32,gamma4,0.5,150,5918841257916775077,577,55,0,-32,9,128
32,gamma4,0.5,151,4826397868352021007,4157,119,1,32,13,640
32,gamma4,0.5,152,1970664049851965412,222,76,2,-6,-32,103
32,gamma4,0.5,153,373429843114736247,893,71,0,32,-3,244
32,gamma4,0.5,154,2283704521247411310,772,70,-1,-32,-8,177
32,gamma4,0.5,155,7235612331493271710,2928,126,2,-16,32,447
32,gamma4,0.5,156,5921417279450230537,988,70,-2,-32,6,208
32,gamma4,0.5,157,8148458006027126888,1523,75,-2,-32,5,299
32,gamma4,0.5,158,2030264140598064607,4043,109,0,15,32,736
32,gamma4,0.5,159,4898044878555103810,1311,135,-2,32,5,291
32,gamma4,0.5,160,1537091953813317063,1525,77,1,23,32,229
32,gamma4,0.5,161,9094247388550625150,1781,185,-2,32,-3,419
32,gamma4,0.5,162,3371597048100838280,878,98,-1,-2,-32,228
32,gamma4,0.5,163,4197926782717448798,4052,158,0,-28,32,521
32,gamma4,0.5,164,7405270608770146671,525,75,-1,-1,-32,150
32,gamma4,0.5,165,1135890353942261448,1090,94,-3,-32,-14,288
32,gamma4,0.5,166,645423324024959162,129,59,-1,-11,-32,74
32,gamma4,0.5,167,5932348424308830477,2862,78,0,-14,32,451
32,gamma4,0.5,168,6035430845030836010,1811,103,2,-32,23,403
32,gamma4,0.5,169,7971319152571071370,2941,127,0,-13,32,450
32,gamma4,0.5,170,8197812362985885004,654,70,0,-16,-32,115
32,gamma4,0.5,171,1612433668997151219,1846,78,0,-32,-18,278
32,gamma4,0.5,172,5422094601906835305,863,109,-1,-32,21,243
32,gamma4,0.5,173,6121365688183170956,1417,113,1,5,32,353
32,gamma4,0.5,174,4981714983286297911,2519,137,1,-17,-32,398
32,gamma4,0.5,175,5884944525128705230,1595,71,-1,-3,-32,244
32,gamma4,0.5,176,3709515909285110499,1768,84,-1,32,24,281
32,gamma4,0.5,177,2813154663112154115,2720,92,0,6,-32,410
32,gamma4,0.5,178,8513216859494594165,2023,81,0,25,-32,186
32,gamma4,0.5,179,1295308722924903436,4718,114,-1,-4,-32,548
32,gamma4,0.5,180,1786153241871652768,1059,95,0,32,-19,263
32,gamma4,0.5,181,6547409044688196462,617,89,0,32,15,150
32,gamma4,0.5,182,3377840767209483376,2670,112,-4,-32,-8,420
32,gamma4,0.5,183,4306612795635687318,1014,116,0,32,-6,266
32,gamma4,0.5,184,5490010945998119243,2187,107,0,32,29,564
32,gamma4,0.5,185,4715017437549877777,6047,157,-3,-32,3,771
32,gamma4,0.5,186,7260943867635034453,1262,62,1,8,-32,263
32,gamma4,0.5,187,6682154953651427206,1422,98,1,32,-18,297
32,gamma4,0.5,188,9155267599155017392,2140,70,-1,-12,32,307
32,gamma4,0.5,189,1986823508627795181,3343,89,2,25,32,395
32,gamma4,0.5,190,4720115212287564727,1872,84,0,12,32,494
32,gamma4,0.5,191,7676168658502684884,1381,91,-2,32,11,267
32,gamma4,0.5,192,381284763551005778,3539,171,-1,32,21,534
32,gamma4,0.5,193,5086486966328437349,8243,169,1,-27,-32,985
32,gamma4,0.5,194,2537969308481737521,1012,136,1,-32,24,224
32,gamma4,0.5,195,695427130756797324,1495,71,0,-32,5,346
32,gamma4,0.5,196,6938938149346032843,1202,86,0,2,-32,274
32,gamma4,0.5,197,5022655644316910223,739,73,2,-32,-11,207
32,gamma4,0.5,198,3560745733337589748,712,90,0,14,32,240
32,gamma4,0.5,199,7554335795393446958,455,73,2,-5,32,136
32,gamma4,0.5,200,591993013776597200,1282,74,2,32,8,225
32,gamma4,0.5,201,1716146651665878255,2342,106,2,32,-16,455
32,gamma4,0.5,202,6066512429671625384,1846,210,3,32,4,519
32,gamma4,0.5,203,8224877956120982763,996,74,-1,32,6,233
32,gamma4,0.5,204,5688261432128656093,3492,74,-1,32,2,650
32,gamma4,0.5,205,2958598667399791317,1938,96,-2,-2,32,265
32,gamma4,0.5,206,3090318005918118520,1747,105,-3,23,-32,353
32,gamma4,0.5,207,1476015102654198499,1161,75,-2,32,-3,229
32,gamma4,0.5,208,8408717509738906292,982,86,2,32,-18,194
32,gamma4,0.5,209,1142330337479052724,2537,103,1,32,-1,295
32,gamma4,0.5,210,7287891973584702411,2275,105,0,7,32,508
32,gamma4,0.5,211,1677207622826532463,5163,83,1,-32,-17,671
32,gamma4,0.5,212,4424744182814042221,438,74,-2,32,-4,116
32,gamma4,0.5,213,279184734145617984,1439,91,1,-13,32,332
32,gamma4,0.5,214,2721887573182459706,3184,144,0,32,20,628
32,gamma4,0.5,215,37961773898137243,785,61,-1,-7,32,157
32,gamma4,0.5,216,6189050211555312507,2395,97,3,32,-15,418
32,gamma4,0.5,217,4802916580737440962,485,63,0,-7,32,137
32,gamma4,0.5,218,793045110246112548,1057,97,-1,32,17,231
32,gamma4,0.5,219,5912091138410762186,3130,96,0,-30,-32,504
32,gamma4,0.5,220,7400157559291107960,342,66,1,32,-2,106
32,gamma4,0.5,221,4690490525242584442,574,86,0,6,-32,162
32,gamma4,0.5,222,8535771461452834437,760,68,1,10,32,161
32,gamma4,0.5,223,2344497222613137656,1172,94,3,32,-4,225
32,gamma4,0.5,224,8620086703360544792,6258,100,2,24,-32,783
32,gamma4,0.5,225,6733276957444314561,5397,79,-2,-11,32,880
32,gamma4,0.5,226,3552504972969709399,352,78,0,32,12,119
32,gamma4,0.5,227,2215350753166035996,549,65,-1,-5,-32,119
32,gamma4,0.5,228,6650517478920565182,2040,132,-1,-2,32,470
32,gamma4,0.5,229,4215336770391965687,3782,134,-4,-32,12,555
32,gamma4,0.5,230,4434625970480731108,862,90,-1,-32,-6,215
32,gamma4,0.5,231,1443111780082714299,611,93,1,-32,-19,205
32,gamma4,0.5,232,2707842979823508588,979,63,-1,32,15,238
32,gamma4,0.5,233,7912907638012682747,903,79,1,-21,-32,243
32,gamma4,0.5,234,3365546373608571035,2575,133,1,15,-32,482
32,gamma4,0.5,235,6019310711592108241,1248,74,2,4,-32,339
32,gamma4,0.5,236,6555311005773075261,1854,106,-2,12,-32,322
32,gamma4,0.5,237,5360996933694038672,848,82,0,14,32,234
32,gamma4,0.5,238,4142534767817335642,2061,127,-3,-32,-17,328
32,gamma4,0.5,239,7957216884989016187,3059,173,3,21,32,518
32,gamma4,0.5,240,5361935766410455323,1730,96,-2,-32,10,263
32,gamma4,0.5,241,6859479893817410350,672,88,3,2,-32,175
32,gamma4,0.5,242,1310003390096696309,521,121,1,17,32,179
32,gamma4,0.5,243,2113325191522346803,6841,75,2,-9,32,737
32,gamma4,0.5,244,1221789932631780842,599,77,-1,-5,32,179
32,gamma4,0.5,245,329069261508514574,2253,101,-1,-32,-3,417
32,gamma4,0.5,246,3626824636349809654,857,89,1,32,-19,206
32,gamma4,0.5,247,8125709592315992694,1001,97,-1,25,-32,296
32,gamma4,0.5,248,2900022223714455073,545,67,1,-1,-32,142
32,gamma4,0.5,249,1257510263599496595,1174,72,-1,-18,32,203
32,gamma4,0.5,250,7695819744469704805,635,61,-1,9,-32,148
32,gamma4,0.5,251,2931696026460582880,690,110,1,12,32,204
32,gamma4,0.5,252,306049017048637540,1444,76,-1,-12,32,271
32,gamma4,0.5,253,7541603407842451216,496,68,-1,32,26,165
32,gamma4,0.5,254,2998697053131422562,789,77,0,-5,-32,179
32,gamma4,0.5,255,3314355598598032288,476,76,0,-32,-10,156
32,gamma4,0.5,256,4824542027481850104,2134,132,-2,-14,32,343
32,gamma4,0.5,257,5064414335847642045,919,147,2,-32,-5,278
32,gamma4,0.5,258,8468190748947731258,1313,125,1,-32,-21,278
32,gamma4,0.5,259,3817863743746831938,894,94,0,-32,24,187
32,gamma4,0.5,260,2961192270060566396,1218,122,0,18,-32,283
32,gamma4,0.5,261,1329311083449004944,1533,89,-2,-17,32,331
32,gamma4,0.5,262,9148570394011232991,598,86,0,-32,-24,168
32,gamma4,0.5,263,6090769041157424839,2022,108,0,-32,14,333
32,gamma4,0.5,264,4503043498077851395,998,90,0,-32,-4,229
32,gamma4,0.5,265,7069064705682763709,2314,120,-1,22,-32,398
32,gamma4,0.5,266,4428448237008963094,657,77,1,-32,-9,169
32,gamma4,0.5,267,8586339752891707037,988,106,-3,-10,32,283
32,gamma4,0.5,268,638772457018720895,240,72,-1,-32,-18,123
32,gamma4,0.5,269,7753605922750465898,2136,86,-1,-32,4,423
32,gamma4,0.5,270,1550963560926154864,597,93,2,11,32,209
32,gamma4,0.5,271,4262342938973750806,4768,114,1,-32,6,406
32,gamma4,0.5,272,555961077554546188,1102,110,0,32,-22,267
32,gamma4,0.5,273,1389340175343570403,3214,78,4,-10,-32,411
32,gamma4,0.5,274,5047529207369177777,1736,136,-3,0,32,397
32,gamma4,0.5,275,4440448914623771928,2058,106,-2,32,-16,322
32,gamma4,0.5,276,8290712545870179262,945,97,2,32,-17,245
32,gamma4,0.5,277,2463456806161290783,4108,180,-3,-32,-12,562
32,gamma4,0.5,278,7070873873870249577,5859,97,2,13,-32,608
32,gamma4,0.5,279,7695342395690192277,779,61,-1,1,32,151
32,gamma4,0.5,280,9110763059935497670,2542,130,1,-32,20,361
32,gamma4,0.5,281,6739426775900171401,1172,84,-2,-14,-32,291
32,gamma4,0.5,282,7227341310378865491,527,85,1,-32,21,171
32,gamma4,0.5,283,5155709173991846196,488,84,0,-32,6,134
32,gamma4,0.5,284,157660013517942500,3062,92,5,32,-18,484
32,gamma4,0.5,285,4800431225958061578,1193,113,-1,32,13,209
32,gamma4,0.5,286,5653605104821394950,3730,94,2,32,22,528
32,gamma4,0.5,287,495953963563650875,946,118,2,6,-32,261
32,gamma4,0.5,288,6957055416630674603,518,90,1,-32,2,186
32,gamma4,0.5,289,3177977040095028019,421,85,1,15,32,132
32,gamma4,0.5,290,1074562790690592103,580,86,0,-32,2,159
32,gamma4,0.5,291,2748364269018516503,857,77,-2,-1,-32,266
32,gamma4,0.5,292,1329623174169563138,563,71,1,32,-27,149
32,gamma4,0.5,293,1383325217845063263,2303,67,2,32,3,438
32,gamma4,0.5,294,4199763383153560827,1460,84,0,-32,18,276
32,gamma4,0.5,295,112726212545890126,472,82,1,-32,18,147
32,gamma4,0.5,296,5966002536818718412,783,123,1,-17,-32,255
32,gamma4,0.5,297,5509507759478347092,1174,96,-3,6,-32,256
32,gamma4,0.5,298,8351899166934760282,560,80,-1,32,14,148
32,gamma4,0.5,299,3447331534772856632,3681,157,-2,11,-32,508
32,gamma4,0.5,300,663784997508084503,2659,109,0,29,-32,431
32,gamma4,0.5,301,4477729515408870900,459,65,0,-32,5,127
32,gamma4,0.5,302,599890361991768359,2311,103,2,-11,32,407
32,gamma4,0.5,303,2582773602309670178,6885,117,-1,-32,-9,687
32,gamma4,0.5,304,3207479150713533537,1674,136,-1,-14,32,389
32,gamma4,0.5,305,975297656235574428,1594,110,2,8,32,241
32,gamma4,0.5,306,342563116958041604,1015,93,1,32,-23,232
32,gamma4,0.5,307,2975971629749541702,435,85,0,-11,-32,155
32,gamma4,0.5,308,8144502154604226925,548,86,0,-32,26,160
32,gamma4,0.5,309,5104647214209048270,4852,86,0,-14,32,550
32,gamma4,0.5,310,4252560219018955997,6264,64,1,-32,2,618
32,gamma4,0.5,311,3078697991559401405,3763,107,-2,-7,-32,536
32,gamma4,0.5,312,5379426330705151954,1211,93,1,32,-3,265
32,gamma4,0.5,313,4750713859117550500,1667,129,0,-1,32,366
32,gamma4,0.5,314,6583998724379537593,10076,98,-1,-20,32,692
32,gamma4,0.5,315,8120105792122041520,2212,102,0,-2,32,410
32,gamma4,0.5,316,4015621727614337002,3043,133,1,-17,32,437
32,gamma4,0.5,317,9077624309693602243,2263,93,0,23,32,440
32,gamma4,0.5,318,7320735399203456941,943,85,0,32,-3,215
32,gamma4,0.5,319,6303857112429144902,602,120,1,-32,-24,188
32,gamma4,0.5,320,3266721075399632840,6273,59,-2,32,1,433
32,gamma4,0.5,321,7511032473343638753,1342,74,1,-32,-12,306
32,gamma4,0.5,322,4252481889479064777,3987,91,3,32,-9,556
32,gamma4,0.5,323,5775427179220002485,2507,111,0,32,-29,372
32,gamma4,0.5,324,3879821960858639679,842,86,2,-32,-22,185
32,gamma4,0.5,325,2279800766040345938,2817,65,1,1,32,316
32,gamma4,0.5,326,6994259036896425286,1165,109,-1,-32,11,226
32,gamma4,0.5,327,8411381490945739301,5648,142,-5,32,8,818
32,gamma4,0.5,328,772644441743683303,502,110,-1,-32,-14,158
32,gamma4,0.5,329,3514891540296984658,1618,160,1,-32,-28,392
32,gamma4,0.5,330,277505996348738231,12172,212,3,-6,-32,1047
32,gamma4,0.5,331,1499817123213930867,2090,104,1,-32,8,408
32,gamma4,0.5,332,7232952888851949164,2186,138,2,-10,-32,428
32,gamma4,0.5,333,8298528468346361277,795,89,-1,-13,-32,219
32,gamma4,0.5,334,3285268715982057809,2011,91,-1,32,-5,329
32,gamma4,0.5,335,185631500384591142,1556,84,2,10,32,205
32,gamma4,0.5,336,2756283892111755696,4120,116,1,0,32,432
32,gamma4,0.5,337,9087245684263588896,1154,78,2,18,-32,295
32,gamma4,0.5,338,1686137425677248051,3382,74,0,10,32,508
32,gamma4,0.5,339,8152974217959364303,3493,87,0,-9,32,495
32,gamma4,0.5,340,5449506720529564334,5243,67,1,32,-5,356
32,gamma4,0.5,341,2292392847600241468,663,83,1,19,32,175
32,gamma4,0.5,342,1850843043025760030,718,100,1,10,-32,199
32,gamma4,0.5,343,1312392271573541661,424,76,-2,-32,2,134
32,gamma4,0.5,344,8528955742363483016,1514,106,-1,-32,0,216
32,gamma4,0.5,345,239925339725846160,624,68,2,32,12,164
32,gamma4,0.5,346,8526122438084940255,1028,92,1,32,-2,161
32,gamma4,0.5,347,591109143937064598,203,55,0,-3,-32,93
32,gamma4,0.5,348,4791429708070117051,646,92,-2,-32,26,202
32,gamma4,0.5,349,2808744397819032240,4192,90,1,-32,16,555
32,gamma4,0.5,350,6620091661204601006,1517,125,0,21,-32,292
32,gamma4,0.5,351,1303474494772586566,2223,161,1,-15,32,439
32,gamma4,0.5,352,5804810391351846415,1095,89,1,32,-21,215
32,gamma4,0.5,353,8800281653073611496,360,52,0,2,32,109
32,gamma4,0.5,354,9090999711333439705,1475,99,-1,-5,32,338
32,gamma4,0.5,355,4794784709276101204,1067,81,1,-32,7,240
32,gamma4,0.5,356,6666515514735642343,380,58,2,-32,10,127
32,gamma4,0.5,357,2961270656953501209,4437,77,-1,11,-32,612
32,gamma4,0.5,358,6994077955398543837,583,65,-1,-1,32,194
32,gamma4,0.5,359,3978027650528328265,974,116,1,-20,-32,250
32,gamma4,0.5,360,5644265508975494444,2503,89,1,-29,32,299
32,gamma4,0.5,361,1342104647791759380,3210,146,-2,12,-32,498
32,gamma4,0.5,362,7119073560936441952,1217,143,-2,32,-13,271
32,gamma4,0.5,363,6863190016130867994,5759,197,-4,13,-32,879
32,gamma4,0.5,364,730149979119252258,1345,79,-3,32,19,264
32,gamma4,0.5,365,2531344914568559434,2151,91,-3,-32,-5,347
32,gamma4,0.5,366,2919753912084915337,1975,93,1,32,7,273
32,gamma4,0.5,367,1668448429075740986,2434,100,-2,32,2,283
32,gamma4,0.5,368,255282045644077122,4084,62,0,-12,32,515
32,gamma4,0.5,369,4933774449925078202,503,77,0,32,-3,134
32,gamma4,0.5,370,4051686982909562050,2007,175,-2,-32,-23,480
32,gamma4,0.5,371,8170793021938653291,2778,86,0,16,-32,350
32,gamma4,0.5,372,1436045236739173418,1439,161,2,-32,5,419
32,gamma4,0.5,373,2377832095063098387,4602,58,0,-2,-32,661
32,gamma4,0.5,374,6824057907462248071,1451,81,3,32,9,297
32,gamma4,0.5,375,2812035550021164376,718,104,1,4,32,206
32,gamma4,0.5,376,8333177671351347430,656,106,1,22,-32,205
32,gamma4,0.5,377,9080688218883036914,3934,90,-2,32,18,369
32,gamma4,0.5,378,300026894029707597,1142,118,2,-4,-32,317
32,gamma4,0.5,379,1632505551866096127,6132,74,0,10,32,482
32,gamma4,0.5,380,4191555484471763336,1150,100,1,2,-32,304
32,gamma4,0.5,381,5825576029700429047,3027,181,-2,29,32,601
32,gamma4,0.5,382,3767377130411042600,424,64,-1,-12,32,106
32,gamma4,0.5,383,6260843606928699698,1817,119,3,3,32,336
32,gamma4,0.5,384,7761649712254978781,519,97,-2,-32,-19,173
32,gamma4,0.5,385,2192302224817613127,1314,118,-1,-32,10,307
32,gamma4,0.5,386,3162789879137251928,3697,147,1,-29,32,499
32,gamma4,0.5,387,8404420599821904420,592,74,-1,24,-32,146
32,gamma4,0.5,388,4009409531089127780,945,81,0,-32,-7,251
32,gamma4,0.5,389,6748698918062631802,8319,85,1,-11,32,832
32,gamma4,0.5,390,2654876273870933879,517,57,-1,32,3,154
32,gamma4,0.5,391,2773079323565812686,2931,123,-2,-32,-11,468
32,gamma4,0.5,392,2729030760951710857,729,107,4,13,32,196
32,gamma4,0.5,393,8686443031846293752,2571,139,2,32,19,480
32,gamma4,0.5,394,6031129073636095553,2293,93,1,-23,32,415
32,gamma4,0.5,395,7576089867447533271,2276,88,0,-32,-8,389
32,gamma4,0.5,396,4547947487918367564,1087,95,1,-9,-32,208
32,gamma4,0.5,397,3664004158291143201,10078,94,-3,16,-32,947
32,gamma4,0.5,398,9063204241265357990,8586,82,0,32,2,757
32,gamma4,0.5,399,6405594092235803257,5105,153,2,-13,-32,795
32,gamma4,0.5,400,6148638601145060229,1852,168,2,18,-32,447
32,gamma4,0.5,401,587071475075741281,1149,117,2,-15,-32,301
32,gamma4,0.5,402,3086145794793088099,1700,96,1,32,20,347
32,gamma4,0.5,403,2700895515009129097,1498,100,0,2,-32,200
32,gamma4,0.5,404,2206049561657849560,420,64,0,12,-32,124
32,gamma4,0.5,405,7492945209750686617,1021,79,0,-32,-11,196
32,gamma4,0.5,406,3809706938729652312,2246,210,2,32,2,532
32,gamma4,0.5,407,1296102444499010170,2107,91,3,-5,32,327
32,gamma4,0.5,408,5005752112041960187,2936,128,3,26,32,580
32,gamma4,0.5,409,2877851516392351352,2848,74,0,-32,2,568
32,gamma4,0.5,410,8822406982292957041,5611,89,1,5,-32,690
32,gamma4,0.5,411,1550169597154695197,2900,174,0,32,26,557
32,gamma4,0.5,412,639035893448389050,738,84,0,0,32,194
32,gamma4,0.5,413,4405115975066082769,1988,118,1,-24,-32,527
32,gamma4,0.5,414,2416899545040834247,602,70,0,32,6,160
32,gamma4,0.5,415,5132073885578542210,4041,93,-1,-32,5,634
32,gamma4,0.5,416,4457414041353165990,1664,126,0,10,-32,323
32,gamma4,0.5,417,3660660524781932457,663,81,2,11,32,153
32,gamma4,0.5,418,7376436021903943642,456,78,1,-32,16,152
32,gamma4,0.5,419,3459510080919874599,1831,89,0,-32,-29,353
32,gamma4,0.5,420,4144025374629088166,2516,148,-2,-14,-32,381
32,gamma4,0.5,421,794820354417645215,981,129,-1,32,-29,230
32,gamma4,0.5,422,3319057957522393460,1742,104,0,-32,0,389
32,gamma4,0.5,423,8224685533645375091,1887,81,0,-32,15,406
32,gamma4,0.5,424,4724154848963136556,651,75,1,-9,-32,187
32,gamma4,0.5,425,2972724124333203122,1568,156,3,-2,-32,353
32,gamma4,0.5,426,7119371392671041401,4101,101,0,-32,-3,349
32,gamma4,0.5,427,2911672955999145070,4451,89,-1,32,5,335
32,gamma4,0.5,428,3782714727428697610,789,97,0,11,32,216
32,gamma4,0.5,429,6390231519037266522,1175,105,1,-15,32,263
32,gamma4,0.5,430,3049559253090614593,2472,124,4,-12,-32,394
32,gamma4,0.5,431,4829080229811735171,1963,59,1,9,32,410
32,gamma4,0.5,432,6281668252979120975,2495,65,1,9,-32,406
32,gamma4,0.5,433,9109597157188187688,1708,86,0,-8,-32,250
32,gamma4,0.5,434,5658031493225153317,1671,65,-1,-3,32,300
32,gamma4,0.5,435,2896072291938710438,927,87,0,-3,32,198
32,gamma4,0.5,436,8241207572351130479,1613,89,0,-32,-3,259
32,gamma4,0.5,437,2552353004646806537,1000,82,1,32,8,144
32,gamma4,0.5,438,4685939160591389504,1282,154,2,32,-2,304
32,gamma4,0.5,439,5315497849680512201,1623,135,1,32,-19,295
32,gamma4,0.5,440,2618437307856677777,1596,138,1,8,32,362
32,gamma4,0.5,441,8681159245830829783,3520,74,1,32,14,655
32,gamma4,0.5,442,6856863921363074351,4951,101,3,13,32,629
32,gamma4,0.5,443,2636305846794838037,335,59,0,-32,1,114
32,gamma4,0.5,444,738474126301443986,1938,120,-2,6,-32,432
32,gamma4,0.5,445,6508646652631133947,1098,80,1,-32,0,220
32,gamma4,0.5,446,4769550583813513676,2705,61,3,32,-3,544
32,gamma4,0.5,447,5112545182413800201,3932,90,-2,-32,-16,372
32,gamma4,0.5,448,6759455301662829828,1742,118,-2,32,0,281
32,gamma4,0.5,449,8869211244591019406,439,67,0,-1,32,116
32,gamma4,0.5,450,3766556388577043096,756,86,0,32,26,194
32,gamma4,0.5,451,6093519285862661382,1682,62,0,-32,-10,248
32,gamma4,0.5,452,3458714795088697117,2231,133,-1,-32,15,443
32,gamma4,0.5,453,6664047059268007640,3845,147,2,-17,-32,535
32,gamma4,0.5,454,7991677288946522348,3418,98,0,0,32,399
32,gamma4,0.5,455,987623808483080620,428,66,1,-32,-10,157
32,gamma4,0.5,456,4533680110624237868,741,53,0,-32,-3,160
32,gamma4,0.5,457,6394649559159654645,1046,106,-1,6,-32,260
32,gamma4,0.5,458,4087058661202888321,712,52,0,-32,-2,186
32,gamma4,0.5,459,1060166355665240466,1226,134,0,-12,-32,244
32,gamma4,0.5,460,6564022541041366951,5790,64,2,20,32,781
32,gamma4,0.5,461,5676211080981276674,628,82,2,-32,-2,182
32,gamma4,0.5,462,5851564354221374098,624,80,0,-32,-24,155
32,gamma4,0.5,463,6330567547332875038,1154,88,1,32,-2,214
32,gamma4,0.5,464,279203799946223644,747,81,0,-13,32,199
32,gamma4,0.5,465,8868366331027442785,1015,105,1,-19,-32,271
32,gamma4,0.5,466,3312762968012079572,5829,169,3,9,32,764
32,gamma4,0.5,467,1410531271694013645,1512,72,-1,-32,0,185
32,gamma4,0.5,468,7516500970969893423,786,80,0,32,0,184
32,gamma4,0.5,469,2889011244606960455,2117,105,0,29,32,468
32,gamma4,0.5,470,6632175774416063428,943,77,-1,32,-5,209
32,gamma4,0.5,471,8769393948818357434,878,122,0,8,-32,228
32,gamma4,0.5,472,3966402175351764531,635,99,-2,32,15,178
32,gamma4,0.5,473,6269742505170495756,1569,71,0,1,-32,344
32,gamma4,0.5,474,7466589837627097987,1092,80,-1,32,4,220
32,gamma4,0.5,475,7768033138679085029,561,87,1,32,-25,192
32,gamma4,0.5,476,8477291022213792507,1041,65,-1,-9,32,250
32,gamma4,0.5,477,7399463240741854954,1008,68,0,-6,-32,309
32,gamma4,0.5,478,2022202849172168189,2369,103,0,-1,-32,335
32,gamma4,0.5,479,6779307359127972825,1076,96,2,24,-32,227
32,gamma4,0.5,480,8549662387567713941,3201,69,0,-32,5,459
32,gamma4,0.5,481,9025963498341268978,10835,93,1,25,32,685
32,gamma4,0.5,482,8657028620962785795,1412,142,-4,-32,-16,366
32,gamma4,0.5,483,9192327798226045093,1703,137,1,-32,13,343
32,gamma4,0.5,484,4503936218374394271,504,80,-1,-24,-32,159
32,gamma4,0.5,485,8734258501611466635,6965,79,1,11,-32,612
32,gamma4,0.5,486,5407503657382103893,593,73,0,32,-11,149
32,gamma4,0.5,487,5569311758231551807,1572,72,-1,10,-32,232
32,gamma4,0.5,488,7232721404226468848,1271,153,-4,-23,-32,301
32,gamma4,0.5,489,383842209728779931,582,74,1,16,32,148
32,gamma4,0.5,490,5081213736665563602,1120,80,1,-32,-18,197
32,gamma4,0.5,491,3456947473269739180,3093,119,-1,31,-32,519
32,gamma4,0.5,492,6379255988654736705,1638,90,-2,12,-32,325
32,gamma4,0.5,493,4953900529906495030,2205,67,-1,-32,5,183
32,gamma4,0.5,494,7476099375578255314,3100,62,-1,10,32,219
32,gamma4,0.5,495,5314399838888453988,2961,85,4,32,-1,449
32,gamma4,0.5,496,7134435094215434302,1777,105,-2,3,-32,380
32,gamma4,0.5,497,2803201708153244858,897,115,2,-32,7,267
32,gamma4,0.5,498,1923467914288655770,2423,95,1,-32,21,446
32,gamma4,0.5,499,8837371925985189405,817,75,1,-7,32,205
32,gamma4,0.5,500,5845488689036987586,1461,75,0,-32,-7,289
32,gamma4,0.5,501,1096944790718305740,4414,64,-2,2,32,637
32,gamma4,0.5,502,1562481935888726521,672,106,3,-32,2,180
32,gamma4,0.5,503,8880078942763670471,998,100,-1,32,-28,218
32,gamma4,0.5,504,1357866968282444867,1039,125,-2,-21,-32,276
32,gamma4,0.5,505,7546795147875329323,4217,117,1,-32,-9,663
32,gamma4,0.5,506,6042529565120358271,302,82,1,32,-14,116
32,gamma4,0.5,507,8226986254187904988,1064,58,0,32,-2,295
32,gamma4,0.5,508,6921768593356653997,11174,116,-2,32,-4,839
32,gamma4,0.5,509,9138722706494201065,796,74,0,32,-2,221
32,gamma4,0.5,510,3327471789604530035,2808,130,1,32,22,526
32,gamma4,0.5,511,6157796673635457124,1344,126,2,-32,26,301
32,gamma4,0.5,512,8680218480397389964,862,78,1,-6,32,165
32,gamma4,0.5,513,7841115306838892601,4014,146,3,-14,-32,621
32,gamma4,0.5,514,9064405182612249909,1263,83,-1,32,3,319
32,gamma4,0.5,515,8472063078060199293,4157,89,-1,-21,-32,793
32,gamma4,0.5,516,6541299331275838922,3394,134,-1,10,-32,423
32,gamma4,0.5,517,4960095556090003105,474,90,1,32,16,152
32,gamma4,0.5,518,8074265096034292165,4399,129,2,-32,17,757
32,gamma4,0.5,519,9055211685255927876,1605,109,0,-32,5,264
32,gamma4,0.5,520,8680098237568981714,1399,87,3,32,-5,232
32,gamma4,0.5,521,1145081876468657474,545,89,1,32,-7,144
32,gamma4,0.5,522,4775799569446435713,859,89,0,11,-32,175
32,gamma4,0.5,523,2530584100006246485,994,66,0,-12,-32,203
32,gamma4,0.5,524,4748907151035922984,2147,91,-1,11,32,283
32,gamma4,0.5,525,6709805620511093162,970,98,-1,32,26,279
32,gamma4,0.5,526,2347633134811285936,1158,100,-2,32,14,233
32,gamma4,0.5,527,5503067871083318256,1330,108,-1,30,-32,326
32,gamma4,0.5,528,62467942245525242,2328,100,1,-32,-22,436
32,gamma4,0.5,529,8998863324485114441,1458,102,-3,-32,-20,267
32,gamma4,0.5,530,3524533684273026906,1063,69,2,7,32,229
32,gamma4,0.5,531,5854541331760690639,1212,64,0,-32,0,181
32,gamma4,0.5,532,1266781988493516523,11279,93,0,32,9,932
32,gamma4,0.5,533,2493359135931264638,994,82,2,-32,10,200
32,gamma4,0.5,534,291739605528562832,679,87,0,32,11,182
32,gamma4,0.5,535,515529644326430307,2796,104,1,22,32,355
32,gamma4,0.5,536,7422181916541424345,1998,100,3,6,32,370
32,gamma4,0.5,537,8023532511386293914,3032,92,-1,8,32,542
32,gamma4,0.5,538,4753991828232626377,285,89,0,3,32,117
32,gamma4,0.5,539,3551650415776128353,1935,105,-1,-17,-32,384
32,gamma4,0.5,540,6746828910371463250,1099,71,-1,-32,-11,222
32,gamma4,0.5,541,7072228733636589489,1121,109,-1,-13,-32,221
32,gamma4,0.5,542,7508492960743935351,692,96,-1,-4,32,186
32,gamma4,0.5,543,21505901281416541,915,111,1,-5,-32,240
32,gamma4,0.5,544,7674552375059221077,947,91,1,-32,3,221
32,gamma4,0.5,545,1345488224605323479,412,74,0,-32,-14,163
32,gamma4,0.5,546,5653671515816008395,1283,125,-3,-32,-25,348
32,gamma4,0.5,547,250850731529623222,779,81,-2,-19,32,164
32,gamma4,0.5,548,5955636527828654012,4954,122,4,32,14,682
32,gamma4,0.5,549,8552938730640003753,3138,92,2,12,-32,407
32,gamma4,0.5,550,2422066299228609028,3663,113,0,-32,5,457
32,gamma4,0.5,551,5845440112156963402,2643,209,-4,-13,32,424
32,gamma4,0.5,552,1287839252978342266,2126,122,-1,-32,12,353
32,gamma4,0.5,553,5705293506092383495,3548,86,-4,-2,32,225
32,gamma4,0.5,554,7475189050546872195,358,58,0,0,-32,133
32,gamma4,0.5,555,671610912854363570,1702,84,2,-26,-32,246
32,gamma4,0.5,556,5334228248223552051,1268,86,0,-16,32,280
32,gamma4,0.5,557,1229081920034184538,481,65,-3,-3,32,142
32,gamma4,0.5,558,8518706147441604548,1392,136,1,32,-12,329
32,gamma4,0.5,559,8234072440419638618,399,73,-2,-32,-9,131
32,gamma4,0.5,560,1411947921512774941,1205,137,0,32,-5,288
32,gamma4,0.5,561,2684611067857002645,1690,136,-2,-32,-10,347
32,gamma4,0.5,562,1570358279571868828,468,76,1,-32,4,167
32,gamma4,0.5,563,7249238758706575764,1229,93,1,-15,-32,214
32,gamma4,0.5,564,8773403975660261487,3381,157,-1,32,23,524
32,gamma4,0.5,565,1602098144074938292,1977,121,0,-32,27,429
32,gamma4,0.5,566,6500343366886418945,419,81,2,-32,17,156
32,gamma4,0.5,567,4848968606654392386,905,85,0,-1,32,231
32,gamma4,0.5,568,9043002035843951920,523,77,0,-32,1,194
32,gamma4,0.5,569,1239544027275041061,2064,170,0,-32,0,440
32,gamma4,0.5,570,5805347342058243045,2500,160,1,-32,26,486
32,gamma4,0.5,571,2203982032481481335,2623,89,0,9,32,464
32,gamma4,0.5,572,5185809048135033451,590,84,0,-32,2,186
32,gamma4,0.5,573,7826947610500213855,1005,57,0,-32,11,247
32,gamma4,0.5,574,6525392285624863781,625,67,0,32,9,195
32,gamma4,0.5,575,2299570152193618330,2590,100,1,32,18,292
32,gamma4,0.5,576,4303236772537320985,705,85,1,25,32,180
32,gamma4,0.5,577,5915770877310644613,1289,73,2,-19,-32,194
32,gamma4,0.5,578,7192333552729213819,1029,101,-2,9,-32,247
32,gamma4,0.5,579,312058727872264280,2680,66,0,32,12,385
32,gamma4,0.5,580,7106758605880877049,3795,85,0,32,-5,294
32,gamma4,0.5,581,8011217657950315465,834,76,0,-20,32,205
32,gamma4,0.5,582,179041890660552721,1263,103,-3,15,-32,255
32,gamma4,0.5,583,5370857009264285897,1954,70,0,32,16,279
32,gamma4,0.5,584,8150901228912473390,8312,72,1,4,-32,402
32,gamma4,0.5,585,1179274638419003679,1045,125,-1,13,-32,308
32,gamma4,0.5,586,4054771093961090371,703,47,0,32,-3,167
32,gamma4,0.5,587,7812727725369458729,5662,104,0,-8,32,793
32,gamma4,0.5,588,5747662807144044700,1774,148,0,-6,-32,462
32,gamma4,0.5,589,5830490867390817487,4044,86,0,-32,-22,436
32,gamma4,0.5,590,7689069177939700870,671,87,0,13,32,176
32,gamma4,0.5,591,5357324337877708556,3910,72,0,32,-6,710
32,gamma4,0.5,592,5720741139380083572,1192,82,0,32,0,271
32,gamma4,0.5,593,843152345113361639,791,125,0,5,32,206
32,gamma4,0.5,594,3126960589550138557,347,75,0,-32,-11,116
32,gamma4,0.5,595,1260927131020928897,1555,91,-2,-32,1,304
32,gamma4,0.5,596,2614114113156178695,603,103,0,-3,-32,249
32,gamma4,0.5,597,5096416497896234009,2003,207,0,-23,32,420
32,gamma4,0.5,598,8034082922100918535,725,127,3,-32,7,247
32,gamma4,0.5,599,3364042308547853154,1657,127,1,-32,15,343
32,gamma4,0.5,600,852494057664463206,1456,82,2,14,32,320
32,gamma4,0.5,601,5086386358735787939,3864,176,3,20,32,510
32,gamma4,0.5,602,1343899504136882662,831,91,2,9,-32,192
32,gamma4,0.5,603,4415702608527357876,1355,107,0,-32,-19,410
32,gamma4,0.5,604,8995119845637038269,894,76,2,16,32,188
32,gamma4,0.5,605,6378211665252668076,1057,111,-3,-32,-3,293
32,gamma4,0.5,606,837278540951446941,1089,107,3,-21,-32,297
32,gamma4,0.5,607,6415687936979255782,3167,93,2,32,-21,329
32,gamma4,0.5,608,5784213534306791889,4828,138,3,-22,-32,649
32,gamma4,0.5,609,7362956566231991660,2036,114,-3,-32,16,415
32,gamma4,0.5,610,8401026110574137007,3989,75,0,-11,-32,685
32,gamma4,0.5,611,5615502727443558005,943,89,-3,-3,-32,156
32,gamma4,0.5,612,7494671085519291168,1677,117,1,-32,-13,364
32,gamma4,0.5,613,2078401401527758219,4200,182,3,18,32,596
32,gamma4,0.5,614,1224498256843228036,292,62,0,32,-16,120
32,gamma4,0.5,615,7879121463377596109,820,70,0,2,-32,149
32,gamma4,0.5,616,4014424446349795257,1374,76,0,-4,-32,289
32,gamma4,0.5,617,2291600532066540249,2722,172,-1,-32,4,548
32,gamma4,0.5,618,410875030138957490,4034,148,-2,-22,-32,609
32,gamma4,0.5,619,6061333577591738441,1472,80,-1,16,-32,320
32,gamma4,0.5,620,4527371778823909366,3072,64,1,32,-8,579
32,gamma4,0.5,621,8744244292617545781,2302,76,1,32,-4,443
32,gamma4,0.5,622,1056816336231167769,1672,94,-1,-18,32,369
32,gamma4,0.5,623,3408391900642128302,462,60,0,-32,-8,135
32,gamma4,0.5,624,3800860434937672721,498,84,-1,-18,-32,148
32,gamma4,0.5,625,9022434172366086685,509,89,-1,32,-1,150
32,gamma4,0.5,626,4570719195859125172,2910,120,-1,-18,-32,523
32,gamma4,0.5,627,2351486394269488597,472,72,0,14,32,126
32,gamma4,0.5,628,9150561598399620486,641,83,-1,-7,-32,183
32,gamma4,0.5,629,1021658788391930578,1798,78,-1,12,-32,228
32,gamma4,0.5,630,5356752263060080822,1899,183,4,-32,-23,457
32,gamma4,0.5,631,6100145050643561892,1809,101,0,23,-32,220
32,gamma4,0.5,632,4607337666347346194,990,74,-3,32,12,260
32,gamma4,0.5,633,4754085993153146837,152,66,-1,0,32,78
32,gamma4,0.5,634,5257257830372857383,3732,88,-1,32,10,432
32,gamma4,0.5,635,5800363394261285574,7358,106,-1,-14,-32,776
32,gamma4,0.5,636,8652044659099703047,1064,104,-3,6,-32,222
32,gamma4,0.5,637,6197111890958179639,780,98,0,-32,-12,266
32,gamma4,0.5,638,9135937723016380337,551,77,0,-13,-32,162
32,gamma4,0.5,639,3457238391577997967,1136,78,2,18,32,206
32,gamma4,0.5,640,5417934552885998879,1520,76,0,32,6,205
32,gamma4,0.5,641,7630742481476605834,4241,83,-1,-32,19,320
32,gamma4,0.5,642,9047920705446896430,3773,107,-1,-7,32,810
32,gamma4,0.5,643,6447119226358540802,1399,135,2,-13,-32,341
32,gamma4,0.5,644,6088512286386468239,1341,119,-2,-29,32,310
32,gamma4,0.5,645,5797999068895001830,409,73,0,3,-32,155
32,gamma4,0.5,646,3258871091459477154,951,69,2,13,32,169
32,gamma4,0.5,647,1894097606989129426,1507,69,-2,13,-32,358
32,gamma4,0.5,648,6968142578032519278,502,78,-2,-12,32,152
32,gamma4,0.5,649,260569905162194176,1922,74,-1,32,-14,362
32,gamma4,0.5,650,4330021856444607405,3256,140,-3,-32,-26,568
32,gamma4,0.5,651,2942151262727368702,839,85,1,-32,-9,224
32,gamma4,0.5,652,7519786723128819266,2305,111,1,1,32,413
32,gamma4,0.5,653,6098690184837898585,1040,98,-1,-32,-22,201
32,gamma4,0.5,654,3345632827206838238,1412,144,0,32,14,352
32,gamma4,0.5,655,3903679531358639484,530,62,2,32,-6,150
32,gamma4,0.5,656,8622733478495773298,369,99,1,27,-32,158
32,gamma4,0.5,657,6795324922213841527,761,111,-1,-32,3,176
32,gamma4,0.5,658,6218430331239430201,945,127,-2,32,1,269
32,gamma4,0.5,659,2433030732990208690,913,73,1,-32,15,181
32,gamma4,0.5,660,7388350969465633711,2401,107,-1,-32,1,346
32,gamma4,0.5,661,2551592547777510525,2242,84,1,-2,32,342
32,gamma4,0.5,662,5125451444471776813,8963,115,2,17,-32,650
32,gamma4,0.5,663,6078275738688238420,2166,96,0,-32,-8,475
32,gamma4,0.5,664,2180347802340082759,1353,99,0,1,-32,225
32,gamma4,0.5,665,8681391862213312245,3586,58,2,0,32,490
32,gamma4,0.5,666,7204360615575892477,5931,265,1,-19,32,748
32,gamma4,0.5,667,6866407852768486983,1474,94,2,2,32,263
32,gamma4,0.5,668,8759154569590379058,4551,75,-2,3,32,643
32,gamma4,0.5,669,6533788942103749972,1031,93,-2,-13,-32,287
32,gamma4,0.5,670,7043675312939003055,3323,193,3,-23,32,483
32,gamma4,0.5,671,8630451044224631433,769,105,-1,-32,-21,229
32,gamma4,0.5,672,8873247709895498230,2483,109,1,32,13,408
32,gamma4,0.5,673,8549601332242901556,2816,66,1,32,-6,555
32,gamma4,0.5,674,4089266416309577307,3041,95,1,32,-21,499
32,gamma4,0.5,675,4696290773532312632,1607,101,-2,17,-32,313
32,gamma4,0.5,676,8471678253470541663,1070,146,-2,32,20,275
32,gamma4,0.5,677,9074476752903393583,1631,69,0,-7,32,233
32,gamma4,0.5,678,3410275725839873266,1655,171,0,11,32,439
32,gamma4,0.5,679,1750888209531901660,1473,109,0,32,-1,298
32,gamma4,0.5,680,5452176415900292273,1936,96,1,32,8,352
32,gamma4,0.5,681,1356355491027964715,1431,55,-2,-3,32,272
32,gamma4,0.5,682,4014297621376341814,1279,139,-1,32,17,331
32,gamma4,0.5,683,5617790648457379145,631,93,0,11,32,194
32,gamma4,0.5,684,3314479144952988170,4488,104,-1,-12,32,467
32,gamma4,0.5,685,2828825791854627617,2824,108,1,-32,-2,463
32,gamma4,0.5,686,2813782214113979764,2891,121,-1,-11,-32,438
32,gamma4,0.5,687,3894257399390130395,4588,116,1,4,32,642
32,gamma4,0.5,688,6333580224573302404,2096,76,0,32,-22,305
32,gamma4,0.5,689,248222614350028301,3592,64,0,-2,-32,525
32,gamma4,0.5,690,5253635406684067066,2888,138,1,32,-8,552
32,gamma4,0.5,691,2494361370216695630,992,112,-2,-32,30,255
32,gamma4,0.5,692,8681111032394749347,3032,106,2,32,14,456
32,gamma4,0.5,693,7146222659430747720,3565,113,2,32,3,472
32,gamma4,0.5,694,7049611870400105239,839,79,2,-17,-32,234
32,gamma4,0.5,695,7971083334437390932,980,68,-1,32,-6,219
32,gamma4,0.5,696,8988566112129557973,1025,79,0,-11,32,216
32,gamma4,0.5,697,3013364465734922213,5349,89,0,-32,9,433
32,gamma4,0.5,698,5573666411724911661,1189,69,0,-23,32,247
32,gamma4,0.5,699,5027453545975292925,762,102,2,-8,-32,207
64,gamma4,0.5,0,7751291320452336075,3659,341,0,33,-64,908
64,gamma4,0.5,1,849600489499283460,3611,217,0,64,3,626
64,gamma4,0.5,2,5445516877256230489,10045,251,-1,-51,64,1631
64,gamma4,0.5,3,7488051448449203322,5524,258,1,-64,-8,984
64,gamma4,0.5,4,5352622832263307198,1051,197,0,-15,64,416
64,gamma4,0.5,5,9158351894903856126,3956,270,1,-64,-34,842
64,gamma4,0.5,6,5430652169829647841,3615,223,0,64,23,789
64,gamma4,0.5,7,2263778675795051268,2058,164,2,4,-64,358
64,gamma4,0.5,8,4186774030716809251,1605,157,0,-9,64,390
64,gamma4,0.5,9,6638027916873369666,16775,237,1,-64,-11,1507
64,gamma4,0.5,10,9209412524139651406,5612,218,0,64,44,1171
64,gamma4,0.5,11,766930382269349855,5315,195,0,64,25,855
64,gamma4,0.5,12,1488938683935367552,7433,173,1,5,64,1276
64,gamma4,0.5,13,4140441134511213197,10651,187,3,7,64,1262
64,gamma4,0.5,14,4131710421510658137,14776,218,-4,-64,-18,2083
64,gamma4,0.5,15,4286681254895350104,6573,313,2,-31,-64,1107
64,gamma4,0.5,16,2505655477603789376,3243,215,-2,-64,5,541
64,gamma4,0.5,17,9075860552681502963,3120,214,2,-22,64,605
64,gamma4,0.5,18,5871164857929378776,7570,228,-1,-44,64,980
64,gamma4,0.5,19,420343883431718583,5873,177,-1,-29,64,546
64,gamma4,0.5,20,3403592037273529467,3251,163,1,-5,-64,589
64,gamma4,0.5,21,7398718258408316477,9135,201,3,64,33,1241
64,gamma4,0.5,22,4446371066208472345,3248,300,1,-40,64,676
64,gamma4,0.5,23,2264593205912257391,5798,144,-1,64,4,948
64,gamma4,0.5,24,2527354351907131410,6097,321,5,-21,-64,1023
64,gamma4,0.5,25,197670435400655492,9303,313,2,19,64,1235
64,gamma4,0.5,26,1003755971325746738,7390,190,-1,-64,-34,1070
64,gamma4,0.5,27,6469874988055754319,8717,265,3,64,3,1312
64,gamma4,0.5,28,1627331997665254064,6166,210,-3,-24,64,931
64,gamma4,0.5,29,4259556820460565821,3448,224,1,0,-64,792
64,gamma4,0.5,30,6399412121669262779,5955,201,0,11,64,903
64,gamma4,0.5,31,8761850717474376867,18327,273,4,64,27,1887
64,gamma4,0.5,32,5206248101081565582,17515,423,2,-5,64,2436
64,gamma4,0.5,33,8854274787360699736,1098,144,2,64,0,313
64,gamma4,0.5,34,5634483026779523969,15495,189,3,-64,1,1326
64,gamma4,0.5,35,8309160914333625075,4683,183,0,64,11,697
64,gamma4,0.5,36,7319845523591056833,6549,383,0,-64,47,1195
64,gamma4,0.5,37,9047098482399200481,3322,200,0,20,-64,656
64,gamma4,0.5,38,4788849072061380586,2617,209,-1,-15,-64,742
64,gamma4,0.5,39,3686425329784738277,5744,184,0,-30,64,908
64,gamma4,0.5,40,1565681465253840543,7864,232,-2,64,36,1083
64,gamma4,0.5,41,3404231003594978414,23752,448,0,-64,-20,3756
64,gamma4,0.5,42,7386806980459667148,9138,182,2,-14,-64,1201
64,gamma4,0.5,43,2763415940686001318,7654,204,-4,64,-16,1379
64,gamma4,0.5,44,1186191918154551935,2174,214,1,-6,-64,544
64,gamma4,0.5,45,5376271333385282007,8031,211,0,-64,-19,1057
64,gamma4,0.5,46,1433437615441436095,3978,210,1,42,64,717
64,gamma4,0.5,47,6363218523246105900,10163,203,0,-7,64,785
64,gamma4,0.5,48,4005943441647277889,12356,148,0,22,64,1587
64,gamma4,0.5,49,3383737820100941687,14757,295,-4,-64,3,2096
64,gamma4,0.5,50,7033931091372205747,11226,142,-2,-64,-18,901
64,gamma4,0.5,51,1139123261127336697,23949,217,0,64,-31,2126
64,gamma4,0.5,52,3369909470951629841,2896,188,3,-40,-64,547
64,gamma4,0.5,53,2707118341067491845,1428,152,-1,4,-64,289
64,gamma4,0.5,54,9173952212471442122,9577,215,-2,-64,17,1432
64,gamma4,0.5,55,6478620087551085787,4198,284,-2,26,64,782
64,gamma4,0.5,56,4147602191735182697,21443,259,-4,-64,19,1741
64,gamma4,0.5,57,3040913780612445111,6869,279,0,-35,-64,1389
64,gamma4,0.5,58,8244186654849492365,7139,135,0,64,-3,1151
64,gamma4,0.5,59,739552001115965947,6549,311,-1,29,64,1090
64,gamma4,0.5,60,8581092084102106742,9122,536,3,-46,-64,1679
64,gamma4,0.5,61,411665126299607711,5065,267,3,-13,64,870
64,gamma4,0.5,62,5103221335087526086,13821,331,-2,9,-64,1820
64,gamma4,0.5,63,2008202155720499280,3008,196,-1,64,-46,533
64,gamma4,0.5,64,7101131099166447218,12319,255,-2,57,-64,1248
64,gamma4,0.5,65,5108093725071711676,2649,145,-2,-19,64,482
64,gamma4,0.5,66,6671528805974030288,3713,195,1,27,64,725
64,gamma4,0.5,67,6770869381150247630,27154,290,3,64,-30,2070
64,gamma4,0.5,68,8654243425307896824,3059,265,3,64,41,692
64,gamma4,0.5,69,4216453181936619852,1783,183,0,-64,-5,451
64,gamma4,0.5,70,7116934810188635285,4612,242,-2,-64,-14,772
64,gamma4,0.5,71,629229590094593658,1576,170,2,-64,-34,397
64,gamma4,0.5,72,8978675072907931337,15518,346,-1,-44,-64,2133
64,gamma4,0.5,73,1590905127347994595,3669,205,-3,-11,-64,682
64,gamma4,0.5,74,8753382788914044122,5443,245,2,-64,-43,939
64,gamma4,0.5,75,1528095683142600157,3094,224,2,-46,-64,721
64,gamma4,0.5,76,1650649825243588166,13368,316,-1,64,4,1847
64,gamma4,0.5,77,5412703461785945322,4416,260,2,42,64,840
64,gamma4,0.5,78,5545395483218455418,4584,200,1,-64,0,831
64,gamma4,0.5,79,3997473484982148024,6015,435,6,-64,-23,1276
64,gamma4,0.5,80,5509619521699751801,4526,216,0,-10,64,656
64,gamma4,0.5,81,5609590392821501466,9492,272,1,-18,64,1671
64,gamma4,0.5,82,8954948678909126521,4075,215,3,64,7,586
64,gamma4,0.5,83,2640547660476645089,10548,204,-1,44,64,1265
64,gamma4,0.5,84,586219657478439000,7079,183,-1,-64,-49,990
64,gamma4,0.5,85,5810411578039524273,3395,173,-1,-11,64,630
64,gamma4,0.5,86,797313195359639818,8399,251,3,-27,64,1458
64,gamma4,0.5,87,5642337265885172314,10821,407,-1,-39,64,1652
64,gamma4,0.5,88,552255749539819425,26112,184,-2,0,64,2837
64,gamma4,0.5,89,5262348461928907311,3691,241,0,-11,64,664
64,gamma4,0.5,90,2309001099457061942,11227,241,-2,29,-64,1140
64,gamma4,0.5,91,2641760935237268902,1815,195,0,-64,11,490
64,gamma4,0.5,92,4147294592067804704,2388,228,0,8,64,590
64,gamma4,0.5,93,5822544765578798499,4373,261,-1,-53,-64,745
64,gamma4,0.5,94,6417198841224715126,2852,174,1,16,-64,694
64,gamma4,0.5,95,3319573132979257587,3691,139,-2,-1,-64,716
64,gamma4,0.5,96,2515464032141084056,5409,263,-1,64,17,969
64,gamma4,0.5,97,8463152841693385925,10932,178,2,-14,64,1654
64,gamma4,0.5,98,9065538232603631455,13476,512,-2,38,-64,2033
64,gamma4,0.5,99,7167138262296806614,4066,170,-4,26,-64,817
64,gamma4,0.5,100,7270359334559031979,1682,172,0,64,50,420
64,gamma4,0.5,101,8435169831210932426,3624,184,1,8,64,679
64,gamma4,0.5,102,8032306648461909789,3839,365,-2,21,-64,926
64,gamma4,0.5,103,3528775874671125847,11985,293,-2,-64,47,1751
64,gamma4,0.5,104,1980512341602327908,5328,224,3,12,64,902
64,gamma4,0.5,105,8614162000999611909,2872,150,-2,64,-16,493
64,gamma4,0.5,106,8814132414216826607,16873,275,1,-17,64,1644
64,gamma4,0.5,107,9176117605637648666,9515,287,-1,35,64,1356
64,gamma4,0.5,108,7278002616466192067,3503,241,0,-27,-64,501
64,gamma4,0.5,109,3455898104635152932,2607,191,1,64,21,753
64,gamma4,0.5,110,2866641112636759320,31844,254,4,-12,64,3106
64,gamma4,0.5,111,917394157996843388,12865,233,1,-64,-49,2153
64,gamma4,0.5,112,6719662891892619415,4314,234,-2,20,-64,790
64,gamma4,0.5,113,3501035232974383416,14473,219,-1,-41,64,1656
64,gamma4,0.5,114,8669002744119293283,4103,283,2,1,-64,908
64,gamma4,0.5,115,2949193965825967401,7641,415,-4,-11,64,1392
64,gamma4,0.5,116,195142534435251974,15595,513,-1,-25,-64,2217
64,gamma4,0.5,117,7529305087504253513,1870,156,3,-64,-8,449
64,gamma4,0.5,118,8372769637066144467,19319,199,2,-64,15,1856
64,gamma4,0.5,119,6532779939378677192,15588,316,4,46,64,1564
64,gamma4,0.5,120,4197953414196773195,2857,169,1,-39,-64,524
64,gamma4,0.5,121,7177053857471706502,3980,138,1,64,-12,620
64,gamma4,0.5,122,5425172036022078592,4417,225,-1,-64,-7,918
64,gamma4,0.5,123,4868813548469107691,983,191,0,1,-64,287
64,gamma4,0.5,124,2481956580565072923,5913,215,3,-64,-1,1014
64,gamma4,0.5,125,7336832467346236652,17667,307,-1,-5,64,1600
64,gamma4,0.5,126,6906038752313952683,4484,184,0,-10,64,915
64,gamma4,0.5,127,8576671079830478569,8578,152,-2,64,-4,1154
64,gamma4,0.5,128,4308268390074232698,6867,235,-2,-64,-47,1272
64,gamma4,0.5,129,5551612714374439194,2835,189,2,-64,-17,532
64,gamma4,0.5,130,606494314709272286,5173,271,-2,-3,64,1051
64,gamma4,0.5,131,4091119701698868323,5882,342,-1,14,-64,1143
64,gamma4,0.5,132,3025135506564029264,5696,184,-2,0,64,960
64,gamma4,0.5,133,7567453710945723217,3869,243,-1,41,-64,835
64,gamma4,0.5,134,7975826462018334929,5982,308,-1,-64,16,1067
64,gamma4,0.5,135,7405618203188051180,9930,316,-2,26,-64,1158
64,gamma4,0.5,136,6326782440461309386,3037,191,2,17,64,733
64,gamma4,0.5,137,9114036034347331189,5403,151,2,-64,21,919
64,gamma4,0.5,138,3733092426378797128,5469,215,4,-5,64,721
64,gamma4,0.5,139,2746976691739475057,3654,260,0,64,8,779
64,gamma4,0.5,140,4469455685298215877,9190,390,-5,14,-64,1414
64,gamma4,0.5,141,7395923478665090156,5370,266,0,64,-40,884
64,gamma4,0.5,142,4960242147582677435,1821,305,-2,-53,-64,570
64,gamma4,0.5,143,8894248273966794031,5916,198,0,-64,-8,1003
64,gamma4,0.5,144,3498703601227332022,2234,200,1,2,64,487
64,gamma4,0.5,145,3987387372449064878,6103,179,1,64,-59,847
64,gamma4,0.5,146,4016824900569677173,7987,193,1,11,-64,1107
64,gamma4,0.5,147,6335849885833427346,10191,243,0,31,64,1166
64,gamma4,0.5,148,4291594267275559162,28683,247,-1,64,-13,1854
64,gamma4,0.5,149,7001085178088546293,14174,242,-3,64,20,1687
64,gamma4,0.5,150,5604040809357882391,4237,171,1,27,-64,719
64,gamma4,0.5,151,825041713559115321,13952,198,0,-64,22,1201
64,gamma4,0.5,152,4505103432914124358,2171,275,1,-64,-21,498
64,gamma4,0.5,153,1468413735863720991,14961,219,0,64,-37,1274
64,gamma4,0.5,154,2667031016556165120,5255,351,0,43,-64,1010
64,gamma4,0.5,155,1571988748147876149,12870,174,-1,-6,64,1551
64,gamma4,0.5,156,828499373223504829,6655,463,3,-64,-21,1415
64,gamma4,0.5,157,6568611304788370018,7865,229,1,-64,-1,1313
64,gamma4,0.5,158,4785341499301850557,5754,230,2,-64,-46,936
64,gamma4,0.5,159,5991887497787036882,5058,262,1,-44,64,1129
64,gamma4,0.5,160,5346220745913380429,7094,208,0,-22,-64,931
64,gamma4,0.5,161,3574734199691445409,3970,316,0,-64,-16,1016
64,gamma4,0.5,162,3167072396134402111,10028,228,2,-64,-18,1856
64,gamma4,0.5,163,8339439973847220858,13705,191,-1,-64,29,2264
64,gamma4,0.5,164,569372003661984142,24244,212,-2,-2,-64,2220
64,gamma4,0.5,165,4491566337713946727,4944,234,-2,-30,64,711
64,gamma4,0.5,166,6160493877152794831,11695,223,-1,-17,64,1468
64,gamma4,0.5,167,820774617699381282,2768,158,-1,-64,4,559
64,gamma4,0.5,168,4128921167128300796,10645,699,3,64,-49,1766
64,gamma4,0.5,169,416636516114698573,28776,374,-4,8,-64,2118
64,gamma4,0.5,170,8515895646946295667,5569,259,-1,-64,3,788
64,gamma4,0.5,171,6776897680875005766,3913,201,2,15,64,665
64,gamma4,0.5,172,5272585150620113878,3229,197,2,64,-29,617
64,gamma4,0.5,173,7788539017388148869,6107,225,-2,7,64,1046
64,gamma4,0.5,174,2980591443343455678,14329,197,-2,-3,64,1816
64,gamma4,0.5,175,1599367843815215188,18336,280,-2,64,0,2069
64,gamma4,0.5,176,8130386076630158110,3532,172,1,-36,64,619
64,gamma4,0.5,177,4184101770987269586,4179,183,-1,-64,5,776
64,gamma4,0.5,178,2311037502530999338,4929,175,0,64,-23,659
64,gamma4,0.5,179,1026031253062206210,19350,214,0,64,0,1922
64,gamma4,0.5,180,6773030323690438371,2689,167,-1,15,64,632
64,gamma4,0.5,181,1395060702742257851,1946,228,0,-48,-64,577
64,gamma4,0.5,182,1253490102586586874,11915,305,3,-31,64,973
64,gamma4,0.5,183,6172882493074713184,14420,214,-1,64,-8,1614
64,gamma4,0.5,184,1473499284454212110,2931,319,1,-21,-64,728
64,gamma4,0.5,185,6760408848318696989,4199,127,0,-17,-64,904
64,gamma4,0.5,186,6911378743552137561,3368,204,5,-64,40,737
64,gamma4,0.5,187,4761153861093618580,4799,199,0,-64,-37,997
64,gamma4,0.5,188,2306792093727183277,15136,454,2,-28,-64,2191
64,gamma4,0.5,189,4161236822013385545,6216,190,-2,36,-64,809
64,gamma4,0.5,190,6809579936916300469,7875,133,0,1,64,616
64,gamma4,0.5,191,8959215862795288460,7235,373,3,-15,64,1055
64,gamma4,0.5,192,4089596208285963403,6426,324,-3,-24,64,1187
64,gamma4,0.5,193,1802059382884603588,15074,150,-1,-64,10,2119
64,gamma4,0.5,194,3324933970073567753,6729,261,-1,-64,-27,929
64,gamma4,0.5,195,162762255684091060,6907,287,2,41,64,1238
64,gamma4,0.5,196,2887090184853767427,8942,180,2,-64,34,1256
64,gamma4,0.5,197,3229005401627927586,4955,265,0,-23,64,764
64,gamma4,0.5,198,2382563019062550646,16842,414,4,64,18,1999
64,gamma4,0.5,199,274670967998002265,12956,384,-2,-64,12,1626
64,gamma4,0.5,200,3630921863784206698,11620,232,-2,-34,64,1666
64,gamma4,0.5,201,1256919498839579103,14790,228,0,24,-64,2343
64,gamma4,0.5,202,49036198425867884,18076,322,2,-34,-64,2216
64,gamma4,0.5,203,1971694455499206672,16470,316,4,6,-64,2311
64,gamma4,0.5,204,6495188211481615118,6144,332,0,-64,16,1053
64,gamma4,0.5,205,2974584268343071920,21542,354,2,64,2,2506
64,gamma4,0.5,206,6495201639817227019,4217,183,-2,7,-64,557
64,gamma4,0.5,207,2772764392679305866,5361,193,0,-47,64,780
64,gamma4,0.5,208,1511358114467824247,7255,209,-1,3,64,738
64,gamma4,0.5,209,7028108629797528414,5301,351,-3,-64,23,1005
64,gamma4,0.5,210,7621627545058044947,3211,241,-1,-29,-64,525
64,gamma4,0.5,211,7611023605606092292,15150,252,-2,0,64,1686
64,gamma4,0.5,212,4710829931147275558,36857,233,-2,-64,-13,4053
64,gamma4,0.5,213,6202322534537630046,3566,186,0,-36,-64,560
64,gamma4,0.5,214,238517586468328953,29558,248,0,-64,46,1990
64,gamma4,0.5,215,3198756937081368098,23100,142,0,-10,64,2032
64,gamma4,0.5,216,9037499424377143254,9031,195,3,-64,29,1119
64,gamma4,0.5,217,3069399416274689650,1044,150,0,10,-64,312
64,gamma4,0.5,218,5134495023656664206,2037,207,2,64,-19,496
64,gamma4,0.5,219,1279476890580449070,5194,250,-1,64,12,724
64,gamma4,0.5,220,5533221758227518417,2961,163,-1,-7,-64,660
64,gamma4,0.5,221,9022249919631214737,5546,254,1,-8,-64,752
64,gamma4,0.5,222,1089801096180481780,12717,265,-2,64,31,1607
64,gamma4,0.5,223,3223689612038909105,4903,165,1,-64,33,600
64,gamma4,0.5,224,7152747846120291731,14268,362,-1,-64,0,1860
64,gamma4,0.5,225,5728808673324963076,9145,311,-1,-64,-21,1408
64,gamma4,0.5,226,812319848320072107,5083,157,1,-64,29,716
64,gamma4,0.5,227,2297200767167138198,6030,340,3,30,64,1257
64,gamma4,0.5,228,5176615162667495575,5970,254,-1,-64,44,968
64,gamma4,0.5,229,8002558609132234276,3144,222,2,64,10,595
64,gamma4,0.5,230,1320429034824725519,16945,195,0,5,-64,854
64,gamma4,0.5,231,272108705120633244,4427,199,-2,-64,-5,738
64,gamma4,0.5,232,753435981481312313,3472,190,-3,-18,64,629
64,gamma4,0.5,233,1404388693564113112,9045,233,-1,-64,19,1605
64,gamma4,0.5,234,8018024074739130805,6987,243,1,35,64,1196
64,gamma4,0.5,235,6654142261371572967,2276,184,2,-64,-12,386
64,gamma4,0.5,236,6286664170091242777,2490,236,-1,-48,-64,566
64,gamma4,0.5,237,8795733356243249644,1906,150,2,-36,-64,398
64,gamma4,0.5,238,3542214218642919440,3738,170,3,64,20,732
64,gamma4,0.5,239,369923047247957222,5357,169,-1,11,64,1058
64,gamma4,0.5,240,7049007498002073488,20299,235,2,-64,13,1348
64,gamma4,0.5,241,4648433485941822259,11324,344,0,36,64,1629
64,gamma4,0.5,242,2701413670674121382,1225,163,1,-64,31,364
64,gamma4,0.5,243,8091699917947346450,18149,221,-1,51,-64,2317
64,gamma4,0.5,244,1321449684638833647,4135,231,3,-64,-57,811
64,gamma4,0.5,245,4893985584127130735,8442,200,0,-64,-2,885
64,gamma4,0.5,246,7098800033829008421,2579,191,-2,-64,-41,630
64,gamma4,0.5,247,134372349835483201,9765,193,0,-49,-64,1349
64,gamma4,0.5,248,2505880671514417346,3446,242,-1,64,6,725
64,gamma4,0.5,249,1946578708359367229,17136,164,-1,22,-64,1730
64,gamma4,0.5,250,2771471142070134270,14967,227,1,9,64,1742
64,gamma4,0.5,251,4338088433196492489,6642,204,1,64,-34,1013
64,gamma4,0.5,252,2325401949515403533,5891,213,1,-64,-41,919
64,gamma4,0.5,253,2293936486652751462,6705,349,0,64,-49,1370
64,gamma4,0.5,254,1506330420454012369,3014,184,0,-64,-40,680
64,gamma4,0.5,255,5167822341037215749,8082,252,2,34,-64,1493
64,gamma4,0.5,256,8238643999447920594,5134,206,-1,-64,44,758
64,gamma4,0.5,257,3073847048115146198,2958,308,4,22,64,676
64,gamma4,0.5,258,4988217000769587633,21259,203,0,-64,35,2153
64,gamma4,0.5,259,7702045201362211483,8874,286,-1,64,-38,1419
64,gamma4,0.5,260,8421410850887088959,3627,197,1,25,64,700
64,gamma4,0.5,261,4711100151316250460,2105,221,-4,1,-64,519
64,gamma4,0.5,262,3337614345852437969,4813,295,-3,64,-43,793
64,gamma4,0.5,263,8524617788786807577,5035,237,0,11,64,888
64,gamma4,0.5,264,6549400336003488581,2754,286,-3,16,-64,689
64,gamma4,0.5,265,6895926546896621047,14496,182,1,-64,-26,2080
64,gamma4,0.5,266,6287099923775072918,8585,213,-2,-64,9,1619
64,gamma4,0.5,267,1379788138714594579,15348,174,0,-64,-4,1588
64,gamma4,0.5,268,152460951553300987,3398,156,0,6,64,476
64,gamma4,0.5,269,5537744010003169785,1526,162,1,-64,-32,389
64,gamma4,0.5,270,7874746024088220414,11880,354,1,36,64,1528
64,gamma4,0.5,271,5626994858860010007,4078,204,2,32,64,814
64,gamma4,0.5,272,8676794419851150893,3357,193,1,21,64,567
64,gamma4,0.5,273,7515473176964050926,9972,376,1,-32,64,1290
64,gamma4,0.5,274,510105569476726770,2408,172,0,-64,38,506
64,gamma4,0.5,275,6292525760120592590,16170,392,5,64,-26,1683
64,gamma4,0.5,276,5551908473996907695,3025,229,-1,25,64,613
64,gamma4,0.5,277,6882735277345148009,18427,245,-1,-33,64,2604
64,gamma4,0.5,278,5743670308436865995,10322,254,-1,64,-20,1740
64,gamma4,0.5,279,587244184787959098,15485,307,0,-41,64,1416
64,gamma4,0.5,280,8174664479827870383,6307,255,-2,7,-64,886
64,gamma4,0.5,281,3905274179674145124,3269,147,2,-64,-25,554
64,gamma4,0.5,282,4783455284825464818,12224,256,0,16,64,1435
64,gamma4,0.5,283,5582032232378257314,1557,193,0,39,-64,391
64,gamma4,0.5,284,4165568912962682796,29018,232,0,-64,-42,2891
64,gamma4,0.5,285,4934605975057037584,5111,245,0,64,41,827
64,gamma4,0.5,286,81330237397249733,9942,196,0,-64,4,1154
64,gamma4,0.5,287,1424858386644863468,26465,315,-1,-37,64,2153
64,gamma4,0.5,288,5225165673205939730,5707,177,0,-5,-64,662
64,gamma4,0.5,289,7191913420019147678,6182,242,1,-52,-64,1000
64,gamma4,0.5,290,6855580156900243477,2875,235,0,-13,64,705
64,gamma4,0.5,291,7916532663844470497,20737,187,0,64,33,2152
64,gamma4,0.5,292,7922432152040229612,12202,282,1,-2,-64,1176
64,gamma4,0.5,293,5758536572656294794,13279,377,3,-64,-25,1778
64,gamma4,0.5,294,5912035087587857984,4728,272,1,-64,34,806
64,gamma4,0.5,295,7809851212976428472,2429,243,-1,64,-19,543
64,gamma4,0.5,296,5092662873535651117,15078,212,0,10,64,2457
64,gamma4,0.5,297,8467353705004586489,9416,226,1,-32,-64,1190
64,gamma4,0.5,298,3617366606848420859,2523,201,-1,29,64,570
64,gamma4,0.5,299,6002887834230508542,4590,322,0,64,52,815
64,gamma4,0.5,300,1101536243418759857,30211,603,-5,-15,-64,3798
64,gamma4,0.5,301,465372951443103620,22039,405,2,64,-1,2293
64,gamma4,0.5,302,2352570372957386184,2545,217,-3,-23,-64,525
64,gamma4,0.5,303,5848098487073113002,6565,249,1,-64,-39,1432
64,gamma4,0.5,304,574196226010641023,7429,185,2,-1,-64,619
64,gamma4,0.5,305,125893615201479760,22868,270,4,26,-64,1485
64,gamma4,0.5,306,7569756820633607876,4473,221,1,21,-64,956
64,gamma4,0.5,307,6714171401223221411,6639,227,-1,9,-64,801
64,gamma4,0.5,308,3732548749240644772,5235,203,-1,64,-15,703
64,gamma4,0.5,309,7226906109177270457,6920,294,-3,20,-64,1011
64,gamma4,0.5,310,2772943662495284623,29592,206,1,2,64,2925
64,gamma4,0.5,311,8112418048771309033,3360,246,0,-64,-36,740
64,gamma4,0.5,312,7029743140019071985,20270,226,0,-64,6,2446
64,gamma4,0.5,313,6625686010030422627,15417,179,-1,-15,-64,1402
64,gamma4,0.5,314,7261328326542895835,3926,334,-5,-20,64,720
64,gamma4,0.5,315,6363058945733071960,4936,172,-1,64,24,707
64,gamma4,0.5,316,4894208940186432126,7431,225,1,64,-29,1369
64,gamma4,0.5,317,2563097764271732942,4331,251,0,43,-64,833
64,gamma4,0.5,318,3896329504740722855,2679,189,0,-64,-27,616
64,gamma4,0.5,319,1659746978771693595,12291,289,1,64,-5,1956
64,gamma4,0.5,320,6140610899644927326,16642,224,-1,64,-12,1894
64,gamma4,0.5,321,4240591566766209318,7034,262,2,28,64,1189
64,gamma4,0.5,322,3293258989218841227,2555,171,0,-64,9,545
64,gamma4,0.5,323,3739807619665421065,18707,235,-2,-64,59,1657
64,gamma4,0.5,324,6472694316227607663,17371,197,0,9,64,1737
64,gamma4,0.5,325,6536390972967442819,1193,247,-2,29,-64,422
64,gamma4,0.5,326,1368559740147682601,4844,208,2,64,-48,842
64,gamma4,0.5,327,846509168031093387,7126,322,1,-10,64,1498
64,gamma4,0.5,328,3593227885875964335,2794,178,1,-64,-2,446
64,gamma4,0.5,329,4301414021229695235,11125,185,1,64,-1,944
64,gamma4,0.5,330,389725055655560702,14247,257,0,-64,-1,1551
64,gamma4,0.5,331,2904302647521110166,9668,254,-2,30,-64,1154
64,gamma4,0.5,332,6423663513799554375,15106,590,4,30,64,2253
64,gamma4,0.5,333,8143327785684090300,17590,216,2,-6,-64,1988
64,gamma4,0.5,334,6030403471843925303,10354,230,3,16,64,1085
64,gamma4,0.5,335,6931700747697667636,3498,170,1,64,36,593
64,gamma4,0.5,336,4477831745015228366,3714,198,-1,-16,-64,562
64,gamma4,0.5,337,5620442311711445693,7279,311,-1,33,-64,1094
64,gamma4,0.5,338,1650374201694706907,3046,172,0,-64,-2,663
64,gamma4,0.5,339,7601700270493831626,4324,230,-1,-42,64,807
64,gamma4,0.5,340,7454623295223843107,13317,217,2,27,64,1334
64,gamma4,0.5,341,7356678234247317465,7333,333,0,-15,64,1061
64,gamma4,0.5,342,7483068729712257589,4518,202,1,64,-2,821
64,gamma4,0.5,343,60510616446963252,7717,331,-3,-23,64,1131
64,gamma4,0.5,344,7361845410148542010,11837,287,1,64,-15,1969
64,gamma4,0.5,345,2532777054870646251,10163,211,2,-37,-64,1762
64,gamma4,0.5,346,4282408419117312341,2877,199,1,-64,-13,538
64,gamma4,0.5,347,7045733091796314468,2738,176,0,0,64,566
64,gamma4,0.5,348,8994694110748574592,9804,266,0,-58,-64,1161
64,gamma4,0.5,349,8180661667033207533,3067,283,-1,-7,-64,801
64,gamma4,0.5,350,1430243128091753900,2050,142,0,64,-6,429
64,gamma4,0.5,351,7359460894474334771,2848,196,-1,-28,-64,646
64,gamma4,0.5,352,8556848862140803702,1787,211,3,-64,11,589
64,gamma4,0.5,353,1016466316415749882,2934,196,-2,-64,-4,538
64,gamma4,0.5,354,8275362453646556460,4713,277,1,-35,64,991
64,gamma4,0.5,355,5488649536604556950,8289,149,-1,-64,-15,1105
64,gamma4,0.5,356,6725346779571293526,7509,267,3,-64,-31,1163
64,gamma4,0.5,357,3472891690460514737,16869,329,2,-37,-64,2214
64,gamma4,0.5,358,543859573684758265,9310,200,-1,-64,-50,1061
64,gamma4,0.5,359,148523929681541277,12803,707,-4,64,-1,2234
64,gamma4,0.5,360,3930501773014880368,2335,137,-2,-3,-64,504
64,gamma4,0.5,361,7677932460078993357,3938,248,0,-8,-64,787
64,gamma4,0.5,362,6111611502307177914,11102,376,-1,-64,54,2001
64,gamma4,0.5,363,1345757370749904195,5122,196,0,22,-64,832
64,gamma4,0.5,364,5098582433702340264,9473,229,-1,-23,64,1034
64,gamma4,0.5,365,4233298552287020806,7063,175,-3,-64,-33,904
64,gamma4,0.5,366,4487854787739674684,2317,181,1,-64,21,470
64,gamma4,0.5,367,6158202492265457412,3259,231,3,5,64,712
64,gamma4,0.5,368,1199585837083278999,30490,394,0,-12,64,3215
64,gamma4,0.5,369,2689669586953056549,19144,226,-2,-40,-64,2259
64,gamma4,0.5,370,7440693849227411646,3310,160,1,-2,-64,554
64,gamma4,0.5,371,8612087627360427817,1700,190,-1,-64,16,411
64,gamma4,0.5,372,1874561822193698305,871,157,-1,9,-64,264
64,gamma4,0.5,373,3413378739848237283,2333,191,1,9,-64,450
64,gamma4,0.5,374,2033662841799155422,3364,228,1,-36,-64,527
64,gamma4,0.5,375,2788607379744073538,9967,237,3,64,29,1767
64,gamma4,0.5,376,6304515182550695513,3781,145,-1,64,15,601
64,gamma4,0.5,377,7207331579061376209,8540,298,0,-64,-26,1694
64,gamma4,0.5,378,7022025854809181515,10431,207,-1,-7,64,1432
64,gamma4,0.5,379,3569029389702292329,1788,208,-1,64,8,477
64,gamma4,0.5,380,6022272346441713496,11997,271,1,-64,-17,1290
64,gamma4,0.5,381,5257989687022779460,16169,209,1,15,64,1074
64,gamma4,0.5,382,8473932238531779906,7474,320,1,16,64,1277
64,gamma4,0.5,383,30373643055769298,30543,365,1,41,-64,3024
64,gamma4,0.5,384,6171308019718355024,3768,174,-2,64,10,550
64,gamma4,0.5,385,48301983826694040,15741,183,-1,-15,-64,1514
64,gamma4,0.5,386,8877693795240302595,14955,223,2,33,64,1980
64,gamma4,0.5,387,5563517644281037031,24907,243,2,-64,-15,1848
64,gamma4,0.5,388,353591637275213948,10914,248,1,18,-64,1433
64,gamma4,0.5,389,918506011181042936,8062,302,2,18,-64,1177
64,gamma4,0.5,390,8234861209100671182,7891,155,0,15,-64,1052
64,gamma4,0.5,391,5104246165989687303,22305,163,-1,64,-13,2671
64,gamma4,0.5,392,1867143245853159543,20058,182,3,64,14,1776
64,gamma4,0.5,393,7509561284285148176,9492,392,0,-64,-10,1560
64,gamma4,0.5,394,7998285895990715080,3523,189,0,25,64,596
64,gamma4,0.5,395,4919668398493558463,5030,208,0,64,-40,710
64,gamma4,0.5,396,6455210780512622968,3175,133,-1,-64,-37,458
64,gamma4,0.5,397,6663079037269604954,8097,187,-1,51,-64,825
64,gamma4,0.5,398,5104285365932526478,13877,327,1,-64,-7,1974
64,gamma4,0.5,399,790909206474930104,7069,247,1,-19,-64,1202
64,gamma4,0.5,400,947724988665003870,14007,211,-4,64,-13,1038
64,gamma4,0.5,401,435047092395723938,13805,207,2,-64,27,1487
64,gamma4,0.5,402,4593610467084328705,3220,244,-2,0,64,584
64,gamma4,0.5,403,252592033993885959,3290,264,0,64,28,631
64,gamma4,0.5,404,1613231664084575082,13628,244,1,-64,-50,2083
64,gamma4,0.5,405,35816909486622375,18919,359,0,25,64,2364
64,gamma4,0.5,406,5196226361872844506,5048,208,-2,-26,64,913
64,gamma4,0.5,407,4997592920081458673,7759,255,1,9,64,1411
64,gamma4,0.5,408,6439273252006361030,6690,190,0,-2,64,806
64,gamma4,0.5,409,1372325336466179651,6033,247,1,-33,64,885
64,gamma4,0.5,410,7872349942461521065,5209,325,1,-64,41,1087
64,gamma4,0.5,411,4773578773034026676,6113,321,0,39,64,1187
64,gamma4,0.5,412,8711048127547744529,5611,163,2,-1,64,588
64,gamma4,0.5,413,7296988970257129608,1573,199,0,64,25,410
64,gamma4,0.5,414,9116633478766495718,14840,316,0,-10,-64,1422
64,gamma4,0.5,415,1084536196944517989,1469,199,-1,-5,-64,441
64,gamma4,0.5,416,1423758408749544479,4208,314,0,4,-64,868
64,gamma4,0.5,417,6233549568881911355,24026,176,-1,-64,-34,1948
64,gamma4,0.5,418,7828311292759605559,3394,226,0,6,64,647
64,gamma4,0.5,419,5977420048486201238,15192,408,1,-64,18,2420
64,gamma4,0.5,420,7866968370739381568,5893,185,-1,-64,-1,755
64,gamma4,0.5,421,6289793477380298699,3827,221,2,3,-64,778
64,gamma4,0.5,422,1750941296286674518,3125,239,1,-15,-64,724
64,gamma4,0.5,423,1049088478107889465,9252,266,-2,64,8,1477
64,gamma4,0.5,424,6875341188124564087,4757,201,3,64,35,836
64,gamma4,0.5,425,7295591168317563376,9387,181,-4,19,-64,1386
64,gamma4,0.5,426,3036866690900471934,14684,274,-2,64,-6,1419
64,gamma4,0.5,427,1114563969414616449,2669,221,0,23,64,523
64,gamma4,0.5,428,6629853614291620741,5720,248,2,38,-64,1112
64,gamma4,0.5,429,4058025693537726417,3241,291,-2,64,19,698
64,gamma4,0.5,430,2165156189560627128,1730,128,1,-16,-64,394
64,gamma4,0.5,431,2927006257789328944,10533,181,0,64,29,1470
64,gamma4,0.5,432,1609491114014136483,9985,285,4,-17,-64,1684
64,gamma4,0.5,433,2153872837307847998,6557,141,1,64,15,749
64,gamma4,0.5,434,8025471665338637792,8736,318,1,-40,-64,1215
64,gamma4,0.5,435,5187567739309039360,1968,174,1,6,64,420
64,gamma4,0.5,436,5482051022206390048,11939,225,1,-64,41,1312
64,gamma4,0.5,437,7993147552081817362,5338,294,2,-64,-22,986
64,gamma4,0.5,438,4333479756710305351,13063,179,-1,-3,-64,1738
64,gamma4,0.5,439,5803911730234002901,5309,257,1,64,-45,752
64,gamma4,0.5,440,8045723130385429265,33863,181,0,-64,-23,2168
64,gamma4,0.5,441,7473943639073881563,584,120,-1,64,-12,183
64,gamma4,0.5,442,5598112767848912963,2932,158,0,14,64,683
64,gamma4,0.5,443,8330942425845077559,9673,281,0,-15,-64,1296
64,gamma4,0.5,444,8584208269226782692,9148,330,-1,-34,-64,1227
64,gamma4,0.5,445,6771633338848279081,17632,214,2,-32,-64,1622
64,gamma4,0.5,446,3839169659548606109,10620,220,1,-16,64,1674
64,gamma4,0.5,447,1020185634592419780,2561,251,4,-64,29,764
64,gamma4,0.5,448,6406126283959910218,3968,166,0,64,0,704
64,gamma4,0.5,449,5562631527553894122,2450,268,1,64,-44,617
64,gamma4,0.5,450,1474670299535166626,21156,204,0,20,64,1601
64,gamma4,0.5,451,7408723935235752155,12920,336,0,-64,0,2171
64,gamma4,0.5,452,2039353710152942938,4642,160,-2,-16,64,817
64,gamma4,0.5,453,6545479079195265816,5089,333,0,9,-64,1064
64,gamma4,0.5,454,1967905548515325124,2870,170,-2,-6,-64,492
64,gamma4,0.5,455,4022891747390987831,1803,159,2,17,-64,432
64,gamma4,0.5,456,3362271808489378747,13392,284,0,64,-32,1872
64,gamma4,0.5,457,2016699372529327207,3814,206,-2,-6,64,578
64,gamma4,0.5,458,4219153437794461279,2419,141,-1,-9,-64,392
64,gamma4,0.5,459,1569820255847059740,10418,198,-2,-64,-2,1071
64,gamma4,0.5,460,3215503524150829638,6290,418,1,64,-2,1351
64,gamma4,0.5,461,4530099255258357524,3551,219,1,64,57,607
64,gamma4,0.5,462,4145220745993001916,1582,148,0,-30,64,357
64,gamma4,0.5,463,220491034968854170,24904,248,0,64,-40,2216
64,gamma4,0.5,464,1199488173919463305,21192,210,-1,64,-16,1551
64,gamma4,0.5,465,5430751000643958301,3984,158,-3,18,-64,867
64,gamma4,0.5,466,1184016475284333348,32688,434,-3,6,-64,3086
64,gamma4,0.5,467,7527035039334934698,10852,216,-1,64,-56,1690
64,gamma4,0.5,468,1259283285430296276,7372,408,2,-64,8,1293
64,gamma4,0.5,469,2658682717412975521,15144,248,0,-28,64,993
64,gamma4,0.5,470,5900191858389037951,6744,224,1,64,8,995
64,gamma4,0.5,471,3778512491951543109,4283,267,-1,-64,-41,905
64,gamma4,0.5,472,809689708887337603,2369,275,-1,64,-45,553
64,gamma4,0.5,473,4655250596290190866,15089,315,0,15,64,1875
64,gamma4,0.5,474,294605894985545196,6379,253,0,64,-41,1135
64,gamma4,0.5,475,6433615360620915056,6309,197,-1,64,-3,946
64,gamma4,0.5,476,4145599001860290290,3362,316,-1,56,-64,823
64,gamma4,0.5,477,8387720615781049589,7716,250,0,28,-64,847
64,gamma4,0.5,478,8598826448786484344,14545,227,3,27,64,1955
64,gamma4,0.5,479,5022202207569177790,5335,183,-2,3,-64,892
64,gamma4,0.5,480,8139508612246827187,7536,278,-5,64,18,1084
64,gamma4,0.5,481,477283497767799145,5880,232,0,-34,64,897
64,gamma4,0.5,482,8419142433012707005,4287,183,1,11,64,850
64,gamma4,0.5,483,605612062699307955,11258,334,-3,-20,64,1384
64,gamma4,0.5,484,9169060312721484995,8866,272,-2,14,-64,1336
64,gamma4,0.5,485,3134845060221644103,16575,183,1,-64,27,1993
64,gamma4,0.5,486,8146392479521145849,11431,455,2,-51,64,1669
64,gamma4,0.5,487,5201615124288824622,9618,334,-1,-64,58,1353
64,gamma4,0.5,488,7069986100980204532,4823,173,-2,64,9,866
64,gamma4,0.5,489,5615808099907802269,10920,260,1,-30,64,1652
64,gamma4,0.5,490,8516246823779753426,2433,221,4,35,64,656
64,gamma4,0.5,491,8187890532108170778,2474,212,3,-40,-64,536
64,gamma4,0.5,492,4658539455801432971,3633,211,2,-64,-7,518
64,gamma4,0.5,493,3592333692927889265,21778,192,-1,8,-64,2412
64,gamma4,0.5,494,4959389522580418280,17515,221,1,9,64,2320
64,gamma4,0.5,495,7489906925391630117,6780,244,2,-64,38,1141
64,gamma4,0.5,496,8265027017997421163,10779,425,-1,64,-23,1296
64,gamma4,0.5,497,3537747668992465576,2869,143,-3,-64,-17,488
64,gamma4,0.5,498,6150824607297187171,5084,184,1,24,-64,1014
64,gamma4,0.5,499,2360946680039037051,5775,243,1,19,64,912
64,gamma4,0.5,500,8884475840904574618,2468,214,1,64,-58,532
64,gamma4,0.5,501,7645903330804978704,15469,437,2,-64,-49,1917
64,gamma4,0.5,502,8005497675482264818,4725,175,-1,-64,5,752
64,gamma4,0.5,503,8340161795248600188,8276,300,0,56,-64,1090
64,gamma4,0.5,504,6431067997424935711,10077,385,3,-45,-64,1798
64,gamma4,0.5,505,1048686373467392774,6068,174,0,-4,-64,798
64,gamma4,0.5,506,7493802672935357251,10824,234,1,64,-14,1713
64,gamma4,0.5,507,6904967053067414902,15869,145,1,64,-17,1808
64,gamma4,0.5,508,7753593013060862391,13192,160,0,2,-64,1102
64,gamma4,0.5,509,543120321934948872,6391,207,1,-47,-64,1306
64,gamma4,0.5,510,6048505176531446764,5386,184,1,-64,-24,643
64,gamma4,0.5,511,5250704418204772172,22385,407,-5,-64,-29,2518
64,gamma4,0.5,512,1193171040091750120,4728,276,2,6,64,780
64,gamma4,0.5,513,7418187453028212445,1664,230,0,-64,36,474
64,gamma4,0.5,514,1737379134477539251,38434,234,-3,-64,-4,1426
64,gamma4,0.5,515,5240295379695502021,4778,392,-3,12,-64,921
64,gamma4,0.5,516,380638356833942378,21607,279,2,-64,41,2734
64,gamma4,0.5,517,6905060707179126671,6166,294,1,12,64,1029
64,gamma4,0.5,518,1636680148547405411,7741,205,0,64,29,774
64,gamma4,0.5,519,8685817832966995677,10210,280,-1,64,0,1514
64,gamma4,0.5,520,1552106426049188535,3847,169,3,-64,25,736
64,gamma4,0.5,521,8569714678102446463,32915,387,2,64,-33,3600
64,gamma4,0.5,522,4636045145806067288,4923,141,1,-64,15,877
64,gamma4,0.5,523,5791787916306871287,13649,351,-1,64,35,2105
64,gamma4,0.5,524,8039138849244436866,3969,181,1,64,-17,732
64,gamma4,0.5,525,6521055302935779039,4751,215,2,64,15,1015
64,gamma4,0.5,526,6056124818333906368,24178,264,-1,-10,64,1264
64,gamma4,0.5,527,6914378722397128733,11559,227,-1,9,64,1395
64,gamma4,0.5,528,6692342431465585444,6914,272,-1,-20,64,986
64,gamma4,0.5,529,3742909539041420139,8238,234,-3,64,-4,1166
64,gamma4,0.5,530,172111658995390335,3064,212,0,-64,0,729
64,gamma4,0.5,531,7373836823763434732,18711,357,-1,-9,64,1957
64,gamma4,0.5,532,6653650338682468767,17349,183,-1,-64,-23,2129
64,gamma4,0.5,533,8500103037430952406,9684,306,-1,54,-64,1518
64,gamma4,0.5,534,6370181161550685229,7954,222,0,-64,-18,1185
64,gamma4,0.5,535,8349448575347437898,11261,323,2,-64,23,1178
64,gamma4,0.5,536,3231523234752339543,1870,126,1,-20,-64,351
64,gamma4,0.5,537,7882791695756582455,6809,301,0,45,64,967
64,gamma4,0.5,538,4973819882761570954,15575,191,-1,-64,13,1880
64,gamma4,0.5,539,7007950648128485724,3550,146,0,64,-26,673
64,gamma4,0.5,540,473067517661731830,6644,230,-1,16,-64,791
64,gamma4,0.5,541,7697367516628111308,1988,178,-3,64,8,463
64,gamma4,0.5,542,1182591287933702127,1997,165,1,-64,31,533
64,gamma4,0.5,543,1143419776536671693,22256,226,5,-10,-64,2007
64,gamma4,0.5,544,3816283149543029980,2712,174,3,-2,64,536
64,gamma4,0.5,545,8966985647244085444,1893,197,-1,-1,64,408
64,gamma4,0.5,546,8142993994474066701,11222,444,2,50,64,1432
64,gamma4,0.5,547,2394821403444371299,20108,380,-3,-64,-50,2595
64,gamma4,0.5,548,3967213152743993989,24029,265,2,-35,64,1833
64,gamma4,0.5,549,3782540029908166508,1230,220,0,-14,-64,409
64,gamma4,0.5,550,4134309442834260730,7068,206,-1,-64,-14,920
64,gamma4,0.5,551,7546916822591676099,7876,180,-1,64,-14,1338
64,gamma4,0.5,552,2391035438886545285,6069,221,0,-64,-13,787
64,gamma4,0.5,553,6653298667284102498,12387,217,-2,-15,64,739
64,gamma4,0.5,554,8052176445833497493,4861,259,0,27,64,895
64,gamma4,0.5,555,4824868397594815151,6717,169,1,64,27,827
64,gamma4,0.5,556,544367773692094749,3684,334,4,-64,42,839
64,gamma4,0.5,557,2733008780494557855,4795,253,-1,-27,64,1048
64,gamma4,0.5,558,1686435028852646271,6724,268,-1,64,-14,952
64,gamma4,0.5,559,427035629793566379,1564,154,1,8,64,345
64,gamma4,0.5,560,1695533138789437426,5098,246,1,32,-64,817
64,gamma4,0.5,561,3284052668045617187,5515,227,1,29,64,1108
64,gamma4,0.5,562,230472185171019877,2275,217,0,64,-31,629
64,gamma4,0.5,563,9041334884113402877,13357,213,1,45,64,1314
64,gamma4,0.5,564,1092115585913623028,10399,257,0,19,-64,1268
64,gamma4,0.5,565,739247648611007645,3315,135,1,3,64,386
64,gamma4,0.5,566,2801328149252070876,15856,298,1,-64,-60,1218
64,gamma4,0.5,567,541531894359401856,5009,171,-1,5,-64,663
64,gamma4,0.5,568,2438831815179820735,16308,232,-1,56,64,2049
64,gamma4,0.5,569,2312377515996165516,8601,257,-4,-15,-64,1256
64,gamma4,0.5,570,8040669468008847469,5271,325,-4,-64,3,844
64,gamma4,0.5,571,1181682644178248983,17571,241,2,64,39,2010
64,gamma4,0.5,572,5133842381800292290,2442,174,-2,-22,64,492
64,gamma4,0.5,573,2902419193027161109,4755,245,-1,64,19,937
64,gamma4,0.5,574,4300518538797110635,11161,223,2,23,64,1092
64,gamma4,0.5,575,5154861153927072391,4261,237,0,64,-29,776
64,gamma4,0.5,576,2417035011366792213,1889,241,3,21,64,477
64,gamma4,0.5,577,7309873548489982354,3752,196,1,64,-32,696
64,gamma4,0.5,578,113929973643547582,6702,170,1,4,-64,962
64,gamma4,0.5,579,735879862075119206,21559,139,-1,-13,64,870
64,gamma4,0.5,580,4302515835694115469,4598,286,-1,64,-30,738
64,gamma4,0.5,581,6482724708258275657,10084,288,1,64,12,1187
64,gamma4,0.5,582,8681499657563458685,10131,303,0,37,64,1194
64,gamma4,0.5,583,244308474594029567,10050,220,-1,-44,64,1314
64,gamma4,0.5,584,8603508100871585694,3841,179,-2,64,-17,825
64,gamma4,0.5,585,3367770678918390699,8556,240,0,-64,58,1103
64,gamma4,0.5,586,196231460583174464,15263,231,0,13,64,1615
64,gamma4,0.5,587,6419241685512464541,19586,154,1,-64,2,1783
64,gamma4,0.5,588,5165976876213829410,1751,249,1,64,43,523
64,gamma4,0.5,589,559952891909230580,2552,162,0,-14,-64,577
64,gamma4,0.5,590,470485023221240089,10925,197,1,47,-64,1327
64,gamma4,0.5,591,672272583754678947,5170,248,0,-42,64,674
64,gamma4,0.5,592,6072193839647065851,4532,142,0,64,18,667
64,gamma4,0.5,593,2456083843510911009,13664,208,-2,-64,-10,1589
64,gamma4,0.5,594,2980935605162944017,8641,193,-1,19,64,1081
64,gamma4,0.5,595,1386615520883679379,7032,280,-1,-4,64,1595
64,gamma4,0.5,596,1836491460292853510,8350,268,1,-2,64,1051
64,gamma4,0.5,597,3563613549602156201,6898,386,-1,64,0,1171
64,gamma4,0.5,598,2818359967748770209,10923,241,3,64,-17,1579
64,gamma4,0.5,599,690724048639605617,28725,217,-1,-29,64,3525
64,gamma4,0.5,600,1994265915010095842,4027,197,1,-64,-1,586
64,gamma4,0.5,601,3361700450616123673,3059,255,0,64,29,681
64,gamma4,0.5,602,5156311836577654596,7717,367,-1,64,51,1404
64,gamma4,0.5,603,5542680270922375189,10759,257,-3,64,-37,1386
64,gamma4,0.5,604,7583073307926104148,4413,151,0,-23,-64,871
64,gamma4,0.5,605,8599454084845081051,2957,311,-2,64,-1,716
64,gamma4,0.5,606,7460102233492100910,3798,182,3,28,-64,671
64,gamma4,0.5,607,6389474192375377302,9162,232,-1,64,-38,1740
64,gamma4,0.5,608,9208721777937633680,9352,322,-2,-64,-14,1507
64,gamma4,0.5,609,2712935174170291957,4488,298,0,-8,64,910
64,gamma4,0.5,610,2759111551106360115,5188,152,0,-20,64,1127
64,gamma4,0.5,611,3453679595324143814,2739,241,0,49,64,624
64,gamma4,0.5,612,8300529789643957952,13447,361,2,3,64,2071
64,gamma4,0.5,613,5849082818191202951,2602,188,0,-64,8,470
64,gamma4,0.5,614,3343636440538859870,3100,224,0,64,22,550
64,gamma4,0.5,615,506589182599864988,6356,384,0,64,10,1093
64,gamma4,0.5,616,2682444556200595018,6407,237,2,-3,-64,883
64,gamma4,0.5,617,8356068275605935918,13583,383,0,-3,64,1881
64,gamma4,0.5,618,8281000926358263265,2859,159,-1,64,23,519
64,gamma4,0.5,619,4349216470392267362,24727,289,-3,64,13,3130
64,gamma4,0.5,620,7902176671236928321,10452,250,-1,-64,22,975
64,gamma4,0.5,621,7423145307705163812,2994,260,2,12,64,758
64,gamma4,0.5,622,1325124002399346840,5006,336,-3,26,-64,1065
64,gamma4,0.5,623,2330059576909033436,4582,338,1,42,-64,995
64,gamma4,0.5,624,6203028812741188130,5147,223,-2,-5,64,668
64,gamma4,0.5,625,5022042245686403840,7703,195,1,37,64,712
64,gamma4,0.5,626,8687090299740436917,3933,165,0,15,64,570
64,gamma4,0.5,627,6162533181339436918,19177,225,-1,64,-25,2355
64,gamma4,0.5,628,7793844775850672770,9984,198,-2,64,38,1319
64,gamma4,0.5,629,8767930384782163310,4548,314,-3,64,-40,922
64,gamma4,0.5,630,7455912067024312766,1923,217,-2,-43,64,469
64,gamma4,0.5,631,4463088468670624156,10603,273,-3,33,64,1431
64,gamma4,0.5,632,313377005374066616,10293,373,3,64,-13,1522
64,gamma4,0.5,633,1674051704008112501,7002,432,0,-18,64,1295
64,gamma4,0.5,634,2114294045329623755,2309,197,-1,35,-64,581
64,gamma4,0.5,635,1502370041812549155,7470,148,0,64,20,885
64,gamma4,0.5,636,7976699287772809653,3231,149,0,-64,19,524
64,gamma4,0.5,637,8821113465084220563,9094,324,-1,-40,-64,1385
64,gamma4,0.5,638,3418108746988393217,5741,153,1,64,9,679
64,gamma4,0.5,639,7407270679928975707,7755,295,-1,47,64,1297
64,gamma4,0.5,640,7877747892019508638,4963,285,-1,-41,-64,868
64,gamma4,0.5,641,6492579401292958481,6031,191,-3,-29,64,993
64,gamma4,0.5,642,5796085186370236457,17453,147,-1,37,64,1421
64,gamma4,0.5,643,7530734211651972992,14097,163,0,19,-64,1329
64,gamma4,0.5,644,4682515669608077168,7165,341,-3,-3,-64,1162
64,gamma4,0.5,645,6618406167393481807,6319,281,-1,-64,-13,1023
64,gamma4,0.5,646,2713518664599293119,4561,165,2,64,-1,728
64,gamma4,0.5,647,4699597260613132942,3799,169,3,-64,19,756
64,gamma4,0.5,648,330490220642228948,2300,156,0,-64,-34,547
64,gamma4,0.5,649,8797358564359610882,2819,159,-1,-64,7,667
64,gamma4,0.5,650,4853888975901508665,7324,228,-2,18,64,932
64,gamma4,0.5,651,355770726024308705,11826,412,5,-46,-64,1468
64,gamma4,0.5,652,340852276466752892,2636,246,-1,-4,-64,538
64,gamma4,0.5,653,7133035260272011275,11161,333,1,64,51,1573
64,gamma4,0.5,654,8802104396550629569,2649,195,2,-7,-64,552
64,gamma4,0.5,655,8393116475843811182,3524,216,2,64,4,590
64,gamma4,0.5,656,3469573985955595691,7604,328,-3,0,-64,1437
64,gamma4,0.5,657,2918844895160396182,24090,360,-1,56,64,2361
64,gamma4,0.5,658,2250441743954640204,9111,267,4,-64,-19,1165
64,gamma4,0.5,659,3880423300481646144,2937,217,1,-64,41,650
64,gamma4,0.5,660,8385736117164444650,9311,349,2,41,-64,1277
64,gamma4,0.5,661,812557449294854595,2752,222,-3,-30,-64,496
64,gamma4,0.5,662,4696135782455226285,26169,207,1,-64,57,3063
64,gamma4,0.5,663,2727945930590939838,3931,149,1,64,-11,600
64,gamma4,0.5,664,5258694517368842311,28548,216,-3,54,-64,2180
64,gamma4,0.5,665,2121111759126328359,3478,174,1,-30,-64,710
64,gamma4,0.5,666,6837699771561764195,843,163,0,-17,-64,344
64,gamma4,0.5,667,1922559513888971703,2737,205,2,17,64,624
64,gamma4,0.5,668,4483906660868594745,14926,386,1,40,64,1785
64,gamma4,0.5,669,6611964768324662619,10967,291,-2,-47,-64,825
64,gamma4,0.5,670,2512069725560355301,3752,176,-4,64,34,708
64,gamma4,0.5,671,2637834748269904837,4712,152,-1,-8,64,620
64,gamma4,0.5,672,5733045529462282314,5442,158,-3,64,-24,1125
64,gamma4,0.5,673,8942130076879318435,1508,254,1,30,-64,452
64,gamma4,0.5,674,6323017521519010941,2690,154,2,-64,8,645
64,gamma4,0.5,675,5031222843897664030,4392,222,3,4,-64,922
64,gamma4,0.5,676,1307371136464767019,3032,208,2,64,26,707
64,gamma4,0.5,677,3770060739505166167,9193,175,1,-64,7,1701
64,gamma4,0.5,678,5453249691659087237,7895,257,-2,27,64,1192
64,gamma4,0.5,679,2550976176298476999,3039,259,-1,33,-64,660
64,gamma4,0.5,680,1869120979009339783,1451,221,1,-64,13,477
64,gamma4,0.5,681,2784545760190627210,9667,159,0,23,-64,1091
64,gamma4,0.5,682,5832842716893143084,3663,175,0,-27,64,564
64,gamma4,0.5,683,2047844348231131556,11645,267,-1,53,-64,1577
64,gamma4,0.5,684,6655990564491687820,7766,278,3,50,-64,1399
64,gamma4,0.5,685,2738089233571608667,8158,248,0,-24,64,1167
64,gamma4,0.5,686,2569002908540589374,12878,232,-3,32,64,1851
64,gamma4,0.5,687,8726800702227327899,7251,151,0,3,-64,1040
64,gamma4,0.5,688,8404138910869707858,7099,141,1,5,64,1089
64,gamma4,0.5,689,2536924433975380638,3979,197,0,-17,64,671
64,gamma4,0.5,690,4717475873812664990,13983,155,1,64,23,1743
64,gamma4,0.5,691,8928096060988526764,5245,245,0,-64,23,954
64,gamma4,0.5,692,2489088206362444596,18285,331,-3,-19,-64,2513
64,gamma4,0.5,693,7276128742796456797,6859,377,-5,64,3,1102
64,gamma4,0.5,694,268859434899024456,3879,203,0,-7,64,553
64,gamma4,0.5,695,5799132820751308465,7454,354,-3,64,2,1412
64,gamma4,0.5,696,1399123065533328360,9446,220,-4,18,64,883
64,gamma4,0.5,697,716145382224576716,1782,126,0,-64,-14,404
64,gamma4,0.5,698,1165312500367640371,6051,169,1,-64,3,666
64,gamma4,0.5,699,299713922969709934,15620,342,3,-64,36,1722
128,gamma4,0.5,0,3718070716801188727,25287,725,1,-55,128,3815
128,gamma4,0.5,1,3132811305602225942,34271,693,2,128,-47,4306
128,gamma4,0.5,2,1576853497476563602,22636,680,0,-128,90,2967
128,gamma4,0.5,3,7858285282379829628,15141,329,-1,23,128,2266
128,gamma4,0.5,4,7641503133321160408,4816,492,0,64,-128,1188
128,gamma4,0.5,5,5404994777049894796,49419,641,3,128,-49,5829
128,gamma4,0.5,6,1746826816842878486,36519,737,-3,128,-49,4383
128,gamma4,0.5,7,4323081886916292559,7790,440,-2,12,128,1670
128,gamma4,0.5,8,6854909906760922306,20435,271,1,-128,-27,2829
128,gamma4,0.5,9,5949472174877419256,8482,530,2,46,128,1844
128,gamma4,0.5,10,3998549899959833512,31793,819,1,-128,-57,4735
128,gamma4,0.5,11,6026238525451376649,10507,453,1,-128,-45,1438
128,gamma4,0.5,12,1186445445248058715,49456,618,0,128,-28,5343
128,gamma4,0.5,13,9153001365215507507,20621,629,-4,-17,-128,2930
128,gamma4,0.5,14,8584543685403621654,39485,709,1,-39,-128,4312
128,gamma4,0.5,15,915091030996395010,20730,480,3,-62,-128,3836
128,gamma4,0.5,16,5160898756076521943,24553,861,-1,128,-67,4119
128,gamma4,0.5,17,4156441586774762189,20373,647,-1,128,-11,3281
128,gamma4,0.5,18,5364795236374063843,58731,469,1,128,75,6128
128,gamma4,0.5,19,7990194564324749634,19222,634,0,-100,-128,2595
128,gamma4,0.5,20,2097486988644265519,22144,472,3,128,-24,3130
128,gamma4,0.5,21,6196053210758340466,17793,637,3,107,128,2666
128,gamma4,0.5,22,3261971067659658970,25381,1019,4,-128,-15,4229
128,gamma4,0.5,23,5133484203376548851,24244,848,1,28,128,3318
128,gamma4,0.5,24,5422851034107058325,9629,435,-1,-128,-7,1742
128,gamma4,0.5,25,5901443324622903671,7189,353,0,-128,33,1242
128,gamma4,0.5,26,4698589654158654153,33594,538,-1,-20,-128,4081
128,gamma4,0.5,27,1311405572926828043,106662,448,2,-80,-128,9832
128,gamma4,0.5,28,4354873996380959143,94245,575,1,-29,-128,9442
128,gamma4,0.5,29,8845082874559369058,26211,507,1,-128,33,3149
128,gamma4,0.5,30,5900661568007582747,7927,463,-2,3,128,1529
128,gamma4,0.5,31,4413620042816690085,71713,555,-4,13,-128,6837
128,gamma4,0.5,32,6236290825845583423,8541,429,0,-99,128,1551
128,gamma4,0.5,33,708626854751395543,15349,413,-3,128,9,2382
128,gamma4,0.5,34,3030549376360113554,10265,541,4,-27,-128,1686
128,gamma4,0.5,35,94720946972290071,19219,485,0,128,45,2856
128,gamma4,0.5,36,3060548838910481793,30051,433,3,1,-128,3690
128,gamma4,0.5,37,7083681638098184021,22628,484,0,128,-18,2257
128,gamma4,0.5,38,4557844663902019318,11439,611,-2,-75,-128,2068
128,gamma4,0.5,39,2390684281099467266,14313,845,2,45,128,2601
128,gamma4,0.5,40,7380819900035389054,39729,441,0,128,-23,4749
128,gamma4,0.5,41,617505491429890219,14552,450,-2,80,-128,2249
128,gamma4,0.5,42,5694797359706778126,32634,414,1,-128,-26,3923
128,gamma4,0.5,43,1687271604474203352,60947,309,1,128,-5,6485
128,gamma4,0.5,44,5590011435027965334,20471,497,-2,37,-128,2688
128,gamma4,0.5,45,1381016258486912870,36260,344,0,0,128,3709
128,gamma4,0.5,46,2260204837207006047,26423,685,1,-128,-87,3292
128,gamma4,0.5,47,1155246474119161382,43447,507,3,-27,-128,4569
128,gamma4,0.5,48,8621932318109471860,17372,490,0,-128,18,2744
128,gamma4,0.5,49,4624022551747826180,10204,352,-2,-28,128,1439
128,gamma4,0.5,50,5892295320107930675,8864,432,0,14,128,1488
128,gamma4,0.5,51,1193903692395660373,35088,544,0,-80,-128,3810
128,gamma4,0.5,52,8499100212024904439,87861,695,-5,-128,-103,6433
128,gamma4,0.5,53,242437347722974151,44715,517,1,49,-128,4032
128,gamma4,0.5,54,365197173436069131,119354,962,0,-8,-128,9114
128,gamma4,0.5,55,5944515702129360199,20628,638,-1,-100,128,3140
128,gamma4,0.5,56,6929440678984762521,16445,437,3,-71,-128,2192
128,gamma4,0.5,57,6055250428286261864,50745,573,-1,-128,-61,5335
128,gamma4,0.5,58,7408497993302235484,10280,510,3,128,-2,1565
128,gamma4,0.5,59,3480254780156135344,109283,875,1,128,13,11152
128,gamma4,0.5,60,1874306927137521838,13675,443,1,-128,85,2185
128,gamma4,0.5,61,5795475969028635828,43938,630,5,128,-28,5501
128,gamma4,0.5,62,4087050860696479132,14876,366,0,128,-40,1926
128,gamma4,0.5,63,928875359108667711,9874,552,-2,-128,-36,1688
128,gamma4,0.5,64,7400046140518704012,20718,586,1,36,128,2791
128,gamma4,0.5,65,6320463030703785220,44361,477,-2,-128,-21,5112
128,gamma4,0.5,66,2581076244297002554,34172,798,1,74,128,3977
128,gamma4,0.5,67,9038268861122407108,8231,513,1,57,128,1551
128,gamma4,0.5,68,1124646011082152728,12713,485,3,13,-128,2355
128,gamma4,0.5,69,8022488871485191238,51561,659,1,117,-128,4160
128,gamma4,0.5,70,1370428241973760464,21692,460,-2,128,-112,2235
128,gamma4,0.5,71,4602844854058401520,50678,498,0,-128,-8,5884
128,gamma4,0.5,72,4304325482227156831,43899,597,-4,-69,128,4449
128,gamma4,0.5,73,6889916789974789807,5499,445,4,-43,-128,1163
128,gamma4,0.5,74,4799516077297764159,18827,331,0,-128,-45,2877
128,gamma4,0.5,75,9096143030832637962,58524,496,2,68,128,6122
128,gamma4,0.5,76,3367939267241100522,29066,650,-2,48,128,4071
128,gamma4,0.5,77,5637896265323112593,21513,561,1,-128,11,2663
128,gamma4,0.5,78,1699961722835890334,35754,432,-1,102,-128,3491
128,gamma4,0.5,79,4914206846776917194,25088,840,-4,-98,128,3548
128,gamma4,0.5,80,5519752411150610778,13763,513,-1,43,128,1969
128,gamma4,0.5,81,8053106237135617607,15956,394,2,-128,50,2531
128,gamma4,0.5,82,371557396018160884,7777,411,-1,43,-128,1277
128,gamma4,0.5,83,1389751418388618829,3783,371,-1,128,-47,810
128,gamma4,0.5,84,2237170283935448814,27466,634,-2,128,86,3506
128,gamma4,0.5,85,7688709185150412050,17656,432,2,-14,128,1660
128,gamma4,0.5,86,7684255876768339737,39644,450,1,-22,128,4068
128,gamma4,0.5,87,7083464913906657672,4789,349,-1,3,-128,1099
128,gamma4,0.5,88,9173379854544817039,39990,788,0,-128,-6,4569
128,gamma4,0.5,89,8302892041412448164,12871,493,1,-128,51,2112
128,gamma4,0.5,90,7774032666155348269,43337,451,-1,-3,128,3996
128,gamma4,0.5,91,4092969598763447191,41782,808,-1,-2,128,4786
128,gamma4,0.5,92,3341934605147421508,15715,653,-1,63,128,2694
128,gamma4,0.5,93,1691264693590510503,131085,529,2,-39,-128,10314
128,gamma4,0.5,94,938643526229601954,12592,494,-2,-128,-30,1937
128,gamma4,0.5,95,6831930015779313274,38912,844,-2,16,128,3505
128,gamma4,0.5,96,3053048723360854767,14303,653,2,-128,-13,2428
128,gamma4,0.5,97,1290198837445562606,49795,651,-1,77,128,5885
128,gamma4,0.5,98,6968751160345904476,17249,433,1,128,-69,2103
128,gamma4,0.5,99,3130658168645984609,39518,686,0,-2,128,4097
128,gamma4,0.5,100,8699446395812759092,19582,626,3,8,-128,2748
128,gamma4,0.5,101,2808712293129065510,13235,427,-2,-128,9,2096
128,gamma4,0.5,102,1464959948730087694,81407,1017,1,-35,-128,9237
128,gamma4,0.5,103,8924285153074959753,78081,687,2,-128,-59,5908
128,gamma4,0.5,104,5067579367010476630,41762,430,-2,42,-128,4550
128,gamma4,0.5,105,9130977682150485521,26561,621,2,-128,89,3053
128,gamma4,0.5,106,7427080814654324457,15487,707,-3,-128,-53,2728
128,gamma4,0.5,107,6486127803195523312,27241,801,-1,75,-128,3311
128,gamma4,0.5,108,6669214244618327854,47875,451,-1,128,-93,5112
128,gamma4,0.5,109,5544773893500475871,36335,441,4,-128,77,4447
128,gamma4,0.5,110,8799903328918942946,26504,652,1,-86,128,4210
128,gamma4,0.5,111,3028399486252121060,38337,683,-2,-128,45,5651
128,gamma4,0.5,112,5959827289780156367,36815,593,1,-128,99,5203
128,gamma4,0.5,113,790849315295523830,33501,519,2,47,128,4458
128,gamma4,0.5,114,2469161125922343654,8601,447,1,45,-128,1607
128,gamma4,0.5,115,7168983413558930124,60529,525,-3,-128,7,7881
128,gamma4,0.5,116,2581972184992395613,40641,517,1,128,51,5857
128,gamma4,0.5,117,2117777913956257337,60701,423,0,-29,128,4709
128,gamma4,0.5,118,8925903861772719550,12386,480,-3,-128,-16,2268
128,gamma4,0.5,119,5484135172701788917,6400,448,-1,128,48,1250
128,gamma4,0.5,120,7527222686273209676,25913,663,1,37,128,3180
128,gamma4,0.5,121,8652638973811068461,23587,409,2,69,128,3456
128,gamma4,0.5,122,3610882115452301790,32955,465,1,128,-25,4076
128,gamma4,0.5,123,2979183451644139861,76262,782,-2,-128,-54,5829
128,gamma4,0.5,124,8261985259710593466,26156,516,-4,-34,128,2988
128,gamma4,0.5,125,8219803930844048488,23273,437,0,-128,3,2712
128,gamma4,0.5,126,9016404550281335181,42865,961,-2,128,-73,5531
128,gamma4,0.5,127,3520854024005067913,15025,651,-1,3,-128,2406
128,gamma4,0.5,128,3333574219623342154,13640,408,-2,128,-60,1818
128,gamma4,0.5,129,6454808484910665917,24980,630,-3,128,-24,3231
128,gamma4,0.5,130,8691673925465920899,39207,469,0,-128,63,4372
128,gamma4,0.5,131,751802301024713031,50254,654,2,-44,128,5243
128,gamma4,0.5,132,2639870159633043156,55403,381,3,9,128,5521
128,gamma4,0.5,133,7422319984353360060,22129,597,-2,-128,-23,3504
128,gamma4,0.5,134,1759457217719817581,76084,756,4,-92,-128,5547
128,gamma4,0.5,135,1748123404978644540,12778,512,1,-128,92,1896
128,gamma4,0.5,136,3348155050038383158,13738,610,0,12,-128,2138
128,gamma4,0.5,137,4878361939379451670,14107,419,-1,37,-128,2186
128,gamma4,0.5,138,2157204015159416222,70640,922,4,-128,30,8173
128,gamma4,0.5,139,7777743087105556953,15704,534,0,64,128,2783
128,gamma4,0.5,140,3724174959898594254,27399,379,0,-39,-128,2567
128,gamma4,0.5,141,3081415129792768196,93564,606,2,128,-54,8834
128,gamma4,0.5,142,282416686826437422,26707,799,0,37,-128,3587
128,gamma4,0.5,143,9120956190059973402,28458,674,2,56,128,3363
128,gamma4,0.5,144,2792030578841519966,28259,611,-3,47,128,3023
128,gamma4,0.5,145,5420859658718100033,33286,808,1,-16,128,4110
128,gamma4,0.5,146,3879053257199990132,24786,480,1,2,-128,3651
128,gamma4,0.5,147,1185060774741513409,6831,359,0,-29,128,1162
128,gamma4,0.5,148,1609407077182754065,20896,568,1,-34,-128,2452
128,gamma4,0.5,149,5275946978498043146,11351,419,-2,-128,-49,1847
128,gamma4,0.5,150,5292590988645773731,43152,772,2,-128,102,5608
128,gamma4,0.5,151,7489210216725916832,34153,617,1,65,128,3621
128,gamma4,0.5,152,5268434686660014301,12453,475,2,128,-65,2147
128,gamma4,0.5,153,6589878942724733857,29349,885,0,-128,-43,4774
128,gamma4,0.5,154,941381066658105985,39753,635,-2,128,43,4573
128,gamma4,0.5,155,4935663921551255210,62583,471,1,128,-39,6848
128,gamma4,0.5,156,3823351781110421671,25929,481,0,13,-128,3480
128,gamma4,0.5,157,4718057753176047357,47884,608,-3,-8,-128,5189
128,gamma4,0.5,158,8508713631607075960,23157,647,2,128,25,3648
128,gamma4,0.5,159,3027175784999428937,72196,658,-3,-102,-128,8215
128,gamma4,0.5,160,8709182389670841818,10076,300,1,-128,-12,1541
128,gamma4,0.5,161,6496924738262907392,162988,788,3,-128,24,11425
128,gamma4,0.5,162,474880690841628379,14095,461,-2,71,-128,2403
128,gamma4,0.5,163,2429236487333534799,48733,539,-1,-128,17,4741
128,gamma4,0.5,164,2804131641235352522,111868,852,-2,-82,128,8546
128,gamma4,0.5,165,1526293604663948338,67369,777,0,-115,-128,6540
128,gamma4,0.5,166,8809409432571896013,11832,482,-1,128,28,1857
128,gamma4,0.5,167,3336469883530317734,33258,358,2,-128,-20,3916
128,gamma4,0.5,168,2212159010968823635,15491,485,0,128,1,2442
128,gamma4,0.5,169,5765276041828626050,31735,635,0,-128,-53,3840
128,gamma4,0.5,170,5726311397004779462,207161,1441,-2,128,85,14538
128,gamma4,0.5,171,5241355605309143159,49182,502,-1,24,128,4109
128,gamma4,0.5,172,2113201056962979909,17599,673,0,-81,-128,2748
128,gamma4,0.5,173,3175879935465186872,27113,349,2,-128,13,2875
128,gamma4,0.5,174,7990819887484233692,81290,534,2,-16,-128,6094
128,gamma4,0.5,175,6383468420480038748,13742,428,-1,128,26,2379
128,gamma4,0.5,176,2173067690126335114,23760,460,5,22,128,3440
128,gamma4,0.5,177,1764957706856635255,28701,467,0,-79,128,3455
128,gamma4,0.5,178,6162273604108326175,47691,537,2,13,-128,4833
128,gamma4,0.5,179,7315388035885488498,18106,658,-3,128,106,2886
128,gamma4,0.5,180,7712641222525878434,11397,389,-2,-128,45,2018
128,gamma4,0.5,181,6797447083443191790,20250,320,-1,128,10,2767
128,gamma4,0.5,182,2345207529823756497,25803,713,4,-21,128,3680
128,gamma4,0.5,183,4892729481599840681,29198,600,0,128,34,3745
128,gamma4,0.5,184,8521044599050559526,55776,446,0,38,-128,5922
128,gamma4,0.5,185,955407679833496561,18530,924,1,-72,-128,3316
128,gamma4,0.5,186,2774273757275190846,14129,367,2,-51,-128,1736
128,gamma4,0.5,187,5926579675417199546,54778,476,-2,14,128,6485
128,gamma4,0.5,188,7726097836382916624,26625,357,1,-5,-128,4262
128,gamma4,0.5,189,4378037767962518528,60961,481,2,-61,-128,7769
128,gamma4,0.5,190,8018137237901668354,73327,299,-2,-128,19,5164
128,gamma4,0.5,191,7038458249000903114,115578,698,-3,-46,128,11927
128,gamma4,0.5,192,5990015630562114895,14499,379,-2,-51,128,2235
128,gamma4,0.5,193,7433432575102705362,11417,493,-3,128,37,2104
128,gamma4,0.5,194,219729789872758386,38730,634,0,122,128,3740
128,gamma4,0.5,195,4585227769807955027,11184,442,-1,-128,-96,1775
128,gamma4,0.5,196,1586911885595910980,36151,497,0,107,128,3415
128,gamma4,0.5,197,5022748878417910589,89161,977,-1,-128,-117,8253
128,gamma4,0.5,198,2804641090440247902,322429,585,1,128,-53,11686
128,gamma4,0.5,199,6919554620042390921,7096,358,1,128,10,1247
128,gamma4,0.5,200,8502194224349117855,58741,627,4,128,-71,6707
128,gamma4,0.5,201,1620027125182022206,128420,666,1,-52,128,13513
128,gamma4,0.5,202,6169557775227799029,9581,347,-1,-73,128,1646
128,gamma4,0.5,203,8430995524223592369,16814,546,-2,-114,128,2232
128,gamma4,0.5,204,5921267733207383362,13355,357,2,128,-11,1786
128,gamma4,0.5,205,8072354832322696502,43015,707,-3,-128,109,6111
128,gamma4,0.5,206,5472452185154102634,31347,829,0,-97,-128,3277
128,gamma4,0.5,207,3933404978328291863,21623,339,-2,-45,128,2370
128,gamma4,0.5,208,2609087012480596601,107401,561,-2,128,35,8208
128,gamma4,0.5,209,1058670287540938017,18729,459,0,23,128,2269
128,gamma4,0.5,210,6764855223242931169,24839,433,0,-33,-128,2606
128,gamma4,0.5,211,7902327500981746730,10010,538,-3,-128,68,1829
128,gamma4,0.5,212,2657863966740490976,68634,534,3,128,-94,6778
128,gamma4,0.5,213,1997960788021211955,30994,468,-2,-98,-128,3073
128,gamma4,0.5,214,2362686129546332528,41161,433,2,-57,-128,4719
128,gamma4,0.5,215,3230514753229554672,19314,606,-3,128,-18,2883
128,gamma4,0.5,216,8841501766062031521,15081,467,2,128,27,1848
128,gamma4,0.5,217,1592324456280273229,67713,529,1,-128,-45,5915
128,gamma4,0.5,218,6647941000116634388,34747,469,1,-128,115,3973
128,gamma4,0.5,219,9086041279514252965,19371,845,-2,-25,128,3503
128,gamma4,0.5,220,200130121803722937,40341,421,1,67,128,2605
128,gamma4,0.5,221,4971496329932901428,41910,528,-5,-128,-60,4496
128,gamma4,0.5,222,4512965861460847414,16387,469,2,128,-111,2565
128,gamma4,0.5,223,4610287734895918948,11037,391,0,128,71,1588
128,gamma4,0.5,224,4239954992847818859,34351,691,5,-69,-128,4071
128,gamma4,0.5,225,2608386678717675940,22590,442,2,28,128,2545
128,gamma4,0.5,226,1574462943380923344,19492,556,2,128,-84,2541
128,gamma4,0.5,227,9113207032195152744,13896,522,-1,128,68,2203
128,gamma4,0.5,228,2610421441950333553,26333,1097,1,128,67,4113
128,gamma4,0.5,229,7075917228825194742,16999,473,1,128,-25,2502
128,gamma4,0.5,230,7093146749810078498,18810,520,1,-128,4,2379
128,gamma4,0.5,231,1714882818349009917,25026,402,0,128,-52,2094
128,gamma4,0.5,232,4535128850684342452,19472,448,1,128,82,3357
128,gamma4,0.5,233,4974043011892994580,31951,1037,-5,35,-128,5011
128,gamma4,0.5,234,5503146842428776822,26064,730,1,34,-128,3269
128,gamma4,0.5,235,166110262568733760,19360,862,0,-128,50,2928
128,gamma4,0.5,236,9189594734935049980,29336,448,0,-128,6,3508
128,gamma4,0.5,237,6514147834849798923,25884,548,0,12,-128,3112
128,gamma4,0.5,238,4493961415037713689,13278,628,1,128,-6,2001
128,gamma4,0.5,239,193535535025599777,33734,690,1,92,128,4582
128,gamma4,0.5,240,2282486665393350132,88561,485,3,-128,-71,8968
128,gamma4,0.5,241,3214813207174629107,67159,643,1,-128,65,5323
128,gamma4,0.5,242,6607657174859056245,31530,436,2,-128,42,2605
128,gamma4,0.5,243,3009091995774252202,26547,705,-2,-49,-128,3515
128,gamma4,0.5,244,3994335708120401304,51601,861,1,-128,-105,5188
128,gamma4,0.5,245,4941759594103849136,82496,658,3,-128,10,6572
128,gamma4,0.5,246,5982765964030771850,64833,933,3,115,128,5869
128,gamma4,0.5,247,1440948862889081570,16621,511,-2,45,-128,2330
128,gamma4,0.5,248,5636148151786590341,15928,640,-1,86,-128,2865
128,gamma4,0.5,249,1444799036547348598,14918,408,0,46,-128,1849
128,gamma4,0.5,250,8131719575016535978,113102,582,-2,-18,128,11860
128,gamma4,0.5,251,8318348618302459175,20989,699,-1,128,-43,3144
128,gamma4,0.5,252,5623072990065778745,62127,1329,2,-69,128,7322
128,gamma4,0.5,253,3763422178312174902,30765,489,-2,128,63,4122
128,gamma4,0.5,254,5076143374049951772,50250,534,0,-72,-128,5426
128,gamma4,0.5,255,3643395518356114657,63033,1187,-2,-128,123,7353
128,gamma4,0.5,256,1717576603223319700,17734,558,0,40,-128,3303
128,gamma4,0.5,257,5250107342619355886,23859,513,-3,-65,128,2675
128,gamma4,0.5,258,8802254387132501807,24564,434,1,128,-28,2781
128,gamma4,0.5,259,8398187787379216425,18102,578,2,-20,-128,2811
128,gamma4,0.5,260,7049036956998438604,29845,541,4,-128,45,3740
128,gamma4,0.5,261,7994237797830155950,26772,722,2,56,-128,3980
128,gamma4,0.5,262,4757083955743776358,6220,404,-2,16,-128,1139
128,gamma4,0.5,263,910469124303352121,25809,819,-4,-128,81,3415
128,gamma4,0.5,264,623464455648870853,63662,350,1,-80,128,3887
128,gamma4,0.5,265,2147829975172033307,35653,871,-2,21,-128,4272
128,gamma4,0.5,266,4987513853533076448,8336,494,0,12,-128,1533
128,gamma4,0.5,267,2463958168067117627,55032,670,0,-128,-96,4838
128,gamma4,0.5,268,384329317552588682,16901,531,-3,109,-128,2378
128,gamma4,0.5,269,8917053516167555478,61666,712,1,-128,-62,6332
128,gamma4,0.5,270,991865476460586546,85352,660,-1,-128,-106,8659
128,gamma4,0.5,271,5579057086124858452,33510,468,1,-2,-128,4243
128,gamma4,0.5,272,2784078324297238171,41718,300,-1,128,-10,4291
128,gamma4,0.5,273,8043386110387768097,36065,627,0,-69,128,3626
128,gamma4,0.5,274,7881733394357582877,72560,328,0,128,-46,5298
128,gamma4,0.5,275,4108802565717225673,19653,571,1,49,128,3092
128,gamma4,0.5,276,3183384827871151391,58431,553,-2,-128,-17,6228
128,gamma4,0.5,277,565605647815524052,28479,477,0,57,128,3336
128,gamma4,0.5,278,1438063669800992184,54955,443,-1,47,-128,4586
128,gamma4,0.5,279,8499192215296544747,78981,627,-4,95,-128,7487
128,gamma4,0.5,280,5304018608801409205,36920,512,0,-46,128,4038
128,gamma4,0.5,281,5209694503141269367,15887,429,2,-3,-128,2088
128,gamma4,0.5,282,2177681843192975182,13864,530,0,128,80,2211
128,gamma4,0.5,283,1501853561731568422,14500,428,-1,128,-72,2092
128,gamma4,0.5,284,6307326984690681191,17575,367,1,-47,-128,2067
128,gamma4,0.5,285,1590020852832186921,94817,1881,5,-128,-87,10653
128,gamma4,0.5,286,8199767664588315201,82119,525,2,45,-128,9594
128,gamma4,0.5,287,650694128331371078,9387,389,1,-128,67,1602
128,gamma4,0.5,288,5953627819505363647,56022,612,0,22,128,6284
128,gamma4,0.5,289,2797517532791571911,61387,593,0,75,-128,6671
128,gamma4,0.5,290,2809890371779019331,31325,901,2,128,-101,4098
128,gamma4,0.5,291,5905812115374842950,10467,405,-1,128,73,1456
128,gamma4,0.5,292,5980393232371560864,16364,412,-2,-14,128,2120
128,gamma4,0.5,293,3817522262745912326,11409,463,-3,13,-128,1690
128,gamma4,0.5,294,1413540272262479584,10627,547,-5,-15,-128,1831
128,gamma4,0.5,295,2189118113148124263,12263,457,0,-128,33,1562
128,gamma4,0.5,296,629450197816476744,39821,773,-1,-9,128,4973
128,gamma4,0.5,297,2709889384595605497,7845,403,2,-128,-21,1547
128,gamma4,0.5,298,8212553639740526500,15830,650,2,-128,-78,1813
128,gamma4,0.5,299,6975695585739574510,12387,563,1,-128,-81,2204
128,gamma4,0.5,300,56186938271848857,17555,411,-1,-55,128,2299
128,gamma4,0.5,301,1369777881441229990,13631,375,0,-13,-128,2050
128,gamma4,0.5,302,1171215838592426749,16375,553,0,-35,-128,2426
128,gamma4,0.5,303,6703197306216732486,19835,591,0,128,-39,3482
128,gamma4,0.5,304,3625922059202306559,6896,390,0,128,-54,1204
128,gamma4,0.5,305,1990206783702445947,49454,1130,3,-128,-20,5081
128,gamma4,0.5,306,2750218460775833535,41170,640,-2,-26,-128,4930
128,gamma4,0.5,307,5129060172199485284,17827,607,1,31,-128,2965
128,gamma4,0.5,308,6738105918333061739,126199,609,-2,25,-128,7995
128,gamma4,0.5,309,8053416247314482558,19720,548,-2,46,-128,3256
128,gamma4,0.5,310,1638960644167423696,18481,643,-1,128,-25,2784
128,gamma4,0.5,311,3767774617050384647,27225,779,4,99,-128,3969
128,gamma4,0.5,312,487182169081511848,28019,587,0,71,-128,4218
128,gamma4,0.5,313,8251679394554551269,75557,567,-1,-43,128,4861
128,gamma4,0.5,314,1056243351509894032,24662,508,2,-128,-80,2845
128,gamma4,0.5,315,1640372917446351894,45228,414,-1,-128,104,5371
128,gamma4,0.5,316,5589575128205752702,74695,425,0,-115,128,6652
128,gamma4,0.5,317,8584182098568509037,43452,674,1,106,128,4660
128,gamma4,0.5,318,1820579910874169073,12195,487,2,47,128,2002
128,gamma4,0.5,319,473438844463758356,27208,518,2,-26,128,3983
128,gamma4,0.5,320,5382170946250809857,49901,417,0,11,128,4311
128,gamma4,0.5,321,6858335947155555223,23236,516,2,-128,6,2284
128,gamma4,0.5,322,616528688318638265,30462,438,2,14,128,3842
128,gamma4,0.5,323,1531795940788677299,36716,586,-2,-66,-128,3691
128,gamma4,0.5,324,1935161217332001352,22656,474,0,-128,-58,3127
128,gamma4,0.5,325,2261292367834291737,117280,978,-3,-52,128,10708
128,gamma4,0.5,326,1945423313579928855,45179,611,0,128,5,5103
128,gamma4,0.5,327,5069111071276811708,57523,613,1,-128,49,6523
128,gamma4,0.5,328,621913075185326587,28403,493,2,3,128,4012
128,gamma4,0.5,329,5952252184699284185,63446,486,0,128,40,8730
128,gamma4,0.5,330,671231034680852383,6982,396,-1,14,128,1270
128,gamma4,0.5,331,7440617871837103258,69534,318,1,128,38,6948
128,gamma4,0.5,332,1779156645344358611,4144,272,0,-8,128,860
128,gamma4,0.5,333,580628057458353870,9003,617,4,-3,-128,1883
128,gamma4,0.5,334,3227381419093820489,33623,641,-3,-35,128,4388
128,gamma4,0.5,335,4167599490034059724,27892,344,-2,128,-40,3233
128,gamma4,0.5,336,5650517158647752697,19696,646,-1,-128,6,2885
128,gamma4,0.5,337,3973828180416599269,34497,485,-3,-128,-45,5053
128,gamma4,0.5,338,7355724297154904823,50857,763,-4,-128,-33,5286
128,gamma4,0.5,339,2841753143204853470,76364,750,-2,128,-126,6821
128,gamma4,0.5,340,7197185967954607747,9457,553,2,-53,128,1911
128,gamma4,0.5,341,1979689929959961258,43711,1061,-2,-33,-128,5372
128,gamma4,0.5,342,733075289008702655,19863,403,-1,-128,-49,1673
128,gamma4,0.5,343,7172883646170418893,10725,471,0,-31,128,1833
128,gamma4,0.5,344,6922964126704889919,22922,466,0,128,44,3089
128,gamma4,0.5,345,4672795700517127567,25991,733,-1,-19,128,3664
128,gamma4,0.5,346,3056066543802750232,18325,485,-1,49,128,2732
128,gamma4,0.5,347,5185631273525331528,24106,420,3,128,28,2839
128,gamma4,0.5,348,8392087156705957712,17741,487,0,128,-81,2401
128,gamma4,0.5,349,3696451492128856127,12084,382,0,-38,-128,1644
128,gamma4,0.5,350,8228633567906811387,15052,456,1,128,-94,1831
128,gamma4,0.5,351,8961604931244678318,196433,1087,5,-83,128,12834
128,gamma4,0.5,352,7352054773113477107,59591,515,1,-13,128,4048
128,gamma4,0.5,353,3506792701887591111,102621,909,-2,-128,13,8187
128,gamma4,0.5,354,1508420170681338920,29820,558,1,128,68,2731
128,gamma4,0.5,355,3387054041335051303,31514,436,-2,36,-128,3091
128,gamma4,0.5,356,1344343396669960670,48155,401,0,-15,128,4257
128,gamma4,0.5,357,2374240749974455918,12377,523,1,128,-27,1710
128,gamma4,0.5,358,1482503982815360886,56505,871,0,-89,-128,7951
128,gamma4,0.5,359,3703465784018333133,19983,497,-1,-128,91,2465
128,gamma4,0.5,360,5187798754090782117,47915,931,-3,39,-128,5333
128,gamma4,0.5,361,7453664159051536729,36640,488,2,128,-24,3131
128,gamma4,0.5,362,4860882150185888702,18791,723,-2,31,128,2900
128,gamma4,0.5,363,2896994100961749741,8341,427,-1,-128,5,1684
128,gamma4,0.5,364,491968365396757111,7610,436,-3,128,-4,1370
128,gamma4,0.5,365,3610796828951142956,11490,570,-1,128,74,2259
128,gamma4,0.5,366,3441407659268589727,35622,358,-1,128,-24,3674
128,gamma4,0.5,367,1162934020676991907,39755,739,1,128,59,4143
128,gamma4,0.5,368,436944895430564695,25021,425,-3,-128,-55,3590
128,gamma4,0.5,369,6357152680693692290,29295,459,0,-128,73,2123
128,gamma4,0.5,370,9105222132723681951,8759,353,-1,57,128,1482
128,gamma4,0.5,371,5663299240616129181,35239,383,-3,-19,128,4033
128,gamma4,0.5,372,1408026641787162497,14326,518,3,-44,-128,2704
128,gamma4,0.5,373,2062675777141139525,26076,530,-2,-8,128,3505
128,gamma4,0.5,374,9079991884517082462,60177,443,0,128,-77,6865
128,gamma4,0.5,375,5699395681373580802,17823,513,-3,-5,128,2488
128,gamma4,0.5,376,5955668549477285432,139346,984,2,86,128,9586
128,gamma4,0.5,377,8142081026221341573,9691,509,1,-128,51,1893
128,gamma4,0.5,378,7657372821462132096,29525,667,2,-128,113,3389
128,gamma4,0.5,379,1260681828593083799,49943,343,0,-29,-128,4641
128,gamma4,0.5,380,8415517544057874322,9291,473,1,57,-128,1739
128,gamma4,0.5,381,4612873493733911817,72242,650,1,-128,46,8882
128,gamma4,0.5,382,1674341060668566039,5927,343,0,33,128,1294
128,gamma4,0.5,383,6002026182602571188,7094,550,0,-104,128,1328
128,gamma4,0.5,384,4842875491618741200,26991,1007,1,-123,128,4195
128,gamma4,0.5,385,1001018052685824744,21136,510,-3,52,-128,3111
128,gamma4,0.5,386,1586914836976158751,12111,661,2,-128,27,2304
128,gamma4,0.5,387,8839051586620156491,19977,447,1,-99,-128,2684
128,gamma4,0.5,388,5135039851883192664,55017,725,0,-81,128,6952
128,gamma4,0.5,389,2263813876109280872,53845,379,0,128,-35,5456
128,gamma4,0.5,390,4706584943031177754,53955,1487,6,-128,21,8006
128,gamma4,0.5,391,3027995550845780592,18987,611,-2,-128,59,2784
128,gamma4,0.5,392,1428767573934922563,18142,710,-2,128,94,2640
128,gamma4,0.5,393,8896145843147295574,33040,706,-1,-128,-78,3439
128,gamma4,0.5,394,8389485264555164273,6603,371,1,9,128,1195
128,gamma4,0.5,395,8487011131180498992,80493,477,-1,17,128,8020
128,gamma4,0.5,396,5360935213152797857,13976,554,2,-30,128,1973
128,gamma4,0.5,397,7951537273090161612,40691,967,3,73,128,5557
128,gamma4,0.5,398,1455839931430677560,53378,774,3,-4,-128,5426
128,gamma4,0.5,399,870831245846708733,8509,409,1,128,67,1316
128,gamma4,0.5,400,1986847878712735718,53517,533,-1,-51,128,5834
128,gamma4,0.5,401,8260529924156124926,46446,1010,-5,128,2,5974
128,gamma4,0.5,402,2980293740601722736,8512,544,0,128,20,1623
128,gamma4,0.5,403,8060397848695998271,7191,491,0,29,-128,1386
128,gamma4,0.5,404,3141283874179273316,7262,466,2,-26,128,1641
128,gamma4,0.5,405,6589711272030521606,13335,537,-1,99,128,2532
128,gamma4,0.5,406,3032014861385549639,11533,617,1,-128,53,1966
128,gamma4,0.5,407,7886753183428757670,61346,362,2,-128,62,5546
128,gamma4,0.5,408,45281824103887374,10398,330,0,14,-128,1564
128,gamma4,0.5,409,2843950600706533698,12070,506,1,-70,-128,1841
128,gamma4,0.5,410,5104793965177482051,12326,566,-1,128,-52,2090
128,gamma4,0.5,411,4152283620049523905,30697,667,-4,35,128,4430
128,gamma4,0.5,412,6253784442704719875,34823,579,3,-128,-25,3488
128,gamma4,0.5,413,6425187941802043978,35141,709,0,55,-128,5173
128,gamma4,0.5,414,8733264300306934246,16335,463,1,128,-27,2307
128,gamma4,0.5,415,2758075602057425188,13875,437,-2,128,65,1761
128,gamma4,0.5,416,8900800004840790232,4188,438,-1,128,116,901
128,gamma4,0.5,417,7679647691633179305,75414,378,-1,128,28,7784
128,gamma4,0.5,418,4678322298427000197,97489,643,0,23,-128,6467
128,gamma4,0.5,419,8974800157007142519,19445,345,0,-5,128,2329
128,gamma4,0.5,420,872748976025409563,62795,575,-1,51,128,5030
128,gamma4,0.5,421,7670181963957533081,48943,629,2,128,-45,4139
128,gamma4,0.5,422,6854489043993899807,57018,512,0,128,-16,6465
128,gamma4,0.5,423,338195694702584460,85326,468,0,128,50,5579
128,gamma4,0.5,424,6008055369642398694,14381,631,1,87,128,2427
128,gamma4,0.5,425,3153683738681202553,30680,616,1,40,128,3557
128,gamma4,0.5,426,3031649846751039449,29328,610,3,-62,128,4140
128,gamma4,0.5,427,4600384458406007323,23179,449,1,45,-128,3303
128,gamma4,0.5,428,2141272240625192020,94218,778,1,-64,-128,7786
128,gamma4,0.5,429,4165465570986882139,29084,562,-4,-52,128,3499
128,gamma4,0.5,430,2919960159167672876,28204,586,2,12,-128,2688
128,gamma4,0.5,431,1439422198010533880,29488,426,3,40,-128,3590
128,gamma4,0.5,432,3064052979770299955,59627,799,1,5,-128,7819
128,gamma4,0.5,433,3742590983877076059,15580,510,1,-30,-128,2941
128,gamma4,0.5,434,7571246802714328383,89783,309,0,-21,128,7714
128,gamma4,0.5,435,6991279351925939448,25456,526,0,-128,-96,3540
128,gamma4,0.5,436,3254180534515549625,18469,463,-1,19,128,2475
128,gamma4,0.5,437,7169858475653637219,23905,549,2,128,-91,3412
128,gamma4,0.5,438,3513943239909671861,73244,694,-2,-64,-128,5086
128,gamma4,0.5,439,6880975636554207587,48653,429,1,-128,-27,4395
128,gamma4,0.5,440,2267080352251023956,16287,639,-3,-1,-128,2495
128,gamma4,0.5,441,1186925876833762054,74902,616,-3,-128,14,8193
128,gamma4,0.5,442,4791230500147285673,10930,442,1,-128,-8,1631
128,gamma4,0.5,443,6956120026843682174,10815,399,-1,-128,71,1904
128,gamma4,0.5,444,776605876194428249,26863,465,-1,47,-128,3424
128,gamma4,0.5,445,6209280629138602605,79294,482,4,26,128,7992
128,gamma4,0.5,446,3749092728922160866,52074,434,-3,-128,8,5176
128,gamma4,0.5,447,5033213137729709223,10364,674,-1,14,-128,2352
128,gamma4,0.5,448,6355567222519081768,17162,458,0,128,-48,3120
128,gamma4,0.5,449,630754303606251628,13905,585,1,-128,117,2438
128,gamma4,0.5,450,7053646333972844735,16515,515,1,103,128,2886
128,gamma4,0.5,451,1667042114661480095,20978,462,1,-128,-44,2852
128,gamma4,0.5,452,2066161691412002608,23325,683,-1,19,128,4185
128,gamma4,0.5,453,5415622431668980393,14665,567,4,-11,-128,2359
128,gamma4,0.5,454,7322078062349364681,10772,552,-2,40,128,1702
128,gamma4,0.5,455,7682665131605948102,47801,487,1,128,-79,3531
128,gamma4,0.5,456,406789034658891302,5962,416,-3,64,128,1308
128,gamma4,0.5,457,3717706331605797375,17087,417,0,-21,128,2460
128,gamma4,0.5,458,4933542859693365420,40935,801,-1,128,21,4708
128,gamma4,0.5,459,4799982194086255723,21953,285,-2,128,37,2836
128,gamma4,0.5,460,5736635040554751082,9552,362,-1,-128,10,1382
128,gamma4,0.5,461,3251444256167143435,93371,427,-1,-128,7,8790
128,gamma4,0.5,462,3396308088604915992,35491,585,-1,128,11,3486
128,gamma4,0.5,463,5712446808271836036,16998,714,-1,-92,128,2431
128,gamma4,0.5,464,2146289904406859317,49359,577,1,128,27,6077
128,gamma4,0.5,465,4433712362520092564,20237,493,-2,128,-21,2859
128,gamma4,0.5,466,7812566954082656839,31791,461,0,21,128,3811
128,gamma4,0.5,467,1894594562981144512,56389,535,-1,-128,-81,4775
128,gamma4,0.5,468,927474978680893230,53705,1057,2,-128,-99,7793
128,gamma4,0.5,469,4298601460486062948,30217,551,0,57,-128,3542
128,gamma4,0.5,470,2175804557837944456,21985,471,-2,91,-128,2198
128,gamma4,0.5,471,2082395655428188475,39782,370,2,0,-128,3917
128,gamma4,0.5,472,8665494901555853399,41872,540,2,128,-38,5653
128,gamma4,0.5,473,4956054628887315522,10416,540,-4,-24,128,1835
128,gamma4,0.5,474,1284956645668844447,21977,559,-3,-128,-47,3167
128,gamma4,0.5,475,31002755589908821,8305,453,2,-128,7,1483
128,gamma4,0.5,476,4358230844058250985,26223,487,-4,128,5,2922
128,gamma4,0.5,477,9213720595842641241,52669,819,-4,-128,45,6691
128,gamma4,0.5,478,6688484841866475719,75987,723,-3,55,-128,6245
128,gamma4,0.5,479,2040729484476367575,15119,365,-1,128,9,2785
128,gamma4,0.5,480,794772765626045484,21300,600,0,128,84,2985
128,gamma4,0.5,481,2400875275340689644,14521,525,-2,128,11,2512
128,gamma4,0.5,482,3635571809196500570,37063,531,0,-37,-128,4593
128,gamma4,0.5,483,7896732870625218347,27621,535,-1,-128,-57,3358
128,gamma4,0.5,484,2291668376127301870,27584,640,3,-44,-128,3475
128,gamma4,0.5,485,7975796820866480368,20312,422,3,128,-30,3214
128,gamma4,0.5,486,5753260870006789603,15148,642,1,42,-128,2126
128,gamma4,0.5,487,3655389319771794386,9594,408,0,32,-128,1535
128,gamma4,0.5,488,8735539450171756270,2705,365,0,128,-13,773
128,gamma4,0.5,489,8836592132551150908,9315,329,-1,25,128,1225
128,gamma4,0.5,490,1476277130822911221,25400,900,-3,-72,128,4459
128,gamma4,0.5,491,882143702789800920,13260,364,1,-4,-128,1777
128,gamma4,0.5,492,5352658236651940657,26093,471,1,128,-103,3106
128,gamma4,0.5,493,2434884662525428287,62254,572,0,-128,64,3846
128,gamma4,0.5,494,3496082213497588433,22913,395,1,-49,-128,3234
128,gamma4,0.5,495,7568817390170309705,30733,533,-1,3,128,3161
128,gamma4,0.5,496,3650551438774249796,22621,435,3,-83,-128,3075
128,gamma4,0.5,497,8687015217268060059,98411,559,2,-128,-69,7922
128,gamma4,0.5,498,44228693057796437,6406,424,0,70,128,1212
128,gamma4,0.5,499,7186490630845462861,34238,472,-2,128,86,4553
128,gamma4,0.5,500,1124851702876508627,30998,548,1,66,128,4534
128,gamma4,0.5,501,7870483763965188070,22447,411,1,55,128,3180
128,gamma4,0.5,502,4560836261445448097,8392,546,2,-128,100,1623
128,gamma4,0.5,503,3042093146062201340,15397,713,1,-87,-128,2501
128,gamma4,0.5,504,9179736541761612889,28039,511,2,-15,128,2863
128,gamma4,0.5,505,8130697756644676951,22897,373,0,11,128,3072
128,gamma4,0.5,506,4234002711225990743,25970,648,0,-128,16,3259
128,gamma4,0.5,507,6868692215203729245,18192,654,-3,-28,-128,2743
128,gamma4,0.5,508,8692466344964963483,45683,453,1,128,95,3847
128,gamma4,0.5,509,9165574934796294276,58307,677,0,-57,128,5897
128,gamma4,0.5,510,3203817361447665207,37362,606,4,-128,-86,5006
128,gamma4,0.5,511,3696713635506532655,24626,646,2,-128,104,3988
128,gamma4,0.5,512,4613453997609231810,53824,1282,1,-128,-108,6654
128,gamma4,0.5,513,4666885158386395975,19894,560,-2,96,-128,2467
128,gamma4,0.5,514,546136172174827360,9072,662,-2,-128,-98,1724
128,gamma4,0.5,515,6838242252736704775,8441,549,-1,-128,-115,1571
128,gamma4,0.5,516,2764389305571292330,30902,742,-3,16,-128,5234
128,gamma4,0.5,517,6046263489268329326,7648,406,0,-128,76,1144
128,gamma4,0.5,518,7933727029261289062,56259,435,2,-13,128,6055
128,gamma4,0.5,519,4253497534306155968,23420,452,0,128,-82,2393
128,gamma4,0.5,520,1861034492291495554,30540,404,-2,-128,30,3758
128,gamma4,0.5,521,6273998013479476563,53969,603,-1,-7,-128,5494
128,gamma4,0.5,522,8135199577592473647,8093,541,0,-128,45,1726
128,gamma4,0.5,523,9148039599286264027,30327,523,2,128,5,3783
128,gamma4,0.5,524,1210279189294839446,16101,341,-1,31,-128,1921
128,gamma4,0.5,525,7717258780853003543,19083,431,2,-128,15,2653
128,gamma4,0.5,526,8544432127426370522,22548,438,2,-70,-128,3271
128,gamma4,0.5,527,1082272583869343620,16881,527,-2,-79,128,2206
128,gamma4,0.5,528,3036819638870026734,25379,389,2,-23,128,3418
128,gamma4,0.5,529,4476509330364353148,11604,468,-2,-128,32,2086
128,gamma4,0.5,530,2835612238642879967,50973,513,2,-59,-128,4141
128,gamma4,0.5,531,7916955171940225468,8158,440,0,22,128,1592
128,gamma4,0.5,532,6505863054570784340,15984,558,-1,-42,128,2336
128,gamma4,0.5,533,420282725422639288,81580,396,1,128,4,5786
128,gamma4,0.5,534,6570415309647090136,19988,364,-1,-128,20,2736
128,gamma4,0.5,535,3933279034324619947,7107,351,1,9,128,1326
128,gamma4,0.5,536,9000196045374733359,83701,727,-2,128,-103,6020
128,gamma4,0.5,537,5761377208916538245,17389,721,-1,-69,128,2613
128,gamma4,0.5,538,3400010907387714875,52979,883,-3,-128,11,5957
128,gamma4,0.5,539,5245568379281257585,18920,408,-2,-2,-128,2697
128,gamma4,0.5,540,4838972843274300157,34747,567,-1,-128,-7,5355
128,gamma4,0.5,541,6846467239361377814,70472,544,-1,88,128,7223
128,gamma4,0.5,542,6864578997408644002,42516,1136,2,-128,62,5859
128,gamma4,0.5,543,4461157397438360939,13975,497,-1,128,75,2288
128,gamma4,0.5,544,4219918703064350123,8689,387,-1,-41,-128,1261
128,gamma4,0.5,545,1528106716864377728,17073,503,1,-71,-128,2723
128,gamma4,0.5,546,2603685185690399246,12098,644,0,92,-128,2366
128,gamma4,0.5,547,89544216655057758,28347,463,6,-128,-25,3866
128,gamma4,0.5,548,23072455438659489,41274,820,-2,30,128,4862
128,gamma4,0.5,549,8607986648151646106,41283,389,3,-23,-128,5309
128,gamma4,0.5,550,6701183864206371646,22000,732,2,128,-46,3315
128,gamma4,0.5,551,2053611914037966788,12194,454,0,64,128,1757
128,gamma4,0.5,552,3578626356586834370,49659,601,0,35,-128,3320
128,gamma4,0.5,553,8459082451667834783,31345,1271,-1,21,128,4193
128,gamma4,0.5,554,6008713674806975016,22597,523,-1,-51,128,2954
128,gamma4,0.5,555,6861931690542482334,81038,560,0,100,128,6634
128,gamma4,0.5,556,5908895369664984070,52089,907,-2,128,-79,6005
128,gamma4,0.5,557,3766026460212611588,42103,855,-3,128,37,4625
128,gamma4,0.5,558,719959987658377220,18970,460,-1,-18,-128,2588
128,gamma4,0.5,559,5095062209323162655,12922,556,-4,38,-128,2637
128,gamma4,0.5,560,4987191800377270775,24421,403,3,-128,81,3827
128,gamma4,0.5,561,9060578651913572857,62577,543,-1,-113,-128,5458
128,gamma4,0.5,562,6152765237562978285,11757,465,-1,53,128,1692
128,gamma4,0.5,563,2546299183127956268,458099,431,-1,-128,-45,10403
128,gamma4,0.5,564,1001995395294125282,73526,1054,0,-128,90,7822
128,gamma4,0.5,565,2360786461027354450,18556,1086,-5,-128,6,3538
128,gamma4,0.5,566,3590800135819568700,11275,423,1,-7,128,1850
128,gamma4,0.5,567,3860903931889974834,35913,483,-2,31,128,3933
128,gamma4,0.5,568,8940818240581638639,123623,383,-3,3,-128,10817
128,gamma4,0.5,569,9038099809969814059,144404,554,0,128,80,11510
128,gamma4,0.5,570,2206279952629402163,7602,568,3,-128,-36,1525
128,gamma4,0.5,571,637649763716238629,48963,785,3,21,128,6848
128,gamma4,0.5,572,2386458822272228968,94987,1107,-5,-117,-128,9530
128,gamma4,0.5,573,8774133665055547053,35610,614,1,128,12,3980
128,gamma4,0.5,574,4670228340328496558,106429,931,1,65,128,8062
128,gamma4,0.5,575,1257320826078419260,90728,532,0,-62,-128,7860
128,gamma4,0.5,576,8052979608664669041,35487,405,3,51,-128,3956
128,gamma4,0.5,577,380882702731471741,22687,431,0,128,55,3462
128,gamma4,0.5,578,4611139497246121464,10248,486,3,-128,58,1878
128,gamma4,0.5,579,1344720967999232175,21598,746,1,18,128,3352
128,gamma4,0.5,580,9009980548322074844,13143,607,-1,-29,128,2111
128,gamma4,0.5,581,6725374989181532851,165154,674,1,-104,128,11914
128,gamma4,0.5,582,8889134723342587243,11711,425,1,-85,128,1449
128,gamma4,0.5,583,2652011509543768825,17781,587,-3,128,-55,2123
128,gamma4,0.5,584,3628563091429314428,10585,499,-1,107,128,1890
128,gamma4,0.5,585,5989559409924056564,16352,526,1,-128,-94,2772
128,gamma4,0.5,586,6656825003633926853,29138,510,1,-8,-128,3331
128,gamma4,0.5,587,8522578803943054422,31293,983,-4,-51,128,5090
128,gamma4,0.5,588,97289373445733286,58331,555,0,128,29,6521
128,gamma4,0.5,589,6797827096859990335,62220,394,3,50,128,5108
128,gamma4,0.5,590,3275412728526483589,15337,519,0,-128,7,2514
128,gamma4,0.5,591,9109327282708296678,73453,501,0,128,-39,7157
128,gamma4,0.5,592,8457878054545588401,19160,414,-3,-128,-48,3491
128,gamma4,0.5,593,325738199211886178,48789,847,-3,128,65,4387
128,gamma4,0.5,594,6239029032185285645,31795,771,0,-61,128,4004
128,gamma4,0.5,595,3367647313190593348,4630,436,0,-36,-128,935
128,gamma4,0.5,596,7620466938755185689,13109,523,-1,128,-33,1872
128,gamma4,0.5,597,4301576994614368250,19717,423,0,93,128,3023
128,gamma4,0.5,598,5336932137121263234,10914,592,3,-40,-128,2001
128,gamma4,0.5,599,8355791117415496858,16499,483,-1,-128,-53,2062
128,gamma4,0.5,600,1649760319407362002,113544,550,3,88,128,10842
128,gamma4,0.5,601,3546756260116475983,21779,667,0,128,47,2991
128,gamma4,0.5,602,2972830052355785367,11701,479,0,95,128,1859
128,gamma4,0.5,603,6883951753462066499,43157,433,0,29,128,3018
128,gamma4,0.5,604,4674077161528584593,21797,565,-2,-57,-128,2709
128,gamma4,0.5,605,6031213678744144143,29384,998,4,-48,-128,4198
128,gamma4,0.5,606,5070111212034589069,19779,529,1,128,45,2591
128,gamma4,0.5,607,3888618125939137681,14570,414,2,32,-128,2025
128,gamma4,0.5,608,2559926130648707605,50472,460,-1,128,28,4726
128,gamma4,0.5,609,7389792205348859060,7281,499,-2,128,-1,1417
128,gamma4,0.5,610,3701214222229731867,29931,611,-1,91,128,3861
128,gamma4,0.5,611,5888324368057764994,30836,1388,6,-128,-72,5557
128,gamma4,0.5,612,2618103438540261707,48757,301,1,17,-128,4395
128,gamma4,0.5,613,8675047905197891472,22896,628,-3,-128,-18,3110
128,gamma4,0.5,614,4347894214323912019,83544,602,0,128,-98,6319
128,gamma4,0.5,615,3030347023290775001,42918,622,0,26,128,5602
128,gamma4,0.5,616,1316224132086671535,30797,503,0,128,-17,3141
128,gamma4,0.5,617,1563730959219997525,31981,675,1,-95,-128,3696
128,gamma4,0.5,618,4057069801077246187,28611,675,-1,45,128,3784
128,gamma4,0.5,619,3007973981689677423,23612,504,1,-66,-128,3597
128,gamma4,0.5,620,7425316650985503767,51919,591,2,-128,-81,5641
128,gamma4,0.5,621,3233340405616349037,22942,648,0,-128,14,3688
128,gamma4,0.5,622,5832192289458678939,32264,354,0,-28,-128,2256
128,gamma4,0.5,623,1003300574377291031,16638,394,-2,-64,-128,2127
128,gamma4,0.5,624,8134470166937715549,29509,553,2,-19,128,2881
128,gamma4,0.5,625,8622922298371668608,25669,517,0,128,71,3119
128,gamma4,0.5,626,3803891198893590521,36680,392,-4,-78,128,3468
128,gamma4,0.5,627,1030653576504709114,23046,604,3,-128,118,2987
128,gamma4,0.5,628,7507376560720183268,69139,647,1,-128,119,6612
128,gamma4,0.5,629,1050693486603105172,50589,557,3,128,73,6371
128,gamma4,0.5,630,5608925097261770484,10229,489,0,-23,-128,1588
128,gamma4,0.5,631,8822597584884588767,28583,459,0,-128,99,3881
128,gamma4,0.5,632,8137464759559074626,52695,409,-1,-23,128,5505
128,gamma4,0.5,633,4886834911914458787,35629,625,2,128,45,4861
128,gamma4,0.5,634,2707906697918957221,13489,437,0,15,128,1657
128,gamma4,0.5,635,6984691833375121753,42165,501,2,128,3,3859
128,gamma4,0.5,636,585181101507039044,19380,632,3,-128,-60,2876
128,gamma4,0.5,637,641690646431653671,12445,615,-4,-128,-105,2281
128,gamma4,0.5,638,3847684407072173808,14290,492,0,34,128,1953
128,gamma4,0.5,639,367974169400439289,13151,421,0,128,11,1845
128,gamma4,0.5,640,2021153377334212490,7580,362,1,-128,46,1330
128,gamma4,0.5,641,5306343373045243542,20878,614,-3,58,128,2847
128,gamma4,0.5,642,198854714983248357,39177,693,-3,128,43,4902
128,gamma4,0.5,643,2803025914041761941,21318,470,0,68,128,2735
128,gamma4,0.5,644,635584106093363708,56379,951,4,128,-63,7287
128,gamma4,0.5,645,4030035636416830004,67570,562,-1,12,128,5815
128,gamma4,0.5,646,1988111229258551964,46487,659,1,13,128,5609
128,gamma4,0.5,647,6818141091337560668,19752,428,1,-88,128,2314
128,gamma4,0.5,648,3969288801982671159,54600,412,-1,10,-128,4937
128,gamma4,0.5,649,5200625760472796073,64083,633,0,-128,71,6274
128,gamma4,0.5,650,6353325989957216014,39721,885,-1,-111,128,5475
128,gamma4,0.5,651,4961215905211987373,12965,473,0,-128,-79,2107
128,gamma4,0.5,652,8870623306483497413,24819,519,-2,-128,-39,3533
128,gamma4,0.5,653,6811725420726257360,30201,641,0,128,81,4026
128,gamma4,0.5,654,2368155735362737103,23958,652,-2,-128,-112,2804
128,gamma4,0.5,655,235262406043834361,46213,1005,0,-37,-128,5656
128,gamma4,0.5,656,8917257898104325143,116937,769,3,103,128,7701
128,gamma4,0.5,657,7944602085587601313,13653,605,1,128,-19,2189
128,gamma4,0.5,658,7417285807020049408,31051,493,-2,63,128,3678
128,gamma4,0.5,659,459169931495578916,23285,579,-1,-128,-35,3535
128,gamma4,0.5,660,2006128213124160094,12321,565,1,128,61,2310
128,gamma4,0.5,661,5543470232315426255,15306,470,-1,118,128,2065
128,gamma4,0.5,662,7147256815691903433,21362,556,-2,-128,-68,2981
128,gamma4,0.5,663,4810747707183901760,16297,617,1,-3,128,2690
128,gamma4,0.5,664,6566391926791774427,20661,647,-2,-128,-37,3356
128,gamma4,0.5,665,6813737990215776658,13835,507,0,59,-128,1861
128,gamma4,0.5,666,7529533902127727652,22621,507,2,-25,128,3338
128,gamma4,0.5,667,4091900103028946091,38216,386,-2,14,128,4454
128,gamma4,0.5,668,792334445575130463,12441,419,1,-128,-51,1900
128,gamma4,0.5,669,2752945828900949327,126877,793,0,128,-93,11429
128,gamma4,0.5,670,259862722263119722,22098,402,2,128,-18,2498
128,gamma4,0.5,671,7049444209707557975,15360,708,-1,-128,-68,2305
128,gamma4,0.5,672,5465432819258089646,15597,591,0,-128,-35,2278
128,gamma4,0.5,673,4935069273105133225,17956,522,0,-60,128,2660
128,gamma4,0.5,674,7810575335240773170,41089,561,2,-7,-128,3618
128,gamma4,0.5,675,5144047260138836583,5356,396,2,128,-12,1180
128,gamma4,0.5,676,6561952506071322510,53922,816,2,-128,-40,5645
128,gamma4,0.5,677,4458322979550116453,30055,517,-2,-128,-51,4368
128,gamma4,0.5,678,3274133113731542201,16077,781,1,67,-128,2480
128,gamma4,0.5,679,1642131276228540649,25177,573,-1,128,-35,2708
128,gamma4,0.5,680,1074536552846454342,49523,497,-2,77,128,5137
128,gamma4,0.5,681,807279589777773100,33899,1001,-1,19,-128,4844
128,gamma4,0.5,682,8909408657310951634,17804,468,-3,-28,128,2144
128,gamma4,0.5,683,5058735264937151820,41826,1062,-5,-22,128,4562
128,gamma4,0.5,684,9138628590253332910,32129,947,5,-128,93,4283
128,gamma4,0.5,685,607573732429851016,41139,443,1,85,-128,3084
128,gamma4,0.5,686,7586982578255317378,40367,457,0,51,-128,5083
128,gamma4,0.5,687,8270286646937245858,60221,423,0,-128,-43,6345
128,gamma4,0.5,688,2396859821878890469,62482,726,5,-6,128,6999
128,gamma4,0.5,689,3354212738337914201,32783,651,2,-128,89,3881
128,gamma4,0.5,690,2533697293245683437,12010,552,2,-128,-28,2208
128,gamma4,0.5,691,7443888269235356145,88194,612,4,-128,78,7127
128,gamma4,0.5,692,612665217771952496,15020,504,3,128,22,2108
128,gamma4,0.5,693,6794813841627787440,68113,671,1,-9,-128,6351
128,gamma4,0.5,694,1589997770533350754,41684,578,0,-90,-128,5341
128,gamma4,0.5,695,4711599994430379577,35743,469,-1,19,-128,4360
128,gamma4,0.5,696,1565010909689429690,49300,648,0,128,-58,5921
128,gamma4,0.5,697,5264282714024440590,37252,712,0,94,-128,4396
128,gamma4,0.5,698,4849825241030532918,6812,438,0,-70,-128,1221
128,gamma4,0.5,699,6668458741322300895,9100,516,0,128,-84,1830
256,gamma4,0.5,0,3295348556891788722,33362,1212,2,-256,-118,5129
256,gamma4,0.5,1,5776172169139281723,507267,925,0,-256,-141,38662
256,gamma4,0.5,2,7513424464057686262,361997,1175,0,21,-256,24782
256,gamma4,0.5,3,7559762332901273680,873209,1017,-3,95,256,50355
256,gamma4,0.5,4,8619883561132893938,48347,1013,-2,-73,-256,6701
256,gamma4,0.5,5,1460100358382162520,93560,1024,-3,-202,-256,11377
256,gamma4,0.5,6,5114195944124397580,56920,1354,0,-256,98,7800
256,gamma4,0.5,7,527114360157781264,223066,2686,-2,246,256,25826
256,gamma4,0.5,8,4291991469640217455,111801,2039,4,-256,207,10502
256,gamma4,0.5,9,2298193936267262078,110833,1085,2,-219,-256,10827
256,gamma4,0.5,10,6784590390418461494,78618,1698,1,214,256,11139
256,gamma4,0.5,11,4656439429430765113,110867,1959,2,-89,256,11286
256,gamma4,0.5,12,8838962479988581619,74105,2095,-2,157,-256,11182
256,gamma4,0.5,13,2580603613255766701,182490,1074,-1,256,-156,19651
256,gamma4,0.5,14,4658200280690382803,63641,1083,-4,119,-256,7066
256,gamma4,0.5,15,8393304661811140576,193606,772,-2,-256,-32,22417
256,gamma4,0.5,16,819395811362802806,83409,817,-1,-65,-256,11370
256,gamma4,0.5,17,5056627636531269085,84180,912,0,256,-4,8052
256,gamma4,0.5,18,747031102655440993,244085,1833,0,-93,256,23100
256,gamma4,0.5,19,3393548631134996038,84912,1598,1,-256,-128,7913
256,gamma4,0.5,20,4899853714368079510,166389,1557,-1,256,-29,14472
256,gamma4,0.5,21,8907847242894291651,69702,1216,-3,108,256,8641
256,gamma4,0.5,22,5079098047953644996,813483,1549,1,-256,-189,37182
256,gamma4,0.5,23,8711739592113533809,38324,1578,1,70,256,6196
256,gamma4,0.5,24,1733916354246118612,107685,1605,0,5,-256,12871
256,gamma4,0.5,25,2842613082824535918,96365,1533,1,197,256,10705
256,gamma4,0.5,26,8595409355948171518,90089,1213,-2,-256,-159,7999
256,gamma4,0.5,27,1647877310325283241,72829,1251,-3,256,77,9028
256,gamma4,0.5,28,3532499024149849758,127533,861,0,-256,-143,10398
256,gamma4,0.5,29,1807325630977588443,181717,1675,0,53,256,16759
256,gamma4,0.5,30,5878753636184470800,77840,2048,-2,-256,32,11015
256,gamma4,0.5,31,4933884069734498755,356060,1396,-2,188,-256,26916
256,gamma4,0.5,32,4405373655645966064,45102,954,1,-92,256,5564
256,gamma4,0.5,33,3528492385692347036,171004,792,-1,256,36,10371
256,gamma4,0.5,34,2198387120667946413,166685,1519,-2,139,256,15108
256,gamma4,0.5,35,2975867155202399894,31131,981,-1,-256,-101,4190
256,gamma4,0.5,36,7077716992205790812,205771,1129,-1,95,-256,14652
256,gamma4,0.5,37,4571629448011813961,40991,809,3,-57,256,5403
256,gamma4,0.5,38,9109280284773689329,198069,1977,0,-256,-51,17425
256,gamma4,0.5,39,8468344699339381725,87523,1155,2,256,-159,10711
256,gamma4,0.5,40,7737108353088172150,127162,1004,-1,-104,-256,10187
256,gamma4,0.5,41,4420760962971902167,23014,1086,-2,-256,98,4204
256,gamma4,0.5,42,9122372736449714105,86705,1615,0,-13,256,11215
256,gamma4,0.5,43,4912118771998487003,70712,744,-1,256,64,9295
256,gamma4,0.5,44,7142599951550026609,829646,1608,-2,256,-12,47900
256,gamma4,0.5,45,6967786379709389923,92038,1068,-2,-52,-256,8178
256,gamma4,0.5,46,2258751365495058563,125757,1461,-1,-256,-45,11899
256,gamma4,0.5,47,3214811094525505543,633813,1093,2,-21,256,40514
256,gamma4,0.5,48,87352436658994082,22417,1073,-2,87,-256,3699
256,gamma4,0.5,49,7791102429862656148,178256,3092,3,132,256,21637
256,gamma4,0.5,50,9136710881390626187,132378,1364,2,-256,-22,13784
256,gamma4,0.5,51,681196215312074090,223057,909,3,23,256,19056
256,gamma4,0.5,52,6245279315649108766,75383,975,1,-109,256,7930
256,gamma4,0.5,53,8918842006826357358,512213,1951,-2,-83,256,35822
256,gamma4,0.5,54,5487699664671298801,354276,852,-1,-256,26,29605
256,gamma4,0.5,55,6993033440533561902,178487,1289,-3,256,-105,17117
256,gamma4,0.5,56,4992097863985323105,111341,1673,-3,-256,-105,12498
256,gamma4,0.5,57,8343355829752475999,57180,1084,0,256,84,8453
256,gamma4,0.5,58,5897262471870108369,84725,857,0,49,256,9969
256,gamma4,0.5,59,1098144051330460571,239138,1122,-2,256,150,15536
256,gamma4,0.5,60,190070711311499118,174823,1967,-3,-256,-231,15655
256,gamma4,0.5,61,5948602233049770666,221143,1497,-1,-256,-57,19476
256,gamma4,0.5,62,8287008697553126423,62553,1187,-4,256,29,7406
256,gamma4,0.5,63,8464086773438947476,158603,1641,3,-256,81,13638
256,gamma4,0.5,64,2283461868456009606,35561,805,0,-57,-256,5516
256,gamma4,0.5,65,9157355705123362435,50024,802,0,256,-8,5587
256,gamma4,0.5,66,9057702714521966384,361325,1161,-4,73,256,22524
256,gamma4,0.5,67,9189141300898571228,559446,1828,-1,-32,-256,27744
256,gamma4,0.5,68,7540633321433552817,53812,1320,0,256,216,7645
256,gamma4,0.5,69,2508505880653784605,52295,1371,2,-256,9,6942
256,gamma4,0.5,70,8874981674307092599,233978,994,1,256,58,19547
256,gamma4,0.5,71,4170717041090664108,84261,2277,-9,15,-256,10587
256,gamma4,0.5,72,4421828915376599486,151632,934,-3,256,-76,7545
256,gamma4,0.5,73,5913027562485642506,249641,2081,-5,-85,256,21096
256,gamma4,0.5,74,3528153580728529322,51652,1324,-1,256,-22,7914
256,gamma4,0.5,75,3523227199158356659,445014,1750,1,-256,192,27659
256,gamma4,0.5,76,4787915279129514267,33137,1295,1,27,256,4968
256,gamma4,0.5,77,8485366437463794660,56353,1105,-1,256,149,6898
256,gamma4,0.5,78,8780652461907279621,214519,1539,-3,256,-239,16789
256,gamma4,0.5,79,6890846701534333192,281546,2334,0,256,-20,23949
256,gamma4,0.5,80,8112838445934662697,115470,1314,1,62,-256,13451
256,gamma4,0.5,81,5925593767652576895,451149,2219,-4,-256,-77,22628
256,gamma4,0.5,82,7811029498328205188,156315,1957,-3,256,175,17213
256,gamma4,0.5,83,7605415805795525385,53645,1269,-2,-256,-235,7422
256,gamma4,0.5,84,8630936399684450709,65366,1158,2,-256,-82,8835
256,gamma4,0.5,85,6709532983779142701,39969,931,3,-3,256,5752
256,gamma4,0.5,86,2414167969711067115,413886,1298,1,256,-28,30247
256,gamma4,0.5,87,2807621401762490814,82292,980,-1,-256,-82,8654
256,gamma4,0.5,88,2631308477012757740,376795,2125,-2,-147,256,25172
256,gamma4,0.5,89,8623106741886460277,168687,1243,-2,256,53,14955
256,gamma4,0.5,90,2074908331955310699,64066,818,0,256,60,8750
256,gamma4,0.5,91,6549044163274045845,66310,930,-1,-256,-30,5871
256,gamma4,0.5,92,4247798846042295028,144290,1888,0,186,-256,17102
256,gamma4,0.5,93,3224770933897073368,188917,2947,-2,-113,-256,19361
256,gamma4,0.5,94,8547887156786000799,129279,1409,0,-256,3,15401
256,gamma4,0.5,95,8815514532772744302,399143,1585,-2,97,256,36557
256,gamma4,0.5,96,88421303581178221,72338,1092,-1,74,256,7712
256,gamma4,0.5,97,7881018901341450743,117336,1338,0,-256,16,12501
256,gamma4,0.5,98,782542868632803462,281728,1516,-3,-108,256,22945
256,gamma4,0.5,99,7189975089230910794,973912,2664,4,-18,-256,61142
256,gamma4,0.5,100,4338242835518467175,50466,938,1,-256,94,7065
256,gamma4,0.5,101,3871842963015740461,49878,900,0,114,-256,6253
256,gamma4,0.5,102,2673826159553652904,21479,919,0,-256,69,3489
256,gamma4,0.5,103,6484201596226229220,64869,1599,3,-47,256,8526
256,gamma4,0.5,104,5748494183631286941,281753,1681,-4,-73,-256,23648
256,gamma4,0.5,105,5880205321934997768,284441,1641,1,-256,163,19714
256,gamma4,0.5,106,4824314292861943559,61041,1325,0,-193,256,9195
256,gamma4,0.5,107,7115978538701417149,650151,1857,2,256,-107,43008
256,gamma4,0.5,108,5150907069576766171,186246,1244,0,-256,16,16980
256,gamma4,0.5,109,9119965512581453816,231170,894,-1,256,-36,18185
256,gamma4,0.5,110,7789963927281890432,121766,1212,-3,-172,256,11892
256,gamma4,0.5,111,2777108440511562541,190397,953,0,256,127,14854
256,gamma4,0.5,112,6972668478508830696,161037,1289,-2,161,-256,14412
256,gamma4,0.5,113,1946254343761465803,51964,1120,1,-42,256,7148
256,gamma4,0.5,114,7582624956876942360,330712,3008,-3,256,-162,35025
256,gamma4,0.5,115,1762799437071333137,144030,1222,2,256,-104,18159
256,gamma4,0.5,116,2951019928827275858,154219,1493,-1,-45,256,14967
256,gamma4,0.5,117,7754008884470543125,149829,781,1,9,-256,14379
256,gamma4,0.5,118,3262693701765759412,399025,2191,-2,-131,256,32335
256,gamma4,0.5,119,8892153296443194416,54283,1213,0,-256,-213,6966
256,gamma4,0.5,120,4736194866166812700,66356,1256,-1,-256,-160,7425
256,gamma4,0.5,121,6015113421015596084,142580,1132,-1,-40,-256,11303
256,gamma4,0.5,122,7523771564464779192,94962,1150,-4,122,-256,10569
256,gamma4,0.5,123,1291631798041908056,380942,3250,1,58,256,37141
256,gamma4,0.5,124,5921680571509599598,600282,1652,1,-256,54,54279
256,gamma4,0.5,125,7303320007561925930,88163,1087,-1,157,256,9970
256,gamma4,0.5,126,2910533657301189058,32148,1122,2,-88,-256,4649
256,gamma4,0.5,127,646912569512475521,117349,819,0,256,79,12798
256,gamma4,0.5,128,4566737707572416736,139016,1122,1,0,-256,11053
256,gamma4,0.5,129,6523359508850127264,126126,2446,1,182,-256,15409
256,gamma4,0.5,130,8161394950159387561,250446,1196,1,26,-256,15956
256,gamma4,0.5,131,4059146836374026420,72922,1184,-1,256,130,8255
256,gamma4,0.5,132,8372490682323904322,151052,1252,-1,-256,-196,11827
256,gamma4,0.5,133,3069683842659268399,66726,1314,0,256,-18,7719
256,gamma4,0.5,134,2785188831920468297,74623,1369,3,256,-47,9053
256,gamma4,0.5,135,6904543298136609309,70390,1418,2,256,-158,7482
256,gamma4,0.5,136,8964522031843255572,87870,1198,0,138,256,10021
256,gamma4,0.5,137,4679794308637084063,57802,1854,2,-154,-256,7424
256,gamma4,0.5,138,758276370052492269,46406,706,1,256,78,6005
256,gamma4,0.5,139,1025612222422295050,95119,1387,-1,-256,-105,12147
256,gamma4,0.5,140,1070854287670456091,132950,1230,-1,-94,256,16704
256,gamma4,0.5,141,3347387008181725663,32931,693,1,3,-256,3804
256,gamma4,0.5,142,9142392412665361364,37888,956,2,256,-48,4676
256,gamma4,0.5,143,4789622180863777181,44028,1376,1,256,-32,6142
256,gamma4,0.5,144,6245107098095556150,241357,1815,0,256,-85,25154
256,gamma4,0.5,145,573744474915774611,108374,1472,-1,-10,256,10599
256,gamma4,0.5,146,3951178095340285758,156070,1284,-2,-256,-102,17069
256,gamma4,0.5,147,3512082942195177772,36287,1229,0,-79,-256,5800
256,gamma4,0.5,148,6412511651880551112,214338,1756,-2,256,84,20693
256,gamma4,0.5,149,5418621559089390732,219140,2202,2,-96,256,18184
256,gamma4,0.5,150,7918630310451012168,89313,1653,1,256,55,8779
256,gamma4,0.5,151,1309890205859048167,119613,887,4,89,256,12506
256,gamma4,0.5,152,6657997424519389969,124662,982,0,-256,-60,13942
256,gamma4,0.5,153,4977249031694702425,508834,808,-2,-50,-256,28215
256,gamma4,0.5,154,1669341522297516737,47389,1187,-1,83,256,6748
256,gamma4,0.5,155,5445209024545175040,166285,1263,-1,103,-256,20582
256,gamma4,0.5,156,2905751442547621387,45964,1254,-1,256,-198,5843
256,gamma4,0.5,157,4468306083325604111,251678,1292,1,-136,256,18174
256,gamma4,0.5,158,2658734242800174453,240955,1453,0,256,-23,20284
256,gamma4,0.5,159,7803288027272757208,38244,1148,1,-256,-114,4607
256,gamma4,0.5,160,3152113322264923910,143596,776,1,-76,-256,14214
256,gamma4,0.5,161,7368421105682075381,135147,829,0,256,-77,14996
256,gamma4,0.5,162,7355633680856902707,42590,768,-1,-92,256,4938
256,gamma4,0.5,163,80988899767844923,191746,2154,1,-256,-86,15621
256,gamma4,0.5,164,3455794017650959220,80018,1052,-1,118,256,10449
256,gamma4,0.5,165,1501726664947247093,63296,1640,1,256,-184,8320
256,gamma4,0.5,166,2571511813284320459,194832,1772,0,26,-256,16400
256,gamma4,0.5,167,3969896561689484082,107587,2085,2,87,-256,12334
256,gamma4,0.5,168,1261641448458781966,214214,1856,-2,256,-20,21563
256,gamma4,0.5,169,6377905711594736216,148190,1318,1,256,-36,13199
256,gamma4,0.5,170,2407947712235843,93265,1059,2,256,211,9359
256,gamma4,0.5,171,38334301595335084,164718,1672,1,256,-170,19646
256,gamma4,0.5,172,6221114354748695773,99256,940,1,-256,-48,10223
256,gamma4,0.5,173,8175932952349209679,61100,1174,0,-144,256,7450
256,gamma4,0.5,174,4371644961256118200,101320,1760,-5,-256,74,10306
256,gamma4,0.5,175,5644575179564533922,73788,1574,1,-256,-148,9603
256,gamma4,0.5,176,144342634473566349,242693,2777,2,-256,29,26744
256,gamma4,0.5,177,5506485328607525676,186230,3374,3,-122,-256,19051
256,gamma4,0.5,178,933493397407469710,71755,1343,-2,167,-256,8825
256,gamma4,0.5,179,2243987450191249613,103999,1083,1,-121,256,9849
256,gamma4,0.5,180,5230644941319900953,66984,2014,0,256,-204,8964
256,gamma4,0.5,181,2149193241041652532,34682,1040,1,256,-114,5316
256,gamma4,0.5,182,4900901422925100351,93696,1154,3,-256,48,8838
256,gamma4,0.5,183,3316531170275120399,44789,771,1,105,-256,5856
256,gamma4,0.5,184,368223707813475702,24566,1274,1,-256,-16,4240
256,gamma4,0.5,185,2140754304816961828,49219,1263,-7,107,-256,7593
256,gamma4,0.5,186,6486502176658254925,389770,1704,-6,-256,-24,29289
256,gamma4,0.5,187,4667719286236508413,28695,1277,-1,-256,139,4423
256,gamma4,0.5,188,5295651898511683135,26193,755,-1,-256,-123,3908
256,gamma4,0.5,189,8400074578494416330,388663,2549,0,256,-151,37788
256,gamma4,0.5,190,458968751461317049,141526,1368,3,-6,-256,13253
256,gamma4,0.5,191,5404849688030989094,39841,1083,2,105,256,5572
256,gamma4,0.5,192,330629290390143378,753396,970,-1,-24,256,40866
256,gamma4,0.5,193,1268837166743846789,75335,2047,0,256,169,9928
256,gamma4,0.5,194,3281890420929861072,195065,1643,-5,-256,-11,17822
256,gamma4,0.5,195,9116767441131927050,58093,1087,-1,256,-69,7604
256,gamma4,0.5,196,5088744440286879403,190792,1160,-2,-64,-256,19815
256,gamma4,0.5,197,407605587930525266,40139,849,-1,53,256,5277
256,gamma4,0.5,198,2877567541307689234,126424,1282,3,-84,-256,12738
256,gamma4,0.5,199,7501886339119207939,208688,1760,0,154,256,20526
256,gamma4,0.5,200,4662972184766201590,71047,1255,1,256,-207,7786
256,gamma4,0.5,201,531317941347052108,256820,1582,1,30,-256,22561
256,gamma4,0.5,202,7051010528951143377,92563,1055,0,-13,-256,9297
256,gamma4,0.5,203,1715645161961187610,147322,1552,-1,186,-256,12915
256,gamma4,0.5,204,3197182125768686319,415016,1524,1,-164,256,28163
256,gamma4,0.5,205,1525785787307863349,45196,1152,-2,256,186,5972
256,gamma4,0.5,206,6341614520954209518,72651,1005,0,21,-256,6489
256,gamma4,0.5,207,756840043429224806,180729,1319,1,256,153,19506
256,gamma4,0.5,208,1910148398618820120,76132,1500,-1,68,256,9346
256,gamma4,0.5,209,6373636756241013738,201100,1804,-1,84,-256,21430
256,gamma4,0.5,210,1379818084619606629,68280,962,2,-62,-256,7050
256,gamma4,0.5,211,6473265537013413693,160334,1366,-2,-176,-256,16447
256,gamma4,0.5,212,7436222706485910398,75144,1252,-2,256,-124,6562
256,gamma4,0.5,213,5754354878086762630,94801,1661,2,256,189,12463
256,gamma4,0.5,214,7805737383808202028,45673,1049,0,-256,-31,6629
256,gamma4,0.5,215,5018033368724111362,141156,2472,0,-256,-36,17261
256,gamma4,0.5,216,509557969146582039,382502,2990,-5,256,-46,35232
256,gamma4,0.5,217,5135961378515670264,163246,1948,1,106,256,16775
256,gamma4,0.5,218,1130438444444414101,106700,1102,2,-186,-256,10991
256,gamma4,0.5,219,6373930229258427019,117337,1427,0,256,-15,12946
256,gamma4,0.5,220,8162268337982091018,57795,1101,0,-53,-256,7204
256,gamma4,0.5,221,506801566792488838,151572,1666,-5,-78,-256,18214
256,gamma4,0.5,222,6154707876145189611,62549,1073,-3,-111,256,7098
256,gamma4,0.5,223,7514804626120569021,158012,1120,-3,256,40,14174
256,gamma4,0.5,224,2799413888358367116,60198,1728,-2,-74,256,7615
256,gamma4,0.5,225,1155890411287211062,322744,1366,2,-256,186,24742
256,gamma4,0.5,226,1147011454355677133,32578,834,0,20,-256,4135
256,gamma4,0.5,227,3268741273980900567,274523,1095,-1,13,256,19638
256,gamma4,0.5,228,2140946253901081290,58141,1157,1,-161,256,8712
256,gamma4,0.5,229,7253841932297505230,189789,871,-4,-256,75,14548
256,gamma4,0.5,230,9177942025840012758,84465,1637,-1,-145,256,10822
256,gamma4,0.5,231,1271282361825143600,432218,942,0,24,256,28436
256,gamma4,0.5,232,5801342821419822497,247575,1961,0,256,-167,23817
256,gamma4,0.5,233,8326418724558301649,92127,1187,-2,49,-256,9430
256,gamma4,0.5,234,2856063564870286562,107289,1577,4,256,-15,12447
256,gamma4,0.5,235,3677495830059949199,153940,1324,1,168,-256,15919
256,gamma4,0.5,236,2871939599347869866,69221,1465,1,256,33,8854
256,gamma4,0.5,237,8744208660954633685,185650,1076,-5,98,-256,18244
256,gamma4,0.5,238,2612170791408181095,359673,1091,2,256,-113,29119
256,gamma4,0.5,239,8684809776785844913,75002,1132,0,256,-6,8689
256,gamma4,0.5,240,7307627006145762380,463349,1169,1,256,41,23887
256,gamma4,0.5,241,2162960098607653134,86185,1305,0,85,256,11524
256,gamma4,0.5,242,203573410636210565,136475,869,-4,-256,-57,10924
256,gamma4,0.5,243,5221047110071227138,40722,950,1,-68,-256,4276
256,gamma4,0.5,244,5159211835550963460,69253,1825,-1,-53,256,9481
256,gamma4,0.5,245,3852283659628030071,73248,1154,1,160,256,8930
256,gamma4,0.5,246,7502266337709928982,159433,1357,0,83,256,12401
256,gamma4,0.5,247,4770528489938774079,55913,1225,2,163,-256,7051
256,gamma4,0.5,248,1622468009722440602,136137,1109,1,-256,-91,13709
256,gamma4,0.5,249,7582001786740313436,45155,1479,3,-256,207,6724
256,gamma4,0.5,250,5726879538371548921,56802,784,4,66,-256,6435
256,gamma4,0.5,251,691583353337554192,72464,1012,-2,-256,-144,9299
256,gamma4,0.5,252,3590936787820319179,75923,947,-1,256,-145,9864
256,gamma4,0.5,253,9143573949547037749,156974,1054,-4,-256,-144,9104
256,gamma4,0.5,254,2499499651651481347,44838,1268,2,-26,-256,5735
256,gamma4,0.5,255,2022616200686694663,122697,1029,3,-117,-256,10967
256,gamma4,0.5,256,1333996855190363029,118955,1597,-2,-55,-256,12938
256,gamma4,0.5,257,118391895467110639,248692,2460,2,256,-96,21750
256,gamma4,0.5,258,5963982455635722938,108798,1762,1,-130,-256,12673
256,gamma4,0.5,259,4380391534850374646,532747,1417,1,256,-57,32597
256,gamma4,0.5,260,8230096647150119431,162733,947,1,47,256,19145
256,gamma4,0.5,261,65938044388628083,150798,1094,2,-256,-206,15076
256,gamma4,0.5,262,6519678217027900876,183960,1340,1,128,-256,20745
256,gamma4,0.5,263,7671304946628722862,31265,967,4,-81,256,4889
256,gamma4,0.5,264,7834757406819516122,148593,3249,3,-167,-256,18593
256,gamma4,0.5,265,5929600356544531744,285172,1318,-2,134,256,22416
256,gamma4,0.5,266,8693641308072056703,320509,2577,1,139,256,28470
256,gamma4,0.5,267,3386125727664086732,105180,1086,0,24,256,10297
256,gamma4,0.5,268,5804033326400043268,121584,1126,-1,256,54,10246
256,gamma4,0.5,269,2155148977068898174,45160,706,3,-46,-256,4484
256,gamma4,0.5,270,195665362943832792,50173,953,2,256,-21,6383
256,gamma4,0.5,271,6931243450470517210,216484,2266,1,232,256,22743
256,gamma4,0.5,272,4880061339451250824,360789,2889,1,-256,-143,21515
256,gamma4,0.5,273,6291913364204243639,41505,955,0,-17,256,5255
256,gamma4,0.5,274,5222568274511874033,121651,915,0,67,256,9546
256,gamma4,0.5,275,1177747168052442212,237322,1768,3,120,-256,18553
256,gamma4,0.5,276,4438984462538865080,107745,1181,-3,256,-219,13612
256,gamma4,0.5,277,878164848347454999,36098,1474,2,-150,-256,5864
256,gamma4,0.5,278,1573216861336541260,131372,1128,2,256,-126,11551
256,gamma4,0.5,279,8116170048994848040,28047,1073,-3,-169,256,4394
256,gamma4,0.5,280,3960217037358966408,262110,2128,1,256,148,25250
256,gamma4,0.5,281,3425425979768936576,51434,968,-1,78,-256,6912
256,gamma4,0.5,282,1112807778612654704,97873,1029,0,-21,256,10414
256,gamma4,0.5,283,7397493010642180515,53168,1232,2,-58,-256,6502
256,gamma4,0.5,284,7647487493402369549,26696,984,-1,12,-256,4748
256,gamma4,0.5,285,8240397651777939102,84163,1287,0,155,256,10649
256,gamma4,0.5,286,4134025122587315653,236145,2117,1,-256,-43,24925
256,gamma4,0.5,287,5569886675529178619,174417,1635,2,209,256,13825
256,gamma4,0.5,288,6821399633104422019,148247,1377,0,239,256,15706
256,gamma4,0.5,289,5068504817558670179,591739,1005,1,189,-256,42238
256,gamma4,0.5,290,8296556359404274811,102390,1970,0,256,148,11827
256,gamma4,0.5,291,8955985900400861471,54333,1445,0,1,256,8124
256,gamma4,0.5,292,8346821135282622364,247155,931,1,256,-61,19071
256,gamma4,0.5,293,4417388583074738129,84443,1617,2,-256,67,10413
256,gamma4,0.5,294,653455810653930,71361,1509,0,256,167,8137
256,gamma4,0.5,295,2380294151999034428,179311,2321,2,-5,256,19401
256,gamma4,0.5,296,2381819390125755229,99569,1165,3,256,-55,10935
256,gamma4,0.5,297,4925055297036704549,117487,915,0,256,1,11082
256,gamma4,0.5,298,1456381867350573824,137641,955,2,-256,103,10512
256,gamma4,0.5,299,1456296756296003336,138486,1728,3,-150,-256,16744
256,gamma4,0.5,300,8013227757300102153,94731,2329,-2,256,187,12256
256,gamma4,0.5,301,4083924861748941003,74436,1248,0,-256,152,9861
256,gamma4,0.5,302,2299139236785159036,359701,1405,0,-256,-109,32858
256,gamma4,0.5,303,2167376415063723851,114062,1244,0,256,-72,12252
256,gamma4,0.5,304,7834528139587062462,137873,1447,-1,-205,256,13559
256,gamma4,0.5,305,3806573045129352152,192578,1084,-3,-38,256,15213
256,gamma4,0.5,306,6522549648421802447,171012,1430,-1,92,-256,19312
256,gamma4,0.5,307,6160466872667937146,183013,1893,2,161,256,14503
256,gamma4,0.5,308,5426208928786544108,125430,1212,2,-140,256,12611
256,gamma4,0.5,309,3112440498507089395,419046,1310,1,-164,-256,31798
256,gamma4,0.5,310,1733402092863803905,130794,1892,-3,68,-256,15672
256,gamma4,0.5,311,1369314307507803629,41527,1133,-2,-39,-256,5171
256,gamma4,0.5,312,25651141318483126,280411,1321,-1,-115,256,23570
256,gamma4,0.5,313,2759658804382223907,176498,1582,0,256,-48,18950
256,gamma4,0.5,314,324202972237256503,25850,1336,2,256,154,4611
256,gamma4,0.5,315,4324709847147657150,111406,1136,-2,-256,134,13085
256,gamma4,0.5,316,4884229023564602441,180459,1469,-1,256,-151,11327
256,gamma4,0.5,317,1677485823120264894,40815,1139,1,-256,-159,5936
256,gamma4,0.5,318,7610432740276747203,24102,1010,-2,178,256,3846
256,gamma4,0.5,319,6014627958832481468,81236,1656,0,-256,-58,9839
256,gamma4,0.5,320,2113318316532251131,70718,858,0,-22,256,7467
256,gamma4,0.5,321,4079090294424413346,25110,1238,-4,-256,146,4680
256,gamma4,0.5,322,8722538553671330964,72405,1021,0,-256,29,10791
256,gamma4,0.5,323,6371363748714297349,281712,1992,-1,-256,166,17454
256,gamma4,0.5,324,8020510559694123796,112280,1190,-1,-256,204,12099
256,gamma4,0.5,325,7447558128865852913,76549,941,-1,-83,256,9587
256,gamma4,0.5,326,5901811463092873430,145421,1537,0,-171,256,11566
256,gamma4,0.5,327,2263225336674072564,94129,1675,0,-233,256,9920
256,gamma4,0.5,328,2338326490363347299,97681,1123,0,37,-256,9721
256,gamma4,0.5,329,6027575056113094284,172649,1305,0,67,-256,17295
256,gamma4,0.5,330,1960334583413218285,67270,1576,0,-256,92,9870
256,gamma4,0.5,331,9193276846710704700,76783,1323,-1,119,-256,9693
256,gamma4,0.5,332,3988290219011089463,74784,1462,0,-166,256,10212
256,gamma4,0.5,333,3255355187774652761,170655,1205,1,-7,256,17627
256,gamma4,0.5,334,878235113209570097,137672,1040,-1,96,-256,13200
256,gamma4,0.5,335,5403588943297421890,294399,1271,2,-115,-256,22137
256,gamma4,0.5,336,7142604537775849429,124678,1424,2,-256,104,13746
256,gamma4,0.5,337,2866368236782920192,51103,951,4,29,256,6271
256,gamma4,0.5,338,4746599859985726357,216602,1152,0,78,256,12662
256,gamma4,0.5,339,7289783127062662068,240348,1640,-4,68,256,21288
256,gamma4,0.5,340,7331386477863569805,95176,1488,2,82,256,12759
256,gamma4,0.5,341,568087582563776222,202228,2498,1,94,256,21185
256,gamma4,0.5,342,7466080608474117672,246008,1266,-1,256,74,18231
256,gamma4,0.5,343,4385412037635025949,31070,1040,3,256,-214,4597
256,gamma4,0.5,344,771792641308224341,82876,1632,-1,256,124,10539
256,gamma4,0.5,345,5174558926102119876,335433,2743,2,-49,-256,26185
256,gamma4,0.5,346,8531962917729444249,82447,935,-1,-256,-71,9725
256,gamma4,0.5,347,8655913385845299560,172595,2223,-1,256,129,20387
256,gamma4,0.5,348,4889609621520560044,69181,1705,1,-101,-256,9048
256,gamma4,0.5,349,6554041081320936214,114828,1834,4,-256,68,12515
256,gamma4,0.5,350,5920849695369427670,342411,827,-2,-256,-15,28711
256,gamma4,0.5,351,7524386053689534421,191195,2679,2,69,-256,22202
256,gamma4,0.5,352,5943242177724071482,25393,1219,0,195,256,4115
256,gamma4,0.5,353,6750049786441525659,272500,2548,2,-256,192,19869
256,gamma4,0.5,354,4427687427744262615,85280,2328,-4,-46,-256,11477
256,gamma4,0.5,355,259204389876461463,73084,1326,-4,-256,-26,8879
256,gamma4,0.5,356,1847331028977843193,67727,2001,3,256,-39,9851
256,gamma4,0.5,357,5951233271173999957,159408,2130,-2,-256,-130,17997
256,gamma4,0.5,358,2400504881239592828,140302,1400,5,256,116,14828
256,gamma4,0.5,359,351252859404309714,240144,1206,0,156,256,18327
256,gamma4,0.5,360,7120499705489602663,79723,2015,-2,256,113,9998
256,gamma4,0.5,361,6548551639735877411,212176,1126,0,-14,-256,22034
256,gamma4,0.5,362,5670638167418133326,144305,2049,-1,256,1,15583
256,gamma4,0.5,363,6333910460844945915,143957,1237,-1,59,-256,16315
256,gamma4,0.5,364,3898209958373011439,199875,1487,0,-256,63,16077
256,gamma4,0.5,365,6246205310908884612,68130,928,0,-256,108,6492
256,gamma4,0.5,366,211882988626461154,214579,1091,0,-15,256,18882
256,gamma4,0.5,367,7686904031580988932,81212,1136,1,70,-256,9645
256,gamma4,0.5,368,8273835898930855325,369112,1502,-1,-256,-32,22984
256,gamma4,0.5,369,3228020188272545465,109960,1418,1,256,-144,11201
256,gamma4,0.5,370,2247064442888541774,239041,1015,0,-87,-256,18415
256,gamma4,0.5,371,2686527682235958500,23891,1073,-2,-256,33,4192
256,gamma4,0.5,372,1996143504893137597,111169,2189,2,256,-29,11236
256,gamma4,0.5,373,1291226035978597597,657332,774,-1,-256,28,43446
256,gamma4,0.5,374,8730366283059000459,82705,1393,1,197,-256,8907
256,gamma4,0.5,375,2507752449024171707,233047,2973,0,-49,-256,25389
256,gamma4,0.5,376,1749977902303510395,164346,1672,0,-256,-2,15830
256,gamma4,0.5,377,5853231328367632595,129102,1234,0,-26,256,17725
256,gamma4,0.5,378,8997720504614941398,177067,1459,-1,-256,31,19213
256,gamma4,0.5,379,7290289078332308290,37063,1643,1,-43,-256,6889
256,gamma4,0.5,380,6552229760242665770,125010,1544,2,256,-14,11502
256,gamma4,0.5,381,2545149281225526273,40829,1125,-3,-256,27,5082
256,gamma4,0.5,382,421270896313166506,245199,2029,-1,-256,95,23950
256,gamma4,0.5,383,1873845070463235293,30634,1032,0,256,-22,5398
256,gamma4,0.5,384,5870717173184568394,237646,1748,1,-256,120,23169
256,gamma4,0.5,385,9076020269501472579,427376,1906,-5,-256,-8,28815
256,gamma4,0.5,386,953672038614884423,54186,1126,-3,-256,-104,7193
256,gamma4,0.5,387,3021670425171160717,45785,1351,-1,256,-79,6502
256,gamma4,0.5,388,7505008188059382161,302559,1773,0,-7,-256,27898
256,gamma4,0.5,389,6809051335382597865,68872,1766,2,200,256,9298
256,gamma4,0.5,390,3002399170380962851,43482,692,-2,256,42,4903
256,gamma4,0.5,391,7174686768516869713,275991,1489,0,-256,-33,26728
256,gamma4,0.5,392,6158185796617558173,24547,969,-2,57,256,3635
256,gamma4,0.5,393,4858651929799514718,153271,1627,4,119,256,15066
256,gamma4,0.5,394,4667045471372418289,30014,1056,-2,-256,168,4659
256,gamma4,0.5,395,229092407071616223,66467,1821,3,-231,256,7948
256,gamma4,0.5,396,8513142381894705527,204148,814,2,256,14,20889
256,gamma4,0.5,397,1768678244446158087,138603,1177,-3,-161,256,12349
256,gamma4,0.5,398,4399625214772911581,347578,1742,-3,256,-128,22737
256,gamma4,0.5,399,760998669565806606,271917,1915,1,239,256,21217
256,gamma4,0.5,400,1593783812950347275,55391,1165,1,-256,-73,5357
256,gamma4,0.5,401,5142992385168802526,234042,1070,3,-30,-256,15843
256,gamma4,0.5,402,4315760852094181342,340358,1936,0,256,36,17412
256,gamma4,0.5,403,3450813744527494632,176436,1620,1,-256,116,13892
256,gamma4,0.5,404,8024931339345815924,93629,2279,1,7,-256,12083
256,gamma4,0.5,405,3359131877844105774,199613,837,0,256,-7,18003
256,gamma4,0.5,406,6880104641899088935,43376,958,2,-256,-68,5368
256,gamma4,0.5,407,4480891304415393921,328117,957,3,31,-256,27104
256,gamma4,0.5,408,4858398255850277349,174181,1613,2,256,3,14330
256,gamma4,0.5,409,8580245061124128687,68204,1648,-2,-256,-86,6303
256,gamma4,0.5,410,1001283452116863057,29897,995,0,-256,-51,4171
256,gamma4,0.5,411,6965693675243919590,50309,1069,-1,256,-95,6905
256,gamma4,0.5,412,6322361686305395804,166517,1087,-3,97,256,14460
256,gamma4,0.5,413,9190759972109378170,87718,1602,0,256,-70,11723
256,gamma4,0.5,414,2735836801721252050,57795,1149,-1,117,256,7124
256,gamma4,0.5,415,5351642519073042708,194296,1184,0,126,256,12389
256,gamma4,0.5,416,1415829367020924344,99615,1411,-3,-256,1,13124
256,gamma4,0.5,417,8165600473125822124,217704,1348,3,256,28,11465
256,gamma4,0.5,418,7703137149779522456,127784,1462,0,256,32,12787
256,gamma4,0.5,419,2924312770288266600,44593,1019,0,-256,107,6146
256,gamma4,0.5,420,8082413425561707799,45408,1574,-3,114,256,7160
256,gamma4,0.5,421,2978131291772103335,87612,878,0,-256,126,10219
256,gamma4,0.5,422,944266634401903318,117148,1240,3,-256,98,11540
256,gamma4,0.5,423,9198717603960148546,148208,1024,-1,-84,-256,10667
256,gamma4,0.5,424,619446734872592084,217899,949,0,256,-51,21847
256,gamma4,0.5,425,494024210035474984,197924,1186,0,256,-36,18006
256,gamma4,0.5,426,6717055039354413801,55382,952,1,0,-256,5553
256,gamma4,0.5,427,752795354020354199,128282,1914,0,-136,-256,14537
256,gamma4,0.5,428,6339367736829019350,48901,1139,2,-125,256,5802
256,gamma4,0.5,429,7914022390010668351,293987,1285,1,-61,256,20742
256,gamma4,0.5,430,6685995221908367560,82821,1155,2,195,256,9680
256,gamma4,0.5,431,1346994167337386803,81908,1998,-2,244,256,11619
256,gamma4,0.5,432,8758701853466014637,218686,1442,0,178,-256,19901
256,gamma4,0.5,433,2650209137515018154,72748,908,0,-18,-256,8545
256,gamma4,0.5,434,7596629907226160992,230962,898,-1,-56,256,18342
256,gamma4,0.5,435,1644616938162414252,61693,1119,-1,153,-256,7174
256,gamma4,0.5,436,8826784739438758905,90870,1528,2,84,-256,8456
256,gamma4,0.5,437,1793403253000626984,61602,1452,-2,256,214,8434
256,gamma4,0.5,438,5161947980933999367,350751,899,2,-129,256,24530
256,gamma4,0.5,439,4226643995264352500,194093,2559,-1,256,175,18641
256,gamma4,0.5,440,7496867452231542555,35195,1275,1,256,89,6121
256,gamma4,0.5,441,4383886795020447540,68792,894,1,-256,-36,8450
256,gamma4,0.5,442,158459634609415454,122339,979,-4,256,-13,10041
256,gamma4,0.5,443,462112565048395943,270655,1297,-2,256,145,23892
256,gamma4,0.5,444,2771389959306841167,161139,1803,1,155,256,16091
256,gamma4,0.5,445,5434582188356415897,54092,1382,-2,256,-26,7412
256,gamma4,0.5,446,7852176386213562648,414043,1367,0,-19,256,27306
256,gamma4,0.5,447,2398939394369006339,38423,955,-4,256,39,5469
256,gamma4,0.5,448,1039528425108626802,327461,1431,2,-173,-256,24099
256,gamma4,0.5,449,3258984143024237346,270494,914,2,-66,256,20917
256,gamma4,0.5,450,3815258987437391102,23252,998,-2,256,78,3507
256,gamma4,0.5,451,7104157697136400162,188550,1252,-1,86,-256,15499
256,gamma4,0.5,452,8632208744347973483,596240,1218,-1,-256,-30,34746
256,gamma4,0.5,453,7375650515261684418,465166,1270,2,-104,-256,37774
256,gamma4,0.5,454,538588949899473025,55092,1434,-1,158,256,8166
256,gamma4,0.5,455,7358665090259587463,48869,959,0,27,256,6298
256,gamma4,0.5,456,5628673413918115980,82246,1348,1,-256,-16,11476
256,gamma4,0.5,457,3934323843120763524,234733,2601,-2,-256,105,25232
256,gamma4,0.5,458,1606123736695605144,350271,1227,-2,256,69,24641
256,gamma4,0.5,459,2404496230191534524,244978,2110,-4,36,-256,22573
256,gamma4,0.5,460,1198081386397999880,238102,1590,4,-48,256,11434
256,gamma4,0.5,461,5887184706030526956,35840,1268,0,72,-256,5812
256,gamma4,0.5,462,8079367797829097928,68504,1830,3,-96,-256,9009
256,gamma4,0.5,463,6106323896165645298,96413,1021,-2,-256,-203,11241
256,gamma4,0.5,464,6928564926892286229,66485,1171,0,-256,-27,6638
256,gamma4,0.5,465,6736442256622625495,346048,1068,1,-82,256,32210
256,gamma4,0.5,466,4407851285530227585,103734,1904,-1,50,256,12121
256,gamma4,0.5,467,115653276637546290,398151,1647,-1,173,256,26237
256,gamma4,0.5,468,6554788537944973109,126743,2047,0,199,-256,15901
256,gamma4,0.5,469,8113090327898762025,117622,2306,0,256,214,14956
256,gamma4,0.5,470,1075739207786749236,107674,1544,-1,18,256,11344
256,gamma4,0.5,471,1076751502755835706,123989,1661,0,91,256,11846
256,gamma4,0.5,472,784206340036565381,666590,1406,2,174,256,44162
256,gamma4,0.5,473,2558167412634209409,86832,1906,-5,-256,-200,11323
256,gamma4,0.5,474,8612841023427276612,39366,1172,-2,-14,256,4460
256,gamma4,0.5,475,6276651661476099515,28344,930,-2,-94,256,4280
256,gamma4,0.5,476,4731241214912566598,73569,1375,-1,31,-256,8638
256,gamma4,0.5,477,8082851955299362914,102642,838,-1,14,256,7918
256,gamma4,0.5,478,8115919627301432441,38564,1236,3,16,-256,5037
256,gamma4,0.5,479,8558062903215369569,96047,1929,-5,-187,-256,10719
256,gamma4,0.5,480,3527617363845563020,101262,812,1,-256,-170,11991
256,gamma4,0.5,481,9054060498331948037,150270,2240,-2,-256,170,13546
256,gamma4,0.5,482,1233383608344901762,130625,1549,-3,-256,-187,12416
256,gamma4,0.5,483,7674988335242887826,25033,1193,0,-41,-256,4262
256,gamma4,0.5,484,2813228388226015783,114820,1408,0,-128,-256,12694
256,gamma4,0.5,485,5395129237546199722,131644,1788,0,256,-92,12564
256,gamma4,0.5,486,1742707315205402935,149189,1485,-2,45,-256,11316
256,gamma4,0.5,487,5413707536782723835,69193,1015,2,-21,-256,6244
256,gamma4,0.5,488,5603584472625844999,88970,1004,0,20,-256,9021
256,gamma4,0.5,489,558821833349008484,185419,1763,-2,-147,-256,14801
256,gamma4,0.5,490,6993004251506427770,74199,1209,3,256,37,6834
256,gamma4,0.5,491,7879527477132281685,376662,776,-2,256,24,21323
256,gamma4,0.5,492,8233540721586631424,38470,1232,0,224,256,5312
256,gamma4,0.5,493,8036534790157884993,183675,739,2,-256,49,19984
256,gamma4,0.5,494,4807609365147167988,61725,1095,0,-33,-256,7519
256,gamma4,0.5,495,1593483918171415907,128206,1808,0,-182,256,12039
256,gamma4,0.5,496,8659664288088046246,75706,936,1,-256,-98,9877
256,gamma4,0.5,497,5511713692328055009,38573,877,3,-256,19,5463
256,gamma4,0.5,498,5732963110901166114,57055,1449,3,256,-47,7512
256,gamma4,0.5,499,3720599237786538741,160221,1227,1,-69,256,17278
256,gamma4,0.5,500,2564285659144825675,232478,1384,5,-256,-28,17166
256,gamma4,0.5,501,8690856169648070952,47355,963,-1,-256,81,6101
256,gamma4,0.5,502,482635823031375510,59299,1199,-1,69,256,7546
256,gamma4,0.5,503,762505138402295881,235668,860,2,-256,154,19203
256,gamma4,0.5,504,532931186323085373,73246,1294,-1,256,36,10298
256,gamma4,0.5,505,7721661744313293645,42564,914,-1,20,256,5840
256,gamma4,0.5,506,1974609399446478777,84445,977,0,-256,-51,7201
256,gamma4,0.5,507,2824787935019028399,30202,986,1,256,-90,4181
256,gamma4,0.5,508,78761124573502355,67368,1006,4,-8,-256,10306
256,gamma4,0.5,509,6880537996607835766,225649,1129,1,256,-49,22898
256,gamma4,0.5,510,2957479019271400810,91807,1495,-7,53,-256,10409
256,gamma4,0.5,511,4428340600496871666,148838,1756,2,256,28,17328
256,gamma4,0.5,512,5626096774078500870,70833,1049,0,-109,256,7827
256,gamma4,0.5,513,6724445784355462697,100355,1203,0,-256,-81,10850
256,gamma4,0.5,514,7991635511979866305,138686,738,3,-56,-256,14688
256,gamma4,0.5,515,5020603692886489862,132106,1594,2,-46,256,10015
256,gamma4,0.5,516,1951405631516431170,192512,2330,4,18,-256,20304
256,gamma4,0.5,517,4924948468636222274,81494,1634,-3,4,256,9945
256,gamma4,0.5,518,8124128492433961435,106063,1447,1,75,-256,12321
256,gamma4,0.5,519,3748284014814148878,71558,854,0,256,98,8631
256,gamma4,0.5,520,8260795506051338837,41227,987,1,-256,-13,5283
256,gamma4,0.5,521,2825767943388010312,138134,1352,4,62,-256,14244
256,gamma4,0.5,522,2365976405610402225,286081,1265,1,-256,101,21303
256,gamma4,0.5,523,7489688461575891957,242993,1561,-3,-43,-256,19554
256,gamma4,0.5,524,4201160181444097861,33719,1001,1,-55,-256,3905
256,gamma4,0.5,525,3280571803006239222,43463,1219,-1,256,-139,6019
256,gamma4,0.5,526,4116993791305662645,72021,941,-1,256,-41,7332
256,gamma4,0.5,527,4019834185007984904,88157,1925,-2,57,256,12227
256,gamma4,0.5,528,5307201091726464197,244314,1162,-2,256,110,14758
256,gamma4,0.5,529,2095863390074117799,114416,2400,-1,26,-256,14708
256,gamma4,0.5,530,3360180480417315985,31961,1081,0,256,75,4409
256,gamma4,0.5,531,5973583180531586421,65946,754,0,-256,-30,7210
256,gamma4,0.5,532,2916114814452970442,164324,1962,4,-256,84,16732
256,gamma4,0.5,533,9211183856407762514,85807,1155,1,223,-256,6685
256,gamma4,0.5,534,4971772012908879841,90461,1241,3,131,256,8983
256,gamma4,0.5,535,5664746568110853230,72008,962,0,256,188,8960
256,gamma4,0.5,536,6552288092945105494,81552,1950,3,4,256,10009
256,gamma4,0.5,537,5929089152256247996,192082,1138,3,256,-92,16028
256,gamma4,0.5,538,7594150702571203703,101311,1769,-4,256,-69,12353
256,gamma4,0.5,539,5195608806862987909,91392,1168,-1,-148,-256,10108
256,gamma4,0.5,540,6754155847249690198,64591,1533,-1,256,123,7817
256,gamma4,0.5,541,1390761014166655242,148963,2753,4,-256,59,15706
256,gamma4,0.5,542,1902663674733430957,168094,942,-1,-108,256,14290
256,gamma4,0.5,543,4292915196648849508,83398,1762,-2,122,-256,11843
256,gamma4,0.5,544,4004808826805432517,161478,1190,1,232,-256,14738
256,gamma4,0.5,545,497421224344022965,96186,1380,1,-256,102,7993
256,gamma4,0.5,546,5418747333518831208,207136,868,0,-256,-84,17654
256,gamma4,0.5,547,1044770937553412091,61828,1616,1,256,22,8005
256,gamma4,0.5,548,4260373983381053337,45471,1463,0,-59,-256,6103
256,gamma4,0.5,549,4599920350974123498,148765,1405,-2,-256,219,12596
256,gamma4,0.5,550,5379045085161152945,195543,2899,-3,79,256,19085
256,gamma4,0.5,551,419760995151783877,75672,1876,1,142,-256,9000
256,gamma4,0.5,552,5716515448126878973,31323,991,0,81,-256,4688
256,gamma4,0.5,553,1995934091629278978,25795,793,1,-5,256,3450
256,gamma4,0.5,554,4972407169362972493,105260,1526,1,-256,-6,13559
256,gamma4,0.5,555,3586308792416208627,54752,1052,7,256,-114,7515
256,gamma4,0.5,556,3258526072601343786,148882,1998,1,-256,18,17907
256,gamma4,0.5,557,7271540979311052810,93914,1180,-2,-256,-152,7839
256,gamma4,0.5,558,2860576690454102760,168856,1018,2,256,54,16825
256,gamma4,0.5,559,208608729288070260,94596,1468,0,-4,-256,9765
256,gamma4,0.5,560,7700678550170335149,289773,877,0,89,256,24142
256,gamma4,0.5,561,8621572993944292052,89165,1327,2,256,-137,10595
256,gamma4,0.5,562,2814239148769235731,403090,1570,-4,220,-256,23887
256,gamma4,0.5,563,5632573167435972095,289899,1769,-6,1,256,27669
256,gamma4,0.5,564,6308328880626447938,71037,1391,-1,256,109,8633
256,gamma4,0.5,565,4937635038855630933,121728,1114,2,-256,-82,9688
256,gamma4,0.5,566,3548733191698444306,66831,1135,-1,-256,103,9374
256,gamma4,0.5,567,4069737290723296590,85368,1838,0,256,210,10490
256,gamma4,0.5,568,217750345372500752,44001,921,0,-89,-256,6594
256,gamma4,0.5,569,2948639568895138536,204507,821,2,-81,256,16250
256,gamma4,0.5,570,4962037136182395440,152532,1286,-1,-62,-256,12247
256,gamma4,0.5,571,170095210015706149,123818,1464,2,-96,256,9784
256,gamma4,0.5,572,6643239682430673416,81854,1532,2,-214,-256,10266
256,gamma4,0.5,573,685032454176632248,45768,1328,0,256,-182,6291
256,gamma4,0.5,574,6417013473522361738,242730,2162,-2,-38,256,21777
256,gamma4,0.5,575,1549142636153408660,141538,1880,6,88,256,15996
256,gamma4,0.5,576,3808212241128060604,93486,1232,1,-8,256,10420
256,gamma4,0.5,577,7655751934074782986,150622,1336,0,256,-158,15322
256,gamma4,0.5,578,1233864665967062031,40872,848,1,256,-54,4518
256,gamma4,0.5,579,1175636603104730184,70645,1157,0,-105,256,9526
256,gamma4,0.5,580,7509116808144515609,161435,2137,-2,107,-256,17362
256,gamma4,0.5,581,4955513702067143297,55908,1254,0,-256,20,8202
256,gamma4,0.5,582,5697598363553190095,39659,1027,-1,256,-147,5366
256,gamma4,0.5,583,5135157918032342814,275445,1611,-2,-29,256,18664
256,gamma4,0.5,584,8825538869528001483,230766,1198,1,256,82,15540
256,gamma4,0.5,585,1313944110920563867,77007,1937,0,21,256,10133
256,gamma4,0.5,586,3298263584311450386,204979,2233,-3,-256,-181,20548
256,gamma4,0.5,587,6809135399482198348,49771,1589,2,-256,155,7889
256,gamma4,0.5,588,1952489641970024898,90727,1415,0,61,-256,9427
256,gamma4,0.5,589,1227534048119473145,340167,1267,0,-159,-256,31357
256,gamma4,0.5,590,5769367155101558,47513,839,0,256,-23,5136
256,gamma4,0.5,591,8374929281361998969,396354,978,0,-256,62,29354
256,gamma4,0.5,592,691430645117092336,353281,1075,2,256,27,32755
256,gamma4,0.5,593,2211307465344311257,63639,1195,0,256,169,9504
256,gamma4,0.5,594,397286188252130649,148854,938,-1,-208,256,12139
256,gamma4,0.5,595,3764663810018915469,92701,1285,5,107,-256,10658
256,gamma4,0.5,596,6651549836743310194,272077,1007,-1,-141,-256,23069
256,gamma4,0.5,597,7303252550087519699,214023,1079,0,256,153,18385
256,gamma4,0.5,598,7221711772230829511,55888,1064,3,256,-16,6654
256,gamma4,0.5,599,6631728138408105491,141781,1655,2,-256,65,12287
256,gamma4,0.5,600,3735148765819114689,27196,1128,0,256,-58,4278
256,gamma4,0.5,601,3785532746118202105,162417,2575,0,-256,-93,19500
256,gamma4,0.5,602,4612954911071783961,35294,1218,1,256,174,6128
256,gamma4,0.5,603,3073682062007076674,239751,915,-1,256,47,23531
256,gamma4,0.5,604,9070996740122871658,257000,1722,2,256,106,13793
256,gamma4,0.5,605,5972656026081575176,39394,1640,-3,-68,-256,5809
256,gamma4,0.5,606,1188166423082596124,125138,2718,4,120,-256,16272
256,gamma4,0.5,607,7420457195833116988,84266,1102,-1,18,-256,9817
256,gamma4,0.5,608,4489428616191866390,48236,1320,1,-256,78,6487
256,gamma4,0.5,609,4739217882661758336,327018,1590,-1,-8,-256,23879
256,gamma4,0.5,610,1811049527072460968,443244,1114,0,-256,-98,31462
256,gamma4,0.5,611,3390901757476264640,78529,837,-2,-57,256,8103
256,gamma4,0.5,612,4810992281737095524,82157,1121,1,-105,-256,7504
256,gamma4,0.5,613,4447164578052178863,89208,1638,2,-256,102,10141
256,gamma4,0.5,614,911807356272957889,306669,1323,-2,256,205,19285
256,gamma4,0.5,615,206004889125287286,155418,1576,-2,-6,-256,16098
256,gamma4,0.5,616,5903225895321413789,156342,1408,4,-256,122,17642
256,gamma4,0.5,617,4846663020745482361,193095,1965,0,-165,256,20525
256,gamma4,0.5,618,1024328599606590806,388309,1775,0,-61,256,31748
256,gamma4,0.5,619,4643182598315073764,153582,1654,-3,148,256,16916
256,gamma4,0.5,620,6954980777833970457,111992,1798,-2,-256,142,13683
256,gamma4,0.5,621,3734825988517894783,77998,1342,-1,12,-256,9531
256,gamma4,0.5,622,6794230962597998477,30886,1162,2,256,20,3781
256,gamma4,0.5,623,7952137198452880109,78552,936,2,-256,-144,7862
256,gamma4,0.5,624,7408810389295092408,356527,1033,-2,-256,-161,28978
256,gamma4,0.5,625,5802162256803661051,41982,1338,2,256,170,5121
256,gamma4,0.5,626,8433640643087348425,227732,1740,-1,-74,-256,20483
256,gamma4,0.5,627,4015603828031055642,59597,1351,1,-256,-111,8577
256,gamma4,0.5,628,7246929516810486633,199153,1183,0,-256,205,17231
256,gamma4,0.5,629,6457741859622729360,75439,1135,-1,-87,256,8174
256,gamma4,0.5,630,7263829172032952004,192881,2705,-1,-256,-13,19260
256,gamma4,0.5,631,8348296112539287795,28265,919,0,-33,-256,3467
256,gamma4,0.5,632,6506191796955555103,124195,1391,-2,-185,-256,15463
256,gamma4,0.5,633,1648642907414278326,189653,1253,-3,-256,69,15295
256,gamma4,0.5,634,6567030519664482784,132302,1346,1,-78,-256,15149
256,gamma4,0.5,635,3188504650881957385,130357,2101,1,256,-71,16319
256,gamma4,0.5,636,8115896126203691615,34060,946,1,112,256,5207
256,gamma4,0.5,637,7550713441390300790,84869,1389,1,-256,-165,10456
256,gamma4,0.5,638,5418259605386738747,113749,1125,-1,256,199,16082
256,gamma4,0.5,639,3840720971959002623,83324,996,-2,256,-2,9977
256,gamma4,0.5,640,6375670350356701391,71095,1675,1,256,155,8315
256,gamma4,0.5,641,5109945651772926116,196090,1006,3,-88,256,14721
256,gamma4,0.5,642,4965159286092482409,92501,1195,4,256,173,10524
256,gamma4,0.5,643,6673331079907300534,200762,2742,0,68,-256,22605
256,gamma4,0.5,644,6685964417829980384,144049,1571,-2,235,-256,15234
256,gamma4,0.5,645,1113562863660835878,43775,1393,-1,256,163,6411
256,gamma4,0.5,646,7933155048832524783,103172,1376,2,256,22,14196
256,gamma4,0.5,647,4750940159513463613,118785,1305,3,-256,-147,10321
256,gamma4,0.5,648,3502809387454340842,139494,1310,2,82,256,13943
256,gamma4,0.5,649,1674925128316552765,73130,1282,0,256,-186,7889
256,gamma4,0.5,650,1223657043774048674,97658,2172,1,-256,74,10983
256,gamma4,0.5,651,345557963290807913,65073,1183,-1,-256,-187,6522
256,gamma4,0.5,652,1856147342914933430,43632,1166,-3,256,54,6250
256,gamma4,0.5,653,766357549309659480,81041,1129,-2,123,-256,9535
256,gamma4,0.5,654,2231946093166246973,32955,815,-2,43,256,4245
256,gamma4,0.5,655,1809576869466389399,46810,882,0,24,256,5932
256,gamma4,0.5,656,4507432796713930456,49149,819,-1,256,109,5558
256,gamma4,0.5,657,3246406242220297875,111409,1533,0,229,256,13468
256,gamma4,0.5,658,6315894930979727249,88040,1486,1,136,-256,9578
256,gamma4,0.5,659,8409046585522993759,163818,2428,5,218,256,18487
256,gamma4,0.5,660,3369546427953581890,42277,1115,-2,23,-256,5743
256,gamma4,0.5,661,5028591429919240116,203165,1803,-1,153,256,18624
256,gamma4,0.5,662,6390974263215392007,37816,1396,1,-256,-76,6668
256,gamma4,0.5,663,8110642527917220386,132125,1509,-1,169,-256,13480
256,gamma4,0.5,664,1552113379363233307,57412,1350,-1,-190,256,7463
256,gamma4,0.5,665,802463831551988912,34850,1048,-1,-2,256,4858
256,gamma4,0.5,666,3491618428440293809,316369,1845,-3,69,-256,24276
256,gamma4,0.5,667,8445481300863474769,48238,1038,-1,-256,-74,5819
256,gamma4,0.5,668,498076403644139638,192136,920,-1,-74,256,21059
256,gamma4,0.5,669,8890303576943511466,86043,1251,2,-9,256,8981
256,gamma4,0.5,670,3465616821741455743,38021,1111,1,29,-256,5413
256,gamma4,0.5,671,1766775017390307785,83223,1141,0,5,-256,9687
256,gamma4,0.5,672,5108786527419162583,214357,1011,0,-23,-256,14292
256,gamma4,0.5,673,4241919762533200028,447579,1779,-4,-256,-47,27049
256,gamma4,0.5,674,2607722662179034359,104637,2017,-5,61,256,13833
256,gamma4,0.5,675,1342087214670414786,171104,1118,1,-130,-256,13099
256,gamma4,0.5,676,2798448070830869019,107512,1330,-3,-256,-122,11010
256,gamma4,0.5,677,5366040092131669894,135178,824,2,-256,-56,15385
256,gamma4,0.5,678,636361028584135574,387021,1861,-1,-256,-91,22962
256,gamma4,0.5,679,2573897982529388683,76436,1170,0,50,-256,8205
256,gamma4,0.5,680,4141655374196103259,30039,1049,1,23,256,4644
256,gamma4,0.5,681,6492079787093781350,177180,2118,1,-212,-256,20551
256,gamma4,0.5,682,2392428827040847844,95734,1564,1,-56,-256,12144
256,gamma4,0.5,683,8478302061484591728,195549,979,0,-256,-105,19183
256,gamma4,0.5,684,294492596441209824,12355,791,-1,-43,-256,2266
256,gamma4,0.5,685,979974732290601404,96991,1427,-5,-256,-27,10381
256,gamma4,0.5,686,4484489613642006611,104439,1151,-2,-256,151,11648
256,gamma4,0.5,687,7300209291747646617,142894,1400,4,-12,-256,15838
256,gamma4,0.5,688,2879618386935706719,21561,935,-2,95,-256,3671
256,gamma4,0.5,689,2269061420641172932,63949,1271,-3,-15,256,8319
256,gamma4,0.5,690,1016165053672173359,401104,1492,1,256,102,29707
256,gamma4,0.5,691,990051190056522799,361833,1355,3,-131,256,23328
256,gamma4,0.5,692,7933941506884297099,119618,1002,0,-256,122,12285
256,gamma4,0.5,693,959477675904474013,92558,1050,-1,256,82,8511
256,gamma4,0.5,694,4447356232882624563,108904,1926,1,-256,132,11821
256,gamma4,0.5,695,5693863174344353806,160788,1152,-3,86,256,11905
256,gamma4,0.5,696,3531417804214354784,180789,941,4,-256,17,16737
256,gamma4,0.5,697,8135585276772272514,168622,3242,1,-256,-60,19073
256,gamma4,0.5,698,3228226098947714874,113896,924,-1,-160,-256,12201
256,gamma4,0.5,699,1171216569019622147,106264,1614,2,-78,256,11446
