L,model,k,sample_index,seed,raw_steps,lerw_steps,winding,hit_x,hit_y,environment_sites
16,gamma,20.0,0,5562321409476592585,62,32,-3,6,16,41
16,gamma,20.0,1,5243280976988712981,207,47,-1,-9,16,86
16,gamma,20.0,2,81119760448338258,111,35,-1,7,-16,64
16,gamma,20.0,3,974199466523638662,169,43,0,-3,16,81
16,gamma,20.0,4,7588891036920033688,209,29,0,-16,-1,92
16,gamma,20.0,5,565554617073767627,93,33,0,9,16,50
16,gamma,20.0,6,5304305087354562886,387,77,-1,16,7,162
16,gamma,20.0,7,7965843447984327652,111,35,-2,16,3,63
16,gamma,20.0,8,1558387166899622112,537,55,1,-16,-7,211
16,gamma,20.0,9,3396330878333857975,209,31,0,-16,5,95
16,gamma,20.0,10,7985767971412715237,285,27,1,1,-16,143
16,gamma,20.0,11,7634075355149633058,307,41,0,-7,-16,129
16,gamma,20.0,12,7683838468557808885,268,44,-1,16,4,130
16,gamma,20.0,13,2414577871230032996,689,51,-2,1,16,208
16,gamma,20.0,14,4400094202902296358,594,74,-2,16,6,182
16,gamma,20.0,15,8828664709914817184,183,47,4,16,-3,93
16,gamma,20.0,16,8476614141771618779,277,35,0,3,16,126
16,gamma,20.0,17,2841961118647783364,382,48,0,-16,14,142
16,gamma,20.0,18,718765753820446505,89,25,0,-16,-5,40
16,gamma,20.0,19,3355163592247115174,197,45,-1,-16,9,96
16,gamma,20.0,20,8858724609880849398,457,71,-2,-16,-11,194
16,gamma,20.0,21,2234347456189414106,165,31,1,16,1,78
16,gamma,20.0,22,2113504434212502239,121,35,-1,-16,-3,60
16,gamma,20.0,23,8493482798678024417,434,44,1,-16,8,207
16,gamma,20.0,24,1941541702447798830,370,40,0,-16,8,115
16,gamma,20.0,25,5869864676080835988,219,75,2,11,-16,124
16,gamma,20.0,26,5216635986989412586,62,26,0,-8,16,35
16,gamma,20.0,27,4202648026397344605,242,36,-1,-16,2,94
16,gamma,20.0,28,1256295406303275935,320,38,-3,-16,-4,144
16,gamma,20.0,29,6545564036591949287,313,31,-1,9,16,132
16,gamma,20.0,30,8488925890911536592,142,42,0,4,-16,85
16,gamma,20.0,31,991295189242901566,155,43,0,5,16,65
16,gamma,20.0,32,616084277094432705,207,35,-1,16,9,87
16,gamma,20.0,33,3430696163134552608,210,36,-1,16,-10,87
16,gamma,20.0,34,7718258571360531869,120,24,0,2,-16,55
16,gamma,20.0,35,1593230530672500175,89,27,1,16,-3,46
16,gamma,20.0,36,5392704323304807099,313,59,2,13,-16,143
16,gamma,20.0,37,5529246026629293649,323,35,-1,-16,7,111
16,gamma,20.0,38,3585162859209902985,267,37,-2,3,-16,94
16,gamma,20.0,39,2926826091368233126,128,42,-1,16,4,72
16,gamma,20.0,40,6220042679669559357,42,30,0,16,0,34
16,gamma,20.0,41,7548090293346996219,587,41,-2,16,3,185
16,gamma,20.0,42,9213707082047411149,275,41,0,11,16,91
16,gamma,20.0,43,6709154088671714259,547,79,2,3,16,209
16,gamma,20.0,44,2232220195445130667,553,35,-3,1,-16,149
16,gamma,20.0,45,7183244034679239803,685,45,-3,16,3,187
16,gamma,20.0,46,7916371899954239558,299,23,0,-16,-5,100
16,gamma,20.0,47,3094746345285333924,173,67,0,16,-15,108
16,gamma,20.0,48,6525586889680067574,511,31,1,16,1,147
16,gamma,20.0,49,8296545611338781895,188,42,1,-16,6,81
16,gamma,20.0,50,4188318835343918617,181,37,-2,-11,-16,83
16,gamma,20.0,51,6576247516818390374,399,61,1,3,-16,124
16,gamma,20.0,52,2005981774750727150,435,51,1,-7,16,189
16,gamma,20.0,53,4483197290069673004,314,54,-1,16,6,128
16,gamma,20.0,54,4989769361049200673,266,30,1,-6,-16,97
16,gamma,20.0,55,7676021254083787377,144,36,1,-8,-16,72
16,gamma,20.0,56,7702911311344907326,368,40,0,-16,14,117
16,gamma,20.0,57,8166745147461366229,517,45,0,16,9,189
16,gamma,20.0,58,1132721066685751861,376,38,0,16,-10,122
16,gamma,20.0,59,873804864947660883,76,34,1,-4,16,49
16,gamma,20.0,60,302190119374537540,316,78,0,16,2,135
16,gamma,20.0,61,3777337261601749023,419,41,-1,-16,5,176
16,gamma,20.0,62,8003989380445441133,166,50,1,-16,-2,80
16,gamma,20.0,63,6617856269207256913,550,24,1,-16,2,169
16,gamma,20.0,64,3215010030472582988,224,30,0,-16,-4,89
16,gamma,20.0,65,6506161982468812393,196,44,3,-16,6,106
16,gamma,20.0,66,5341818338373342064,228,28,0,-16,-4,89
16,gamma,20.0,67,1864758046315498909,336,44,1,-4,16,128
16,gamma,20.0,68,2810979941927716772,135,47,0,16,3,81
16,gamma,20.0,69,2897245120538812322,325,37,1,16,3,99
16,gamma,20.0,70,6949337573247311682,148,30,2,-2,-16,67
16,gamma,20.0,71,1721845380749547169,105,43,2,-3,-16,62
16,gamma,20.0,72,4283229226834910878,474,30,1,4,16,171
16,gamma,20.0,73,7179168350387598067,147,47,-1,1,-16,75
16,gamma,20.0,74,6222377802679148598,598,46,0,-16,6,195
16,gamma,20.0,75,7704948454868406800,110,42,-3,-16,-4,59
16,gamma,20.0,76,7173275492061308471,197,39,1,9,-16,98
16,gamma,20.0,77,968578605764973089,120,36,-1,-16,2,62
16,gamma,20.0,78,2971156470619798447,120,44,0,16,-10,63
16,gamma,20.0,79,3050589751197836877,108,44,-2,6,-16,61
16,gamma,20.0,80,7964070457638933512,499,43,4,-9,-16,185
16,gamma,20.0,81,4146749943764495020,510,40,0,16,10,133
16,gamma,20.0,82,2884558996560807769,366,48,3,-16,-4,124
16,gamma,20.0,83,3864492164676521363,1050,82,0,2,-16,409
16,gamma,20.0,84,5934335983261315589,243,57,-1,-1,16,117
16,gamma,20.0,85,4319176001994944927,189,41,0,-16,-5,95
16,gamma,20.0,86,4150083704395580323,331,33,0,16,-7,102
16,gamma,20.0,87,8750594309407831338,908,46,0,6,16,265
16,gamma,20.0,88,2101438595645034524,142,32,0,-2,16,78
16,gamma,20.0,89,980749318516112208,362,56,0,6,-16,133
16,gamma,20.0,90,59230724606951270,92,36,-1,-16,-8,49
16,gamma,20.0,91,6831613321330761284,184,26,-1,0,-16,92
16,gamma,20.0,92,342777072015283311,304,62,2,16,-12,126
16,gamma,20.0,93,4762464337763892515,166,34,2,-12,-16,73
16,gamma,20.0,94,8219732702558825586,484,32,-1,-6,16,220
16,gamma,20.0,95,3029361067586515127,340,32,1,2,-16,93
16,gamma,20.0,96,1612842442115675548,93,35,3,16,-1,47
16,gamma,20.0,97,7101888576185914518,264,28,0,16,4,98
16,gamma,20.0,98,2600096484727300901,432,32,0,2,-16,147
16,gamma,20.0,99,6155257201289647650,157,49,2,-16,-5,78
16,gamma,20.0,100,548689806449148633,321,27,1,16,1,107
16,gamma,20.0,101,2374268002680696978,315,31,0,-16,-5,102
16,gamma,20.0,102,5279587895958488356,480,50,1,-16,2,139
16,gamma,20.0,103,960560786235788234,278,34,1,16,0,105
16,gamma,20.0,104,59498107375311244,95,47,2,16,-1,64
16,gamma,20.0,105,278816923602794036,658,46,-1,16,2,267
16,gamma,20.0,106,6630200311632390550,137,31,-1,-9,16,62
16,gamma,20.0,107,7463781523596921509,426,44,0,-10,16,178
16,gamma,20.0,108,8356333091752752874,156,44,1,-6,16,84
16,gamma,20.0,109,5558485294012072281,367,31,0,3,-16,114
16,gamma,20.0,110,5122620987743657479,647,27,-2,1,-16,224
16,gamma,20.0,111,5189898134635648958,105,37,1,-1,-16,60
16,gamma,20.0,112,3058150616699524806,331,59,-1,16,-9,147
16,gamma,20.0,113,689958957236260401,129,25,1,-16,3,57
16,gamma,20.0,114,4321670605767221834,100,36,0,-14,16,57
16,gamma,20.0,115,3728310975997262688,146,34,0,8,16,74
16,gamma,20.0,116,8584467524638635926,80,44,1,8,16,55
16,gamma,20.0,117,6935674167082505575,243,39,-1,-5,16,83
16,gamma,20.0,118,7307117822492236374,447,67,1,-16,11,179
16,gamma,20.0,119,4404430622637652076,368,42,1,16,-6,138
16,gamma,20.0,120,4173543722900469720,382,32,-1,0,16,127
16,gamma,20.0,121,8883032850446707612,290,56,0,16,2,122
16,gamma,20.0,122,2903423901193597427,484,38,-2,-16,-2,174
16,gamma,20.0,123,9071140760719597947,300,44,0,-8,-16,114
16,gamma,20.0,124,7821120301099684559,173,31,3,16,1,66
16,gamma,20.0,125,4912134363500941673,314,56,0,-16,-2,122
16,gamma,20.0,126,137586358874096104,481,33,1,-16,5,120
16,gamma,20.0,127,3837361923499700318,166,50,1,-16,8,85
16,gamma,20.0,128,7327449335044285738,185,33,-1,16,-3,77
16,gamma,20.0,129,6925842613911904157,81,39,0,16,3,48
16,gamma,20.0,130,985873788364002301,114,42,-1,16,10,63
16,gamma,20.0,131,4905846501897026023,113,35,0,16,7,64
16,gamma,20.0,132,2109747732066193032,402,34,-1,-16,-4,150
16,gamma,20.0,133,8769695312509703273,103,33,1,-9,-16,54
16,gamma,20.0,134,5456834668831537694,206,72,3,-2,-16,114
16,gamma,20.0,135,677048420103519976,310,34,2,16,-2,121
16,gamma,20.0,136,4286795018342433527,445,81,-3,-7,16,175
16,gamma,20.0,137,1857544409864331573,158,26,0,16,-4,60
16,gamma,20.0,138,6492040303976142164,204,36,-2,-16,8,95
16,gamma,20.0,139,9002651977024596182,166,34,1,12,16,73
16,gamma,20.0,140,5199813086047212235,355,33,0,9,-16,110
16,gamma,20.0,141,1338644415053993436,88,34,0,-16,0,56
16,gamma,20.0,142,1502108868369573983,85,31,-1,7,-16,50
16,gamma,20.0,143,5476869857550854919,222,30,1,-16,4,96
16,gamma,20.0,144,1066785272427181039,188,44,1,10,16,94
16,gamma,20.0,145,405983646937344675,220,50,-2,-2,-16,111
16,gamma,20.0,146,3231207422354794639,58,30,-1,-2,16,37
16,gamma,20.0,147,8878776614660546845,59,23,0,5,16,38
16,gamma,20.0,148,7409541694550143806,255,37,0,16,15,104
16,gamma,20.0,149,614269399926383589,126,26,0,16,-6,58
16,gamma,20.0,150,4318666960465223091,324,54,0,6,-16,132
16,gamma,20.0,151,1929857997906538804,190,44,1,0,-16,97
16,gamma,20.0,152,7335887592660317399,240,28,0,-16,-6,73
16,gamma,20.0,153,1574496361770021958,110,42,-1,-8,16,64
16,gamma,20.0,154,6666011749009218398,764,46,-1,-16,-4,200
16,gamma,20.0,155,5782452458455118431,714,48,-1,-16,4,237
16,gamma,20.0,156,2873231572434131944,220,30,1,16,0,73
16,gamma,20.0,157,8681232192693559506,62,26,1,16,-4,42
16,gamma,20.0,158,104003971882047410,529,31,1,-16,7,178
16,gamma,20.0,159,3997483833183893685,120,40,1,16,-2,71
16,gamma,20.0,160,525381740157986635,136,32,1,-4,16,70
16,gamma,20.0,161,883926492533922417,163,29,0,16,3,78
16,gamma,20.0,162,6664069029686132409,663,81,-3,9,-16,248
16,gamma,20.0,163,7568760645553543808,238,58,0,-8,16,117
16,gamma,20.0,164,9221080183952470811,355,63,1,-3,-16,143
16,gamma,20.0,165,4226140976937672593,324,40,-1,2,16,125
16,gamma,20.0,166,1264979193303375536,233,33,-2,3,-16,100
16,gamma,20.0,167,3428468369029138950,66,32,-1,-10,16,45
16,gamma,20.0,168,3814157204377252161,153,21,0,-16,5,66
16,gamma,20.0,169,8979839309697135792,85,33,0,-16,-3,51
16,gamma,20.0,170,5900567799360912512,303,51,-2,16,-5,147
16,gamma,20.0,171,670994414926941618,124,24,1,2,-16,50
16,gamma,20.0,172,3352941901724427821,136,28,0,0,16,51
16,gamma,20.0,173,8111703122001328855,421,53,-2,-1,-16,173
16,gamma,20.0,174,5164843968737624327,121,49,1,16,-1,73
16,gamma,20.0,175,3445109954731196744,285,63,1,7,16,128
16,gamma,20.0,176,6929099440106618557,1038,102,2,-10,16,291
16,gamma,20.0,177,244406539845600772,157,51,-1,5,-16,91
16,gamma,20.0,178,1653339613475801489,170,32,1,16,0,81
16,gamma,20.0,179,905502824874886391,260,44,2,-6,-16,111
16,gamma,20.0,180,3361947308692610117,970,46,-1,16,0,301
16,gamma,20.0,181,8070159232278534340,222,48,1,16,-4,91
16,gamma,20.0,182,8978753898552715388,187,25,1,16,-9,73
16,gamma,20.0,183,897022463363455749,769,35,1,-13,-16,230
16,gamma,20.0,184,1995523394209532720,160,32,-1,16,-4,77
16,gamma,20.0,185,1096133282624088071,448,30,0,2,-16,135
16,gamma,20.0,186,1702310541834192838,201,45,1,5,16,85
16,gamma,20.0,187,7821905335875481126,224,48,-2,-8,16,95
16,gamma,20.0,188,6164546855026784866,348,34,3,8,16,148
16,gamma,20.0,189,8141713355656500677,73,33,0,5,16,42
16,gamma,20.0,190,6550408450705199495,358,32,-1,0,16,107
16,gamma,20.0,191,1050240710865213398,246,50,-1,-16,0,110
16,gamma,20.0,192,1723500146804848573,145,33,0,-1,-16,62
16,gamma,20.0,193,3137804506400433150,194,40,-1,8,16,111
16,gamma,20.0,194,6624668160178697269,216,36,0,-12,16,95
16,gamma,20.0,195,5275707258141105638,415,33,1,-1,-16,129
16,gamma,20.0,196,7639995811644919461,158,42,-1,-6,-16,81
16,gamma,20.0,197,3245053337457844382,262,46,0,8,16,105
16,gamma,20.0,198,2721256484544032046,205,41,1,-5,16,86
16,gamma,20.0,199,5903190311693820223,86,28,-1,-16,-8,50
16,gamma,20.0,200,1242896861748682027,507,37,2,-7,-16,172
16,gamma,20.0,201,6177614778657024831,331,39,2,-5,-16,139
16,gamma,20.0,202,2906235468981550869,131,35,-2,-3,16,59
16,gamma,20.0,203,6821686177290880222,593,41,0,11,16,163
16,gamma,20.0,204,250716492059996245,339,45,2,-16,13,138
16,gamma,20.0,205,7281963671465698934,458,42,0,-16,2,175
16,gamma,20.0,206,74439087917267824,119,33,2,9,-16,57
16,gamma,20.0,207,2124492681302319877,255,59,-1,-16,-9,108
16,gamma,20.0,208,3979047090934657409,182,58,0,-16,-6,99
16,gamma,20.0,209,3910515374451007826,536,32,-2,-6,-16,148
16,gamma,20.0,210,3974560395460932475,170,46,1,0,-16,82
16,gamma,20.0,211,7943323802534328520,805,37,1,3,16,245
16,gamma,20.0,212,4634689752905029080,354,32,0,-16,6,173
16,gamma,20.0,213,4992600663528172840,992,28,0,-4,16,189
16,gamma,20.0,214,4453567392325754715,593,33,1,-3,-16,171
16,gamma,20.0,215,7068411163332999026,168,32,1,-2,-16,83
16,gamma,20.0,216,6690075177215624145,169,25,0,3,-16,84
16,gamma,20.0,217,1978447362015100222,236,48,2,-16,2,101
16,gamma,20.0,218,4362387229230531728,63,31,0,-1,16,39
16,gamma,20.0,219,8134359661551033285,233,31,1,16,-9,93
16,gamma,20.0,220,6382922668629866511,303,31,0,-16,1,120
16,gamma,20.0,221,6517886599326134549,479,63,1,5,16,145
16,gamma,20.0,222,8871945394345562766,632,30,1,2,16,174
16,gamma,20.0,223,5138024799979530545,125,27,1,5,16,58
16,gamma,20.0,224,3430130317464500671,235,39,1,16,1,111
16,gamma,20.0,225,356180853706411159,405,61,-4,16,7,159
16,gamma,20.0,226,5405872882961441722,97,57,2,-5,-16,68
16,gamma,20.0,227,5119608250596112476,270,44,-3,-16,2,118
16,gamma,20.0,228,2464817012361066181,651,39,2,3,16,204
16,gamma,20.0,229,252162517912811184,773,43,2,-13,-16,245
16,gamma,20.0,230,9016951003807176238,559,41,0,16,11,162
16,gamma,20.0,231,3033862009571024005,260,26,0,0,16,108
16,gamma,20.0,232,6152838901464739817,178,28,0,-6,16,76
16,gamma,20.0,233,576855323370351130,103,25,1,1,-16,49
16,gamma,20.0,234,1809710410516463012,456,52,-2,8,-16,153
16,gamma,20.0,235,1000762553928591885,266,54,3,-16,8,116
16,gamma,20.0,236,4260023569189494761,231,33,0,-16,-7,107
16,gamma,20.0,237,6467053033634297244,409,73,0,7,-16,193
16,gamma,20.0,238,1310819972836344130,141,33,1,-1,-16,74
16,gamma,20.0,239,6839526707365183417,304,62,-1,6,16,147
16,gamma,20.0,240,606413926828847022,202,66,0,12,16,98
16,gamma,20.0,241,3978981554414986593,140,30,-1,6,-16,66
16,gamma,20.0,242,1555546620877640004,355,39,0,7,16,130
16,gamma,20.0,243,1301490514882699706,121,33,-2,16,9,64
16,gamma,20.0,244,5506688389565906012,481,73,-2,16,15,150
16,gamma,20.0,245,9101710619408477067,351,77,1,-5,16,152
16,gamma,20.0,246,4914681554324497341,265,25,-1,-1,16,83
16,gamma,20.0,247,5835412789754908851,373,37,-2,5,-16,113
16,gamma,20.0,248,7680891209609506868,375,29,-1,-16,1,130
16,gamma,20.0,249,1527987273829833640,367,53,1,16,11,144
16,gamma,20.0,250,3240632362518368155,79,37,-3,-3,16,49
16,gamma,20.0,251,2658387390155853202,310,48,0,-2,-16,151
16,gamma,20.0,252,2844113539499682080,231,33,-1,16,5,110
16,gamma,20.0,253,6480526028646766167,207,45,-1,16,-5,91
16,gamma,20.0,254,7413250788024532280,324,28,1,-2,16,128
16,gamma,20.0,255,2340462207200445407,125,47,1,-16,1,68
16,gamma,20.0,256,8686266440959534732,1276,38,0,-2,16,310
16,gamma,20.0,257,2676705207906976302,71,23,0,-5,16,42
16,gamma,20.0,258,4360305335166829287,61,29,1,-5,-16,40
16,gamma,20.0,259,1289649337996911116,262,42,-2,0,16,119
16,gamma,20.0,260,1555092622943484458,107,33,0,-7,-16,61
16,gamma,20.0,261,8279414202623165599,82,20,0,2,16,37
16,gamma,20.0,262,1018173251423316802,339,65,0,-5,16,147
16,gamma,20.0,263,9116381040955183929,1186,50,-1,10,-16,341
16,gamma,20.0,264,2063749769444764907,244,40,2,-4,-16,105
16,gamma,20.0,265,3578569974146447466,199,51,2,13,16,100
16,gamma,20.0,266,4767386903036620011,159,53,1,16,3,92
16,gamma,20.0,267,1433917730025430772,476,26,-1,4,16,181
16,gamma,20.0,268,5309204194842571907,113,31,0,-16,11,54
16,gamma,20.0,269,7749582050859683608,214,62,-3,-16,-8,110
16,gamma,20.0,270,4691128627590904393,567,27,0,16,-3,157
16,gamma,20.0,271,2034970445194313165,45,23,0,16,-3,28
16,gamma,20.0,272,7195950695840859991,190,32,0,-6,16,86
16,gamma,20.0,273,2388643851812656842,679,33,-3,16,-1,181
16,gamma,20.0,274,6194818520159730876,801,61,-1,-11,-16,277
16,gamma,20.0,275,5065885020965642495,669,37,-1,16,7,180
16,gamma,20.0,276,934469143353730702,114,36,0,16,-6,63
16,gamma,20.0,277,3459840695684258384,557,53,-3,11,-16,209
16,gamma,20.0,278,1944263992420523331,201,47,2,16,-1,83
16,gamma,20.0,279,2756733923951965440,236,56,2,-10,-16,114
16,gamma,20.0,280,6729727983928542854,651,55,1,-5,16,266
16,gamma,20.0,281,8549480851189322335,609,65,-1,9,16,219
16,gamma,20.0,282,2670640086461855457,223,35,-1,-9,16,94
16,gamma,20.0,283,6742083895811835310,167,31,-1,16,-3,75
16,gamma,20.0,284,5332397349631005521,239,31,2,-3,-16,100
16,gamma,20.0,285,5357715246774315271,143,29,1,16,-3,66
16,gamma,20.0,286,6919517402687440008,100,28,-1,2,-16,51
16,gamma,20.0,287,4086170899674050040,104,36,0,-16,6,57
16,gamma,20.0,288,4908508815661941252,403,29,1,16,7,119
16,gamma,20.0,289,420561467424279292,331,63,3,13,16,118
16,gamma,20.0,290,110529948432953938,130,42,-1,-16,0,71
16,gamma,20.0,291,2828095441172170907,728,80,-3,-10,-16,277
16,gamma,20.0,292,6890449558875986097,120,32,0,2,16,59
16,gamma,20.0,293,3819407165357689568,107,35,-3,-1,-16,63
16,gamma,20.0,294,6764685581472398301,449,35,1,-16,-1,154
16,gamma,20.0,295,5809471038793138096,156,28,0,-4,16,83
16,gamma,20.0,296,1878547188983476176,181,35,0,-9,16,72
16,gamma,20.0,297,3998666520445060258,364,30,1,-4,16,135
16,gamma,20.0,298,301316514412269237,464,68,3,12,-16,171
16,gamma,20.0,299,3653656333117470844,280,32,2,-16,0,100
16,gamma,20.0,300,2564961171676930244,415,25,1,1,16,137
16,gamma,20.0,301,6441667088833927647,255,53,-1,16,-1,105
16,gamma,20.0,302,5659832614595165417,250,32,-1,10,-16,89
16,gamma,20.0,303,900830256022102607,606,40,0,-16,-8,202
16,gamma,20.0,304,2512086177770893956,68,32,-1,16,-4,44
16,gamma,20.0,305,5982733189467321205,510,38,-3,-16,10,164
16,gamma,20.0,306,4488977142562575455,497,29,0,-1,-16,193
16,gamma,20.0,307,4018294612660592758,183,27,0,-3,16,73
16,gamma,20.0,308,7752852787487155958,150,44,2,-16,4,69
16,gamma,20.0,309,4407825853398680466,171,55,-1,16,1,93
16,gamma,20.0,310,6118050268469018085,198,36,-1,-2,16,105
16,gamma,20.0,311,5971159113793400543,211,31,0,16,7,98
16,gamma,20.0,312,9210510629616078226,383,43,1,16,7,114
16,gamma,20.0,313,4359651486805448314,326,36,0,16,-6,119
16,gamma,20.0,314,4010453587126606097,66,24,0,-16,-6,44
16,gamma,20.0,315,6166784420892836430,731,27,-1,16,-3,227
16,gamma,20.0,316,5463535404615118941,100,32,1,16,2,56
16,gamma,20.0,317,6676549721295268974,125,35,0,-16,15,69
16,gamma,20.0,318,3504873165833178842,52,24,1,0,16,30
16,gamma,20.0,319,6006221753657729951,1369,45,2,-16,5,377
16,gamma,20.0,320,364737002625133812,665,45,0,16,7,245
16,gamma,20.0,321,2832702455228115618,168,62,0,-2,16,95
16,gamma,20.0,322,1449616655388545024,161,51,0,-16,-7,81
16,gamma,20.0,323,1864018248341586307,54,24,-1,-2,-16,37
16,gamma,20.0,324,7468779301714988760,237,53,1,16,-3,107
16,gamma,20.0,325,1097916061191659652,322,48,2,16,-6,139
16,gamma,20.0,326,556515320107327879,388,30,1,-16,8,152
16,gamma,20.0,327,8037412468477902483,203,35,0,-16,7,79
16,gamma,20.0,328,2811070217255671885,306,58,-2,-16,-14,135
16,gamma,20.0,329,9163114792972184915,352,28,-1,-16,-2,144
16,gamma,20.0,330,5685279910237327282,132,36,-1,-8,16,62
16,gamma,20.0,331,7357589782024684135,195,43,4,-1,-16,84
16,gamma,20.0,332,9110352954515623714,97,31,-1,16,7,53
16,gamma,20.0,333,1981610224100850276,155,31,0,16,-1,68
16,gamma,20.0,334,4706768602864766384,712,54,2,16,-10,230
16,gamma,20.0,335,1395129795637832405,212,32,-2,-2,16,86
16,gamma,20.0,336,5835613423992062262,295,33,0,16,1,118
16,gamma,20.0,337,4283555979775225180,154,42,-2,16,6,65
16,gamma,20.0,338,7949319307194048626,135,31,-1,-9,16,62
16,gamma,20.0,339,8187356593415678602,257,31,-1,-7,-16,98
16,gamma,20.0,340,4756017017718759397,391,35,0,-16,-5,151
16,gamma,20.0,341,4402681554408123995,136,28,0,16,8,80
16,gamma,20.0,342,1231155347012652323,116,32,2,6,16,60
16,gamma,20.0,343,5793403751506751642,195,39,2,-9,-16,84
16,gamma,20.0,344,2011199347971711430,702,116,-4,0,16,242
16,gamma,20.0,345,4573470052780130185,68,24,0,2,-16,32
16,gamma,20.0,346,98876081500851984,378,56,0,-6,16,149
16,gamma,20.0,347,6634016496639875350,361,61,0,16,9,144
16,gamma,20.0,348,7835137585697406389,183,33,-1,16,9,88
16,gamma,20.0,349,7104502829138901716,322,42,-1,8,-16,134
16,gamma,20.0,350,7817622099069524023,665,39,0,16,11,236
16,gamma,20.0,351,7694889715968701861,353,59,-1,1,16,131
16,gamma,20.0,352,6523770668171808679,82,24,1,0,16,42
16,gamma,20.0,353,6801690972980777394,500,36,-1,-16,4,142
16,gamma,20.0,354,3807856670039289243,100,42,1,16,12,58
16,gamma,20.0,355,6952311602108680056,490,32,2,-4,-16,230
16,gamma,20.0,356,7014100643498420903,82,22,1,-16,0,43
16,gamma,20.0,357,5315734938606906943,734,44,2,-16,6,215
16,gamma,20.0,358,5854487414865073069,255,29,1,5,-16,106
16,gamma,20.0,359,4756246109983080422,250,36,0,-16,12,96
16,gamma,20.0,360,4836583831058412253,300,80,2,-4,-16,152
16,gamma,20.0,361,2074224005177484232,266,38,0,-10,16,96
16,gamma,20.0,362,8336108747604624415,159,31,1,3,16,71
16,gamma,20.0,363,6415894475884572995,98,26,0,2,-16,46
16,gamma,20.0,364,7581479263704670217,177,47,-2,16,-1,80
16,gamma,20.0,365,3174204218259047656,173,33,0,16,1,63
16,gamma,20.0,366,7839678261665411237,254,50,-2,-2,16,111
16,gamma,20.0,367,6910325530000594791,264,36,2,16,6,102
16,gamma,20.0,368,8075810910383566823,709,51,1,1,-16,224
16,gamma,20.0,369,1725481624815047841,306,38,-2,-16,2,121
16,gamma,20.0,370,1647061106543116952,138,28,2,-6,-16,75
16,gamma,20.0,371,2925377186812936932,177,51,-2,16,-9,91
16,gamma,20.0,372,3676073362694611362,492,38,-1,16,-10,129
16,gamma,20.0,373,7301437540298683280,579,43,2,11,16,171
16,gamma,20.0,374,3193670261643425348,267,29,0,1,16,108
16,gamma,20.0,375,7536076188571065872,250,56,0,-12,16,122
16,gamma,20.0,376,4914223306998382968,381,69,-4,-16,-11,166
16,gamma,20.0,377,8554208438842713575,284,38,1,8,16,102
16,gamma,20.0,378,7383019844174539940,245,35,-2,-16,-3,102
16,gamma,20.0,379,5101957442608272607,576,30,0,-2,16,151
16,gamma,20.0,380,2688790954967309002,242,56,3,2,16,101
16,gamma,20.0,381,5656077786489139569,129,41,-1,-16,-5,79
16,gamma,20.0,382,3387823292558840709,315,39,-1,16,-9,132
16,gamma,20.0,383,4061702019472314994,302,42,0,2,16,107
16,gamma,20.0,384,8744775843135991901,150,30,0,16,4,57
16,gamma,20.0,385,3935710888028462062,164,38,0,-16,8,77
16,gamma,20.0,386,6192675177443191621,352,78,0,-10,16,160
16,gamma,20.0,387,3345496081849333524,388,38,2,-16,4,155
16,gamma,20.0,388,1009290805462114094,196,36,0,16,-8,76
16,gamma,20.0,389,2886892136444548714,255,35,1,-16,-7,97
16,gamma,20.0,390,6670669271336619608,287,25,0,16,-1,139
16,gamma,20.0,391,2751255367884476565,792,34,1,-8,-16,260
16,gamma,20.0,392,6027360520540800709,161,41,1,-5,-16,69
16,gamma,20.0,393,312544935371618324,506,56,1,16,-14,218
16,gamma,20.0,394,7356828689247790505,111,41,-3,16,1,65
16,gamma,20.0,395,4752339650990472284,506,44,-1,16,2,149
16,gamma,20.0,396,1523793740496166813,971,27,-1,3,16,305
16,gamma,20.0,397,3129957048564800323,1367,45,0,-3,16,265
16,gamma,20.0,398,8961008348407914813,241,45,-1,-16,3,108
16,gamma,20.0,399,1862609310288737626,114,46,0,-16,4,73
16,gamma,20.0,400,857959526692447814,316,30,-1,-6,16,115
16,gamma,20.0,401,7480623264655456287,447,41,0,9,-16,220
16,gamma,20.0,402,1115519309409061555,107,33,-2,7,-16,53
16,gamma,20.0,403,8938955115729419508,507,55,2,3,16,186
16,gamma,20.0,404,7410188663993588298,326,38,0,-14,-16,107
16,gamma,20.0,405,9213235155396723194,255,41,-1,-1,16,119
16,gamma,20.0,406,4170047216490991433,332,48,-3,-16,-10,139
16,gamma,20.0,407,5611559818655283755,157,47,-1,3,16,89
16,gamma,20.0,408,2043510252101527735,1013,49,0,16,7,233
16,gamma,20.0,409,9151209757320932518,170,56,4,-8,-16,99
16,gamma,20.0,410,7482590961531907397,85,29,0,1,16,42
16,gamma,20.0,411,7139674090052569663,532,36,2,-16,-8,180
16,gamma,20.0,412,8295674845430290556,100,38,-2,2,-16,57
16,gamma,20.0,413,90639166556151123,73,33,0,5,16,47
16,gamma,20.0,414,7478734324853642024,36,24,-1,16,0,31
16,gamma,20.0,415,1409267679273820413,197,29,-1,-9,16,96
16,gamma,20.0,416,5286079332408738446,856,58,3,-16,0,307
16,gamma,20.0,417,1718195164110447621,339,61,3,-16,5,128
16,gamma,20.0,418,3812764565966846186,358,50,-1,-16,-6,140
16,gamma,20.0,419,5316383474107779717,181,39,-1,9,-16,96
16,gamma,20.0,420,2186021533234408305,483,61,0,-16,-9,169
16,gamma,20.0,421,5810899494015423711,386,36,0,4,-16,134
16,gamma,20.0,422,7948315855036644266,160,34,-2,0,16,66
16,gamma,20.0,423,8169399684434994547,225,47,1,-16,5,100
16,gamma,20.0,424,9088920854027970210,669,67,-2,-9,-16,235
16,gamma,20.0,425,8917889012507835749,121,37,0,-16,-3,68
16,gamma,20.0,426,2162953831138088423,452,34,0,16,8,141
16,gamma,20.0,427,2359509329262444732,259,55,-2,16,11,120
16,gamma,20.0,428,2394765846746433667,482,52,-3,-16,8,163
16,gamma,20.0,429,1305087949812189153,96,32,-2,-6,16,49
16,gamma,20.0,430,2369530284567307807,497,59,-3,16,1,179
16,gamma,20.0,431,2786487215886015726,158,36,-1,16,10,87
16,gamma,20.0,432,796250860336528306,798,48,3,-16,8,222
16,gamma,20.0,433,4411826957527532518,160,26,0,-6,16,75
16,gamma,20.0,434,8265168419046092254,754,40,-1,0,16,265
16,gamma,20.0,435,8710435748082025445,268,52,1,10,16,140
16,gamma,20.0,436,9099647862118668363,1012,28,-1,16,-8,269
16,gamma,20.0,437,5746600049054207899,543,77,2,16,-9,183
16,gamma,20.0,438,1804285129930507233,252,34,0,16,4,98
16,gamma,20.0,439,2656364628574430496,270,30,0,16,-8,100
16,gamma,20.0,440,1333892822239325529,322,42,-1,-2,-16,135
16,gamma,20.0,441,3014309712690306301,472,28,-1,16,2,128
16,gamma,20.0,442,3354528777143797918,308,44,-1,16,12,135
16,gamma,20.0,443,2942880947052230824,348,44,-1,2,16,129
16,gamma,20.0,444,842946378406409994,216,40,-1,-16,-12,92
16,gamma,20.0,445,4166002900368375197,263,33,1,15,16,112
16,gamma,20.0,446,2658871540012630654,137,29,-1,9,-16,56
16,gamma,20.0,447,5043128943948266684,124,26,1,-8,16,58
16,gamma,20.0,448,9096775857660821356,611,39,0,5,-16,184
16,gamma,20.0,449,4725255842716835572,400,46,-2,-4,-16,155
16,gamma,20.0,450,6980016515378454249,169,33,-1,1,16,79
16,gamma,20.0,451,3827818609485327191,101,27,0,16,-3,45
16,gamma,20.0,452,5902640504709047471,97,27,-1,3,16,54
16,gamma,20.0,453,7378925280589718603,341,35,1,-3,16,147
16,gamma,20.0,454,8596263504100571630,183,41,1,5,-16,82
16,gamma,20.0,455,7022636881946629933,156,30,1,-16,-4,78
16,gamma,20.0,456,105483255010541070,491,35,-1,3,16,162
16,gamma,20.0,457,1422770337544557385,938,28,1,-16,-2,264
16,gamma,20.0,458,3134864058439680733,101,31,-3,3,-16,52
16,gamma,20.0,459,7085414133314895673,262,26,-1,0,16,86
16,gamma,20.0,460,8496394837503329878,152,22,0,16,-4,70
16,gamma,20.0,461,1274669048839038602,319,35,2,-5,16,97
16,gamma,20.0,462,5135496948368495572,181,33,2,-1,16,78
16,gamma,20.0,463,7462445174586348724,346,52,-2,-16,-8,157
16,gamma,20.0,464,4854929040683660216,264,58,0,16,0,92
16,gamma,20.0,465,8569561828892718681,219,41,-1,-16,-13,96
16,gamma,20.0,466,6695477509043205906,338,46,2,16,-8,126
16,gamma,20.0,467,3349296490881547602,329,43,-1,16,9,143
16,gamma,20.0,468,5984427385571679058,197,31,1,-11,-16,83
16,gamma,20.0,469,6226687647524039728,260,52,4,2,16,105
16,gamma,20.0,470,7112681764450478338,370,36,-1,-16,8,157
16,gamma,20.0,471,4863207043044735444,61,25,1,16,-3,42
16,gamma,20.0,472,2383115212326203077,70,34,-1,16,10,46
16,gamma,20.0,473,5500512255870521696,339,59,1,-16,-1,161
16,gamma,20.0,474,7236821944526118883,417,27,1,-3,-16,128
16,gamma,20.0,475,7243037961278133785,301,35,0,16,9,111
16,gamma,20.0,476,4772886134782738085,186,46,0,-16,0,87
16,gamma,20.0,477,2900678058635742010,92,30,-1,6,-16,59
16,gamma,20.0,478,7561961744017619643,493,79,2,3,16,241
16,gamma,20.0,479,9047937841271673076,196,36,0,-16,4,78
16,gamma,20.0,480,2845338826644880193,466,32,-1,-16,-6,177
16,gamma,20.0,481,1265719882327555849,970,50,-1,-12,-16,257
16,gamma,20.0,482,7277729292904501716,107,25,0,1,16,45
16,gamma,20.0,483,2048751727934035033,516,42,-1,16,14,197
16,gamma,20.0,484,1177898609179221602,780,48,2,-16,-2,190
16,gamma,20.0,485,1070696928484835596,88,24,0,-4,16,49
16,gamma,20.0,486,8063714454560203882,314,44,-1,16,-6,107
16,gamma,20.0,487,8740759788123468037,199,65,-3,-16,9,103
16,gamma,20.0,488,8922932351471920173,131,27,1,-9,-16,54
16,gamma,20.0,489,5261774922021355172,330,32,-1,-16,4,130
16,gamma,20.0,490,4005569227534509792,281,35,-1,-9,16,108
16,gamma,20.0,491,2787808416934070810,125,45,1,16,-13,66
16,gamma,20.0,492,3736303691059240845,544,72,0,6,16,163
16,gamma,20.0,493,3631799697599708241,356,72,1,-8,-16,163
16,gamma,20.0,494,6209942467993135876,287,47,1,-15,-16,95
16,gamma,20.0,495,8612497559566737566,212,44,1,10,16,95
16,gamma,20.0,496,4708447220000402729,224,56,-1,-16,-14,104
16,gamma,20.0,497,5737728308178708618,128,32,0,4,-16,63
16,gamma,20.0,498,1402953796701138125,294,40,0,-16,4,107
16,gamma,20.0,499,3941598782711647089,143,51,1,7,-16,79
16,gamma,20.0,500,865000066058539743,183,35,0,-16,9,89
16,gamma,20.0,501,5600500707854825415,449,35,1,16,5,137
16,gamma,20.0,502,5437749495604806251,845,55,-1,7,16,217
16,gamma,20.0,503,994713874525631152,317,37,2,-13,-16,115
16,gamma,20.0,504,2976157962461406136,172,32,1,-10,-16,86
16,gamma,20.0,505,2249675325254759922,98,28,0,-6,16,51
16,gamma,20.0,506,1282855743360919896,669,47,-1,-11,16,228
16,gamma,20.0,507,1530220718748434561,529,45,-1,-1,16,218
16,gamma,20.0,508,4074526244825409861,151,27,-1,-11,16,66
16,gamma,20.0,509,369794577861528925,335,35,2,16,-9,111
16,gamma,20.0,510,6903361085405296795,180,40,0,-16,0,79
16,gamma,20.0,511,766174687565714060,264,32,1,8,16,112
16,gamma,20.0,512,806745193551733653,250,42,1,16,-4,90
16,gamma,20.0,513,5397774419547288755,126,26,1,0,16,62
16,gamma,20.0,514,7620510294789356128,199,41,1,7,16,88
16,gamma,20.0,515,4230068689029759475,234,32,0,16,8,101
16,gamma,20.0,516,704006563411179512,188,38,-1,-16,6,75
16,gamma,20.0,517,2167530647773737494,429,51,2,-3,16,139
16,gamma,20.0,518,8190114378936648377,611,43,0,16,-3,174
16,gamma,20.0,519,6363504591665441419,182,30,-1,-10,16,93
16,gamma,20.0,520,7158378521176778204,151,47,3,16,5,79
16,gamma,20.0,521,8654062276186283860,200,44,0,-2,-16,101
16,gamma,20.0,522,4671910612954080433,222,38,1,-16,-10,97
16,gamma,20.0,523,4029536255345947386,96,26,-1,16,-2,53
16,gamma,20.0,524,6853585764287043503,274,66,-2,16,6,131
16,gamma,20.0,525,2977139813755256583,158,40,-2,-8,-16,76
16,gamma,20.0,526,937813369458341030,638,50,3,0,16,219
16,gamma,20.0,527,7980034798608532121,316,62,1,-8,16,147
16,gamma,20.0,528,8378644714847319061,500,72,3,-2,16,214
16,gamma,20.0,529,3018742580309184750,882,56,1,16,-6,304
16,gamma,20.0,530,2868099058540301438,250,26,-2,16,0,96
16,gamma,20.0,531,8724643003141743946,406,32,0,16,-2,130
16,gamma,20.0,532,5024478065744144570,208,44,-1,2,16,92
16,gamma,20.0,533,8963986298537400394,553,33,-2,5,-16,198
16,gamma,20.0,534,3130698306238727891,296,58,-2,0,16,121
16,gamma,20.0,535,2271417126436355301,242,32,-1,-2,-16,89
16,gamma,20.0,536,681292024370165170,176,52,2,-6,16,96
16,gamma,20.0,537,8473398994958040966,113,37,2,7,16,62
16,gamma,20.0,538,1209861482682410700,149,31,1,-3,-16,62
16,gamma,20.0,539,774642559110141424,342,26,0,16,-2,96
16,gamma,20.0,540,2408663730930827425,101,29,2,3,16,63
16,gamma,20.0,541,3712650545881964761,291,37,-1,-3,16,106
16,gamma,20.0,542,5916630431872406151,721,27,0,-16,3,222
16,gamma,20.0,543,5475274406368073808,148,30,0,16,4,59
16,gamma,20.0,544,1284267266833846237,521,37,1,9,-16,175
16,gamma,20.0,545,3903461313807182485,115,23,-1,16,-1,51
16,gamma,20.0,546,3272282505856282692,143,39,-2,-3,16,60
16,gamma,20.0,547,3585426481388486331,459,39,0,16,-1,131
16,gamma,20.0,548,3950022702599042145,228,36,1,-6,-16,112
16,gamma,20.0,549,5955788567222637169,158,28,1,8,16,72
16,gamma,20.0,550,2437658040554464668,343,39,0,-9,16,112
16,gamma,20.0,551,8296178076314062437,61,31,0,1,-16,45
16,gamma,20.0,552,6084669320061386026,237,41,1,-16,-11,104
16,gamma,20.0,553,8801616050800460058,152,38,-2,-8,16,66
16,gamma,20.0,554,5323736170101919739,51,25,0,-3,-16,33
16,gamma,20.0,555,7669344736126751550,638,44,-1,-8,16,201
16,gamma,20.0,556,5552137668109817746,323,57,0,-1,-16,139
16,gamma,20.0,557,7836518364533091894,115,53,1,-9,16,75
16,gamma,20.0,558,8056364379663865622,170,46,-1,-14,16,77
16,gamma,20.0,559,8971156714485575635,153,55,3,16,11,81
16,gamma,20.0,560,429243525165608909,158,30,-1,16,-2,71
16,gamma,20.0,561,3817461607633624501,109,33,0,-11,16,63
16,gamma,20.0,562,1094001658005643813,340,38,-1,16,12,114
16,gamma,20.0,563,9077991598023347192,306,56,-1,-14,16,125
16,gamma,20.0,564,7269309293231931745,235,57,0,16,-3,132
16,gamma,20.0,565,8718871341121631378,540,38,3,-12,-16,220
16,gamma,20.0,566,2549712933443200789,233,29,-1,-1,-16,105
16,gamma,20.0,567,2725603906848330564,112,52,0,12,-16,72
16,gamma,20.0,568,8819396480782068708,169,31,-1,-16,1,75
16,gamma,20.0,569,8146458313489293774,317,47,0,-16,9,155
16,gamma,20.0,570,2773305090321770740,299,73,-5,16,-5,141
16,gamma,20.0,571,8404320363062555511,119,31,0,1,-16,60
16,gamma,20.0,572,6098567863842709776,236,82,2,-16,-4,127
16,gamma,20.0,573,4995904095489932675,120,28,1,16,-2,52
16,gamma,20.0,574,2007184785666940355,147,33,-2,16,-1,63
16,gamma,20.0,575,8567499613306605967,231,39,2,16,-5,103
16,gamma,20.0,576,2411830370828542860,346,36,-1,-2,16,109
16,gamma,20.0,577,6540689164602930099,350,30,1,16,6,122
16,gamma,20.0,578,8153401076052662031,234,42,-1,16,-14,89
16,gamma,20.0,579,2163872632598812409,314,34,-1,10,-16,117
16,gamma,20.0,580,2453106644035011887,69,27,1,1,16,39
16,gamma,20.0,581,1823056577031508041,466,82,-4,16,-4,162
16,gamma,20.0,582,1725062316106369030,178,36,2,16,0,88
16,gamma,20.0,583,4640661710705861042,315,51,1,-16,5,125
16,gamma,20.0,584,7496931672430163523,393,43,2,5,-16,139
16,gamma,20.0,585,1222395502753933635,140,36,-1,16,-12,72
16,gamma,20.0,586,2862899479656920689,170,30,0,4,16,75
16,gamma,20.0,587,6255668690310727731,433,39,0,1,16,132
16,gamma,20.0,588,4513246104209287614,118,30,-1,2,16,53
16,gamma,20.0,589,2396846048418675802,117,35,0,-7,-16,54
16,gamma,20.0,590,1377627253677361109,276,52,-3,8,-16,115
16,gamma,20.0,591,2819881559157851686,570,34,0,6,16,178
16,gamma,20.0,592,6028284779502462883,414,38,1,2,-16,160
16,gamma,20.0,593,2336938302213615907,227,33,1,-3,16,97
16,gamma,20.0,594,5681171052604507276,140,38,1,16,-4,73
16,gamma,20.0,595,5576864804335919391,133,29,-1,16,7,57
16,gamma,20.0,596,8977720719810141302,207,53,-2,-16,3,108
16,gamma,20.0,597,6371245629628833772,342,32,-1,16,8,144
16,gamma,20.0,598,6637461641611342703,239,25,0,-7,16,96
16,gamma,20.0,599,8887291469756469835,213,31,1,-16,3,85
16,gamma,20.0,600,5454550142061365152,131,37,-1,1,16,67
16,gamma,20.0,601,7099461959048255381,254,44,-1,16,8,101
16,gamma,20.0,602,9130765419567724426,441,47,2,16,-1,172
16,gamma,20.0,603,3677291607906395185,508,70,-2,-6,16,172
16,gamma,20.0,604,5184203593341441659,171,59,-1,9,-16,103
16,gamma,20.0,605,3823044243647035572,464,24,-1,-6,16,149
16,gamma,20.0,606,12403143100642336,253,51,-1,-16,-5,111
16,gamma,20.0,607,5352280424554904517,120,40,-1,0,-16,68
16,gamma,20.0,608,6982194260977527787,97,27,0,-5,16,49
16,gamma,20.0,609,3185257566526212838,599,55,2,-1,16,229
16,gamma,20.0,610,5923606606287311588,888,34,-2,-16,-4,324
16,gamma,20.0,611,6037560902512664798,551,81,2,-16,11,221
16,gamma,20.0,612,9149851840312661541,73,21,1,-16,3,41
16,gamma,20.0,613,191264219189942280,466,42,-3,16,10,183
16,gamma,20.0,614,1506976752564358728,242,36,0,10,16,92
16,gamma,20.0,615,8281277151930376075,195,59,-3,3,-16,100
16,gamma,20.0,616,1613865169996832236,255,47,1,-13,16,118
16,gamma,20.0,617,1242199393174572176,79,35,1,16,-11,50
16,gamma,20.0,618,7971871233721990994,203,33,0,-16,-9,80
16,gamma,20.0,619,8648382129953769423,195,37,-2,-16,1,79
16,gamma,20.0,620,6648043759202392372,403,31,-1,-16,5,155
16,gamma,20.0,621,2620155770218362052,176,48,-1,16,10,89
16,gamma,20.0,622,5926939435174019669,319,29,1,-16,1,146
16,gamma,20.0,623,105563239694278729,154,48,0,0,16,75
16,gamma,20.0,624,7168559086282034973,183,33,0,-1,16,75
16,gamma,20.0,625,1419968203451513788,214,56,0,-8,-16,109
16,gamma,20.0,626,5641989267242316736,58,28,0,16,0,40
16,gamma,20.0,627,1595167809448929600,555,33,-1,16,-3,174
16,gamma,20.0,628,4465744508355958160,155,37,1,-16,-7,69
16,gamma,20.0,629,1303529531105323786,292,26,0,16,0,139
16,gamma,20.0,630,5159368879174721871,249,39,-1,5,-16,101
16,gamma,20.0,631,4526845787128490166,152,46,0,-16,14,82
16,gamma,20.0,632,2473045678005420242,257,23,1,16,-3,89
16,gamma,20.0,633,2548669841938335094,179,37,-1,16,-7,96
16,gamma,20.0,634,8946254310975492842,408,34,0,16,0,125
16,gamma,20.0,635,8020242158360468074,289,45,-2,16,3,102
16,gamma,20.0,636,1349676317476917454,233,41,-1,9,16,91
16,gamma,20.0,637,7324257835183541207,572,28,1,2,-16,225
16,gamma,20.0,638,6908147435449707054,303,35,1,9,16,113
16,gamma,20.0,639,3256342676775678524,336,42,-1,-4,-16,137
16,gamma,20.0,640,6931531994385985796,190,36,2,16,-2,79
16,gamma,20.0,641,1928141453117334401,239,29,-1,-16,3,108
16,gamma,20.0,642,2135428777307537186,240,44,-1,-16,14,99
16,gamma,20.0,643,6602705225002186585,188,52,-1,16,-6,76
16,gamma,20.0,644,5269469297950597564,295,47,0,3,-16,108
16,gamma,20.0,645,1811941625955146696,182,42,1,12,16,71
16,gamma,20.0,646,5300089462924303849,829,49,-1,-16,-9,305
16,gamma,20.0,647,5462843869358301121,177,43,-1,11,16,85
16,gamma,20.0,648,7094711420866520314,322,46,0,-16,14,137
16,gamma,20.0,649,2022846128720012948,189,33,0,-3,16,80
16,gamma,20.0,650,4788605187235156185,201,49,-3,-16,-11,103
16,gamma,20.0,651,4865536667827921141,137,33,1,16,-7,71
16,gamma,20.0,652,4820934785062453887,197,35,1,-7,-16,73
16,gamma,20.0,653,5837212310901776130,264,34,0,16,0,132
16,gamma,20.0,654,8414856246786615765,327,25,0,16,3,96
16,gamma,20.0,655,6105569055515869928,676,26,1,16,-4,239
16,gamma,20.0,656,1843105471806346289,76,32,0,-12,16,46
16,gamma,20.0,657,1549134964226110519,227,29,1,7,16,95
16,gamma,20.0,658,1052076454199727332,223,43,-3,-16,-1,94
16,gamma,20.0,659,2641880428843591973,202,42,1,-12,-16,92
16,gamma,20.0,660,1625152671100269405,168,34,0,16,8,87
16,gamma,20.0,661,5378287421315523417,111,31,2,16,3,60
16,gamma,20.0,662,2116826109707453628,471,49,0,1,16,163
16,gamma,20.0,663,5582468781687210298,83,35,0,3,16,48
16,gamma,20.0,664,5895907842698679703,327,45,0,16,-3,134
16,gamma,20.0,665,8399009633323606726,361,37,1,-16,-9,158
16,gamma,20.0,666,8395006463501613790,169,49,2,9,16,85
16,gamma,20.0,667,6119879541531885683,182,44,-1,0,16,81
16,gamma,20.0,668,944886061248434485,104,32,0,-16,12,58
16,gamma,20.0,669,911030566982897374,315,45,-1,11,16,123
16,gamma,20.0,670,7268995855816867752,355,31,0,9,-16,106
16,gamma,20.0,671,4055006787207833544,183,41,-1,16,9,84
16,gamma,20.0,672,2380595911198627741,103,31,1,-5,16,53
16,gamma,20.0,673,257185329667350916,140,40,-1,4,-16,64
16,gamma,20.0,674,463972119408548544,67,33,-2,16,7,48
16,gamma,20.0,675,2014365853911446179,251,63,1,-16,-7,122
16,gamma,20.0,676,8392395136741730289,81,37,-2,16,1,50
16,gamma,20.0,677,2580963355200059413,196,32,0,-4,-16,84
16,gamma,20.0,678,8823527853113645352,91,41,2,16,-13,55
16,gamma,20.0,679,6849190918270860260,412,34,0,0,-16,138
16,gamma,20.0,680,5225401414213243890,136,38,1,-16,-2,75
16,gamma,20.0,681,1355610961761632648,175,39,0,16,9,70
16,gamma,20.0,682,7469388647491949082,121,33,1,13,-16,62
16,gamma,20.0,683,3009042208025053837,118,28,0,-4,-16,50
16,gamma,20.0,684,4480934118753876974,105,33,0,-9,16,60
16,gamma,20.0,685,8273031894664168734,143,31,2,-16,11,56
16,gamma,20.0,686,4662062681295725456,359,65,-2,1,-16,149
16,gamma,20.0,687,500896015983899849,615,41,-1,-5,-16,159
16,gamma,20.0,688,6398864648742168005,520,40,1,10,-16,130
16,gamma,20.0,689,1392499845042496032,82,26,0,16,0,44
16,gamma,20.0,690,5480700503547847319,414,46,2,16,-2,132
16,gamma,20.0,691,4225477582936712541,76,38,0,8,-16,51
16,gamma,20.0,692,142417236662979495,235,49,2,-16,9,97
16,gamma,20.0,693,357588156509825803,144,30,1,16,2,68
16,gamma,20.0,694,5401230763998885036,203,23,-1,-16,3,77
16,gamma,20.0,695,2223300263479801720,291,41,0,11,-16,113
16,gamma,20.0,696,1503157432357931839,284,38,-1,16,12,130
16,gamma,20.0,697,3718528871216918454,407,39,3,-11,-16,121
16,gamma,20.0,698,9073264144453420955,265,49,1,-3,-16,91
16,gamma,20.0,699,4978138082255718940,257,39,-1,11,-16,115
32,gamma,20.0,0,7063137189589118992,4964,122,2,0,-32,1277
32,gamma,20.0,1,8552417018842266508,172,68,-1,32,4,108
32,gamma,20.0,2,7186401975215933191,519,87,-1,27,-32,200
32,gamma,20.0,3,9150500486508126219,721,81,2,15,-32,262
32,gamma,20.0,4,3327560928440368013,2197,149,3,32,-5,682
32,gamma,20.0,5,5116762840736421013,1319,89,-1,-32,-7,426
32,gamma,20.0,6,5409149755922458000,1073,99,-1,-23,32,407
32,gamma,20.0,7,5364053776075558608,734,102,2,18,32,291
32,gamma,20.0,8,2195851645772465433,340,108,1,8,32,195
32,gamma,20.0,9,6777680297708847391,570,72,2,22,-32,189
32,gamma,20.0,10,2901283565334276117,822,132,0,20,-32,345
32,gamma,20.0,11,7102344950549869051,1060,92,0,-6,32,400
32,gamma,20.0,12,4153159338864724823,2099,91,0,-5,32,545
32,gamma,20.0,13,6064020086744897949,596,82,0,32,18,257
32,gamma,20.0,14,2687140414966672007,794,80,-1,12,32,295
32,gamma,20.0,15,2295072196750367900,600,66,1,-32,18,252
32,gamma,20.0,16,5601097008944916738,443,71,-2,32,-7,194
32,gamma,20.0,17,4948631707116335320,575,89,-1,-32,-19,203
32,gamma,20.0,18,6273159066127072852,929,77,-1,7,32,281
32,gamma,20.0,19,6788134758043778076,807,77,4,3,-32,249
32,gamma,20.0,20,9024048369812443535,434,78,-2,-32,-10,190
32,gamma,20.0,21,5878341085261476533,674,96,1,0,32,260
32,gamma,20.0,22,7053023907135541864,1417,135,2,-32,3,546
32,gamma,20.0,23,8431941576670699979,627,113,2,-19,-32,261
32,gamma,20.0,24,8145601960023927877,296,62,0,-32,4,162
32,gamma,20.0,25,4143947516119274029,1878,90,0,-16,-32,421
32,gamma,20.0,26,3816344496508968543,674,74,1,32,-14,234
32,gamma,20.0,27,4051348830060573970,591,69,-2,-11,32,233
32,gamma,20.0,28,5271760261667577072,1245,129,1,-5,32,432
32,gamma,20.0,29,6273933266967599310,1496,100,0,-32,10,384
32,gamma,20.0,30,2192597651899776754,793,53,0,1,32,295
32,gamma,20.0,31,6581084105366061748,578,108,-2,22,32,239
32,gamma,20.0,32,1144443100683780898,2690,70,-1,32,-4,640
32,gamma,20.0,33,3979449160186202456,449,83,-1,-7,32,193
32,gamma,20.0,34,6251815585205119423,372,70,0,-14,-32,185
32,gamma,20.0,35,4277706771986642117,1707,113,-1,32,1,576
32,gamma,20.0,36,8726265407752002681,1258,72,1,-32,24,427
32,gamma,20.0,37,8766768071317222906,1385,75,0,-15,32,461
32,gamma,20.0,38,4448770145921205568,915,93,1,-9,-32,351
32,gamma,20.0,39,7491243434312191546,259,69,-1,7,-32,126
32,gamma,20.0,40,1773020769879795316,1655,145,5,32,-23,533
32,gamma,20.0,41,551658993004104176,707,93,0,32,13,259
32,gamma,20.0,42,6379450410487563291,2199,119,0,-7,-32,714
32,gamma,20.0,43,6742192349295375592,728,74,0,8,-32,255
32,gamma,20.0,44,1564131443224975782,1218,90,-2,-8,32,490
32,gamma,20.0,45,8735561971446592087,533,85,2,17,-32,224
32,gamma,20.0,46,5970244005933397887,1398,122,0,-30,-32,439
32,gamma,20.0,47,6544654066713444705,861,137,-2,-32,-13,322
32,gamma,20.0,48,7385092190498833707,476,64,-1,32,8,159
32,gamma,20.0,49,7515573224490345279,972,108,-4,32,4,358
32,gamma,20.0,50,7534988220384450183,1583,89,1,-23,-32,484
32,gamma,20.0,51,5669438913861664216,693,91,-2,32,7,283
32,gamma,20.0,52,3035428970059886589,521,121,3,31,32,233
32,gamma,20.0,53,4331483900274411476,1516,72,-1,-32,12,486
32,gamma,20.0,54,7752114704156422971,342,76,0,-10,32,156
32,gamma,20.0,55,713305279216711315,968,78,0,32,6,316
32,gamma,20.0,56,6516362047672261179,1763,71,-2,17,-32,428
32,gamma,20.0,57,4431377315893992043,898,120,0,-32,4,354
32,gamma,20.0,58,4950372285799355323,2673,127,0,-32,29,743
32,gamma,20.0,59,6733038779844154240,572,66,1,32,-8,198
32,gamma,20.0,60,6794204089871561358,2282,180,-3,12,-32,712
32,gamma,20.0,61,6593320284055062469,1737,137,2,5,-32,523
32,gamma,20.0,62,1742100256788385774,1432,108,2,-6,32,466
32,gamma,20.0,63,1012278604241525874,513,107,2,-11,-32,213
32,gamma,20.0,64,6621424554024491258,2746,108,3,32,-4,739
32,gamma,20.0,65,8990415360350900779,536,90,-1,-18,32,201
32,gamma,20.0,66,1941743895326547636,1387,81,-1,-32,-23,491
32,gamma,20.0,67,8224059177953527350,1290,70,1,32,-14,335
32,gamma,20.0,68,7353885142440736088,508,80,-1,32,-10,198
32,gamma,20.0,69,4642315410035437178,397,95,0,27,32,199
32,gamma,20.0,70,4150868454813946874,973,79,1,5,-32,278
32,gamma,20.0,71,3385095264039440209,466,92,3,32,-8,198
32,gamma,20.0,72,3197772768451214094,838,78,-1,0,32,299
32,gamma,20.0,73,1387685212751567307,560,74,1,32,6,222
32,gamma,20.0,74,6085822478508267965,1071,83,-1,-3,-32,304
32,gamma,20.0,75,2082329354621190325,516,88,1,-14,32,241
32,gamma,20.0,76,6586997972834376659,279,89,-1,7,32,146
32,gamma,20.0,77,5655939815844841850,1950,80,1,-16,32,529
32,gamma,20.0,78,8158182185643452923,1484,64,0,-32,16,534
32,gamma,20.0,79,1203299250020013825,680,122,0,-16,32,321
32,gamma,20.0,80,8859706289296276869,588,56,1,6,32,186
32,gamma,20.0,81,2347725806482286245,2068,112,1,-32,24,680
32,gamma,20.0,82,2311951830230137937,3726,142,1,32,-14,825
32,gamma,20.0,83,807105818970595427,1154,98,-1,24,-32,447
32,gamma,20.0,84,4802341308142404911,1581,123,-3,-19,32,502
32,gamma,20.0,85,6945796015149826005,280,76,2,-32,18,136
32,gamma,20.0,86,9056320798583061248,1340,128,2,32,12,485
32,gamma,20.0,87,1212248049017822027,913,91,0,32,-3,289
32,gamma,20.0,88,8913674149832158688,1132,88,2,-32,18,336
32,gamma,20.0,89,9029420837927130563,847,99,0,-32,-17,342
32,gamma,20.0,90,8427943013341307670,637,103,-1,-32,-1,260
32,gamma,20.0,91,2019094984245349731,1306,74,1,-32,-6,450
32,gamma,20.0,92,4404177861635229056,1789,163,-1,-23,32,445
32,gamma,20.0,93,1320476531056909210,1068,108,0,-30,32,417
32,gamma,20.0,94,769703549840063872,1236,104,3,-32,-14,386
32,gamma,20.0,95,2894821936364372795,1505,109,0,32,-11,459
32,gamma,20.0,96,7184258901296943866,997,61,-1,32,1,371
32,gamma,20.0,97,2760593122210094048,1942,86,0,32,12,514
32,gamma,20.0,98,1590024121455380585,1281,93,-2,-23,-32,450
32,gamma,20.0,99,2531689029853915894,1280,120,2,32,-16,498
32,gamma,20.0,100,7883725724998634643,731,69,-2,32,-3,264
32,gamma,20.0,101,1108896243417188989,1174,84,0,32,10,421
32,gamma,20.0,102,3702389509359475180,685,91,0,32,3,258
32,gamma,20.0,103,2379918503770267006,746,124,2,-32,8,269
32,gamma,20.0,104,6411341357733906530,2616,74,1,32,6,679
32,gamma,20.0,105,5974143903970766063,497,79,-1,7,-32,179
32,gamma,20.0,106,3469593563006870077,1023,105,0,32,27,378
32,gamma,20.0,107,8434049753973731319,1382,70,-2,10,32,428
32,gamma,20.0,108,7197106882480229587,1359,171,-2,-32,-21,497
32,gamma,20.0,109,9099618011375207811,689,95,1,-32,-5,283
32,gamma,20.0,110,2453707373746679078,1736,132,1,32,-24,471
32,gamma,20.0,111,2892359776655127943,302,52,1,32,4,143
32,gamma,20.0,112,2194119561519405903,1914,150,0,-32,12,664
32,gamma,20.0,113,1922767978832999753,1520,64,-1,4,32,401
32,gamma,20.0,114,1037618927456861341,1266,76,0,-32,-6,437
32,gamma,20.0,115,2403514053069446164,510,76,1,32,-6,216
32,gamma,20.0,116,2912359011788408159,1331,161,3,-32,19,458
32,gamma,20.0,117,451790163160441541,499,89,0,3,32,214
32,gamma,20.0,118,7704246743609735996,500,88,1,28,32,242
32,gamma,20.0,119,6431326412350716117,986,84,3,-32,-6,404
32,gamma,20.0,120,1004273128956208798,2918,104,0,32,6,611
32,gamma,20.0,121,8705489267698043628,1138,148,-1,-10,32,419
32,gamma,20.0,122,4178112116996078049,1102,116,-3,32,26,399
32,gamma,20.0,123,6071408691469853784,485,95,0,-32,13,233
32,gamma,20.0,124,7020868738081578368,1131,67,-1,-32,-3,361
32,gamma,20.0,125,6340287195220210068,1318,124,0,32,-8,441
32,gamma,20.0,126,8227913916149015193,535,81,1,32,-19,241
32,gamma,20.0,127,4175676688181610606,807,97,3,1,-32,332
32,gamma,20.0,128,4957568825537893967,2767,97,-2,5,-32,710
32,gamma,20.0,129,8143551739388846212,1127,71,0,-32,-3,366
32,gamma,20.0,130,3180670500414956764,1070,72,1,-32,24,389
32,gamma,20.0,131,2258431110286772866,988,102,0,12,32,333
32,gamma,20.0,132,5246076036067972553,451,67,-1,-7,32,185
32,gamma,20.0,133,2436400068217709348,1484,92,0,32,-8,406
32,gamma,20.0,134,3510055131128719013,1389,95,1,-32,13,391
32,gamma,20.0,135,6968266940155903544,3001,131,-2,32,-21,852
32,gamma,20.0,136,6351155891612763720,4158,90,2,-32,16,723
32,gamma,20.0,137,8937632970210952625,2235,51,-1,-3,32,450
32,gamma,20.0,138,967828707495483247,431,75,-1,-19,32,202
32,gamma,20.0,139,7763302345941146629,1950,74,-1,-14,32,542
32,gamma,20.0,140,5404307793600721218,1275,95,3,13,-32,500
32,gamma,20.0,141,4649006020479183203,430,86,-3,-2,-32,201
32,gamma,20.0,142,6768753635357898081,495,61,-1,32,-1,198
32,gamma,20.0,143,166440660353641343,1583,177,-5,-32,-13,523
32,gamma,20.0,144,2416174607471766716,1110,66,-1,32,-12,284
32,gamma,20.0,145,2054652968274850088,468,72,2,2,32,181
32,gamma,20.0,146,4780403369903177641,2405,79,1,32,-7,747
32,gamma,20.0,147,7881888422014326726,1223,125,0,32,7,428
32,gamma,20.0,148,1456786847655815140,280,70,0,32,8,125
32,gamma,20.0,149,2318366761228111360,831,145,0,9,-32,333
32,gamma,20.0,150,6967701694624129316,519,99,-1,19,-32,202
32,gamma,20.0,151,8640066144809562862,1717,89,2,32,-29,539
32,gamma,20.0,152,4891884321279643074,358,66,1,32,-14,158
32,gamma,20.0,153,5127112221844721261,4586,74,2,32,2,893
32,gamma,20.0,154,1318564178545032589,281,67,-1,32,1,116
32,gamma,20.0,155,5517076268919453012,765,79,0,32,-7,272
32,gamma,20.0,156,1681447184833142383,964,72,-1,0,-32,343
32,gamma,20.0,157,4413154879906241306,403,89,0,29,32,170
32,gamma,20.0,158,386401986317646859,3217,95,-1,15,-32,997
32,gamma,20.0,159,4033229260366033649,1184,136,0,28,32,427
32,gamma,20.0,160,1084253416891916896,2284,130,-2,32,8,629
32,gamma,20.0,161,7625067903965962441,1802,110,2,-32,-10,514
32,gamma,20.0,162,1568011615966499527,1378,134,5,-32,22,404
32,gamma,20.0,163,1476534953132149701,472,72,2,-32,14,182
32,gamma,20.0,164,8413086621109838684,1431,227,0,-9,-32,658
32,gamma,20.0,165,2212370756342875418,1284,70,0,-32,4,428
32,gamma,20.0,166,3081998640241726282,194,62,3,32,4,97
32,gamma,20.0,167,4699306993582763129,1218,74,0,-32,14,383
32,gamma,20.0,168,2383065056440109327,395,83,1,15,-32,171
32,gamma,20.0,169,5395027487044602324,2136,106,0,-32,-24,608
32,gamma,20.0,170,1761252166546076429,502,90,0,20,-32,235
32,gamma,20.0,171,225158794746723389,1640,128,1,32,8,545
32,gamma,20.0,172,6557288620175314043,257,89,0,-5,32,139
32,gamma,20.0,173,2860963399178425900,2506,58,-1,-32,-6,671
32,gamma,20.0,174,7978127924483010769,1739,111,-1,9,32,618
32,gamma,20.0,175,9003254218037301180,2521,125,0,9,-32,771
32,gamma,20.0,176,376175569484023342,520,138,1,-10,-32,249
32,gamma,20.0,177,6203054098943794030,739,79,0,32,29,286
32,gamma,20.0,178,5400083182559122037,711,147,1,-13,-32,312
32,gamma,20.0,179,4079570611546519159,1634,142,2,24,-32,457
32,gamma,20.0,180,6919130863617476729,1494,130,-1,-4,32,484
32,gamma,20.0,181,4887507885319165143,2000,76,-2,32,18,648
32,gamma,20.0,182,3705414040490449044,3421,121,5,-13,-32,972
32,gamma,20.0,183,5757469872768201988,567,125,-1,-32,-23,281
32,gamma,20.0,184,6926218286090857424,809,107,-3,-17,-32,355
32,gamma,20.0,185,7575808200340154204,860,98,2,10,-32,319
32,gamma,20.0,186,381255029630929700,1800,88,0,32,12,696
32,gamma,20.0,187,6172627826289745946,621,73,1,-32,-1,214
32,gamma,20.0,188,355645973159130167,478,94,-1,-32,-26,216
32,gamma,20.0,189,2078305067515304380,1500,106,-1,-32,16,505
32,gamma,20.0,190,9051563609540887055,441,63,-1,5,-32,200
32,gamma,20.0,191,3749757112791402345,927,157,-2,23,32,371
32,gamma,20.0,192,4457742778787388392,598,64,-5,6,-32,215
32,gamma,20.0,193,3693039647792637447,378,102,-2,32,26,195
32,gamma,20.0,194,8847134335932787292,883,115,0,-23,32,364
32,gamma,20.0,195,195015187306476923,627,67,-2,32,-5,237
32,gamma,20.0,196,1537258341083133256,496,100,2,2,32,206
32,gamma,20.0,197,7123740533045232790,849,75,-2,-3,-32,336
32,gamma,20.0,198,1603817046361357435,3797,135,-2,32,-15,896
32,gamma,20.0,199,2111379605725421465,376,74,0,-32,22,162
32,gamma,20.0,200,2098682193728392512,1175,133,0,32,-1,423
32,gamma,20.0,201,5597754027498167446,2820,140,2,-32,20,791
32,gamma,20.0,202,9032595282082091856,644,70,1,32,-14,234
32,gamma,20.0,203,8024603975891551160,671,91,1,25,32,290
32,gamma,20.0,204,5782488233408620673,3103,143,2,-9,32,1001
32,gamma,20.0,205,7037915209705691490,423,75,1,17,32,166
32,gamma,20.0,206,1089005748013347554,3672,162,2,32,-8,1091
32,gamma,20.0,207,6418706049108799369,543,93,-1,-32,-17,207
32,gamma,20.0,208,6223228654299789440,602,86,0,-32,-2,248
32,gamma,20.0,209,8046186470188441956,1032,84,1,32,-14,286
32,gamma,20.0,210,8389556640114900914,1456,80,1,6,32,466
32,gamma,20.0,211,5258997526014401270,747,115,1,-17,-32,295
32,gamma,20.0,212,4236952623793879328,1374,76,-1,8,32,446
32,gamma,20.0,213,8546428713838786534,673,79,-2,11,32,238
32,gamma,20.0,214,3804837429448973564,1068,132,0,18,32,397
32,gamma,20.0,215,8875587251084295249,808,156,0,32,2,349
32,gamma,20.0,216,3070978941082215571,1369,93,0,-32,-5,396
32,gamma,20.0,217,7167859510474016342,665,101,2,32,-19,267
32,gamma,20.0,218,2231118760570844130,272,58,0,32,2,136
32,gamma,20.0,219,4615076716351382297,2117,153,3,-32,15,662
32,gamma,20.0,220,108239172642392626,1412,148,4,32,-6,481
32,gamma,20.0,221,1375264738646372832,903,103,1,-9,32,324
32,gamma,20.0,222,3561160090416199151,2285,129,0,-15,32,697
32,gamma,20.0,223,3872110689640927106,365,83,1,-5,32,180
32,gamma,20.0,224,7686434270827532800,481,109,-3,-32,15,212
32,gamma,20.0,225,8345833572602428866,1552,148,-2,32,14,507
32,gamma,20.0,226,2026323691316490603,1195,95,0,5,-32,373
32,gamma,20.0,227,1793596240012697612,1081,91,0,32,-5,377
32,gamma,20.0,228,767418604958217252,1837,61,1,32,-5,490
32,gamma,20.0,229,8193228595745531306,1785,117,0,-32,11,448
32,gamma,20.0,230,3215235932780265580,627,87,3,9,-32,251
32,gamma,20.0,231,197344132262719994,1547,57,2,11,32,493
32,gamma,20.0,232,996404978385950689,1129,85,0,3,32,478
32,gamma,20.0,233,6511189022594129942,926,200,-4,-32,-28,400
32,gamma,20.0,234,6699118295314223800,2498,112,2,6,32,792
32,gamma,20.0,235,288120437940688144,709,53,0,-1,32,209
32,gamma,20.0,236,7096124533756847073,571,55,0,-17,32,198
32,gamma,20.0,237,3789054666468346982,1589,89,-1,32,15,563
32,gamma,20.0,238,6089229348852984979,1727,89,-3,-9,32,540
32,gamma,20.0,239,1720443341115373248,585,83,2,32,1,242
32,gamma,20.0,240,3576142842683390948,706,78,1,32,0,224
32,gamma,20.0,241,67213228429884219,1538,100,1,32,-22,449
32,gamma,20.0,242,7859479081706419695,1687,111,-2,3,32,479
32,gamma,20.0,243,3195924485678229152,369,73,0,32,9,169
32,gamma,20.0,244,2160988109325793695,756,72,2,-12,32,300
32,gamma,20.0,245,4633748132649679577,904,98,0,-24,32,299
32,gamma,20.0,246,7525319177745187297,1036,98,0,32,22,312
32,gamma,20.0,247,336476973902346809,820,94,0,32,0,313
32,gamma,20.0,248,7473097749262538852,1030,106,0,-20,32,331
32,gamma,20.0,249,7645700489926037796,636,84,2,4,32,273
32,gamma,20.0,250,5280050220145509565,666,108,1,32,4,294
32,gamma,20.0,251,8185554030167952354,1839,199,6,32,-17,564
32,gamma,20.0,252,1508105644670460954,1155,79,-1,11,-32,409
32,gamma,20.0,253,1414823924935898835,2950,90,-1,18,-32,538
32,gamma,20.0,254,1956292381503405987,1972,82,3,-12,32,609
32,gamma,20.0,255,1238470897943032000,1753,235,-1,32,-19,669
32,gamma,20.0,256,2228294536931655379,981,115,0,-32,-5,345
32,gamma,20.0,257,2869152243563905476,1576,226,0,32,4,599
32,gamma,20.0,258,613636921924108758,860,162,-2,-6,32,379
32,gamma,20.0,259,7556894485904817229,2482,62,-1,32,-6,613
32,gamma,20.0,260,4727110266540521177,976,118,-1,-32,18,363
32,gamma,20.0,261,2220143502018519482,2455,97,0,-32,7,554
32,gamma,20.0,262,4512728266521323493,567,119,-1,9,-32,245
32,gamma,20.0,263,340791684125053958,691,57,0,-17,-32,212
32,gamma,20.0,264,4424698022108000836,572,102,0,-32,2,239
32,gamma,20.0,265,3896054866218453705,1403,97,0,7,32,453
32,gamma,20.0,266,3188426988629326973,1849,59,1,32,-1,582
32,gamma,20.0,267,1476226618073300390,697,71,1,21,32,262
32,gamma,20.0,268,5358008140461696535,289,67,1,32,9,147
32,gamma,20.0,269,2539657879380987522,986,118,0,32,-6,306
32,gamma,20.0,270,3204062441869934478,768,122,1,32,2,287
32,gamma,20.0,271,258516544455010550,796,124,0,-2,32,304
32,gamma,20.0,272,6139763045995199146,1100,88,2,-32,16,479
32,gamma,20.0,273,9099805425023285082,796,64,2,0,32,248
32,gamma,20.0,274,1914342951833478975,1053,85,1,15,-32,383
32,gamma,20.0,275,6123961588402529339,541,73,-1,32,-11,193
32,gamma,20.0,276,6900164582672912249,2001,99,-2,-9,32,609
32,gamma,20.0,277,5132080580665512967,424,76,0,-32,6,182
32,gamma,20.0,278,6383292204762284008,1920,88,-2,12,-32,618
32,gamma,20.0,279,4474534780707601,896,102,-1,32,28,334
32,gamma,20.0,280,737013021078175816,476,102,0,32,12,208
32,gamma,20.0,281,1336593961012806615,2575,177,-1,9,-32,762
32,gamma,20.0,282,7593531047816314248,722,116,-4,32,22,273
32,gamma,20.0,283,5079507892370928849,878,104,-2,-32,2,302
32,gamma,20.0,284,57394845326226897,1468,136,-1,-8,-32,539
32,gamma,20.0,285,5094919650218622467,515,95,0,15,-32,212
32,gamma,20.0,286,4540968861767166434,232,60,1,32,-8,112
32,gamma,20.0,287,8099752459449182969,1414,60,0,-32,-2,441
32,gamma,20.0,288,1745857607055671123,1267,81,-1,5,32,415
32,gamma,20.0,289,8111241854818109350,1086,114,1,32,8,369
32,gamma,20.0,290,8695074283504021096,569,103,2,32,9,215
32,gamma,20.0,291,7952773790879375849,358,86,2,-8,-32,182
32,gamma,20.0,292,1089330350970983447,412,116,1,-10,32,190
32,gamma,20.0,293,8185885640179373591,625,95,2,-32,-19,252
32,gamma,20.0,294,5123729568097390324,616,74,0,32,-2,263
32,gamma,20.0,295,8611272431898362711,3489,145,-1,32,7,952
32,gamma,20.0,296,2935911172283488447,3965,131,1,32,1,1332
32,gamma,20.0,297,8540666777785583185,1145,99,1,32,-7,370
32,gamma,20.0,298,8093554369167123125,1393,89,0,-32,7,506
32,gamma,20.0,299,8118380799453961441,3725,85,-3,32,-15,927
32,gamma,20.0,300,7240034400636609569,1907,93,2,19,32,750
32,gamma,20.0,301,464426558453761584,433,95,-1,32,9,192
32,gamma,20.0,302,5077900562989137534,1019,81,-3,-7,-32,331
32,gamma,20.0,303,6137979524759467373,1264,128,-2,14,-32,466
32,gamma,20.0,304,7995761447573889499,412,78,0,6,-32,182
32,gamma,20.0,305,6039216492110747934,908,70,-1,4,-32,270
32,gamma,20.0,306,8443724206765293107,536,90,4,-10,-32,227
32,gamma,20.0,307,4642383702925046814,1450,124,-2,32,2,521
32,gamma,20.0,308,5032416010747311788,456,52,0,-32,2,182
32,gamma,20.0,309,1491590788189621401,1198,110,-3,32,20,421
32,gamma,20.0,310,2201645958808306595,1527,67,0,32,7,368
32,gamma,20.0,311,8906738867860298,605,99,0,-3,32,220
32,gamma,20.0,312,6583474010262886091,1245,83,-1,-5,32,407
32,gamma,20.0,313,7478664553688968016,446,76,1,32,-10,192
32,gamma,20.0,314,2265650091859066957,283,59,0,-32,-5,127
32,gamma,20.0,315,2572199093330105054,805,87,-1,32,9,270
32,gamma,20.0,316,2646743753334227801,2302,108,-2,4,32,741
32,gamma,20.0,317,9043636875626254469,439,117,1,32,-7,211
32,gamma,20.0,318,7598547933174627396,413,101,1,19,32,195
32,gamma,20.0,319,7312295208583304462,274,84,0,-32,24,152
32,gamma,20.0,320,2176608392085505999,1434,72,1,-4,32,381
32,gamma,20.0,321,3968633092805728450,1322,84,-1,-32,10,394
32,gamma,20.0,322,8561714816019532535,1843,79,0,-13,32,519
32,gamma,20.0,323,3127305623178275644,591,53,-1,9,-32,213
32,gamma,20.0,324,2301052110981810228,4006,96,-1,-32,14,1228
32,gamma,20.0,325,4828361677469870893,1091,93,1,-32,-5,408
32,gamma,20.0,326,718615713268628715,667,97,2,17,32,260
32,gamma,20.0,327,2817955899092941839,3053,135,-1,32,-15,935
32,gamma,20.0,328,8967818887482360314,398,88,0,-6,32,185
32,gamma,20.0,329,3565091591844323585,2012,74,1,-32,16,522
32,gamma,20.0,330,1195586099283431576,402,66,1,-2,-32,173
32,gamma,20.0,331,2840293967586182161,661,115,0,-32,-11,276
32,gamma,20.0,332,4425398866425660963,318,78,-1,22,32,147
32,gamma,20.0,333,5439646068527092672,670,104,0,32,-24,270
32,gamma,20.0,334,2669623649731680054,6914,94,0,32,10,1706
32,gamma,20.0,335,7672908554531193059,1930,148,-2,-32,10,615
32,gamma,20.0,336,6534391769205585809,1741,85,2,-32,-11,561
32,gamma,20.0,337,1735281243787784843,649,109,1,-25,32,244
32,gamma,20.0,338,6570576025030163488,1237,61,0,32,-5,417
32,gamma,20.0,339,1867149977274209338,1803,239,-3,-32,5,766
32,gamma,20.0,340,810689701788623960,361,69,0,17,32,175
32,gamma,20.0,341,8276523637901977930,958,108,1,0,32,384
32,gamma,20.0,342,2909594423374002765,4484,122,1,32,10,884
32,gamma,20.0,343,8822908240562346380,1077,133,-2,1,32,390
32,gamma,20.0,344,5159093022692237630,1509,109,0,19,-32,504
32,gamma,20.0,345,378650970030085278,983,103,1,-32,-9,373
32,gamma,20.0,346,211962792776629788,606,72,0,32,16,250
32,gamma,20.0,347,2642159382188574909,2525,109,-1,-32,-5,800
32,gamma,20.0,348,7591522796376802317,1304,90,0,26,32,488
32,gamma,20.0,349,8046591795672325632,1320,84,-1,-32,4,407
32,gamma,20.0,350,80327665923509401,1113,107,3,-32,1,449
32,gamma,20.0,351,1260652274108801628,797,81,-1,32,15,287
32,gamma,20.0,352,3366348045284745520,478,76,1,32,-18,194
32,gamma,20.0,353,3762948789220115347,368,78,0,-32,20,178
32,gamma,20.0,354,3519045107849020495,1101,145,2,19,32,380
32,gamma,20.0,355,8255601231438708561,2891,171,-3,19,32,871
32,gamma,20.0,356,3629235382354624889,1252,94,1,-32,18,383
32,gamma,20.0,357,7324844361437936825,1131,133,1,9,-32,411
32,gamma,20.0,358,196567981711998049,1190,140,1,2,32,485
32,gamma,20.0,359,7175434857507016941,642,68,-3,-32,-10,255
32,gamma,20.0,360,4028270070226330785,1452,54,0,-10,32,539
32,gamma,20.0,361,7259755392516545910,390,86,1,8,-32,199
32,gamma,20.0,362,3829444326490900122,571,97,-1,32,19,234
32,gamma,20.0,363,4782488158482872121,897,103,0,32,-15,341
32,gamma,20.0,364,786218924635350285,942,122,2,26,32,346
32,gamma,20.0,365,463505977176544386,659,131,-4,32,-11,283
32,gamma,20.0,366,1681196683085345092,493,99,1,3,-32,212
32,gamma,20.0,367,6541190767297976967,1513,69,1,-1,-32,518
32,gamma,20.0,368,4879445152499389797,1095,77,3,-32,13,421
32,gamma,20.0,369,5007368665599361683,2017,133,3,-21,-32,642
32,gamma,20.0,370,7105064833842043604,2967,113,-1,23,32,630
32,gamma,20.0,371,3730743881688411555,381,97,1,-27,-32,181
32,gamma,20.0,372,2098757965425018967,767,71,1,1,32,273
32,gamma,20.0,373,8204688440431765085,528,112,2,-32,26,266
32,gamma,20.0,374,1556841206021290471,433,73,2,32,-3,165
32,gamma,20.0,375,7606652540938913357,361,53,1,32,-5,171
32,gamma,20.0,376,7774872805668136502,1151,161,-1,-32,-5,433
32,gamma,20.0,377,7250560723193476087,852,70,0,-12,32,341
32,gamma,20.0,378,6266676813191750898,1860,70,1,-32,4,588
32,gamma,20.0,379,5110578329099659267,1513,69,2,-32,1,451
32,gamma,20.0,380,3440561133813132460,1169,159,0,-7,-32,449
32,gamma,20.0,381,1885711808096931067,1657,115,1,-32,-5,551
32,gamma,20.0,382,8474059612048483150,2490,88,-2,-18,32,728
32,gamma,20.0,383,9219774174971230633,1459,171,-1,13,-32,510
32,gamma,20.0,384,5218703129186635734,375,107,3,32,11,185
32,gamma,20.0,385,4253129756054318127,790,124,-2,32,22,303
32,gamma,20.0,386,6398200405187283587,737,109,1,32,-9,266
32,gamma,20.0,387,1351748688804568031,860,86,-2,32,20,286
32,gamma,20.0,388,5005880561627692604,1261,125,2,-13,32,461
32,gamma,20.0,389,7419439387396950243,1409,91,0,-32,9,453
32,gamma,20.0,390,8294651888857578342,284,70,1,12,-32,140
32,gamma,20.0,391,8361920070612156684,1662,78,0,-16,-32,504
32,gamma,20.0,392,663431907485916133,251,71,-2,-11,32,121
32,gamma,20.0,393,1968193981689587569,2704,94,1,32,14,735
32,gamma,20.0,394,9162694819622752023,1266,108,0,-32,12,524
32,gamma,20.0,395,8094920340297414510,572,92,-1,-32,12,242
32,gamma,20.0,396,8365412081027311661,892,68,2,32,-14,299
32,gamma,20.0,397,9155325028290487658,1803,91,-2,-32,3,601
32,gamma,20.0,398,228113126041890652,918,110,-2,0,32,354
32,gamma,20.0,399,1261226991554492801,804,94,-1,32,14,307
32,gamma,20.0,400,3486969129561807261,3098,96,-2,0,32,740
32,gamma,20.0,401,8862425867546319573,635,105,-3,-11,32,284
32,gamma,20.0,402,5935812743973622701,853,141,3,-32,5,321
32,gamma,20.0,403,3917714779217223678,1393,83,-1,-9,-32,477
32,gamma,20.0,404,100553040063565157,340,68,2,32,-2,149
32,gamma,20.0,405,2642160063222135610,602,88,-1,4,32,256
32,gamma,20.0,406,2390084610248010247,645,89,1,5,32,276
32,gamma,20.0,407,544123710564959604,1101,69,1,32,-1,325
32,gamma,20.0,408,2950773572166283211,1115,99,-2,7,-32,406
32,gamma,20.0,409,2508032811027406515,2197,111,2,25,32,698
32,gamma,20.0,410,5166609140659180838,1560,170,0,-32,-26,574
32,gamma,20.0,411,9003490812941646797,813,75,-2,32,-9,303
32,gamma,20.0,412,8320779352271376941,528,72,-1,-16,-32,280
32,gamma,20.0,413,5406021064314225662,1323,137,-4,-32,-17,525
32,gamma,20.0,414,7869292256802377871,610,58,1,32,-8,216
32,gamma,20.0,415,164116382846924171,1342,150,1,-10,32,517
32,gamma,20.0,416,6213065910860755525,1868,88,0,32,24,497
32,gamma,20.0,417,2123394737529456099,1045,97,1,-32,-5,368
32,gamma,20.0,418,7832571464482273188,1583,121,-2,27,-32,484
32,gamma,20.0,419,415778489606361782,1198,166,-1,32,16,469
32,gamma,20.0,420,588818200286954210,688,134,2,32,4,289
32,gamma,20.0,421,9071545099175055438,855,63,0,-9,32,242
32,gamma,20.0,422,4012307109682619340,194,62,1,-32,14,104
32,gamma,20.0,423,8273144943980907706,449,87,-1,32,-9,181
32,gamma,20.0,424,6644398908367687362,2771,99,1,32,-5,827
32,gamma,20.0,425,1838068038535405520,432,82,1,4,32,186
32,gamma,20.0,426,4596004386824078981,651,115,-1,11,32,305
32,gamma,20.0,427,5871555324655385502,1631,79,0,32,3,420
32,gamma,20.0,428,1899496830451718190,1191,135,-1,1,32,455
32,gamma,20.0,429,2337932742210486819,531,91,0,32,-17,195
32,gamma,20.0,430,580012587237597242,498,58,0,-32,-10,194
32,gamma,20.0,431,1564207777732387963,723,113,-1,-19,-32,339
32,gamma,20.0,432,1783715923675326633,1932,126,0,8,-32,518
32,gamma,20.0,433,7932597823797192289,888,70,-2,14,32,348
32,gamma,20.0,434,6365453983220159599,1405,135,-4,32,1,500
32,gamma,20.0,435,940767176034082659,1650,98,-1,2,-32,565
32,gamma,20.0,436,4247496583029886952,626,62,0,32,12,217
32,gamma,20.0,437,1201359704367755582,782,110,-1,24,32,353
32,gamma,20.0,438,3127902738432689715,601,69,0,32,3,268
32,gamma,20.0,439,817568632048731785,774,86,0,-32,-2,292
32,gamma,20.0,440,1086450788967954481,1194,86,0,-2,32,339
32,gamma,20.0,441,5565599548550697281,616,106,-1,24,-32,220
32,gamma,20.0,442,1455740952420466310,1857,117,-3,32,-7,741
32,gamma,20.0,443,3917963764658515493,668,90,3,10,32,291
32,gamma,20.0,444,2613884465668009824,500,84,0,28,32,200
32,gamma,20.0,445,3116759036246972543,2176,110,0,-22,32,705
32,gamma,20.0,446,7401246332780664324,485,77,1,32,-19,186
32,gamma,20.0,447,7362970498816013335,552,110,0,-22,32,232
32,gamma,20.0,448,4479824725379361426,606,70,2,0,32,229
32,gamma,20.0,449,5542427216982036219,1067,113,-3,-11,-32,395
32,gamma,20.0,450,1822572782639034880,888,80,-1,32,14,391
32,gamma,20.0,451,7543507916907293494,1728,164,4,18,32,637
32,gamma,20.0,452,6756604538230169785,771,115,1,32,-13,310
32,gamma,20.0,453,2785922507110954479,783,155,-1,-32,31,380
32,gamma,20.0,454,3666081937015554512,764,92,-1,32,14,287
32,gamma,20.0,455,6184340046001488694,533,87,-1,32,-19,216
32,gamma,20.0,456,8655243127592701528,1213,123,1,-32,19,413
32,gamma,20.0,457,3714268721929590777,1646,92,0,32,20,486
32,gamma,20.0,458,5272379030014679624,1077,67,0,-32,-7,313
32,gamma,20.0,459,145158269139244949,382,68,0,12,32,159
32,gamma,20.0,460,5148084850616190936,2167,109,-2,-15,-32,684
32,gamma,20.0,461,2228782557185751635,1685,167,-5,32,-11,610
32,gamma,20.0,462,3614545116688535152,383,93,1,1,32,198
32,gamma,20.0,463,9145682450790521352,861,117,0,21,-32,346
32,gamma,20.0,464,2804889087791311505,936,78,1,32,-14,279
32,gamma,20.0,465,5169653549815608017,902,82,0,-32,4,338
32,gamma,20.0,466,303260980996521506,195,57,0,-3,-32,109
32,gamma,20.0,467,6710839076585687193,1120,110,2,18,32,369
32,gamma,20.0,468,4693089505845145439,781,127,0,32,-9,318
32,gamma,20.0,469,3692412165235298176,1672,120,-2,6,-32,533
32,gamma,20.0,470,3526920669617317002,1376,88,0,8,-32,424
32,gamma,20.0,471,1602719157497044950,1447,175,-6,19,-32,487
32,gamma,20.0,472,460245907304940952,497,87,2,-15,32,211
32,gamma,20.0,473,6684224848691975816,1274,74,-2,-6,32,357
32,gamma,20.0,474,8935926386974336785,1764,160,2,-32,16,548
32,gamma,20.0,475,5963624380913790708,3111,81,-1,-11,32,881
32,gamma,20.0,476,1939384838067121621,865,105,-3,17,-32,318
32,gamma,20.0,477,9109629255907501323,622,110,1,-32,6,275
32,gamma,20.0,478,6255299428611039270,359,91,2,19,-32,155
32,gamma,20.0,479,1448907536985607965,1473,85,1,32,5,492
32,gamma,20.0,480,3851077688389701760,1862,62,1,32,-4,408
32,gamma,20.0,481,7243982929968854489,1829,115,0,23,32,591
32,gamma,20.0,482,1732175370027989519,4063,113,0,-17,-32,1122
32,gamma,20.0,483,4799629081802731463,543,61,0,11,32,236
32,gamma,20.0,484,8114616062474726592,2442,74,2,-32,2,686
32,gamma,20.0,485,5617341550934198038,1483,69,-1,-3,-32,432
32,gamma,20.0,486,1919723389171123681,873,73,-1,32,-9,288
32,gamma,20.0,487,7838875248158328164,2774,146,3,18,32,661
32,gamma,20.0,488,5242540170872539556,1379,165,-5,-11,32,506
32,gamma,20.0,489,6853216255552621285,476,90,0,-32,-20,197
32,gamma,20.0,490,5899374102485660203,2791,173,-3,-13,32,749
32,gamma,20.0,491,5645854580180124654,1821,105,3,-32,21,601
32,gamma,20.0,492,382308707594772778,2183,133,1,-3,32,678
32,gamma,20.0,493,4319437951135630313,1502,74,0,2,32,419
32,gamma,20.0,494,8906036798073164181,724,74,3,32,20,223
32,gamma,20.0,495,4832863374052392830,414,100,-1,-32,-12,178
32,gamma,20.0,496,5951776242842190953,300,70,-1,-32,6,148
32,gamma,20.0,497,4041482519236586204,445,93,1,-32,15,226
32,gamma,20.0,498,2499347847626197647,4084,98,-2,-32,-10,827
32,gamma,20.0,499,3441154028516743949,744,92,-1,32,-16,307
32,gamma,20.0,500,6684212361182014447,415,89,-1,32,-19,189
32,gamma,20.0,501,7173985955901989150,216,90,-1,-2,32,134
32,gamma,20.0,502,6355443933182419100,670,80,-1,-18,32,265
32,gamma,20.0,503,3777324807071359176,780,96,0,-20,32,310
32,gamma,20.0,504,1008854167151618962,526,84,2,0,-32,228
32,gamma,20.0,505,3132792067294682437,1116,142,-2,-6,32,381
32,gamma,20.0,506,7223519376406087433,836,104,0,32,-8,289
32,gamma,20.0,507,4852482366817329551,1173,69,0,25,-32,422
32,gamma,20.0,508,3304238246960069034,403,81,1,-23,-32,191
32,gamma,20.0,509,8862853240560656309,1430,108,-2,-6,32,483
32,gamma,20.0,510,7072226526228134361,3059,97,0,-3,-32,939
32,gamma,20.0,511,7412502587913997175,1824,150,4,-32,2,592
32,gamma,20.0,512,288312650619900945,4198,80,-3,0,32,952
32,gamma,20.0,513,7044071841430774056,966,142,1,32,8,399
32,gamma,20.0,514,5779194130339093783,912,92,1,8,32,339
32,gamma,20.0,515,2618741431185879546,448,122,-1,-6,32,217
32,gamma,20.0,516,2734521589785898546,618,86,2,-32,10,265
32,gamma,20.0,517,8759466086672832373,840,86,-1,8,32,300
32,gamma,20.0,518,627995783424192748,475,121,-1,21,-32,235
32,gamma,20.0,519,3898424532225374724,919,79,2,-7,-32,344
32,gamma,20.0,520,2972921496625769785,974,92,-1,6,32,387
32,gamma,20.0,521,4586716397537591003,1130,124,-2,4,32,393
32,gamma,20.0,522,5937806122151995434,2093,85,-3,-5,-32,685
32,gamma,20.0,523,6916650360605488709,803,79,1,7,32,285
32,gamma,20.0,524,7082852721180033239,1241,73,2,9,32,317
32,gamma,20.0,525,4935596917821924451,1163,69,1,-32,15,427
32,gamma,20.0,526,4105892218839634074,1915,89,1,13,32,594
32,gamma,20.0,527,6156826580832599824,548,82,1,-32,6,239
32,gamma,20.0,528,7642711152634556643,1963,125,-3,32,25,620
32,gamma,20.0,529,2560026873633868329,701,81,-1,-1,-32,259
32,gamma,20.0,530,6485724446367357721,1429,89,2,17,32,466
32,gamma,20.0,531,5605760049453194383,262,78,1,32,-8,132
32,gamma,20.0,532,3584531843798464982,481,87,1,32,25,222
32,gamma,20.0,533,6923257189966136751,309,65,-1,15,32,136
32,gamma,20.0,534,7900798706080095220,1285,151,-4,-9,32,541
32,gamma,20.0,535,554641875767933661,1817,141,2,-13,32,537
32,gamma,20.0,536,6769987334334046673,730,78,-1,32,26,250
32,gamma,20.0,537,3600687851686127840,1535,83,0,-3,32,512
32,gamma,20.0,538,5642750411633435414,1338,146,4,32,10,509
32,gamma,20.0,539,723871084852667064,1223,101,-1,-19,32,453
32,gamma,20.0,540,9114735501104170170,788,102,-1,-16,32,333
32,gamma,20.0,541,5448449985318003819,662,114,-1,32,-18,296
32,gamma,20.0,542,8728999511907445947,665,85,1,32,-11,260
32,gamma,20.0,543,3277033295615697234,709,117,-4,32,23,268
32,gamma,20.0,544,4294972582474273982,411,79,0,3,32,210
32,gamma,20.0,545,1258959764862495725,2226,52,0,-32,4,661
32,gamma,20.0,546,3038453601137812001,1001,113,-1,21,-32,365
32,gamma,20.0,547,6330250703831528126,1248,136,2,32,-10,445
32,gamma,20.0,548,5223046713963898840,992,142,-1,32,-18,364
32,gamma,20.0,549,2300683180228524994,1066,86,-1,4,32,381
32,gamma,20.0,550,636926310808109048,1247,97,1,32,-25,493
32,gamma,20.0,551,7197559904435691299,561,85,0,-32,5,217
32,gamma,20.0,552,8768599214894064257,729,109,0,-32,-13,270
32,gamma,20.0,553,5931111092593072132,931,81,0,-19,32,303
32,gamma,20.0,554,7708270277294457861,1263,103,-6,11,-32,468
32,gamma,20.0,555,3591959782442596658,1337,85,1,1,32,502
32,gamma,20.0,556,7929583280030065320,1227,105,1,-32,7,465
32,gamma,20.0,557,4590356386470160211,924,86,2,32,10,314
32,gamma,20.0,558,86109805884363158,382,86,-1,2,-32,184
32,gamma,20.0,559,3131538304858452616,1224,108,0,32,8,367
32,gamma,20.0,560,1790756008702632343,668,78,0,-32,-8,297
32,gamma,20.0,561,1961292448282435923,2633,59,-1,32,15,777
32,gamma,20.0,562,5441144899702555463,630,68,-1,-10,32,242
32,gamma,20.0,563,5093877176375696913,1145,99,0,-32,17,396
32,gamma,20.0,564,1587860209971161849,1963,131,4,-32,-1,572
32,gamma,20.0,565,5876594247549564223,1719,67,1,7,-32,567
32,gamma,20.0,566,2589583538681137999,263,69,1,-13,-32,142
32,gamma,20.0,567,4171278339593542655,1509,97,-1,3,-32,427
32,gamma,20.0,568,8712769201193305181,1035,89,0,13,32,367
32,gamma,20.0,569,2251100508104490155,2291,87,1,11,-32,685
32,gamma,20.0,570,6066220887550435990,1395,97,1,-15,32,342
32,gamma,20.0,571,3847522957464554489,1139,55,-1,1,32,420
32,gamma,20.0,572,7349685070442001474,514,68,1,32,-2,198
32,gamma,20.0,573,3696543597127323434,497,93,-1,-32,13,197
32,gamma,20.0,574,1702430606893105807,1743,127,3,32,3,600
32,gamma,20.0,575,3309250047246776711,1175,69,-2,-32,9,369
32,gamma,20.0,576,3436711362933376668,261,53,-1,9,-32,124
32,gamma,20.0,577,1252088798403243874,539,71,1,1,-32,220
32,gamma,20.0,578,4109968100989891463,834,66,-1,32,18,274
32,gamma,20.0,579,5281367611837356782,464,108,3,32,10,221
32,gamma,20.0,580,749652225537591624,1408,60,-1,6,32,387
32,gamma,20.0,581,1779214107366836450,273,63,-3,-11,32,143
32,gamma,20.0,582,7209642837467645740,2619,91,1,-13,32,850
32,gamma,20.0,583,6705828733282921043,987,85,1,3,-32,354
32,gamma,20.0,584,7379087790878331500,1379,65,0,32,5,395
32,gamma,20.0,585,687726088566608459,1382,98,0,-4,-32,459
32,gamma,20.0,586,5604274153714691261,764,94,0,-32,26,375
32,gamma,20.0,587,2473687654941785061,568,88,0,-32,4,234
32,gamma,20.0,588,764729924729143060,417,79,2,15,32,167
32,gamma,20.0,589,8839620912686427022,406,98,0,32,2,170
32,gamma,20.0,590,434784020012461081,3044,170,-2,-20,32,861
32,gamma,20.0,591,5396796460122711786,665,79,-1,32,15,247
32,gamma,20.0,592,6044620268684383707,825,75,-1,-32,7,326
32,gamma,20.0,593,2797325939558053281,1166,104,0,30,-32,374
32,gamma,20.0,594,5286840209579083898,2018,134,-5,-4,32,672
32,gamma,20.0,595,1880291881560913151,2338,108,3,-8,-32,523
32,gamma,20.0,596,9056273773924883069,318,100,1,32,20,160
32,gamma,20.0,597,8181645688737233818,566,78,-3,0,32,245
32,gamma,20.0,598,8527969884255890858,987,97,0,13,-32,399
32,gamma,20.0,599,5577597901411472797,603,95,-1,13,32,230
32,gamma,20.0,600,7550927703745005612,993,69,0,15,-32,303
32,gamma,20.0,601,8736488063738631465,614,84,0,24,-32,222
32,gamma,20.0,602,6701179126094892441,256,68,0,-2,-32,122
32,gamma,20.0,603,3907587912982840143,572,104,0,6,32,261
32,gamma,20.0,604,3848651716631211612,224,70,0,32,14,129
32,gamma,20.0,605,1450241373471146447,727,89,1,32,3,236
32,gamma,20.0,606,4638880737695367771,733,81,0,-17,-32,264
32,gamma,20.0,607,9164585018480029017,1151,83,-1,-32,3,408
32,gamma,20.0,608,4261744036335246813,1641,79,1,-32,-17,471
32,gamma,20.0,609,228114636866308898,423,109,0,-25,32,218
32,gamma,20.0,610,529805878551070901,649,77,-2,32,9,248
32,gamma,20.0,611,5646024085618294868,618,84,0,-32,4,241
32,gamma,20.0,612,162528105208654044,975,73,2,32,-1,283
32,gamma,20.0,613,3786188805157872142,1738,108,0,-32,6,560
32,gamma,20.0,614,1942873023317873524,462,70,-1,32,4,196
32,gamma,20.0,615,4242073073010975548,1193,125,-1,17,32,393
32,gamma,20.0,616,5583127404068796688,1192,96,1,0,32,418
32,gamma,20.0,617,8172349506239293969,1995,101,-1,13,-32,622
32,gamma,20.0,618,6853725657312797167,775,87,2,-5,32,270
32,gamma,20.0,619,3044074430126311379,576,100,3,8,32,243
32,gamma,20.0,620,7342542208495871875,1789,67,-1,7,32,450
32,gamma,20.0,621,1803013531348874370,1991,119,-1,-32,-7,663
32,gamma,20.0,622,5032376216573548284,324,70,3,8,32,141
32,gamma,20.0,623,3984929292200613336,1716,96,-1,-32,30,629
32,gamma,20.0,624,2972360455272047166,4025,73,-1,7,32,1024
32,gamma,20.0,625,5344092614216625463,1055,77,-2,-9,32,318
32,gamma,20.0,626,5524935712181629713,1026,96,-2,-10,-32,373
32,gamma,20.0,627,8434054167459363384,825,89,1,-32,27,313
32,gamma,20.0,628,7502827988254984180,882,100,1,16,32,299
32,gamma,20.0,629,8879763254874176378,681,91,-1,-3,32,286
32,gamma,20.0,630,347667076221669609,928,92,-1,20,-32,331
32,gamma,20.0,631,8910090209588204573,2364,62,2,2,32,605
32,gamma,20.0,632,773999526759674244,2781,89,0,-32,-5,646
32,gamma,20.0,633,6473729638341066712,514,80,2,32,0,180
32,gamma,20.0,634,1647791262608582043,2747,137,2,-32,-7,826
32,gamma,20.0,635,8533559526241995656,1048,72,1,32,12,299
32,gamma,20.0,636,6462867637332840662,1559,157,3,-23,-32,575
32,gamma,20.0,637,4405880687953636946,1521,115,3,32,-13,548
32,gamma,20.0,638,695701815648070764,3242,78,0,-20,-32,836
32,gamma,20.0,639,3949499451960186635,562,106,-2,32,12,234
32,gamma,20.0,640,8406885010418936151,3738,156,-1,16,32,837
32,gamma,20.0,641,922195795362345458,526,82,-1,32,-10,228
32,gamma,20.0,642,6157704348602836353,276,56,2,2,32,127
32,gamma,20.0,643,3120135792925371591,790,134,2,14,32,329
32,gamma,20.0,644,1212084360666494614,3952,72,-1,-32,-18,1001
32,gamma,20.0,645,776534600396754550,1612,88,-3,32,10,630
32,gamma,20.0,646,4881254164601304637,517,97,1,-27,-32,247
32,gamma,20.0,647,3877733613011422367,227,61,0,-32,-9,111
32,gamma,20.0,648,4030541670907179815,1576,84,2,-32,0,529
32,gamma,20.0,649,5138563687944505581,1670,78,0,20,32,488
32,gamma,20.0,650,6023303850977192511,3195,67,0,32,-7,744
32,gamma,20.0,651,7818404523041654261,1436,112,3,32,-22,419
32,gamma,20.0,652,7911533422535730771,479,99,0,-32,-5,206
32,gamma,20.0,653,8675441750939780846,484,130,1,-32,16,235
32,gamma,20.0,654,4460347105093401036,412,76,0,32,26,161
32,gamma,20.0,655,2644116411385762171,3343,95,1,-27,32,813
32,gamma,20.0,656,3154354521833099700,2589,131,-2,32,-17,799
32,gamma,20.0,657,693700463854779218,618,154,3,-22,32,327
32,gamma,20.0,658,1293662695981644130,1266,114,-3,32,-8,408
32,gamma,20.0,659,6256575643814819545,685,59,-1,5,32,260
32,gamma,20.0,660,1866347647123934988,3634,68,1,-32,4,1020
32,gamma,20.0,661,6633527076183144135,809,61,0,32,3,280
32,gamma,20.0,662,2636257068953349511,677,107,1,-5,32,296
32,gamma,20.0,663,5660656323165146869,397,73,0,3,32,175
32,gamma,20.0,664,854971087755517764,358,78,-2,4,32,153
32,gamma,20.0,665,6238066526243265689,826,70,0,0,32,287
32,gamma,20.0,666,1127676465108521541,646,62,1,10,-32,227
32,gamma,20.0,667,9208386954895794885,194,72,2,-10,32,112
32,gamma,20.0,668,8908023911046447939,1012,68,0,2,-32,312
32,gamma,20.0,669,4127594393554726158,464,72,1,-8,32,194
32,gamma,20.0,670,25919242030108612,1544,74,1,32,-16,545
32,gamma,20.0,671,3708725652525191832,489,101,2,13,32,219
32,gamma,20.0,672,2333448420834296851,372,70,0,-6,-32,158
32,gamma,20.0,673,4569615808265699670,1458,84,2,-32,18,489
32,gamma,20.0,674,8151862648586509156,957,87,1,32,9,219
32,gamma,20.0,675,2373730708142399990,407,97,0,32,-23,186
32,gamma,20.0,676,8144549551600959760,635,89,2,32,-23,246
32,gamma,20.0,677,5127432680651271307,920,92,0,14,-32,326
32,gamma,20.0,678,6389756699383218365,980,88,1,32,4,366
32,gamma,20.0,679,7693712003974877781,766,88,0,32,0,274
32,gamma,20.0,680,2402056268770804086,328,94,1,-32,10,163
32,gamma,20.0,681,8897388606755944609,778,96,-1,32,4,281
32,gamma,20.0,682,5416852018467220079,407,89,2,17,32,190
32,gamma,20.0,683,6175189990721459276,821,77,-1,32,-9,340
32,gamma,20.0,684,7759047028866554388,1018,78,-1,14,32,382
32,gamma,20.0,685,8973072211646694119,685,85,-2,32,25,294
32,gamma,20.0,686,1425600847892220993,647,133,3,-32,-7,264
32,gamma,20.0,687,3204959416095177599,542,84,-2,-32,-8,218
32,gamma,20.0,688,6522361974435769588,743,121,1,13,-32,323
32,gamma,20.0,689,5300789142352839929,966,62,2,-32,-6,305
32,gamma,20.0,690,5738881076899759072,1039,65,0,-32,-13,386
32,gamma,20.0,691,5370199517226261154,835,93,2,17,32,315
32,gamma,20.0,692,675855401461458524,929,95,1,9,32,336
32,gamma,20.0,693,1958714707948924778,808,76,1,0,32,268
32,gamma,20.0,694,7001324872902628627,939,163,4,32,-7,441
32,gamma,20.0,695,8496354955320245942,1328,62,-1,32,18,355
32,gamma,20.0,696,9183881991786240609,1136,158,1,-32,16,432
32,gamma,20.0,697,753312457221171963,1284,98,-1,32,-20,511
32,gamma,20.0,698,1794694241382317629,850,124,0,-10,32,351
32,gamma,20.0,699,84027889668479513,1266,116,-1,10,-32,401
64,gamma,20.0,0,242938744610731283,2204,222,0,-42,-64,777
64,gamma,20.0,1,8839994530626445296,1950,228,0,-18,64,684
64,gamma,20.0,2,4776747017281387570,4320,230,1,-64,-22,1402
64,gamma,20.0,3,4854108604067747869,1315,205,0,53,-64,528
64,gamma,20.0,4,3335695789274823823,12949,457,-2,64,7,3044
64,gamma,20.0,5,6379689909955499272,9396,170,2,64,-38,2480
64,gamma,20.0,6,800104154201571451,3730,220,1,12,64,1073
64,gamma,20.0,7,6045310404182466158,6331,215,2,-37,64,1545
64,gamma,20.0,8,6634395786149129967,2871,275,4,-43,-64,1043
64,gamma,20.0,9,2598363406298041280,11158,344,1,64,40,2338
64,gamma,20.0,10,1697688356789739897,7364,392,3,-64,20,1972
64,gamma,20.0,11,7071385745160136907,1688,202,1,-64,-6,582
64,gamma,20.0,12,6941743509988386197,2324,304,-1,64,-10,819
64,gamma,20.0,13,5064702207394895535,9260,406,-2,18,64,2582
64,gamma,20.0,14,4607468426886968200,6793,247,1,-11,-64,2002
64,gamma,20.0,15,9132887554752218784,7053,467,-4,64,33,2168
64,gamma,20.0,16,470262665705274788,6861,197,-1,9,64,2052
64,gamma,20.0,17,3125382341277856104,3703,273,-1,-64,-51,1043
64,gamma,20.0,18,1852890577606196867,2629,301,3,-64,31,1048
64,gamma,20.0,19,7639781617109143502,1429,145,0,64,-3,590
64,gamma,20.0,20,8371706738421871538,2683,285,0,64,7,929
64,gamma,20.0,21,3475404251512144800,2226,272,-3,64,32,816
64,gamma,20.0,22,8187552614921577211,4138,292,-1,64,32,1397
64,gamma,20.0,23,4482754919043885097,1915,211,0,45,64,605
64,gamma,20.0,24,1720181979371443133,3005,267,-1,-13,64,973
64,gamma,20.0,25,4551007391218625945,906,160,-3,64,14,365
64,gamma,20.0,26,6452767466249860940,1606,122,2,64,-2,503
64,gamma,20.0,27,2556491849371073529,4402,252,0,14,64,1279
64,gamma,20.0,28,6813742494058413185,3011,167,-1,-64,7,903
64,gamma,20.0,29,1633003754277881676,3453,245,0,31,-64,966
64,gamma,20.0,30,4013756758823742626,8192,222,3,64,-14,2290
64,gamma,20.0,31,2604913534351076687,2891,203,0,9,-64,978
64,gamma,20.0,32,2502578708155725200,2099,155,1,23,64,716
64,gamma,20.0,33,4666422692847880714,3675,281,1,23,64,1253
64,gamma,20.0,34,6839418671296950140,1738,218,2,64,-56,594
64,gamma,20.0,35,7343669495470989482,2174,226,0,40,64,707
64,gamma,20.0,36,437365557249356029,4607,219,-1,-5,64,1237
64,gamma,20.0,37,2478721251923425667,2112,214,0,64,-14,763
64,gamma,20.0,38,6379549920372161809,1805,229,4,35,-64,689
64,gamma,20.0,39,9121676876612781245,6299,145,-1,-64,-9,1948
64,gamma,20.0,40,6315059391696392312,3302,214,-4,28,64,1037
64,gamma,20.0,41,6601593935351425159,2616,292,3,-64,-2,979
64,gamma,20.0,42,3154480194964007291,3900,244,-1,50,-64,1162
64,gamma,20.0,43,2897600355656423276,1238,180,0,36,64,490
64,gamma,20.0,44,1681636868529972893,6833,209,2,57,64,2043
64,gamma,20.0,45,3768583417472079163,3157,255,1,21,64,1027
64,gamma,20.0,46,259277843052480493,2023,179,2,31,64,716
64,gamma,20.0,47,8147490724581447358,4355,177,0,39,-64,1111
64,gamma,20.0,48,6700567020376206078,4355,161,3,-64,39,1018
64,gamma,20.0,49,5665255122352917287,13141,283,-2,64,15,3232
64,gamma,20.0,50,2093173635322236608,3318,320,1,-20,64,1092
64,gamma,20.0,51,2749229716988167733,13157,605,-4,37,64,3735
64,gamma,20.0,52,7765996306492603614,5817,275,1,64,-17,1741
64,gamma,20.0,53,2793690766614501293,6511,205,1,64,9,1709
64,gamma,20.0,54,2778036965280871020,2572,178,-1,56,-64,752
64,gamma,20.0,55,3940669399049671573,2741,205,0,41,64,869
64,gamma,20.0,56,6959982229872674833,2521,221,0,-23,-64,878
64,gamma,20.0,57,4769077679182526133,4140,226,-2,-14,64,1412
64,gamma,20.0,58,5101522237869774610,2762,200,-2,64,10,992
64,gamma,20.0,59,89877926687590289,6086,302,2,4,64,1760
64,gamma,20.0,60,1176107684945957170,3212,294,1,64,12,990
64,gamma,20.0,61,2780771418910196412,11085,211,-3,-64,1,2759
64,gamma,20.0,62,7113817868464220004,936,196,0,-64,26,398
64,gamma,20.0,63,2453307676049028906,4433,187,1,9,64,1247
64,gamma,20.0,64,4139942356785471936,3625,237,3,33,-64,1135
64,gamma,20.0,65,5010189461520240348,16358,186,0,12,64,3273
64,gamma,20.0,66,3627718153623838510,6852,154,1,64,22,1890
64,gamma,20.0,67,2562703774653135260,5833,159,2,-11,64,1613
64,gamma,20.0,68,5479345462893534637,1629,209,1,27,64,611
64,gamma,20.0,69,2774834247346922016,1696,146,1,4,64,570
64,gamma,20.0,70,667023872699773493,2078,236,3,64,-30,794
64,gamma,20.0,71,34144641844104794,6534,250,-1,64,44,1814
64,gamma,20.0,72,5329176285689332495,2720,190,2,-64,-28,927
64,gamma,20.0,73,3319919482242541263,1837,283,-2,64,-55,696
64,gamma,20.0,74,1467112113454304146,5335,197,1,64,-3,1403
64,gamma,20.0,75,4363952339901083773,7035,169,-1,64,9,1859
64,gamma,20.0,76,8769427132344465362,14625,345,3,-7,64,3223
64,gamma,20.0,77,7126205320634289796,2113,175,-1,64,-7,639
64,gamma,20.0,78,4469176722292397339,5665,251,1,-64,-25,1355
64,gamma,20.0,79,2339137517200932138,6574,292,2,-64,38,1906
64,gamma,20.0,80,6226232143150416600,10724,122,-1,64,14,2936
64,gamma,20.0,81,3410562417418543621,9355,207,0,11,64,2814
64,gamma,20.0,82,7406296837729257539,2163,235,0,21,64,777
64,gamma,20.0,83,3697393782177535238,7472,244,0,4,64,2108
64,gamma,20.0,84,9202533893876817149,4123,271,0,64,9,1316
64,gamma,20.0,85,8059358769537905903,6265,201,-1,39,64,1806
64,gamma,20.0,86,2118726685444678668,3458,400,-4,14,64,1353
64,gamma,20.0,87,5796590665648414361,5689,219,0,-13,64,1468
64,gamma,20.0,88,4554287561837021952,4364,298,-1,0,64,1301
64,gamma,20.0,89,945753592057900334,1513,171,-1,-64,27,584
64,gamma,20.0,90,6020421422890725247,1635,177,0,64,-1,688
64,gamma,20.0,91,6097565871452138638,5726,342,-2,-64,-6,1585
64,gamma,20.0,92,8091895244608274375,3146,246,-1,10,64,901
64,gamma,20.0,93,6012308145264754392,5722,222,-2,-64,28,1909
64,gamma,20.0,94,8467435677827713238,3418,244,2,54,-64,1139
64,gamma,20.0,95,1664061252061398960,3392,378,-2,-64,-38,1220
64,gamma,20.0,96,7806606664625755578,2488,204,0,64,-30,875
64,gamma,20.0,97,1225063390723100221,2224,224,2,34,64,774
64,gamma,20.0,98,8569100248029150380,3316,232,3,64,-18,1075
64,gamma,20.0,99,2095139441818566134,3345,201,-1,17,64,948
64,gamma,20.0,100,4435918735836224539,9269,239,0,-64,27,2486
64,gamma,20.0,101,1648266678813171653,2935,203,2,-1,64,897
64,gamma,20.0,102,3752582187276640176,3954,198,-2,64,2,1158
64,gamma,20.0,103,7264508262169595480,6365,453,-1,13,-64,2026
64,gamma,20.0,104,8569927422966854528,3186,188,-1,-64,16,962
64,gamma,20.0,105,2815155008541910355,2346,248,3,-30,64,933
64,gamma,20.0,106,6848704033440625741,7058,234,0,-42,64,2197
64,gamma,20.0,107,6981030320768915208,5312,192,1,26,64,1212
64,gamma,20.0,108,8793986672401219500,4276,214,-1,42,64,1394
64,gamma,20.0,109,8478437209870141582,2286,204,2,16,-64,752
64,gamma,20.0,110,1173847886566272449,5594,156,-4,24,64,1620
64,gamma,20.0,111,1441064021182109021,2992,306,0,-4,64,1066
64,gamma,20.0,112,8036438888539213674,2880,276,-2,2,64,1043
64,gamma,20.0,113,2724625270096704396,1910,256,0,64,-54,697
64,gamma,20.0,114,2203041829283146505,2455,231,2,-1,-64,825
64,gamma,20.0,115,6803094230787008397,1821,183,1,64,7,723
64,gamma,20.0,116,7580571544498639405,2161,173,0,-64,-3,681
64,gamma,20.0,117,3474539162703820932,3712,182,2,-16,64,1326
64,gamma,20.0,118,2587927463089357832,3355,239,-3,-27,64,1090
64,gamma,20.0,119,6584633687767537896,1256,212,2,0,-64,524
64,gamma,20.0,120,7806719400639592800,889,129,0,-19,64,368
64,gamma,20.0,121,3850797391538659371,2240,162,0,2,64,701
64,gamma,20.0,122,4859710637753712174,1925,233,1,-64,43,749
64,gamma,20.0,123,8431384233711147009,2945,269,0,64,45,1028
64,gamma,20.0,124,7744446449289321135,4724,222,-1,28,64,1410
64,gamma,20.0,125,5397933718425420606,3355,159,0,1,64,1084
64,gamma,20.0,126,3849284493181147668,1486,138,1,64,18,550
64,gamma,20.0,127,1639026560919957507,17499,179,1,64,-5,3918
64,gamma,20.0,128,8928580293301580040,2980,120,0,64,0,985
64,gamma,20.0,129,22509269049466301,7698,196,0,64,40,1553
64,gamma,20.0,130,7097558133575710604,7174,260,-2,52,64,1829
64,gamma,20.0,131,7534552634988189038,3187,303,3,64,-21,1028
64,gamma,20.0,132,7386858291032042472,3240,162,2,-64,-30,980
64,gamma,20.0,133,7120679325785145769,11352,182,1,34,64,2912
64,gamma,20.0,134,1141987331869365233,6326,222,1,58,64,1586
64,gamma,20.0,135,4354542331597847135,5256,284,-1,0,64,1428
64,gamma,20.0,136,972684883944670664,2676,204,-1,42,-64,965
64,gamma,20.0,137,5555435771333533621,2780,212,2,64,22,889
64,gamma,20.0,138,5468352720063897286,2469,255,-5,-13,-64,840
64,gamma,20.0,139,1438883891483405787,1827,167,0,-64,11,567
64,gamma,20.0,140,682830035687695562,4525,409,0,64,-47,1484
64,gamma,20.0,141,4929324247905553021,2229,175,0,64,5,760
64,gamma,20.0,142,7850299249337959375,4848,218,-1,64,-22,1237
64,gamma,20.0,143,410837559575582511,6132,212,-1,8,64,1800
64,gamma,20.0,144,2396850224927072147,3603,251,1,64,-49,1267
64,gamma,20.0,145,7596837172098015291,2805,153,0,25,-64,863
64,gamma,20.0,146,64238107055036207,2275,221,1,-59,64,864
64,gamma,20.0,147,7064117286846401160,17919,165,-2,-64,25,3844
64,gamma,20.0,148,8368217101865133197,2328,178,-2,64,34,727
64,gamma,20.0,149,833280084334416696,2469,161,2,33,64,805
64,gamma,20.0,150,4958009824024864514,3083,203,0,-41,64,1002
64,gamma,20.0,151,3393916955044092086,4142,170,3,64,8,1306
64,gamma,20.0,152,4847180473197128670,2785,187,2,-64,35,868
64,gamma,20.0,153,8893087903179603107,2051,169,0,64,-51,672
64,gamma,20.0,154,6570482812840735649,1475,197,0,-7,64,539
64,gamma,20.0,155,3696971689506411449,5529,245,2,-1,-64,1689
64,gamma,20.0,156,6954207118897262629,4862,304,-1,64,38,1534
64,gamma,20.0,157,9136135034029920145,2178,176,-2,64,-6,670
64,gamma,20.0,158,3574724025677189250,5571,319,-2,-64,11,1552
64,gamma,20.0,159,5364169505207640948,5158,242,3,-64,-34,1421
64,gamma,20.0,160,52789134098453423,7043,289,-3,-25,64,2367
64,gamma,20.0,161,7891829663427932005,2563,233,-2,-11,64,921
64,gamma,20.0,162,5140017602048031223,3432,278,-1,64,-4,1130
64,gamma,20.0,163,5983814717993823152,1680,260,0,64,4,669
64,gamma,20.0,164,9140265411780395114,1982,204,1,-64,46,736
64,gamma,20.0,165,889321551934786573,4417,267,-3,-21,-64,1324
64,gamma,20.0,166,4555464769430099166,5303,199,1,13,64,1423
64,gamma,20.0,167,1182254788457070461,4893,187,1,64,1,1557
64,gamma,20.0,168,7566179021223252843,2415,211,-1,53,-64,902
64,gamma,20.0,169,2569474028552565104,5197,161,0,-5,-64,1242
64,gamma,20.0,170,1106881339794053538,2537,349,-3,-49,64,977
64,gamma,20.0,171,225716478808029137,6300,218,0,-64,-36,1669
64,gamma,20.0,172,1133695162510834647,949,119,-1,-5,64,352
64,gamma,20.0,173,3227142316355734817,8568,236,-1,-64,-16,2497
64,gamma,20.0,174,1692414237167835116,1167,155,-1,64,7,421
64,gamma,20.0,175,5318342961082772225,3286,190,1,28,-64,1209
64,gamma,20.0,176,2754734928851511098,5753,271,1,64,25,1806
64,gamma,20.0,177,1119034112622863445,3916,218,-2,50,-64,1256
64,gamma,20.0,178,874837085379965599,6757,227,3,64,17,1567
64,gamma,20.0,179,3387906840643750626,4338,164,-1,-4,-64,987
64,gamma,20.0,180,1000177091016845994,2761,227,-1,64,29,934
64,gamma,20.0,181,240619401786230684,5564,150,-2,-64,26,1684
64,gamma,20.0,182,6374794685487358094,5853,241,-1,64,25,1488
64,gamma,20.0,183,894734659254501045,7343,263,-6,64,39,1656
64,gamma,20.0,184,217595587934980354,5788,478,2,64,-12,1791
64,gamma,20.0,185,6616383166618251394,1996,188,-2,-32,-64,735
64,gamma,20.0,186,1225753070010014391,4828,390,1,48,-64,1680
64,gamma,20.0,187,8037389178989982990,4704,264,-3,64,32,1347
64,gamma,20.0,188,3514148833273279779,3502,196,0,26,64,987
64,gamma,20.0,189,9181006339811454103,4495,205,3,-21,-64,1341
64,gamma,20.0,190,9193516541121901970,4266,174,0,-30,64,1213
64,gamma,20.0,191,5990734561874419107,4972,220,-2,-10,-64,1333
64,gamma,20.0,192,720098816216756703,17206,466,3,8,64,3854
64,gamma,20.0,193,8664600915350660145,6653,245,0,-31,64,1892
64,gamma,20.0,194,331592566065502642,1640,218,1,64,8,625
64,gamma,20.0,195,4753438222431015233,2557,207,0,64,-3,717
64,gamma,20.0,196,571637755649407541,4620,224,-2,8,64,1555
64,gamma,20.0,197,6598008676549629469,1744,138,-2,64,2,583
64,gamma,20.0,198,1587664833837930227,10550,202,-1,4,-64,2710
64,gamma,20.0,199,5403056806848267728,4325,223,-2,53,64,1078
64,gamma,20.0,200,6183127920404538477,1783,199,0,5,64,575
64,gamma,20.0,201,2663829876178249030,2050,226,-1,-32,-64,710
64,gamma,20.0,202,604085219677867667,2291,167,2,64,9,766
64,gamma,20.0,203,4210368396890888122,4626,182,2,64,14,1437
64,gamma,20.0,204,1107994062366102376,2517,135,-1,64,-5,893
64,gamma,20.0,205,1585469218952733651,2623,193,0,-64,-43,804
64,gamma,20.0,206,1670487966521268629,11778,340,1,2,64,2852
64,gamma,20.0,207,8486244911734496471,2305,223,-2,-1,-64,737
64,gamma,20.0,208,4914530177956659817,8387,229,-2,51,-64,2125
64,gamma,20.0,209,6469323455179722234,8107,273,-1,-37,-64,2032
64,gamma,20.0,210,3182579216440182181,1474,146,-3,6,64,491
64,gamma,20.0,211,8603554382517031891,1666,152,1,64,2,585
64,gamma,20.0,212,3589082256201401993,6554,230,-2,-10,64,1905
64,gamma,20.0,213,4876221588834380182,2630,228,-2,-52,64,915
64,gamma,20.0,214,2273742993590808130,3022,220,-1,64,-18,922
64,gamma,20.0,215,2883604522779115406,10630,394,-3,64,0,2138
64,gamma,20.0,216,606757225457903100,6088,148,0,-6,64,1585
64,gamma,20.0,217,2784529397353215484,3478,248,1,64,8,1040
64,gamma,20.0,218,8766422570789464935,5584,338,2,64,-6,1877
64,gamma,20.0,219,4214405154121924441,2912,202,-1,64,36,891
64,gamma,20.0,220,5153434009598185047,11207,199,-1,64,39,2499
64,gamma,20.0,221,7606526437971017440,8642,362,2,64,-52,2556
64,gamma,20.0,222,7047997740770037008,3988,172,-1,-64,-22,1229
64,gamma,20.0,223,3764883743916554142,4556,330,2,64,24,1505
64,gamma,20.0,224,2067944039502337299,3292,176,2,12,64,893
64,gamma,20.0,225,5349870604511282374,2700,182,-1,-64,-52,858
64,gamma,20.0,226,7144366025049081378,1721,257,0,-64,-37,661
64,gamma,20.0,227,8150272636708958217,4511,233,0,64,57,1148
64,gamma,20.0,228,6390115772242521812,4413,281,-1,21,-64,1418
64,gamma,20.0,229,4056233643954227047,1730,246,0,2,-64,661
64,gamma,20.0,230,4371099363474965473,5272,302,0,36,64,1732
64,gamma,20.0,231,6576066885368735798,3635,243,1,-19,64,1199
64,gamma,20.0,232,6302859357174476893,3552,208,-2,64,-50,1207
64,gamma,20.0,233,6156416164843370401,4947,189,1,27,64,1340
64,gamma,20.0,234,1247160820565348306,1139,147,0,-64,19,447
64,gamma,20.0,235,1591361400840563492,8118,492,1,-58,64,2476
64,gamma,20.0,236,7966332392705921870,3129,373,-1,64,9,1161
64,gamma,20.0,237,8473104096758312566,4699,165,-2,64,7,1290
64,gamma,20.0,238,4226608364127968625,4460,300,1,28,-64,1356
64,gamma,20.0,239,733080779092645568,2363,129,0,5,64,688
64,gamma,20.0,240,1170652573415583454,4143,203,-3,45,-64,1128
64,gamma,20.0,241,2241126700383306401,4733,215,-3,64,1,1605
64,gamma,20.0,242,8956303139885239432,2828,172,2,22,64,856
64,gamma,20.0,243,4871155530291414060,3942,332,2,6,64,1388
64,gamma,20.0,244,1627941850216316554,842,142,2,-12,64,373
64,gamma,20.0,245,3196430229365124455,3171,241,-1,-19,64,1005
64,gamma,20.0,246,3642372007754929628,2447,245,-1,-55,-64,865
64,gamma,20.0,247,7921903886700564622,1499,191,-1,-64,-11,513
64,gamma,20.0,248,7513252453532155212,5081,325,-1,64,-27,1502
64,gamma,20.0,249,9048701374539730285,2101,367,1,64,11,875
64,gamma,20.0,250,7421600002050121594,3436,184,0,-4,64,1015
64,gamma,20.0,251,9006994298686489592,3841,201,0,47,64,1293
64,gamma,20.0,252,3114273982459057680,4843,171,0,-37,64,1579
64,gamma,20.0,253,5917900054542990315,9658,198,-1,36,64,2491
64,gamma,20.0,254,2632594030741031969,3148,190,-1,64,0,902
64,gamma,20.0,255,1700586834670586398,2746,200,-3,-64,-28,904
64,gamma,20.0,256,3464318310483210614,3947,143,0,64,-5,1220
64,gamma,20.0,257,820100254216381554,1351,199,0,19,-64,527
64,gamma,20.0,258,5801463072584831698,2362,182,0,64,-30,757
64,gamma,20.0,259,4480574378258060926,4874,212,-2,-64,-20,1335
64,gamma,20.0,260,578056409647461674,5785,287,1,43,64,1611
64,gamma,20.0,261,5629313882493979508,5665,221,2,37,64,1546
64,gamma,20.0,262,5131334275260348994,5642,368,2,64,-52,1568
64,gamma,20.0,263,2408582271702650285,3903,255,-1,-64,-27,1305
64,gamma,20.0,264,5224655034477776912,10148,192,1,64,4,1997
64,gamma,20.0,265,1670782747974724880,1171,139,-1,15,-64,400
64,gamma,20.0,266,5263627150739789098,5469,153,-1,64,-5,1458
64,gamma,20.0,267,904402339892487308,3868,280,-2,-64,2,1136
64,gamma,20.0,268,5132983961784070513,5577,217,2,64,-7,1824
64,gamma,20.0,269,7913692103798877554,2643,393,-2,-17,64,1055
64,gamma,20.0,270,7635086985380733806,6325,235,0,27,-64,1532
64,gamma,20.0,271,5789125695323571161,4595,209,3,21,64,1405
64,gamma,20.0,272,6144837995856933689,1045,209,2,64,-47,432
64,gamma,20.0,273,499417505441466928,7362,190,-1,64,-8,1903
64,gamma,20.0,274,4953320586555176184,5205,207,3,5,64,1568
64,gamma,20.0,275,1574682913060501992,7280,320,-1,-4,64,2296
64,gamma,20.0,276,2856900830826804437,959,175,1,-64,49,412
64,gamma,20.0,277,4343384540545081137,11372,300,-1,64,22,3146
64,gamma,20.0,278,5897437793464217642,4606,200,1,64,2,1297
64,gamma,20.0,279,9108202827796265663,7443,333,4,64,41,2136
64,gamma,20.0,280,8296597850077425346,7476,268,2,34,64,2162
64,gamma,20.0,281,830041590398119311,4220,240,1,-4,-64,1372
64,gamma,20.0,282,4132956661258274462,6151,219,-1,64,9,1531
64,gamma,20.0,283,5922208299949288525,5544,290,1,2,-64,1343
64,gamma,20.0,284,129057298314019613,2509,181,-2,64,15,913
64,gamma,20.0,285,2926423519546194881,1181,135,0,5,-64,447
64,gamma,20.0,286,9195205303109245408,1696,180,-1,-12,64,639
64,gamma,20.0,287,2164986573102654490,4153,209,-2,64,25,1146
64,gamma,20.0,288,1110780445550969761,2897,255,0,-35,-64,899
64,gamma,20.0,289,2524706563125579406,8048,234,-2,4,64,2142
64,gamma,20.0,290,5772092730716928584,7359,601,1,5,-64,2393
64,gamma,20.0,291,3475387168170206023,6298,284,0,64,28,1708
64,gamma,20.0,292,8107982715396643073,1047,193,0,64,-23,496
64,gamma,20.0,293,5219993376365324217,4749,375,5,29,64,1451
64,gamma,20.0,294,7469980786220384833,2039,203,-3,-64,-17,752
64,gamma,20.0,295,6817019127861321415,1765,187,0,-3,64,684
64,gamma,20.0,296,5776080555561599141,4169,323,-3,64,-5,1420
64,gamma,20.0,297,6077849485774754391,16200,254,-3,64,52,3972
64,gamma,20.0,298,1811771748332866175,2988,142,1,64,-10,916
64,gamma,20.0,299,6131460883579266801,2936,252,-1,-44,-64,956
64,gamma,20.0,300,8599494765140381850,3739,199,1,27,64,1074
64,gamma,20.0,301,5154013781810602338,7165,239,1,35,64,2065
64,gamma,20.0,302,4895717540710585292,3082,144,0,-64,0,1006
64,gamma,20.0,303,1289371903037013202,1907,267,-3,-17,64,685
64,gamma,20.0,304,6721504473290394027,2165,183,2,-29,64,792
64,gamma,20.0,305,5693191977499575283,6357,139,1,-25,64,1681
64,gamma,20.0,306,3803898859543018808,9535,235,1,64,-23,2794
64,gamma,20.0,307,1007504101545175890,4610,244,2,64,-18,1315
64,gamma,20.0,308,3330473521171892858,2503,133,0,64,27,898
64,gamma,20.0,309,5737194532814493703,3621,235,0,64,33,1084
64,gamma,20.0,310,3435027155032359560,2905,327,1,64,21,915
64,gamma,20.0,311,3683157592356508724,4417,309,2,-37,-64,1391
64,gamma,20.0,312,7861015572119753963,2594,228,-1,-38,64,814
64,gamma,20.0,313,122125067133920436,5760,186,2,-26,64,1604
64,gamma,20.0,314,7755913683950906949,3634,436,0,42,-64,1398
64,gamma,20.0,315,2454075071567837869,2962,210,-4,12,64,995
64,gamma,20.0,316,3469108479197394944,2569,225,4,-64,17,838
64,gamma,20.0,317,4149520084647349681,2119,247,-1,19,64,783
64,gamma,20.0,318,2893073059892733667,1637,215,-3,64,23,693
64,gamma,20.0,319,7893516706951593584,13686,232,-1,36,64,3499
64,gamma,20.0,320,3718177443152405276,2984,198,-1,64,32,894
64,gamma,20.0,321,3142025077502938572,3885,259,-2,64,23,1320
64,gamma,20.0,322,2611817971831239734,9778,180,-1,-64,12,2741
64,gamma,20.0,323,8716663143914349978,4054,216,-1,-30,-64,1463
64,gamma,20.0,324,5833867440176697065,16756,196,3,22,-64,3130
64,gamma,20.0,325,8358197132191930388,2196,104,1,64,-12,512
64,gamma,20.0,326,8955246820870085045,5402,198,0,64,26,1444
64,gamma,20.0,327,7585706436604411739,4794,262,2,0,64,1450
64,gamma,20.0,328,5827151613489428158,3909,193,2,-64,51,1229
64,gamma,20.0,329,8399687269918073084,6863,175,-2,-7,64,1932
64,gamma,20.0,330,3492841784677709236,3079,273,0,64,-27,1083
64,gamma,20.0,331,4189071012630033283,2370,194,-1,46,-64,724
64,gamma,20.0,332,5744531617248388371,625,161,4,64,3,287
64,gamma,20.0,333,2364533649726266573,5109,187,-2,64,-17,1342
64,gamma,20.0,334,6366849968904720931,1898,168,-3,-64,-4,625
64,gamma,20.0,335,7943087971727320153,4483,207,-1,64,7,1221
64,gamma,20.0,336,6923563080732992331,2741,161,1,64,35,921
64,gamma,20.0,337,3485454388498949307,1527,167,3,-43,-64,587
64,gamma,20.0,338,6923713643704857408,2371,249,-2,64,19,842
64,gamma,20.0,339,1955916887785722870,1726,216,-3,64,-16,661
64,gamma,20.0,340,6942269331800874150,8383,215,0,64,-35,2234
64,gamma,20.0,341,4370321919953338692,10158,242,2,64,44,2134
64,gamma,20.0,342,5867985877322824765,3323,157,-1,-64,9,984
64,gamma,20.0,343,5297570972586935463,2375,205,0,57,64,801
64,gamma,20.0,344,1492625922056425541,672,136,0,2,64,305
64,gamma,20.0,345,7689988142277654100,7940,246,-2,64,46,2107
64,gamma,20.0,346,7946298093819621449,2916,128,0,-64,-18,1052
64,gamma,20.0,347,2593664155090963631,2084,208,-1,64,-12,648
64,gamma,20.0,348,2235258477367257500,9596,174,0,-64,0,2444
64,gamma,20.0,349,2259797492907288666,7266,190,-1,64,40,1789
64,gamma,20.0,350,3303643551132935637,1443,261,1,5,64,599
64,gamma,20.0,351,1603099073845039855,5076,206,1,62,64,1328
64,gamma,20.0,352,7814977741280394544,1924,144,1,6,64,658
64,gamma,20.0,353,6723941484991381968,1726,246,-3,24,-64,723
64,gamma,20.0,354,1769954726180588980,5671,231,0,64,-11,1460
64,gamma,20.0,355,4849607967674427178,3228,162,-2,64,22,1074
64,gamma,20.0,356,1465866383077491416,6151,299,-1,29,-64,1830
64,gamma,20.0,357,5439889928816676676,8992,238,0,-64,44,2367
64,gamma,20.0,358,2244011283307914939,4930,254,-1,64,-10,1510
64,gamma,20.0,359,6165429699452161952,5068,462,0,24,64,1649
64,gamma,20.0,360,7671625149765864852,3831,305,-1,35,64,1198
64,gamma,20.0,361,6165175234764184839,6069,197,-1,64,17,1471
64,gamma,20.0,362,7923090713245106863,2852,176,-1,8,64,996
64,gamma,20.0,363,5474248485752959203,2066,178,2,-64,4,696
64,gamma,20.0,364,2125980958093933134,2006,194,-1,6,64,773
64,gamma,20.0,365,7666902558264857741,2332,244,0,64,34,926
64,gamma,20.0,366,2157262446979478705,3224,236,1,-64,-26,1041
64,gamma,20.0,367,8099175336015974683,1654,190,-1,-64,2,614
64,gamma,20.0,368,4175235375635090207,5954,200,0,64,-4,1830
64,gamma,20.0,369,7091264954263879764,5355,187,1,41,64,1605
64,gamma,20.0,370,7673224251650542455,16027,377,-1,64,-7,3947
64,gamma,20.0,371,4799334100483834625,4021,361,2,-37,64,1324
64,gamma,20.0,372,5783720022915538581,5585,339,1,64,5,1831
64,gamma,20.0,373,2180334588937524429,3858,294,-1,-28,-64,1352
64,gamma,20.0,374,1267168409842676681,2149,321,2,39,64,797
64,gamma,20.0,375,4062050128540791686,8374,146,1,-64,38,2225
64,gamma,20.0,376,871352483031035552,5931,237,0,-64,-29,1648
64,gamma,20.0,377,3149799012270708842,2344,212,0,-2,-64,823
64,gamma,20.0,378,2082444618131565637,7520,276,3,64,-28,2282
64,gamma,20.0,379,1860339481672600410,647,153,2,-11,64,300
64,gamma,20.0,380,8989358515968867777,8896,188,2,-64,44,2423
64,gamma,20.0,381,319043811556641039,1052,164,-4,-16,64,377
64,gamma,20.0,382,7585213058858892696,6013,267,-2,29,-64,1800
64,gamma,20.0,383,5448639022893551497,5132,310,0,-64,-36,1520
64,gamma,20.0,384,8085955023128133429,6058,206,0,64,8,1530
64,gamma,20.0,385,4568580810424804536,9117,469,0,41,-64,2467
64,gamma,20.0,386,7040715935802034266,4583,183,-1,64,13,1239
64,gamma,20.0,387,5863107833723821764,3204,172,1,44,64,1059
64,gamma,20.0,388,7412472976050017809,10901,189,-1,64,-19,2845
64,gamma,20.0,389,5839525070712582786,1721,203,4,64,-23,665
64,gamma,20.0,390,2212339046082276547,2599,263,-2,-1,64,1046
64,gamma,20.0,391,7040466070475535563,3863,185,1,-64,35,1188
64,gamma,20.0,392,5175864414060321946,11252,414,0,64,8,2893
64,gamma,20.0,393,6936019616006036210,2705,293,-2,33,-64,961
64,gamma,20.0,394,5789358551056940088,5084,202,0,64,30,1533
64,gamma,20.0,395,7744226213976183709,2576,262,0,64,22,930
64,gamma,20.0,396,3016176287698002967,3785,249,2,-64,13,1146
64,gamma,20.0,397,776464626893039597,11889,209,0,61,64,2729
64,gamma,20.0,398,7798942280477372532,1912,186,1,-32,-64,624
64,gamma,20.0,399,401990910458546244,11055,397,-2,29,-64,2978
64,gamma,20.0,400,3311743039711846570,6609,329,0,-64,-19,2190
64,gamma,20.0,401,1005001617598059419,5989,235,-1,5,-64,1700
64,gamma,20.0,402,6515393416612483684,8213,485,-1,1,-64,2436
64,gamma,20.0,403,5913477746135999408,1116,126,-1,64,0,418
64,gamma,20.0,404,7362120442444579366,1969,223,-3,-17,64,715
64,gamma,20.0,405,4769276122394856586,22210,396,4,64,0,4912
64,gamma,20.0,406,4596728093965050349,8741,183,-2,64,23,2319
64,gamma,20.0,407,1572261745217866643,2270,226,1,40,64,887
64,gamma,20.0,408,1369553766758593870,2125,155,-1,64,41,670
64,gamma,20.0,409,717564154354642378,4490,212,0,-64,-16,1395
64,gamma,20.0,410,3922694195717414791,7320,392,2,16,-64,2024
64,gamma,20.0,411,8446663339279120173,3666,342,-2,64,42,1336
64,gamma,20.0,412,2694452562231562710,6766,158,0,64,-2,1537
64,gamma,20.0,413,7743637648961469070,3693,225,-1,64,-29,1133
64,gamma,20.0,414,786793701819433152,2858,234,-1,64,54,1119
64,gamma,20.0,415,341840482529274736,850,146,2,64,-4,337
64,gamma,20.0,416,2902608029997983674,2257,239,1,-64,21,783
64,gamma,20.0,417,7866163999482229852,2550,138,2,-6,64,856
64,gamma,20.0,418,2679609009038531792,2274,206,0,-16,64,794
64,gamma,20.0,419,3800973123888879745,4620,166,0,4,64,1351
64,gamma,20.0,420,3445790080453968295,5074,180,-2,-24,64,1446
64,gamma,20.0,421,7797117445125670753,3005,203,-1,59,-64,902
64,gamma,20.0,422,4851531751107067449,2036,234,1,64,-18,792
64,gamma,20.0,423,3854546047845949321,3805,225,1,-64,-17,1318
64,gamma,20.0,424,6430772341299337790,1104,222,3,-64,46,510
64,gamma,20.0,425,3082300759029347698,957,141,0,-17,64,383
64,gamma,20.0,426,3843546935737313635,6086,320,2,-64,54,1744
64,gamma,20.0,427,1572026856171315930,4813,223,3,11,64,1339
64,gamma,20.0,428,4629549609754427979,2427,185,1,43,64,748
64,gamma,20.0,429,279530499448612011,2868,222,1,64,-4,875
64,gamma,20.0,430,6270116854286862937,2258,168,2,64,-10,736
64,gamma,20.0,431,2139064038674219575,2301,191,0,64,1,934
64,gamma,20.0,432,796403357651170625,14243,191,5,64,-17,3562
64,gamma,20.0,433,5986873287158452802,9655,315,-1,19,64,2798
64,gamma,20.0,434,2070754775045255895,10960,266,-4,-34,-64,2530
64,gamma,20.0,435,949281074535130422,3472,270,-3,64,38,1075
64,gamma,20.0,436,6413602643680356488,2821,153,1,64,1,816
64,gamma,20.0,437,9068248462768757422,5162,190,0,-34,64,1564
64,gamma,20.0,438,3390004533449341172,1557,221,-2,-15,64,597
64,gamma,20.0,439,3197089930015642793,1992,192,1,64,-26,781
64,gamma,20.0,440,4055321135336213903,2757,187,-2,64,15,874
64,gamma,20.0,441,3877499770967467988,8817,243,-3,-64,21,2418
64,gamma,20.0,442,7480413329915279809,1342,148,-1,64,26,537
64,gamma,20.0,443,6733620203496585144,3644,176,2,64,22,1116
64,gamma,20.0,444,1966911132319299379,3489,179,2,64,-5,1305
64,gamma,20.0,445,6819231052919202214,3358,198,1,-6,-64,946
64,gamma,20.0,446,6901475839886986907,2084,184,-2,44,64,731
64,gamma,20.0,447,6474492331487937424,4816,288,1,64,2,1262
64,gamma,20.0,448,8463089109984998006,2756,206,2,0,64,906
64,gamma,20.0,449,7596794451722729963,2812,268,-2,-64,-24,957
64,gamma,20.0,450,6000513518004113353,3465,241,1,64,-59,959
64,gamma,20.0,451,5153119341808199937,2095,207,1,-21,64,780
64,gamma,20.0,452,857340181873557823,4987,265,-5,-64,-27,1404
64,gamma,20.0,453,4634953905683661795,11978,306,0,8,64,3189
64,gamma,20.0,454,737859322742738578,6432,368,2,64,32,1873
64,gamma,20.0,455,521127530018050742,3089,245,0,-45,64,1115
64,gamma,20.0,456,1331925521690951285,3379,247,3,64,17,1219
64,gamma,20.0,457,8274786166858810449,4412,202,0,64,18,1271
64,gamma,20.0,458,8365567677684185997,1707,183,-2,-64,1,624
64,gamma,20.0,459,3999139738730760928,2910,224,0,-64,-44,1013
64,gamma,20.0,460,2605512485039144943,2267,237,-2,64,-23,866
64,gamma,20.0,461,5858557773922829741,3860,178,-1,-8,-64,1079
64,gamma,20.0,462,6173781689967247751,4120,252,0,64,16,1383
64,gamma,20.0,463,1111971156258346981,5051,267,-3,39,-64,1592
64,gamma,20.0,464,6980254775574251279,3490,260,-2,54,64,1149
64,gamma,20.0,465,2651816750295700188,8017,225,-3,64,-21,2165
64,gamma,20.0,466,8698410804314097710,8491,207,4,33,64,2379
64,gamma,20.0,467,3971620999965662774,8282,220,1,20,64,1887
64,gamma,20.0,468,3541980273152222334,7951,209,1,64,13,2414
64,gamma,20.0,469,828044447784623900,9415,225,1,29,64,2608
64,gamma,20.0,470,2657544413395206676,15482,204,2,32,64,3259
64,gamma,20.0,471,1463016777691559710,5097,273,1,-7,64,1494
64,gamma,20.0,472,4260750039134279693,3606,138,2,12,-64,1071
64,gamma,20.0,473,8837471730974137963,5956,266,1,40,64,2008
64,gamma,20.0,474,1610732385950825039,6615,231,2,33,64,1422
64,gamma,20.0,475,4843615057580907924,1859,145,-1,64,27,626
64,gamma,20.0,476,4721709986364091576,2696,152,-1,44,-64,839
64,gamma,20.0,477,2166958985229486039,4574,142,-1,64,-14,1131
64,gamma,20.0,478,6173642657794630482,5082,458,-2,64,-18,1765
64,gamma,20.0,479,7614594469645815232,5684,346,-1,64,46,1605
64,gamma,20.0,480,377726922077062062,3589,243,1,64,-35,1228
64,gamma,20.0,481,40584107308092156,4963,207,-1,64,29,1419
64,gamma,20.0,482,6148925970377140554,1991,163,1,64,-55,745
64,gamma,20.0,483,5593158534216691812,3831,279,-1,64,-5,1199
64,gamma,20.0,484,9191035755848971478,1052,170,2,64,-4,480
64,gamma,20.0,485,2843936847537829129,7355,487,1,64,35,2283
64,gamma,20.0,486,6291954855058848787,4441,271,2,64,-37,1305
64,gamma,20.0,487,2146616418714466367,1906,226,0,-16,64,708
64,gamma,20.0,488,5015600631961411163,8434,236,0,46,64,1963
64,gamma,20.0,489,461361967350191271,4259,243,-3,64,55,1312
64,gamma,20.0,490,8169493785245706852,2861,271,-3,3,-64,1054
64,gamma,20.0,491,1126640289954268406,3493,131,0,64,-21,1106
64,gamma,20.0,492,2823172270535048390,1242,158,0,64,-16,449
64,gamma,20.0,493,8316496138661305170,6595,543,0,64,-17,2121
64,gamma,20.0,494,6621016859519833922,4179,289,-1,64,45,1434
64,gamma,20.0,495,3118342670613980555,2193,147,3,64,7,727
64,gamma,20.0,496,4372160836121431003,2501,371,1,64,43,1013
64,gamma,20.0,497,8435827147733640957,4045,243,0,-5,64,1276
64,gamma,20.0,498,4220720749626549043,1563,191,-1,64,-3,633
64,gamma,20.0,499,6653915973792799823,8478,294,-1,-6,64,2698
64,gamma,20.0,500,3551517745416117901,2976,244,0,-40,-64,1002
64,gamma,20.0,501,1089253405845340573,7591,455,0,17,64,2286
64,gamma,20.0,502,223130987749475083,2608,164,1,-64,24,932
64,gamma,20.0,503,6779253064999299294,3467,187,1,64,13,1114
64,gamma,20.0,504,7682241573850910157,6317,535,-1,-1,64,2162
64,gamma,20.0,505,3798095780732094014,2069,257,-1,27,64,770
64,gamma,20.0,506,3823063922881405263,3834,190,0,-64,4,1273
64,gamma,20.0,507,4082305311457331917,16133,221,-1,15,64,4210
64,gamma,20.0,508,1203331898165403412,2294,206,-1,-26,64,704
64,gamma,20.0,509,7532416339878593001,2970,222,0,36,-64,943
64,gamma,20.0,510,1971884397537522184,4175,277,0,-13,-64,1293
64,gamma,20.0,511,3388470711341015799,4933,331,0,5,64,1515
64,gamma,20.0,512,88974287534280123,2355,241,-1,-9,64,856
64,gamma,20.0,513,3333489015138437026,2555,205,1,64,31,804
64,gamma,20.0,514,4382080735919834964,2656,154,1,22,64,914
64,gamma,20.0,515,4069429014503402167,7378,196,-2,64,40,1915
64,gamma,20.0,516,2541516669505467905,1073,195,-2,29,-64,443
64,gamma,20.0,517,7756809962901511557,2037,213,-1,33,-64,783
64,gamma,20.0,518,6684870175423968682,1592,276,0,64,42,655
64,gamma,20.0,519,8667624912907524940,1881,177,-2,64,-19,703
64,gamma,20.0,520,8224186376928767112,5176,168,-1,64,-20,1203
64,gamma,20.0,521,7998526425321208236,2311,237,0,-64,23,851
64,gamma,20.0,522,4249286216599118317,4498,198,3,-50,-64,1310
64,gamma,20.0,523,8701692821272363827,6936,216,1,64,58,1815
64,gamma,20.0,524,8777866161647452473,3839,185,1,-9,64,1059
64,gamma,20.0,525,5213010115991003219,4888,208,-5,52,-64,1392
64,gamma,20.0,526,1158939872978628941,3144,238,-1,-64,26,1032
64,gamma,20.0,527,6687589858745746220,1724,238,-1,-18,64,629
64,gamma,20.0,528,2438341333849611629,13861,195,2,23,64,2928
64,gamma,20.0,529,3064185869651392605,4273,357,-3,11,-64,1601
64,gamma,20.0,530,4988838636496354838,11959,547,-3,-64,-33,3328
64,gamma,20.0,531,3028003542594017969,2212,198,2,-64,34,778
64,gamma,20.0,532,2608428172917847039,4070,384,-3,64,38,1429
64,gamma,20.0,533,5939433372868072767,7841,313,3,64,39,2130
64,gamma,20.0,534,1935705361250378033,2577,213,1,64,-11,769
64,gamma,20.0,535,4950073297047436756,5345,313,-2,31,-64,1634
64,gamma,20.0,536,2514709610969331871,6713,347,0,-17,64,1576
64,gamma,20.0,537,3325768349097932320,1997,155,1,27,64,697
64,gamma,20.0,538,8282450979243018024,1125,191,1,64,-31,498
64,gamma,20.0,539,5667512321535037343,2611,141,-1,13,64,820
64,gamma,20.0,540,2960069531136976883,3705,143,-1,11,64,1013
64,gamma,20.0,541,3949460512675566057,3070,350,-1,-64,-24,1124
64,gamma,20.0,542,2579403832319571152,13546,306,4,64,-2,3556
64,gamma,20.0,543,1399905497321131968,7925,387,-3,-33,-64,2176
64,gamma,20.0,544,1097624123557421315,4779,197,-2,-33,64,1487
64,gamma,20.0,545,9146899938271812743,3046,256,0,-12,-64,962
64,gamma,20.0,546,1825709805218947633,966,142,-1,-26,64,358
64,gamma,20.0,547,4313218383488015515,16503,277,-2,64,-55,3648
64,gamma,20.0,548,4873568347452561342,3688,254,-2,-64,-28,1125
64,gamma,20.0,549,2310223858478946309,1217,253,-1,-21,-64,558
64,gamma,20.0,550,4918961514301103722,2355,137,-1,-64,17,789
64,gamma,20.0,551,4120821400154541920,3522,300,-2,16,64,1176
64,gamma,20.0,552,6570208135696274654,5436,222,2,12,64,1563
64,gamma,20.0,553,4616397808088899627,1012,146,0,4,64,424
64,gamma,20.0,554,5064720718739046405,1138,160,-1,-52,64,469
64,gamma,20.0,555,2171782212294482740,4214,150,-1,-4,64,1091
64,gamma,20.0,556,7332639750742608808,2394,138,1,64,-12,754
64,gamma,20.0,557,7358572839247419151,5707,137,-1,-64,-7,1666
64,gamma,20.0,558,9009696707761368391,6745,219,0,7,64,1910
64,gamma,20.0,559,8620676811749211758,2905,243,2,27,64,975
64,gamma,20.0,560,7659417517934279340,5675,169,1,64,-11,1814
64,gamma,20.0,561,2600327572499087783,897,183,-1,-9,-64,389
64,gamma,20.0,562,4400210118815944272,4578,278,-2,18,-64,1299
64,gamma,20.0,563,428511131412356022,6960,288,-1,64,-28,2181
64,gamma,20.0,564,2377567368828385966,1685,269,-2,53,64,689
64,gamma,20.0,565,6818218283299924925,4169,155,-1,-5,64,977
64,gamma,20.0,566,138445020845654786,5117,247,-1,-64,-9,1507
64,gamma,20.0,567,8785730007783995633,2568,162,1,-24,-64,729
64,gamma,20.0,568,6462791438613638077,2511,219,1,-1,64,903
64,gamma,20.0,569,6869650995130457850,3958,304,-2,2,64,1395
64,gamma,20.0,570,1546819584753667347,2851,315,-4,64,-1,1000
64,gamma,20.0,571,7497266147854995358,3855,291,-2,64,-7,1233
64,gamma,20.0,572,5326603732448816765,4851,249,2,64,-21,1442
64,gamma,20.0,573,6819972295972017958,3184,300,-2,64,10,1221
64,gamma,20.0,574,2028668761812350714,2983,247,-2,64,-53,1007
64,gamma,20.0,575,8085940090095957109,15615,265,4,64,-31,3519
64,gamma,20.0,576,933504718189082148,1572,198,1,64,-12,609
64,gamma,20.0,577,2429881683381207756,5227,163,1,64,3,1210
64,gamma,20.0,578,6669695110646592274,2983,185,-1,-3,64,1106
64,gamma,20.0,579,2809404078587263982,2046,182,-1,38,-64,802
64,gamma,20.0,580,5965940122939788383,1440,182,-3,18,-64,549
64,gamma,20.0,581,9185984693987916568,1176,166,1,14,64,450
64,gamma,20.0,582,7482685339942103326,6477,369,-1,-64,-41,1983
64,gamma,20.0,583,4028074615352708664,8881,199,-2,11,64,1984
64,gamma,20.0,584,5980821954869980810,13433,199,-1,64,37,2958
64,gamma,20.0,585,3829737384988394065,1975,163,0,-51,64,750
64,gamma,20.0,586,1620648099287744319,3809,213,-2,64,-21,1104
64,gamma,20.0,587,4619432239694186984,6233,333,1,43,64,1721
64,gamma,20.0,588,9173949490484509907,2443,303,-2,64,17,996
64,gamma,20.0,589,3214003781188438229,1883,221,-1,64,1,647
64,gamma,20.0,590,6177068605741020757,16424,344,0,44,64,3995
64,gamma,20.0,591,1906251483980697736,9917,289,-2,64,-15,2607
64,gamma,20.0,592,8343034173045145728,2255,157,1,64,21,670
64,gamma,20.0,593,5198044399647708041,25130,242,-2,64,-2,5096
64,gamma,20.0,594,2212823898746982168,2309,151,0,-9,64,631
64,gamma,20.0,595,7815387926440677684,4799,385,3,64,-15,1507
64,gamma,20.0,596,956205396604212752,3648,222,0,-16,64,966
64,gamma,20.0,597,9037962042466325712,5001,291,2,-41,64,1725
64,gamma,20.0,598,8883433137424132149,4118,302,3,64,4,1408
64,gamma,20.0,599,3687720335102712489,2777,167,0,33,-64,782
64,gamma,20.0,600,2396759945091714796,4385,219,0,-41,-64,1188
64,gamma,20.0,601,901088218534965943,1433,189,0,19,-64,532
64,gamma,20.0,602,264721276923099432,10103,225,-1,-64,17,2598
64,gamma,20.0,603,4043646520370683800,7249,203,0,64,5,2029
64,gamma,20.0,604,3212810931282006855,7056,292,1,-8,-64,1702
64,gamma,20.0,605,5212171131407298068,3301,241,2,47,64,1165
64,gamma,20.0,606,7568504999744841998,3612,246,-2,-38,-64,1185
64,gamma,20.0,607,5508751299763057755,995,123,0,-64,-3,391
64,gamma,20.0,608,5355514728577819084,4824,252,-3,22,-64,1363
64,gamma,20.0,609,3311586714361443862,5620,160,-1,20,-64,1542
64,gamma,20.0,610,5278826378671981919,4526,260,-4,64,18,1292
64,gamma,20.0,611,4324981158811073077,3404,184,-1,-64,36,1182
64,gamma,20.0,612,5590015277367953461,8535,293,0,-13,64,2393
64,gamma,20.0,613,6989899521917866700,4067,145,3,64,7,1234
64,gamma,20.0,614,8311115271122856965,6129,183,1,-29,64,1580
64,gamma,20.0,615,6978544460814558021,9188,326,3,64,48,2378
64,gamma,20.0,616,8490717978469202962,2438,164,0,40,64,839
64,gamma,20.0,617,6614199183338647517,3126,180,0,-8,64,1100
64,gamma,20.0,618,5750276654193151809,2994,220,-2,64,6,1160
64,gamma,20.0,619,4741119035768322333,2833,319,0,-19,64,1081
64,gamma,20.0,620,3622501273350096906,14812,152,-1,64,22,3461
64,gamma,20.0,621,5360243480545879136,4338,324,-1,42,-64,1334
64,gamma,20.0,622,5708569032790463224,8007,183,3,-64,19,2095
64,gamma,20.0,623,4317639767101555328,2689,423,-4,64,51,1134
64,gamma,20.0,624,4030090566533729194,2459,259,0,64,-25,909
64,gamma,20.0,625,1044456083841500643,6935,237,-1,35,-64,1629
64,gamma,20.0,626,3204326236602376756,4584,158,-1,64,14,1340
64,gamma,20.0,627,1404484696122809672,3100,154,2,30,64,964
64,gamma,20.0,628,5112612167493128261,4587,279,-1,-64,-11,1417
64,gamma,20.0,629,4802815066991937843,5225,249,0,7,64,1608
64,gamma,20.0,630,364048375927422798,2170,270,3,28,64,837
64,gamma,20.0,631,6289696113549704944,1970,228,2,64,16,709
64,gamma,20.0,632,998686859900796023,2098,276,1,64,42,812
64,gamma,20.0,633,1192463394686186041,1938,158,0,64,4,605
64,gamma,20.0,634,1525935716302660742,5116,152,0,-64,-14,1527
64,gamma,20.0,635,5005321925080692588,7729,267,2,49,-64,2108
64,gamma,20.0,636,6332978354812193972,3008,270,1,64,24,850
64,gamma,20.0,637,5048410471749531320,1577,169,-1,64,21,563
64,gamma,20.0,638,1153766153456330847,2026,230,0,-22,64,760
64,gamma,20.0,639,8046838797654331648,15005,479,0,-7,64,3011
64,gamma,20.0,640,1560763357654085013,1380,232,3,44,-64,584
64,gamma,20.0,641,3734983685587855703,6433,193,-2,-64,-23,1696
64,gamma,20.0,642,1999231462327343250,6112,268,-2,22,-64,1932
64,gamma,20.0,643,3253388877615234686,8353,205,1,64,59,2305
64,gamma,20.0,644,3148959593419990515,2354,332,-1,-64,-28,1024
64,gamma,20.0,645,5424458490739126965,10387,275,-4,27,64,2861
64,gamma,20.0,646,6037445742274680907,1431,149,1,5,-64,514
64,gamma,20.0,647,3149171783534789900,1297,151,-1,-64,-19,558
64,gamma,20.0,648,386789596860918535,1942,236,2,44,-64,679
64,gamma,20.0,649,6079208775840390476,2608,270,2,-64,44,874
64,gamma,20.0,650,7934521532450238478,7084,210,-2,32,64,2015
64,gamma,20.0,651,7626767672747795957,3969,175,-1,-19,64,1144
64,gamma,20.0,652,2193910791148717520,8817,327,-3,-29,64,2046
64,gamma,20.0,653,5960442573735401306,3058,256,4,36,64,956
64,gamma,20.0,654,3139037050971374237,1519,199,-1,64,13,629
64,gamma,20.0,655,6890054216777508326,8602,204,2,-64,0,2529
64,gamma,20.0,656,6097029280934465509,7915,363,5,-9,-64,2304
64,gamma,20.0,657,1126188840939271661,5810,236,-2,64,32,1395
64,gamma,20.0,658,2668564731353227830,2530,220,1,-32,64,806
64,gamma,20.0,659,2993700804113163478,9913,203,0,64,15,2752
64,gamma,20.0,660,5982948922633297867,1674,138,0,-64,-2,592
64,gamma,20.0,661,6741134950165705717,1215,145,0,17,64,398
64,gamma,20.0,662,2574309319828826823,15507,245,1,64,9,3813
64,gamma,20.0,663,8820681699300541809,4915,397,-1,64,3,1616
64,gamma,20.0,664,2072765380972767991,4625,285,-2,15,64,1339
64,gamma,20.0,665,3148522234357042047,20547,207,1,-64,33,3984
64,gamma,20.0,666,6561173832847671971,6199,181,1,-21,64,1667
64,gamma,20.0,667,2823359501918605171,5147,161,1,64,-1,1455
64,gamma,20.0,668,8155225773440471564,2256,250,1,-42,64,715
64,gamma,20.0,669,2005447678893885663,2251,167,-1,37,-64,730
64,gamma,20.0,670,2768448716150430923,2102,126,0,-8,-64,634
64,gamma,20.0,671,4270168415485446750,1349,203,3,21,-64,547
64,gamma,20.0,672,8041787701885588474,2755,235,-1,11,64,953
64,gamma,20.0,673,4885548329705180181,5744,252,0,-64,8,1558
64,gamma,20.0,674,2777239533203741581,3868,208,1,64,38,1034
64,gamma,20.0,675,4502409678523589675,4192,162,0,-14,-64,902
64,gamma,20.0,676,8662081252983908006,3712,188,-2,-64,-2,1111
64,gamma,20.0,677,2009297083599420802,12039,215,-1,25,64,2561
64,gamma,20.0,678,6887152485426790256,3842,178,1,-4,-64,1252
64,gamma,20.0,679,2768066026067409416,4622,206,0,42,64,1319
64,gamma,20.0,680,1351060135037496020,13161,247,1,-64,-29,3013
64,gamma,20.0,681,641166816350787950,5452,356,-2,32,64,1712
64,gamma,20.0,682,8770541645428248910,1528,146,0,18,64,519
64,gamma,20.0,683,1625513197610238985,3065,185,0,17,64,1015
64,gamma,20.0,684,102217919823387698,5624,212,0,64,40,1466
64,gamma,20.0,685,6423474624379922830,1453,159,0,47,-64,519
64,gamma,20.0,686,2319347608912299479,4448,188,0,64,-28,1550
64,gamma,20.0,687,278503943897169194,4473,317,1,41,64,1380
64,gamma,20.0,688,7231947887412130100,7282,220,0,64,-48,1914
64,gamma,20.0,689,2425957142249153326,3434,262,-3,64,-36,1015
64,gamma,20.0,690,4736532725142923151,6106,218,-1,-64,36,1669
64,gamma,20.0,691,3675631829511038315,3845,291,1,64,11,1219
64,gamma,20.0,692,622377540525203838,10300,176,0,48,-64,2576
64,gamma,20.0,693,5136800569067526023,2553,185,0,9,64,956
64,gamma,20.0,694,6049684118828776677,1932,188,0,-64,10,602
64,gamma,20.0,695,4689824662556423234,4218,150,2,-6,64,1356
64,gamma,20.0,696,6584488515201319157,2775,197,0,64,5,958
64,gamma,20.0,697,9130521595326828715,2004,232,1,38,64,723
64,gamma,20.0,698,8341198390560953526,12263,279,3,31,-64,2767
64,gamma,20.0,699,1003181517780084837,4310,170,-1,-64,-8,1325
128,gamma,20.0,0,2675540200834884666,8649,481,0,128,-7,2688
128,gamma,20.0,1,287297441045291426,14791,415,0,128,95,3988
128,gamma,20.0,2,1328673408896379282,40653,611,-1,21,128,9146
128,gamma,20.0,3,1500981017458482944,18916,656,-1,-100,128,5161
128,gamma,20.0,4,6428433525287807516,23882,574,-2,128,106,6444
128,gamma,20.0,5,3412475451652834636,21117,479,2,-17,128,4725
128,gamma,20.0,6,6803601163623210997,6322,392,1,128,-50,1976
128,gamma,20.0,7,5298916799019573585,17823,733,1,95,128,4935
128,gamma,20.0,8,7723694883955177255,8054,598,0,128,46,2594
128,gamma,20.0,9,1960915103673774965,15363,629,-1,65,128,3926
128,gamma,20.0,10,1287174812281077535,9163,525,2,59,128,2471
128,gamma,20.0,11,4310588338592037936,7594,514,-1,36,128,2550
128,gamma,20.0,12,7228154574641067297,17221,413,0,128,81,4135
128,gamma,20.0,13,6636265721328739520,10867,435,1,23,128,3218
128,gamma,20.0,14,7806879493834708551,3354,458,-3,-2,-128,1260
128,gamma,20.0,15,1294840395892021362,12428,636,0,-32,128,3428
128,gamma,20.0,16,274258522333405975,6554,372,-4,128,50,2156
128,gamma,20.0,17,5297578864291092930,26683,667,1,-107,128,6359
128,gamma,20.0,18,6574242123250106740,54786,316,1,-30,128,9993
128,gamma,20.0,19,8363640612567875453,11907,495,1,-128,-7,3594
128,gamma,20.0,20,1200881733453815870,6507,479,-2,-25,128,2105
128,gamma,20.0,21,5842628625381992610,35489,587,0,-128,21,7779
128,gamma,20.0,22,59818537324379268,18147,545,3,103,128,4240
128,gamma,20.0,23,5271926421041294048,6285,531,1,128,63,2185
128,gamma,20.0,24,1557164021074311454,24397,605,1,-128,7,5694
128,gamma,20.0,25,1843804977841105873,8047,619,-1,128,37,2778
128,gamma,20.0,26,4856671541830746093,39469,1007,-3,128,-37,10953
128,gamma,20.0,27,4763035117858435359,12409,569,-3,-45,128,3500
128,gamma,20.0,28,3827734026768728004,8520,526,2,-18,128,2812
128,gamma,20.0,29,8624956987127405171,7224,430,0,128,-38,2239
128,gamma,20.0,30,768074087139722756,12817,295,-1,128,15,3484
128,gamma,20.0,31,3611898959107429703,11559,599,5,95,128,3420
128,gamma,20.0,32,5720007282783858081,8556,652,-4,128,-12,2714
128,gamma,20.0,33,5699772832735529344,17376,524,-3,128,36,4270
128,gamma,20.0,34,5975642547091836979,13705,533,0,113,128,3742
128,gamma,20.0,35,8959783894495486452,18145,617,-1,-11,128,5043
128,gamma,20.0,36,658660152773452360,36797,1261,-3,-39,128,9255
128,gamma,20.0,37,184056817977668130,6815,447,0,128,53,2221
128,gamma,20.0,38,6764887439410545672,16477,539,-1,128,-15,4172
128,gamma,20.0,39,7044989172600322715,49386,586,-1,-38,128,12279
128,gamma,20.0,40,817705813013329741,9995,619,-1,31,128,2711
128,gamma,20.0,41,1824782015706968371,14527,471,1,101,-128,4014
128,gamma,20.0,42,6889871254738868133,44980,502,3,-30,128,7883
128,gamma,20.0,43,8262080018145357486,10114,528,2,74,128,2987
128,gamma,20.0,44,5113703426699780899,4879,365,0,128,45,1634
128,gamma,20.0,45,2741536225759622221,18070,500,-1,12,128,3636
128,gamma,20.0,46,8423679066965369409,27965,355,1,128,-41,6993
128,gamma,20.0,47,1263311472212885121,22016,516,-2,40,128,5630
128,gamma,20.0,48,8169933044316407712,8534,412,3,128,34,2018
128,gamma,20.0,49,6088139097568260329,12002,484,-2,128,68,3023
128,gamma,20.0,50,3101545217168894530,12250,462,0,128,10,3738
128,gamma,20.0,51,7684606585338134475,10559,629,-1,-128,61,3228
128,gamma,20.0,52,4840860830778056799,14348,582,1,26,-128,4164
128,gamma,20.0,53,6752014514915446182,12040,424,-2,128,-56,3517
128,gamma,20.0,54,6281945449517760951,32236,788,2,48,128,7832
128,gamma,20.0,55,7479579559307583746,19733,757,-2,31,128,4865
128,gamma,20.0,56,7505944088879334865,12097,633,-1,49,128,3817
128,gamma,20.0,57,1409440165498562537,5590,452,0,26,128,1839
128,gamma,20.0,58,4913614908574753156,17982,640,-3,46,128,5745
128,gamma,20.0,59,2728055236705740623,15136,514,1,32,128,4275
128,gamma,20.0,60,3870791101526855805,19023,511,0,33,-128,4820
128,gamma,20.0,61,6044736675895720543,22099,641,-1,128,-35,6247
128,gamma,20.0,62,2082148052591384418,9337,517,0,1,-128,3065
128,gamma,20.0,63,3398343343523036208,8948,408,-3,128,14,2819
128,gamma,20.0,64,1198775522357254721,42261,607,0,19,128,9445
128,gamma,20.0,65,863417435079460846,37997,493,-1,47,128,7457
128,gamma,20.0,66,6348559904170429390,23157,991,-3,13,128,6086
128,gamma,20.0,67,5822070665485467455,15261,581,3,128,31,4495
128,gamma,20.0,68,8608741770094241882,10928,382,-2,128,48,3027
128,gamma,20.0,69,7955939811542582878,66056,352,-2,128,72,14475
128,gamma,20.0,70,6552104617777120729,9974,486,1,18,128,3275
128,gamma,20.0,71,3978717426674812160,12978,530,-1,44,-128,3578
128,gamma,20.0,72,7721468572404804211,10582,632,-3,54,128,2883
128,gamma,20.0,73,3261030817770032492,32833,977,0,41,128,7313
128,gamma,20.0,74,8528463211632041127,6939,433,-1,128,11,2044
128,gamma,20.0,75,9113641715252127751,19850,488,1,-4,128,4490
128,gamma,20.0,76,4442553570153745350,18153,501,1,-128,59,4437
128,gamma,20.0,77,7259790830528048936,27617,433,1,17,128,6149
128,gamma,20.0,78,9202623843569002529,6132,460,2,128,22,1974
128,gamma,20.0,79,4716963047243619057,21248,346,0,76,128,5044
128,gamma,20.0,80,4460363354255791000,18167,803,-1,128,93,5276
128,gamma,20.0,81,5143237238353332784,5799,501,4,33,128,2011
128,gamma,20.0,82,7391248746329748606,10181,415,2,128,15,2626
128,gamma,20.0,83,2437670860645833890,24744,636,-1,-128,62,6690
128,gamma,20.0,84,741954568932994082,8251,625,-1,-55,128,2716
128,gamma,20.0,85,1940740042780916386,11354,540,-1,128,-54,3024
128,gamma,20.0,86,7636766240699283155,40212,386,-2,-20,-128,9289
128,gamma,20.0,87,8299454073499251005,2599,447,3,-67,128,1087
128,gamma,20.0,88,6425275975099998708,37365,443,2,128,57,9204
128,gamma,20.0,89,8008608411890934548,13485,421,-2,128,73,3765
128,gamma,20.0,90,3476947504485088906,21754,566,3,70,128,6003
128,gamma,20.0,91,165697823000792484,52016,644,-3,128,98,13007
128,gamma,20.0,92,3746756323357380324,10383,653,5,128,-57,2925
128,gamma,20.0,93,3000362318554708291,43350,654,1,-36,128,11444
128,gamma,20.0,94,2040293143520962925,38280,402,2,32,-128,9181
128,gamma,20.0,95,521174970506868533,32390,534,2,128,-94,7708
128,gamma,20.0,96,7562997748095026181,13385,405,0,-77,-128,4055
128,gamma,20.0,97,1018041553886558,26535,745,-1,128,7,6563
128,gamma,20.0,98,5801721711817539367,24834,544,2,48,128,5640
128,gamma,20.0,99,7437719912044466619,8077,615,1,128,71,2709
128,gamma,20.0,100,6761377397925860694,6586,688,1,104,128,2162
128,gamma,20.0,101,826929240574907186,18109,715,-2,-33,128,4886
128,gamma,20.0,102,8921184407929613408,12342,714,0,66,128,3501
128,gamma,20.0,103,3047272545578433999,11852,528,4,62,128,3368
128,gamma,20.0,104,7742484835943581345,21754,434,-1,-42,128,5458
128,gamma,20.0,105,2127141286260841829,11977,593,-1,67,128,3214
128,gamma,20.0,106,1367243779006542915,13318,518,-1,-74,128,3562
128,gamma,20.0,107,497130941821000342,11162,486,0,48,128,2836
128,gamma,20.0,108,6627832247420571830,4184,282,0,128,38,1404
128,gamma,20.0,109,6427251878362287738,12876,422,-1,-128,-42,3658
128,gamma,20.0,110,4862395249045483385,8192,520,1,80,128,2662
128,gamma,20.0,111,2738037182161744082,9272,630,-1,-68,128,3026
128,gamma,20.0,112,184726333122572440,10020,616,1,128,56,3409
128,gamma,20.0,113,897045114597917488,16276,560,4,42,128,4564
128,gamma,20.0,114,1456134822303368751,17596,498,0,-54,-128,5360
128,gamma,20.0,115,7876831789955805991,8736,728,-3,128,70,2632
128,gamma,20.0,116,6333572240107737028,18955,469,-1,15,128,3990
128,gamma,20.0,117,422526811095460653,19462,402,0,68,-128,5415
128,gamma,20.0,118,3481479272552109580,16083,421,-3,-29,128,3835
128,gamma,20.0,119,8188951111695743309,14260,362,0,-60,128,3588
128,gamma,20.0,120,3445588607845471540,5870,352,0,56,128,1901
128,gamma,20.0,121,1058899558698997781,5621,385,-1,33,-128,1837
128,gamma,20.0,122,1586928852463279663,20766,522,1,12,128,4954
128,gamma,20.0,123,6165939945186298703,13465,433,-1,128,41,3212
128,gamma,20.0,124,307777101441854967,10643,613,-5,-81,128,3420
128,gamma,20.0,125,7405284371732346579,9116,592,-1,128,32,2574
128,gamma,20.0,126,6049752114157057501,14380,314,0,-8,128,3437
128,gamma,20.0,127,2482973546451433141,8189,627,1,1,128,2660
128,gamma,20.0,128,1993673947272480497,9403,623,0,128,-21,2719
128,gamma,20.0,129,3506823015217907844,9056,592,1,128,-66,2832
128,gamma,20.0,130,5783708116943829937,32239,1451,2,-45,128,9055
128,gamma,20.0,131,5382631097964302466,14525,565,0,-128,49,4149
128,gamma,20.0,132,5554299866170807439,13999,513,-3,128,67,3854
128,gamma,20.0,133,7270341779882245278,24187,777,0,128,49,6628
128,gamma,20.0,134,8190089454812487586,18514,338,0,66,128,4706
128,gamma,20.0,135,3121948523654756790,6013,477,-1,128,23,2081
128,gamma,20.0,136,7654435589382770063,8346,556,0,128,70,2496
128,gamma,20.0,137,1163864504015778787,9336,584,1,128,-36,3006
128,gamma,20.0,138,8363467726577068740,8071,411,1,-35,128,2535
128,gamma,20.0,139,8217970228408658194,26252,598,2,-128,-12,7208
128,gamma,20.0,140,3149571108599799534,4659,493,1,128,47,1709
128,gamma,20.0,141,2124893474083746558,8904,454,2,30,128,2673
128,gamma,20.0,142,6228170787547045683,15712,386,0,128,78,3821
128,gamma,20.0,143,8824675164697189651,12336,402,0,-30,-128,3027
128,gamma,20.0,144,1023554712085681351,8537,451,1,-128,17,2629
128,gamma,20.0,145,7180314803028621259,14438,420,0,-38,128,3543
128,gamma,20.0,146,5105305106040328466,32205,679,3,83,-128,8349
128,gamma,20.0,147,3070383281699902719,10511,633,-3,29,128,3152
128,gamma,20.0,148,2624550539079190740,22003,443,0,128,-57,5802
128,gamma,20.0,149,6326249431139305250,18175,573,3,128,-3,4193
128,gamma,20.0,150,3632549431290955675,13472,680,0,128,96,3866
128,gamma,20.0,151,4904291548037769301,11759,465,-2,89,128,3329
128,gamma,20.0,152,1326873221138186720,13134,456,-1,128,62,3183
128,gamma,20.0,153,4771164532204055451,6992,514,-1,50,128,2160
128,gamma,20.0,154,1549789461075526050,9443,409,-2,73,128,3202
128,gamma,20.0,155,3433599567558297392,6829,601,1,128,15,2366
128,gamma,20.0,156,7955826357009368665,29761,769,-1,-55,128,7087
128,gamma,20.0,157,6593777209345021409,22587,665,3,21,128,6033
128,gamma,20.0,158,3464461324322495684,13009,499,-2,128,-111,3527
128,gamma,20.0,159,6451427414668630278,5649,365,-1,128,3,1831
128,gamma,20.0,160,3468088985530294601,10702,306,-1,2,128,3005
128,gamma,20.0,161,9131914654118416892,9803,499,1,-128,21,2804
128,gamma,20.0,162,4359104108253625330,79571,485,-2,49,128,15893
128,gamma,20.0,163,8595327058257494420,19176,452,-3,128,36,4953
128,gamma,20.0,164,1226744366207253879,21510,586,1,128,-48,5472
128,gamma,20.0,165,383394442090389917,9968,410,-1,-128,-80,2835
128,gamma,20.0,166,6740788512850114359,39636,438,1,-46,128,8995
128,gamma,20.0,167,1269512935402972015,6478,402,1,10,128,1862
128,gamma,20.0,168,1679819659383399454,30753,679,-1,-128,-61,6985
128,gamma,20.0,169,6700654001970815592,12837,497,2,45,128,3860
128,gamma,20.0,170,1822135188069542485,4164,480,0,-128,50,1511
128,gamma,20.0,171,5988651014480909746,10520,974,-1,86,128,3444
128,gamma,20.0,172,8730654913744251036,8619,453,1,128,67,2472
128,gamma,20.0,173,4886409558386140190,64093,569,3,-11,128,15458
128,gamma,20.0,174,2401046381082471250,2699,393,-1,25,128,1149
128,gamma,20.0,175,4124627712893388372,7681,695,6,21,128,2582
128,gamma,20.0,176,75414745190344693,11334,652,-2,128,8,3552
128,gamma,20.0,177,5259169124943371546,19203,613,-2,128,61,5153
128,gamma,20.0,178,2392357969490241086,21344,632,2,-50,128,4885
128,gamma,20.0,179,8570090438855323793,14056,660,4,84,128,4270
128,gamma,20.0,180,2101832614552768111,17166,894,2,128,-30,5002
128,gamma,20.0,181,1935855229452471911,13047,623,3,87,128,4079
128,gamma,20.0,182,3086772508131536463,11967,563,0,128,-21,3665
128,gamma,20.0,183,4472107059667245509,25411,615,1,128,83,6890
128,gamma,20.0,184,9022100308884022196,30713,717,0,111,128,7891
128,gamma,20.0,185,1755969403912859447,23420,966,0,-46,-128,6779
128,gamma,20.0,186,1526950301981670391,3520,416,2,64,128,1387
128,gamma,20.0,187,7091990665723676965,7555,411,0,128,25,2255
128,gamma,20.0,188,6170516704011982316,37401,637,-2,-97,-128,8319
128,gamma,20.0,189,5061084593908926147,30548,724,4,32,128,7417
128,gamma,20.0,190,4459967538045343565,6750,442,-2,128,86,2164
128,gamma,20.0,191,6167088748268268438,7022,552,-1,128,92,2291
128,gamma,20.0,192,1490060952181828226,13506,688,-1,128,88,4441
128,gamma,20.0,193,8849005938944084137,40765,447,2,53,128,8958
128,gamma,20.0,194,3292913920177228677,12870,900,2,76,128,3998
128,gamma,20.0,195,6045149379442223797,21891,461,3,35,128,5169
128,gamma,20.0,196,7919564252690871258,8864,652,-2,128,-44,2908
128,gamma,20.0,197,7194431314892919479,6387,415,2,128,71,2049
128,gamma,20.0,198,5429472721527914064,6636,430,1,24,128,2121
128,gamma,20.0,199,1274667018759634394,12764,414,2,48,128,3217
128,gamma,20.0,200,6402976048187834808,6982,414,1,40,128,2194
128,gamma,20.0,201,25293871630856238,23546,464,3,12,128,4810
128,gamma,20.0,202,4130867666465261239,18755,601,5,-128,69,5430
128,gamma,20.0,203,6526737549369285816,13818,724,0,128,46,3814
128,gamma,20.0,204,881741912748185408,56514,928,3,-128,2,11626
128,gamma,20.0,205,4270863252558836058,8452,520,1,128,96,2746
128,gamma,20.0,206,7134979272153824553,9885,349,2,47,128,2516
128,gamma,20.0,207,6603650528895097646,5816,400,2,128,10,1775
128,gamma,20.0,208,2132735308725221535,8234,458,-2,-128,-52,2431
128,gamma,20.0,209,3112495727872186168,11090,370,3,128,28,3023
128,gamma,20.0,210,7731818515396594671,24938,482,-1,88,128,6564
128,gamma,20.0,211,7321563456101254720,5132,358,-1,14,-128,1814
128,gamma,20.0,212,1927026296164225117,19339,529,3,41,128,4864
128,gamma,20.0,213,4506101643741389297,29633,383,1,128,65,6922
128,gamma,20.0,214,1134065146978299500,13926,594,0,-128,34,3870
128,gamma,20.0,215,6253981621880636952,32767,489,-3,13,128,8175
128,gamma,20.0,216,8635521722752157337,48315,613,-2,-128,-109,10902
128,gamma,20.0,217,3669944403590662852,10696,636,-3,-16,128,3017
128,gamma,20.0,218,4591748422151704471,16231,527,2,128,-31,4197
128,gamma,20.0,219,5716189392320519005,3900,404,0,-32,128,1307
128,gamma,20.0,220,8828980923347290570,8406,710,3,78,128,2654
128,gamma,20.0,221,741543978507396894,8125,297,-1,128,51,2204
128,gamma,20.0,222,542116318752783601,8088,636,1,128,110,2645
128,gamma,20.0,223,6183672437436019058,10649,495,-2,37,-128,2881
128,gamma,20.0,224,136733432243345762,11692,588,-1,86,128,3150
128,gamma,20.0,225,3032073807044223248,18476,652,2,76,128,5301
128,gamma,20.0,226,3324302847063556987,27651,469,2,3,128,6561
128,gamma,20.0,227,5110216948436725850,43907,625,-6,73,-128,9564
128,gamma,20.0,228,251041610217820034,14855,827,3,128,59,4188
128,gamma,20.0,229,9094213192764891599,29459,805,1,128,57,6954
128,gamma,20.0,230,5871905751348586290,21434,690,0,-106,128,5371
128,gamma,20.0,231,6178015742016262412,21567,495,0,128,-25,4601
128,gamma,20.0,232,9004861452158841995,12713,453,2,128,105,3504
128,gamma,20.0,233,6449886075704676779,5098,438,-1,-128,20,1658
128,gamma,20.0,234,5123661295345947508,19752,1088,3,-112,-128,5613
128,gamma,20.0,235,5165241783174700565,22515,409,0,5,128,5161
128,gamma,20.0,236,7908086554708944332,12228,498,1,-62,-128,3433
128,gamma,20.0,237,1603173987440867977,32114,898,1,128,-44,6998
128,gamma,20.0,238,968560173994455168,3811,497,5,21,128,1389
128,gamma,20.0,239,2011526618133992232,22803,521,-2,128,87,5321
128,gamma,20.0,240,1723673946505753084,15335,503,0,91,128,4301
128,gamma,20.0,241,8894583374405330697,7130,384,-2,128,-36,2026
128,gamma,20.0,242,8306616339741684949,10398,554,0,120,128,2843
128,gamma,20.0,243,7441689415560555518,11899,783,-4,-33,128,3630
128,gamma,20.0,244,8111559696882063693,9272,354,-3,-18,128,2395
128,gamma,20.0,245,8359621525532373642,16515,473,4,17,128,4797
128,gamma,20.0,246,4590972615838392144,19444,898,0,-88,-128,5652
128,gamma,20.0,247,1472126103156748488,5205,455,2,128,39,1734
128,gamma,20.0,248,479018690986704579,6602,358,-1,54,-128,2049
128,gamma,20.0,249,1331934871705693941,29531,623,-2,128,113,6871
128,gamma,20.0,250,3206669556981847000,24048,640,-2,-128,-66,5502
128,gamma,20.0,251,651673746661305732,6188,330,-2,128,14,1709
128,gamma,20.0,252,4603531998031007090,7383,443,-1,-128,33,2185
128,gamma,20.0,253,1678223505061124035,9327,419,1,-27,128,2634
128,gamma,20.0,254,5613078591317801948,13681,447,-2,57,-128,3532
128,gamma,20.0,255,3865940257768164337,34196,602,3,98,128,7497
128,gamma,20.0,256,1659151146917973402,14938,388,0,22,128,4171
128,gamma,20.0,257,4479394379143389163,14540,750,-1,96,128,3914
128,gamma,20.0,258,1210937772581281911,42518,386,0,-128,-26,9531
128,gamma,20.0,259,2771396606931708199,27038,982,1,96,128,7219
128,gamma,20.0,260,4803719282198087741,4856,552,-4,-10,128,1693
128,gamma,20.0,261,6872008987517514844,7571,343,-2,128,13,2061
128,gamma,20.0,262,5426414194686482964,10192,622,-4,128,76,2931
128,gamma,20.0,263,8418599046651229153,7337,535,0,63,128,2372
128,gamma,20.0,264,4508058196606196897,17848,380,0,-24,-128,4635
128,gamma,20.0,265,7460728835016964817,17426,472,-1,-44,128,5138
128,gamma,20.0,266,9028861398079164451,51864,846,4,128,70,11788
128,gamma,20.0,267,3400628236765651894,3802,384,0,128,-14,1443
128,gamma,20.0,268,5610335199889354678,5765,349,0,23,-128,1905
128,gamma,20.0,269,4333683688360929335,5585,379,-1,79,128,1797
128,gamma,20.0,270,68646760740774020,41494,494,0,28,128,9275
128,gamma,20.0,271,7375004863930037774,17071,607,2,-25,128,4422
128,gamma,20.0,272,7870679878114409781,6689,377,0,-15,128,1790
128,gamma,20.0,273,3862034510709949292,7952,574,0,50,128,2635
128,gamma,20.0,274,3463899849798917518,6160,326,-1,128,28,1926
128,gamma,20.0,275,8903775117853820038,11656,526,0,122,128,3083
128,gamma,20.0,276,1640618529400815577,7413,447,1,-11,128,1963
128,gamma,20.0,277,3459764545031096288,15084,670,4,14,128,4584
128,gamma,20.0,278,5023520330050755645,10165,467,1,-47,-128,2928
128,gamma,20.0,279,1719124719531017759,7711,497,1,-43,-128,2426
128,gamma,20.0,280,7268289862480531387,5083,521,-2,128,5,1900
128,gamma,20.0,281,9207612466402998874,9693,639,-1,-77,128,3049
128,gamma,20.0,282,8647695782355634610,13230,384,-3,-12,128,3439
128,gamma,20.0,283,5693317417777480153,23177,649,0,128,49,6252
128,gamma,20.0,284,6697270882939842781,30080,670,6,76,128,8379
128,gamma,20.0,285,309211894854757456,11826,374,0,-30,128,3325
128,gamma,20.0,286,5800058822096148727,8510,390,1,128,46,2538
128,gamma,20.0,287,2327485359692677628,2930,286,-1,6,128,983
128,gamma,20.0,288,2450658888908797240,15786,490,0,128,-20,4293
128,gamma,20.0,289,6544205654070003237,26299,427,2,128,-23,6923
128,gamma,20.0,290,91446986756596857,45578,482,-3,-74,128,10904
128,gamma,20.0,291,6006814987197320807,9075,633,-2,128,17,2682
128,gamma,20.0,292,6477743022133833332,14363,499,-2,21,-128,3927
128,gamma,20.0,293,9023141291280865348,35547,1121,0,128,77,7679
128,gamma,20.0,294,4467351079432872253,19531,603,0,128,97,4788
128,gamma,20.0,295,1795368613873159529,17285,767,3,-93,128,4416
128,gamma,20.0,296,5355146672072796367,5511,607,-1,119,-128,2060
128,gamma,20.0,297,2712724488105233216,17038,528,-3,-128,-76,3916
128,gamma,20.0,298,7944908207261653536,18426,714,0,0,128,4175
128,gamma,20.0,299,2749120284084967581,35968,1034,-1,82,128,9387
128,gamma,20.0,300,3545841947134221552,16537,563,3,-33,-128,4303
128,gamma,20.0,301,5424677704737134020,9056,428,1,6,128,2364
128,gamma,20.0,302,1790544713674091525,34275,827,-1,128,-77,7380
128,gamma,20.0,303,4132979385469649303,14856,340,0,-128,-38,3219
128,gamma,20.0,304,5823702609298896289,3904,446,-1,128,66,1460
128,gamma,20.0,305,877274635746917330,13954,576,0,128,58,4234
128,gamma,20.0,306,34320399553965701,11311,803,1,-128,85,3612
128,gamma,20.0,307,9082021283438342658,7848,388,3,128,4,2398
128,gamma,20.0,308,6272200902121389223,33182,404,-1,24,128,6089
128,gamma,20.0,309,19741379505724268,10186,528,1,18,128,3206
128,gamma,20.0,310,5292882177017051904,26709,1035,0,-31,128,7553
128,gamma,20.0,311,3353581375306171193,18365,497,0,5,128,4821
128,gamma,20.0,312,2609348970823286844,22872,482,1,-128,100,6355
128,gamma,20.0,313,4354570415176030279,18269,573,1,128,53,5226
128,gamma,20.0,314,8426227129687378703,21843,355,-2,-128,11,5761
128,gamma,20.0,315,1212715446458637386,21064,588,0,128,-22,4186
128,gamma,20.0,316,6465865070942965302,10582,470,1,-50,-128,3132
128,gamma,20.0,317,1563208871878348104,11294,646,0,128,-34,3123
128,gamma,20.0,318,9194686841382848971,5720,346,1,128,-2,1933
128,gamma,20.0,319,5752317209336058052,20931,425,-2,-128,5,4887
128,gamma,20.0,320,5211921795149270394,12264,620,1,128,100,3495
128,gamma,20.0,321,7022812246895175812,26716,442,0,-44,128,7231
128,gamma,20.0,322,4437816042464051082,12101,483,0,-81,128,3576
128,gamma,20.0,323,1837027134629135302,24109,471,0,23,128,6438
128,gamma,20.0,324,1105106030005038929,6001,399,-1,128,63,2001
128,gamma,20.0,325,4639160190515666754,8637,395,-1,128,-19,2446
128,gamma,20.0,326,2203821708513134227,39845,617,-1,128,103,8013
128,gamma,20.0,327,932474396206098141,6175,333,1,128,29,1904
128,gamma,20.0,328,5963585008721163484,19795,587,-1,128,-53,5347
128,gamma,20.0,329,8795314112732116507,27844,442,-1,128,14,6528
128,gamma,20.0,330,7590696742827147704,6814,382,-4,128,24,1990
128,gamma,20.0,331,2124536885859985370,14872,726,-1,-128,-24,4508
128,gamma,20.0,332,5643619916223808617,14964,364,0,128,-2,4115
128,gamma,20.0,333,6039663103099040623,12286,632,1,112,128,3461
128,gamma,20.0,334,3377448635527237364,22230,476,1,44,128,4930
128,gamma,20.0,335,5718213101416505132,19831,641,1,128,-9,4633
128,gamma,20.0,336,436225678530139670,8130,472,3,-38,128,2723
128,gamma,20.0,337,2878953253383486893,22625,591,0,128,55,4981
128,gamma,20.0,338,7884432401068411524,28796,686,4,128,-8,6882
128,gamma,20.0,339,7980283555504615390,51694,496,0,106,128,12030
128,gamma,20.0,340,1981014056285406571,11579,981,0,128,83,3710
128,gamma,20.0,341,3829251608705805303,29400,584,-1,128,-72,6620
128,gamma,20.0,342,4273737457693277107,10279,397,-1,128,13,2565
128,gamma,20.0,343,7558281510442285127,11851,711,0,49,128,3682
128,gamma,20.0,344,6937948029042095047,24052,530,1,-64,128,5998
128,gamma,20.0,345,551729612102935116,33467,1249,1,128,27,9291
128,gamma,20.0,346,5466930482594317171,11473,493,-1,128,5,3042
128,gamma,20.0,347,2045272040430675050,12242,496,0,128,84,3314
128,gamma,20.0,348,5310941325567993314,5918,386,-2,128,18,2014
128,gamma,20.0,349,1377100458566390484,15480,1000,4,128,58,4577
128,gamma,20.0,350,8447527827141361924,8159,313,1,-21,128,2198
128,gamma,20.0,351,5870426200783600559,21576,494,0,-128,-16,5879
128,gamma,20.0,352,9068033819930142364,6496,424,0,-30,128,2098
128,gamma,20.0,353,8542805143381143766,14164,804,0,128,18,4206
128,gamma,20.0,354,4843810244606592239,7947,349,0,-29,128,2144
128,gamma,20.0,355,540333174548946741,9370,520,1,-128,-74,2922
128,gamma,20.0,356,8637912607552128740,31626,526,0,110,128,6732
128,gamma,20.0,357,3729902753139210399,19712,656,1,96,128,5695
128,gamma,20.0,358,5785188914720432906,3405,363,0,11,128,1316
128,gamma,20.0,359,7927795418020477090,15621,483,-1,128,81,4174
128,gamma,20.0,360,5493315775070389277,11821,1067,-3,97,-128,3961
128,gamma,20.0,361,2228618790611411941,8583,577,1,128,55,2563
128,gamma,20.0,362,3749326743659065924,21318,426,0,68,128,5341
128,gamma,20.0,363,1613422277416957696,16834,492,2,128,28,4136
128,gamma,20.0,364,7848832428253279832,37747,647,-2,128,79,7327
128,gamma,20.0,365,8301191038183296574,58435,455,1,-128,61,12016
128,gamma,20.0,366,4274611293219692849,16056,570,1,32,128,3873
128,gamma,20.0,367,4188646301823939619,15362,530,2,38,128,3749
128,gamma,20.0,368,3803809098533204810,16637,475,2,37,128,4489
128,gamma,20.0,369,4393990347970460632,8991,439,2,-128,81,2669
128,gamma,20.0,370,3812937973605366362,13195,425,0,35,128,3538
128,gamma,20.0,371,4618730118766089991,30200,470,0,128,-92,7490
128,gamma,20.0,372,8636857061203182679,16446,486,0,-88,128,4681
128,gamma,20.0,373,477571492836477517,29861,525,0,37,128,6394
128,gamma,20.0,374,2760036072279610248,3965,401,0,128,33,1369
128,gamma,20.0,375,8822244724661432670,20820,864,2,92,128,5865
128,gamma,20.0,376,3806872954800916131,15002,652,-2,84,-128,4626
128,gamma,20.0,377,5171961837563535701,21344,498,1,128,80,5332
128,gamma,20.0,378,507930030003976296,11677,427,0,128,-47,3103
128,gamma,20.0,379,1582989547787783764,11413,459,-1,128,-39,3069
128,gamma,20.0,380,1261401531683274805,7431,349,2,-27,128,2168
128,gamma,20.0,381,8357465071023783388,10992,436,-1,128,50,3329
128,gamma,20.0,382,3275740766680987409,16478,462,-1,14,-128,5059
128,gamma,20.0,383,7811456298389140994,7381,405,0,128,-7,2237
128,gamma,20.0,384,6779546283345373086,10346,366,5,-22,128,2550
128,gamma,20.0,385,8335136077261766155,13365,475,-5,128,63,4079
128,gamma,20.0,386,8939396921973124569,15390,466,0,-14,-128,4381
128,gamma,20.0,387,3320655674232789852,11800,454,0,128,8,3309
128,gamma,20.0,388,8501717690092169076,19045,691,-1,41,128,5058
128,gamma,20.0,389,3920939035230850901,28259,639,-1,-77,128,6871
128,gamma,20.0,390,1495925929567744299,36224,1276,1,82,128,9387
128,gamma,20.0,391,2021859594410637181,21446,362,1,86,-128,5500
128,gamma,20.0,392,2947983242912768769,14361,911,3,128,-73,4123
128,gamma,20.0,393,2416042896963816224,13410,626,0,88,128,3713
128,gamma,20.0,394,7931858200585270912,8661,395,-1,128,-47,2624
128,gamma,20.0,395,6263013252443478340,17903,585,1,53,128,4755
128,gamma,20.0,396,3919587415868498678,4978,446,-2,128,64,1736
128,gamma,20.0,397,4668669586508274178,10755,479,3,128,-17,2773
128,gamma,20.0,398,4751061462529313124,18970,644,-3,128,114,4758
128,gamma,20.0,399,3250557382532582267,21658,412,0,128,16,5820
128,gamma,20.0,400,4820828445701574823,24718,596,1,-92,-128,6684
128,gamma,20.0,401,2769630613096474197,5445,475,-2,-11,128,1774
128,gamma,20.0,402,8774390686958193013,5293,487,-3,128,-15,1882
128,gamma,20.0,403,829773534689271505,9099,297,0,128,23,2836
128,gamma,20.0,404,5851198407583984111,43318,406,-2,66,128,9594
128,gamma,20.0,405,8495286829587057947,9112,612,1,8,128,2707
128,gamma,20.0,406,9017283641767999853,11222,600,1,-44,128,3488
128,gamma,20.0,407,8099992169449536964,17670,440,1,52,128,4467
128,gamma,20.0,408,7305785777272794544,4602,404,-1,128,12,1543
128,gamma,20.0,409,5557491464354982170,12808,498,-3,44,128,3651
128,gamma,20.0,410,4032387465809097045,9749,467,0,59,128,2469
128,gamma,20.0,411,3663732785803232622,10504,634,-2,114,128,3390
128,gamma,20.0,412,8810345448770646970,5512,346,0,128,-18,1608
128,gamma,20.0,413,3965551843876812425,6283,451,4,128,23,1893
128,gamma,20.0,414,1674360456692834626,26275,337,0,128,-9,6301
128,gamma,20.0,415,6122266911570243341,14475,431,0,128,-41,4092
128,gamma,20.0,416,6467104181540634727,12568,840,2,128,-26,3842
128,gamma,20.0,417,7728216022173303271,14732,874,0,-20,128,4679
128,gamma,20.0,418,8041224408238252882,15956,662,3,128,-62,4675
128,gamma,20.0,419,5291184302268116894,7412,458,-1,74,128,2243
128,gamma,20.0,420,5710707615135701741,40357,581,1,128,9,9484
128,gamma,20.0,421,4885778085486542967,8634,452,-1,128,88,2635
128,gamma,20.0,422,1328814267547001568,11915,439,1,-128,75,3645
128,gamma,20.0,423,8363689836920718663,10837,429,1,128,87,2812
128,gamma,20.0,424,2706781290125257409,29575,421,-1,-128,-73,7439
128,gamma,20.0,425,458017039430786065,15201,355,0,128,-11,3262
128,gamma,20.0,426,4738348627123867430,8466,528,1,128,-28,2676
128,gamma,20.0,427,1589288093168416473,6998,436,-2,-10,128,2309
128,gamma,20.0,428,7538621871032071697,9499,509,2,-83,128,3064
128,gamma,20.0,429,1999698024599578315,8773,655,1,61,128,3033
128,gamma,20.0,430,1695524151906415894,32004,450,-2,-40,128,7744
128,gamma,20.0,431,9119736688017232667,17486,380,-2,6,128,3735
128,gamma,20.0,432,7661524009845975380,8949,483,1,-85,128,2998
128,gamma,20.0,433,5175397836532080959,6318,374,0,58,128,1969
128,gamma,20.0,434,2782180281453861352,24469,555,-1,-41,128,6264
128,gamma,20.0,435,5111465144207238094,7804,340,0,128,-14,2283
128,gamma,20.0,436,7737019995258028024,8247,677,-3,-65,128,2828
128,gamma,20.0,437,3519388632862171257,11607,409,1,128,21,3122
128,gamma,20.0,438,2369000853978942703,13785,411,0,128,-15,3795
128,gamma,20.0,439,771456397279214498,2621,307,1,128,15,1006
128,gamma,20.0,440,5046829402642402241,22801,601,-2,128,11,6192
128,gamma,20.0,441,2110498793053093899,20256,446,1,-4,-128,4630
128,gamma,20.0,442,340517172148178659,9056,404,0,-36,128,2579
128,gamma,20.0,443,5533263764489019858,13781,647,0,128,-5,4152
128,gamma,20.0,444,2145341375866751752,7255,485,0,128,91,1975
128,gamma,20.0,445,4051911503542746130,9824,482,-1,128,0,2864
128,gamma,20.0,446,3880031240096313686,15329,477,0,128,3,4288
128,gamma,20.0,447,129317915817829401,14582,556,-1,128,40,4187
128,gamma,20.0,448,7932804057400610277,9091,759,-1,-73,128,2742
128,gamma,20.0,449,3009558070699147306,13959,553,2,-128,49,3683
128,gamma,20.0,450,5172941920372453768,14247,345,-1,-49,128,3862
128,gamma,20.0,451,6519312556446210164,18966,742,1,128,110,5581
128,gamma,20.0,452,5966002415137897425,30347,397,0,-128,-7,5775
128,gamma,20.0,453,4806169849562904012,8805,349,1,128,-17,2329
128,gamma,20.0,454,4580115827111760685,7323,481,-1,31,128,2393
128,gamma,20.0,455,7466502382594125612,6622,498,2,-34,128,2190
128,gamma,20.0,456,3958476015167906254,14154,430,0,38,-128,4219
128,gamma,20.0,457,8553112178649911143,12548,580,0,128,12,4183
128,gamma,20.0,458,7305616242075138236,71828,594,-2,92,128,14497
128,gamma,20.0,459,2848935567171360596,21792,712,1,128,-18,5739
128,gamma,20.0,460,8315487808383947248,6164,596,1,128,34,1986
128,gamma,20.0,461,5551623020643222363,18618,466,-2,128,80,4144
128,gamma,20.0,462,7599928577714149031,18917,529,4,128,-87,4796
128,gamma,20.0,463,4883187569055149437,17172,878,-1,52,128,4818
128,gamma,20.0,464,1241765652099218879,7665,545,-1,-23,128,2239
128,gamma,20.0,465,8277456077534093873,9508,490,-1,-34,-128,2916
128,gamma,20.0,466,3850696571143124195,5496,502,0,-42,128,1737
128,gamma,20.0,467,7381142162035048657,7172,434,-4,128,16,2226
128,gamma,20.0,468,7204300544929937008,8394,660,-1,128,-32,2699
128,gamma,20.0,469,3901053615972213785,8797,451,-2,128,93,2426
128,gamma,20.0,470,1011910361795360644,7192,484,-1,128,-42,2416
128,gamma,20.0,471,3108992870199510456,11203,397,1,128,-57,3069
128,gamma,20.0,472,1376735797765281294,26536,752,2,-106,-128,5837
128,gamma,20.0,473,2152767147935276155,40435,399,-1,-95,128,9072
128,gamma,20.0,474,8127409296260296340,5858,566,-3,58,128,2020
128,gamma,20.0,475,5707023232301918593,13823,359,-1,-37,128,3857
128,gamma,20.0,476,3546114455645141126,17592,574,-3,-128,104,5327
128,gamma,20.0,477,2251882211797773779,12435,1089,0,128,89,4144
128,gamma,20.0,478,7525152170766091380,7859,553,0,33,128,2522
128,gamma,20.0,479,5648893288808156528,7903,473,3,-105,-128,2319
128,gamma,20.0,480,4773453889820728367,12382,314,-2,-14,128,2816
128,gamma,20.0,481,5108669490839042684,3605,443,3,-128,-9,1222
128,gamma,20.0,482,6698807924728029710,18870,708,1,128,12,5226
128,gamma,20.0,483,5408900269783298896,22235,743,1,7,128,6085
128,gamma,20.0,484,2332134550045292007,6259,475,0,128,123,2048
128,gamma,20.0,485,4382231811347991939,28983,297,0,-27,128,6326
128,gamma,20.0,486,2668068402440397308,29610,684,-2,-92,128,6286
128,gamma,20.0,487,7300988224050653768,10105,619,0,-97,128,2987
128,gamma,20.0,488,2082721073013753218,4020,450,4,-128,-8,1430
128,gamma,20.0,489,4372873890103303385,16989,371,-1,59,128,3671
128,gamma,20.0,490,2995583318118350534,9049,305,2,-128,11,2426
128,gamma,20.0,491,1727545849319194596,43056,622,-2,128,-24,10581
128,gamma,20.0,492,5869765031191487313,9029,477,2,51,128,2615
128,gamma,20.0,493,2290918190034742657,14905,271,0,128,-39,3959
128,gamma,20.0,494,2038040903945412975,9169,531,0,128,-33,2909
128,gamma,20.0,495,912944386074836734,7755,837,-1,-15,-128,2905
128,gamma,20.0,496,2340514229826540081,25151,443,2,-13,128,6357
128,gamma,20.0,497,4383154890848913314,22112,482,0,128,56,5769
128,gamma,20.0,498,8803678584591011708,6338,578,-1,12,128,2160
128,gamma,20.0,499,7390257196688300885,9283,499,-1,61,128,2842
128,gamma,20.0,500,1455006130421932587,5282,536,1,-26,128,1661
128,gamma,20.0,501,5902471830564950875,16684,400,0,-16,128,3853
128,gamma,20.0,502,8531021177157107879,6357,475,0,-128,-119,2131
128,gamma,20.0,503,7746025863859434320,39786,798,-1,16,128,7979
128,gamma,20.0,504,507687156597297853,44055,525,2,-27,128,9274
128,gamma,20.0,505,7093145299816811780,16778,746,1,-2,128,4653
128,gamma,20.0,506,622597047007168062,12392,534,2,66,128,3612
128,gamma,20.0,507,7641235725112463313,9581,495,0,-128,-73,2703
128,gamma,20.0,508,6162838646685682734,37530,780,1,86,-128,8091
128,gamma,20.0,509,7805880392237208374,7570,354,0,38,128,2070
128,gamma,20.0,510,86476550934720738,15436,554,-1,14,-128,4898
128,gamma,20.0,511,1463070597818144713,18439,643,1,-3,128,5211
128,gamma,20.0,512,8962844736671530052,10920,556,-1,128,-2,2839
128,gamma,20.0,513,8238246368739278960,18812,488,1,-26,-128,4476
128,gamma,20.0,514,416791523736171836,26332,498,1,128,-20,7360
128,gamma,20.0,515,6886603272633738040,6328,462,0,28,-128,1983
128,gamma,20.0,516,7361991582048834403,7754,606,-1,-128,-50,2588
128,gamma,20.0,517,2347659393311013428,6301,451,0,128,53,2097
128,gamma,20.0,518,8503993634847624862,12060,422,0,80,128,3069
128,gamma,20.0,519,8225597960697921026,13487,445,0,97,128,4029
128,gamma,20.0,520,8669721567754758314,17983,553,0,51,-128,4439
128,gamma,20.0,521,6418134934420329026,14617,511,-1,128,13,4325
128,gamma,20.0,522,4979049801795395648,44857,1687,-1,115,-128,10893
128,gamma,20.0,523,5678509751190335890,11252,622,-1,128,80,3425
128,gamma,20.0,524,926773112092477763,5345,449,0,128,93,1904
128,gamma,20.0,525,2926991420762981170,7582,890,-1,22,128,2728
128,gamma,20.0,526,9106686935738477163,5624,398,-2,-18,128,1871
128,gamma,20.0,527,4681917682246594019,10540,476,-4,128,24,3249
128,gamma,20.0,528,8810672654814583172,13522,402,0,28,-128,3522
128,gamma,20.0,529,6755966241315275275,4608,396,0,-80,128,1502
128,gamma,20.0,530,3307309736502486982,5670,478,-2,-4,128,1756
128,gamma,20.0,531,5953792362332253512,23094,1058,-1,128,98,5610
128,gamma,20.0,532,466893269794756351,23990,412,2,128,74,6879
128,gamma,20.0,533,2427901105892871598,12362,444,-1,16,128,3212
128,gamma,20.0,534,8133162642299224308,13794,436,-2,128,72,3481
128,gamma,20.0,535,3410810085248263041,22553,855,3,128,5,6551
128,gamma,20.0,536,5466304693084138887,9394,628,-1,128,44,2937
128,gamma,20.0,537,7893989851735584407,16412,480,2,128,44,4096
128,gamma,20.0,538,3782009447718950918,8177,551,-1,-39,128,2576
128,gamma,20.0,539,3355416393536996564,23238,568,0,-64,128,5701
128,gamma,20.0,540,8960960125541714214,25182,614,2,128,62,6075
128,gamma,20.0,541,5063988806758492340,11227,313,-1,-39,-128,2784
128,gamma,20.0,542,6086076018125761774,23969,407,-1,128,47,6110
128,gamma,20.0,543,7670022289387369585,6476,596,3,128,10,2199
128,gamma,20.0,544,9088892163368682348,10669,575,5,9,128,3328
128,gamma,20.0,545,4902029469681652718,35972,506,-1,128,38,7370
128,gamma,20.0,546,8234607285431754605,15964,692,-2,38,128,4934
128,gamma,20.0,547,5875360510818820454,6087,477,0,128,39,1965
128,gamma,20.0,548,1906004067418366938,10367,701,-3,128,73,3302
128,gamma,20.0,549,282700096686662798,14347,355,-3,128,5,3525
128,gamma,20.0,550,5074681138635449968,29038,548,1,48,128,7099
128,gamma,20.0,551,2152725488890399779,35649,487,-3,-128,67,5695
128,gamma,20.0,552,1643622608375055173,28963,611,-2,128,59,7902
128,gamma,20.0,553,6025886305650317326,7474,582,1,128,-12,2596
128,gamma,20.0,554,5762782832078881666,8212,420,1,-24,-128,2041
128,gamma,20.0,555,160653749491494546,17715,947,-1,-7,128,5443
128,gamma,20.0,556,4700974114479464886,11928,622,3,128,12,3296
128,gamma,20.0,557,4513284769613246675,23516,604,-1,128,70,6461
128,gamma,20.0,558,8380869861799323595,30669,555,0,-128,-97,7050
128,gamma,20.0,559,4741123020400168677,4348,492,-1,110,128,1480
128,gamma,20.0,560,4539634554842187801,8952,526,1,128,46,2882
128,gamma,20.0,561,4522271253689146929,17683,551,1,37,128,4335
128,gamma,20.0,562,2409572181784612985,12826,384,2,128,34,2981
128,gamma,20.0,563,4695818350426248883,18858,1032,0,-128,-16,5579
128,gamma,20.0,564,6909767312964006101,23333,619,4,128,-77,6226
128,gamma,20.0,565,7751065871616135558,9287,679,-2,105,128,2986
128,gamma,20.0,566,4524320896758462248,4219,339,3,49,128,1451
128,gamma,20.0,567,7749453330504702519,13381,481,3,51,128,4114
128,gamma,20.0,568,1889567606748206140,13761,725,4,128,55,3721
128,gamma,20.0,569,6968688141173923527,17727,361,-4,-5,128,4710
128,gamma,20.0,570,8964213857426269498,30664,314,0,44,128,5808
128,gamma,20.0,571,5185095339077811310,14006,1084,5,128,100,4422
128,gamma,20.0,572,7936396374239566643,12210,476,-3,128,-58,3655
128,gamma,20.0,573,4880382922093272383,11464,674,3,128,112,3557
128,gamma,20.0,574,342065167237782250,16559,593,1,128,53,4748
128,gamma,20.0,575,9108925344883658517,60043,403,-2,7,128,12129
128,gamma,20.0,576,225190836906771125,6498,424,1,46,-128,1948
128,gamma,20.0,577,4387973188243166831,4861,499,3,128,69,1762
128,gamma,20.0,578,6976897774507985220,7163,363,-1,-7,128,2175
128,gamma,20.0,579,6727435526307801066,9056,614,1,128,10,2951
128,gamma,20.0,580,2089504843584706893,10371,585,0,128,-49,3196
128,gamma,20.0,581,9053512307998184302,32521,449,0,-15,128,8043
128,gamma,20.0,582,202835901611704102,15574,474,-1,24,128,3940
128,gamma,20.0,583,8107512974780587898,4962,428,-2,128,-20,1596
128,gamma,20.0,584,7420315298400926506,14787,701,1,127,128,4024
128,gamma,20.0,585,7852702924009968135,7654,462,3,128,26,2425
128,gamma,20.0,586,5131476701594330883,4156,320,1,-14,128,1274
128,gamma,20.0,587,3407399344906500179,23085,729,1,128,-9,6610
128,gamma,20.0,588,5391499525776995517,13462,806,2,128,80,3858
128,gamma,20.0,589,5987319806815042474,11977,389,2,21,-128,3488
128,gamma,20.0,590,6186347673746403429,13900,470,2,128,34,3249
128,gamma,20.0,591,2319647325387650079,25918,538,-1,128,66,7250
128,gamma,20.0,592,7286636235832508396,10278,402,2,128,-22,3137
128,gamma,20.0,593,1213455472203368945,27532,928,-4,128,16,7903
128,gamma,20.0,594,8649434979110499521,11803,627,-4,128,-79,3613
128,gamma,20.0,595,4217699657240766572,21769,545,-4,128,-55,6049
128,gamma,20.0,596,6890942933152936926,8302,388,-2,-32,128,2511
128,gamma,20.0,597,8063322454380693437,10673,499,2,128,87,2900
128,gamma,20.0,598,7235273790422390068,23791,457,1,128,17,5862
128,gamma,20.0,599,3973389070742854788,18277,475,-1,13,128,4845
128,gamma,20.0,600,6304066289023138654,12036,752,2,4,128,3758
128,gamma,20.0,601,6629570612971819649,54228,706,-1,-118,128,11546
128,gamma,20.0,602,5212716324044061299,7292,570,-1,128,-88,2399
128,gamma,20.0,603,3292713506786058408,31142,1630,-4,38,128,8626
128,gamma,20.0,604,4215360974348790086,9776,368,-1,128,72,2287
128,gamma,20.0,605,7590931539167216056,7617,633,0,81,-128,2530
128,gamma,20.0,606,1802542741042949519,5505,473,4,128,7,1889
128,gamma,20.0,607,4817393032952092539,5891,395,0,128,35,1876
128,gamma,20.0,608,1899960493702506534,9576,556,-4,128,92,3044
128,gamma,20.0,609,9167408299179213559,16489,491,-3,128,63,4615
128,gamma,20.0,610,1551630626535242039,9143,579,4,128,-69,2706
128,gamma,20.0,611,8878990915863764774,3102,344,0,50,128,1089
128,gamma,20.0,612,135847570465825664,16673,619,2,-128,15,4645
128,gamma,20.0,613,5942700665802001721,9754,610,-3,62,128,3050
128,gamma,20.0,614,8947914085202510053,27941,487,-1,128,77,6831
128,gamma,20.0,615,4119554995564935304,32111,621,1,128,-117,6850
128,gamma,20.0,616,310641101075109236,15812,504,0,128,90,4334
128,gamma,20.0,617,1812053481240747150,4271,355,0,128,43,1465
128,gamma,20.0,618,3432118864300768671,8062,784,0,58,128,2847
128,gamma,20.0,619,2484289677084702827,19590,522,5,-40,128,5308
128,gamma,20.0,620,4572563441384329816,8381,443,3,27,128,2436
128,gamma,20.0,621,252088376585135416,4524,446,0,128,64,1622
128,gamma,20.0,622,6720774800292091787,28403,781,0,111,128,7413
128,gamma,20.0,623,8663996536073899696,27054,388,0,128,-18,5708
128,gamma,20.0,624,6376453433154143505,10818,606,0,128,94,3172
128,gamma,20.0,625,1083556477323946673,14204,454,4,60,128,3981
128,gamma,20.0,626,7637723494101029793,6543,333,-3,-23,128,1965
128,gamma,20.0,627,861908738764142465,18084,578,1,128,26,4353
128,gamma,20.0,628,1984610773406103198,10028,734,4,128,-28,3139
128,gamma,20.0,629,353179423315040506,16035,635,3,128,13,4413
128,gamma,20.0,630,4108057752051842156,8932,442,-1,-128,34,2181
128,gamma,20.0,631,4429958542878690936,6914,494,0,34,128,2172
128,gamma,20.0,632,4429455012614775233,18554,486,-2,128,86,4538
128,gamma,20.0,633,1454385386655758913,11874,570,2,-88,-128,3379
128,gamma,20.0,634,4148259587664750955,42501,547,1,128,-29,10109
128,gamma,20.0,635,387803747317853744,14323,739,-3,39,128,4514
128,gamma,20.0,636,559378853985695989,39216,402,-4,128,-8,8681
128,gamma,20.0,637,9021426512480189290,20864,540,-4,94,-128,5840
128,gamma,20.0,638,1250803727885633466,19558,348,0,128,34,4847
128,gamma,20.0,639,8736639677020055635,20390,938,4,96,128,5214
128,gamma,20.0,640,1668201302744689598,10559,539,1,31,128,3053
128,gamma,20.0,641,2686431677643180921,7030,520,0,128,24,2351
128,gamma,20.0,642,4042272587222745196,13357,299,-1,128,-5,3804
128,gamma,20.0,643,6544769881062894908,26113,537,1,79,128,6478
128,gamma,20.0,644,4030908771498889394,19858,742,1,-128,32,5049
128,gamma,20.0,645,904637259198036362,12324,342,1,128,-20,3549
128,gamma,20.0,646,2942566586644567539,11442,448,0,-8,128,2620
128,gamma,20.0,647,7070153081447637568,34180,568,1,50,128,8506
128,gamma,20.0,648,1192220702322332727,22774,492,-1,128,42,5275
128,gamma,20.0,649,1265281935404274844,10697,467,0,128,47,2657
128,gamma,20.0,650,8895609146453731724,14805,543,-2,69,128,4309
128,gamma,20.0,651,8739592692555564182,52875,507,-1,128,9,11652
128,gamma,20.0,652,2467395871805321131,26778,856,3,128,60,7471
128,gamma,20.0,653,7363385827155243022,14951,499,1,128,-59,3324
128,gamma,20.0,654,92572792603769962,35385,501,0,128,23,8588
128,gamma,20.0,655,386302965623686914,9222,588,1,128,86,2980
128,gamma,20.0,656,6374856235572694424,5778,470,1,100,128,2035
128,gamma,20.0,657,151678944600829502,31001,647,-2,128,-9,6178
128,gamma,20.0,658,5817819731466352442,27981,489,-1,81,128,6016
128,gamma,20.0,659,8768386920392065384,15424,578,0,128,116,4003
128,gamma,20.0,660,5565359987653919184,16598,546,4,128,-10,4478
128,gamma,20.0,661,5561190692691884856,11238,422,0,-20,128,3313
128,gamma,20.0,662,3082879570202629581,26751,591,-1,109,128,6765
128,gamma,20.0,663,3645810595062237628,11476,428,-2,128,-42,3514
128,gamma,20.0,664,4461708741193789208,9521,803,0,128,75,3307
128,gamma,20.0,665,792439923428209302,13293,401,1,128,-13,3552
128,gamma,20.0,666,105719415904254844,65396,622,2,46,128,13200
128,gamma,20.0,667,7835823470032801530,28453,489,2,-21,128,6299
128,gamma,20.0,668,3126213869732563772,13766,634,0,128,-34,4046
128,gamma,20.0,669,7682210864922490841,4508,424,4,14,-128,1547
128,gamma,20.0,670,4770137953069263481,19021,949,-1,11,128,5373
128,gamma,20.0,671,256209268840765153,7628,430,0,-128,94,1936
128,gamma,20.0,672,1650076380117077767,12981,439,2,-21,-128,3427
128,gamma,20.0,673,2846822547668204769,34284,590,-3,128,46,8534
128,gamma,20.0,674,8227364080968815346,11631,325,1,7,-128,3001
128,gamma,20.0,675,4027768280742734551,16059,773,2,128,-105,5040
128,gamma,20.0,676,3496611077115536202,19448,568,2,100,128,5482
128,gamma,20.0,677,4829839079681050751,17728,580,1,128,110,4960
128,gamma,20.0,678,8037689908228784855,12402,580,-1,68,128,3967
128,gamma,20.0,679,8731478615677450140,9391,643,-2,-33,128,2859
128,gamma,20.0,680,5076284519132083139,4712,382,2,-128,72,1572
128,gamma,20.0,681,7841860511289166476,7504,526,1,26,128,2622
128,gamma,20.0,682,3257637999363595219,29402,752,2,56,128,6624
128,gamma,20.0,683,7468875482808080632,14733,387,1,5,128,3572
128,gamma,20.0,684,773365750356920216,9942,446,1,128,60,3150
128,gamma,20.0,685,3945071868549673392,14560,672,3,-22,128,4074
128,gamma,20.0,686,6581594709399760955,9179,523,-1,9,128,2724
128,gamma,20.0,687,3746950276236298039,23811,871,1,128,-37,6272
128,gamma,20.0,688,493005337956881565,12294,384,0,128,30,3209
128,gamma,20.0,689,6509395446883668374,18383,503,-2,128,17,4643
128,gamma,20.0,690,539899611192985307,19212,902,0,38,128,5508
128,gamma,20.0,691,6724732890762234687,15449,569,0,128,103,3999
128,gamma,20.0,692,16088334245255100,9641,779,1,-128,87,2997
128,gamma,20.0,693,2627520937187925624,42150,612,-1,116,-128,10783
128,gamma,20.0,694,711865266411840310,27123,393,3,27,128,7222
128,gamma,20.0,695,3792789956968935638,23466,338,-1,-32,128,5478
128,gamma,20.0,696,7893419066896591034,8764,480,0,18,128,2489
128,gamma,20.0,697,6098304230078164081,28397,365,1,128,19,7419
128,gamma,20.0,698,2380666384426899004,11287,469,-1,128,25,3111
128,gamma,20.0,699,4386046952309179211,9129,521,-2,29,-128,2570
256,gamma,20.0,0,608985079152453743,27152,1170,1,118,256,7792
256,gamma,20.0,1,2971142416153607628,42827,929,0,59,256,9542
256,gamma,20.0,2,1260551871424681383,35907,1243,-3,256,-25,10381
256,gamma,20.0,3,8877072792247320102,37372,754,-2,256,22,8853
256,gamma,20.0,4,514460293125172175,19855,857,2,-65,256,5583
256,gamma,20.0,5,3942766581821685062,27046,978,3,-150,256,7033
256,gamma,20.0,6,2792854075681607213,34139,1449,-3,256,199,9310
256,gamma,20.0,7,6526483042533335920,18417,851,2,111,256,5226
256,gamma,20.0,8,8228720600272817364,24639,1243,1,61,256,7517
256,gamma,20.0,9,1968275461102845438,66371,741,-3,-1,256,13802
256,gamma,20.0,10,7606545483949208027,42824,1652,-2,256,244,11423
256,gamma,20.0,11,4234410687862587511,22961,1129,0,256,219,6524
256,gamma,20.0,12,3896019306715297021,27665,839,0,113,256,6965
256,gamma,20.0,13,6039959974468072367,72901,1441,-4,256,175,17037
256,gamma,20.0,14,8816595318506078769,33227,1429,-1,256,103,9978
256,gamma,20.0,15,1189760209554843963,86653,1889,-1,149,256,21077
256,gamma,20.0,16,4025274420422273761,46974,1156,3,166,256,12650
256,gamma,20.0,17,4686491729528331299,35335,711,-2,27,256,8178
256,gamma,20.0,18,781346800817596598,18674,1048,-4,256,226,5664
256,gamma,20.0,19,3093064289898114633,57004,1806,-1,256,48,14696
256,gamma,20.0,20,1833021087536060033,20137,773,-1,256,37,5803
256,gamma,20.0,21,935669836602651482,48424,1428,3,256,-6,13246
256,gamma,20.0,22,5990672397418629638,36559,1085,0,256,151,9837
256,gamma,20.0,23,467521997730161294,45308,1486,-1,222,256,11763
256,gamma,20.0,24,6349009035312420464,22093,785,1,97,256,5972
256,gamma,20.0,25,532698730752454786,110924,1748,2,128,256,20184
256,gamma,20.0,26,9077729592527989701,37707,747,1,256,-55,9660
256,gamma,20.0,27,5776550229660619716,19450,1180,-2,32,256,6141
256,gamma,20.0,28,8827014509774699371,21737,1293,-2,256,233,6804
256,gamma,20.0,29,3758517129818039943,53454,1236,1,256,18,13079
256,gamma,20.0,30,2806245600970542454,30779,1557,4,147,256,9398
256,gamma,20.0,31,4002201883190316672,33163,893,0,95,256,8543
256,gamma,20.0,32,5799492543839373284,27116,1270,1,256,-48,7802
256,gamma,20.0,33,3975316396662103790,23840,994,-1,256,72,6489
256,gamma,20.0,34,8542939636303004040,27295,1045,3,55,256,7560
256,gamma,20.0,35,31991696037958658,13242,958,1,256,92,4287
256,gamma,20.0,36,2608297058265656695,21139,633,-2,256,59,5661
256,gamma,20.0,37,4072503693288218468,29459,957,2,91,256,8126
256,gamma,20.0,38,7181194772748870681,31809,935,1,256,25,8732
256,gamma,20.0,39,7376746194779620773,43352,1216,0,256,164,11697
256,gamma,20.0,40,6816933645585366593,14718,1006,-3,256,66,4621
256,gamma,20.0,41,880697503119812745,49417,1295,2,256,119,11868
256,gamma,20.0,42,8108693894891081943,52347,1395,0,256,115,13050
256,gamma,20.0,43,7582372395486466186,46500,1106,1,52,256,11270
256,gamma,20.0,44,2472233606365041136,84939,1501,0,231,256,20142
256,gamma,20.0,45,1990411217098610969,38252,1204,2,-36,-256,9280
256,gamma,20.0,46,4305394579118210972,65183,1589,1,256,-39,15586
256,gamma,20.0,47,1821696305951995038,36754,782,-1,28,256,9002
256,gamma,20.0,48,7379202063253475939,134854,1374,3,118,256,28940
256,gamma,20.0,49,6058021277740123432,55664,1120,1,256,-88,14358
256,gamma,20.0,50,2564850444631260650,44309,979,-1,256,151,12135
256,gamma,20.0,51,4197238278983002958,91846,1520,2,222,256,19667
256,gamma,20.0,52,4931983919153884977,27358,1090,-2,256,174,7451
256,gamma,20.0,53,4053192399635763900,50309,1445,2,99,256,13808
256,gamma,20.0,54,4442473732278163123,32737,1269,1,256,129,8826
256,gamma,20.0,55,7869401684043718287,25382,1190,-1,256,102,7147
256,gamma,20.0,56,1860529408764229824,46037,865,-2,256,-15,11272
256,gamma,20.0,57,3005309961976314881,55893,1369,2,139,256,14275
256,gamma,20.0,58,6008673063288223269,40015,1079,-1,165,256,10341
256,gamma,20.0,59,5465131061031644943,29831,895,0,256,7,8241
256,gamma,20.0,60,8274180103901110601,34529,1069,2,-49,256,9658
256,gamma,20.0,61,2075016265169712668,62434,1628,-1,256,136,14808
256,gamma,20.0,62,5825602212003281576,58293,1295,0,256,145,14166
256,gamma,20.0,63,2925078563745796851,153336,940,1,256,-94,32200
256,gamma,20.0,64,2125198574087070814,15631,965,-3,256,51,4586
256,gamma,20.0,65,3860895542641967234,64135,1269,-1,63,256,14317
256,gamma,20.0,66,2301153694733140334,12308,800,-1,-14,256,4012
256,gamma,20.0,67,6738621179494974346,34334,1230,-3,256,122,10183
256,gamma,20.0,68,1120367633052458815,39421,1311,1,256,189,10599
256,gamma,20.0,69,6970567182966178440,54978,842,-3,256,134,13648
256,gamma,20.0,70,6929506223247722604,32199,1303,3,109,256,9070
256,gamma,20.0,71,6885595195865056371,28543,1373,2,256,-75,7981
256,gamma,20.0,72,4403311650530709707,32637,937,-1,93,256,8730
256,gamma,20.0,73,3238024954053393801,53975,1669,-2,-17,256,13355
256,gamma,20.0,74,2941341827701062042,19047,1367,2,-5,256,5743
256,gamma,20.0,75,7448949260285263664,62739,1235,2,256,147,15230
256,gamma,20.0,76,6459066868538670293,61869,1287,2,256,-99,13923
256,gamma,20.0,77,4638898962005152379,20168,976,0,256,116,5445
256,gamma,20.0,78,209516619779280054,48075,1499,2,165,256,13564
256,gamma,20.0,79,521364771425912481,21078,1252,-3,172,256,6441
256,gamma,20.0,80,4741869098045609587,62002,1804,-2,256,202,15317
256,gamma,20.0,81,3552299413839237171,42542,1224,0,256,-108,10990
256,gamma,20.0,82,927984299555804054,32019,1247,-1,171,256,8997
256,gamma,20.0,83,6491116520339369735,46297,1181,-1,-13,256,10175
256,gamma,20.0,84,7217389407674913709,11829,777,0,13,256,3721
256,gamma,20.0,85,4672416032192186181,104284,1006,0,256,-70,23420
256,gamma,20.0,86,2279608914323729880,52055,1065,3,155,256,12364
256,gamma,20.0,87,5943003653077930822,102838,1158,0,256,116,20580
256,gamma,20.0,88,4258642020416642079,52300,1210,0,256,180,12125
256,gamma,20.0,89,7445392213687632582,135350,1158,-3,256,90,30108
256,gamma,20.0,90,479206800132914289,32989,1315,0,173,256,8788
256,gamma,20.0,91,7360507886363895610,63337,1719,1,39,256,14712
256,gamma,20.0,92,4317690777951130313,40989,811,-1,256,67,11130
256,gamma,20.0,93,8490639610504941876,15029,1025,0,139,256,4843
256,gamma,20.0,94,2660365434993356949,77453,759,-1,15,256,19196
256,gamma,20.0,95,5743652042159055172,43810,1188,-2,-6,256,11427
256,gamma,20.0,96,3410342524066379022,33341,1215,-1,93,256,8913
256,gamma,20.0,97,8780340310674963082,45098,1514,0,256,12,11611
256,gamma,20.0,98,4838313614113714453,67310,1688,0,256,-130,17218
256,gamma,20.0,99,3354087614907284515,66571,1133,3,29,256,15563
256,gamma,20.0,100,5647174800829259302,108910,1534,2,230,256,24740
256,gamma,20.0,101,3431762402665510022,59616,1100,0,256,218,16079
256,gamma,20.0,102,3382328989208207684,51110,1248,0,256,-72,13312
256,gamma,20.0,103,7794539109167786090,11193,889,0,256,107,3734
256,gamma,20.0,104,7937878175372244810,37831,981,-2,79,256,8986
256,gamma,20.0,105,2641752571754864654,40510,1276,1,188,256,10577
256,gamma,20.0,106,4632984430960004919,98559,1825,-1,195,256,24477
256,gamma,20.0,107,7538352393632086529,34856,800,0,10,256,8502
256,gamma,20.0,108,3954597147841390063,27755,1335,-1,159,256,7424
256,gamma,20.0,109,6166025782119752920,44809,1535,3,256,145,11898
256,gamma,20.0,110,7353304572117064558,40078,1236,4,-38,-256,10045
256,gamma,20.0,111,726217643551235566,82056,1922,-1,-54,256,17970
256,gamma,20.0,112,537762179484077702,23132,1170,2,256,128,7341
256,gamma,20.0,113,514704576109071181,58818,924,1,46,256,12770
256,gamma,20.0,114,6376105461568259233,21108,848,-3,-16,256,6014
256,gamma,20.0,115,5595041855068163897,36318,1304,0,154,256,8969
256,gamma,20.0,116,6026675244746198923,38009,987,1,-17,256,9243
256,gamma,20.0,117,2637397090677186301,111877,1773,2,-5,256,27653
256,gamma,20.0,118,1409248660766436862,24711,1139,-3,256,195,6474
256,gamma,20.0,119,1901587739397628961,45114,1392,1,256,130,11445
256,gamma,20.0,120,1553712457938273346,53620,1196,0,-256,-208,11869
256,gamma,20.0,121,2167201327277787866,38893,1725,2,256,145,10394
256,gamma,20.0,122,3527144649956395080,83549,1171,0,131,256,19777
256,gamma,20.0,123,3502497198324067003,52067,1107,0,256,107,13308
256,gamma,20.0,124,5391604205445567454,30777,1337,1,256,-73,9230
256,gamma,20.0,125,745064582161555490,72604,970,-1,72,256,16596
256,gamma,20.0,126,2231064363734667703,105767,1581,-1,-91,256,23715
256,gamma,20.0,127,7451357587657781607,23921,1223,-1,256,253,7439
256,gamma,20.0,128,6491691798145834965,29012,834,0,114,256,7604
256,gamma,20.0,129,5171647037429274797,162542,1512,-1,256,168,32358
256,gamma,20.0,130,960353909768674493,58880,1152,-2,-72,256,14024
256,gamma,20.0,131,2811099409520299483,20468,1260,-1,256,88,5932
256,gamma,20.0,132,6070871158307601501,22870,750,0,256,-4,6584
256,gamma,20.0,133,7807581296341202583,40102,2020,-2,78,-256,11823
256,gamma,20.0,134,3947557895465045655,25327,1187,2,133,256,7106
256,gamma,20.0,135,6397686336603676028,30499,1003,-2,81,256,9023
256,gamma,20.0,136,2114231202714496391,17044,882,-2,256,-64,5631
256,gamma,20.0,137,6989394117830353854,34580,1054,-1,38,256,8619
256,gamma,20.0,138,3062773867232150689,50693,1145,-2,256,139,12702
256,gamma,20.0,139,8606129613474817439,33440,1140,0,82,256,8552
256,gamma,20.0,140,7155030948171310998,41582,1110,0,86,256,10201
256,gamma,20.0,141,2400350724527328574,13997,1027,3,-31,256,4714
256,gamma,20.0,142,3018716574188627141,68860,1086,0,50,256,17206
256,gamma,20.0,143,8928465658722268529,25444,1358,0,256,176,7139
256,gamma,20.0,144,8874650004639998780,36319,1283,1,225,256,8387
256,gamma,20.0,145,3027071868141151753,21274,788,-4,14,256,5231
256,gamma,20.0,146,4304597181992335239,36822,1236,0,256,230,9070
256,gamma,20.0,147,3189353729819117674,51202,888,-1,70,256,13079
256,gamma,20.0,148,5733002034821510485,35065,1221,2,256,73,8828
256,gamma,20.0,149,1658181158257395685,23942,1098,-2,34,256,6826
256,gamma,20.0,150,4570882984621639223,31248,1104,2,-84,256,8742
256,gamma,20.0,151,8372436529369148788,61372,1246,3,212,256,15766
256,gamma,20.0,152,7970471758930838790,35295,1283,1,256,67,9977
256,gamma,20.0,153,3075112527980548281,79353,1193,0,256,49,19462
256,gamma,20.0,154,1544118235234362832,79325,1673,3,-75,256,18673
256,gamma,20.0,155,1668137817254747711,27319,1161,-2,256,-11,6931
256,gamma,20.0,156,7010841218192272221,44302,866,-1,256,26,10477
256,gamma,20.0,157,6463464335915487648,45232,1604,6,-256,60,11284
256,gamma,20.0,158,190753128413353017,139002,2104,-1,136,256,30697
256,gamma,20.0,159,3783489626499141422,38721,1281,3,256,-39,10333
256,gamma,20.0,160,8021078775997416214,49982,1544,2,238,256,14164
256,gamma,20.0,161,1151920380394736460,22316,1386,3,190,256,6366
256,gamma,20.0,162,3739801728256222071,38356,914,1,256,164,10684
256,gamma,20.0,163,3877430663719562198,33518,956,0,256,-16,8788
256,gamma,20.0,164,2662782369064118975,19624,894,1,50,256,5188
256,gamma,20.0,165,3356815570213981538,24914,1032,1,162,256,7477
256,gamma,20.0,166,7960797420855006103,46131,1767,3,256,53,12173
256,gamma,20.0,167,1262815836398108222,108838,1530,4,256,4,23427
256,gamma,20.0,168,2751206242192487779,39097,1263,-1,239,-256,10234
256,gamma,20.0,169,7734810551490060279,57556,972,1,112,256,14413
256,gamma,20.0,170,3558429092773340384,49978,1078,0,-256,56,13407
256,gamma,20.0,171,5646939280057393071,22861,1231,-1,183,256,6578
256,gamma,20.0,172,4499891906254786533,23094,784,1,256,-56,6633
256,gamma,20.0,173,3384663192705387067,41393,917,-1,9,-256,8151
256,gamma,20.0,174,2868314017385109403,54459,1227,-2,256,-37,14535
256,gamma,20.0,175,966031358225029937,142682,1036,0,256,32,31409
256,gamma,20.0,176,7769347114136216199,25369,845,2,256,-41,6969
256,gamma,20.0,177,1169575445486595626,23224,1204,0,256,152,7008
256,gamma,20.0,178,1776738245751434377,17746,1018,0,46,256,5459
256,gamma,20.0,179,4244721623963557563,36049,833,1,97,256,8881
256,gamma,20.0,180,8423472975624031237,67952,1268,2,256,-4,15650
256,gamma,20.0,181,8341995235502530324,26753,1079,3,45,256,8288
256,gamma,20.0,182,7896345470815331458,30194,1372,2,256,174,8688
256,gamma,20.0,183,1310330358537371733,40702,932,1,158,256,10707
256,gamma,20.0,184,153632907638615899,39246,2114,-6,-84,256,11352
256,gamma,20.0,185,8279893556780770631,31181,939,1,-256,141,8809
256,gamma,20.0,186,4353816326872232790,52505,1759,0,256,241,14364
256,gamma,20.0,187,350870408981296345,30901,1471,2,163,256,8792
256,gamma,20.0,188,8723921533591855916,54702,1660,1,256,126,14094
256,gamma,20.0,189,643953085108506993,61768,892,-2,-12,256,16104
256,gamma,20.0,190,5459363365861607330,17109,1311,0,256,127,5306
256,gamma,20.0,191,4254446798503470596,50123,1125,2,209,256,12790
256,gamma,20.0,192,1130767904642496383,76840,1480,-3,256,94,19709
256,gamma,20.0,193,8690542608510536929,29453,1467,1,256,89,8823
256,gamma,20.0,194,8828905179739799404,19047,883,-3,256,93,5618
256,gamma,20.0,195,4360452295470737941,61254,1684,3,128,256,16520
256,gamma,20.0,196,6841370255224837508,75663,1515,-3,256,213,18464
256,gamma,20.0,197,3075615161071948951,30374,838,0,6,256,8373
256,gamma,20.0,198,4219677952704519639,75697,1545,0,256,115,20199
256,gamma,20.0,199,5508721631961901785,30940,1484,-1,256,148,9003
256,gamma,20.0,200,9092801096092100893,153366,1320,1,256,138,33294
256,gamma,20.0,201,1880602620116695667,38029,1069,-3,161,256,10104
256,gamma,20.0,202,7516003193702773590,26800,1600,-2,108,256,7902
256,gamma,20.0,203,8055137623940396038,24824,1092,0,256,130,7494
256,gamma,20.0,204,337687958577167010,56896,1330,-1,256,220,12852
256,gamma,20.0,205,979110194427682627,27799,1047,-2,256,-29,7911
256,gamma,20.0,206,8202046527433164825,16440,972,-2,-40,256,4821
256,gamma,20.0,207,8500438635643700004,48321,1191,1,239,256,13318
256,gamma,20.0,208,3641082850753090400,15893,993,1,256,7,5213
256,gamma,20.0,209,7225188474302086671,78283,1933,0,-129,256,19554
256,gamma,20.0,210,6092052301985267522,47180,1300,-3,96,256,12720
256,gamma,20.0,211,7327705643909160803,40275,1225,-2,-189,256,11510
256,gamma,20.0,212,7522118271862974186,70780,1414,2,186,256,17795
256,gamma,20.0,213,3358422027858544798,34744,1624,1,256,150,10400
256,gamma,20.0,214,6964093067925908630,60169,1223,-2,256,87,13776
256,gamma,20.0,215,2505720894169189500,105757,1539,-3,163,256,23805
256,gamma,20.0,216,251286301250031235,54312,1066,0,256,158,13794
256,gamma,20.0,217,6165293121269419833,59999,2179,0,256,-7,15097
256,gamma,20.0,218,2975779234496146874,37986,1154,-1,256,110,9334
256,gamma,20.0,219,3990652117063014181,36217,1013,0,256,141,9085
256,gamma,20.0,220,4729632444286073404,64863,1149,-2,-201,256,15984
256,gamma,20.0,221,2594017600275764130,105357,1011,-1,21,256,18406
256,gamma,20.0,222,9122649753621892048,41978,994,0,10,256,10128
256,gamma,20.0,223,64965511403766489,73178,1358,-4,256,34,16467
256,gamma,20.0,224,3881451419693773539,56684,890,0,2,256,13946
256,gamma,20.0,225,5757183249292396384,27413,1517,-3,141,256,7924
256,gamma,20.0,226,4801709750959610667,56521,1155,1,256,175,12200
256,gamma,20.0,227,1629371002450274113,38563,1369,1,85,256,10281
256,gamma,20.0,228,9178237381837817457,39063,883,-1,256,105,9249
256,gamma,20.0,229,2002682967270557831,41897,1461,-2,43,256,11396
256,gamma,20.0,230,3265563432404461868,20135,783,3,256,-33,5951
256,gamma,20.0,231,5277624494244077351,20008,1070,-2,-60,256,6207
256,gamma,20.0,232,7735364649542060453,101443,1155,0,157,256,24164
256,gamma,20.0,233,3777877474739427621,60250,1118,2,256,170,16752
256,gamma,20.0,234,7785129413447149073,62568,1036,-1,256,32,13262
256,gamma,20.0,235,3436790510722171152,122667,823,-3,53,256,29045
256,gamma,20.0,236,1643309563884875055,78325,2365,-1,21,256,21472
256,gamma,20.0,237,4421251611654739897,37863,1403,-4,256,15,10701
256,gamma,20.0,238,7566746869028438024,39820,1528,-3,256,-64,11083
256,gamma,20.0,239,8376343877647828612,123565,2591,2,256,-33,28665
256,gamma,20.0,240,2310434555221094699,27671,1059,-2,23,256,7510
256,gamma,20.0,241,3706013721109278397,31012,1020,1,256,208,8131
256,gamma,20.0,242,5144291437227416792,29557,1555,-1,256,-59,8582
256,gamma,20.0,243,2565205116163645219,71785,1033,1,-1,256,14404
256,gamma,20.0,244,949260986174639541,27194,972,-1,256,86,8196
256,gamma,20.0,245,245246202015073500,19671,1201,3,256,-145,6197
256,gamma,20.0,246,5430613378883819531,49388,1248,-1,256,104,10756
256,gamma,20.0,247,8101713970284873966,22130,896,0,256,28,5977
256,gamma,20.0,248,6467200244843081014,25168,1522,0,116,256,8100
256,gamma,20.0,249,255477452844090192,34258,1566,3,234,256,9624
256,gamma,20.0,250,544413471291603820,52065,1143,0,153,256,12392
256,gamma,20.0,251,1660739000998374779,103995,1043,-1,27,256,24928
256,gamma,20.0,252,7867036336229196172,249682,2004,-3,100,256,46949
256,gamma,20.0,253,1098876289298471945,32049,1363,0,256,151,8678
256,gamma,20.0,254,92969349286734204,19725,743,3,9,256,5294
256,gamma,20.0,255,6658243388601990806,55312,1462,4,256,38,13909
256,gamma,20.0,256,895586890630626056,91547,873,0,256,65,21323
256,gamma,20.0,257,377703573206789927,75379,1119,-1,115,256,19171
256,gamma,20.0,258,4287210038870504180,24688,1220,3,256,170,7231
256,gamma,20.0,259,5001224115539413106,23030,1354,-1,256,116,6974
256,gamma,20.0,260,1049730961682982304,57390,1078,2,256,-38,15074
256,gamma,20.0,261,5384936366027999437,15526,918,4,256,74,4939
256,gamma,20.0,262,349196024354203948,15070,1156,4,86,256,4581
256,gamma,20.0,263,6685113367207579137,49451,967,0,256,39,13478
256,gamma,20.0,264,558052844633244135,83695,1201,-1,41,256,19210
256,gamma,20.0,265,834551168967779074,43807,1451,3,256,121,12189
256,gamma,20.0,266,3703082292915428381,51284,724,0,256,-10,12582
256,gamma,20.0,267,7325054532746630150,18680,1276,0,256,10,6125
256,gamma,20.0,268,9058676003037101892,38136,896,0,256,42,8869
256,gamma,20.0,269,6421385158293202486,26089,1009,0,89,256,7539
256,gamma,20.0,270,1202363036046980089,66751,1175,-3,139,256,17055
256,gamma,20.0,271,4584516939582773026,84908,1450,6,58,256,19305
256,gamma,20.0,272,6618751279771154947,36716,1444,2,256,34,9653
256,gamma,20.0,273,1561658407742247033,25216,1494,-1,256,204,7774
256,gamma,20.0,274,3255632544307818383,41756,1696,-2,-66,256,11856
256,gamma,20.0,275,6947516866986957179,93423,1029,-1,256,95,17470
256,gamma,20.0,276,6269027331549823033,26365,1655,1,135,256,8154
256,gamma,20.0,277,6586499492015016810,30126,782,-1,256,-46,7141
256,gamma,20.0,278,6424525411560655225,14217,1173,1,256,215,4564
256,gamma,20.0,279,6386443886194413900,38414,1156,2,256,90,9716
256,gamma,20.0,280,626366877156009734,75557,1055,0,256,-61,17460
256,gamma,20.0,281,3871981933830247352,47634,1670,-1,228,256,11222
256,gamma,20.0,282,8247752473778900805,36742,1424,-1,256,132,10149
256,gamma,20.0,283,7266656165168883547,59201,1337,0,81,256,13649
256,gamma,20.0,284,7782486307709904984,43801,1273,2,163,256,11742
256,gamma,20.0,285,5654683398755538514,67270,2280,-2,256,32,17427
256,gamma,20.0,286,1119351295409459729,198366,2176,-2,126,256,42248
256,gamma,20.0,287,6272596594667942356,25136,946,-1,256,-34,6672
256,gamma,20.0,288,1803904459349039581,40043,1959,1,256,121,11386
256,gamma,20.0,289,3093344541054368895,31596,1094,-1,-26,256,8441
256,gamma,20.0,290,6163586821870847620,54051,1141,0,-167,256,10429
256,gamma,20.0,291,5193467193422272416,114914,1310,-1,256,138,26040
256,gamma,20.0,292,1629648222635380616,120477,1437,1,169,256,19817
256,gamma,20.0,293,806540188806328515,62996,2078,-2,256,-66,16540
256,gamma,20.0,294,5785425293826019885,122364,1020,0,256,158,24525
256,gamma,20.0,295,3157876364449722912,12543,673,1,-256,-5,3573
256,gamma,20.0,296,6837219036338536514,46305,1381,0,103,256,12133
256,gamma,20.0,297,6122483409320450489,23197,1055,3,-109,256,6643
256,gamma,20.0,298,5767911350081298685,84235,2533,-2,256,193,21539
256,gamma,20.0,299,578972455635841120,35164,944,0,256,208,9126
256,gamma,20.0,300,6052557075157839339,21602,1048,0,256,202,6682
256,gamma,20.0,301,7840264972880240142,71418,1446,-1,-256,98,18694
256,gamma,20.0,302,3039437940707674853,47585,967,0,256,-15,11496
256,gamma,20.0,303,6396360818211692168,31549,1227,2,256,-73,8995
256,gamma,20.0,304,545413818847005809,44821,1283,4,256,243,9632
256,gamma,20.0,305,2925820597295737723,22302,1458,-2,138,256,7450
256,gamma,20.0,306,8478283216394941622,19731,829,3,256,89,5854
256,gamma,20.0,307,1562982041492379920,19446,1132,-2,256,78,5813
256,gamma,20.0,308,408446074053277570,26796,1192,0,64,256,7528
256,gamma,20.0,309,2222562020971741942,78746,1920,-1,256,76,19193
256,gamma,20.0,310,6003578901265177849,8978,748,1,256,2,2921
256,gamma,20.0,311,7923024773973563663,87095,2007,0,256,115,22711
256,gamma,20.0,312,5242960222438223639,30490,964,3,-12,256,8004
256,gamma,20.0,313,4992711875414688836,34375,1707,1,256,-133,9396
256,gamma,20.0,314,4019463846127738069,56198,1088,-3,256,180,11825
256,gamma,20.0,315,7995201159869845227,82978,1768,-2,256,172,21490
256,gamma,20.0,316,5139944571664936153,37343,1083,-4,137,256,10128
256,gamma,20.0,317,7870206914837511096,80685,1465,-3,-43,256,19113
256,gamma,20.0,318,1190322664840614560,72753,1925,0,73,256,18083
256,gamma,20.0,319,6271113511533222127,65916,932,2,256,148,15360
256,gamma,20.0,320,7773100575426093410,46795,1589,2,256,3,12632
256,gamma,20.0,321,4900029194059818223,31960,1056,1,-4,256,8532
256,gamma,20.0,322,6422513588763079662,28909,901,-1,-7,256,7659
256,gamma,20.0,323,4663731178345422049,36285,1467,1,27,256,9400
256,gamma,20.0,324,3021002704877579409,107168,878,2,256,170,27143
256,gamma,20.0,325,1057938434809711344,34123,1355,1,256,33,9073
256,gamma,20.0,326,1206696512342454967,41171,1081,1,65,256,11638
256,gamma,20.0,327,3361805138967701319,61579,1215,0,256,217,14354
256,gamma,20.0,328,5992737024269798952,27967,833,1,31,256,7559
256,gamma,20.0,329,4060538397333017538,44392,786,2,256,76,10635
256,gamma,20.0,330,7365628094051430696,72759,1271,-4,97,256,16957
256,gamma,20.0,331,5284459144901376187,49914,1492,1,100,256,12139
256,gamma,20.0,332,7146198422672624003,27337,1283,0,256,101,8128
256,gamma,20.0,333,285479823994498304,43004,1142,1,256,114,12622
256,gamma,20.0,334,5657885168084153971,45954,1452,-2,256,-30,11171
256,gamma,20.0,335,8703578885643044298,24406,1266,0,-40,256,6810
256,gamma,20.0,336,7806609490172478048,51117,837,1,256,57,14936
256,gamma,20.0,337,2843610706477003839,34246,1456,-2,-256,104,9373
256,gamma,20.0,338,5974923425672501176,32714,1054,2,256,62,8678
256,gamma,20.0,339,5232623553552489999,45249,1409,3,256,199,12526
256,gamma,20.0,340,6987779190514855445,21132,978,4,140,256,6010
256,gamma,20.0,341,1471569467117525509,93998,1702,3,256,154,21641
256,gamma,20.0,342,4586248480807001452,13601,1079,-2,-256,103,4645
256,gamma,20.0,343,8006180434101394501,74033,1277,-3,-256,77,18342
256,gamma,20.0,344,4772346559691043194,61338,1310,-3,256,-42,13851
256,gamma,20.0,345,8665995571828177543,24828,1216,-1,256,156,7130
256,gamma,20.0,346,1173193186301521147,33401,1227,0,256,17,8983
256,gamma,20.0,347,8233689278508067123,50163,1897,0,256,1,13204
256,gamma,20.0,348,3496097824119352629,24439,1523,-1,19,256,7697
256,gamma,20.0,349,7454783624159122293,73608,2048,0,256,30,16522
256,gamma,20.0,350,4062878323039064577,107900,1150,1,256,20,23999
256,gamma,20.0,351,2366934695351217240,14230,746,-1,96,256,4535
256,gamma,20.0,352,3960613162326690761,11245,771,0,-79,256,3442
256,gamma,20.0,353,6922028889406868845,37152,1654,-1,256,112,11026
256,gamma,20.0,354,7484067828525039122,63251,1237,-1,256,9,13429
256,gamma,20.0,355,5295716410123553070,35987,1013,2,13,256,8326
256,gamma,20.0,356,3363698119781356429,18571,1155,1,256,107,5523
256,gamma,20.0,357,2231472766583519773,31496,932,0,136,256,8106
256,gamma,20.0,358,2451629456182990505,70428,866,-1,256,-12,15265
256,gamma,20.0,359,766996559943858006,63122,1194,1,256,68,13198
256,gamma,20.0,360,1733420574899840100,108613,1637,-3,65,256,23011
256,gamma,20.0,361,2834125193270666653,18041,1323,1,256,35,5652
256,gamma,20.0,362,5850605343993952018,20723,1043,-2,169,256,5983
256,gamma,20.0,363,7112299620771718358,83601,965,-2,256,85,17705
256,gamma,20.0,364,39639707073809049,32892,1160,-2,256,84,9155
256,gamma,20.0,365,6715783608056947603,66578,1446,3,140,256,17310
256,gamma,20.0,366,24183977581325117,31023,1141,1,155,256,7732
256,gamma,20.0,367,7064057205460018498,17766,840,0,256,100,5236
256,gamma,20.0,368,1176896801677286172,51595,1201,-2,-256,69,12583
256,gamma,20.0,369,1090532310294682329,31878,1092,-2,256,104,8136
256,gamma,20.0,370,9120252593382463358,51057,1025,1,181,256,12064
256,gamma,20.0,371,5420659784532783670,15177,1043,1,256,67,4897
256,gamma,20.0,372,3795305085717180848,17534,1084,3,256,80,4989
256,gamma,20.0,373,5120472168300662614,73974,892,1,40,-256,16009
256,gamma,20.0,374,2314127935134428910,37375,2041,3,141,256,11159
256,gamma,20.0,375,1096393261202668237,120783,2093,-4,256,107,27902
256,gamma,20.0,376,8841223547008310631,43176,1094,2,196,256,10828
256,gamma,20.0,377,3249099347267356616,22461,1137,1,256,-3,6487
256,gamma,20.0,378,4509248303902014473,54652,1240,1,144,256,15594
256,gamma,20.0,379,1238411493939558547,48172,936,-2,256,2,13158
256,gamma,20.0,380,1155149708757943905,142921,1919,1,247,256,31603
256,gamma,20.0,381,5411856001289655588,25428,1798,-1,256,100,7893
256,gamma,20.0,382,724836780666555991,39849,1307,0,256,201,10474
256,gamma,20.0,383,1310803127455170501,65214,1060,-2,-256,112,17951
256,gamma,20.0,384,4361620553786028000,35812,910,1,50,256,9614
256,gamma,20.0,385,6991012568830809552,30510,990,-2,256,60,7935
256,gamma,20.0,386,4191699673977323711,48490,1532,0,194,256,11874
256,gamma,20.0,387,4596765765166534829,73704,1374,-1,244,256,18132
256,gamma,20.0,388,4647968789025533333,39781,1369,-3,-61,256,11453
256,gamma,20.0,389,4607099374353246508,28075,1071,-2,256,45,7403
256,gamma,20.0,390,1101641350649039598,47282,1486,-1,32,256,13147
256,gamma,20.0,391,5812675187402119214,34540,1252,2,256,122,9563
256,gamma,20.0,392,2590640776915438789,16365,983,0,111,256,4935
256,gamma,20.0,393,3720942927603570814,16589,1081,1,139,256,5613
256,gamma,20.0,394,8434369599944502463,50168,1956,0,196,256,13404
256,gamma,20.0,395,4690544648849097231,53469,1339,3,256,129,13732
256,gamma,20.0,396,7798886115100724015,16388,744,1,44,256,4813
256,gamma,20.0,397,1043047353557454619,24047,877,4,69,256,6821
256,gamma,20.0,398,4499134925920063127,65457,2033,0,-125,256,17435
256,gamma,20.0,399,6739654641513747966,29822,1512,-3,256,94,8343
256,gamma,20.0,400,5988519794881876818,63288,1218,-1,256,-128,13815
256,gamma,20.0,401,3834131469207594355,20524,828,-1,-18,256,5546
256,gamma,20.0,402,6468078277934422880,56139,1233,-1,59,256,12805
256,gamma,20.0,403,1734837217818638843,39636,1124,-4,256,94,9684
256,gamma,20.0,404,810430774741587701,29701,957,1,189,256,8326
256,gamma,20.0,405,6629834591052631935,30839,1501,2,59,256,9044
256,gamma,20.0,406,4965219646822370343,29566,1076,-2,256,-6,7706
256,gamma,20.0,407,5767461757851568196,61940,1208,1,256,34,15894
256,gamma,20.0,408,9076063058316035167,18667,1283,1,41,-256,6093
256,gamma,20.0,409,3017029766862194895,31662,1282,0,68,256,8512
256,gamma,20.0,410,4827645384145016149,62428,1494,-2,256,78,14992
256,gamma,20.0,411,1933317777056945455,29933,1019,-2,-13,256,7933
256,gamma,20.0,412,7955584116617434382,13462,1088,-3,26,256,4684
256,gamma,20.0,413,6445513696467427290,96593,1235,-1,256,197,21999
256,gamma,20.0,414,2523860119799324854,84191,1543,-4,229,256,18199
256,gamma,20.0,415,5019818820470967924,34550,1356,0,-256,70,9100
256,gamma,20.0,416,8859239863232110296,40075,1405,2,83,256,11272
256,gamma,20.0,417,4144920641240360607,53641,1607,2,119,256,12435
256,gamma,20.0,418,1878326115534450773,28928,1132,0,28,256,8247
256,gamma,20.0,419,7603712980290184944,58014,1182,2,58,256,13368
256,gamma,20.0,420,5823838828436680776,81363,1149,1,256,89,19135
256,gamma,20.0,421,5328507214612758477,60865,809,-1,123,256,13120
256,gamma,20.0,422,6381446684073445347,237675,1727,4,-256,29,49146
256,gamma,20.0,423,1961367973425669854,170117,833,0,17,256,33126
256,gamma,20.0,424,2664722883899190441,34707,941,-1,256,71,8589
256,gamma,20.0,425,7785233906580918575,33037,803,0,77,256,7823
256,gamma,20.0,426,1654911041980250408,42196,1308,1,256,198,10808
256,gamma,20.0,427,7460297245300246820,91464,1512,1,48,256,20503
256,gamma,20.0,428,5454727316417687147,18348,1126,-5,80,256,5727
256,gamma,20.0,429,7797830670135144690,47728,1636,2,256,112,13002
256,gamma,20.0,430,2959008462760487817,50005,1273,3,27,256,12352
256,gamma,20.0,431,4044441532548512555,17279,909,0,85,256,5396
256,gamma,20.0,432,2784269689469762303,36380,1240,0,256,54,10068
256,gamma,20.0,433,7059720088702533270,47942,1306,-1,256,124,12466
256,gamma,20.0,434,1126573060906030848,145593,1045,-2,43,256,32999
256,gamma,20.0,435,8582030215790680651,43814,1458,-2,180,256,11691
256,gamma,20.0,436,8834577069503882981,20317,1429,3,256,-41,6651
256,gamma,20.0,437,8781401631290975190,37906,982,1,-8,256,10326
256,gamma,20.0,438,1181532442309277706,19963,719,-1,75,256,5876
256,gamma,20.0,439,7234059717089705654,40926,920,1,44,256,10446
256,gamma,20.0,440,7886487973538250982,38014,1390,0,150,256,10606
256,gamma,20.0,441,5798079694363339990,24160,1382,-2,128,256,6758
256,gamma,20.0,442,7543931880493662299,31035,1043,-1,1,256,8494
256,gamma,20.0,443,5240146653459061076,53136,1036,-1,-256,182,13811
256,gamma,20.0,444,311984077334966399,24489,915,-2,256,157,6817
256,gamma,20.0,445,3777165763424355231,100334,2066,-4,256,132,24402
256,gamma,20.0,446,4579793222415548679,76814,1208,-1,-132,256,17384
256,gamma,20.0,447,4444203779602812281,53309,1237,-2,256,99,12527
256,gamma,20.0,448,4688926133912442268,41612,1610,2,256,-104,10749
256,gamma,20.0,449,1372647560219373562,28932,1398,-1,90,256,7622
256,gamma,20.0,450,830093631028732404,26414,960,-1,-50,256,6825
256,gamma,20.0,451,643480802406745313,72259,1839,0,213,256,18653
256,gamma,20.0,452,4352279809458946660,35657,979,1,256,11,10011
256,gamma,20.0,453,5252003607514200345,31297,1315,-6,27,256,7952
256,gamma,20.0,454,2563855129574455416,37287,853,0,256,125,8942
256,gamma,20.0,455,6816084263170558656,61974,1026,-1,256,158,16631
256,gamma,20.0,456,4156912773849861834,48218,996,-1,256,178,11327
256,gamma,20.0,457,3954947208979308175,68377,1027,0,256,107,12843
256,gamma,20.0,458,56464695811054133,20274,828,-2,-98,256,5239
256,gamma,20.0,459,7484782792270409993,25727,999,-1,-53,256,6657
256,gamma,20.0,460,3256978066632993760,33096,1156,0,256,74,9077
256,gamma,20.0,461,2140539603980345966,26732,872,-1,256,150,7183
256,gamma,20.0,462,8718271259672819947,33078,772,3,14,256,9283
256,gamma,20.0,463,8124963036351439752,41352,1444,-3,-16,256,10693
256,gamma,20.0,464,6937695788100488079,80051,1273,4,129,256,18948
256,gamma,20.0,465,3731451617202045886,21581,1325,-3,151,256,6507
256,gamma,20.0,466,7777866363029430353,25418,1308,-3,-180,256,7473
256,gamma,20.0,467,5288922860373133811,39789,1193,1,256,185,10375
256,gamma,20.0,468,7301617483543283239,69603,1771,1,256,-61,17462
256,gamma,20.0,469,4802225223585592527,31053,1369,2,103,256,8426
256,gamma,20.0,470,8842673633736491345,66304,950,-3,256,14,14260
256,gamma,20.0,471,1697755113172407500,93613,1349,0,256,103,20980
256,gamma,20.0,472,3778167907973792459,87633,1557,-3,-149,256,21353
256,gamma,20.0,473,3954222831233464002,23653,1085,-3,55,256,6836
256,gamma,20.0,474,7216287803016085586,72024,2090,1,256,124,18256
256,gamma,20.0,475,9101837167186470007,17900,1070,0,256,16,5192
256,gamma,20.0,476,5478469772926956330,33453,1753,2,81,256,9154
256,gamma,20.0,477,1138158398659226415,32936,1122,-1,118,256,8557
256,gamma,20.0,478,848944166211344773,39779,1283,-3,71,256,10643
256,gamma,20.0,479,6884272420676935214,46428,1244,1,110,256,11456
256,gamma,20.0,480,6455050370731795169,45899,1731,-1,-17,-256,12537
256,gamma,20.0,481,621236472429367032,55612,1340,3,256,22,14670
256,gamma,20.0,482,1197072649445288261,37910,1108,0,204,256,10268
256,gamma,20.0,483,6219315778373313536,20163,749,-2,256,-7,5760
256,gamma,20.0,484,3850510920876547253,57424,1920,0,204,256,15434
256,gamma,20.0,485,3499425928741438931,80107,1441,0,256,213,18616
256,gamma,20.0,486,7418939876151376536,45664,950,0,256,120,11767
256,gamma,20.0,487,6827109401056063810,26876,642,0,256,44,6775
256,gamma,20.0,488,4534527918709062904,58095,993,0,89,256,14684
256,gamma,20.0,489,1674488936713229126,113476,1272,3,256,120,22788
256,gamma,20.0,490,3989420553954495559,25176,1386,-1,-256,166,6945
256,gamma,20.0,491,757680330960970017,17721,1329,0,141,256,5817
256,gamma,20.0,492,9023934450864208640,17653,863,2,3,256,5620
256,gamma,20.0,493,3144796498040328081,67659,1231,-1,256,129,15281
256,gamma,20.0,494,1563863015556198543,32944,1350,-3,-74,256,9128
256,gamma,20.0,495,1745402380696284876,34234,996,-2,256,-56,9664
256,gamma,20.0,496,7011706552754711513,28517,1165,-2,25,256,8146
256,gamma,20.0,497,7204311495531549382,116439,1727,3,217,256,24860
256,gamma,20.0,498,8216681939420022166,15746,1078,1,48,256,4974
256,gamma,20.0,499,8598575840944238680,16081,791,0,-27,256,4515
256,gamma,20.0,500,8699432132923651083,18923,1155,0,256,129,5471
256,gamma,20.0,501,5894644410596153957,87919,1679,-2,256,199,17683
256,gamma,20.0,502,1980756383281841064,24573,1191,3,256,159,6860
256,gamma,20.0,503,6294009081216604741,36211,1565,3,177,256,10962
256,gamma,20.0,504,4992333886348940029,29777,1845,1,256,59,9025
256,gamma,20.0,505,7547284158361361393,42870,1516,2,-88,256,10970
256,gamma,20.0,506,8066379200332642949,30512,1086,0,168,256,8572
256,gamma,20.0,507,6759872491850625274,51060,968,-2,256,82,12657
256,gamma,20.0,508,4832472471008129712,82325,1061,0,256,1,20864
256,gamma,20.0,509,999853167479711188,22616,876,1,256,70,5973
256,gamma,20.0,510,4211136022168219943,27055,1619,-4,175,256,7260
256,gamma,20.0,511,3704145762012226172,38278,1364,-1,256,156,10326
256,gamma,20.0,512,4618050733461345191,26848,1186,-2,256,180,7857
256,gamma,20.0,513,9171863550884184716,77040,860,-2,256,34,15215
256,gamma,20.0,514,4189775008818333710,30435,1003,1,256,1,8563
256,gamma,20.0,515,5053739463360102524,32138,1080,1,112,256,8781
256,gamma,20.0,516,8740100089761120670,39332,1360,-2,256,-148,10751
256,gamma,20.0,517,3510069867729725724,30081,1353,0,105,256,9017
256,gamma,20.0,518,2497255428661193080,95219,1325,3,256,-29,20826
256,gamma,20.0,519,3671416761213598677,27289,1105,-3,27,256,7230
256,gamma,20.0,520,1340025247391615928,55144,2144,-5,256,192,15553
256,gamma,20.0,521,7604260886532755871,44348,1150,0,256,192,9713
256,gamma,20.0,522,5460834865306172329,18061,861,-2,256,107,5214
256,gamma,20.0,523,767979229263550611,46082,1290,1,256,96,10589
256,gamma,20.0,524,2648308261910703887,50501,1007,3,256,183,11636
256,gamma,20.0,525,8923242346306415296,118198,1164,1,158,256,26644
256,gamma,20.0,526,8786215152367826856,65391,1809,-1,107,256,15300
256,gamma,20.0,527,612505638055638722,30045,647,0,27,256,7146
256,gamma,20.0,528,5158416840380560777,42441,1277,1,95,256,11404
256,gamma,20.0,529,1919950153675109753,26272,1012,-1,256,152,7207
256,gamma,20.0,530,896545601916096332,55460,1020,-3,256,124,14713
256,gamma,20.0,531,8415474614476997020,100424,1166,4,134,256,22942
256,gamma,20.0,532,262920157443352670,74022,1422,-1,256,4,20357
256,gamma,20.0,533,714808047915151893,54422,1614,-2,256,226,14191
256,gamma,20.0,534,8374708736594340426,111281,1579,1,71,256,25563
256,gamma,20.0,535,6501325443315528469,70213,2267,-2,256,237,17155
256,gamma,20.0,536,1187186756897870549,25187,1053,-1,256,23,7211
256,gamma,20.0,537,5629555447094132950,61248,790,1,256,92,12700
256,gamma,20.0,538,995815519748688958,15690,832,0,64,256,4521
256,gamma,20.0,539,7560055302152090883,55014,1270,0,-42,256,14194
256,gamma,20.0,540,3784551167102425892,45517,899,2,256,-117,11819
256,gamma,20.0,541,6843761337339900594,18490,804,-2,256,148,5131
256,gamma,20.0,542,4315053628045008771,50526,1564,-1,102,256,13017
256,gamma,20.0,543,2974548655751205086,29151,959,0,256,-45,7559
256,gamma,20.0,544,4110629526091953654,42872,1324,3,256,-88,9561
256,gamma,20.0,545,6107482778902035797,34932,860,0,4,256,8365
256,gamma,20.0,546,6901184096348247157,72543,1265,1,256,83,16936
256,gamma,20.0,547,4018438958078071959,28932,950,0,256,216,7510
256,gamma,20.0,548,3437493432812098919,24967,965,1,143,256,6740
256,gamma,20.0,549,1117633186257459486,30309,1075,-2,-77,256,7966
256,gamma,20.0,550,7378549557471062518,50148,956,0,90,256,11484
256,gamma,20.0,551,7137914519422673667,62164,1078,0,10,256,12276
256,gamma,20.0,552,7545311011212246427,35146,1440,-1,256,-180,9997
256,gamma,20.0,553,9073347455531019120,39743,749,-1,67,256,8973
256,gamma,20.0,554,9137444170344813254,58016,2218,1,16,256,16676
256,gamma,20.0,555,2861362305850326377,25217,893,1,77,256,7100
256,gamma,20.0,556,7832592354533166191,20975,921,-1,-256,-7,5004
256,gamma,20.0,557,804915633187000441,131026,976,2,96,256,28890
256,gamma,20.0,558,5596226406944897152,22016,1514,2,232,256,6879
256,gamma,20.0,559,1052299848555391687,44160,888,0,-48,256,10163
256,gamma,20.0,560,3521696766946773651,45892,1864,2,170,256,12079
256,gamma,20.0,561,5575567897884922696,40684,1262,2,256,118,11633
256,gamma,20.0,562,8122869846563456589,23414,816,1,-76,256,6069
256,gamma,20.0,563,5799505903875003288,91367,2269,4,256,-13,21194
256,gamma,20.0,564,4042299758066333610,49490,1348,-1,256,34,12620
256,gamma,20.0,565,3745478755829538361,52694,1642,0,160,256,13834
256,gamma,20.0,566,6225308784630782189,39058,1094,0,256,58,7921
256,gamma,20.0,567,2291630506995829291,27104,910,0,94,256,6939
256,gamma,20.0,568,2325980012384662124,36426,1102,0,-184,256,10156
256,gamma,20.0,569,151772723854642885,71404,972,0,-20,256,14998
256,gamma,20.0,570,226202959836333274,85697,1971,1,256,133,21916
256,gamma,20.0,571,5745792402534038556,116262,1642,2,166,256,27027
256,gamma,20.0,572,8714424845186981996,69141,931,0,256,1,15391
256,gamma,20.0,573,7106535899157503615,36390,1104,-3,256,32,10635
256,gamma,20.0,574,7255102663006516140,37828,1608,0,256,-186,10639
256,gamma,20.0,575,899194782207070573,60250,1838,-2,-48,256,14114
256,gamma,20.0,576,5389550827802604675,18597,999,3,256,59,5317
256,gamma,20.0,577,2889663554107627324,60821,1335,-2,256,195,14273
256,gamma,20.0,578,1832626976169592979,61680,928,-4,256,120,12270
256,gamma,20.0,579,8289315774660682268,54858,1480,-4,-110,-256,13357
256,gamma,20.0,580,1633942867600960057,32578,1496,-3,130,256,8833
256,gamma,20.0,581,7920012895622972798,25427,1321,-2,256,131,7098
256,gamma,20.0,582,1179620674837013801,90722,982,1,68,256,21359
256,gamma,20.0,583,2463651158653970478,41952,994,1,256,-22,9921
256,gamma,20.0,584,5235593172444406821,52292,1714,1,256,160,13772
256,gamma,20.0,585,7510042052459701066,26983,1459,-4,256,69,8379
256,gamma,20.0,586,6348864291073191134,22912,896,1,-44,256,6397
256,gamma,20.0,587,7483494601969426544,69769,1255,-1,75,256,17591
256,gamma,20.0,588,3162562167557954523,36136,780,-1,-44,256,8473
256,gamma,20.0,589,7768754269727363090,47766,1024,-2,256,10,10242
256,gamma,20.0,590,2686600041795128690,48747,1263,-1,179,256,13096
256,gamma,20.0,591,6648402215269521256,19601,1259,-3,11,256,5966
256,gamma,20.0,592,5988684411600788697,88541,1713,0,207,256,21884
256,gamma,20.0,593,5599589417395702238,36063,989,-1,256,23,9522
256,gamma,20.0,594,5177756353083559260,16783,937,-1,256,139,5170
256,gamma,20.0,595,3729856272496464605,24952,1058,2,256,-10,6821
256,gamma,20.0,596,1634170993309343823,56399,1117,3,127,256,14201
256,gamma,20.0,597,5043003553264358633,26921,1123,-4,41,256,7742
256,gamma,20.0,598,6363310584858980732,37305,1253,-4,256,69,10639
256,gamma,20.0,599,3113311233783965908,36506,1222,-1,256,226,10383
256,gamma,20.0,600,5338070741690432827,38380,1010,3,256,-162,9866
256,gamma,20.0,601,7504357800196143750,67788,888,-1,256,58,16458
256,gamma,20.0,602,7662849352510933209,28446,1716,1,256,198,8375
256,gamma,20.0,603,4111311957539231933,18830,874,0,256,70,5652
256,gamma,20.0,604,5864567009956515723,21407,1075,-1,256,57,5818
256,gamma,20.0,605,2015523092697042634,186393,2425,2,-95,256,42435
256,gamma,20.0,606,6701319301339031516,55420,2030,3,88,256,14439
256,gamma,20.0,607,156295261857943131,43266,986,2,52,256,11383
256,gamma,20.0,608,1506018319664688803,40903,931,0,256,-91,11295
256,gamma,20.0,609,8385766903736580465,26785,861,-3,256,71,7565
256,gamma,20.0,610,7236584447213056577,21335,1193,2,256,-25,6092
256,gamma,20.0,611,6107294578381844054,29470,1170,0,256,174,8409
256,gamma,20.0,612,3174797815743486750,54213,1887,0,221,256,14745
256,gamma,20.0,613,5536866744960524851,49153,1235,3,256,35,12537
256,gamma,20.0,614,9149060486515023276,16671,987,4,27,256,5103
256,gamma,20.0,615,4916221442276036591,128949,815,1,-29,256,24464
256,gamma,20.0,616,8388826089404204876,18880,1102,0,104,256,5734
256,gamma,20.0,617,9148766449884052380,40620,1540,0,256,154,11463
256,gamma,20.0,618,5217551617341240245,47734,1382,1,256,-24,12988
256,gamma,20.0,619,6708202946573178091,20112,1038,1,88,-256,5756
256,gamma,20.0,620,532288365383341463,42229,943,2,256,211,11113
256,gamma,20.0,621,9155169103502745229,81662,1160,1,42,256,16779
256,gamma,20.0,622,3796169021627958073,25097,971,1,117,256,7292
256,gamma,20.0,623,5698074065751858477,102553,1383,-1,-123,256,21733
256,gamma,20.0,624,3282287108870409272,31364,900,1,56,256,8179
256,gamma,20.0,625,5334432877127092061,37511,1427,-4,256,185,10677
256,gamma,20.0,626,4953161788551174890,28711,1337,-1,-65,256,8219
256,gamma,20.0,627,1554494443149250114,68178,1186,-2,30,256,16273
256,gamma,20.0,628,7936831991291972716,91737,915,-2,256,-3,18908
256,gamma,20.0,629,7266422153115261416,26565,1577,1,147,256,7540
256,gamma,20.0,630,8260475549235053582,28863,921,-1,-33,-256,7703
256,gamma,20.0,631,2051885671776014413,54766,1074,3,256,-20,12672
256,gamma,20.0,632,4787281164171638932,57815,1123,0,187,256,15969
256,gamma,20.0,633,7581253929102612654,75848,1124,-2,-140,256,17211
256,gamma,20.0,634,8719586894593990411,40593,883,-1,256,-39,10431
256,gamma,20.0,635,1618760425499206308,74195,1107,0,256,35,19563
256,gamma,20.0,636,6745191247118122008,38433,1181,1,31,256,9748
256,gamma,20.0,637,3916066610685904004,49760,1226,-1,256,182,12800
256,gamma,20.0,638,6002745598650518842,85434,1874,2,256,136,21359
256,gamma,20.0,639,1390212400860748428,27416,842,-2,84,256,7882
256,gamma,20.0,640,529263227244512507,44974,906,-1,78,256,10418
256,gamma,20.0,641,6026726647606251329,28000,1048,0,256,32,6989
256,gamma,20.0,642,6895525142732757890,124580,1478,-1,256,-214,29067
256,gamma,20.0,643,1518287457240682537,85495,1023,0,15,256,20816
256,gamma,20.0,644,4402775917569987648,52049,1147,-1,256,101,13895
256,gamma,20.0,645,7836110216972477445,122756,1242,1,256,88,26759
256,gamma,20.0,646,422069881987072815,32304,1032,-2,74,256,8837
256,gamma,20.0,647,1017135281366492676,45233,1267,1,-15,256,10139
256,gamma,20.0,648,4956110635798135862,92571,1187,3,107,256,20738
256,gamma,20.0,649,3775649667752393604,23409,1019,0,256,69,6125
256,gamma,20.0,650,2026096049265258805,68474,826,-4,256,46,18179
256,gamma,20.0,651,4305715445344281970,71705,997,2,-25,256,15917
256,gamma,20.0,652,5329205107005957814,39392,1228,0,-34,256,10968
256,gamma,20.0,653,3013416714651575784,32505,1325,-3,256,-39,9787
256,gamma,20.0,654,5025098675087569936,42643,1703,-3,256,-21,11363
256,gamma,20.0,655,4780348596027526887,61828,1322,1,-16,-256,14556
256,gamma,20.0,656,5034630534578885763,49537,1023,-1,256,41,12400
256,gamma,20.0,657,5099697764193435476,45056,990,0,94,256,11417
256,gamma,20.0,658,955739842263918344,55348,1430,0,256,118,14023
256,gamma,20.0,659,7873266030521391585,212414,3354,3,256,62,42705
256,gamma,20.0,660,6482518024972005055,70774,1542,3,256,174,16346
256,gamma,20.0,661,5832002166613641374,23998,938,-3,-118,256,6736
256,gamma,20.0,662,7782797916468142287,30393,1385,2,256,-45,8234
256,gamma,20.0,663,4710898383394321535,74520,1260,-3,0,256,15204
256,gamma,20.0,664,6848737242889611426,35212,1122,1,-120,256,8785
256,gamma,20.0,665,6819644349108322816,73334,1678,2,256,4,18902
256,gamma,20.0,666,3552719847576412405,35675,1097,1,256,-169,9786
256,gamma,20.0,667,6164110843714550592,45259,1525,-2,256,-15,12862
256,gamma,20.0,668,7851180402198803548,59366,1692,-3,256,-146,15905
256,gamma,20.0,669,3773616928691465093,29600,1346,0,210,256,8722
256,gamma,20.0,670,1067323514293177794,26357,899,-2,-11,256,6983
256,gamma,20.0,671,1551834693107838260,74262,1162,1,256,-116,15877
256,gamma,20.0,672,4050965083847940313,30878,1084,-2,166,256,7883
256,gamma,20.0,673,4019902045021767727,31177,843,-2,256,19,8711
256,gamma,20.0,674,7271177649275636779,49632,1510,1,-122,256,13579
256,gamma,20.0,675,6829342070310059222,14339,687,0,1,256,4086
256,gamma,20.0,676,8728011732496855231,36821,1377,-1,256,195,9187
256,gamma,20.0,677,8819044427105628525,60207,1395,5,256,115,14417
256,gamma,20.0,678,3013073222737053446,122668,1720,4,256,-116,26877
256,gamma,20.0,679,4043457905242941692,54360,1538,-3,82,-256,14940
256,gamma,20.0,680,8546759822057370589,72096,1404,-1,256,162,18821
256,gamma,20.0,681,1193616030077447,82924,1130,-2,256,42,19780
256,gamma,20.0,682,8374639965714682019,29263,1503,2,256,67,8271
256,gamma,20.0,683,3812424926574024636,25808,1462,-3,256,40,7798
256,gamma,20.0,684,1715335744106124251,167501,1389,-1,-256,169,31285
256,gamma,20.0,685,7710073517620661035,44811,913,1,109,256,10699
256,gamma,20.0,686,5760179106351861353,14257,843,1,7,256,4436
256,gamma,20.0,687,3944460398305629944,27909,1209,-1,-256,85,7379
256,gamma,20.0,688,4082627286710518969,63339,1651,5,163,256,15326
256,gamma,20.0,689,529235342661543899,65380,1324,0,88,256,15271
256,gamma,20.0,690,5112775996410082140,39219,1191,0,175,256,9775
256,gamma,20.0,691,8876050316678507328,22096,924,0,256,96,5829
256,gamma,20.0,692,3087332341932712336,42861,997,2,-5,256,10532
256,gamma,20.0,693,3500918818142774370,117144,1424,0,256,170,23575
256,gamma,20.0,694,4966121763870093237,32018,942,4,-24,256,7337
256,gamma,20.0,695,6902537857969720698,33682,992,-2,256,64,10115
256,gamma,20.0,696,1278470204429325369,26563,1265,2,159,256,7173
256,gamma,20.0,697,184594208175670526,40351,1375,1,113,256,10218
256,gamma,20.0,698,1142135862415148801,51999,1529,-2,201,256,13375
256,gamma,20.0,699,1694891461436187983,17096,1050,1,34,256,5586
