L,model,k,sample_index,seed,raw_steps,lerw_steps,winding,hit_x,hit_y,environment_sites
16,gamma,0.5,0,9212450943532394367,65,21,0,-1,16,33
16,gamma,0.5,1,5718665649141440231,173,27,0,9,16,81
16,gamma,0.5,2,3589797352041555160,61,29,1,3,-16,39
16,gamma,0.5,3,6122247456715113241,89,39,-2,16,7,57
16,gamma,0.5,4,6219721248900668935,54,28,0,0,16,33
16,gamma,0.5,5,2383356707062948433,156,44,1,14,16,72
16,gamma,0.5,6,1052854112802419555,130,38,-1,10,16,62
16,gamma,0.5,7,6542176401308855981,85,35,0,16,13,55
16,gamma,0.5,8,1550105807745768898,197,31,0,-5,16,68
16,gamma,0.5,9,7823927753637293502,91,35,1,5,16,50
16,gamma,0.5,10,8890451588894293868,117,27,0,7,16,49
16,gamma,0.5,11,1452344902973529590,99,37,1,13,16,52
16,gamma,0.5,12,5983370170176509564,79,37,1,7,16,48
16,gamma,0.5,13,4340277623946039835,94,26,-1,16,2,44
16,gamma,0.5,14,5679819704139700536,70,32,0,16,8,43
16,gamma,0.5,15,2144115418399304566,189,57,-1,16,9,85
16,gamma,0.5,16,2956625497561125201,274,46,-1,2,16,103
16,gamma,0.5,17,3911844952651550021,98,26,0,16,2,46
16,gamma,0.5,18,864795404472528201,85,27,-1,5,16,50
16,gamma,0.5,19,7980630371339238847,129,47,-1,7,16,81
16,gamma,0.5,20,3791787897869725233,36,26,0,-2,16,30
16,gamma,0.5,21,5022180443745670057,137,27,0,16,-7,63
16,gamma,0.5,22,7607519663865005223,209,53,-3,16,-5,81
16,gamma,0.5,23,1173823539031691648,392,60,1,14,16,138
16,gamma,0.5,24,3157285208187509115,155,33,0,-5,16,69
16,gamma,0.5,25,1273005185584931637,102,32,2,0,16,46
16,gamma,0.5,26,3475434116231227548,84,30,1,4,16,48
16,gamma,0.5,27,6786191521322590655,124,34,0,12,16,61
16,gamma,0.5,28,1668866164768589200,462,80,3,16,14,162
16,gamma,0.5,29,8219042571260573560,46,28,0,16,6,34
16,gamma,0.5,30,2649423277774422966,125,37,-3,16,13,68
16,gamma,0.5,31,2744150638716419959,103,45,0,13,16,57
16,gamma,0.5,32,3346018130343709297,253,37,0,16,-3,80
16,gamma,0.5,33,521674969273863074,46,26,0,6,16,31
16,gamma,0.5,34,2694222045045220859,121,41,0,16,5,62
16,gamma,0.5,35,5616370087096198559,85,31,0,16,11,47
16,gamma,0.5,36,6976451295472779367,117,25,0,5,16,64
16,gamma,0.5,37,7952206786492479198,150,44,0,16,8,62
16,gamma,0.5,38,2679495222410355161,202,40,0,6,16,81
16,gamma,0.5,39,3243867526379477326,134,26,0,8,16,50
16,gamma,0.5,40,3262170174052822968,88,32,1,8,16,43
16,gamma,0.5,41,5855345607842935039,47,25,0,-5,16,32
16,gamma,0.5,42,1627856788498064025,70,32,1,16,6,39
16,gamma,0.5,43,474454901684619698,142,40,0,16,10,77
16,gamma,0.5,44,1306784274200810098,97,39,0,16,15,57
16,gamma,0.5,45,4970817332878486445,163,41,0,15,16,71
16,gamma,0.5,46,8523836192422455006,261,53,-1,16,7,113
16,gamma,0.5,47,346078087204356735,103,35,0,9,16,52
16,gamma,0.5,48,4716228449234441510,60,26,1,16,0,31
16,gamma,0.5,49,7426489204371437300,150,32,-1,-6,16,69
16,gamma,0.5,50,8576990743287555353,90,38,-1,2,16,48
16,gamma,0.5,51,2128939793141869122,96,38,0,4,16,49
16,gamma,0.5,52,3451063458831547407,105,35,0,-7,16,60
16,gamma,0.5,53,4958368847681995482,70,32,0,16,8,45
16,gamma,0.5,54,8963068945305708989,140,42,0,16,10,65
16,gamma,0.5,55,2344931920030214687,157,49,-1,-9,16,72
16,gamma,0.5,56,7738136773002311076,53,25,0,1,16,36
16,gamma,0.5,57,6401485736666813726,73,35,0,9,16,46
16,gamma,0.5,58,1690247491926129917,107,33,-1,3,16,62
16,gamma,0.5,59,5143776653220585364,146,40,-3,16,2,68
16,gamma,0.5,60,5748891767129686239,85,21,0,3,16,39
16,gamma,0.5,61,3403098683291289107,60,36,1,8,16,41
16,gamma,0.5,62,4760491195772658334,74,38,-1,0,16,46
16,gamma,0.5,63,6418563292610092609,158,24,0,-2,16,55
16,gamma,0.5,64,7717112839620273071,130,26,0,0,16,49
16,gamma,0.5,65,528496414403464170,72,28,0,8,16,43
16,gamma,0.5,66,9073719396185890413,105,29,-1,-5,16,50
16,gamma,0.5,67,2289785261576860166,70,32,1,8,16,44
16,gamma,0.5,68,2702231169538733056,185,35,2,16,11,69
16,gamma,0.5,69,6246987754495731335,130,34,0,16,6,67
16,gamma,0.5,70,3656005995451878075,193,45,-2,9,16,84
16,gamma,0.5,71,2491224617907338679,269,29,0,16,5,78
16,gamma,0.5,72,8567843356966779448,304,58,4,4,16,114
16,gamma,0.5,73,3846506962088429246,140,38,-2,16,2,57
16,gamma,0.5,74,6757258355398482775,110,38,2,8,16,46
16,gamma,0.5,75,1186390009467480994,104,32,-1,16,2,48
16,gamma,0.5,76,6206425329981924828,135,35,-1,5,16,65
16,gamma,0.5,77,8117600408816509894,226,60,0,16,12,104
16,gamma,0.5,78,8064793802455234867,29,23,0,16,3,25
16,gamma,0.5,79,9139548157718739768,46,24,0,16,2,31
16,gamma,0.5,80,9080713988719802426,124,36,-1,6,16,54
16,gamma,0.5,81,2862807266997689922,245,35,1,16,-1,66
16,gamma,0.5,82,1891783657707013896,113,35,1,11,16,70
16,gamma,0.5,83,8837414100312937467,243,45,0,16,11,89
16,gamma,0.5,84,1950832611056560163,128,46,1,16,-4,69
16,gamma,0.5,85,4806529488606365508,175,29,1,11,16,74
16,gamma,0.5,86,5415881344442477092,187,33,-1,16,7,52
16,gamma,0.5,87,7030206204550377559,165,47,-1,3,16,77
16,gamma,0.5,88,660688166729619101,141,27,-2,16,7,62
16,gamma,0.5,89,1815253411552463693,250,54,3,12,16,111
16,gamma,0.5,90,1678699740273248727,146,36,0,6,16,61
16,gamma,0.5,91,6046290180064364386,251,75,-2,16,9,118
16,gamma,0.5,92,5356002747537860846,53,29,1,-5,16,37
16,gamma,0.5,93,3147328990150065924,143,27,1,3,16,57
16,gamma,0.5,94,1496334739570253515,153,27,-1,1,16,69
16,gamma,0.5,95,5040995100436228450,100,34,1,8,16,44
16,gamma,0.5,96,8125069362517627361,148,28,1,4,16,59
16,gamma,0.5,97,3703106109271067607,186,60,3,12,16,87
16,gamma,0.5,98,6350188614945762031,75,33,0,-3,16,52
16,gamma,0.5,99,5513461524030421916,120,42,-1,16,8,64
16,gamma,0.5,100,3304133350959127600,325,55,0,16,11,99
16,gamma,0.5,101,3432722165949931001,119,49,1,16,-3,65
16,gamma,0.5,102,1420487175549092013,78,30,0,16,6,47
16,gamma,0.5,103,2838663571213333627,164,44,3,6,16,75
16,gamma,0.5,104,2525844566117940461,217,29,2,16,-5,90
16,gamma,0.5,105,3183284321167769493,392,52,2,12,16,162
16,gamma,0.5,106,6853916853242121208,333,55,3,11,16,112
16,gamma,0.5,107,8854798937084044448,89,39,-3,16,11,48
16,gamma,0.5,108,2780208477816954949,107,33,0,16,5,49
16,gamma,0.5,109,5464904546406217192,77,29,0,16,7,41
16,gamma,0.5,110,2522084395029530445,98,28,0,16,-4,45
16,gamma,0.5,111,6979342646233771969,140,32,1,16,0,70
16,gamma,0.5,112,674898262311164893,159,41,0,5,16,63
16,gamma,0.5,113,1390166499183328544,112,34,0,6,16,47
16,gamma,0.5,114,7626385616376887805,227,39,-1,3,16,90
16,gamma,0.5,115,4818712818029235938,92,32,1,6,16,49
16,gamma,0.5,116,7501771134508266738,71,23,0,7,16,39
16,gamma,0.5,117,7436641985186091377,73,39,-1,16,13,44
16,gamma,0.5,118,6092623337788721940,156,32,0,16,-8,66
16,gamma,0.5,119,1735177970920685357,106,34,-2,16,10,53
16,gamma,0.5,120,6059692444667385451,109,39,0,13,16,77
16,gamma,0.5,121,7911802457024910386,99,37,-3,16,11,56
16,gamma,0.5,122,4965987679140744209,107,39,-1,13,16,57
16,gamma,0.5,123,3051656430814404952,243,37,0,16,7,96
16,gamma,0.5,124,3450360255435143716,107,33,-1,16,9,58
16,gamma,0.5,125,6070391733939597313,239,35,1,7,16,82
16,gamma,0.5,126,6130362632246532812,123,31,-1,16,11,64
16,gamma,0.5,127,2191173255827827951,202,28,0,16,2,84
16,gamma,0.5,128,4702313603079703045,176,62,1,12,16,94
16,gamma,0.5,129,6483986270540550947,128,34,0,8,16,65
16,gamma,0.5,130,5933568137506679376,139,43,0,3,16,60
16,gamma,0.5,131,3566553192428897914,66,30,-1,16,8,38
16,gamma,0.5,132,6981763782914152299,206,30,1,8,16,83
16,gamma,0.5,133,1745792766299138846,151,43,1,5,16,68
16,gamma,0.5,134,3190800948271304789,86,34,1,14,16,51
16,gamma,0.5,135,7884603763241846761,56,22,0,16,4,33
16,gamma,0.5,136,1699738707327375856,145,43,-1,3,16,75
16,gamma,0.5,137,6433815791424576676,129,49,0,15,16,75
16,gamma,0.5,138,3548890742149263014,289,57,0,16,5,109
16,gamma,0.5,139,9069120961040497936,116,28,0,4,16,56
16,gamma,0.5,140,3826981311153242692,68,30,-2,16,10,40
16,gamma,0.5,141,2430668723239683942,75,43,0,16,11,52
16,gamma,0.5,142,3745985510393609551,157,43,1,16,5,79
16,gamma,0.5,143,2272000815059501909,94,34,1,16,6,55
16,gamma,0.5,144,1245865142235718390,349,87,0,13,16,130
16,gamma,0.5,145,5727612795380188287,201,41,2,16,11,72
16,gamma,0.5,146,4024909437735971465,62,34,0,16,10,41
16,gamma,0.5,147,8055038378248728134,126,32,1,16,2,59
16,gamma,0.5,148,2815219090902387927,213,51,1,9,16,83
16,gamma,0.5,149,994553906481481997,130,32,-1,16,6,64
16,gamma,0.5,150,7389411194347788468,181,33,0,11,16,79
16,gamma,0.5,151,8781598345813379319,180,46,1,10,16,88
16,gamma,0.5,152,950006041281426259,97,43,1,11,16,55
16,gamma,0.5,153,878550547976877395,251,33,-1,16,11,100
16,gamma,0.5,154,8312453443780738851,204,30,2,2,16,86
16,gamma,0.5,155,8871615517797470759,84,46,-1,6,16,55
16,gamma,0.5,156,9078453239281162924,57,27,1,16,1,34
16,gamma,0.5,157,2139238672442010644,116,32,0,10,16,44
16,gamma,0.5,158,4859172307133351648,184,58,-3,16,8,107
16,gamma,0.5,159,5372803943357024767,119,37,0,9,16,50
16,gamma,0.5,160,4777409305403519110,121,23,1,16,1,52
16,gamma,0.5,161,3771165572746183459,101,43,-2,16,15,63
16,gamma,0.5,162,4462918474763704768,99,33,0,16,-7,46
16,gamma,0.5,163,6462847927216473961,129,21,0,3,16,50
16,gamma,0.5,164,8874985001852414534,45,31,1,13,16,35
16,gamma,0.5,165,2816160122668300563,98,38,0,4,16,53
16,gamma,0.5,166,2256819856523731983,108,32,1,10,16,59
16,gamma,0.5,167,8304722233967438253,154,60,3,16,8,91
16,gamma,0.5,168,7740495237223070882,109,31,-1,-3,16,47
16,gamma,0.5,169,3627076637909160247,270,48,2,16,4,99
16,gamma,0.5,170,8759835626142769430,252,38,-1,0,16,104
16,gamma,0.5,171,667080768962436189,109,43,-2,13,-16,57
16,gamma,0.5,172,2443526811841068142,81,25,0,3,16,35
16,gamma,0.5,173,1869962334307755833,115,29,0,7,16,61
16,gamma,0.5,174,2321103423522422139,95,37,0,13,16,51
16,gamma,0.5,175,6742750696083665165,153,37,0,-1,16,76
16,gamma,0.5,176,7676980542331446740,133,39,1,13,16,70
16,gamma,0.5,177,6697716979686984484,114,36,0,0,16,53
16,gamma,0.5,178,3278118466723569956,82,28,0,16,4,43
16,gamma,0.5,179,961676809089943018,123,47,-4,16,15,76
16,gamma,0.5,180,8106384288050100803,96,40,0,16,10,52
16,gamma,0.5,181,4179658960764476663,128,38,0,4,16,70
16,gamma,0.5,182,1202564862459382768,204,24,0,4,16,70
16,gamma,0.5,183,6794119743146778163,157,57,3,15,16,84
16,gamma,0.5,184,9152927832233247393,91,33,0,11,16,48
16,gamma,0.5,185,7479290733983217005,324,48,2,14,16,135
16,gamma,0.5,186,850070498954261530,315,77,3,-1,16,125
16,gamma,0.5,187,1654166056162658275,79,27,0,16,9,47
16,gamma,0.5,188,1757549433603778346,120,22,0,16,6,64
16,gamma,0.5,189,56818960194623117,258,54,0,12,16,94
16,gamma,0.5,190,5895029861592732326,76,34,1,16,2,46
16,gamma,0.5,191,7237841537543216887,202,40,0,12,16,73
16,gamma,0.5,192,2013112599793095908,57,33,1,5,16,41
16,gamma,0.5,193,800826308506256736,94,28,1,6,16,44
16,gamma,0.5,194,4628036828566015045,175,31,0,16,-1,67
16,gamma,0.5,195,8960612968174595054,155,31,-1,5,16,58
16,gamma,0.5,196,9146306760496061585,144,34,-1,16,10,60
16,gamma,0.5,197,1877917492182014093,113,37,0,11,16,55
16,gamma,0.5,198,7503122045539849933,157,27,0,16,9,67
16,gamma,0.5,199,8473222283333992840,182,36,1,16,-2,65
16,gamma,0.5,200,5221240180794599167,110,34,0,16,2,55
16,gamma,0.5,201,9064038383184207388,124,38,-3,16,12,66
16,gamma,0.5,202,8623375404511372688,92,44,1,10,16,57
16,gamma,0.5,203,8981287791124547144,99,33,-1,16,7,57
16,gamma,0.5,204,4425411839477809004,153,43,0,-9,16,65
16,gamma,0.5,205,3324178333487784988,161,37,1,16,13,61
16,gamma,0.5,206,6780723039727945097,95,31,1,5,16,50
16,gamma,0.5,207,4479445521613233148,127,37,0,16,9,54
16,gamma,0.5,208,4454202014701342253,142,46,-4,16,10,64
16,gamma,0.5,209,3740647435811322380,64,20,0,16,2,31
16,gamma,0.5,210,7644513193122038744,95,33,0,16,7,45
16,gamma,0.5,211,2455869375249215672,181,49,-1,13,16,92
16,gamma,0.5,212,8798196560042015933,149,53,1,11,16,77
16,gamma,0.5,213,6096793616442339177,88,36,2,12,16,56
16,gamma,0.5,214,8798755427144583467,161,41,1,13,16,72
16,gamma,0.5,215,929884852866746776,64,42,-1,10,16,49
16,gamma,0.5,216,2633670319783141741,168,42,1,10,16,71
16,gamma,0.5,217,4122392922725189262,49,31,1,16,7,37
16,gamma,0.5,218,5748091409172934983,135,35,0,11,16,56
16,gamma,0.5,219,2833072910681900925,81,25,0,9,16,41
16,gamma,0.5,220,2884717985430129511,102,38,0,14,16,61
16,gamma,0.5,221,4182937038879159007,86,30,1,6,16,45
16,gamma,0.5,222,6731841127304211647,117,49,1,16,9,60
16,gamma,0.5,223,4412225781666150393,87,29,0,-5,16,45
16,gamma,0.5,224,1806470138665744631,102,40,0,16,14,59
16,gamma,0.5,225,324185825999999419,128,40,0,12,16,73
16,gamma,0.5,226,9154864350147516074,142,58,0,12,16,81
16,gamma,0.5,227,1371507262504785226,72,28,1,8,16,43
16,gamma,0.5,228,2706935425202084767,93,33,2,5,16,54
16,gamma,0.5,229,1887826731862188379,143,33,1,5,16,68
16,gamma,0.5,230,4323034946816388517,95,47,-1,16,11,57
16,gamma,0.5,231,6183220790286541463,82,34,1,16,6,45
16,gamma,0.5,232,5363949444097365006,148,28,-1,16,10,59
16,gamma,0.5,233,5852024149162797785,231,49,0,16,13,93
16,gamma,0.5,234,4951288605012326745,92,38,1,10,16,51
16,gamma,0.5,235,6057244338517851114,65,37,1,16,9,45
16,gamma,0.5,236,6663340334521627976,64,32,1,6,16,39
16,gamma,0.5,237,4491079829814314913,80,28,0,16,4,43
16,gamma,0.5,238,1697773615728215877,87,53,1,11,16,61
16,gamma,0.5,239,2845983689737538563,67,25,0,7,16,36
16,gamma,0.5,240,3380946063578887187,60,28,1,10,16,40
16,gamma,0.5,241,6854460346968881110,199,31,1,16,1,79
16,gamma,0.5,242,930334465460410295,200,56,1,16,14,88
16,gamma,0.5,243,4117410389960630156,168,60,2,12,16,90
16,gamma,0.5,244,3661289327136921519,73,35,-1,16,11,48
16,gamma,0.5,245,4316240853053825867,88,40,0,16,14,54
16,gamma,0.5,246,5984640183921874433,71,37,-1,16,7,45
16,gamma,0.5,247,2541404466384086045,99,33,1,5,16,49
16,gamma,0.5,248,5897393655507991996,67,23,0,16,1,36
16,gamma,0.5,249,1158857537948183874,89,39,1,11,16,53
16,gamma,0.5,250,2015421546285307389,150,28,0,16,10,64
16,gamma,0.5,251,263496044277804525,133,37,0,16,3,56
16,gamma,0.5,252,3007774560287876581,47,21,0,-1,16,32
16,gamma,0.5,253,7846364597259645759,137,51,0,11,16,69
16,gamma,0.5,254,3454573449347240035,180,44,-1,6,16,76
16,gamma,0.5,255,1316337715518340924,150,44,-1,8,16,66
16,gamma,0.5,256,8223503697428814399,84,24,2,16,2,39
16,gamma,0.5,257,677455097212504120,163,47,1,7,16,81
16,gamma,0.5,258,9200006247514300519,96,32,1,14,16,45
16,gamma,0.5,259,1065208551319434342,91,35,-1,5,16,59
16,gamma,0.5,260,3043020646156026359,77,23,0,5,16,39
16,gamma,0.5,261,7171158468787667603,128,40,0,10,16,68
16,gamma,0.5,262,5359909021019409809,75,33,1,16,5,45
16,gamma,0.5,263,2575958927525442769,126,42,1,16,12,62
16,gamma,0.5,264,3319718096388255330,139,25,0,5,16,55
16,gamma,0.5,265,6191779781789830,136,36,-2,16,6,63
16,gamma,0.5,266,4648900149088583940,80,44,1,4,16,55
16,gamma,0.5,267,4231169229985190380,163,59,1,9,16,82
16,gamma,0.5,268,5482674062236842601,54,24,0,2,16,31
16,gamma,0.5,269,8276896242209330894,56,30,0,0,16,37
16,gamma,0.5,270,381966244748750545,97,31,1,3,16,47
16,gamma,0.5,271,4114592709824041410,231,45,0,9,16,103
16,gamma,0.5,272,4087037714144291705,114,30,0,10,16,57
16,gamma,0.5,273,8890577523331618720,91,31,0,16,-5,41
16,gamma,0.5,274,3954384022657950085,69,29,-1,1,16,42
16,gamma,0.5,275,8943766151368818538,85,41,2,11,16,56
16,gamma,0.5,276,3405316211591145597,85,41,0,11,16,53
16,gamma,0.5,277,1288824736481067182,347,45,-1,16,7,111
16,gamma,0.5,278,2351701131403474642,128,44,0,16,6,72
16,gamma,0.5,279,6924840457998655809,191,29,2,16,-7,78
16,gamma,0.5,280,8776671276733810869,60,34,-1,2,16,43
16,gamma,0.5,281,1487598195900143909,74,42,1,14,16,47
16,gamma,0.5,282,1550271131613834537,87,37,0,11,16,46
16,gamma,0.5,283,5878602884976782585,129,39,0,7,16,61
16,gamma,0.5,284,2267161661522343395,241,43,0,9,16,73
16,gamma,0.5,285,3576163241755685328,112,32,0,16,4,58
16,gamma,0.5,286,3865306028056212842,100,30,0,8,16,49
16,gamma,0.5,287,1081768998177921562,186,40,2,16,12,86
16,gamma,0.5,288,5896326631633359182,74,36,1,14,16,48
16,gamma,0.5,289,8960290704694185428,72,26,1,8,16,39
16,gamma,0.5,290,6649188811793103505,80,40,1,16,2,50
16,gamma,0.5,291,402956991278201913,162,34,1,14,16,78
16,gamma,0.5,292,7467199566034880887,157,23,1,3,16,43
16,gamma,0.5,293,8383229233008953843,91,55,-1,16,15,65
16,gamma,0.5,294,1580380299210797807,78,26,0,16,6,46
16,gamma,0.5,295,2392138364219940551,51,33,-1,16,15,39
16,gamma,0.5,296,6151185345453381879,65,33,-1,16,3,44
16,gamma,0.5,297,2620370804947426639,211,53,1,15,16,91
16,gamma,0.5,298,8841452726390569602,113,35,0,1,16,55
16,gamma,0.5,299,1975097503158581635,235,33,0,16,7,79
16,gamma,0.5,300,1018061794723386419,80,32,-1,6,16,50
16,gamma,0.5,301,8795064072734641946,261,55,-1,16,7,103
16,gamma,0.5,302,1175440261849427272,96,26,2,6,16,45
16,gamma,0.5,303,619761058089365643,129,31,-1,16,13,56
16,gamma,0.5,304,4378836225836594658,183,45,0,15,16,89
16,gamma,0.5,305,6915483638496516193,89,21,0,16,-1,41
16,gamma,0.5,306,1114607661648783811,428,64,0,6,16,150
16,gamma,0.5,307,5955800414681353015,86,28,0,2,16,51
16,gamma,0.5,308,2134376310863919878,178,38,0,10,16,74
16,gamma,0.5,309,1739033961283506000,252,36,-1,16,10,79
16,gamma,0.5,310,1816750916054576144,303,41,-3,16,13,94
16,gamma,0.5,311,9000734999384804598,45,27,2,16,-3,33
16,gamma,0.5,312,4111577172189165598,425,37,0,-5,16,111
16,gamma,0.5,313,1166812335488336132,126,38,-1,16,10,56
16,gamma,0.5,314,1604269445774914392,176,34,-1,-2,16,69
16,gamma,0.5,315,4705664948795290948,212,62,3,16,8,108
16,gamma,0.5,316,5486656840323210670,101,29,0,16,-5,45
16,gamma,0.5,317,920023348620383834,120,38,1,16,14,57
16,gamma,0.5,318,3608451808103996461,256,42,1,16,-2,100
16,gamma,0.5,319,9186010949126951316,73,31,-1,16,9,42
16,gamma,0.5,320,7844407884929047145,226,52,-1,16,8,102
16,gamma,0.5,321,5708967956194693051,76,46,1,16,-10,55
16,gamma,0.5,322,8248575134458516676,89,43,0,16,15,56
16,gamma,0.5,323,4254980159968127340,111,39,-1,16,13,52
16,gamma,0.5,324,4718340501903197683,89,29,0,3,16,49
16,gamma,0.5,325,3614971048653316071,34,24,0,6,16,27
16,gamma,0.5,326,6098902199792469196,146,40,-1,16,14,68
16,gamma,0.5,327,8763517410912942151,88,28,-1,-2,16,47
16,gamma,0.5,328,88266977920179878,169,37,1,9,16,85
16,gamma,0.5,329,8740150472045743812,78,32,0,2,16,40
16,gamma,0.5,330,3885697163071639645,95,33,-1,16,5,46
16,gamma,0.5,331,2032792207654751060,73,21,0,16,-3,38
16,gamma,0.5,332,1553032597407998478,105,31,0,16,3,50
16,gamma,0.5,333,349038672407001199,211,39,0,5,16,82
16,gamma,0.5,334,8626147419825698492,55,33,-1,5,16,38
16,gamma,0.5,335,3180636823800641919,153,43,-1,9,16,72
16,gamma,0.5,336,7695294686733367200,83,27,1,7,16,39
16,gamma,0.5,337,4434581663147373111,109,33,0,7,16,60
16,gamma,0.5,338,130488959520199321,75,31,0,5,16,43
16,gamma,0.5,339,1129258152850338884,59,25,-1,16,1,33
16,gamma,0.5,340,7366612759480187492,91,37,1,16,13,53
16,gamma,0.5,341,3127176487319284565,222,36,-1,16,10,92
16,gamma,0.5,342,6443933203370626689,395,77,-2,7,16,160
16,gamma,0.5,343,1333368691878501298,153,33,0,7,16,57
16,gamma,0.5,344,7251160043004405775,135,29,1,3,16,52
16,gamma,0.5,345,6173065898342058891,184,32,1,16,0,66
16,gamma,0.5,346,4183778032298049185,80,34,1,14,16,46
16,gamma,0.5,347,7397348472690444990,188,56,-4,16,12,95
16,gamma,0.5,348,3176960862882224799,180,38,0,16,12,78
16,gamma,0.5,349,7055500350246022819,104,44,1,14,16,68
16,gamma,0.5,350,5420374311531382067,83,31,-1,16,7,43
16,gamma,0.5,351,6573636982116634540,159,59,-1,11,16,81
16,gamma,0.5,352,4512302816486992118,216,42,3,16,-4,71
16,gamma,0.5,353,6732720510172989368,99,39,-1,16,11,56
16,gamma,0.5,354,5381053045916563587,62,32,1,6,16,42
16,gamma,0.5,355,7282520241344490554,97,29,1,9,16,50
16,gamma,0.5,356,1996805062429834616,69,27,0,7,16,33
16,gamma,0.5,357,8593333265209735880,116,28,-1,16,4,40
16,gamma,0.5,358,2865521172100273408,77,31,1,9,16,49
16,gamma,0.5,359,2161077066016110437,277,41,0,16,15,104
16,gamma,0.5,360,7080264982657779397,106,44,1,16,2,67
16,gamma,0.5,361,2653793776083117700,92,40,1,6,16,55
16,gamma,0.5,362,1341064997287168309,185,45,1,9,16,82
16,gamma,0.5,363,5889370660809867713,196,26,0,16,0,79
16,gamma,0.5,364,2764395398007455508,148,38,0,16,2,68
16,gamma,0.5,365,6845622402716317227,179,41,0,9,16,78
16,gamma,0.5,366,3378361045300927162,72,26,0,2,16,35
16,gamma,0.5,367,7414369192995750812,222,34,-2,16,6,83
16,gamma,0.5,368,9119992910608753204,178,44,-1,16,12,80
16,gamma,0.5,369,3221567533988881052,114,48,1,12,16,58
16,gamma,0.5,370,7411151065384181732,48,34,1,16,4,38
16,gamma,0.5,371,3444811018580066850,187,31,0,16,5,95
16,gamma,0.5,372,3790508816544323847,143,41,1,3,16,68
16,gamma,0.5,373,53371159921303185,105,35,0,16,11,54
16,gamma,0.5,374,4596450707399733330,200,64,1,16,8,101
16,gamma,0.5,375,2212356266374580970,185,41,0,16,-7,72
16,gamma,0.5,376,3500647264453054122,248,34,-1,6,16,78
16,gamma,0.5,377,3587882913798214753,127,43,1,9,16,67
16,gamma,0.5,378,455564349378545359,236,46,0,16,12,111
16,gamma,0.5,379,412826576897587360,79,47,-1,7,16,53
16,gamma,0.5,380,1364824828401954874,125,37,0,5,16,51
16,gamma,0.5,381,6207446392129755797,124,30,-2,16,6,64
16,gamma,0.5,382,3369028567482385983,84,38,-1,16,4,51
16,gamma,0.5,383,8304733714877318609,69,31,-2,5,16,40
16,gamma,0.5,384,7494986634299194903,157,41,0,16,9,78
16,gamma,0.5,385,2262848921554649978,151,43,-1,16,3,73
16,gamma,0.5,386,8549858841502103869,170,40,2,16,-4,71
16,gamma,0.5,387,9009605981836629509,757,69,0,7,16,191
16,gamma,0.5,388,6674561878547172765,162,32,-1,14,16,70
16,gamma,0.5,389,1888828471265887508,60,38,1,16,12,43
16,gamma,0.5,390,754768238867626174,169,59,1,16,13,95
16,gamma,0.5,391,286433428849708464,90,38,-1,2,16,54
16,gamma,0.5,392,2346929943488409917,88,28,-1,0,16,49
16,gamma,0.5,393,1365465808157416929,137,29,1,5,16,62
16,gamma,0.5,394,3961779327065799069,100,30,0,16,6,53
16,gamma,0.5,395,1024640856225060237,79,31,0,5,16,48
16,gamma,0.5,396,2439385682040260853,134,44,-1,16,14,67
16,gamma,0.5,397,4705512431238536627,277,31,1,11,16,98
16,gamma,0.5,398,7153451373143517050,51,29,0,16,7,33
16,gamma,0.5,399,5170970625351214674,129,47,2,7,16,61
16,gamma,0.5,400,8819403078217602569,100,30,1,8,16,49
16,gamma,0.5,401,5736033852354143648,360,60,-1,16,10,145
16,gamma,0.5,402,2684940473440699152,242,36,1,8,16,93
16,gamma,0.5,403,2873724591134236345,55,31,1,7,16,36
16,gamma,0.5,404,4074381040881625704,78,30,-1,4,16,47
16,gamma,0.5,405,3306962416362487205,90,30,-1,6,16,48
16,gamma,0.5,406,7082986440802647751,221,29,0,16,3,93
16,gamma,0.5,407,1118412333575307736,146,34,0,16,0,62
16,gamma,0.5,408,1141801611199770429,70,26,-1,16,8,45
16,gamma,0.5,409,7163481222196167588,223,37,0,11,16,91
16,gamma,0.5,410,1006467072775466918,73,39,4,9,16,49
16,gamma,0.5,411,5608852813624479074,101,33,0,9,16,48
16,gamma,0.5,412,297355602606943830,81,39,0,11,16,50
16,gamma,0.5,413,8845477338695143323,99,41,0,9,16,58
16,gamma,0.5,414,6261239960775864626,68,26,-1,16,2,39
16,gamma,0.5,415,4262295779861620283,139,35,1,16,5,51
16,gamma,0.5,416,8168017236260533003,113,31,1,5,16,45
16,gamma,0.5,417,5129966631677533263,168,54,-3,10,16,80
16,gamma,0.5,418,4738494057127512194,351,39,1,9,16,132
16,gamma,0.5,419,3467782774773258749,54,34,1,0,16,38
16,gamma,0.5,420,8847777931397793057,180,40,-1,16,6,69
16,gamma,0.5,421,3687698659784375177,169,63,-1,15,16,90
16,gamma,0.5,422,7921248495569165388,228,38,-1,16,10,88
16,gamma,0.5,423,5047388794172122464,87,21,0,16,3,37
16,gamma,0.5,424,6938512212230908290,196,46,-1,16,14,82
16,gamma,0.5,425,8338818818002813019,143,29,0,16,13,57
16,gamma,0.5,426,948130250600090751,118,38,1,12,16,60
16,gamma,0.5,427,6790762891716172880,172,36,1,10,16,80
16,gamma,0.5,428,7743276399957921019,166,46,0,8,16,72
16,gamma,0.5,429,5179587041800000736,63,35,1,9,16,39
16,gamma,0.5,430,5307281555065528609,309,49,-2,16,1,83
16,gamma,0.5,431,2831883656261940094,82,40,-3,16,2,46
16,gamma,0.5,432,4215247960219367868,166,42,1,16,12,82
16,gamma,0.5,433,5768178662595498724,76,32,0,16,14,51
16,gamma,0.5,434,6873910929014706098,161,43,-2,-13,16,70
16,gamma,0.5,435,9214081877336838594,179,35,1,3,16,67
16,gamma,0.5,436,4789097740458789097,63,25,-1,16,-3,35
16,gamma,0.5,437,3454270080545481308,86,34,0,16,6,44
16,gamma,0.5,438,6537290796439605586,103,31,0,7,16,46
16,gamma,0.5,439,8206309561195362038,213,39,-2,16,9,90
16,gamma,0.5,440,6291181367078488083,106,38,1,14,16,52
16,gamma,0.5,441,8489028319797011107,219,41,1,16,9,105
16,gamma,0.5,442,7457195695247655404,68,34,0,10,16,49
16,gamma,0.5,443,3417995128711908087,235,35,1,16,5,82
16,gamma,0.5,444,5813898250133355536,160,48,-4,16,14,75
16,gamma,0.5,445,7592499225782864015,86,26,0,4,16,42
16,gamma,0.5,446,3195229098680429246,64,34,0,16,6,42
16,gamma,0.5,447,5225546064943374799,81,33,2,9,16,53
16,gamma,0.5,448,7411621214187964418,187,43,2,-7,16,94
16,gamma,0.5,449,7391211718482687323,50,24,0,16,-2,34
16,gamma,0.5,450,8028177347111729960,133,65,0,16,9,86
16,gamma,0.5,451,4469426324682565439,73,37,0,16,3,48
16,gamma,0.5,452,8409769815625519655,217,43,0,16,7,82
16,gamma,0.5,453,2919802613916310828,94,32,1,6,16,56
16,gamma,0.5,454,1871025830939861049,56,32,0,4,16,39
16,gamma,0.5,455,3762535020699151175,147,57,1,16,11,78
16,gamma,0.5,456,8297861507559513693,150,32,-1,6,16,70
16,gamma,0.5,457,3119743903368025467,64,32,0,10,16,43
16,gamma,0.5,458,7682317262431355475,239,33,0,11,16,68
16,gamma,0.5,459,669902831484412592,325,35,1,11,16,101
16,gamma,0.5,460,7621736846666952829,110,42,-1,16,8,59
16,gamma,0.5,461,2261639031056187194,143,41,-1,16,7,70
16,gamma,0.5,462,1951931346062082900,256,38,0,-6,16,99
16,gamma,0.5,463,2527659164442891940,56,32,0,14,-16,39
16,gamma,0.5,464,7009614150755737258,185,37,-1,16,13,81
16,gamma,0.5,465,4958831656085155743,84,36,0,16,6,46
16,gamma,0.5,466,8340239488984511947,205,49,0,11,16,85
16,gamma,0.5,467,3721554164742977788,109,47,1,11,16,69
16,gamma,0.5,468,9164301218672829401,84,34,1,16,8,47
16,gamma,0.5,469,294166246533836952,132,42,0,16,-6,62
16,gamma,0.5,470,2747585390995795349,266,34,0,16,8,110
16,gamma,0.5,471,586594074651229256,106,30,0,16,-6,53
16,gamma,0.5,472,3768477694207870856,219,43,0,16,-1,93
16,gamma,0.5,473,3504162030844932432,339,49,0,3,16,92
16,gamma,0.5,474,1858074681654443384,126,40,-1,16,4,68
16,gamma,0.5,475,7096747829636636623,98,30,-1,16,12,46
16,gamma,0.5,476,4118165348657144810,83,31,1,3,16,41
16,gamma,0.5,477,4011383184676892208,217,47,0,16,3,86
16,gamma,0.5,478,898662021180160276,87,31,0,16,11,47
16,gamma,0.5,479,6760300561899107534,53,25,0,3,16,33
16,gamma,0.5,480,314019529922798575,106,38,0,16,0,56
16,gamma,0.5,481,4672472631689225781,117,33,1,16,7,55
16,gamma,0.5,482,8659865177840487959,264,52,4,2,16,109
16,gamma,0.5,483,3983296248342439680,134,28,1,10,16,49
16,gamma,0.5,484,7932112905209886863,305,51,-1,9,16,117
16,gamma,0.5,485,4418403256584845986,71,27,1,-1,16,38
16,gamma,0.5,486,2925884011822306019,176,50,-3,6,16,84
16,gamma,0.5,487,7849633750642537780,58,28,1,16,2,36
16,gamma,0.5,488,714879271866779858,191,27,-1,1,16,89
16,gamma,0.5,489,2178782017956484599,150,38,-4,16,4,79
16,gamma,0.5,490,4660580772465770104,91,25,0,3,16,41
16,gamma,0.5,491,7550898194773582163,160,38,-2,16,12,68
16,gamma,0.5,492,7953900605140934994,160,38,-1,-2,16,67
16,gamma,0.5,493,9201248734776740467,135,41,-2,16,11,72
16,gamma,0.5,494,3678340323515146533,127,37,2,11,16,57
16,gamma,0.5,495,9017408962393474257,113,43,2,16,1,66
16,gamma,0.5,496,6034276296160180269,109,43,0,13,16,69
16,gamma,0.5,497,2534429352811743304,93,29,0,16,1,42
16,gamma,0.5,498,3408952010866514262,90,36,-1,16,0,48
16,gamma,0.5,499,2842640686231452651,183,35,1,13,16,81
16,gamma,0.5,500,8751331215138637748,170,28,-1,10,16,73
16,gamma,0.5,501,5542156489839551878,119,45,0,16,11,66
16,gamma,0.5,502,2188996156168665311,128,46,-1,2,16,62
16,gamma,0.5,503,7098866803569270918,104,28,0,16,6,47
16,gamma,0.5,504,10970204711759957,59,29,0,16,5,34
16,gamma,0.5,505,1291427725321747741,96,28,0,2,16,48
16,gamma,0.5,506,3857549285857762044,196,38,-1,16,12,93
16,gamma,0.5,507,2336477223805590756,96,34,0,16,2,51
16,gamma,0.5,508,18545107737798765,122,30,1,6,16,53
16,gamma,0.5,509,5025019996410145322,109,37,0,11,16,61
16,gamma,0.5,510,2517666682396119988,141,33,0,1,16,75
16,gamma,0.5,511,4403989958542929305,155,35,1,5,16,60
16,gamma,0.5,512,542041780447260563,117,31,-2,16,13,60
16,gamma,0.5,513,8633344088261329679,144,30,4,4,16,70
16,gamma,0.5,514,9042486549925843587,92,26,-1,16,8,51
16,gamma,0.5,515,3196592215821989493,146,30,1,6,16,64
16,gamma,0.5,516,839968536755431991,74,26,1,16,6,37
16,gamma,0.5,517,7491187466969693196,114,36,1,2,16,49
16,gamma,0.5,518,2499637660228334265,197,59,-1,16,11,106
16,gamma,0.5,519,5192093070432704891,82,30,1,0,16,50
16,gamma,0.5,520,5557219653032997588,103,31,0,16,5,55
16,gamma,0.5,521,4436169869155204141,70,32,0,0,16,43
16,gamma,0.5,522,5772411923258239941,281,41,-1,11,16,86
16,gamma,0.5,523,5818930754569600640,193,45,1,15,16,98
16,gamma,0.5,524,3180764743323498895,114,30,1,16,-2,48
16,gamma,0.5,525,8921472657012122831,131,37,1,11,16,49
16,gamma,0.5,526,6217977038197266821,113,33,0,16,13,57
16,gamma,0.5,527,8877048331037139012,223,65,2,16,5,94
16,gamma,0.5,528,1239459137005336711,383,31,0,9,16,115
16,gamma,0.5,529,1204238534145410005,163,55,0,16,15,82
16,gamma,0.5,530,1487273579974188883,93,31,0,16,7,49
16,gamma,0.5,531,6768542111424104242,123,39,0,16,5,63
16,gamma,0.5,532,292299046087630215,72,32,1,16,-2,47
16,gamma,0.5,533,1498734234385865637,62,28,0,16,4,39
16,gamma,0.5,534,3392104784364128385,174,32,0,16,6,68
16,gamma,0.5,535,8468490575199318149,77,29,0,9,16,46
16,gamma,0.5,536,1287907829488783278,129,33,-3,1,16,56
16,gamma,0.5,537,3202399535295236232,68,32,0,6,16,43
16,gamma,0.5,538,8538086534228120403,232,52,-1,12,16,90
16,gamma,0.5,539,124678007855336593,127,29,0,9,16,59
16,gamma,0.5,540,8875029901129531607,228,58,1,16,12,113
16,gamma,0.5,541,5390057784041313347,116,40,-1,16,0,60
16,gamma,0.5,542,3679519551909212575,70,32,0,16,6,42
16,gamma,0.5,543,1409388861858488264,158,30,0,6,16,56
16,gamma,0.5,544,8064785891644371456,91,43,-2,-5,16,56
16,gamma,0.5,545,3207218063610481568,304,60,2,16,10,120
16,gamma,0.5,546,34160997409928481,216,42,2,16,12,79
16,gamma,0.5,547,6563252782143030928,109,33,-1,7,16,59
16,gamma,0.5,548,7323437757502558123,122,36,3,8,16,62
16,gamma,0.5,549,1084085326569291028,295,47,1,16,9,117
16,gamma,0.5,550,4105271462531736821,336,50,-1,16,12,162
16,gamma,0.5,551,5332057766770217325,79,29,0,16,9,42
16,gamma,0.5,552,6556821281686769418,145,47,-2,16,1,84
16,gamma,0.5,553,405042874156367239,137,41,-1,16,15,60
16,gamma,0.5,554,1110198665219031453,82,40,-1,16,0,50
16,gamma,0.5,555,3273467667930074079,101,25,0,3,16,54
16,gamma,0.5,556,5183320924789423426,142,38,-2,16,2,65
16,gamma,0.5,557,3390008614310967893,82,34,1,6,16,46
16,gamma,0.5,558,2868999804333813596,75,23,1,5,16,48
16,gamma,0.5,559,964051983035420060,48,28,-1,8,16,33
16,gamma,0.5,560,7390576940345416957,138,34,-1,6,16,56
16,gamma,0.5,561,14797310062905607,103,31,-1,16,7,47
16,gamma,0.5,562,5201434851374541178,124,32,1,10,16,61
16,gamma,0.5,563,1169142778249870785,59,25,0,5,16,32
16,gamma,0.5,564,1211695099830612358,134,30,0,2,16,56
16,gamma,0.5,565,4169268024728026120,297,63,-1,16,3,124
16,gamma,0.5,566,2196644867611337152,87,33,0,16,7,44
16,gamma,0.5,567,2835536597235797650,74,28,0,8,16,40
16,gamma,0.5,568,6608017054853390423,110,40,-1,16,8,54
16,gamma,0.5,569,507502372668196707,84,36,1,8,16,45
16,gamma,0.5,570,1899893344003540418,68,44,1,10,16,52
16,gamma,0.5,571,3966355637863070480,86,38,2,12,16,57
16,gamma,0.5,572,6557055951810843224,71,31,0,9,16,43
16,gamma,0.5,573,7330213724493623014,94,38,1,12,16,51
16,gamma,0.5,574,22337150291872048,110,32,-2,6,16,50
16,gamma,0.5,575,1603228252694523284,189,31,1,16,-3,65
16,gamma,0.5,576,7604157101398313100,85,35,0,5,16,53
16,gamma,0.5,577,432677945686343972,58,22,-1,16,0,31
16,gamma,0.5,578,8467612924614326370,223,47,0,16,-1,92
16,gamma,0.5,579,2740230472285990848,39,25,1,16,-1,30
16,gamma,0.5,580,2444427469212245691,137,23,0,16,3,63
16,gamma,0.5,581,3082136044270218363,109,29,0,7,16,54
16,gamma,0.5,582,5840656972430409737,144,38,2,8,16,69
16,gamma,0.5,583,7340418974140057932,261,53,-1,1,16,89
16,gamma,0.5,584,1120938826937816525,157,41,0,16,11,77
16,gamma,0.5,585,6793688719415599527,290,44,-1,14,16,113
16,gamma,0.5,586,109335667019426827,129,27,1,7,16,63
16,gamma,0.5,587,8700696823268540458,67,31,-1,1,16,42
16,gamma,0.5,588,261440073569393588,99,35,-1,16,9,60
16,gamma,0.5,589,6230327943257619308,104,30,-2,16,6,55
16,gamma,0.5,590,4872614880511994031,64,36,-1,16,0,46
16,gamma,0.5,591,2056993329582791394,112,30,0,16,-2,51
16,gamma,0.5,592,8480266579402167804,80,26,0,6,16,37
16,gamma,0.5,593,1120122438797564335,155,35,0,16,-1,60
16,gamma,0.5,594,2775642425335314301,151,27,-1,-3,16,59
16,gamma,0.5,595,5896623961816863735,103,31,1,16,9,50
16,gamma,0.5,596,7600104256252655847,184,32,0,16,12,78
16,gamma,0.5,597,560511312116079813,238,28,0,16,0,81
16,gamma,0.5,598,3582651075351533170,99,33,1,5,16,52
16,gamma,0.5,599,7193772650301557526,306,32,0,6,16,98
16,gamma,0.5,600,3717076838265370043,88,34,-1,2,16,49
16,gamma,0.5,601,9092774395751422436,89,33,1,7,16,53
16,gamma,0.5,602,5716188573362733729,228,62,1,16,12,100
16,gamma,0.5,603,6111307200279285481,138,48,0,16,6,81
16,gamma,0.5,604,6290293101674802521,84,46,0,16,8,58
16,gamma,0.5,605,607839884699010386,721,35,0,9,16,218
16,gamma,0.5,606,7563322388341097237,184,30,0,2,16,79
16,gamma,0.5,607,39300634176025964,51,23,0,3,16,30
16,gamma,0.5,608,4820423788011169726,165,23,0,1,16,86
16,gamma,0.5,609,6337152244307688547,142,50,-2,-4,16,84
16,gamma,0.5,610,3691968502646622527,90,34,-1,0,16,54
16,gamma,0.5,611,4352122014836049031,111,29,-1,-1,16,52
16,gamma,0.5,612,324255814810675115,141,31,-1,16,7,56
16,gamma,0.5,613,3084549462532448793,62,32,-1,16,6,39
16,gamma,0.5,614,299652208934932395,329,37,1,3,16,91
16,gamma,0.5,615,9201559952671209737,117,29,2,7,16,54
16,gamma,0.5,616,1532173457294216407,87,31,0,16,13,53
16,gamma,0.5,617,1145660420140307541,116,52,0,16,12,69
16,gamma,0.5,618,3220019719440430416,158,28,-2,4,16,65
16,gamma,0.5,619,1588608260926707653,97,37,1,16,9,53
16,gamma,0.5,620,8660054270020173182,37,25,0,-1,16,26
16,gamma,0.5,621,5663087812089427326,147,45,1,13,16,69
16,gamma,0.5,622,6702104981481504320,96,42,0,4,16,56
16,gamma,0.5,623,5212619529126660056,214,42,0,12,16,97
16,gamma,0.5,624,7355396183716287938,198,40,3,8,16,86
16,gamma,0.5,625,1658638125281425939,264,62,-3,14,16,100
16,gamma,0.5,626,581533500689944009,239,67,0,11,16,135
16,gamma,0.5,627,9192915162483407077,121,33,-1,-3,16,46
16,gamma,0.5,628,6848073572015798915,89,31,1,7,16,51
16,gamma,0.5,629,6420555557228125765,120,34,1,10,16,77
16,gamma,0.5,630,3111509624533369919,90,28,1,12,16,45
16,gamma,0.5,631,5957604394910639532,268,36,0,-2,16,101
16,gamma,0.5,632,4114959997391539782,183,41,-1,16,9,81
16,gamma,0.5,633,5933275746322637413,110,34,-1,16,2,53
16,gamma,0.5,634,7886054537002809052,137,47,-2,7,16,67
16,gamma,0.5,635,6352173946346722965,60,32,0,4,16,39
16,gamma,0.5,636,8591660276753280682,286,34,-2,16,10,100
16,gamma,0.5,637,8884664187323104573,190,48,1,12,16,89
16,gamma,0.5,638,2973287335801229832,76,28,0,16,6,44
16,gamma,0.5,639,1345296500959164404,215,29,0,16,9,68
16,gamma,0.5,640,2679018483476580107,131,31,-1,9,16,56
16,gamma,0.5,641,1409954001291438644,183,39,1,5,16,84
16,gamma,0.5,642,93559185870810623,157,31,-1,16,13,64
16,gamma,0.5,643,4038965742111878517,233,39,0,16,13,93
16,gamma,0.5,644,4550530547061907460,139,39,1,9,16,63
16,gamma,0.5,645,4616937145809963859,152,36,-1,16,0,69
16,gamma,0.5,646,3698740824024639056,194,40,0,16,-2,83
16,gamma,0.5,647,4163900103632571864,172,38,0,16,14,75
16,gamma,0.5,648,5458599531447963625,352,38,1,8,16,78
16,gamma,0.5,649,5789049766993225276,66,32,1,8,16,40
16,gamma,0.5,650,6760532504961476438,167,27,1,11,16,65
16,gamma,0.5,651,80844287634878923,71,35,0,16,-3,45
16,gamma,0.5,652,9018956252071903315,158,32,0,0,16,78
16,gamma,0.5,653,6594601654282810573,114,38,1,8,16,50
16,gamma,0.5,654,3037515124092431190,169,53,-1,16,3,90
16,gamma,0.5,655,8243169615086715634,179,51,0,1,16,86
16,gamma,0.5,656,738459347748870086,173,27,0,16,1,78
16,gamma,0.5,657,5888504622988336804,138,44,0,16,4,71
16,gamma,0.5,658,3751236355878246390,114,36,-3,16,8,55
16,gamma,0.5,659,7092615538354673475,80,30,0,4,16,41
16,gamma,0.5,660,1709713723025381851,88,40,0,14,16,52
16,gamma,0.5,661,1655408277546672712,161,35,-1,16,5,71
16,gamma,0.5,662,4239879142764553888,74,26,0,16,10,39
16,gamma,0.5,663,8830236745198178769,118,38,1,16,-8,52
16,gamma,0.5,664,2081256461846303967,262,46,1,10,16,98
16,gamma,0.5,665,4646005989105611515,144,30,-1,8,16,59
16,gamma,0.5,666,1247659196006377769,72,32,-1,-4,16,47
16,gamma,0.5,667,9060246156722454753,82,40,0,16,8,51
16,gamma,0.5,668,6472426504883075118,63,35,0,16,9,44
16,gamma,0.5,669,7073665903678248187,81,37,2,16,-3,47
16,gamma,0.5,670,3200617451259871726,169,31,0,13,16,64
16,gamma,0.5,671,1126080840185521204,168,50,1,16,12,79
16,gamma,0.5,672,9049866200407911349,169,45,0,1,16,73
16,gamma,0.5,673,7320256583817106663,93,31,1,5,16,44
16,gamma,0.5,674,3277465874030899167,114,38,1,16,6,54
16,gamma,0.5,675,2329065000775105269,299,35,1,7,16,93
16,gamma,0.5,676,5411001740574507222,227,45,-1,16,13,90
16,gamma,0.5,677,492416160682342010,78,28,-1,16,2,42
16,gamma,0.5,678,40123663632395078,73,31,0,3,16,47
16,gamma,0.5,679,8406526197391225854,184,32,0,16,12,80
16,gamma,0.5,680,3815709265916811506,111,29,1,11,16,48
16,gamma,0.5,681,3856375603831237301,59,31,1,16,-3,40
16,gamma,0.5,682,805714305650135883,77,21,0,5,16,33
16,gamma,0.5,683,3466691671015635088,124,34,0,16,8,54
16,gamma,0.5,684,697111982540443371,157,45,0,16,7,69
16,gamma,0.5,685,1796850686992173476,54,28,-1,16,2,35
16,gamma,0.5,686,5595246571185532787,183,45,-2,16,13,76
16,gamma,0.5,687,3786911708438880897,188,42,-1,4,16,78
16,gamma,0.5,688,4823488464646637821,215,47,0,11,16,82
16,gamma,0.5,689,3187332635411687609,266,40,-1,4,16,96
16,gamma,0.5,690,3450320711697290058,71,33,1,16,11,44
16,gamma,0.5,691,6100110774630392127,121,47,2,15,16,74
16,gamma,0.5,692,810537468885585147,89,27,0,16,1,48
16,gamma,0.5,693,2530176481729178717,114,34,0,16,12,63
16,gamma,0.5,694,1031045835099628508,170,44,0,16,12,78
16,gamma,0.5,695,4738768027900679821,257,33,0,16,3,82
16,gamma,0.5,696,5860082805870216780,86,32,0,16,8,41
16,gamma,0.5,697,5146934544112152702,72,30,1,10,16,42
16,gamma,0.5,698,8079925790659756262,103,35,0,16,11,50
16,gamma,0.5,699,284227453331534094,117,29,-2,16,3,53
32,gamma,0.5,0,1418845956793938734,389,77,0,9,32,159
32,gamma,0.5,1,71875794721035566,523,115,1,29,32,235
32,gamma,0.5,2,8802745480037538852,189,83,1,27,32,105
32,gamma,0.5,3,7436186446060333504,303,67,-1,32,15,107
32,gamma,0.5,4,1732624068968729115,148,66,1,20,32,99
32,gamma,0.5,5,4155200579309390202,373,71,-1,32,9,163
32,gamma,0.5,6,2015698452568669370,422,84,1,32,22,172
32,gamma,0.5,7,7866369140390738385,215,77,-1,32,17,114
32,gamma,0.5,8,3376882982283651353,386,88,0,24,32,164
32,gamma,0.5,9,249177794618966004,291,79,0,23,32,144
32,gamma,0.5,10,6427405224469503005,324,110,-2,14,32,169
32,gamma,0.5,11,3777007291107808766,504,80,-1,32,22,185
32,gamma,0.5,12,3079027980966366626,256,82,1,16,32,128
32,gamma,0.5,13,6145109121465653913,256,78,-2,22,32,125
32,gamma,0.5,14,8087623741746576736,431,93,1,27,32,204
32,gamma,0.5,15,4450584787070030671,237,75,-2,32,17,130
32,gamma,0.5,16,7137199684591998982,352,76,1,32,14,142
32,gamma,0.5,17,5947427999071893460,268,64,-1,18,32,111
32,gamma,0.5,18,3425198985964506318,262,62,0,16,32,108
32,gamma,0.5,19,2695040403321181104,264,82,-1,32,16,134
32,gamma,0.5,20,3643395792194529616,276,120,0,22,32,164
32,gamma,0.5,21,8153842069504850692,286,64,0,-8,32,117
32,gamma,0.5,22,523612226123895017,345,103,-1,32,19,168
32,gamma,0.5,23,4351687628561651832,427,99,0,32,23,152
32,gamma,0.5,24,7729928654325554825,339,73,-1,5,32,135
32,gamma,0.5,25,3007883005665740238,330,70,0,32,24,138
32,gamma,0.5,26,6138437080644558574,270,76,1,14,32,125
32,gamma,0.5,27,6931997350010541902,229,79,0,17,32,128
32,gamma,0.5,28,3198106414821995543,562,120,-2,32,22,204
32,gamma,0.5,29,7078714182107072014,377,69,1,32,19,159
32,gamma,0.5,30,5850277457068084237,441,87,-1,23,32,174
32,gamma,0.5,31,8888564814267105702,216,80,0,20,32,125
32,gamma,0.5,32,610055801007127753,188,60,0,32,2,103
32,gamma,0.5,33,2307650715019014247,521,105,0,3,32,200
32,gamma,0.5,34,7648589535794086370,315,89,0,32,31,149
32,gamma,0.5,35,3922398636206927533,208,72,0,32,4,111
32,gamma,0.5,36,7522567646942207551,234,66,-2,32,18,112
32,gamma,0.5,37,6870350957612488597,163,85,3,19,32,106
32,gamma,0.5,38,2608891383933328649,372,86,0,32,24,157
32,gamma,0.5,39,1195813804272046866,120,60,-1,18,32,73
32,gamma,0.5,40,7449526529735779063,169,71,0,32,13,98
32,gamma,0.5,41,3897814805692355678,386,118,0,28,32,198
32,gamma,0.5,42,4897070236882341644,446,84,0,32,30,163
32,gamma,0.5,43,1678789937428569316,261,65,1,17,32,123
32,gamma,0.5,44,1710454598442869254,144,62,-1,12,32,81
32,gamma,0.5,45,5457688586173029677,309,75,-1,32,27,138
32,gamma,0.5,46,7301086437426365828,441,89,0,32,23,187
32,gamma,0.5,47,4479303903025641827,253,81,-3,-5,32,127
32,gamma,0.5,48,2209261664583492143,170,60,0,0,32,88
32,gamma,0.5,49,2159507437706607329,410,92,-1,10,32,177
32,gamma,0.5,50,4769253989927672615,274,58,0,4,32,121
32,gamma,0.5,51,3371221893254637496,446,86,0,24,32,166
32,gamma,0.5,52,4465757583210920397,307,77,0,13,32,165
32,gamma,0.5,53,5717168887661654241,374,90,0,20,32,151
32,gamma,0.5,54,4956407970852817778,163,81,1,32,21,103
32,gamma,0.5,55,7041732494818762879,164,80,1,4,32,97
32,gamma,0.5,56,2177753223750632676,145,53,-2,9,32,75
32,gamma,0.5,57,1558997841502546747,270,68,1,2,32,112
32,gamma,0.5,58,4599286719410870293,130,58,0,12,32,81
32,gamma,0.5,59,7433939100030465887,153,73,1,23,32,92
32,gamma,0.5,60,631005173381318531,391,85,-1,15,32,160
32,gamma,0.5,61,3105477030490236989,333,73,1,29,32,142
32,gamma,0.5,62,1490210878102271904,327,71,0,13,32,174
32,gamma,0.5,63,4526438022272800545,111,71,0,17,32,87
32,gamma,0.5,64,4434970529893693703,401,79,1,9,32,139
32,gamma,0.5,65,3402032995096248037,227,63,0,32,19,124
32,gamma,0.5,66,7910334502195462429,542,98,-2,32,22,219
32,gamma,0.5,67,2274276645386270120,169,89,1,11,32,114
32,gamma,0.5,68,672153412416946988,433,83,1,32,27,150
32,gamma,0.5,69,5325590972205878443,253,83,0,32,25,134
32,gamma,0.5,70,6419507075255271242,253,75,-1,19,32,129
32,gamma,0.5,71,8994994662778464202,402,54,0,32,-2,115
32,gamma,0.5,72,634345249251617204,388,82,0,32,16,172
32,gamma,0.5,73,1573613317966885262,329,83,2,32,17,167
32,gamma,0.5,74,170335847776580716,204,78,-1,32,24,124
32,gamma,0.5,75,7691184440865035437,439,83,1,13,32,183
32,gamma,0.5,76,501266096799369250,154,60,1,10,32,87
32,gamma,0.5,77,6188454687509024100,289,73,0,21,32,131
32,gamma,0.5,78,2647748077138400839,368,62,1,10,32,139
32,gamma,0.5,79,7243284273824263656,133,55,0,32,-3,77
32,gamma,0.5,80,8515288262011868715,176,50,0,32,8,86
32,gamma,0.5,81,1701604466186642949,154,74,-2,32,18,104
32,gamma,0.5,82,7678056142003722875,276,82,-2,16,32,129
32,gamma,0.5,83,2929000859599817045,164,70,1,30,32,90
32,gamma,0.5,84,5493502697056049407,287,109,-3,32,23,142
32,gamma,0.5,85,5635014134143149977,197,69,1,32,9,100
32,gamma,0.5,86,5640646786707932177,204,76,1,32,20,107
32,gamma,0.5,87,4218741994506458527,389,79,1,32,19,145
32,gamma,0.5,88,2196010500575705790,201,57,0,19,32,93
32,gamma,0.5,89,2623393943044004455,217,81,-2,7,32,120
32,gamma,0.5,90,4952297083862408076,246,82,3,26,32,116
32,gamma,0.5,91,7343332257833274839,317,81,0,19,32,147
32,gamma,0.5,92,4671434549755009564,312,96,0,16,32,145
32,gamma,0.5,93,2433629304950336800,361,79,1,-1,32,140
32,gamma,0.5,94,7357009176944991154,188,56,0,32,-6,94
32,gamma,0.5,95,4079764334809297693,623,85,-1,27,32,214
32,gamma,0.5,96,2213506479330282183,392,68,0,12,32,139
32,gamma,0.5,97,223363972905923704,217,87,-2,32,25,113
32,gamma,0.5,98,3244530863200983207,295,61,0,32,-5,113
32,gamma,0.5,99,1555758258954799004,366,68,1,30,32,169
32,gamma,0.5,100,4744272258934132840,118,54,1,8,32,73
32,gamma,0.5,101,3455928611476128925,215,79,-1,32,25,107
32,gamma,0.5,102,7203704335369090856,339,79,-1,32,25,136
32,gamma,0.5,103,3448081673355268142,276,78,-2,32,22,128
32,gamma,0.5,104,4838854228411172790,455,71,2,5,32,172
32,gamma,0.5,105,886203996481489542,254,104,-1,32,18,136
32,gamma,0.5,106,2965274397265346493,223,67,1,3,32,108
32,gamma,0.5,107,6387730713487958667,447,89,1,15,32,163
32,gamma,0.5,108,157582646520298125,265,95,0,21,32,152
32,gamma,0.5,109,5993933060214095111,481,127,-2,32,29,204
32,gamma,0.5,110,4429717094575314055,263,71,0,32,11,131
32,gamma,0.5,111,6432154165406837399,452,74,-2,32,10,161
32,gamma,0.5,112,5290648099249779293,710,94,0,22,32,189
32,gamma,0.5,113,1499600045311051052,292,80,1,32,24,139
32,gamma,0.5,114,8319728294272958377,179,73,1,32,7,94
32,gamma,0.5,115,6884233285043654180,243,81,0,5,32,107
32,gamma,0.5,116,4862890866585374018,201,97,0,29,32,131
32,gamma,0.5,117,8799766285001762050,332,88,-1,32,24,151
32,gamma,0.5,118,2802400305468399008,352,86,0,24,32,157
32,gamma,0.5,119,6496117120761540935,300,84,-2,32,12,150
32,gamma,0.5,120,7999420322042295111,460,66,1,32,14,154
32,gamma,0.5,121,1344074975289260116,236,60,-1,32,18,113
32,gamma,0.5,122,2597166154194173562,201,79,1,17,32,110
32,gamma,0.5,123,6791099709268359651,235,77,0,32,19,114
32,gamma,0.5,124,1739047271561381295,361,71,1,27,32,133
32,gamma,0.5,125,8671159694596523666,295,79,-1,32,15,138
32,gamma,0.5,126,3644748479511696854,234,60,0,32,12,116
32,gamma,0.5,127,770976695021022732,233,71,-1,32,23,124
32,gamma,0.5,128,5153251489072865942,203,77,1,15,32,108
32,gamma,0.5,129,2062162889792571320,422,88,0,32,24,172
32,gamma,0.5,130,2019085213840234448,499,83,0,15,32,181
32,gamma,0.5,131,4058513980278380629,363,73,0,21,32,152
32,gamma,0.5,132,1102618892193996267,165,59,0,32,15,94
32,gamma,0.5,133,3242829097718808358,353,93,-2,25,32,161
32,gamma,0.5,134,7828257411241227319,224,76,1,32,8,116
32,gamma,0.5,135,999668298882591081,239,89,0,32,9,124
32,gamma,0.5,136,3521699068233547466,371,99,1,32,29,190
32,gamma,0.5,137,5676651165181953994,192,72,0,32,14,100
32,gamma,0.5,138,8841960286458495692,264,54,1,8,32,115
32,gamma,0.5,139,3485976460796011158,318,66,0,32,20,121
32,gamma,0.5,140,106828708943660785,476,80,0,32,28,173
32,gamma,0.5,141,185322163279611965,281,81,-1,32,1,152
32,gamma,0.5,142,6937793376247839619,217,87,-2,25,32,120
32,gamma,0.5,143,3406909259010521013,290,84,1,12,32,134
32,gamma,0.5,144,3054300105593881737,433,85,1,32,19,164
32,gamma,0.5,145,4989142079072157150,171,57,-1,32,15,92
32,gamma,0.5,146,6436752748999953727,307,75,0,32,11,140
32,gamma,0.5,147,511704242313120160,421,113,0,29,32,185
32,gamma,0.5,148,6854825838326678542,525,89,-1,32,25,174
32,gamma,0.5,149,5176120861912694590,619,101,1,29,32,216
32,gamma,0.5,150,3614152210416520305,371,55,1,32,9,113
32,gamma,0.5,151,2303093314490003823,203,67,-1,32,19,98
32,gamma,0.5,152,2934236980711319201,348,72,0,30,32,160
32,gamma,0.5,153,7777502553020177694,193,69,1,13,32,102
32,gamma,0.5,154,1715481510659901342,505,133,0,5,32,235
32,gamma,0.5,155,5535101407903449889,207,69,-1,15,32,103
32,gamma,0.5,156,3892139928103228246,217,69,1,11,32,101
32,gamma,0.5,157,5491936100602416196,250,82,-2,32,14,127
32,gamma,0.5,158,7414732963396005478,247,85,0,27,32,128
32,gamma,0.5,159,474894271938535930,241,77,-1,25,32,126
32,gamma,0.5,160,5797040638144757674,403,111,3,21,32,179
32,gamma,0.5,161,9195275720832598955,269,65,1,15,32,118
32,gamma,0.5,162,7512706597743451758,280,104,-2,32,18,150
32,gamma,0.5,163,2184466583960914602,311,59,1,15,32,147
32,gamma,0.5,164,5514782252071980288,599,73,1,23,32,215
32,gamma,0.5,165,5195051087793041177,519,87,-2,21,32,183
32,gamma,0.5,166,7285619031057543371,199,61,0,21,32,101
32,gamma,0.5,167,8785568928935258206,455,71,3,32,3,158
32,gamma,0.5,168,6792435097856208549,222,70,-2,32,22,112
32,gamma,0.5,169,1438507086245324548,198,74,1,28,32,106
32,gamma,0.5,170,7193002519768640252,387,75,1,19,32,163
32,gamma,0.5,171,8249018881591109718,436,102,1,24,32,210
32,gamma,0.5,172,7368589244065192795,386,122,-2,32,10,204
32,gamma,0.5,173,6315453850555697435,378,88,-1,32,22,149
32,gamma,0.5,174,9222091644358355081,179,67,-2,32,7,105
32,gamma,0.5,175,7219733312568656969,517,91,0,9,32,193
32,gamma,0.5,176,1775322828759083425,408,78,0,32,30,147
32,gamma,0.5,177,201098069131798676,226,76,-1,32,20,121
32,gamma,0.5,178,6753198269938402285,255,87,-1,32,17,122
32,gamma,0.5,179,2162161673553729674,369,63,-1,32,7,131
32,gamma,0.5,180,2421237251688853785,547,73,2,23,32,193
32,gamma,0.5,181,8258540539659102753,261,91,-2,32,27,167
32,gamma,0.5,182,1607237661485510092,361,101,2,21,32,167
32,gamma,0.5,183,2647608599669442834,444,96,-1,32,24,185
32,gamma,0.5,184,3577155488953743891,325,91,1,32,23,163
32,gamma,0.5,185,772226850499485294,167,67,-1,29,32,95
32,gamma,0.5,186,8909174658607160176,392,164,1,24,32,214
32,gamma,0.5,187,4262846904574411593,261,85,0,29,32,144
32,gamma,0.5,188,4848647771670517585,665,137,-4,32,27,280
32,gamma,0.5,189,3994664476168885272,345,101,1,15,32,164
32,gamma,0.5,190,3990871796415211239,228,68,5,10,32,114
32,gamma,0.5,191,4020715623285675885,303,95,1,15,32,160
32,gamma,0.5,192,1889746146193681896,252,68,0,18,32,120
32,gamma,0.5,193,4309896859077980187,258,72,1,32,10,117
32,gamma,0.5,194,3615362064072559591,177,75,1,23,32,108
32,gamma,0.5,195,4605133396644225373,286,96,0,20,32,148
32,gamma,0.5,196,5028734578916570858,347,77,0,32,19,146
32,gamma,0.5,197,7236179798093093891,306,74,0,24,32,152
32,gamma,0.5,198,6633136303067219729,212,64,2,14,32,106
32,gamma,0.5,199,4559197612137084640,180,78,0,32,28,108
32,gamma,0.5,200,3585918737398513910,362,66,1,10,32,147
32,gamma,0.5,201,8942896457607728686,278,94,-2,32,22,139
32,gamma,0.5,202,5072873332180942178,170,76,1,10,32,100
32,gamma,0.5,203,4961593415032851845,524,102,-2,32,20,210
32,gamma,0.5,204,8402237135037708979,429,89,1,17,32,178
32,gamma,0.5,205,4763128000884095453,214,80,1,24,32,117
32,gamma,0.5,206,6140285708570151022,257,61,0,32,21,106
32,gamma,0.5,207,8495340214905880272,251,67,0,17,32,118
32,gamma,0.5,208,5520274621501871277,333,71,-1,32,25,149
32,gamma,0.5,209,7202058662543302866,1015,87,-1,32,27,275
32,gamma,0.5,210,2551643037680859594,237,73,-3,32,11,96
32,gamma,0.5,211,7677554104498737042,277,103,-1,32,31,152
32,gamma,0.5,212,8976295521659522095,360,60,1,14,32,155
32,gamma,0.5,213,508978004925832034,195,67,-1,32,17,104
32,gamma,0.5,214,4556784040407427213,431,77,1,21,32,152
32,gamma,0.5,215,5813017270371310337,481,105,3,32,25,193
32,gamma,0.5,216,2169802608865440592,503,125,1,29,32,222
32,gamma,0.5,217,6607209881926863247,251,87,0,17,32,129
32,gamma,0.5,218,8007545337493099640,208,90,1,32,22,133
32,gamma,0.5,219,7660283027351968447,329,59,0,5,32,150
32,gamma,0.5,220,1002176992288608177,258,80,2,30,32,138
32,gamma,0.5,221,6597131031788936810,190,62,0,14,32,105
32,gamma,0.5,222,2121643867730774568,331,69,0,15,32,119
32,gamma,0.5,223,7567947713032712722,232,76,0,22,32,130
32,gamma,0.5,224,5986319101111723520,175,69,1,32,11,104
32,gamma,0.5,225,853651169054718672,168,68,0,32,10,99
32,gamma,0.5,226,2161740765432323064,169,69,-2,32,25,94
32,gamma,0.5,227,2284255834020773657,278,82,-3,32,12,143
32,gamma,0.5,228,7964436899694237483,257,51,1,11,32,99
32,gamma,0.5,229,180725689377802206,234,80,0,18,32,115
32,gamma,0.5,230,7681598407157140990,167,55,-1,32,9,85
32,gamma,0.5,231,371143166982059697,340,82,-1,26,32,138
32,gamma,0.5,232,2309459690600060011,262,70,1,32,6,127
32,gamma,0.5,233,8582223621527125974,453,93,-1,32,19,167
32,gamma,0.5,234,5315796040043262254,224,70,0,26,32,111
32,gamma,0.5,235,4776138937464397072,300,108,-1,28,32,162
32,gamma,0.5,236,696872495136654997,190,74,-1,32,22,112
32,gamma,0.5,237,876883862544883296,294,88,-1,32,20,144
32,gamma,0.5,238,5942529996244006320,384,80,-1,32,2,162
32,gamma,0.5,239,5742837274132427099,191,71,0,15,32,104
32,gamma,0.5,240,2197041599407215469,199,81,-4,1,32,108
32,gamma,0.5,241,1764596488630829880,174,66,0,32,8,104
32,gamma,0.5,242,1690000205314834490,316,88,0,32,30,149
32,gamma,0.5,243,9144577539857232895,395,75,2,32,7,166
32,gamma,0.5,244,964197980090645752,260,92,-3,32,20,139
32,gamma,0.5,245,5693303859194177428,388,84,-1,30,32,167
32,gamma,0.5,246,4541751137841612318,196,50,0,32,4,80
32,gamma,0.5,247,8982171219228476043,362,106,2,32,26,169
32,gamma,0.5,248,2365899973957433784,315,91,-2,32,-3,131
32,gamma,0.5,249,4920284360843457442,518,90,1,16,32,200
32,gamma,0.5,250,433682287165125728,307,75,0,32,25,125
32,gamma,0.5,251,4455923722928575970,343,109,0,27,32,161
32,gamma,0.5,252,4001941242204243140,515,65,1,32,13,171
32,gamma,0.5,253,8885458646103876263,399,97,-1,32,29,190
32,gamma,0.5,254,1816219534889230793,212,72,1,32,12,113
32,gamma,0.5,255,5331015965574122653,220,76,-2,32,4,109
32,gamma,0.5,256,5440378932888789489,266,80,1,26,32,140
32,gamma,0.5,257,1376279500212126145,446,62,2,32,2,167
32,gamma,0.5,258,4989841359466043366,299,83,0,32,21,140
32,gamma,0.5,259,463889275925392310,501,99,0,27,32,210
32,gamma,0.5,260,6855495999808689893,350,104,0,32,26,169
32,gamma,0.5,261,7066998252622839552,296,88,0,22,32,139
32,gamma,0.5,262,3301671141916409334,357,89,2,29,32,153
32,gamma,0.5,263,4094313062607093641,163,77,1,32,-3,101
32,gamma,0.5,264,2614637286283163100,559,93,-1,32,25,173
32,gamma,0.5,265,1055425096017787745,601,107,-1,32,27,268
32,gamma,0.5,266,363540433468235752,318,100,1,28,32,162
32,gamma,0.5,267,261960501654768359,252,96,0,28,32,136
32,gamma,0.5,268,2237288592725531100,295,75,0,32,21,151
32,gamma,0.5,269,19645232590713833,643,77,-2,32,25,226
32,gamma,0.5,270,8193710971827442493,259,77,1,27,32,123
32,gamma,0.5,271,7138401566608361121,429,69,0,32,25,167
32,gamma,0.5,272,53486920994238123,323,75,-1,32,19,138
32,gamma,0.5,273,6039130498255344052,281,87,2,32,13,147
32,gamma,0.5,274,1167644703896729095,385,71,0,32,17,180
32,gamma,0.5,275,8632759708474325300,262,54,-1,32,12,109
32,gamma,0.5,276,8547017149169486027,376,110,1,10,32,168
32,gamma,0.5,277,6955282201399027742,801,87,3,32,7,238
32,gamma,0.5,278,2623891982080925501,175,71,1,9,32,98
32,gamma,0.5,279,8075473264847671398,472,62,1,12,32,172
32,gamma,0.5,280,4428250874774289494,340,108,-1,28,32,160
32,gamma,0.5,281,6515112097847546050,324,84,0,32,30,141
32,gamma,0.5,282,3218078490370681450,471,89,0,32,19,185
32,gamma,0.5,283,7992965374310250980,532,58,0,32,4,174
32,gamma,0.5,284,2210635847905236469,312,66,0,6,32,131
32,gamma,0.5,285,3775877656946233072,324,82,-1,32,28,143
32,gamma,0.5,286,4098675921596101130,174,70,1,14,32,103
32,gamma,0.5,287,1799506703468032396,291,75,-1,9,32,134
32,gamma,0.5,288,2586920706381846535,254,70,1,12,32,123
32,gamma,0.5,289,5437025653285745915,263,67,0,32,13,125
32,gamma,0.5,290,9212763601007704158,283,85,1,21,32,136
32,gamma,0.5,291,773623015958499339,195,59,0,32,9,95
32,gamma,0.5,292,3547933794125226495,346,66,1,18,32,157
32,gamma,0.5,293,3559084050599690895,286,76,0,18,32,138
32,gamma,0.5,294,4498274886331196228,325,67,0,32,11,129
32,gamma,0.5,295,2729842808229340041,243,67,0,13,32,107
32,gamma,0.5,296,7548426680342382245,186,64,-2,32,8,94
32,gamma,0.5,297,1411913113646561243,386,98,0,26,32,167
32,gamma,0.5,298,2988512462320094967,188,82,0,12,32,122
32,gamma,0.5,299,2106571257201265781,141,71,0,25,32,95
32,gamma,0.5,300,8346957480973253869,370,82,-1,26,32,157
32,gamma,0.5,301,4387288448130670107,310,68,0,18,32,122
32,gamma,0.5,302,2181314894535193225,347,85,-1,32,29,153
32,gamma,0.5,303,5491570756549709202,263,73,-1,32,21,132
32,gamma,0.5,304,4207762524410447999,274,74,0,24,32,135
32,gamma,0.5,305,4132799722755753118,328,92,-1,32,20,145
32,gamma,0.5,306,1080749337232517505,222,74,0,32,2,109
32,gamma,0.5,307,9145739094517842607,377,81,0,32,31,148
32,gamma,0.5,308,5282171855009787223,187,65,0,15,32,90
32,gamma,0.5,309,5696038436567293423,278,76,0,32,20,133
32,gamma,0.5,310,3911824225487208759,233,75,1,29,32,113
32,gamma,0.5,311,7014721572053568784,397,73,-2,32,23,168
32,gamma,0.5,312,2089713221526791433,222,80,-2,32,20,118
32,gamma,0.5,313,5684928817715657606,260,94,0,32,18,139
32,gamma,0.5,314,7428822690054023658,471,77,-1,32,25,148
32,gamma,0.5,315,8178197130235427756,270,58,-1,32,12,113
32,gamma,0.5,316,264649011372878576,419,109,-1,25,32,205
32,gamma,0.5,317,299026938191703920,314,120,2,32,4,176
32,gamma,0.5,318,8320940259690022029,213,71,0,27,32,109
32,gamma,0.5,319,1959027055135406550,264,92,0,32,26,134
32,gamma,0.5,320,1645696738463283276,354,108,-4,32,22,162
32,gamma,0.5,321,431996641017834264,346,128,1,32,20,192
32,gamma,0.5,322,5902875402136983100,274,60,0,32,14,133
32,gamma,0.5,323,1240975075950562907,708,78,-1,22,32,176
32,gamma,0.5,324,2605018883708428153,391,91,1,25,32,178
32,gamma,0.5,325,3126804319311993659,329,83,-1,32,23,161
32,gamma,0.5,326,6398418768687188604,155,69,1,32,3,81
32,gamma,0.5,327,3782869243955180310,208,58,-2,32,0,87
32,gamma,0.5,328,1957352901494356314,183,89,1,29,32,119
32,gamma,0.5,329,3327733900730289990,188,62,1,32,0,86
32,gamma,0.5,330,8989198713278104245,185,59,-1,32,1,91
32,gamma,0.5,331,4148087258725994986,261,63,1,9,32,120
32,gamma,0.5,332,1138145104064672552,209,69,-1,19,32,107
32,gamma,0.5,333,6035706342149700541,287,95,0,32,25,144
32,gamma,0.5,334,174035201176011859,251,73,1,15,32,127
32,gamma,0.5,335,3745730922303619119,220,86,0,32,10,118
32,gamma,0.5,336,8362819288139896106,248,68,-1,32,14,120
32,gamma,0.5,337,8923446114150764326,191,75,-1,32,25,107
32,gamma,0.5,338,743867620153316273,181,79,0,27,32,109
32,gamma,0.5,339,4039572240334895631,174,62,-2,32,6,91
32,gamma,0.5,340,4361425271836966460,204,72,0,18,32,97
32,gamma,0.5,341,251358083830099138,261,53,0,11,32,99
32,gamma,0.5,342,1639919852016883983,166,66,3,8,32,106
32,gamma,0.5,343,5632449751220952023,425,117,1,27,32,179
32,gamma,0.5,344,2961783305888734256,376,78,1,16,32,185
32,gamma,0.5,345,5441825569965343064,171,69,-1,32,21,96
32,gamma,0.5,346,7832201358140644892,231,61,-2,32,-1,111
32,gamma,0.5,347,2203704917469228424,649,97,2,32,23,237
32,gamma,0.5,348,2261467650859133627,226,62,0,32,24,113
32,gamma,0.5,349,5980183806438285478,302,98,-1,32,30,146
32,gamma,0.5,350,4210541118400472494,479,81,1,29,32,146
32,gamma,0.5,351,4935582318943210516,344,52,0,-4,32,124
32,gamma,0.5,352,3885867727474989006,295,77,1,32,23,141
32,gamma,0.5,353,6091824936578994743,292,106,-1,30,32,166
32,gamma,0.5,354,6380026561081563158,179,69,-2,32,1,112
32,gamma,0.5,355,7131147550607633321,517,119,0,32,19,211
32,gamma,0.5,356,831474570837522929,428,84,-1,32,26,185
32,gamma,0.5,357,5961645283046329004,336,80,0,32,20,178
32,gamma,0.5,358,380766622603985379,213,71,1,32,15,114
32,gamma,0.5,359,1864303871218717477,382,70,-2,32,16,141
32,gamma,0.5,360,231391491591848796,291,107,1,32,19,155
32,gamma,0.5,361,1017747904706283196,213,93,-3,32,-7,135
32,gamma,0.5,362,5364931781676305208,324,120,0,32,6,170
32,gamma,0.5,363,1124397660103823050,421,79,-2,19,32,186
32,gamma,0.5,364,1457616294636655874,491,87,1,32,15,173
32,gamma,0.5,365,1039646259296774790,155,73,1,32,23,94
32,gamma,0.5,366,2964521629096157109,384,60,1,32,18,153
32,gamma,0.5,367,7251839470450473804,262,62,0,32,-2,112
32,gamma,0.5,368,7713858886360734082,188,58,0,2,32,92
32,gamma,0.5,369,3452735509603698444,250,72,1,32,26,133
32,gamma,0.5,370,864066921929679375,400,80,1,22,32,150
32,gamma,0.5,371,9101914827768224908,471,65,0,32,7,181
32,gamma,0.5,372,3522230510595211951,529,111,1,19,32,224
32,gamma,0.5,373,230761416088061262,180,56,-1,32,0,102
32,gamma,0.5,374,5671647341477011127,319,93,1,25,32,154
32,gamma,0.5,375,5246236353643537557,258,88,0,32,20,148
32,gamma,0.5,376,1768611997888352321,261,79,0,21,32,132
32,gamma,0.5,377,8527584181701541005,220,66,-1,32,6,105
32,gamma,0.5,378,834435812873933216,268,76,1,18,32,123
32,gamma,0.5,379,5270260369821850671,269,67,2,32,-3,117
32,gamma,0.5,380,3959493724302060454,420,92,2,24,32,193
32,gamma,0.5,381,5527001878679544559,176,64,-1,32,12,98
32,gamma,0.5,382,3864772738706243661,381,79,-2,32,31,148
32,gamma,0.5,383,1569990913791218271,371,75,0,32,21,140
32,gamma,0.5,384,2842203867026216045,158,66,0,24,32,87
32,gamma,0.5,385,5460923809568615896,359,85,-2,32,23,160
32,gamma,0.5,386,6227515537372171784,260,76,-1,10,32,134
32,gamma,0.5,387,6944032527853155893,147,47,1,7,32,80
32,gamma,0.5,388,4497486112901768203,392,66,0,4,32,146
32,gamma,0.5,389,1150627421176226022,199,65,1,32,15,103
32,gamma,0.5,390,248997180498005005,401,133,-1,25,32,197
32,gamma,0.5,391,5869290467835282667,369,89,-2,25,32,146
32,gamma,0.5,392,4050182275380920299,266,66,-1,6,32,124
32,gamma,0.5,393,8664497337826845366,414,90,-2,22,32,171
32,gamma,0.5,394,6895169815732670360,229,61,-2,32,19,104
32,gamma,0.5,395,748709959236902017,564,100,0,14,32,214
32,gamma,0.5,396,778377213700788731,229,75,1,13,32,121
32,gamma,0.5,397,4751530947292247275,329,83,0,21,32,147
32,gamma,0.5,398,836192291021333911,160,62,0,18,32,86
32,gamma,0.5,399,390778064217230002,609,97,3,9,32,212
32,gamma,0.5,400,7296781433072648540,204,56,1,8,32,104
32,gamma,0.5,401,4806105906622543802,155,63,0,17,32,93
32,gamma,0.5,402,4349819501978172055,383,77,-1,32,9,137
32,gamma,0.5,403,1467726278856280011,247,71,-1,32,11,119
32,gamma,0.5,404,5152749865701172332,143,63,-1,32,17,84
32,gamma,0.5,405,6796361077497483832,299,73,0,32,27,124
32,gamma,0.5,406,5113376000808913051,224,74,-1,32,14,120
32,gamma,0.5,407,4075010088553416854,391,83,2,17,32,171
32,gamma,0.5,408,6269659251870600529,199,71,-2,19,32,112
32,gamma,0.5,409,6593185137938914207,293,91,0,32,29,154
32,gamma,0.5,410,8357729585501565048,274,84,-1,22,32,133
32,gamma,0.5,411,2619888634067726973,263,91,-1,32,31,140
32,gamma,0.5,412,2841582964386902471,390,68,1,28,32,140
32,gamma,0.5,413,1343326656395844698,321,65,1,15,32,142
32,gamma,0.5,414,68882769212736436,224,78,1,24,32,120
32,gamma,0.5,415,5259186507142889815,295,121,1,32,11,162
32,gamma,0.5,416,7182276486516353691,168,76,0,32,12,104
32,gamma,0.5,417,1153371301912523430,532,104,0,22,32,202
32,gamma,0.5,418,2254151200421461507,352,106,1,22,32,177
32,gamma,0.5,419,603080931234318340,387,97,0,32,29,165
32,gamma,0.5,420,1016994230473290067,423,87,1,32,15,170
32,gamma,0.5,421,8542824406036746451,393,77,-1,32,21,157
32,gamma,0.5,422,7169442522805212155,195,69,-1,32,15,106
32,gamma,0.5,423,1779907287351205755,877,109,-2,32,29,241
32,gamma,0.5,424,9144681707902598395,303,55,0,32,11,112
32,gamma,0.5,425,9187341232696705493,611,117,1,25,32,198
32,gamma,0.5,426,4597370434541401003,97,49,0,13,32,60
32,gamma,0.5,427,3126273419252785292,309,73,-1,21,32,134
32,gamma,0.5,428,8597530572718549036,392,98,-1,22,32,179
32,gamma,0.5,429,3741611572891330668,156,54,0,12,32,83
32,gamma,0.5,430,8974277849153801680,199,83,1,31,32,116
32,gamma,0.5,431,3884452411696079406,233,81,1,15,32,123
32,gamma,0.5,432,362747592343473500,413,63,-1,32,23,148
32,gamma,0.5,433,6169879380364933662,540,84,-1,24,32,167
32,gamma,0.5,434,7840306074037950787,265,85,1,25,32,137
32,gamma,0.5,435,1169293763573915883,395,79,1,25,32,148
32,gamma,0.5,436,2772899963942376142,285,81,2,7,32,130
32,gamma,0.5,437,5527248859089611618,281,93,-1,21,32,142
32,gamma,0.5,438,2541093116823793610,263,93,-1,32,23,143
32,gamma,0.5,439,3780639661015401817,470,74,1,6,32,146
32,gamma,0.5,440,5511689451085832721,256,90,0,32,24,124
32,gamma,0.5,441,1018245789226822330,243,77,0,32,25,123
32,gamma,0.5,442,4309693500964826615,492,98,0,24,32,189
32,gamma,0.5,443,2624653657553416280,364,88,-1,32,18,161
32,gamma,0.5,444,7738616921900684408,512,80,1,22,32,188
32,gamma,0.5,445,3351630393333230223,222,78,1,-2,32,113
32,gamma,0.5,446,6283116615694963969,310,88,-2,20,32,154
32,gamma,0.5,447,6855917848526666739,375,65,-1,32,13,126
32,gamma,0.5,448,2990234812781395067,306,70,1,32,6,138
32,gamma,0.5,449,6383292269060082904,317,73,-2,32,21,120
32,gamma,0.5,450,6386528448207173301,204,60,1,32,6,107
32,gamma,0.5,451,1138964055955350835,213,99,1,29,32,129
32,gamma,0.5,452,8874569108312286099,223,69,-1,-9,32,92
32,gamma,0.5,453,4202114204980528669,219,57,1,32,11,100
32,gamma,0.5,454,1327243555601136187,211,65,-1,11,32,102
32,gamma,0.5,455,3110006286301053173,243,71,0,19,32,112
32,gamma,0.5,456,2138447233224465132,290,84,1,30,32,145
32,gamma,0.5,457,2271291179480817318,331,89,-2,25,32,154
32,gamma,0.5,458,5542068559323547540,346,106,0,32,28,155
32,gamma,0.5,459,4206576665507913930,189,59,-1,32,15,99
32,gamma,0.5,460,3436120489541390421,560,66,-1,32,10,169
32,gamma,0.5,461,4062125019511233406,181,77,0,32,13,109
32,gamma,0.5,462,2082554905928284158,433,79,1,31,32,192
32,gamma,0.5,463,6602916306335855223,294,66,1,32,10,150
32,gamma,0.5,464,1469740932448830701,179,73,0,32,21,102
32,gamma,0.5,465,1673803560300248635,240,88,-1,32,22,136
32,gamma,0.5,466,106573617965914323,434,62,0,32,14,154
32,gamma,0.5,467,3011715665547215585,251,83,-2,32,19,139
32,gamma,0.5,468,558784727253208809,144,64,0,32,16,83
32,gamma,0.5,469,4843329177719737091,477,125,-1,21,32,213
32,gamma,0.5,470,1693307864742865628,353,63,-1,32,11,113
32,gamma,0.5,471,4866947188192716760,305,87,2,31,32,139
32,gamma,0.5,472,844800144065474397,406,88,1,30,32,169
32,gamma,0.5,473,9118814944672288179,428,112,1,4,32,205
32,gamma,0.5,474,8785472273231145635,249,99,1,21,32,146
32,gamma,0.5,475,9019934741866735267,286,78,0,20,32,137
32,gamma,0.5,476,1224350322123647827,242,76,1,18,32,125
32,gamma,0.5,477,4917440948150535225,243,95,3,15,32,131
32,gamma,0.5,478,6168531002522700354,240,88,1,28,32,130
32,gamma,0.5,479,6874242975710787061,171,71,1,32,23,101
32,gamma,0.5,480,4386194601240802877,747,91,-1,11,32,235
32,gamma,0.5,481,4339159918511246118,154,54,0,32,6,92
32,gamma,0.5,482,6967017864891078161,276,94,-1,12,32,133
32,gamma,0.5,483,2982448585989137305,267,77,1,15,32,131
32,gamma,0.5,484,4879554420287451578,231,69,0,17,32,103
32,gamma,0.5,485,5162622317017309440,356,108,1,32,16,159
32,gamma,0.5,486,860238190711345425,141,61,-1,11,32,83
32,gamma,0.5,487,5605989759921288959,316,72,-1,14,32,141
32,gamma,0.5,488,1586807295013320830,229,71,0,32,13,117
32,gamma,0.5,489,4553162984728936312,285,57,2,32,3,114
32,gamma,0.5,490,7078038593098729519,411,121,1,27,32,190
32,gamma,0.5,491,3677622798715420861,273,61,-1,-1,32,114
32,gamma,0.5,492,2233226247931281332,254,72,-1,32,22,128
32,gamma,0.5,493,889170960600089609,231,81,0,5,32,125
32,gamma,0.5,494,7572859301768971009,222,68,0,10,32,118
32,gamma,0.5,495,1662342397889969795,274,66,1,32,10,117
32,gamma,0.5,496,8889771797015534439,170,56,-1,32,10,91
32,gamma,0.5,497,6212932450095141773,384,96,2,32,14,166
32,gamma,0.5,498,7305286226410223364,216,74,-1,4,32,103
32,gamma,0.5,499,7913014576959944309,185,67,0,25,32,104
32,gamma,0.5,500,4730882700361103431,475,93,1,27,32,187
32,gamma,0.5,501,8574611345199515535,153,63,-1,17,32,80
32,gamma,0.5,502,4432848075344333229,240,70,1,12,32,117
32,gamma,0.5,503,3025139586361936974,256,84,-1,32,10,116
32,gamma,0.5,504,8229886221154993279,853,129,1,32,29,330
32,gamma,0.5,505,188376655927089281,231,73,0,32,23,116
32,gamma,0.5,506,5318208594374638530,199,83,0,32,29,107
32,gamma,0.5,507,4339863497836144838,471,63,0,15,32,202
32,gamma,0.5,508,5858648572157507498,310,98,0,32,26,162
32,gamma,0.5,509,8742866630290357378,248,56,0,32,4,108
32,gamma,0.5,510,7965750146609557150,318,62,-2,8,32,109
32,gamma,0.5,511,9213722986159195921,296,114,0,22,32,163
32,gamma,0.5,512,3301253133381487130,253,95,0,32,23,129
32,gamma,0.5,513,2651436442508509603,277,67,-2,32,19,128
32,gamma,0.5,514,3507867468538779543,294,92,1,32,26,150
32,gamma,0.5,515,793116597320198512,122,52,1,6,32,68
32,gamma,0.5,516,3341105095159937739,152,56,0,32,14,74
32,gamma,0.5,517,3880024914420167181,278,70,1,14,32,119
32,gamma,0.5,518,3873868687086248202,336,90,2,14,32,161
32,gamma,0.5,519,6211390273731915143,262,78,0,28,32,126
32,gamma,0.5,520,382570286634013283,339,71,-1,32,19,134
32,gamma,0.5,521,5771955657620600636,286,86,1,32,22,137
32,gamma,0.5,522,6874329356596137473,263,79,-2,32,15,124
32,gamma,0.5,523,6958690640635101433,210,60,1,14,32,112
32,gamma,0.5,524,3592487012742940840,184,82,0,32,26,104
32,gamma,0.5,525,7573009919508125440,446,82,0,18,32,187
32,gamma,0.5,526,1811775290264638028,662,70,0,10,32,243
32,gamma,0.5,527,2039037519571136474,311,87,-1,32,25,146
32,gamma,0.5,528,8796537871115408031,308,96,2,20,32,139
32,gamma,0.5,529,6234986429825936050,462,62,-1,32,6,129
32,gamma,0.5,530,1998068463834641037,222,72,0,24,32,116
32,gamma,0.5,531,3759252569840835917,474,66,2,32,4,161
32,gamma,0.5,532,5579946885160039800,371,99,-3,32,19,152
32,gamma,0.5,533,1080410623514881668,284,58,0,32,16,113
32,gamma,0.5,534,8577295581133538468,235,73,2,17,32,119
32,gamma,0.5,535,913495526093946215,217,85,1,27,32,118
32,gamma,0.5,536,4956101782279303349,596,92,-1,32,14,214
32,gamma,0.5,537,6249473877440000383,265,63,0,32,15,122
32,gamma,0.5,538,788494226571282283,395,91,2,27,32,190
32,gamma,0.5,539,7691046724772567941,290,74,-1,32,30,152
32,gamma,0.5,540,4785747081201689752,226,58,-1,32,18,116
32,gamma,0.5,541,8313775413345748853,188,62,0,32,20,103
32,gamma,0.5,542,5507472247342667804,348,70,1,16,32,154
32,gamma,0.5,543,6370971342463617716,310,96,1,18,32,143
32,gamma,0.5,544,8676232135665533213,268,78,0,32,18,124
32,gamma,0.5,545,3573088215859335732,211,67,0,17,32,106
32,gamma,0.5,546,368484804518549739,277,75,0,32,21,130
32,gamma,0.5,547,6998221379535055903,175,63,-1,32,17,88
32,gamma,0.5,548,1738199106035056210,254,70,0,32,26,125
32,gamma,0.5,549,5890723349441404737,235,81,1,29,32,121
32,gamma,0.5,550,3769466527448514519,184,70,-1,32,18,108
32,gamma,0.5,551,8152480183612439088,226,86,0,24,32,130
32,gamma,0.5,552,922360674065810699,422,70,-1,32,16,147
32,gamma,0.5,553,4499855733792027105,230,78,-1,32,24,120
32,gamma,0.5,554,6650606896684858786,170,90,3,32,12,105
32,gamma,0.5,555,8237334246446405013,207,91,-1,27,32,120
32,gamma,0.5,556,2509027068825647972,316,108,0,32,26,146
32,gamma,0.5,557,3451285564827453569,498,80,2,28,32,179
32,gamma,0.5,558,1012160476012892144,281,65,0,32,13,142
32,gamma,0.5,559,5870675750441610698,433,95,1,19,32,180
32,gamma,0.5,560,4427280307100664292,342,76,0,28,32,125
32,gamma,0.5,561,1673311088370179692,292,82,-1,24,32,135
32,gamma,0.5,562,654880684741028351,151,61,0,32,5,81
32,gamma,0.5,563,3581262238934053464,329,67,1,-3,32,122
32,gamma,0.5,564,6902152537683808770,279,75,2,21,32,120
32,gamma,0.5,565,5659651354306946813,420,92,-1,24,32,173
32,gamma,0.5,566,7748485907688786614,179,69,0,5,32,107
32,gamma,0.5,567,4148255178697212926,268,62,-1,18,32,100
32,gamma,0.5,568,500350325163768924,525,95,0,32,29,197
32,gamma,0.5,569,4677651801744528488,294,96,-1,24,32,149
32,gamma,0.5,570,4538458340349681069,238,84,-1,32,20,130
32,gamma,0.5,571,6874326320384092587,198,86,0,32,24,114
32,gamma,0.5,572,6673651352091502762,257,87,-1,32,27,129
32,gamma,0.5,573,7895280993067164091,322,110,2,16,32,164
32,gamma,0.5,574,983172378834289837,570,162,2,26,32,272
32,gamma,0.5,575,2029206254970735513,288,78,0,20,32,125
32,gamma,0.5,576,7487495885051719174,311,93,0,32,25,153
32,gamma,0.5,577,8273021604206661575,476,90,-1,8,32,157
32,gamma,0.5,578,5293170529947015599,240,78,0,32,20,117
32,gamma,0.5,579,960472539869041488,392,88,0,32,20,156
32,gamma,0.5,580,6225524760256297624,233,67,1,11,32,98
32,gamma,0.5,581,7041769527208449729,178,52,0,32,0,80
32,gamma,0.5,582,5048908571715880934,230,72,0,26,32,117
32,gamma,0.5,583,964765348460297599,806,90,0,22,32,234
32,gamma,0.5,584,9008420641372449583,143,61,-1,15,32,82
32,gamma,0.5,585,5081688582180163601,611,91,1,21,32,209
32,gamma,0.5,586,3035341971484456845,276,80,0,32,26,120
32,gamma,0.5,587,2308731972123510750,156,54,0,32,10,81
32,gamma,0.5,588,1629026857955116578,265,75,0,32,15,127
32,gamma,0.5,589,9084433374185311489,212,78,1,20,32,112
32,gamma,0.5,590,4065532052078632823,325,69,-1,32,11,122
32,gamma,0.5,591,1551337261194467418,352,114,-1,6,32,179
32,gamma,0.5,592,4271271861552355885,155,61,1,13,32,95
32,gamma,0.5,593,4468247878527634174,210,72,0,32,22,101
32,gamma,0.5,594,5571030894815122840,209,63,-1,17,32,103
32,gamma,0.5,595,8882360504928856909,555,75,0,19,32,181
32,gamma,0.5,596,254061912959360546,520,114,-1,24,32,215
32,gamma,0.5,597,4071314924510349036,252,90,1,26,32,121
32,gamma,0.5,598,3272510261312868357,424,62,1,8,32,159
32,gamma,0.5,599,1666477787806197080,245,81,0,32,23,122
32,gamma,0.5,600,7869304861321777439,298,104,0,32,20,143
32,gamma,0.5,601,5256609180708537897,148,76,1,16,32,100
32,gamma,0.5,602,7684276908095891589,390,80,-2,32,30,156
32,gamma,0.5,603,5213140680272824721,261,97,0,32,21,148
32,gamma,0.5,604,5696321136200838889,206,76,0,22,32,116
32,gamma,0.5,605,4396844452818263195,205,71,1,9,32,98
32,gamma,0.5,606,6609846885894839086,344,88,1,10,32,175
32,gamma,0.5,607,7421252154231639714,330,70,-1,-2,32,137
32,gamma,0.5,608,3376624829221689821,305,77,-2,32,17,133
32,gamma,0.5,609,4822535207536775965,340,98,-2,32,12,173
32,gamma,0.5,610,720872608938195291,265,63,-1,32,7,112
32,gamma,0.5,611,1927418852050343238,189,67,1,32,17,96
32,gamma,0.5,612,1539317578839085593,398,118,1,32,8,187
32,gamma,0.5,613,6254145898307289803,632,102,0,32,22,236
32,gamma,0.5,614,5957255850894095353,191,59,0,32,15,91
32,gamma,0.5,615,3470667028110341067,361,111,-1,32,25,176
32,gamma,0.5,616,6428832594854504179,235,67,0,19,32,121
32,gamma,0.5,617,3111734811836139711,267,87,-1,32,17,143
32,gamma,0.5,618,5080806567440086056,431,81,0,29,32,191
32,gamma,0.5,619,6022957867899523583,127,67,-1,32,25,82
32,gamma,0.5,620,4749815359767587235,258,82,0,32,26,124
32,gamma,0.5,621,7049513867203705314,316,102,0,28,32,150
32,gamma,0.5,622,6902320962305934913,440,86,2,32,24,191
32,gamma,0.5,623,203644637159770706,153,59,0,32,1,80
32,gamma,0.5,624,5863155931653264966,311,65,1,32,-3,145
32,gamma,0.5,625,3955099397120110175,279,55,-1,32,11,131
32,gamma,0.5,626,2366701867627397401,300,88,-4,32,30,139
32,gamma,0.5,627,4794268621957115936,274,70,0,0,32,118
32,gamma,0.5,628,105826709709813996,662,86,0,28,32,230
32,gamma,0.5,629,7614592030289278325,303,83,0,19,32,144
32,gamma,0.5,630,2923381543834176526,442,74,-3,32,18,176
32,gamma,0.5,631,9195306118862199040,271,93,1,32,25,135
32,gamma,0.5,632,6246691025409970092,461,127,0,11,32,208
32,gamma,0.5,633,7821758622881148124,326,94,0,26,32,170
32,gamma,0.5,634,2328800929800729546,335,81,-2,25,32,141
32,gamma,0.5,635,2873809114364562510,254,74,2,32,20,112
32,gamma,0.5,636,5146228041134955201,580,64,0,4,32,174
32,gamma,0.5,637,1229305405039038650,185,83,0,32,31,111
32,gamma,0.5,638,6595724339965307053,158,66,0,32,4,94
32,gamma,0.5,639,8276989142695702515,253,89,-1,7,32,130
32,gamma,0.5,640,3921841267047816586,245,71,-1,32,23,139
32,gamma,0.5,641,4895121177918209424,452,96,0,32,22,188
32,gamma,0.5,642,1035553086884678272,193,65,1,3,32,96
32,gamma,0.5,643,6042506869507010017,285,57,-1,32,9,118
32,gamma,0.5,644,6940917880029195305,310,98,0,32,26,142
32,gamma,0.5,645,7345516504036546235,146,72,0,32,-6,96
32,gamma,0.5,646,368821125346724795,539,65,-1,32,11,171
32,gamma,0.5,647,4319278572010960358,341,85,-1,32,27,151
32,gamma,0.5,648,1539089238860150897,275,89,-2,32,21,140
32,gamma,0.5,649,4784003254965001980,323,87,2,21,32,150
32,gamma,0.5,650,7354730531689737453,169,65,-2,32,17,103
32,gamma,0.5,651,2292285184234384258,184,70,-1,32,10,117
32,gamma,0.5,652,3662096498250040199,163,77,1,5,32,113
32,gamma,0.5,653,189254601511412833,143,65,0,15,32,89
32,gamma,0.5,654,3852656386349862979,177,63,0,32,7,90
32,gamma,0.5,655,4022087517928616638,247,113,-2,32,25,146
32,gamma,0.5,656,8012922816314801236,431,109,-2,32,27,189
32,gamma,0.5,657,5441596736525542003,435,77,1,32,-11,156
32,gamma,0.5,658,1141136719919223252,249,99,-1,29,32,141
32,gamma,0.5,659,6247598129938380856,217,79,0,32,11,119
32,gamma,0.5,660,6519958110891678612,287,91,-1,32,25,147
32,gamma,0.5,661,8171567378801261251,312,94,1,26,32,147
32,gamma,0.5,662,5374118880414735721,363,79,1,13,32,158
32,gamma,0.5,663,5772122129395301959,203,85,0,32,29,126
32,gamma,0.5,664,7598021584410945131,222,54,1,8,32,100
32,gamma,0.5,665,7963340404001997202,262,76,0,18,32,125
32,gamma,0.5,666,8371944546127222997,413,83,0,23,32,150
32,gamma,0.5,667,6946765551939329161,195,71,0,17,32,113
32,gamma,0.5,668,1922177741404625061,386,110,0,20,32,172
32,gamma,0.5,669,108472194188435228,305,85,-1,32,19,136
32,gamma,0.5,670,5095943218178312809,275,79,-1,32,21,125
32,gamma,0.5,671,481562082134932509,110,70,0,32,8,79
32,gamma,0.5,672,6965377264731989492,188,54,0,-6,32,88
32,gamma,0.5,673,7757452108496430361,448,74,-4,6,32,173
32,gamma,0.5,674,1078584041628813220,246,84,1,24,32,124
32,gamma,0.5,675,4639941056693254738,487,123,0,32,29,201
32,gamma,0.5,676,8681674618127717255,301,69,-1,32,23,134
32,gamma,0.5,677,2280258777849281374,451,97,-1,32,21,190
32,gamma,0.5,678,7338630724077937589,602,66,0,32,16,168
32,gamma,0.5,679,855530822053323783,291,81,0,32,25,130
32,gamma,0.5,680,5904106125118542167,425,85,0,23,32,168
32,gamma,0.5,681,4394970404016895311,266,62,-1,32,18,112
32,gamma,0.5,682,6856669800417209132,130,66,0,22,32,87
32,gamma,0.5,683,1306928650054276255,189,83,-1,32,21,104
32,gamma,0.5,684,2942695062977036663,340,68,0,8,32,163
32,gamma,0.5,685,1265309429230998426,224,78,2,22,32,112
32,gamma,0.5,686,9129504936418086627,263,73,-1,32,23,133
32,gamma,0.5,687,391915282651542217,391,77,-1,32,7,117
32,gamma,0.5,688,3345266393762717963,237,79,1,32,17,114
32,gamma,0.5,689,4079842713375073965,240,78,1,12,32,125
32,gamma,0.5,690,9006911761928688951,224,64,-1,32,16,100
32,gamma,0.5,691,747780421817631029,432,102,0,32,16,157
32,gamma,0.5,692,4654874020362343188,313,79,-2,32,11,140
32,gamma,0.5,693,940108425926146599,420,76,0,32,10,177
32,gamma,0.5,694,8993750067656347255,293,71,0,32,23,109
32,gamma,0.5,695,8797619373367659854,241,61,1,32,7,114
32,gamma,0.5,696,9201214324666283833,292,88,0,32,30,140
32,gamma,0.5,697,8022284567755964657,318,76,0,22,32,125
32,gamma,0.5,698,1080104126347322207,638,110,0,20,32,250
32,gamma,0.5,699,6770137417580151346,243,73,1,15,32,118
64,gamma,0.5,0,6632307943427940364,450,196,-2,64,50,274
64,gamma,0.5,1,7152288686620349054,889,229,1,55,64,393
64,gamma,0.5,2,7647588619856519307,576,172,2,36,64,278
64,gamma,0.5,3,7718969082121835609,567,159,-1,64,7,265
64,gamma,0.5,4,1316043395750609363,779,217,0,51,64,367
64,gamma,0.5,5,3923583827766873293,663,185,1,64,49,306
64,gamma,0.5,6,9044161550238900886,452,142,-1,10,64,237
64,gamma,0.5,7,8302823736503769117,840,196,-1,44,64,339
64,gamma,0.5,8,623609422012424310,601,195,2,64,57,315
64,gamma,0.5,9,8673620524479949926,647,169,2,63,64,309
64,gamma,0.5,10,2471739955353412771,752,156,-1,64,52,308
64,gamma,0.5,11,2757632743346362079,640,162,-2,48,64,300
64,gamma,0.5,12,2863704376430701401,612,128,1,64,-2,277
64,gamma,0.5,13,8482829520979399625,599,137,0,25,64,264
64,gamma,0.5,14,1200601903283640080,505,173,-2,64,63,264
64,gamma,0.5,15,4981969581876331395,788,196,2,54,64,341
64,gamma,0.5,16,8918449537498647209,1112,226,-1,64,50,508
64,gamma,0.5,17,5874941261777765018,584,162,-2,26,64,285
64,gamma,0.5,18,7056693364968553999,609,175,1,53,64,271
64,gamma,0.5,19,6192544883331519144,653,151,-3,33,64,292
64,gamma,0.5,20,3908962167745576642,658,206,-2,64,58,307
64,gamma,0.5,21,430001477413931379,599,181,-4,64,25,297
64,gamma,0.5,22,7960653540110439567,667,177,0,55,64,294
64,gamma,0.5,23,6477553850788612521,738,196,3,26,64,366
64,gamma,0.5,24,1319418088280959888,363,113,0,64,25,195
64,gamma,0.5,25,4250099866091843419,760,202,-1,64,50,322
64,gamma,0.5,26,7846986596248633520,601,145,1,31,64,257
64,gamma,0.5,27,2443898320532530103,520,146,-1,64,38,231
64,gamma,0.5,28,1587801655003757632,567,135,-1,64,35,243
64,gamma,0.5,29,4459436186056731886,467,149,0,31,64,222
64,gamma,0.5,30,4290478833691442335,598,164,-2,64,54,294
64,gamma,0.5,31,7328141555131897339,620,180,0,64,60,283
64,gamma,0.5,32,7330341669309043299,720,170,1,56,64,296
64,gamma,0.5,33,6388107082299812976,729,199,0,64,43,357
64,gamma,0.5,34,2663796930723168524,818,182,-3,40,64,357
64,gamma,0.5,35,3208788034618703846,428,140,0,64,48,226
64,gamma,0.5,36,9216066909750765903,416,156,1,16,64,221
64,gamma,0.5,37,7842027100596658689,481,157,2,64,41,254
64,gamma,0.5,38,2358090490082560081,473,149,2,35,64,239
64,gamma,0.5,39,1038608624167416398,521,167,0,55,64,265
64,gamma,0.5,40,3867095395389346117,708,154,-2,64,52,322
64,gamma,0.5,41,4196447154217516913,506,174,0,42,64,283
64,gamma,0.5,42,8801978853220815124,1004,188,0,60,64,402
64,gamma,0.5,43,6514120544115452028,382,128,-1,64,38,180
64,gamma,0.5,44,8314751217678938919,540,148,2,58,64,226
64,gamma,0.5,45,2596911995913527916,567,155,0,17,64,256
64,gamma,0.5,46,3650965203023438321,975,209,2,64,59,420
64,gamma,0.5,47,8829011968911342260,637,173,1,49,64,276
64,gamma,0.5,48,2898958778854512705,616,174,1,64,44,298
64,gamma,0.5,49,2917946067978658290,624,194,1,64,52,313
64,gamma,0.5,50,469263043373103721,667,213,1,55,64,318
64,gamma,0.5,51,3875622451633105270,448,126,-1,64,32,218
64,gamma,0.5,52,3911258609237667510,585,185,1,59,64,288
64,gamma,0.5,53,6065307141248620935,568,194,0,60,64,284
64,gamma,0.5,54,4617108472672445335,601,191,0,64,55,300
64,gamma,0.5,55,7158883577705013948,885,205,0,59,64,390
64,gamma,0.5,56,8560436396961080887,828,194,0,44,64,366
64,gamma,0.5,57,403161102063768336,534,132,1,38,64,247
64,gamma,0.5,58,8315529162702319931,761,201,-1,64,61,358
64,gamma,0.5,59,8247632726181370065,470,138,-2,32,64,231
64,gamma,0.5,60,6513634826140301916,1281,213,0,61,64,404
64,gamma,0.5,61,8130615679609689061,540,164,-1,64,50,260
64,gamma,0.5,62,5615510085436227189,622,164,1,44,64,268
64,gamma,0.5,63,6998282150261641020,839,183,0,64,55,384
64,gamma,0.5,64,7199252799272862860,524,148,1,64,34,245
64,gamma,0.5,65,6126490206799208959,903,191,0,64,53,357
64,gamma,0.5,66,2589063254739122991,676,188,1,54,64,334
64,gamma,0.5,67,2642490633012002398,699,163,2,35,64,292
64,gamma,0.5,68,6617593188741443873,838,170,0,64,58,317
64,gamma,0.5,69,2441606418362377962,813,185,1,43,64,370
64,gamma,0.5,70,6284440452133722997,614,216,4,52,64,335
64,gamma,0.5,71,907777272874044599,1462,182,-1,64,62,395
64,gamma,0.5,72,4527824022552151016,568,200,1,64,42,297
64,gamma,0.5,73,8338645439566319726,850,180,3,30,64,348
64,gamma,0.5,74,5666634998423411445,518,174,1,64,38,270
64,gamma,0.5,75,5138973580021168966,420,146,1,64,54,234
64,gamma,0.5,76,3540712843272968549,524,178,2,64,46,264
64,gamma,0.5,77,2983576811643986464,502,132,0,12,64,226
64,gamma,0.5,78,1358793858479299476,537,185,0,35,64,295
64,gamma,0.5,79,8249884015260835066,810,172,-1,46,64,337
64,gamma,0.5,80,7855245309308860620,759,161,0,31,64,327
64,gamma,0.5,81,183395071344815776,648,192,0,56,64,287
64,gamma,0.5,82,9091154011376961322,716,186,2,48,64,309
64,gamma,0.5,83,95154954596418345,745,177,1,64,51,328
64,gamma,0.5,84,2649145103093433846,918,204,-1,64,62,397
64,gamma,0.5,85,7063349876287472851,472,116,0,64,26,215
64,gamma,0.5,86,4918412628068502950,567,159,0,37,64,262
64,gamma,0.5,87,6064393032986934913,1157,281,0,64,51,492
64,gamma,0.5,88,104101329315030347,440,178,0,64,60,253
64,gamma,0.5,89,2527431821157571243,535,173,1,64,47,280
64,gamma,0.5,90,7526184095305474554,740,156,-1,40,64,284
64,gamma,0.5,91,6254751288225339276,654,136,1,64,26,287
64,gamma,0.5,92,6090718239571412483,585,145,0,25,64,274
64,gamma,0.5,93,2282954011617865140,743,189,0,27,64,307
64,gamma,0.5,94,7955710642059782212,780,154,1,28,64,293
64,gamma,0.5,95,3524132929724132692,463,143,1,64,33,217
64,gamma,0.5,96,3180704602815303322,572,148,1,42,64,277
64,gamma,0.5,97,4210475710611187432,524,162,0,64,22,243
64,gamma,0.5,98,8468076564358129600,801,185,1,59,64,324
64,gamma,0.5,99,6361521090693631778,648,164,-2,64,22,279
64,gamma,0.5,100,4362839236389824970,841,167,0,45,64,323
64,gamma,0.5,101,3174933160248677434,729,175,1,61,64,307
64,gamma,0.5,102,2129041864517631458,474,138,1,46,64,239
64,gamma,0.5,103,6132084520019277574,838,182,0,64,50,378
64,gamma,0.5,104,3476929961210361452,589,177,-1,64,51,298
64,gamma,0.5,105,4094151197622860473,708,176,0,64,58,277
64,gamma,0.5,106,3582286815454254922,986,164,0,38,64,371
64,gamma,0.5,107,5013689558583859615,678,178,-1,58,64,289
64,gamma,0.5,108,4066228966589412055,448,148,-2,64,46,227
64,gamma,0.5,109,643406289771657832,483,171,2,53,64,256
64,gamma,0.5,110,4755370422024207072,807,155,0,64,31,313
64,gamma,0.5,111,7665939481703574869,763,177,0,64,41,326
64,gamma,0.5,112,3480994737598093253,470,136,0,18,64,225
64,gamma,0.5,113,1451658886840884218,873,187,-1,64,55,383
64,gamma,0.5,114,3155055832317574712,565,203,-1,64,53,294
64,gamma,0.5,115,6551277691992317037,504,156,1,32,64,233
64,gamma,0.5,116,1990013142456973371,520,168,-1,64,48,271
64,gamma,0.5,117,2060495777967874842,619,179,1,64,53,309
64,gamma,0.5,118,1889138212700191690,556,156,-1,26,64,274
64,gamma,0.5,119,3750611971459516577,454,166,0,36,64,255
64,gamma,0.5,120,6984160942032048359,1053,195,0,64,59,412
64,gamma,0.5,121,6223945878458147969,567,165,0,64,37,271
64,gamma,0.5,122,158582849983105836,673,179,-2,64,45,295
64,gamma,0.5,123,5767261599959259563,927,165,1,47,64,360
64,gamma,0.5,124,1835719996052024170,709,199,-1,64,53,339
64,gamma,0.5,125,415201686206072536,650,180,-1,64,52,322
64,gamma,0.5,126,6430216208590533581,575,139,0,39,64,250
64,gamma,0.5,127,7100116336241084552,1057,183,-1,64,51,405
64,gamma,0.5,128,229159152425102970,485,141,1,33,64,250
64,gamma,0.5,129,4037242402891087533,454,174,-1,64,52,247
64,gamma,0.5,130,3620287084877322042,577,145,-2,29,64,257
64,gamma,0.5,131,4957152422263502678,922,172,-1,64,34,316
64,gamma,0.5,132,8461865694733794452,710,158,0,42,64,277
64,gamma,0.5,133,4594963492505760740,840,176,-1,58,64,339
64,gamma,0.5,134,5255868244693528023,872,206,-2,64,58,352
64,gamma,0.5,135,3739235831984591925,470,150,0,64,42,233
64,gamma,0.5,136,3086400110464840360,545,135,-1,29,64,243
64,gamma,0.5,137,4949093123108194043,484,126,-1,64,32,220
64,gamma,0.5,138,6219186814538611393,628,146,2,64,24,264
64,gamma,0.5,139,8122926836576422339,430,140,3,38,64,237
64,gamma,0.5,140,8766319066482766446,424,112,0,64,32,200
64,gamma,0.5,141,7156277524271240757,858,158,-1,64,42,316
64,gamma,0.5,142,5843607539990381011,593,137,3,35,64,245
64,gamma,0.5,143,2144435505062217954,615,207,-4,45,64,326
64,gamma,0.5,144,8119317609984115983,590,146,1,52,64,262
64,gamma,0.5,145,2086710837277300339,535,169,1,55,64,254
64,gamma,0.5,146,7282206328492302248,601,163,-1,64,23,283
64,gamma,0.5,147,3435221339963760839,696,200,-1,56,64,312
64,gamma,0.5,148,4090069379459522103,582,192,-1,38,64,282
64,gamma,0.5,149,4941597596606734597,679,191,-1,64,61,328
64,gamma,0.5,150,8976433537853462525,523,169,1,59,64,265
64,gamma,0.5,151,664231529960904365,640,162,1,64,46,282
64,gamma,0.5,152,4254852972422846057,510,182,-2,40,64,283
64,gamma,0.5,153,1431495960247783412,675,169,-1,64,33,291
64,gamma,0.5,154,901433710548097975,538,156,1,42,64,253
64,gamma,0.5,155,7423193032856433185,500,134,2,64,34,236
64,gamma,0.5,156,1412549607323155507,545,147,1,45,64,274
64,gamma,0.5,157,4123933788704071468,678,190,1,56,64,330
64,gamma,0.5,158,5312445448009899979,605,129,0,33,64,267
64,gamma,0.5,159,5853813472239762866,821,211,-1,64,57,358
64,gamma,0.5,160,5035254544848947183,1068,196,-2,64,58,434
64,gamma,0.5,161,2746846662799165600,539,137,0,35,64,244
64,gamma,0.5,162,1525770141116066691,745,167,-1,64,57,321
64,gamma,0.5,163,5851195326100630297,804,164,-2,64,42,317
64,gamma,0.5,164,89102036619035777,628,192,1,58,64,305
64,gamma,0.5,165,5776082549212313538,391,145,0,64,39,199
64,gamma,0.5,166,5569500746387174704,532,152,1,58,64,259
64,gamma,0.5,167,6949887590744826032,780,200,1,24,64,321
64,gamma,0.5,168,1899315453012691514,523,147,1,35,64,246
64,gamma,0.5,169,1064918170710664972,473,155,1,64,49,245
64,gamma,0.5,170,632268994872781403,434,140,0,64,32,224
64,gamma,0.5,171,6408690905229339176,534,190,0,36,64,271
64,gamma,0.5,172,5947794196985256723,463,161,-1,64,59,239
64,gamma,0.5,173,672754448189370740,629,137,0,47,64,256
64,gamma,0.5,174,6079233025179850157,490,146,0,32,64,226
64,gamma,0.5,175,8593446605736886549,415,141,0,64,39,225
64,gamma,0.5,176,421142433572368061,676,202,-1,64,42,330
64,gamma,0.5,177,1906862343122578043,670,166,0,64,36,341
64,gamma,0.5,178,7136096380468029212,682,196,1,60,64,312
64,gamma,0.5,179,4985043060426063850,636,190,0,64,56,313
64,gamma,0.5,180,3440122809876193305,782,184,0,60,64,358
64,gamma,0.5,181,5039717991105652634,1005,197,-1,64,57,422
64,gamma,0.5,182,3344625811691078315,565,227,-1,64,51,306
64,gamma,0.5,183,38890916202459885,784,162,-1,64,46,326
64,gamma,0.5,184,5222304712280902428,584,140,2,10,64,244
64,gamma,0.5,185,3806204297007062556,670,184,-2,64,46,313
64,gamma,0.5,186,894238217865226350,849,175,0,53,64,363
64,gamma,0.5,187,2279956291772946448,374,146,-1,64,24,205
64,gamma,0.5,188,381381059109917733,741,159,1,43,64,289
64,gamma,0.5,189,653395544527132645,627,197,0,64,59,312
64,gamma,0.5,190,2006554278597555162,492,144,-1,64,52,235
64,gamma,0.5,191,7086894395591497343,528,138,-2,64,28,250
64,gamma,0.5,192,302868167392486783,653,181,1,59,64,301
64,gamma,0.5,193,2873063510345817560,1081,199,0,64,55,406
64,gamma,0.5,194,2529681638330404723,484,126,0,16,64,220
64,gamma,0.5,195,5324117458664577436,611,179,2,64,57,290
64,gamma,0.5,196,4852153118064223796,903,155,0,37,64,309
64,gamma,0.5,197,1697577798305927629,500,120,0,36,64,241
64,gamma,0.5,198,5677183282204805293,776,186,1,48,64,328
64,gamma,0.5,199,5086723877821782294,718,186,-1,64,36,315
64,gamma,0.5,200,7562737427031745472,573,145,1,31,64,264
64,gamma,0.5,201,2385176680055886765,493,169,-1,64,63,263
64,gamma,0.5,202,896225757935911464,513,157,1,37,64,256
64,gamma,0.5,203,329220001919875797,704,194,-2,52,64,322
64,gamma,0.5,204,1292169441289239755,368,138,-2,34,64,197
64,gamma,0.5,205,3748975630642181125,458,152,-2,64,44,244
64,gamma,0.5,206,112780521236134753,450,154,0,64,40,230
64,gamma,0.5,207,2769947429005950889,757,181,1,43,64,316
64,gamma,0.5,208,8939629348042346382,419,171,0,64,41,237
64,gamma,0.5,209,3348205210369760617,435,149,-1,64,29,234
64,gamma,0.5,210,6790184846403985177,669,185,-1,64,57,332
64,gamma,0.5,211,7942857224260256349,503,169,-2,64,31,285
64,gamma,0.5,212,8407375725727640389,456,138,0,64,40,257
64,gamma,0.5,213,333175544026909635,859,195,-1,64,45,367
64,gamma,0.5,214,9078815041031496984,849,155,1,35,64,324
64,gamma,0.5,215,7044522588449392861,535,173,-1,53,64,250
64,gamma,0.5,216,7387779461493045061,518,142,-1,64,46,227
64,gamma,0.5,217,7845468520367116636,639,163,1,64,39,284
64,gamma,0.5,218,4225110594925781101,886,162,-1,50,64,334
64,gamma,0.5,219,5680025533374675654,473,151,1,41,64,238
64,gamma,0.5,220,3266858257828062925,470,178,1,64,42,263
64,gamma,0.5,221,9140834117626907104,534,154,0,26,64,264
64,gamma,0.5,222,4115236464582551298,1126,196,1,58,64,364
64,gamma,0.5,223,2026780067388092956,486,174,-1,64,58,236
64,gamma,0.5,224,8481362468421307568,483,165,0,64,53,242
64,gamma,0.5,225,342634786232528343,589,151,1,35,64,265
64,gamma,0.5,226,3223593519932785420,869,231,1,49,64,407
64,gamma,0.5,227,1656263756203621992,639,203,0,55,64,305
64,gamma,0.5,228,6968138293763068614,682,208,-1,64,56,328
64,gamma,0.5,229,4561890805081867533,773,175,1,64,61,299
64,gamma,0.5,230,1554596855180050012,465,157,-3,64,51,227
64,gamma,0.5,231,315920728302275608,586,132,-1,32,64,255
64,gamma,0.5,232,3386352083866942745,378,162,0,64,52,219
64,gamma,0.5,233,3208120197358972290,779,185,1,51,64,328
64,gamma,0.5,234,7027454745433945703,530,150,0,34,64,235
64,gamma,0.5,235,4243605243556357469,654,182,1,38,64,303
64,gamma,0.5,236,4712360448087174221,640,194,0,64,42,306
64,gamma,0.5,237,155854345476220233,677,169,0,64,47,267
64,gamma,0.5,238,7302670644864240287,875,203,-3,39,64,358
64,gamma,0.5,239,3197107757507781512,524,172,1,64,28,262
64,gamma,0.5,240,8629524955453324939,546,178,1,64,46,264
64,gamma,0.5,241,9080870113740350816,752,184,-2,48,64,324
64,gamma,0.5,242,2812633263197700008,423,181,1,43,64,270
64,gamma,0.5,243,4356480887975768753,439,193,-2,64,33,261
64,gamma,0.5,244,1773221477284838161,578,188,0,36,64,295
64,gamma,0.5,245,5750845026128503981,754,152,0,64,-4,326
64,gamma,0.5,246,7546328772615708560,765,183,-1,64,61,368
64,gamma,0.5,247,8764670373560014024,834,152,1,48,64,293
64,gamma,0.5,248,6802296652015307528,684,184,0,58,64,337
64,gamma,0.5,249,5736663826435714592,659,175,1,64,35,316
64,gamma,0.5,250,3943679437201062086,571,149,0,45,64,270
64,gamma,0.5,251,5716687134414725664,825,179,0,64,41,328
64,gamma,0.5,252,1197073550301061005,384,148,1,6,64,205
64,gamma,0.5,253,3034017258666184668,632,154,0,34,64,273
64,gamma,0.5,254,894573701434179479,558,178,-1,32,64,277
64,gamma,0.5,255,7383938656116744341,704,164,-1,42,64,287
64,gamma,0.5,256,62518561495646027,491,161,1,33,64,239
64,gamma,0.5,257,3860201476988073127,688,176,0,54,64,301
64,gamma,0.5,258,3901154660327370137,543,151,-1,64,43,243
64,gamma,0.5,259,7512026264257379742,697,185,-1,51,64,308
64,gamma,0.5,260,2519811944001432767,842,212,0,14,64,376
64,gamma,0.5,261,4192655409385511595,587,167,1,33,64,274
64,gamma,0.5,262,3684155024832582773,785,203,-1,47,64,354
64,gamma,0.5,263,7044553773810238464,573,193,1,64,45,292
64,gamma,0.5,264,3710446476688494922,513,155,1,39,64,243
64,gamma,0.5,265,6751151407696157853,475,139,2,64,37,242
64,gamma,0.5,266,3560060561572242130,592,158,1,64,42,273
64,gamma,0.5,267,5155397316547546746,564,152,0,64,38,263
64,gamma,0.5,268,2335698505104296907,652,180,2,50,64,323
64,gamma,0.5,269,1937554254621120558,683,175,0,51,64,308
64,gamma,0.5,270,6582987531423116889,415,113,0,23,64,200
64,gamma,0.5,271,932153918087050374,645,177,1,41,64,291
64,gamma,0.5,272,5942749257316426995,600,158,0,64,40,263
64,gamma,0.5,273,4975337723752188155,589,203,0,63,64,295
64,gamma,0.5,274,3939172892384683789,1042,200,-1,52,64,439
64,gamma,0.5,275,3850127722663730502,1024,182,0,24,64,383
64,gamma,0.5,276,6613961918936635144,888,164,0,56,64,322
64,gamma,0.5,277,5543011203818968167,549,167,0,64,57,279
64,gamma,0.5,278,8547815659788814250,499,137,0,64,13,234
64,gamma,0.5,279,6348779765733473863,574,134,1,50,64,248
64,gamma,0.5,280,5866104860528183246,466,150,0,64,52,230
64,gamma,0.5,281,8379318462400254035,564,150,0,32,64,253
64,gamma,0.5,282,5314114607894654791,480,126,0,42,64,212
64,gamma,0.5,283,3477004479226629788,652,164,2,22,64,309
64,gamma,0.5,284,7420823838745262107,736,168,0,20,64,310
64,gamma,0.5,285,6941710460083972835,615,187,0,64,13,296
64,gamma,0.5,286,3110420601581808524,568,162,-2,64,40,271
64,gamma,0.5,287,5695919963440277697,365,135,-1,64,41,200
64,gamma,0.5,288,5791945436846429012,978,218,1,60,64,422
64,gamma,0.5,289,2692927630162423877,558,154,-1,64,42,260
64,gamma,0.5,290,295598361837237932,390,118,0,64,32,194
64,gamma,0.5,291,4313796172651621628,919,221,-1,51,64,400
64,gamma,0.5,292,854337175514494000,678,186,0,64,36,310
64,gamma,0.5,293,5297295530167261019,582,152,1,38,64,237
64,gamma,0.5,294,4274335517200038591,760,186,-1,64,58,303
64,gamma,0.5,295,2592791788350404281,755,163,0,64,41,331
64,gamma,0.5,296,7567370304531882996,815,239,-1,64,55,374
64,gamma,0.5,297,2050230634574465720,549,169,-1,64,53,273
64,gamma,0.5,298,8038181330639977294,363,159,1,64,63,215
64,gamma,0.5,299,4402895055982197806,1051,195,1,64,53,394
64,gamma,0.5,300,3573197453340922561,865,167,0,64,41,334
64,gamma,0.5,301,5436567867521249888,594,180,-1,64,56,266
64,gamma,0.5,302,1152465923843963150,621,153,-1,64,39,272
64,gamma,0.5,303,2042249033735114202,642,140,-1,64,22,266
64,gamma,0.5,304,6353111726357551991,607,169,0,59,64,273
64,gamma,0.5,305,1428795852847304851,715,171,2,51,64,295
64,gamma,0.5,306,8162620881226298552,541,145,1,64,39,257
64,gamma,0.5,307,5618034644692984191,570,148,-1,64,40,265
64,gamma,0.5,308,8901593113062672490,508,144,0,32,64,227
64,gamma,0.5,309,7090050581483346102,676,164,0,38,64,317
64,gamma,0.5,310,568130317852077153,519,143,-1,64,37,249
64,gamma,0.5,311,7850553761449493191,512,142,-1,64,44,236
64,gamma,0.5,312,3579943542340845154,613,173,2,53,64,284
64,gamma,0.5,313,2821730366800067449,768,182,0,50,64,298
64,gamma,0.5,314,7878874309343077125,607,143,-1,64,37,252
64,gamma,0.5,315,7252305607290632599,837,159,-1,64,51,299
64,gamma,0.5,316,1718535701026282394,534,138,-1,64,42,252
64,gamma,0.5,317,7432070412388852525,647,167,0,51,64,286
64,gamma,0.5,318,5693234445678333135,629,183,-1,64,61,308
64,gamma,0.5,319,8578233198387482977,502,128,-1,64,30,196
64,gamma,0.5,320,7600429354163716508,956,202,-2,64,52,374
64,gamma,0.5,321,5499865605926304831,356,164,-1,64,38,205
64,gamma,0.5,322,1283189962640250037,857,195,-1,33,64,346
64,gamma,0.5,323,8631916874111871703,845,201,1,47,64,391
64,gamma,0.5,324,8149861102412794301,420,152,1,64,32,239
64,gamma,0.5,325,2256073210180401246,854,154,-1,64,34,325
64,gamma,0.5,326,5263560022735768338,701,199,0,64,45,366
64,gamma,0.5,327,4926316470343934412,821,197,1,64,51,364
64,gamma,0.5,328,7505602894065793722,619,165,0,33,64,267
64,gamma,0.5,329,534410536674732775,620,190,-1,64,46,305
64,gamma,0.5,330,5020800108638481012,573,203,0,64,61,311
64,gamma,0.5,331,1169145436822748104,660,198,0,64,26,322
64,gamma,0.5,332,129816467268074681,822,194,3,34,64,383
64,gamma,0.5,333,6685921667598505319,730,202,0,64,46,324
64,gamma,0.5,334,4756614296779197482,510,146,-1,20,64,238
64,gamma,0.5,335,4768395844217992579,648,128,-1,64,0,275
64,gamma,0.5,336,1208064426309472254,642,178,0,64,46,294
64,gamma,0.5,337,7095893196254177375,495,187,0,53,64,269
64,gamma,0.5,338,2871247258144460288,659,177,0,64,27,282
64,gamma,0.5,339,8992591695869138103,513,131,1,27,64,261
64,gamma,0.5,340,1980867098353890838,595,173,1,29,64,309
64,gamma,0.5,341,541829932551195825,619,125,-1,19,64,258
64,gamma,0.5,342,4402429718946275573,721,215,-1,64,63,349
64,gamma,0.5,343,677117341639362906,620,206,-1,64,40,300
64,gamma,0.5,344,8544563649612178100,766,178,-2,64,52,312
64,gamma,0.5,345,9214547173862845073,558,140,0,64,40,249
64,gamma,0.5,346,5890979859484369681,560,174,1,50,64,262
64,gamma,0.5,347,4993879204362431060,453,167,1,64,29,237
64,gamma,0.5,348,7049280278217851723,837,169,-1,64,31,278
64,gamma,0.5,349,6048469868363753674,463,155,1,64,33,245
64,gamma,0.5,350,7557693142211453269,485,147,2,3,64,233
64,gamma,0.5,351,4307612444283349858,388,158,1,48,64,234
64,gamma,0.5,352,2705374451597887928,738,146,0,42,64,325
64,gamma,0.5,353,4420624439468037635,436,150,0,64,38,231
64,gamma,0.5,354,7392935136526543496,852,174,0,64,42,349
64,gamma,0.5,355,2440363293441247752,560,160,-1,64,32,276
64,gamma,0.5,356,4632944737818272058,1009,189,0,64,59,397
64,gamma,0.5,357,3952540970424936015,971,227,1,53,64,415
64,gamma,0.5,358,7824524879233677733,593,165,0,64,51,289
64,gamma,0.5,359,2052743652526255729,695,199,-1,64,63,315
64,gamma,0.5,360,5486468586690506819,713,177,-3,64,59,330
64,gamma,0.5,361,6847657129086618135,654,198,0,64,56,323
64,gamma,0.5,362,4662967796564740727,425,175,0,64,51,253
64,gamma,0.5,363,5166986615572002790,602,182,1,64,60,298
64,gamma,0.5,364,2885513946383538873,659,195,-2,64,59,320
64,gamma,0.5,365,7483128935688686380,423,133,-1,11,64,203
64,gamma,0.5,366,6107982019237870538,565,183,-1,53,64,279
64,gamma,0.5,367,6014260807904734705,771,189,-1,21,64,323
64,gamma,0.5,368,5769288987016396667,654,166,1,64,32,310
64,gamma,0.5,369,1247093788726614673,537,153,0,35,64,244
64,gamma,0.5,370,5666681103281480216,610,146,0,64,44,252
64,gamma,0.5,371,5779539659049707103,581,163,0,64,41,259
64,gamma,0.5,372,4570466337323885625,568,148,-2,64,40,238
64,gamma,0.5,373,234761143980029404,487,139,0,64,25,222
64,gamma,0.5,374,6910283081546466541,877,199,2,61,64,402
64,gamma,0.5,375,6255373655234001744,317,113,1,64,33,179
64,gamma,0.5,376,6654093837811994057,557,181,1,59,64,275
64,gamma,0.5,377,3711167820524165765,818,180,-3,64,50,322
64,gamma,0.5,378,4657746330522342857,659,177,0,53,64,297
64,gamma,0.5,379,696803481696051037,403,161,-2,64,41,221
64,gamma,0.5,380,3430119732541239418,853,185,1,64,47,361
64,gamma,0.5,381,3886696168568340890,826,140,0,48,64,301
64,gamma,0.5,382,6128870223537805448,749,159,-1,64,25,315
64,gamma,0.5,383,8731465259978564795,622,180,0,64,48,307
64,gamma,0.5,384,5682781747122043713,626,158,0,64,30,256
64,gamma,0.5,385,1427693059214252394,562,146,0,38,64,240
64,gamma,0.5,386,4635844524862013976,489,145,1,57,64,221
64,gamma,0.5,387,7573635962648527252,745,153,1,39,64,266
64,gamma,0.5,388,2577209809358368738,605,161,0,64,27,259
64,gamma,0.5,389,8515964546777890195,349,147,-1,64,25,204
64,gamma,0.5,390,8246206011772574313,925,213,-1,55,64,356
64,gamma,0.5,391,8977632011274183368,549,161,-1,64,47,259
64,gamma,0.5,392,760009444471162336,557,169,2,47,64,270
64,gamma,0.5,393,7440359212053406501,564,142,0,64,38,266
64,gamma,0.5,394,7992088689645223651,620,156,-1,30,64,259
64,gamma,0.5,395,5490286160156379129,639,177,1,43,64,323
64,gamma,0.5,396,7395449719380180408,655,177,-3,64,55,300
64,gamma,0.5,397,7663773193820442203,736,140,0,64,2,291
64,gamma,0.5,398,6834279886619054318,548,150,0,46,64,265
64,gamma,0.5,399,7774050168742870302,918,214,-1,64,50,342
64,gamma,0.5,400,2934223536797583069,687,159,0,64,37,288
64,gamma,0.5,401,7250923637221984972,515,151,0,64,49,246
64,gamma,0.5,402,5999885572530241279,402,130,1,26,64,209
64,gamma,0.5,403,8218284768067027696,416,162,1,10,64,228
64,gamma,0.5,404,9061709560307670475,800,222,-2,54,64,353
64,gamma,0.5,405,1924737585382001411,682,142,1,64,34,264
64,gamma,0.5,406,8859677231186796037,511,175,1,57,64,271
64,gamma,0.5,407,2424390264890340208,390,128,1,32,64,192
64,gamma,0.5,408,4094762042464506149,718,184,0,56,64,315
64,gamma,0.5,409,343123706914590716,982,170,-1,60,64,378
64,gamma,0.5,410,6393198838356512268,399,157,0,47,64,213
64,gamma,0.5,411,6757233084638114178,653,209,-2,64,63,322
64,gamma,0.5,412,1341783740990618855,499,135,2,25,64,220
64,gamma,0.5,413,276863009794256781,729,209,-2,64,61,330
64,gamma,0.5,414,1582469865058753035,791,183,0,49,64,341
64,gamma,0.5,415,4775989098413181857,620,174,-1,24,64,279
64,gamma,0.5,416,260418738591594088,625,185,-1,64,47,286
64,gamma,0.5,417,8469411978168154619,1010,154,1,64,54,397
64,gamma,0.5,418,915248139845061294,413,131,2,35,64,203
64,gamma,0.5,419,9120749706682815907,469,159,-1,45,64,240
64,gamma,0.5,420,2913505286751498359,634,200,-1,64,50,323
64,gamma,0.5,421,2789736070884919454,554,150,0,40,64,229
64,gamma,0.5,422,8033364192652290807,616,134,1,14,64,249
64,gamma,0.5,423,5443730776438324907,851,193,0,64,47,344
64,gamma,0.5,424,3439322664174815300,524,168,0,64,60,256
64,gamma,0.5,425,5250299859846320417,715,175,1,64,33,314
64,gamma,0.5,426,109413815794779786,1182,156,2,26,64,398
64,gamma,0.5,427,7896057121514123607,420,130,0,30,64,198
64,gamma,0.5,428,5760316904967637564,981,243,-1,64,61,451
64,gamma,0.5,429,5617659810784426940,683,179,-2,64,39,309
64,gamma,0.5,430,701165904899037574,414,142,2,36,64,231
64,gamma,0.5,431,3510562707660153677,485,143,-2,64,25,228
64,gamma,0.5,432,6357759380589687446,662,140,-1,64,42,319
64,gamma,0.5,433,2942329678008262838,722,152,0,64,58,299
64,gamma,0.5,434,1422833567630932283,898,184,1,40,64,354
64,gamma,0.5,435,8274577211552752693,869,183,0,51,64,308
64,gamma,0.5,436,7502463708639535517,673,181,3,57,64,322
64,gamma,0.5,437,2594964532280711281,880,188,-1,38,64,331
64,gamma,0.5,438,5746530832784322605,499,121,0,21,64,220
64,gamma,0.5,439,287115900493763684,533,169,0,64,61,249
64,gamma,0.5,440,4428575862128380566,571,183,0,29,64,269
64,gamma,0.5,441,687979849709568725,755,193,-3,64,47,346
64,gamma,0.5,442,4198387027512016415,732,254,2,44,64,366
64,gamma,0.5,443,821108806524415776,703,153,2,35,64,309
64,gamma,0.5,444,1557511751123713530,696,180,-3,64,32,317
64,gamma,0.5,445,4617306534075063256,702,152,0,64,52,281
64,gamma,0.5,446,5739134347102034150,577,161,-1,64,39,261
64,gamma,0.5,447,5721714089662240128,461,133,-2,64,29,217
64,gamma,0.5,448,3136755579825027534,500,168,-1,56,64,245
64,gamma,0.5,449,7493205272983693654,595,151,-1,64,43,250
64,gamma,0.5,450,6778546027294303184,621,159,0,64,47,274
64,gamma,0.5,451,7726386519918412888,612,146,0,64,48,285
64,gamma,0.5,452,3905987574689707476,392,150,1,42,64,211
64,gamma,0.5,453,2739172701315107384,790,170,1,64,44,335
64,gamma,0.5,454,4475288838901306660,564,182,0,44,64,298
64,gamma,0.5,455,1996271264304186814,1006,166,1,44,64,375
64,gamma,0.5,456,3800991408530354544,1318,184,0,56,64,428
64,gamma,0.5,457,4613148155214484914,477,137,-1,64,39,217
64,gamma,0.5,458,8294483408468366079,545,151,0,64,61,260
64,gamma,0.5,459,6548391616639344682,926,132,1,34,64,333
64,gamma,0.5,460,5109881230018057832,487,131,1,35,64,238
64,gamma,0.5,461,4634594730130761338,761,153,0,64,43,322
64,gamma,0.5,462,4327686530967013652,826,174,1,44,64,329
64,gamma,0.5,463,2574888032783320005,673,179,1,55,64,302
64,gamma,0.5,464,5296869522528254229,364,144,1,64,34,186
64,gamma,0.5,465,8645738507490144760,386,126,1,64,12,196
64,gamma,0.5,466,7708177054225502170,390,162,-1,50,64,227
64,gamma,0.5,467,7333901384596556560,742,182,0,64,54,358
64,gamma,0.5,468,5066458983500336486,468,162,0,44,64,238
64,gamma,0.5,469,3448510310525216227,606,148,0,38,64,231
64,gamma,0.5,470,1596227060860533402,1117,175,0,64,45,373
64,gamma,0.5,471,89594378625353030,385,143,0,64,31,199
64,gamma,0.5,472,7814184572332113769,577,157,0,64,49,248
64,gamma,0.5,473,3669958052795879726,706,146,2,64,16,324
64,gamma,0.5,474,3787316441675548879,721,183,0,19,64,306
64,gamma,0.5,475,4095565117645555689,904,218,-2,64,60,391
64,gamma,0.5,476,4369941102010949255,620,180,1,64,50,298
64,gamma,0.5,477,3213078450766177061,722,188,0,50,64,327
64,gamma,0.5,478,3960479041478957519,576,160,-2,64,56,270
64,gamma,0.5,479,5058239853543009886,549,127,1,33,64,269
64,gamma,0.5,480,2405963867397629101,399,153,0,33,64,206
64,gamma,0.5,481,2769973255634972800,489,175,-1,59,64,258
64,gamma,0.5,482,6212463100407772149,559,131,1,35,64,249
64,gamma,0.5,483,5054442435518292464,645,161,-2,64,45,291
64,gamma,0.5,484,4602006288729755983,708,128,1,18,64,284
64,gamma,0.5,485,3727631860280974963,767,145,1,29,64,295
64,gamma,0.5,486,4106349390440047820,637,201,0,64,57,318
64,gamma,0.5,487,897179633559691280,513,183,-1,51,64,279
64,gamma,0.5,488,7947939860944130092,417,149,1,51,64,225
64,gamma,0.5,489,8295655880048132311,1062,180,1,48,64,400
64,gamma,0.5,490,8968730282718004242,910,170,1,64,52,403
64,gamma,0.5,491,4340079183596384910,1027,163,0,49,64,382
64,gamma,0.5,492,5661353582505688892,661,199,3,64,51,309
64,gamma,0.5,493,8797593817108984445,519,145,-1,64,47,254
64,gamma,0.5,494,7830508621785094913,557,171,2,45,64,291
64,gamma,0.5,495,202561042344315865,601,175,-2,64,61,307
64,gamma,0.5,496,3101939574423507129,666,196,2,36,64,295
64,gamma,0.5,497,2688259882202749629,362,124,1,36,64,172
64,gamma,0.5,498,5681627596287883738,420,132,0,64,18,209
64,gamma,0.5,499,3896695188050776120,397,137,-1,41,64,217
64,gamma,0.5,500,8467162722328520659,841,165,0,29,64,347
64,gamma,0.5,501,4554051942767258469,586,168,-2,64,44,278
64,gamma,0.5,502,7240094029636212910,661,179,0,64,61,296
64,gamma,0.5,503,1333072761065999419,1178,194,0,64,42,444
64,gamma,0.5,504,4920023692814946948,452,132,-1,64,40,224
64,gamma,0.5,505,812474858126702091,786,154,0,38,64,336
64,gamma,0.5,506,6840761533381322566,502,134,0,64,32,216
64,gamma,0.5,507,621907891138977642,502,174,-1,64,50,251
64,gamma,0.5,508,7822596281568619084,865,171,0,53,64,342
64,gamma,0.5,509,8945446046020004369,705,169,-1,64,29,329
64,gamma,0.5,510,5748166745771233096,842,204,0,64,58,371
64,gamma,0.5,511,1305240610622123560,400,158,1,44,64,239
64,gamma,0.5,512,5430698849647774084,1026,194,-1,64,54,385
64,gamma,0.5,513,1094972552255670708,890,186,1,36,64,378
64,gamma,0.5,514,1419508848520618360,514,164,-2,64,56,264
64,gamma,0.5,515,1185408273285426116,593,149,0,64,51,280
64,gamma,0.5,516,2862470812923845947,643,183,2,59,64,295
64,gamma,0.5,517,9214324848644713936,442,148,-1,32,64,225
64,gamma,0.5,518,6129703078019174821,645,211,0,61,64,318
64,gamma,0.5,519,7851478420059065348,493,153,-2,64,51,252
64,gamma,0.5,520,2482387532515185444,744,150,0,64,52,287
64,gamma,0.5,521,7024054609193989169,605,143,0,64,47,297
64,gamma,0.5,522,1248991933939680126,979,189,2,55,64,387
64,gamma,0.5,523,4868042004100725763,407,189,-2,64,55,254
64,gamma,0.5,524,2189872761178867751,788,168,2,56,64,309
64,gamma,0.5,525,4832524649222288485,507,183,0,64,35,259
64,gamma,0.5,526,2461893832387350837,465,133,1,43,64,225
64,gamma,0.5,527,3479121415625272406,594,166,1,38,64,268
64,gamma,0.5,528,4903709699291658962,492,164,0,44,64,252
64,gamma,0.5,529,4474650944537108743,632,188,-2,64,56,294
64,gamma,0.5,530,7190021610966001318,644,166,1,34,64,292
64,gamma,0.5,531,8013594644650000774,546,168,-1,64,54,256
64,gamma,0.5,532,5947710252708963522,518,166,1,38,64,259
64,gamma,0.5,533,2723388238960340991,668,178,1,50,64,294
64,gamma,0.5,534,7991350034324344361,722,128,1,30,64,295
64,gamma,0.5,535,4001493525584558554,413,155,0,33,64,228
64,gamma,0.5,536,6871071114593000631,935,227,1,33,64,384
64,gamma,0.5,537,6738441079429543158,847,173,-1,64,61,311
64,gamma,0.5,538,2543267703824099262,947,173,-1,37,64,347
64,gamma,0.5,539,3783256509972431935,506,166,0,50,64,267
64,gamma,0.5,540,2249877659224443651,586,160,-1,64,26,259
64,gamma,0.5,541,2047136291095619314,816,172,2,60,64,349
64,gamma,0.5,542,4890897716558705112,835,179,-1,64,43,317
64,gamma,0.5,543,4139247861029990045,930,182,-3,64,44,390
64,gamma,0.5,544,6796098051620654885,646,158,-1,64,32,291
64,gamma,0.5,545,4812784786635448880,329,153,-1,64,57,202
64,gamma,0.5,546,8298951577218376051,548,142,-1,20,64,237
64,gamma,0.5,547,5373082152326461297,604,170,1,64,50,260
64,gamma,0.5,548,4805319273198759605,566,178,-2,64,58,284
64,gamma,0.5,549,7038480763863644672,581,195,-1,64,49,317
64,gamma,0.5,550,9075013699948106351,548,166,-2,64,46,290
64,gamma,0.5,551,9034505801091573995,362,162,1,36,64,207
64,gamma,0.5,552,4035786018635652732,643,141,0,43,64,270
64,gamma,0.5,553,5574888391606316022,1054,202,-2,64,42,404
64,gamma,0.5,554,7339019767905922785,590,150,0,30,64,281
64,gamma,0.5,555,1404257493445983228,677,177,-1,57,64,310
64,gamma,0.5,556,394721740420397571,445,137,1,64,25,222
64,gamma,0.5,557,2869905044882705530,663,153,1,23,64,300
64,gamma,0.5,558,2862193014755610106,845,155,2,47,64,297
64,gamma,0.5,559,7011619169293794123,439,139,0,64,33,232
64,gamma,0.5,560,6412970662394269557,718,168,1,64,42,300
64,gamma,0.5,561,5740763904142926725,513,181,0,63,64,274
64,gamma,0.5,562,912543932778935709,988,256,2,60,64,436
64,gamma,0.5,563,2988425619378602733,577,165,0,64,45,286
64,gamma,0.5,564,7458833246608673559,520,160,2,42,64,261
64,gamma,0.5,565,3138235080828085689,723,149,-1,64,59,320
64,gamma,0.5,566,4099061391114536624,610,152,1,64,56,275
64,gamma,0.5,567,2782364970866782182,553,169,0,49,64,298
64,gamma,0.5,568,5542910253327446053,719,213,-2,64,59,360
64,gamma,0.5,569,8930213059200753185,764,166,0,64,50,329
64,gamma,0.5,570,175720631164388448,695,177,2,64,39,304
64,gamma,0.5,571,8305903099333697745,540,136,-1,30,64,260
64,gamma,0.5,572,2297658653916261662,512,158,1,60,64,232
64,gamma,0.5,573,253417531471457136,686,172,0,64,46,297
64,gamma,0.5,574,591918769428185732,432,150,0,42,64,223
64,gamma,0.5,575,8246433869678127115,495,149,-1,43,64,231
64,gamma,0.5,576,8506231915805797056,763,177,0,57,64,332
64,gamma,0.5,577,997828677920549768,488,140,2,38,64,226
64,gamma,0.5,578,1309125667480224243,700,168,0,64,58,318
64,gamma,0.5,579,7762217930946554712,564,144,2,30,64,254
64,gamma,0.5,580,2023273811178242651,482,134,-1,64,22,226
64,gamma,0.5,581,5261366613654427092,456,120,-1,64,24,211
64,gamma,0.5,582,8297669442133994102,832,214,-1,52,64,326
64,gamma,0.5,583,6330928135233080291,599,183,1,43,64,308
64,gamma,0.5,584,7082914058934979595,615,171,2,37,64,281
64,gamma,0.5,585,2579700170590789460,630,156,-1,52,64,271
64,gamma,0.5,586,7811445114248995639,631,169,1,49,64,273
64,gamma,0.5,587,1700228522223823354,887,165,-1,64,49,367
64,gamma,0.5,588,6915088118831591179,858,170,1,46,64,343
64,gamma,0.5,589,1697498149702498582,550,152,-1,64,40,240
64,gamma,0.5,590,6768816320241058251,580,160,2,46,64,276
64,gamma,0.5,591,2640770876437466721,959,207,1,64,61,428
64,gamma,0.5,592,3533069898510595155,453,133,0,64,13,226
64,gamma,0.5,593,3993099269692672744,882,196,1,60,64,368
64,gamma,0.5,594,6399206402003967232,512,152,2,16,64,268
64,gamma,0.5,595,4487174536111491996,890,172,1,42,64,383
64,gamma,0.5,596,4376304513457566127,625,145,0,64,43,300
64,gamma,0.5,597,6149000471998988736,824,176,-1,64,38,302
64,gamma,0.5,598,4799249875657051386,773,179,0,37,64,327
64,gamma,0.5,599,4747031300609753614,511,173,-1,64,23,254
64,gamma,0.5,600,3103249307589470810,837,175,1,41,64,304
64,gamma,0.5,601,6942731698921973297,558,166,-1,64,58,281
64,gamma,0.5,602,5820666219462608948,749,199,0,64,59,322
64,gamma,0.5,603,7840745762023477836,416,162,1,46,64,237
64,gamma,0.5,604,120562952774786487,980,176,-1,64,38,394
64,gamma,0.5,605,8607148581334570415,635,151,0,27,64,276
64,gamma,0.5,606,2594189503411055451,663,151,0,39,64,270
64,gamma,0.5,607,5626633587921019021,593,139,1,64,51,231
64,gamma,0.5,608,4977681840546092668,647,223,0,49,64,329
64,gamma,0.5,609,4023681843642367009,702,186,1,64,60,307
64,gamma,0.5,610,6276789069171765481,427,131,0,29,64,212
64,gamma,0.5,611,7515589182698670914,590,162,0,64,48,264
64,gamma,0.5,612,5642224744510120727,597,183,-2,64,53,309
64,gamma,0.5,613,6268453432879328834,681,199,-2,64,49,328
64,gamma,0.5,614,9077513471958833549,717,167,0,64,39,288
64,gamma,0.5,615,9158125804371097239,584,128,-1,30,64,254
64,gamma,0.5,616,3067378550354180983,362,142,2,44,64,207
64,gamma,0.5,617,484001544543237538,641,179,3,33,64,314
64,gamma,0.5,618,7202128752064958174,662,164,-2,64,38,294
64,gamma,0.5,619,1432114450800071299,468,184,-2,64,56,263
64,gamma,0.5,620,6496691040254040767,639,171,2,45,64,287
64,gamma,0.5,621,5604510748856938119,814,178,0,64,54,323
64,gamma,0.5,622,5667948725885439693,577,147,2,43,64,241
64,gamma,0.5,623,3359262941811090601,563,141,1,43,64,253
64,gamma,0.5,624,3735378946124229883,939,175,-1,64,29,341
64,gamma,0.5,625,4757496853735041167,899,213,0,64,57,364
64,gamma,0.5,626,4108238829013647799,771,169,-1,64,39,312
64,gamma,0.5,627,1478380231393918553,594,152,0,64,44,261
64,gamma,0.5,628,4129666802206420677,438,134,1,64,16,202
64,gamma,0.5,629,30596669357163378,367,141,2,47,64,202
64,gamma,0.5,630,4485739091170918779,477,165,1,11,64,236
64,gamma,0.5,631,5695331800787663644,813,151,2,37,64,324
64,gamma,0.5,632,7044339214275520213,638,176,0,58,64,298
64,gamma,0.5,633,3744156924420555405,853,169,-3,64,23,331
64,gamma,0.5,634,2151943156731573437,815,207,-1,64,57,366
64,gamma,0.5,635,2130020584448766083,535,159,0,64,47,254
64,gamma,0.5,636,6504876776761706230,1291,175,-1,64,57,437
64,gamma,0.5,637,4935333443865580397,532,166,-1,42,64,292
64,gamma,0.5,638,2295944028090076699,559,151,0,64,43,269
64,gamma,0.5,639,7002338573023116068,582,160,-1,64,46,276
64,gamma,0.5,640,5143392816549133978,513,153,-1,64,37,231
64,gamma,0.5,641,5494177355539212925,725,127,3,19,64,257
64,gamma,0.5,642,5976156987467610871,630,164,-1,64,36,276
64,gamma,0.5,643,1317308124552932480,738,166,2,24,64,315
64,gamma,0.5,644,5984574163987974085,770,180,0,64,58,311
64,gamma,0.5,645,2853588923248905344,684,162,1,42,64,319
64,gamma,0.5,646,3701620254002102687,734,142,-1,64,16,297
64,gamma,0.5,647,3047379358539421316,674,164,-1,48,64,311
64,gamma,0.5,648,3822381571772402757,589,153,0,64,53,275
64,gamma,0.5,649,2654041905183089170,504,172,1,64,32,258
64,gamma,0.5,650,3997606218285252454,589,167,-2,64,41,270
64,gamma,0.5,651,558370393563063068,520,146,-1,64,26,234
64,gamma,0.5,652,3742383512093837930,563,159,1,57,64,284
64,gamma,0.5,653,6276268185132304565,548,158,1,64,30,262
64,gamma,0.5,654,200806373477463761,652,190,0,64,56,293
64,gamma,0.5,655,1342601013888308684,434,138,1,32,64,208
64,gamma,0.5,656,4936685081429726167,409,143,0,64,19,217
64,gamma,0.5,657,2254368650150324694,533,153,3,37,64,256
64,gamma,0.5,658,7676463296328751789,631,199,-1,64,59,290
64,gamma,0.5,659,7972450452668098848,825,203,-2,64,59,387
64,gamma,0.5,660,1973464306249224920,560,154,0,64,38,241
64,gamma,0.5,661,6644920377634492824,647,155,0,64,59,244
64,gamma,0.5,662,2861567040928492530,614,162,0,64,46,276
64,gamma,0.5,663,6293867532761997740,358,140,0,38,64,211
64,gamma,0.5,664,5165257961734604270,839,143,-1,23,64,307
64,gamma,0.5,665,9038734641065790697,628,192,-2,64,60,310
64,gamma,0.5,666,4537809513823678492,808,172,0,44,64,346
64,gamma,0.5,667,6737838989107788347,593,147,0,47,64,280
64,gamma,0.5,668,8196712800045326860,486,140,0,50,64,262
64,gamma,0.5,669,8073651817920932914,1017,231,-3,59,64,420
64,gamma,0.5,670,9074170439219404904,502,172,-1,58,64,280
64,gamma,0.5,671,3528396890625253453,736,132,-1,64,42,295
64,gamma,0.5,672,4812823702594123039,500,178,2,40,64,248
64,gamma,0.5,673,7227662174813793228,1218,180,1,64,32,379
64,gamma,0.5,674,6404512256128337802,714,186,0,50,64,294
64,gamma,0.5,675,5108050251247062355,658,152,-1,64,32,272
64,gamma,0.5,676,7113199305651753678,1006,188,0,64,48,369
64,gamma,0.5,677,9107298966130990673,909,217,1,64,61,388
64,gamma,0.5,678,7843403863189583639,439,169,0,51,64,254
64,gamma,0.5,679,1471280839771250990,466,166,-2,64,50,261
64,gamma,0.5,680,4448721139655088613,646,176,1,48,64,306
64,gamma,0.5,681,1575122869860631229,549,177,1,64,43,258
64,gamma,0.5,682,6505215222568930995,927,207,0,64,57,382
64,gamma,0.5,683,5920704507284921370,1368,194,-2,64,52,482
64,gamma,0.5,684,1014149998594034178,732,170,1,56,64,298
64,gamma,0.5,685,5292366993403896797,940,186,0,64,52,356
64,gamma,0.5,686,9206358626323480091,849,175,1,51,64,348
64,gamma,0.5,687,6971468835912822945,523,135,-1,64,41,233
64,gamma,0.5,688,2154566342737627909,663,189,0,35,64,342
64,gamma,0.5,689,722880058487736697,830,190,-1,34,64,349
64,gamma,0.5,690,7140328694009644256,774,166,-1,64,50,303
64,gamma,0.5,691,6723370195737276841,470,136,0,30,64,236
64,gamma,0.5,692,1448286129570554768,590,142,1,64,32,260
64,gamma,0.5,693,2029701616614609136,440,136,0,36,64,223
64,gamma,0.5,694,7375821906960397492,698,176,1,58,64,328
64,gamma,0.5,695,8837304139912416684,824,222,-1,64,58,381
64,gamma,0.5,696,3764297528603710586,696,172,-2,64,26,294
64,gamma,0.5,697,6025215147464876778,584,180,2,64,54,272
64,gamma,0.5,698,7818556146536077287,485,167,0,63,64,260
64,gamma,0.5,699,5744537831714013736,311,135,0,64,25,189
128,gamma,0.5,0,7514362626151952790,1352,348,1,128,114,621
128,gamma,0.5,1,1419140563253799362,1598,328,0,128,60,644
128,gamma,0.5,2,1951811721823498771,1426,376,1,98,128,688
128,gamma,0.5,3,1360124707364197297,1112,320,-2,128,98,506
128,gamma,0.5,4,6910687923714961620,1110,350,2,106,128,554
128,gamma,0.5,5,1013760835383287883,1229,313,0,128,103,544
128,gamma,0.5,6,5907540228056141061,1258,320,-1,128,84,518
128,gamma,0.5,7,7861517293260609195,1335,321,2,73,128,613
128,gamma,0.5,8,7922749362473516729,1056,374,1,110,128,565
128,gamma,0.5,9,3586424392905755006,1941,397,0,117,128,743
128,gamma,0.5,10,683863522436299771,1261,329,-1,128,99,585
128,gamma,0.5,11,5615095939713284012,1648,382,0,128,96,688
128,gamma,0.5,12,2541295026180147863,1091,349,1,105,128,555
128,gamma,0.5,13,450164997388100858,1749,347,1,71,128,681
128,gamma,0.5,14,4348107491325750845,1510,334,1,98,128,651
128,gamma,0.5,15,2117745314472448572,1152,306,1,128,60,544
128,gamma,0.5,16,2962611787983787052,1212,332,2,126,128,577
128,gamma,0.5,17,234769180287825097,1850,422,0,126,128,745
128,gamma,0.5,18,7094071220383301540,1972,374,1,94,128,768
128,gamma,0.5,19,1547153759061822011,1158,334,1,82,128,545
128,gamma,0.5,20,6694547620691861001,1280,378,1,114,128,629
128,gamma,0.5,21,1495678454856070805,1184,366,-1,128,118,581
128,gamma,0.5,22,7446104711691468645,1534,372,1,80,128,622
128,gamma,0.5,23,3674620771037470048,1594,366,0,64,128,620
128,gamma,0.5,24,5600718301586613613,1137,335,1,93,128,528
128,gamma,0.5,25,3553927517098324684,1384,324,1,106,128,601
128,gamma,0.5,26,3644194343952609593,1583,329,1,128,99,640
128,gamma,0.5,27,3277446276206599983,1733,417,-2,128,115,750
128,gamma,0.5,28,8932217295821230884,1857,379,-1,128,109,767
128,gamma,0.5,29,6832343494256469900,1339,341,1,101,128,643
128,gamma,0.5,30,5953043010357889390,1221,419,1,123,128,638
128,gamma,0.5,31,7192508729390970062,1139,341,-1,128,89,545
128,gamma,0.5,32,8662611643883414364,1364,376,-1,120,128,648
128,gamma,0.5,33,9181576967683703379,1539,349,-1,83,128,650
128,gamma,0.5,34,2847609930197855865,1332,342,-1,122,128,647
128,gamma,0.5,35,9052350835017740332,1209,319,-1,128,85,544
128,gamma,0.5,36,858105280700823817,1901,391,0,128,111,752
128,gamma,0.5,37,7437918686150318033,1022,334,0,90,128,506
128,gamma,0.5,38,1042503588563517542,1403,357,-1,128,113,627
128,gamma,0.5,39,3776244182864093767,1806,350,-2,128,84,735
128,gamma,0.5,40,8338953771345670619,1079,321,2,128,81,508
128,gamma,0.5,41,4227128411578961130,1194,340,0,90,128,546
128,gamma,0.5,42,8248696133185909545,1369,395,-3,128,123,665
128,gamma,0.5,43,5276583812002349076,1088,374,-1,128,86,552
128,gamma,0.5,44,2556536296918771511,1387,387,0,127,128,660
128,gamma,0.5,45,111014091462790796,1624,362,0,118,128,698
128,gamma,0.5,46,7152926682757492645,1618,376,0,128,122,683
128,gamma,0.5,47,5828416023471209537,1585,389,1,109,128,703
128,gamma,0.5,48,8381172745822299345,1225,327,-3,71,128,573
128,gamma,0.5,49,2732710540409858548,1231,379,1,128,123,625
128,gamma,0.5,50,6754734734757828702,1260,370,2,128,90,589
128,gamma,0.5,51,2454612114413292380,1174,342,1,128,66,536
128,gamma,0.5,52,7290156396861830124,1504,400,-1,112,128,644
128,gamma,0.5,53,3895736741905593682,1360,354,1,100,128,638
128,gamma,0.5,54,1781742861192582155,1511,373,-1,128,95,673
128,gamma,0.5,55,679944851820066054,999,285,-1,128,49,487
128,gamma,0.5,56,7887780528804178219,1608,340,-1,128,92,681
128,gamma,0.5,57,6334786026597950314,1152,310,0,62,128,519
128,gamma,0.5,58,4208832658930810417,1200,400,1,98,128,600
128,gamma,0.5,59,7125903393752742803,1692,368,2,80,128,793
128,gamma,0.5,60,1583323021238045225,2041,467,1,89,128,914
128,gamma,0.5,61,1757110668251112235,1283,347,-1,128,61,583
128,gamma,0.5,62,1367735290916294070,1136,292,1,60,128,500
128,gamma,0.5,63,586376220281003889,1161,383,1,101,128,586
128,gamma,0.5,64,3839638161446629232,1780,394,-1,128,98,723
128,gamma,0.5,65,1441961182626978235,1314,398,0,128,90,638
128,gamma,0.5,66,9003468585985275864,1155,347,1,101,128,551
128,gamma,0.5,67,6836098470060606405,1100,302,1,56,128,533
128,gamma,0.5,68,5044154085106998525,991,265,0,128,63,471
128,gamma,0.5,69,1180991458323450803,1508,372,-1,128,118,701
128,gamma,0.5,70,2480159406314570451,988,340,-1,128,88,520
128,gamma,0.5,71,1365068972909323874,1893,399,0,119,128,810
128,gamma,0.5,72,7100004745329308323,1174,300,1,76,128,513
128,gamma,0.5,73,6501938243364486320,1493,389,0,128,115,693
128,gamma,0.5,74,4054253208459315791,1373,371,0,81,128,593
128,gamma,0.5,75,3351989265422706056,1147,317,1,81,128,518
128,gamma,0.5,76,7991368820272461812,1155,311,2,128,37,515
128,gamma,0.5,77,6071047754009618328,1601,435,-1,125,128,763
128,gamma,0.5,78,5338403585338512760,1382,332,-1,128,88,530
128,gamma,0.5,79,1037024709391556897,1380,358,-1,128,116,613
128,gamma,0.5,80,7731526029660137082,1782,332,1,68,128,709
128,gamma,0.5,81,1153437066484793150,2395,385,0,128,115,806
128,gamma,0.5,82,5173386920637500731,1493,379,-1,119,128,644
128,gamma,0.5,83,1127731874782608319,940,316,1,128,88,485
128,gamma,0.5,84,6019736047937876838,1161,351,0,83,128,567
128,gamma,0.5,85,4118963442039165167,1185,351,1,91,128,559
128,gamma,0.5,86,891769597552742088,1584,364,-1,128,120,701
128,gamma,0.5,87,8291879968769454980,1216,344,-1,82,128,601
128,gamma,0.5,88,2802777012189745996,1148,362,-1,128,86,578
128,gamma,0.5,89,8202734734365305482,1201,299,1,91,128,577
128,gamma,0.5,90,6560357302435790945,1783,397,-2,128,79,727
128,gamma,0.5,91,3504260616435499987,1270,360,-3,128,102,559
128,gamma,0.5,92,6561851600245579673,1281,397,0,125,128,624
128,gamma,0.5,93,2455852529645812726,1567,347,1,99,128,647
128,gamma,0.5,94,6104302569922455180,1662,390,2,82,128,710
128,gamma,0.5,95,275396754909637001,849,279,0,128,73,407
128,gamma,0.5,96,6743757523263784489,1759,391,-1,128,125,751
128,gamma,0.5,97,9130605532866373573,1291,385,-2,128,119,586
128,gamma,0.5,98,5585361433272752410,1088,326,-1,94,128,563
128,gamma,0.5,99,1861021437849676848,1301,317,1,69,128,578
128,gamma,0.5,100,1158910104833605767,1493,335,0,128,77,652
128,gamma,0.5,101,5927741352123902433,1743,395,2,99,128,730
128,gamma,0.5,102,2419428188117017177,883,299,2,101,128,444
128,gamma,0.5,103,8286216179560008917,1105,309,1,85,128,497
128,gamma,0.5,104,7167562483209442724,1287,403,-2,111,128,644
128,gamma,0.5,105,4625735931441926990,1559,367,0,128,119,681
128,gamma,0.5,106,4241892185700052258,1458,344,1,106,128,649
128,gamma,0.5,107,8678935653689531339,1296,324,-2,128,76,597
128,gamma,0.5,108,8612923651040216747,1453,383,-1,128,113,614
128,gamma,0.5,109,8112281710520477919,1291,321,-2,128,91,596
128,gamma,0.5,110,3096939271055403924,1325,329,0,65,128,532
128,gamma,0.5,111,2697892959770376449,1571,405,1,121,128,738
128,gamma,0.5,112,87394663732374251,1521,353,1,121,128,661
128,gamma,0.5,113,8831622434480714444,1664,436,0,128,126,753
128,gamma,0.5,114,817352642595367220,1133,307,1,93,128,544
128,gamma,0.5,115,651718315845261723,1426,352,-1,128,100,659
128,gamma,0.5,116,4706582462001221379,1462,348,1,120,128,628
128,gamma,0.5,117,320696873587078077,1563,381,-1,128,115,680
128,gamma,0.5,118,7946640888199509156,1191,367,1,101,128,591
128,gamma,0.5,119,2330499389516401961,1385,385,2,111,128,614
128,gamma,0.5,120,8037307356901152809,1633,317,-3,128,95,640
128,gamma,0.5,121,2573116044076351692,1233,287,0,43,128,545
128,gamma,0.5,122,4873322185167819579,1534,372,-1,110,128,687
128,gamma,0.5,123,3133096501334629636,1116,342,1,102,128,547
128,gamma,0.5,124,3453473293707503646,1056,304,1,128,76,514
128,gamma,0.5,125,836442407705204411,1650,402,-1,128,112,781
128,gamma,0.5,126,7086350573503042348,1557,381,-1,128,117,605
128,gamma,0.5,127,7827521168712464019,1507,401,2,128,119,712
128,gamma,0.5,128,4248600628673278139,1447,401,-2,115,128,663
128,gamma,0.5,129,7739508226292338011,1311,319,0,93,128,519
128,gamma,0.5,130,6057777399542582421,1369,379,-2,128,111,608
128,gamma,0.5,131,7020013774296538556,1462,364,-2,128,106,706
128,gamma,0.5,132,2671263408814442454,1367,393,1,128,123,633
128,gamma,0.5,133,733924802995044606,1569,347,0,93,128,672
128,gamma,0.5,134,3161978160643573224,1634,342,0,126,128,696
128,gamma,0.5,135,7882180274139320028,972,300,0,96,128,488
128,gamma,0.5,136,280000026069937637,1330,348,0,100,128,607
128,gamma,0.5,137,6576069301678659621,1143,305,0,87,128,530
128,gamma,0.5,138,5554942937838712390,1229,421,1,117,128,638
128,gamma,0.5,139,7989512405684459221,1412,392,0,110,128,663
128,gamma,0.5,140,4536300330881981625,1068,342,-1,128,80,523
128,gamma,0.5,141,7070191970483141856,1093,361,-2,123,128,573
128,gamma,0.5,142,1422923676802066818,1559,365,3,65,128,634
128,gamma,0.5,143,6547776162155657169,1671,389,0,128,103,708
128,gamma,0.5,144,5314349737813860641,1702,412,-1,128,126,754
128,gamma,0.5,145,1731447441690434649,1999,439,1,121,128,803
128,gamma,0.5,146,7594592669391002069,1170,328,-1,110,128,513
128,gamma,0.5,147,4068718300858234245,1398,326,0,84,128,557
128,gamma,0.5,148,1416283242974893891,1193,381,0,101,128,595
128,gamma,0.5,149,5179791182605961567,1304,318,0,76,128,575
128,gamma,0.5,150,1853974159219173838,1445,347,-1,128,85,658
128,gamma,0.5,151,1071121832870345059,1770,408,0,104,128,763
128,gamma,0.5,152,1933906167999975640,1126,320,0,128,90,556
128,gamma,0.5,153,7592195235723551549,1066,308,1,46,128,490
128,gamma,0.5,154,1868330692837033517,1634,318,1,128,68,630
128,gamma,0.5,155,8505148175508339399,1387,383,1,113,128,655
128,gamma,0.5,156,1553607916512220566,1608,406,-1,128,118,710
128,gamma,0.5,157,6151677955030259404,1543,409,1,128,123,726
128,gamma,0.5,158,5812315245954438670,1276,358,-2,128,90,580
128,gamma,0.5,159,1541309737919422503,1163,359,0,85,128,541
128,gamma,0.5,160,8309782600978764836,1777,371,-2,109,128,731
128,gamma,0.5,161,7551458297284836620,1615,407,2,123,128,740
128,gamma,0.5,162,704451588986401704,1611,391,0,128,83,666
128,gamma,0.5,163,2442506075716672690,1434,450,0,120,128,684
128,gamma,0.5,164,7185418222185938506,1270,400,0,116,128,629
128,gamma,0.5,165,8654280336207693351,1479,363,0,128,103,639
128,gamma,0.5,166,368389656010888315,1289,385,0,115,128,602
128,gamma,0.5,167,8134032702522803981,1210,270,2,66,128,498
128,gamma,0.5,168,2096435225682416091,1516,318,0,90,128,602
128,gamma,0.5,169,8345189179036445486,1613,407,2,117,128,692
128,gamma,0.5,170,3871486561822254980,1141,289,-1,128,55,541
128,gamma,0.5,171,6356391010143887092,928,262,0,50,128,459
128,gamma,0.5,172,3186340473350671924,1565,363,0,119,128,649
128,gamma,0.5,173,509028513338476267,1695,387,0,128,107,746
128,gamma,0.5,174,4188890805494425628,992,270,1,66,128,489
128,gamma,0.5,175,8725995944899578907,1212,356,0,104,128,598
128,gamma,0.5,176,667844732012233196,1233,321,0,85,128,564
128,gamma,0.5,177,2705424534942108997,1146,338,0,128,94,556
128,gamma,0.5,178,4734424529709020834,1125,377,-1,128,127,592
128,gamma,0.5,179,6538799044476149787,1733,427,2,119,128,718
128,gamma,0.5,180,2229315358469743677,1176,318,0,108,128,588
128,gamma,0.5,181,7673413339847532569,1320,372,2,108,128,613
128,gamma,0.5,182,4601718840528808299,1209,371,-1,128,95,618
128,gamma,0.5,183,4184976987401481671,1109,331,1,113,128,524
128,gamma,0.5,184,1120199839043515177,1622,406,1,124,128,771
128,gamma,0.5,185,3372842735061951563,1403,321,0,97,128,565
128,gamma,0.5,186,932765673572174826,1272,356,0,98,128,593
128,gamma,0.5,187,7432680572336559076,1465,369,0,115,128,603
128,gamma,0.5,188,8323605728831785300,1504,362,1,84,128,696
128,gamma,0.5,189,2175355420963430804,979,277,0,79,128,463
128,gamma,0.5,190,8601418585287733090,1259,349,-2,107,128,587
128,gamma,0.5,191,6978428217996144050,1465,337,0,128,95,635
128,gamma,0.5,192,1700070088213226859,1342,350,-1,128,120,642
128,gamma,0.5,193,2456618086143769790,1173,359,2,97,128,583
128,gamma,0.5,194,7087825368492211120,1162,362,-2,128,120,593
128,gamma,0.5,195,288992789234509455,1314,392,-1,120,128,623
128,gamma,0.5,196,8228065966467739869,1186,370,1,128,124,598
128,gamma,0.5,197,9178375545332791553,1566,334,2,110,128,659
128,gamma,0.5,198,4095471006301056004,952,308,-1,82,128,505
128,gamma,0.5,199,7861356372124062583,1816,386,0,112,128,675
128,gamma,0.5,200,8683759119482357845,1052,330,-1,128,108,526
128,gamma,0.5,201,3039997827181724978,1037,331,0,128,73,547
128,gamma,0.5,202,7979954094372314477,1256,322,0,128,120,574
128,gamma,0.5,203,3673435580479054993,1560,392,-1,128,106,702
128,gamma,0.5,204,5533304483091667253,1484,356,3,110,128,665
128,gamma,0.5,205,8963854140074505850,1706,346,-1,100,128,679
128,gamma,0.5,206,505825716794239479,1335,417,0,119,128,642
128,gamma,0.5,207,171736068714456027,1575,351,-1,128,103,698
128,gamma,0.5,208,4176999933284723091,1045,337,2,67,128,521
128,gamma,0.5,209,8698956501019590673,1297,361,0,128,91,575
128,gamma,0.5,210,8123484164892220449,1290,350,-1,128,94,622
128,gamma,0.5,211,6871796258723386961,1226,346,-3,128,68,576
128,gamma,0.5,212,3748739014900473810,1385,335,0,128,111,638
128,gamma,0.5,213,5383138715848561701,1326,338,0,128,118,597
128,gamma,0.5,214,1749830968286402308,1303,373,-2,128,125,569
128,gamma,0.5,215,577626901100113710,1241,373,-1,127,128,614
128,gamma,0.5,216,3892157314082903128,1392,372,1,114,128,642
128,gamma,0.5,217,2675150973376885593,1797,379,1,85,128,694
128,gamma,0.5,218,6528785084646623653,1701,379,-1,128,105,714
128,gamma,0.5,219,600161643244348720,1308,344,1,98,128,578
128,gamma,0.5,220,8258786090770280753,1245,305,-2,128,71,545
128,gamma,0.5,221,6220159445496198182,1059,321,-1,128,81,494
128,gamma,0.5,222,7188732414260212201,1208,344,0,82,128,565
128,gamma,0.5,223,7494624340968062664,1411,385,0,128,115,673
128,gamma,0.5,224,4176733431636089150,1167,341,0,128,93,558
128,gamma,0.5,225,1411758378246484895,1249,321,-2,128,83,573
128,gamma,0.5,226,8944450233831734660,1547,307,1,59,128,623
128,gamma,0.5,227,5259364647995250980,1391,321,-2,128,99,607
128,gamma,0.5,228,5275416907869945404,757,263,0,43,128,402
128,gamma,0.5,229,6284144458487912837,1157,319,-1,128,73,527
128,gamma,0.5,230,5931268389857561064,1363,335,0,97,128,609
128,gamma,0.5,231,6186621025560210202,1092,352,-2,128,90,558
128,gamma,0.5,232,5771114403145763954,1571,363,0,128,107,658
128,gamma,0.5,233,870085626618913637,1417,315,-1,128,89,572
128,gamma,0.5,234,4443340631337437706,1009,337,1,115,128,506
128,gamma,0.5,235,4891632443346337323,1014,318,-2,128,56,479
128,gamma,0.5,236,4961248946113456025,1438,438,0,128,122,667
128,gamma,0.5,237,5422484367008048918,1019,395,-1,128,87,531
128,gamma,0.5,238,1966017096026350154,1290,372,0,112,128,629
128,gamma,0.5,239,5501240197012716019,1844,366,0,118,128,820
128,gamma,0.5,240,7195731813429934073,1274,330,-1,102,128,610
128,gamma,0.5,241,3823335326642263076,1173,343,-1,128,93,582
128,gamma,0.5,242,4896207426544954378,1317,293,0,128,67,554
128,gamma,0.5,243,9183038565597498371,1263,335,2,128,73,609
128,gamma,0.5,244,6240806858588507224,1547,331,1,128,49,629
128,gamma,0.5,245,6231539164912099542,1115,347,0,128,115,531
128,gamma,0.5,246,7114753874779768040,1076,318,0,128,78,525
128,gamma,0.5,247,6204824192435379534,954,346,-1,128,104,492
128,gamma,0.5,248,5822328397328358485,1240,356,3,100,128,636
128,gamma,0.5,249,8540002969926497337,1469,393,0,128,119,675
128,gamma,0.5,250,706700851442298575,1433,365,0,128,107,601
128,gamma,0.5,251,5407331517164880267,1976,362,1,128,72,738
128,gamma,0.5,252,3020532470177571225,1516,380,1,110,128,674
128,gamma,0.5,253,546206275591057223,1234,334,3,92,128,560
128,gamma,0.5,254,3964452914874046430,992,302,0,128,70,472
128,gamma,0.5,255,3292840978996195716,1222,400,1,108,128,606
128,gamma,0.5,256,908540118878393599,1551,387,0,128,119,678
128,gamma,0.5,257,5299280025299571294,1532,382,-2,128,122,697
128,gamma,0.5,258,1055903363283765876,823,309,0,83,128,451
128,gamma,0.5,259,6115014662307400957,1447,425,3,113,128,679
128,gamma,0.5,260,6401601452682106036,1499,385,2,119,128,659
128,gamma,0.5,261,5143005961174095688,1058,314,3,74,128,519
128,gamma,0.5,262,2348647029871357864,1154,336,0,86,128,543
128,gamma,0.5,263,2123384649912380954,1395,371,0,128,97,689
128,gamma,0.5,264,8268642703558553038,1282,344,0,116,128,569
128,gamma,0.5,265,3296240300304932029,1346,298,0,90,128,609
128,gamma,0.5,266,530480900046470216,1244,326,-2,78,128,563
128,gamma,0.5,267,5057127553428039832,1487,361,1,101,128,681
128,gamma,0.5,268,6772791948698845270,1737,429,0,121,128,721
128,gamma,0.5,269,818510979366383770,1298,320,2,128,82,567
128,gamma,0.5,270,6311885728330985024,2141,399,1,121,128,894
128,gamma,0.5,271,5261184544324491223,1263,367,2,128,89,596
128,gamma,0.5,272,4755102008428997211,1069,339,-1,128,85,544
128,gamma,0.5,273,4658704163720700004,1288,340,-1,120,128,571
128,gamma,0.5,274,4487367534797017784,1192,334,-1,96,128,552
128,gamma,0.5,275,5287768244240253740,1072,358,0,110,128,553
128,gamma,0.5,276,1768743135447463084,1213,287,0,89,128,532
128,gamma,0.5,277,1241721099390989771,1526,376,-1,116,128,715
128,gamma,0.5,278,7134474059249834282,1052,318,0,64,128,500
128,gamma,0.5,279,7503880202711378182,1330,344,2,128,108,599
128,gamma,0.5,280,6483771007396021544,1740,426,0,128,120,717
128,gamma,0.5,281,1876812863185641971,1273,379,-2,128,113,607
128,gamma,0.5,282,1866045307392736378,1648,334,1,128,78,681
128,gamma,0.5,283,9027241112954619025,1406,342,0,98,128,639
128,gamma,0.5,284,2533549847456703086,1924,394,1,110,128,818
128,gamma,0.5,285,2546184797430887598,1437,367,-1,128,121,645
128,gamma,0.5,286,787570849772123387,1397,327,0,128,87,580
128,gamma,0.5,287,1639925638605375182,1643,419,2,123,128,756
128,gamma,0.5,288,6741079503110068192,1180,340,-1,80,128,588
128,gamma,0.5,289,9221470816016627982,1167,367,0,128,105,537
128,gamma,0.5,290,6857717647843605282,1630,456,2,110,128,740
128,gamma,0.5,291,5494353980764917025,1357,379,0,128,119,657
128,gamma,0.5,292,1963137823839370862,1247,337,-1,111,128,595
128,gamma,0.5,293,2303279355403810213,1367,333,2,73,128,573
128,gamma,0.5,294,7054739801999197645,1404,426,-1,128,120,665
128,gamma,0.5,295,4469854501231487232,1421,359,-2,79,128,620
128,gamma,0.5,296,1508562003665412691,1176,348,-1,102,128,564
128,gamma,0.5,297,6346269148621406895,1639,369,-1,128,111,646
128,gamma,0.5,298,2410262227867604213,1287,375,0,125,128,604
128,gamma,0.5,299,7161519942439234844,1495,359,1,85,128,657
128,gamma,0.5,300,6366865041887519799,1514,330,1,94,128,632
128,gamma,0.5,301,2150673879116655559,1636,328,0,128,112,710
128,gamma,0.5,302,990533100169787965,1136,362,-1,128,116,588
128,gamma,0.5,303,392243685374847128,1154,374,-1,128,50,574
128,gamma,0.5,304,4230190303531040241,1512,422,0,82,128,692
128,gamma,0.5,305,2869412406982937108,1571,373,1,128,73,631
128,gamma,0.5,306,1173538814119725692,1527,335,-1,128,85,566
128,gamma,0.5,307,8891112664640405804,1251,359,-2,128,113,597
128,gamma,0.5,308,8735431765836940706,1319,343,-1,128,107,659
128,gamma,0.5,309,5186957738445659318,1149,299,-2,128,77,530
128,gamma,0.5,310,4446201370521005099,1255,401,0,113,128,598
128,gamma,0.5,311,64491288222035253,1689,395,2,115,128,706
128,gamma,0.5,312,2107219032264987787,1597,387,0,127,128,719
128,gamma,0.5,313,2054191428735353634,1682,376,-1,128,102,669
128,gamma,0.5,314,1494090060842152900,1187,371,-1,128,121,576
128,gamma,0.5,315,6547946424256151548,1572,386,-2,110,128,651
128,gamma,0.5,316,2234377776604353683,953,311,1,67,128,489
128,gamma,0.5,317,2393170591347320072,1090,290,1,88,128,552
128,gamma,0.5,318,3069358611038235743,1240,340,1,128,76,558
128,gamma,0.5,319,8737516379329532951,1748,384,2,108,128,710
128,gamma,0.5,320,2688664402088365650,1245,353,-2,128,69,597
128,gamma,0.5,321,3064789821340980799,945,297,0,128,59,480
128,gamma,0.5,322,2409737862888450561,1655,391,2,121,128,723
128,gamma,0.5,323,7002830262941231800,1255,353,-1,128,93,592
128,gamma,0.5,324,6632122142195512800,1409,337,1,128,109,619
128,gamma,0.5,325,1468901417618575917,1350,342,1,84,128,599
128,gamma,0.5,326,5247544691324665536,1118,306,-1,128,82,535
128,gamma,0.5,327,122729082433028594,1358,364,0,128,122,652
128,gamma,0.5,328,4823115515978063702,1317,365,2,125,128,605
128,gamma,0.5,329,5101591375854558694,1320,374,0,98,128,614
128,gamma,0.5,330,3616439682249578251,1676,380,-1,128,122,704
128,gamma,0.5,331,4577235072527168891,1295,329,1,128,73,559
128,gamma,0.5,332,7336152067970443467,1070,322,2,128,90,511
128,gamma,0.5,333,4276151475400299072,1330,368,0,92,128,611
128,gamma,0.5,334,2503221854876679815,1042,314,1,62,128,489
128,gamma,0.5,335,3672438972003207762,1649,377,-2,128,125,725
128,gamma,0.5,336,1600077564638780997,1159,265,1,63,128,490
128,gamma,0.5,337,8299091922749848866,1023,269,-1,47,128,486
128,gamma,0.5,338,9219127512480530671,1695,355,1,128,123,689
128,gamma,0.5,339,1270036184909601060,1773,363,0,107,128,726
128,gamma,0.5,340,1657649226313447041,1585,337,-3,128,79,672
128,gamma,0.5,341,2967268629510762617,1609,335,0,69,128,672
128,gamma,0.5,342,1463809804785388828,1504,404,5,104,128,672
128,gamma,0.5,343,4183514755734565686,1334,384,-1,128,100,618
128,gamma,0.5,344,6563828926574672787,1295,317,0,99,128,599
128,gamma,0.5,345,1990170512000443998,1604,336,-1,116,128,640
128,gamma,0.5,346,6700708629804626591,1505,365,0,117,128,672
128,gamma,0.5,347,1867557177314690144,1198,260,1,128,58,473
128,gamma,0.5,348,457030016784913877,1802,396,0,118,128,718
128,gamma,0.5,349,10694614064773256,1951,363,-1,111,128,793
128,gamma,0.5,350,8540748749262785637,1549,403,2,113,128,685
128,gamma,0.5,351,3522980551441796959,1007,337,0,128,111,506
128,gamma,0.5,352,3109981054488564191,1454,306,1,90,128,592
128,gamma,0.5,353,1604031344256243165,1668,348,1,100,128,694
128,gamma,0.5,354,6907344783508819496,1528,366,1,100,128,657
128,gamma,0.5,355,7163438943008023341,1590,346,2,108,128,680
128,gamma,0.5,356,1891640045280802963,1134,326,1,88,128,537
128,gamma,0.5,357,5041258327416770150,1781,483,2,101,128,824
128,gamma,0.5,358,3124163251021312558,1319,333,-2,128,77,584
128,gamma,0.5,359,4845318158499454494,1221,405,0,119,128,599
128,gamma,0.5,360,5321440241485587486,1018,326,0,82,128,503
128,gamma,0.5,361,1472343635532022699,1270,342,1,90,128,605
128,gamma,0.5,362,3891089016201110412,1531,397,2,113,128,728
128,gamma,0.5,363,8988668589304816353,1972,426,0,128,108,836
128,gamma,0.5,364,1267631587263765614,1352,380,0,120,128,669
128,gamma,0.5,365,5823197415903109815,1534,372,0,128,126,603
128,gamma,0.5,366,5273463962279828245,1401,377,1,115,128,633
128,gamma,0.5,367,5986086186894468748,1422,376,2,72,128,614
128,gamma,0.5,368,5523783692513961688,1042,354,1,128,120,527
128,gamma,0.5,369,7391153432169966124,1389,381,0,128,105,629
128,gamma,0.5,370,651632017531678599,1332,380,3,122,128,648
128,gamma,0.5,371,4895488394476865782,1796,306,-1,128,90,666
128,gamma,0.5,372,7908968278319451607,1445,361,1,121,128,626
128,gamma,0.5,373,2824630516743981081,1254,322,0,62,128,554
128,gamma,0.5,374,7425622244586387300,1759,373,0,128,109,655
128,gamma,0.5,375,4848441995780366166,958,316,0,128,100,488
128,gamma,0.5,376,187260420425566316,1174,288,0,74,128,507
128,gamma,0.5,377,3021967709165354769,1117,349,1,128,95,571
128,gamma,0.5,378,4848737546110096596,1151,397,0,111,128,614
128,gamma,0.5,379,1887667737928069032,1365,363,-2,128,109,652
128,gamma,0.5,380,1442030154974738583,1306,374,-1,128,116,613
128,gamma,0.5,381,1805388836765940420,1202,292,-1,128,88,583
128,gamma,0.5,382,4541563449356238998,1488,320,0,106,128,629
128,gamma,0.5,383,6580324603655264510,1823,375,3,128,105,763
128,gamma,0.5,384,4940724922705382922,1727,417,2,128,121,754
128,gamma,0.5,385,1550957567120278184,1361,391,0,121,128,616
128,gamma,0.5,386,8853860043834993883,1281,339,2,109,128,552
128,gamma,0.5,387,34958886469905511,1389,381,0,109,128,646
128,gamma,0.5,388,5856297647448474112,1282,334,-2,128,98,565
128,gamma,0.5,389,2961554985789904231,1365,381,-1,93,128,629
128,gamma,0.5,390,5490749902318425690,1677,409,0,119,128,696
128,gamma,0.5,391,6509626215515749509,1385,379,-1,128,113,658
128,gamma,0.5,392,4589067345503062343,811,263,1,128,61,417
128,gamma,0.5,393,807774913852932138,1618,414,0,118,128,763
128,gamma,0.5,394,2117846257731865711,2074,408,-1,128,120,836
128,gamma,0.5,395,2667532401000220701,1867,371,1,128,87,727
128,gamma,0.5,396,8205500013262496996,1850,398,-2,128,106,752
128,gamma,0.5,397,3425183607424704945,1341,309,-2,83,128,590
128,gamma,0.5,398,1226121401962207665,1331,355,-2,128,107,634
128,gamma,0.5,399,9135357472046467904,1111,307,-1,128,59,517
128,gamma,0.5,400,5565387353582423368,1748,414,-1,120,128,750
128,gamma,0.5,401,5015889521442306414,1398,402,1,118,128,675
128,gamma,0.5,402,4902963669435820952,1391,389,-1,128,123,627
128,gamma,0.5,403,1127433082689211422,1389,369,-2,128,89,636
128,gamma,0.5,404,3122158944687363780,957,265,1,57,128,452
128,gamma,0.5,405,2542921252530986070,1334,420,1,100,128,636
128,gamma,0.5,406,4873757954749727103,1495,415,0,119,128,674
128,gamma,0.5,407,2326057778192705650,1510,450,1,122,128,734
128,gamma,0.5,408,9097654279729305444,1247,375,-1,109,128,595
128,gamma,0.5,409,2967667392897711277,1422,302,1,70,128,587
128,gamma,0.5,410,4929740706164580551,1720,414,-4,114,128,723
128,gamma,0.5,411,883255100643282156,1560,362,0,128,84,645
128,gamma,0.5,412,6518689012772058051,1678,296,3,60,128,674
128,gamma,0.5,413,1390305146494168975,1155,303,-1,128,109,568
128,gamma,0.5,414,4090150026782316169,1205,351,0,99,128,569
128,gamma,0.5,415,3771935546140531043,1209,343,2,119,128,587
128,gamma,0.5,416,2012727726145261273,1568,438,-1,128,114,719
128,gamma,0.5,417,7074033202319776826,1142,332,-1,82,128,520
128,gamma,0.5,418,2041991038045416897,1829,321,1,101,128,744
128,gamma,0.5,419,466198095051109557,1736,392,-1,124,128,730
128,gamma,0.5,420,8032709673523421647,1327,355,0,128,123,603
128,gamma,0.5,421,1161076510923500967,1343,401,0,117,128,640
128,gamma,0.5,422,2891453122871994946,848,268,1,56,128,425
128,gamma,0.5,423,7816428719941068919,1260,326,0,128,64,588
128,gamma,0.5,424,7532321464727660426,1394,350,-1,128,90,659
128,gamma,0.5,425,2167428657396419180,1465,375,-1,89,128,625
128,gamma,0.5,426,8890299765905599237,1306,334,-1,128,82,582
128,gamma,0.5,427,5856482430965772708,1450,378,0,118,128,658
128,gamma,0.5,428,4522935963160608366,1334,346,-1,102,128,589
128,gamma,0.5,429,3944796265968802224,1203,327,1,65,128,552
128,gamma,0.5,430,5716874690157813096,1049,327,-2,128,95,523
128,gamma,0.5,431,7100970130749048608,1304,384,-1,128,116,596
128,gamma,0.5,432,707746498370213084,1245,331,0,109,128,579
128,gamma,0.5,433,6792933022004041196,1096,334,1,88,128,554
128,gamma,0.5,434,9000486755770627407,1428,360,-1,128,84,646
128,gamma,0.5,435,5702470998625864988,1638,332,-1,128,58,653
128,gamma,0.5,436,7451886145184096629,1231,285,0,128,53,511
128,gamma,0.5,437,323732594592899159,1029,293,0,128,79,493
128,gamma,0.5,438,1758843781968735285,1056,366,1,102,128,580
128,gamma,0.5,439,2933405040610003134,1609,363,0,128,113,659
128,gamma,0.5,440,9139385809568608935,1311,361,0,128,111,590
128,gamma,0.5,441,4662003432176885605,1593,323,-3,128,87,552
128,gamma,0.5,442,7950181388903564496,1045,299,-1,128,79,484
128,gamma,0.5,443,52434406997983394,1512,342,-2,96,128,682
128,gamma,0.5,444,2924315022225284224,1136,314,-1,128,86,516
128,gamma,0.5,445,9044047535313086633,1459,389,0,128,87,645
128,gamma,0.5,446,547542891727716687,1843,409,-1,85,128,771
128,gamma,0.5,447,3609685644027934454,866,282,0,52,128,440
128,gamma,0.5,448,5316487166504913350,1159,357,-1,128,97,550
128,gamma,0.5,449,1873349290761545389,1021,287,0,77,128,492
128,gamma,0.5,450,5201513687200173329,1625,399,1,125,128,689
128,gamma,0.5,451,4620711492994751433,1025,285,0,85,128,488
128,gamma,0.5,452,6750028027139863302,1074,302,0,128,106,513
128,gamma,0.5,453,728709706290351175,1498,344,-1,128,92,637
128,gamma,0.5,454,1148729108849401671,1213,395,0,128,111,573
128,gamma,0.5,455,654110027581490399,1090,306,0,70,128,545
128,gamma,0.5,456,7685855892564030630,1638,314,2,128,86,649
128,gamma,0.5,457,7546318504156395344,1304,342,0,104,128,641
128,gamma,0.5,458,8641961349624726485,1569,333,-1,128,59,566
128,gamma,0.5,459,4489083403535652505,1163,369,-2,128,127,592
128,gamma,0.5,460,6559772868388461215,1652,334,0,128,106,709
128,gamma,0.5,461,8581699540040609579,1187,289,0,75,128,543
128,gamma,0.5,462,4538754556651352934,1424,326,-2,128,74,604
128,gamma,0.5,463,8918489898401219676,1292,362,1,104,128,600
128,gamma,0.5,464,5392356132066472159,1239,321,-1,128,111,547
128,gamma,0.5,465,7546633794749891896,1802,360,-2,128,102,690
128,gamma,0.5,466,5238461720588860374,1477,269,-2,128,69,538
128,gamma,0.5,467,6054609881419455392,1546,368,1,128,108,659
128,gamma,0.5,468,1996768936123612515,1636,384,0,128,114,723
128,gamma,0.5,469,6974565001727594467,1880,346,-1,128,92,683
128,gamma,0.5,470,4299852382293764353,1834,412,-2,128,118,702
128,gamma,0.5,471,7493144450488387519,1533,307,0,69,128,588
128,gamma,0.5,472,6185867895047825542,1306,356,-1,128,110,612
128,gamma,0.5,473,7940310981692963348,1193,351,2,89,128,584
128,gamma,0.5,474,3333584869542489928,1768,404,-1,128,124,785
128,gamma,0.5,475,6309718292724189940,859,273,-1,128,67,424
128,gamma,0.5,476,1461365688850388849,1109,327,0,109,128,532
128,gamma,0.5,477,4340022127029045033,1011,309,0,128,79,521
128,gamma,0.5,478,409448918253170488,1438,374,-1,128,102,725
128,gamma,0.5,479,4750227798193293747,1123,337,0,128,69,536
128,gamma,0.5,480,1776934429504561452,1546,356,-1,128,92,638
128,gamma,0.5,481,8778126830026247724,1235,299,2,85,128,512
128,gamma,0.5,482,3420609173598169743,1284,356,1,128,86,594
128,gamma,0.5,483,8425296671382917263,1317,391,1,115,128,654
128,gamma,0.5,484,8142244923378791021,1654,366,1,128,94,712
128,gamma,0.5,485,8458393968070829253,1631,427,0,121,128,712
128,gamma,0.5,486,5175252818998313656,1030,338,-1,114,128,539
128,gamma,0.5,487,4726550737464225512,1138,316,-1,128,80,507
128,gamma,0.5,488,2214752868739817370,1171,363,2,121,128,587
128,gamma,0.5,489,7844038034957734629,1309,367,2,119,128,636
128,gamma,0.5,490,6867827393953660529,966,328,2,76,128,496
128,gamma,0.5,491,3051026221525528051,1762,376,1,128,126,733
128,gamma,0.5,492,8815567720112384267,1102,342,-1,128,118,547
128,gamma,0.5,493,3299294197700367444,1707,311,0,87,128,609
128,gamma,0.5,494,9033133491334790008,1066,344,0,90,128,548
128,gamma,0.5,495,190260957889358892,2256,344,0,58,128,694
128,gamma,0.5,496,6515806887628939811,1413,451,1,128,121,715
128,gamma,0.5,497,5267181619062346609,1689,403,-1,128,123,734
128,gamma,0.5,498,4349254530137492052,1038,296,0,128,70,483
128,gamma,0.5,499,1466317120085262083,1492,372,-1,128,118,680
128,gamma,0.5,500,3695722664830867985,1632,368,-1,122,128,706
128,gamma,0.5,501,8318569103405077526,1274,368,1,128,60,598
128,gamma,0.5,502,7052665622370217503,1727,377,1,128,73,691
128,gamma,0.5,503,4456301737565459693,1489,367,-1,128,119,675
128,gamma,0.5,504,7267609860354970809,1661,373,-1,128,75,672
128,gamma,0.5,505,4280138174125453915,1664,366,1,104,128,661
128,gamma,0.5,506,7380891496270978946,1545,359,-1,128,109,636
128,gamma,0.5,507,4962543372158013237,1051,391,1,109,128,584
128,gamma,0.5,508,6621218820723737929,1788,328,2,114,128,682
128,gamma,0.5,509,4351510255654918845,1637,365,0,128,113,631
128,gamma,0.5,510,113553178017600627,1529,377,1,128,125,616
128,gamma,0.5,511,8240634131641767931,1093,289,-1,128,67,514
128,gamma,0.5,512,794135674659345044,1726,430,1,128,118,792
128,gamma,0.5,513,3690129374147985612,1085,329,-1,128,113,544
128,gamma,0.5,514,39594825733519105,1245,325,1,61,128,531
128,gamma,0.5,515,8422949933110779544,1589,397,0,121,128,693
128,gamma,0.5,516,528623110729335402,1217,375,2,128,95,616
128,gamma,0.5,517,8777725054488088047,1320,320,2,128,84,578
128,gamma,0.5,518,3829449585965997334,1833,359,0,128,97,722
128,gamma,0.5,519,8041787159625554880,1472,364,0,128,120,666
128,gamma,0.5,520,2060093874366593525,1263,337,0,128,77,574
128,gamma,0.5,521,7017521532514634224,1502,330,-2,128,96,565
128,gamma,0.5,522,5062610678629748399,1218,394,0,128,124,624
128,gamma,0.5,523,5371978081982118269,1568,320,0,128,82,676
128,gamma,0.5,524,4127745182838902620,1760,382,0,128,114,671
128,gamma,0.5,525,4449157314843310673,1268,342,-1,128,94,589
128,gamma,0.5,526,5893225324568998816,1256,322,0,128,82,557
128,gamma,0.5,527,5238155335941113168,961,311,-2,128,71,478
128,gamma,0.5,528,3315548717486604770,1846,402,-1,116,128,750
128,gamma,0.5,529,560236613265609590,1181,351,0,128,77,561
128,gamma,0.5,530,7662715969594778114,1045,295,1,128,85,487
128,gamma,0.5,531,8652795094516318775,1648,344,0,128,86,650
128,gamma,0.5,532,2864546812159381578,1381,355,1,101,128,623
128,gamma,0.5,533,5032480887830437638,1259,365,1,85,128,608
128,gamma,0.5,534,6909479122863337440,1377,377,0,128,83,641
128,gamma,0.5,535,5600197396725366742,1334,334,1,128,70,605
128,gamma,0.5,536,7820580596180939071,1446,388,-1,128,92,648
128,gamma,0.5,537,6712334643769117465,1438,348,0,64,128,637
128,gamma,0.5,538,9343276236512986,1711,381,0,101,128,733
128,gamma,0.5,539,3037967897147904673,1421,339,0,128,93,606
128,gamma,0.5,540,6424733693195431800,1366,388,0,120,128,648
128,gamma,0.5,541,8825889800853567671,1686,370,1,118,128,677
128,gamma,0.5,542,9100296741852623993,1414,364,1,128,114,642
128,gamma,0.5,543,1259256934866119194,1458,316,0,128,72,560
128,gamma,0.5,544,8832171462025693122,1609,381,-2,128,109,627
128,gamma,0.5,545,5690210384270801586,1247,363,2,128,119,584
128,gamma,0.5,546,6812272130906938320,1235,339,0,128,111,605
128,gamma,0.5,547,2045196435779966283,1278,314,-1,128,104,608
128,gamma,0.5,548,7374887578412185469,1186,346,0,100,128,543
128,gamma,0.5,549,5415975084997801590,1079,313,1,91,128,501
128,gamma,0.5,550,7833737762267251410,919,311,-3,128,69,484
128,gamma,0.5,551,7219348596114749307,770,270,0,64,128,403
128,gamma,0.5,552,926991836022364629,1409,351,-2,128,91,682
128,gamma,0.5,553,1191083219192794364,1118,302,1,72,128,559
128,gamma,0.5,554,8381434841068089973,1418,364,1,128,92,607
128,gamma,0.5,555,4804446248109973910,1055,321,1,59,128,506
128,gamma,0.5,556,8757395359704976629,1078,350,-1,74,128,536
128,gamma,0.5,557,8842567764356825849,1677,413,1,127,128,716
128,gamma,0.5,558,353839843189397601,1258,326,3,128,76,573
128,gamma,0.5,559,6778311022905930816,1567,299,-1,128,59,614
128,gamma,0.5,560,700346431128041523,982,326,0,94,128,506
128,gamma,0.5,561,991693947759926664,1141,325,2,128,87,525
128,gamma,0.5,562,7883701907570836964,1337,335,-2,128,85,583
128,gamma,0.5,563,7835795039979311673,1217,361,1,128,99,603
128,gamma,0.5,564,5728549706252833998,975,349,0,128,109,520
128,gamma,0.5,565,2897221498403420106,1257,341,-2,128,97,619
128,gamma,0.5,566,4536530400681531293,1050,376,-1,128,120,583
128,gamma,0.5,567,6505771463968911971,1540,386,0,128,112,695
128,gamma,0.5,568,4765853833623920231,981,327,0,128,119,504
128,gamma,0.5,569,8713598234939143568,1707,379,2,59,128,733
128,gamma,0.5,570,8268353091041392476,1612,436,1,128,102,764
128,gamma,0.5,571,2111569084992471595,1342,374,1,128,104,636
128,gamma,0.5,572,383788911728292811,1204,350,1,92,128,573
128,gamma,0.5,573,2306780097972424494,1946,404,1,128,106,773
128,gamma,0.5,574,4595597719317871931,1386,380,2,82,128,646
128,gamma,0.5,575,4506614296353456577,1530,292,0,128,78,619
128,gamma,0.5,576,5788609580182501495,1289,351,0,117,128,578
128,gamma,0.5,577,7057066250445951373,1261,323,-1,128,125,564
128,gamma,0.5,578,7693525689860349215,1332,370,2,78,128,605
128,gamma,0.5,579,1591774551482564484,1231,321,1,128,89,606
128,gamma,0.5,580,6053513728974145122,1578,370,-1,128,88,609
128,gamma,0.5,581,1113104715359715095,1136,356,1,94,128,553
128,gamma,0.5,582,7194610098581390225,955,299,0,128,81,465
128,gamma,0.5,583,6608793563781829652,1085,335,0,89,128,539
128,gamma,0.5,584,3156929912986145139,1771,345,0,109,128,710
128,gamma,0.5,585,9191592776672151962,1405,367,2,117,128,660
128,gamma,0.5,586,5580259604082137352,1359,365,3,105,128,633
128,gamma,0.5,587,8872662637924593755,1730,340,0,68,128,667
128,gamma,0.5,588,5154956778288646472,1489,395,3,89,128,676
128,gamma,0.5,589,930346271198671977,1314,340,1,108,128,601
128,gamma,0.5,590,3987264009142500371,1383,365,-1,128,115,600
128,gamma,0.5,591,7292958001578705815,1513,337,-1,128,87,671
128,gamma,0.5,592,671093557702560003,1507,333,0,113,128,587
128,gamma,0.5,593,2346322619711700884,1024,264,-2,128,72,454
128,gamma,0.5,594,5889942412713679100,1517,335,-2,128,91,629
128,gamma,0.5,595,5420376526228381521,1214,334,2,84,128,533
128,gamma,0.5,596,308354839114949664,1739,385,1,107,128,721
128,gamma,0.5,597,7847060935409463640,1726,312,0,42,128,636
128,gamma,0.5,598,3945345138889900656,1197,329,-1,128,111,567
128,gamma,0.5,599,4189197543896212378,1124,372,2,110,128,559
128,gamma,0.5,600,7582737235977923782,1061,333,-2,128,109,545
128,gamma,0.5,601,2209413028381890192,853,309,0,71,128,449
128,gamma,0.5,602,6527617394570629690,1499,391,1,117,128,704
128,gamma,0.5,603,7475125219871519594,1360,382,0,88,128,645
128,gamma,0.5,604,7755914656577240637,1334,374,-1,128,120,625
128,gamma,0.5,605,207955712782339116,1141,281,0,128,71,508
128,gamma,0.5,606,3230073461457791931,1182,324,-1,128,102,545
128,gamma,0.5,607,6859837957061728729,1370,308,-1,62,128,569
128,gamma,0.5,608,2073755793157852944,1369,359,1,103,128,625
128,gamma,0.5,609,1238199543665508001,906,326,0,128,94,493
128,gamma,0.5,610,7526781436090926466,1314,326,-1,128,60,611
128,gamma,0.5,611,1262664143331847580,1411,323,-1,128,95,595
128,gamma,0.5,612,1960984447313386398,1435,349,-1,128,105,617
128,gamma,0.5,613,6438860975887740681,1193,283,1,128,65,490
128,gamma,0.5,614,7403352450283067152,1265,249,1,57,128,506
128,gamma,0.5,615,8247603421354600633,1190,330,0,114,128,543
128,gamma,0.5,616,4254513640885526073,1773,377,-1,128,117,773
128,gamma,0.5,617,3073389526511748204,1405,373,0,128,113,658
128,gamma,0.5,618,6744032427392303506,1053,345,0,128,109,519
128,gamma,0.5,619,3070581218908634364,1521,321,1,71,128,626
128,gamma,0.5,620,4319232476184238138,1794,418,-1,128,124,728
128,gamma,0.5,621,4539980080206501945,1000,308,-2,128,78,527
128,gamma,0.5,622,9013357276849772582,929,285,-1,128,79,455
128,gamma,0.5,623,6644885583019253535,1300,336,0,104,128,591
128,gamma,0.5,624,4335600293245821918,1067,309,0,91,128,512
128,gamma,0.5,625,5907467035759622084,1132,324,1,80,128,529
128,gamma,0.5,626,8212717171617945158,1199,315,0,75,128,534
128,gamma,0.5,627,4398378521121911945,1238,386,0,128,104,579
128,gamma,0.5,628,4433933346559167664,1456,398,0,128,102,669
128,gamma,0.5,629,3931353233613392174,1780,400,0,124,128,785
128,gamma,0.5,630,9136649963101074822,1467,409,-2,117,128,670
128,gamma,0.5,631,4129324048069883308,1771,359,-2,128,73,704
128,gamma,0.5,632,7608942419320649532,1213,341,-1,128,97,582
128,gamma,0.5,633,7274205697021334425,1377,351,0,128,121,601
128,gamma,0.5,634,5600037167878196708,1304,350,2,96,128,571
128,gamma,0.5,635,435479621003159062,1614,344,-2,128,88,644
128,gamma,0.5,636,6713136836960801579,1300,334,-1,128,76,555
128,gamma,0.5,637,7620057870272648484,1423,387,2,97,128,618
128,gamma,0.5,638,1799292986414885561,988,326,0,128,102,501
128,gamma,0.5,639,2487198275920678860,1576,412,0,100,128,685
128,gamma,0.5,640,8464114178081587522,1098,324,-1,104,128,529
128,gamma,0.5,641,1660855636855762104,1558,430,0,128,98,738
128,gamma,0.5,642,5891454631834428528,1793,449,-4,128,113,800
128,gamma,0.5,643,8517995894101363980,1399,329,1,111,128,587
128,gamma,0.5,644,6410739271435462347,1239,341,0,107,128,609
128,gamma,0.5,645,8450401285708948518,1447,379,2,119,128,675
128,gamma,0.5,646,8641601030807421522,1525,339,-2,128,101,639
128,gamma,0.5,647,2019010545281802445,1174,384,2,116,128,574
128,gamma,0.5,648,8152157534653733081,1700,424,-1,128,118,766
128,gamma,0.5,649,7631978711749818676,1308,314,1,128,84,588
128,gamma,0.5,650,2170726182627397340,1274,346,-1,128,114,577
128,gamma,0.5,651,1330014234752454228,1350,370,2,94,128,612
128,gamma,0.5,652,2209760389674788715,1226,310,0,70,128,527
128,gamma,0.5,653,7520709043517600759,1062,324,1,112,128,529
128,gamma,0.5,654,1896135008894190289,1280,364,0,128,76,619
128,gamma,0.5,655,2056233621009910407,1099,365,0,128,103,568
128,gamma,0.5,656,5631438130074400703,1779,423,-1,128,115,786
128,gamma,0.5,657,7294469058829443300,1060,316,0,100,128,515
128,gamma,0.5,658,2779236102681249125,1310,348,0,128,112,596
128,gamma,0.5,659,3208352059950883103,1401,339,1,128,91,607
128,gamma,0.5,660,26091545959175372,1595,373,1,89,128,696
128,gamma,0.5,661,6026486339088099875,863,313,1,77,128,451
128,gamma,0.5,662,3433794820710913827,1418,368,0,128,94,628
128,gamma,0.5,663,3328251792356150324,1091,301,-1,128,51,502
128,gamma,0.5,664,7537791470141018408,1064,304,-1,96,128,525
128,gamma,0.5,665,8112948856302870550,1054,338,1,128,86,514
128,gamma,0.5,666,353630836635239516,1676,386,-1,128,118,733
128,gamma,0.5,667,5105515086755863758,1451,395,1,123,128,719
128,gamma,0.5,668,8020194461303963319,1686,372,0,96,128,763
128,gamma,0.5,669,261565207498315870,1837,445,1,117,128,820
128,gamma,0.5,670,1768687866858342521,1196,364,-1,128,68,545
128,gamma,0.5,671,3233247240460697168,1341,345,0,91,128,614
128,gamma,0.5,672,3754448713342114157,1568,382,1,114,128,696
128,gamma,0.5,673,3747471220630793020,1155,297,0,128,47,533
128,gamma,0.5,674,2901030049104537840,1260,338,0,86,128,579
128,gamma,0.5,675,3469917433905279834,1359,339,-1,128,103,615
128,gamma,0.5,676,8851802628860308133,1074,356,1,128,98,542
128,gamma,0.5,677,4125248172355285106,1898,388,-1,128,116,766
128,gamma,0.5,678,4287740335690441263,1553,377,0,103,128,700
128,gamma,0.5,679,2254307383174320354,1578,372,0,128,104,665
128,gamma,0.5,680,4047045365951096138,1420,356,-1,128,94,648
128,gamma,0.5,681,2551042832540949020,1475,363,2,113,128,663
128,gamma,0.5,682,5995024753780132827,1244,318,-1,128,74,564
128,gamma,0.5,683,3271098337111361763,1053,317,0,128,75,505
128,gamma,0.5,684,9101774679862964875,1462,314,0,64,128,592
128,gamma,0.5,685,4294240659448498457,1294,384,-2,128,110,618
128,gamma,0.5,686,4425269378471737748,1230,338,0,100,128,565
128,gamma,0.5,687,5836646802645927843,1236,344,1,128,80,588
128,gamma,0.5,688,5782009028384594011,1664,340,-3,128,56,652
128,gamma,0.5,689,6174902734458118592,1325,275,-2,128,59,481
128,gamma,0.5,690,552394274638007794,1162,396,0,108,128,616
128,gamma,0.5,691,7765082412254797450,1326,350,-2,128,96,617
128,gamma,0.5,692,7458731198605725781,1219,311,2,55,128,543
128,gamma,0.5,693,5548311966746574881,1354,364,-2,128,94,599
128,gamma,0.5,694,8364278313980456509,1190,378,1,116,128,602
128,gamma,0.5,695,2359093645333177759,794,282,1,128,56,417
128,gamma,0.5,696,5003305258188301971,1406,382,1,118,128,636
128,gamma,0.5,697,7583436373843247120,1438,370,-1,128,122,625
128,gamma,0.5,698,9077849908886718903,965,287,0,128,83,463
128,gamma,0.5,699,4865866065703950143,1052,376,0,126,128,578
256,gamma,0.5,0,8151727833124915493,2822,774,-1,256,224,1300
256,gamma,0.5,1,7477368696383273704,2576,716,0,256,198,1186
256,gamma,0.5,2,4044447966603163089,4028,836,1,216,256,1654
256,gamma,0.5,3,8049279697711177914,2780,694,1,256,198,1216
256,gamma,0.5,4,1658453752732418894,3200,732,1,256,204,1362
256,gamma,0.5,5,9163043979839996066,3156,756,0,246,256,1359
256,gamma,0.5,6,4507607409728935833,2520,682,0,256,170,1119
256,gamma,0.5,7,2442155440416641125,2445,667,0,256,145,1145
256,gamma,0.5,8,6399454409294794972,2731,671,1,199,256,1226
256,gamma,0.5,9,6564410991679874971,3198,780,-2,256,230,1410
256,gamma,0.5,10,3081377359111768284,2888,762,1,222,256,1290
256,gamma,0.5,11,270316915988449927,2971,715,-1,256,219,1233
256,gamma,0.5,12,3107007444041308180,3203,843,2,256,253,1462
256,gamma,0.5,13,5642988298690322199,2840,734,1,256,230,1274
256,gamma,0.5,14,3639192325141499378,2438,692,0,194,256,1159
256,gamma,0.5,15,5651098053654498658,3304,680,0,256,194,1361
256,gamma,0.5,16,819905213046996955,3672,818,-1,256,232,1469
256,gamma,0.5,17,8773689411496685177,2949,755,1,225,256,1287
256,gamma,0.5,18,3611202814096639181,2936,796,-1,256,188,1379
256,gamma,0.5,19,5149660459105118683,2560,696,1,186,256,1203
256,gamma,0.5,20,1359785787529875683,3091,807,-1,225,256,1456
256,gamma,0.5,21,7233009039462058993,3339,733,0,193,256,1378
256,gamma,0.5,22,5304707861924916776,2818,736,-1,256,250,1186
256,gamma,0.5,23,8089997525783324992,3480,806,1,256,248,1441
256,gamma,0.5,24,2578815294630312798,3109,735,0,256,239,1311
256,gamma,0.5,25,1455098590526018917,2714,760,2,256,214,1266
256,gamma,0.5,26,5691033970994929758,3204,776,3,176,256,1381
256,gamma,0.5,27,4993176229308933542,2240,690,-2,256,216,1101
256,gamma,0.5,28,5876618971516690608,2659,691,1,199,256,1204
256,gamma,0.5,29,7913721862148126624,2748,778,0,256,246,1273
256,gamma,0.5,30,6994641697054117732,2617,761,1,243,256,1252
256,gamma,0.5,31,2658145216401212475,2855,789,0,255,256,1331
256,gamma,0.5,32,1365180178224530330,2858,800,-2,256,252,1336
256,gamma,0.5,33,6063031717826191902,3037,691,1,213,256,1303
256,gamma,0.5,34,3435636352020558588,2643,693,3,169,256,1189
256,gamma,0.5,35,1004567452683880933,2623,725,-1,211,256,1195
256,gamma,0.5,36,7568742026968585671,2513,661,3,256,197,1165
256,gamma,0.5,37,3106652826296428108,3110,686,1,220,256,1308
256,gamma,0.5,38,212246845760446594,2826,766,1,242,256,1289
256,gamma,0.5,39,3400607839292023689,3430,802,1,256,240,1482
256,gamma,0.5,40,4651094205086497994,3423,823,1,256,215,1462
256,gamma,0.5,41,1525101371191757863,2834,728,-1,256,226,1291
256,gamma,0.5,42,8955876034675202516,2912,794,0,234,256,1331
256,gamma,0.5,43,835575185577721403,2859,765,1,251,256,1302
256,gamma,0.5,44,4631398487428222987,3255,769,0,245,256,1356
256,gamma,0.5,45,4009497972933263390,2874,728,-1,220,256,1295
256,gamma,0.5,46,4785429806273959012,2974,732,1,222,256,1321
256,gamma,0.5,47,7246338053072174580,2767,779,-1,256,237,1351
256,gamma,0.5,48,4499429809722339988,3780,806,0,242,256,1642
256,gamma,0.5,49,6520362601591048456,3402,848,1,244,256,1422
256,gamma,0.5,50,5307447504726017183,2721,757,1,256,225,1267
256,gamma,0.5,51,2305802901116637882,3155,747,-1,256,209,1358
256,gamma,0.5,52,1215922651731615109,2647,713,1,256,173,1143
256,gamma,0.5,53,6686211203218817522,2945,719,-2,256,231,1318
256,gamma,0.5,54,5510001104599906168,3231,761,-2,256,227,1364
256,gamma,0.5,55,3425654180200728289,2959,743,0,225,256,1319
256,gamma,0.5,56,7648301962537287635,2807,801,-2,256,199,1279
256,gamma,0.5,57,4952717242932287868,2855,795,1,256,247,1343
256,gamma,0.5,58,5680240788490336525,3127,739,-1,256,203,1293
256,gamma,0.5,59,5430148135526820921,3075,811,0,233,256,1432
256,gamma,0.5,60,3844845746493711635,3202,760,0,228,256,1399
256,gamma,0.5,61,6291024916492805867,2632,744,0,230,256,1204
256,gamma,0.5,62,2224510573058803894,4110,912,-2,256,240,1783
256,gamma,0.5,63,690420179999451545,2758,802,-1,228,256,1295
256,gamma,0.5,64,3834614890979227858,3337,697,0,171,256,1323
256,gamma,0.5,65,7057357998612998584,3327,795,-1,256,239,1475
256,gamma,0.5,66,5830780863261959143,3294,762,1,256,224,1391
256,gamma,0.5,67,6300511649989143039,2848,814,-2,256,228,1367
256,gamma,0.5,68,2754671905833527217,2781,755,4,241,256,1249
256,gamma,0.5,69,6555543019141189343,3078,770,-1,256,214,1392
256,gamma,0.5,70,7893305108627948345,2590,692,1,256,182,1180
256,gamma,0.5,71,2450776262688273178,2704,768,1,256,234,1283
256,gamma,0.5,72,2005731333744564977,2763,629,0,159,256,1139
256,gamma,0.5,73,1468034542007409413,3476,750,1,250,256,1430
256,gamma,0.5,74,2268713384419304995,2377,695,-1,256,205,1137
256,gamma,0.5,75,7380738740647933896,3251,793,1,235,256,1397
256,gamma,0.5,76,2073023106203879028,3585,725,1,256,215,1364
256,gamma,0.5,77,8113877672278224864,2818,710,-1,146,256,1276
256,gamma,0.5,78,7449438455748701158,3021,713,1,189,256,1278
256,gamma,0.5,79,3633481654516630229,2552,716,2,256,200,1247
256,gamma,0.5,80,6948108353522948693,2815,699,1,256,147,1265
256,gamma,0.5,81,958281710799519606,2231,641,0,161,256,1058
256,gamma,0.5,82,6122193886154042346,2198,672,0,192,256,1042
256,gamma,0.5,83,2851945895800790584,2912,716,1,256,224,1329
256,gamma,0.5,84,6296601255513041858,2615,755,-1,256,219,1254
256,gamma,0.5,85,8806060713270448799,3308,746,0,250,256,1441
256,gamma,0.5,86,6129170057352707117,3052,742,-1,206,256,1288
256,gamma,0.5,87,9003940398494643726,2570,730,0,226,256,1270
256,gamma,0.5,88,6568758612608425361,2712,604,0,190,256,1128
256,gamma,0.5,89,9116068861576075712,2640,764,-1,256,224,1292
256,gamma,0.5,90,6309985349090495564,3579,743,0,209,256,1448
256,gamma,0.5,91,1928481908508810269,2441,671,-1,256,173,1140
256,gamma,0.5,92,6349239650412093971,3070,746,-2,256,218,1316
256,gamma,0.5,93,7646913058521250092,2661,747,0,256,217,1223
256,gamma,0.5,94,2027155024527131540,2687,811,2,256,245,1281
256,gamma,0.5,95,902565635914690410,2767,727,1,227,256,1256
256,gamma,0.5,96,1061190261851083431,2948,794,-1,222,256,1330
256,gamma,0.5,97,4237548474510064592,2968,712,0,256,172,1282
256,gamma,0.5,98,8831513634849608568,2880,758,-1,214,256,1320
256,gamma,0.5,99,1644128900522031569,2934,676,-2,256,170,1257
256,gamma,0.5,100,5841784821072947383,2866,724,-1,256,190,1300
256,gamma,0.5,101,5570552280109170490,2700,710,0,216,256,1240
256,gamma,0.5,102,9177580398905238648,2318,716,0,256,196,1154
256,gamma,0.5,103,6410769998276268206,2178,634,1,172,256,1107
256,gamma,0.5,104,6524178771162240942,3032,756,-1,206,256,1350
256,gamma,0.5,105,9222735451266537868,3136,752,0,220,256,1365
256,gamma,0.5,106,5444887966182344977,2972,696,0,216,256,1354
256,gamma,0.5,107,6558407466552564296,2289,667,0,256,219,1083
256,gamma,0.5,108,240574104274074265,2345,677,1,197,256,1176
256,gamma,0.5,109,4662399081563174929,2494,628,0,186,256,1065
256,gamma,0.5,110,188807934369856372,2608,636,0,256,174,1062
256,gamma,0.5,111,1738520292509290679,2612,792,-2,256,252,1218
256,gamma,0.5,112,1752993629641300850,2659,715,1,256,197,1210
256,gamma,0.5,113,7894236978766487558,2824,834,0,256,248,1348
256,gamma,0.5,114,1532250274887102018,3998,744,0,256,208,1511
256,gamma,0.5,115,7541765928364815134,2908,692,-1,256,232,1230
256,gamma,0.5,116,1719367736455225832,2487,663,0,201,256,1164
256,gamma,0.5,117,551917460908862754,3198,752,-3,256,218,1334
256,gamma,0.5,118,667721698486063627,3324,758,0,226,256,1416
256,gamma,0.5,119,7410437800080156309,2798,728,-2,256,242,1288
256,gamma,0.5,120,8607816477128849565,2254,656,0,182,256,1054
256,gamma,0.5,121,3220270664228431364,2658,650,1,256,160,1117
256,gamma,0.5,122,8258026098010849599,3159,729,0,229,256,1329
256,gamma,0.5,123,1717876817328567946,2292,722,1,226,256,1163
256,gamma,0.5,124,5788038774593506974,3763,851,-4,256,245,1585
256,gamma,0.5,125,3398574743018992555,3651,813,1,256,239,1446
256,gamma,0.5,126,8807241294101350774,2511,699,0,219,256,1157
256,gamma,0.5,127,3913039298133776303,2886,790,-1,256,242,1359
256,gamma,0.5,128,5536874894854042012,2809,751,-2,256,253,1322
256,gamma,0.5,129,8101721969317885947,3370,820,-1,256,250,1436
256,gamma,0.5,130,7119068657718195558,3106,734,-4,256,210,1324
256,gamma,0.5,131,6535025793768662302,3795,785,0,225,256,1576
256,gamma,0.5,132,4741383037239227568,3186,712,0,256,226,1323
256,gamma,0.5,133,4086977982491241429,2683,747,0,256,251,1278
256,gamma,0.5,134,6550251148502892337,2879,719,0,256,207,1288
256,gamma,0.5,135,60625497516844953,2896,732,0,256,228,1301
256,gamma,0.5,136,7770689810502932952,2746,836,-1,256,248,1359
256,gamma,0.5,137,5916330156375819528,2247,773,0,239,256,1193
256,gamma,0.5,138,5856080585295652267,2664,830,1,256,250,1293
256,gamma,0.5,139,3673876734034716364,2400,652,0,178,256,1088
256,gamma,0.5,140,1355237692621319308,3309,845,-1,243,256,1447
256,gamma,0.5,141,6859136243393196462,3598,874,0,220,256,1611
256,gamma,0.5,142,2148070369240125176,2643,647,0,256,173,1175
256,gamma,0.5,143,8334041988397220486,3199,739,-1,256,233,1323
256,gamma,0.5,144,9027740691353623094,3490,778,1,240,256,1433
256,gamma,0.5,145,6629045054023031609,3399,757,0,245,256,1520
256,gamma,0.5,146,7804865296694538527,2906,800,1,256,248,1329
256,gamma,0.5,147,1228857692412113956,2622,738,2,230,256,1185
256,gamma,0.5,148,1571393863071155185,2367,675,1,256,167,1123
256,gamma,0.5,149,2047562970490989204,2771,809,0,256,249,1280
256,gamma,0.5,150,7305638910456311969,2336,732,0,256,242,1115
256,gamma,0.5,151,3404426201179471096,2682,762,-1,212,256,1245
256,gamma,0.5,152,6581063593022459615,3125,705,0,256,189,1279
256,gamma,0.5,153,2914226973288783068,3118,772,-1,204,256,1410
256,gamma,0.5,154,1775281471611424044,3066,800,0,256,214,1345
256,gamma,0.5,155,7663617988964838233,3159,725,1,227,256,1365
256,gamma,0.5,156,5205375637342655261,2138,656,2,172,256,1050
256,gamma,0.5,157,462392193108523337,2407,665,-2,256,205,1148
256,gamma,0.5,158,2304716439547191273,2742,752,-2,184,256,1238
256,gamma,0.5,159,3336251057861841306,2653,753,0,245,256,1260
256,gamma,0.5,160,455918181035935903,2537,771,1,221,256,1271
256,gamma,0.5,161,1393878370457478118,3854,750,0,234,256,1527
256,gamma,0.5,162,2653294019686337672,2954,762,-1,256,238,1298
256,gamma,0.5,163,7681616923090582217,2824,744,1,148,256,1210
256,gamma,0.5,164,5279426843257719854,2612,666,1,256,216,1212
256,gamma,0.5,165,3826311252321814468,2851,787,1,215,256,1358
256,gamma,0.5,166,101650497792271991,3390,878,2,256,248,1484
256,gamma,0.5,167,6271470843753275032,3006,750,0,212,256,1350
256,gamma,0.5,168,1997624618701136414,2923,775,1,243,256,1330
256,gamma,0.5,169,2909516169541289108,2450,710,-2,238,256,1139
256,gamma,0.5,170,783325460345724250,2797,819,2,241,256,1362
256,gamma,0.5,171,4736535609252106335,3122,694,-2,256,176,1262
256,gamma,0.5,172,7535561535333693070,2650,770,0,234,256,1234
256,gamma,0.5,173,6290995875804325158,2533,779,-3,256,241,1240
256,gamma,0.5,174,7638357345419026499,2961,817,2,229,256,1324
256,gamma,0.5,175,7805614840834946621,2343,723,-1,237,256,1215
256,gamma,0.5,176,4801036279907486206,2506,682,2,256,200,1152
256,gamma,0.5,177,6940384233644594192,2691,689,0,169,256,1180
256,gamma,0.5,178,5930488360922989376,2316,674,0,256,186,1133
256,gamma,0.5,179,6063613210467307834,2504,696,1,150,256,1209
256,gamma,0.5,180,1631890103535700854,2567,655,-1,256,185,1168
256,gamma,0.5,181,4966794379210757424,2696,764,-2,188,256,1270
256,gamma,0.5,182,4592741853408669276,2600,698,1,238,256,1155
256,gamma,0.5,183,6146376278651746631,2822,714,0,228,256,1245
256,gamma,0.5,184,8019725951975367519,3008,720,0,184,256,1287
256,gamma,0.5,185,8162507681768577310,3424,834,-1,256,236,1418
256,gamma,0.5,186,9133014202759910377,2922,714,1,256,222,1253
256,gamma,0.5,187,5507245616205726279,2549,563,-2,113,256,1105
256,gamma,0.5,188,1794681572568227541,2857,765,0,256,253,1329
256,gamma,0.5,189,488396086816015630,2486,744,2,256,172,1181
256,gamma,0.5,190,3285365120124961842,3396,910,1,254,256,1511
256,gamma,0.5,191,7616863670705888848,3094,796,0,236,256,1418
256,gamma,0.5,192,9163705552578764604,2722,752,0,256,246,1246
256,gamma,0.5,193,363394542547224991,3194,748,-2,230,256,1388
256,gamma,0.5,194,5300493042533617518,2968,748,0,256,244,1298
256,gamma,0.5,195,1312640748622921068,2721,751,0,213,256,1270
256,gamma,0.5,196,3195418901354789339,2534,732,-1,256,250,1215
256,gamma,0.5,197,4097041795605559762,2880,758,0,256,244,1298
256,gamma,0.5,198,2685712997266599071,2929,727,-1,239,256,1312
256,gamma,0.5,199,5651609110615334196,2795,701,1,155,256,1253
256,gamma,0.5,200,1015957818037549201,3728,838,3,236,256,1595
256,gamma,0.5,201,7527602024035062073,2599,689,-1,191,256,1174
256,gamma,0.5,202,2407316086427399086,3001,737,1,256,189,1272
256,gamma,0.5,203,2771159596839775252,3015,865,1,243,256,1443
256,gamma,0.5,204,1677263843947811789,3357,753,2,219,256,1429
256,gamma,0.5,205,6351162129261956912,3397,779,1,195,256,1364
256,gamma,0.5,206,4438177345009807025,3419,741,-1,256,219,1384
256,gamma,0.5,207,6065828623156579817,3137,763,-2,256,229,1310
256,gamma,0.5,208,1019628696113955624,2784,690,1,178,256,1224
256,gamma,0.5,209,1542212640789524882,2564,758,1,244,256,1264
256,gamma,0.5,210,2052922870061584402,4098,786,1,214,256,1641
256,gamma,0.5,211,3772547446718639767,2984,708,2,224,256,1319
256,gamma,0.5,212,5449782523610131571,3638,838,0,238,256,1508
256,gamma,0.5,213,2942008036532284432,2407,717,0,219,256,1136
256,gamma,0.5,214,8839006832625428204,3861,735,1,211,256,1392
256,gamma,0.5,215,1428439787129633629,3536,844,1,256,252,1442
256,gamma,0.5,216,3243968374417861402,2972,766,1,158,256,1257
256,gamma,0.5,217,4707414225580196301,3397,711,-1,256,243,1336
256,gamma,0.5,218,2348873637580046605,2882,790,1,216,256,1343
256,gamma,0.5,219,2363207311238196307,2646,694,1,186,256,1184
256,gamma,0.5,220,588272862011376878,3248,774,0,256,214,1415
256,gamma,0.5,221,5490990984266183201,3235,651,3,147,256,1318
256,gamma,0.5,222,2407365053642799230,2827,819,0,256,251,1328
256,gamma,0.5,223,1956084591320732090,2288,650,1,172,256,1055
256,gamma,0.5,224,5210786252197877170,2800,748,1,242,256,1280
256,gamma,0.5,225,3753841987571300488,2574,832,0,256,242,1276
256,gamma,0.5,226,2776433373851612380,2730,720,-1,182,256,1261
256,gamma,0.5,227,4875304945633019422,2517,651,-1,256,203,1112
256,gamma,0.5,228,8517037982567616612,2093,595,0,173,256,986
256,gamma,0.5,229,1623841048467917024,2612,738,-1,256,192,1317
256,gamma,0.5,230,6739885368318118442,2249,643,0,256,185,1024
256,gamma,0.5,231,3934219962009674042,2502,718,-1,256,214,1187
256,gamma,0.5,232,4041917255112878680,2625,743,0,249,256,1214
256,gamma,0.5,233,1728937010595121994,3022,778,0,184,256,1338
256,gamma,0.5,234,336287304853260570,3159,741,-1,249,256,1399
256,gamma,0.5,235,8880307086639646246,2853,825,-1,256,239,1334
256,gamma,0.5,236,3414685940104083636,2706,716,0,256,206,1251
256,gamma,0.5,237,8911061076895064102,3018,752,0,186,256,1359
256,gamma,0.5,238,3840218823356381333,2008,720,0,256,230,1068
256,gamma,0.5,239,2419775738658547612,2613,653,0,256,183,1181
256,gamma,0.5,240,4210757956324292610,1966,702,-3,256,186,1061
256,gamma,0.5,241,4698585696129646038,3282,758,-1,256,228,1363
256,gamma,0.5,242,1133625035900331500,3313,749,-1,219,256,1432
256,gamma,0.5,243,1044669935703107035,2808,708,-1,256,220,1219
256,gamma,0.5,244,6809138396478938340,3133,667,-1,209,256,1220
256,gamma,0.5,245,1093662858613228220,3237,759,1,256,245,1334
256,gamma,0.5,246,6441387602859186606,3128,738,1,216,256,1365
256,gamma,0.5,247,6065500335860778759,2433,683,0,256,133,1087
256,gamma,0.5,248,5286697485019714594,3315,721,2,231,256,1347
256,gamma,0.5,249,3655985262341441991,3419,731,1,195,256,1361
256,gamma,0.5,250,4067403772608847480,2680,732,0,210,256,1248
256,gamma,0.5,251,512587999017084752,2658,714,3,220,256,1189
256,gamma,0.5,252,6738384882794902105,2885,795,2,256,241,1297
256,gamma,0.5,253,6867103082161044679,2570,636,1,144,256,1153
256,gamma,0.5,254,5456318970344457047,2812,716,-2,256,218,1242
256,gamma,0.5,255,8141383003205238171,3080,640,-1,256,106,1252
256,gamma,0.5,256,9101538231218044589,3215,775,1,251,256,1394
256,gamma,0.5,257,5280964626427498907,2771,739,-1,256,243,1231
256,gamma,0.5,258,3771727543776530295,2783,751,0,256,249,1249
256,gamma,0.5,259,6693449484857567148,3204,832,0,256,240,1389
256,gamma,0.5,260,4286364151276788340,2834,850,0,240,256,1385
256,gamma,0.5,261,7308985188592911506,2902,764,1,256,214,1328
256,gamma,0.5,262,2194169100216095805,2996,704,0,210,256,1234
256,gamma,0.5,263,4028724736197494182,2072,606,0,166,256,973
256,gamma,0.5,264,3191023013637930688,3184,732,0,208,256,1285
256,gamma,0.5,265,5914100846627540474,3147,805,-2,256,249,1427
256,gamma,0.5,266,6430368172000343676,2561,753,0,215,256,1220
256,gamma,0.5,267,714058800690107385,2565,633,3,163,256,1159
256,gamma,0.5,268,8489264912472550198,2524,728,1,256,206,1199
256,gamma,0.5,269,6330825793425714221,2338,640,0,256,154,1097
256,gamma,0.5,270,3781861094968134946,2910,830,1,236,256,1368
256,gamma,0.5,271,7226823035916606577,2655,741,0,256,201,1222
256,gamma,0.5,272,6851063242440884628,3307,777,0,237,256,1497
256,gamma,0.5,273,6550768245526173108,2794,774,0,234,256,1304
256,gamma,0.5,274,6675048162850082906,3423,821,0,243,256,1490
256,gamma,0.5,275,256075690161237811,3169,709,2,229,256,1353
256,gamma,0.5,276,2549215678455439485,3548,756,1,234,256,1424
256,gamma,0.5,277,5715684384461915382,2498,732,0,256,236,1184
256,gamma,0.5,278,186219762099259141,2403,683,1,205,256,1127
256,gamma,0.5,279,7969868054670164696,2651,693,0,256,189,1153
256,gamma,0.5,280,1397306916151751598,3405,737,2,199,256,1444
256,gamma,0.5,281,330506895798351213,2542,712,1,242,256,1127
256,gamma,0.5,282,6987809357678462948,3148,700,1,190,256,1306
256,gamma,0.5,283,5585557209890993374,3216,884,1,256,232,1427
256,gamma,0.5,284,8016850567816072596,2428,728,-1,256,224,1211
256,gamma,0.5,285,2177993739874032730,2496,670,0,256,208,1161
256,gamma,0.5,286,6844000634239875714,2944,688,2,188,256,1240
256,gamma,0.5,287,3687257344971065867,2969,769,0,256,233,1327
256,gamma,0.5,288,1318427065039460169,2585,659,0,205,256,1151
256,gamma,0.5,289,2779923757725501081,3223,733,2,235,256,1376
256,gamma,0.5,290,679893421284097773,3564,818,-1,256,214,1497
256,gamma,0.5,291,7566520656927129005,3956,710,-2,256,204,1465
256,gamma,0.5,292,8912824161296556897,2980,732,0,238,256,1317
256,gamma,0.5,293,3039926501792071855,3070,750,-1,256,184,1365
256,gamma,0.5,294,5369443122372532783,3628,794,0,256,214,1533
256,gamma,0.5,295,6100005054330013467,2676,732,0,216,256,1224
256,gamma,0.5,296,8026529457128926732,2374,724,-1,256,204,1160
256,gamma,0.5,297,8544920269741258935,2413,617,-1,167,256,1141
256,gamma,0.5,298,3573335746248936150,2224,618,1,256,196,1055
256,gamma,0.5,299,320993795566087344,3431,847,1,256,203,1486
256,gamma,0.5,300,2034280499202420741,2459,723,0,233,256,1159
256,gamma,0.5,301,3919779656779165547,3174,706,1,192,256,1336
256,gamma,0.5,302,5362543758712455685,2780,718,2,256,192,1269
256,gamma,0.5,303,195117814459125260,2994,776,-1,256,254,1360
256,gamma,0.5,304,8718661610979476346,2599,719,0,256,177,1200
256,gamma,0.5,305,8424450221377264599,2973,705,0,205,256,1274
256,gamma,0.5,306,2979492326840834526,2842,806,0,230,256,1340
256,gamma,0.5,307,3770682167291606647,3098,828,0,252,256,1459
256,gamma,0.5,308,520801508970985141,3068,706,0,256,220,1296
256,gamma,0.5,309,3413604102477923032,2567,691,-1,256,235,1170
256,gamma,0.5,310,5214725451421699657,2409,703,1,193,256,1126
256,gamma,0.5,311,2740130245121615781,2483,775,0,225,256,1160
256,gamma,0.5,312,2760137270764423562,2734,798,3,240,256,1316
256,gamma,0.5,313,2063692696568825430,3421,781,0,245,256,1468
256,gamma,0.5,314,5697414479825712678,3361,737,-1,256,249,1424
256,gamma,0.5,315,9058253620719305091,3749,815,0,256,211,1572
256,gamma,0.5,316,97707645505118165,2710,714,0,256,242,1223
256,gamma,0.5,317,8207748630300611036,2895,719,3,205,256,1264
256,gamma,0.5,318,8213715641529644161,2696,766,0,180,256,1246
256,gamma,0.5,319,1513621127769448149,3028,844,0,256,234,1349
256,gamma,0.5,320,7078891290629301651,2350,678,-2,256,188,1135
256,gamma,0.5,321,1948823878939633581,2800,732,-1,256,230,1259
256,gamma,0.5,322,2199521248469157851,3311,767,1,219,256,1368
256,gamma,0.5,323,8899744074513934789,2628,716,-1,256,252,1244
256,gamma,0.5,324,2524608219996205603,3353,741,1,256,171,1440
256,gamma,0.5,325,5658459707604950051,3432,788,-2,252,256,1472
256,gamma,0.5,326,6956340204896607397,2868,656,1,180,256,1245
256,gamma,0.5,327,4391607834985575090,2235,671,1,217,256,1086
256,gamma,0.5,328,3320763600292404497,2834,666,0,256,196,1190
256,gamma,0.5,329,8669161986097610332,3539,907,1,199,256,1621
256,gamma,0.5,330,6001726376307450235,2580,682,0,256,188,1123
256,gamma,0.5,331,733395676048857602,2558,638,2,170,256,1153
256,gamma,0.5,332,6760389887489583056,2881,775,0,243,256,1295
256,gamma,0.5,333,2172621603558565666,2417,755,0,256,209,1227
256,gamma,0.5,334,1660892931948763078,3045,759,1,185,256,1340
256,gamma,0.5,335,3267433113753206744,2465,683,-2,256,189,1092
256,gamma,0.5,336,554003115290163408,2924,740,0,234,256,1279
256,gamma,0.5,337,4125117885241323222,3062,812,-2,256,234,1381
256,gamma,0.5,338,1786638047535525997,3388,838,0,256,252,1520
256,gamma,0.5,339,4373390538390943263,4233,891,-2,221,256,1691
256,gamma,0.5,340,1645539768763671659,3137,743,2,235,256,1375
256,gamma,0.5,341,348325271114221826,3103,813,2,255,256,1366
256,gamma,0.5,342,7577742599925160192,2769,755,3,256,209,1267
256,gamma,0.5,343,3199814536669564169,2643,661,0,235,256,1179
256,gamma,0.5,344,8976955445205409177,2535,685,-1,256,187,1139
256,gamma,0.5,345,4884799262738157112,3406,852,-1,256,242,1470
256,gamma,0.5,346,5239152250383232800,2828,748,2,256,218,1269
256,gamma,0.5,347,4736507309353329404,3258,780,0,226,256,1433
256,gamma,0.5,348,4741669771966297417,3416,816,-1,256,216,1493
256,gamma,0.5,349,7199032306095823811,3429,775,-1,237,256,1340
256,gamma,0.5,350,7165959928874634191,2769,773,-2,256,197,1337
256,gamma,0.5,351,182484450487061524,2942,806,2,216,256,1335
256,gamma,0.5,352,3788413902911257178,2933,695,3,217,256,1223
256,gamma,0.5,353,6550593462994536824,2903,763,1,175,256,1311
256,gamma,0.5,354,8526988239196310067,3300,722,0,216,256,1378
256,gamma,0.5,355,3518084042829167000,3189,833,0,256,213,1431
256,gamma,0.5,356,7410649031152172178,3370,768,2,254,256,1391
256,gamma,0.5,357,2631483332082491825,2826,830,3,244,256,1361
256,gamma,0.5,358,5186430773144213730,2466,654,-2,192,256,1118
256,gamma,0.5,359,6611456888220154474,2581,697,-1,256,221,1220
256,gamma,0.5,360,6216365560103858870,3578,810,1,256,220,1511
256,gamma,0.5,361,2272749887791095967,2228,686,-1,256,190,1091
256,gamma,0.5,362,3166095755294455354,2503,761,1,229,256,1239
256,gamma,0.5,363,3239650644095179655,3080,756,0,246,256,1349
256,gamma,0.5,364,1492736157513375121,2561,741,1,256,201,1217
256,gamma,0.5,365,2313981125577329734,2697,761,0,256,255,1295
256,gamma,0.5,366,8033575466967468633,3416,786,3,236,256,1426
256,gamma,0.5,367,4210536140474111528,2113,649,0,211,256,1024
256,gamma,0.5,368,4749122399835291618,3121,767,2,255,256,1364
256,gamma,0.5,369,357086369820791641,2586,692,1,256,162,1187
256,gamma,0.5,370,2464151991994960996,2298,738,-2,164,256,1129
256,gamma,0.5,371,8405816233926266783,3224,712,-3,256,218,1406
256,gamma,0.5,372,4615155931323698511,3342,816,0,256,226,1512
256,gamma,0.5,373,5832300454795824965,3825,763,0,229,256,1577
256,gamma,0.5,374,2983782765993605417,2810,766,1,256,240,1279
256,gamma,0.5,375,979721802658438210,3708,916,-1,256,230,1567
256,gamma,0.5,376,7731763385090622778,2941,761,0,205,256,1313
256,gamma,0.5,377,1652161240761139988,2661,797,-1,247,256,1269
256,gamma,0.5,378,5105160428818497042,2504,728,-1,256,202,1205
256,gamma,0.5,379,5854829939392488536,3210,752,1,192,256,1348
256,gamma,0.5,380,1666133457728758952,3465,837,0,243,256,1487
256,gamma,0.5,381,3227738907703923247,3063,771,-1,256,245,1319
256,gamma,0.5,382,7262152856119126060,2356,672,-1,256,190,1119
256,gamma,0.5,383,2966342395611538061,2356,632,1,256,152,1072
256,gamma,0.5,384,5416629702473571147,3117,751,-1,247,256,1342
256,gamma,0.5,385,2527665907840246561,2421,693,-1,256,229,1097
256,gamma,0.5,386,5319919026786290297,2580,638,-1,256,210,1147
256,gamma,0.5,387,489669305071580957,3463,777,0,245,256,1441
256,gamma,0.5,388,7802333624306836258,2694,722,-1,256,242,1216
256,gamma,0.5,389,8882668696990667901,3076,748,1,220,256,1276
256,gamma,0.5,390,5728540553490667368,2550,720,-1,230,256,1169
256,gamma,0.5,391,5073670502220152498,3181,779,0,225,256,1309
256,gamma,0.5,392,4545281491298638194,3515,703,-1,153,256,1396
256,gamma,0.5,393,7675879475796305642,2107,635,-1,256,145,1027
256,gamma,0.5,394,8284187543233305745,2996,800,2,254,256,1364
256,gamma,0.5,395,6100588769046538030,2451,745,2,256,235,1193
256,gamma,0.5,396,3986601925456678071,2474,630,0,256,162,1106
256,gamma,0.5,397,4937414966191386592,2291,677,-1,256,197,1098
256,gamma,0.5,398,7899056192170694951,3191,735,0,256,241,1418
256,gamma,0.5,399,1002846579930715292,2648,650,1,256,178,1190
256,gamma,0.5,400,880078837128117634,2576,756,0,256,242,1217
256,gamma,0.5,401,1192509428361730194,2528,678,-1,256,214,1186
256,gamma,0.5,402,8684279839536991330,2944,698,0,256,168,1242
256,gamma,0.5,403,811002628702267047,2537,709,1,183,256,1128
256,gamma,0.5,404,7679153750294940335,3150,734,-1,256,180,1337
256,gamma,0.5,405,5785872497943197442,2591,729,1,167,256,1233
256,gamma,0.5,406,1138336667883954905,2963,783,0,256,217,1353
256,gamma,0.5,407,4756412608812884150,2100,704,-1,190,256,1093
256,gamma,0.5,408,1681244290729442948,2954,734,2,256,230,1269
256,gamma,0.5,409,2631104598390552543,2558,722,1,256,160,1263
256,gamma,0.5,410,7622302237290503377,2816,828,-2,214,256,1373
256,gamma,0.5,411,3863692338168250664,3291,781,-2,256,249,1432
256,gamma,0.5,412,8584661414380734583,2431,703,-1,217,256,1111
256,gamma,0.5,413,7030340072251314622,3045,775,1,256,231,1360
256,gamma,0.5,414,3398292477961000769,3167,801,0,245,256,1397
256,gamma,0.5,415,8184416881449723887,3294,628,1,166,256,1208
256,gamma,0.5,416,3304293467051906989,2558,740,1,182,256,1219
256,gamma,0.5,417,8459057656901047144,4047,861,-1,256,239,1553
256,gamma,0.5,418,4468251320690992887,2134,578,1,168,256,1000
256,gamma,0.5,419,6484638139278813854,3403,725,-1,256,223,1375
256,gamma,0.5,420,596553452553048021,2650,776,-1,256,216,1232
256,gamma,0.5,421,3800813679180289395,2584,616,0,256,158,1123
256,gamma,0.5,422,2689221628268464922,2910,802,-1,256,252,1291
256,gamma,0.5,423,5295637317334536550,2680,678,-1,108,256,1185
256,gamma,0.5,424,2107757933116215296,2442,668,0,256,188,1146
256,gamma,0.5,425,7233324841391485208,2897,673,0,256,207,1199
256,gamma,0.5,426,2584410959244498055,3046,662,1,160,256,1216
256,gamma,0.5,427,1777219029579572478,3381,733,0,189,256,1333
256,gamma,0.5,428,3081081128580105359,3004,706,-1,222,256,1289
256,gamma,0.5,429,7537240709517558976,2997,857,-1,256,239,1415
256,gamma,0.5,430,2284399933304901480,2901,769,0,256,233,1289
256,gamma,0.5,431,7320259788835100198,2640,730,-2,256,234,1230
256,gamma,0.5,432,5144077616026712775,3228,752,-2,256,224,1374
256,gamma,0.5,433,7515848242893244753,2737,671,-1,256,187,1258
256,gamma,0.5,434,6083113269760100796,3018,726,0,212,256,1269
256,gamma,0.5,435,3417610402334897550,2980,758,0,256,236,1321
256,gamma,0.5,436,5273072378140949739,3520,744,2,216,256,1436
256,gamma,0.5,437,1478065538410325559,2583,679,0,179,256,1173
256,gamma,0.5,438,7183417909057416119,3254,744,-1,256,236,1389
256,gamma,0.5,439,6408441533861494223,3428,742,-2,194,256,1451
256,gamma,0.5,440,1770013749556311276,2260,712,0,184,256,1121
256,gamma,0.5,441,5220860083351055106,2429,757,0,256,203,1234
256,gamma,0.5,442,7604372235702099059,2607,651,0,256,191,1162
256,gamma,0.5,443,6111089337291234402,2962,800,0,250,256,1372
256,gamma,0.5,444,5849211714795980837,3088,668,-2,256,202,1326
256,gamma,0.5,445,3637776720222396598,2888,734,-1,256,204,1265
256,gamma,0.5,446,8568954437943030070,3208,732,-1,212,256,1345
256,gamma,0.5,447,833102292934508251,2846,692,-1,212,256,1234
256,gamma,0.5,448,7299560389893776888,3152,666,-2,256,176,1340
256,gamma,0.5,449,5618893590917042568,3055,839,-1,245,256,1414
256,gamma,0.5,450,932692069095469530,3027,791,-2,221,256,1372
256,gamma,0.5,451,843909031628228408,2382,616,0,166,256,1068
256,gamma,0.5,452,6989216143648555742,2443,711,1,221,256,1109
256,gamma,0.5,453,6958924208719033090,2820,740,0,250,256,1255
256,gamma,0.5,454,1956945383612562124,2429,671,-2,256,211,1165
256,gamma,0.5,455,2913015622656879418,2471,683,-1,165,256,1192
256,gamma,0.5,456,3832849450951372020,2394,598,0,256,174,1127
256,gamma,0.5,457,2270646591254464598,3277,799,-1,256,253,1474
256,gamma,0.5,458,1954588843574416293,3041,761,1,231,256,1308
256,gamma,0.5,459,2067522284794775356,3195,775,-1,256,167,1338
256,gamma,0.5,460,8015957328405506810,3275,809,0,251,256,1441
256,gamma,0.5,461,5026119974464590238,3239,727,-1,256,217,1308
256,gamma,0.5,462,6456723128707052132,2326,666,0,192,256,1095
256,gamma,0.5,463,7153724587773191145,2883,759,2,217,256,1280
256,gamma,0.5,464,6023390473979090346,2643,699,0,173,256,1157
256,gamma,0.5,465,4324070183406366774,2805,765,1,191,256,1293
256,gamma,0.5,466,1646051117126934810,2830,718,1,256,228,1224
256,gamma,0.5,467,6454099711561916816,2956,688,2,256,162,1290
256,gamma,0.5,468,7156644652784436335,3092,764,0,204,256,1306
256,gamma,0.5,469,4296324877941632612,2898,724,0,194,256,1268
256,gamma,0.5,470,5060103551376993442,2758,766,0,208,256,1328
256,gamma,0.5,471,32423538742346391,3170,808,1,254,256,1372
256,gamma,0.5,472,3551966994119790068,2557,725,-1,233,256,1160
256,gamma,0.5,473,794708797463974126,2874,680,0,256,220,1177
256,gamma,0.5,474,172649315269175790,3287,831,0,249,256,1476
256,gamma,0.5,475,4805745284893588063,3013,783,3,201,256,1309
256,gamma,0.5,476,1899511282966893708,2758,764,0,238,256,1245
256,gamma,0.5,477,2249065890913543592,3136,798,1,234,256,1392
256,gamma,0.5,478,3722770455078601202,3312,786,0,256,232,1368
256,gamma,0.5,479,717370428620625260,3153,795,-1,256,229,1359
256,gamma,0.5,480,6376602207710432442,2614,750,0,256,248,1297
256,gamma,0.5,481,8094050325524623021,2676,738,-1,256,232,1278
256,gamma,0.5,482,2553150544285611324,2814,740,-1,256,226,1318
256,gamma,0.5,483,4575952413265876265,2206,742,0,256,240,1122
256,gamma,0.5,484,8061491737752396494,2697,699,1,256,183,1157
256,gamma,0.5,485,2665632326920084142,2562,768,1,222,256,1191
256,gamma,0.5,486,9129560732840124680,2845,769,2,185,256,1302
256,gamma,0.5,487,3213269177034109894,2546,688,3,176,256,1157
256,gamma,0.5,488,8460791174384146247,2092,738,1,256,232,1103
256,gamma,0.5,489,3082592374632120502,2957,749,0,239,256,1292
256,gamma,0.5,490,6819540336716207232,2527,645,0,157,256,1123
256,gamma,0.5,491,7551824255467663739,2622,734,-1,238,256,1201
256,gamma,0.5,492,8822465973703989385,2715,745,1,205,256,1224
256,gamma,0.5,493,1064303772912892866,3812,742,0,192,256,1494
256,gamma,0.5,494,1596798598033756961,2684,658,0,184,256,1162
256,gamma,0.5,495,1905790794884901562,2490,730,0,256,198,1165
256,gamma,0.5,496,3237671570836172331,3313,747,2,256,227,1309
256,gamma,0.5,497,4138121686334844133,2535,679,-1,181,256,1195
256,gamma,0.5,498,4302723205960323827,2891,717,1,256,205,1346
256,gamma,0.5,499,2511231754102728030,2722,744,2,230,256,1265
256,gamma,0.5,500,3199311095677272135,2548,726,1,256,192,1196
256,gamma,0.5,501,3150644187947699164,3181,823,0,256,233,1438
256,gamma,0.5,502,8482453898135918186,2731,763,-2,256,249,1270
256,gamma,0.5,503,7555429143065698556,2139,677,-1,256,165,1065
256,gamma,0.5,504,1378063193448881984,3257,785,0,256,241,1458
256,gamma,0.5,505,7896622454104749236,2254,672,0,256,158,1065
256,gamma,0.5,506,1317959407262274533,3129,813,-1,256,209,1331
256,gamma,0.5,507,3995929965278719920,3221,797,0,247,256,1394
256,gamma,0.5,508,8849545843769791718,2940,786,0,204,256,1308
256,gamma,0.5,509,3873446742241538645,2436,636,0,256,172,1117
256,gamma,0.5,510,8160415635264266951,3516,786,-1,256,246,1487
256,gamma,0.5,511,5917697672612759549,3111,657,2,159,256,1280
256,gamma,0.5,512,4172647015654771501,2773,659,-1,256,187,1248
256,gamma,0.5,513,4419184868032920208,2990,702,-2,206,256,1317
256,gamma,0.5,514,3983633734570436818,4214,798,-1,256,232,1581
256,gamma,0.5,515,6096774910809494911,3372,744,-1,256,202,1393
256,gamma,0.5,516,4930977603742921682,2885,707,2,225,256,1238
256,gamma,0.5,517,6301856755557607059,2784,766,3,224,256,1318
256,gamma,0.5,518,3250083331697611839,3119,721,0,256,207,1315
256,gamma,0.5,519,2296907695549650659,2899,687,0,193,256,1226
256,gamma,0.5,520,187581490557658310,2203,747,-1,256,239,1135
256,gamma,0.5,521,1947899315770047430,2725,691,-1,217,256,1279
256,gamma,0.5,522,2578900689065834323,3586,826,0,256,254,1512
256,gamma,0.5,523,5029374885133758023,2894,792,1,234,256,1289
256,gamma,0.5,524,2176675716472706462,3459,813,0,256,249,1540
256,gamma,0.5,525,4412204844534802735,2164,664,-1,256,198,1057
256,gamma,0.5,526,1759766807510753385,3409,803,1,241,256,1464
256,gamma,0.5,527,8796122220101057785,2824,718,1,256,216,1300
256,gamma,0.5,528,1405152173353323444,2813,771,1,229,256,1339
256,gamma,0.5,529,8176476546903119010,2413,705,-2,256,203,1129
256,gamma,0.5,530,3636101399002516295,2412,700,1,152,256,1117
256,gamma,0.5,531,2103733268786372029,3049,857,1,237,256,1433
256,gamma,0.5,532,4546779364650007277,2978,742,1,212,256,1256
256,gamma,0.5,533,666375566877234893,3397,865,1,235,256,1551
256,gamma,0.5,534,8036574023071812007,2858,744,2,230,256,1293
256,gamma,0.5,535,907240195644538760,2895,717,-1,231,256,1292
256,gamma,0.5,536,3522287533215432784,3151,779,0,256,233,1390
256,gamma,0.5,537,5484227593882224108,2537,729,-3,256,199,1192
256,gamma,0.5,538,8250808169873561925,3195,737,1,199,256,1336
256,gamma,0.5,539,3150917934085722943,2387,625,-1,256,167,1066
256,gamma,0.5,540,7021637485534635345,2880,810,2,248,256,1334
256,gamma,0.5,541,6961288279248809345,2982,764,-1,256,228,1309
256,gamma,0.5,542,3362683815555315401,2790,742,-1,256,246,1301
256,gamma,0.5,543,7951733339673387165,2723,695,1,171,256,1243
256,gamma,0.5,544,8503859965183534474,2955,731,0,256,233,1285
256,gamma,0.5,545,8452874941947383607,3238,794,-1,256,234,1343
256,gamma,0.5,546,4601949548894324106,3003,735,1,213,256,1316
256,gamma,0.5,547,3149977399498396645,2593,755,2,247,256,1233
256,gamma,0.5,548,5086646117871698432,2989,781,-1,197,256,1334
256,gamma,0.5,549,3615310319532145641,2943,809,-2,256,237,1305
256,gamma,0.5,550,6688789903920440462,3758,842,-1,256,246,1509
256,gamma,0.5,551,7023880959310662910,3266,758,0,256,246,1413
256,gamma,0.5,552,6367110411213377360,2714,702,-2,256,214,1240
256,gamma,0.5,553,4109242031420731364,3283,717,1,256,201,1369
256,gamma,0.5,554,1097621689480958521,3113,765,0,256,239,1385
256,gamma,0.5,555,4522739595942176225,2967,729,-1,256,183,1334
256,gamma,0.5,556,3116232491878605640,2601,809,0,249,256,1283
256,gamma,0.5,557,6628323776521124557,2652,688,2,256,224,1225
256,gamma,0.5,558,1167367615437403054,3752,880,0,224,256,1570
256,gamma,0.5,559,1974485325402714210,2762,706,-3,220,256,1258
256,gamma,0.5,560,8598283456972790498,3439,805,4,221,256,1403
256,gamma,0.5,561,7780756640461002271,3278,712,1,198,256,1349
256,gamma,0.5,562,4764092855090028267,2627,683,1,256,235,1222
256,gamma,0.5,563,7181953545334489665,2996,786,0,226,256,1319
256,gamma,0.5,564,6717162015006735513,3588,866,2,212,256,1582
256,gamma,0.5,565,6965806360644798263,2553,723,1,251,256,1229
256,gamma,0.5,566,8703693781303181934,2853,723,-2,161,256,1213
256,gamma,0.5,567,3240838004077829514,2740,780,-2,254,256,1291
256,gamma,0.5,568,3941421529330781279,2811,781,-1,256,207,1262
256,gamma,0.5,569,1602608494781322033,2796,816,1,242,256,1330
256,gamma,0.5,570,8571805983821165373,2640,716,-1,256,198,1230
256,gamma,0.5,571,2587103723777365111,2656,766,0,256,222,1244
256,gamma,0.5,572,7071886842778049791,3116,646,0,148,256,1214
256,gamma,0.5,573,1882101143922669848,2409,709,-1,201,256,1192
256,gamma,0.5,574,5384659069175315963,2510,730,0,232,256,1193
256,gamma,0.5,575,3709952921431184750,2911,811,-1,235,256,1343
256,gamma,0.5,576,6303146342815869255,2518,734,-1,256,230,1199
256,gamma,0.5,577,5183566801687680953,2633,771,1,233,256,1288
256,gamma,0.5,578,5017510178626711012,3302,732,-2,256,214,1431
256,gamma,0.5,579,3255148696189296356,2497,651,0,256,211,1136
256,gamma,0.5,580,5546196266228877304,2996,762,0,256,206,1323
256,gamma,0.5,581,6682239400565265688,3445,821,-1,217,256,1473
256,gamma,0.5,582,7590667901071598785,3690,776,0,256,236,1517
256,gamma,0.5,583,1592650631987520909,2755,733,-1,256,223,1295
256,gamma,0.5,584,7052484292344843659,3109,795,-1,256,243,1375
256,gamma,0.5,585,7951391261416151387,2770,758,0,256,228,1277
256,gamma,0.5,586,7105207366471336017,2465,675,-1,256,241,1130
256,gamma,0.5,587,3861281184121563811,2651,723,-1,256,233,1210
256,gamma,0.5,588,6955970901327427501,2591,735,0,225,256,1201
256,gamma,0.5,589,1530361686391088729,2278,686,0,256,190,1094
256,gamma,0.5,590,6961353275852004845,2546,762,2,256,202,1247
256,gamma,0.5,591,316731406735650503,2831,675,0,256,205,1195
256,gamma,0.5,592,1245691295959819165,2740,706,1,188,256,1212
256,gamma,0.5,593,6255381333353253028,3605,867,-1,256,229,1541
256,gamma,0.5,594,193915334476771740,2853,787,0,193,256,1293
256,gamma,0.5,595,2294824874070374002,3415,759,0,256,245,1429
256,gamma,0.5,596,4659626454451814948,2790,688,0,256,200,1240
256,gamma,0.5,597,7376309943096393175,2673,729,0,211,256,1209
256,gamma,0.5,598,7940195402896264061,2833,731,2,235,256,1256
256,gamma,0.5,599,5204366871806642098,2419,689,-1,256,161,1150
256,gamma,0.5,600,8002456086187083094,2887,653,0,193,256,1195
256,gamma,0.5,601,8202481447118637283,3530,800,1,256,232,1487
256,gamma,0.5,602,7559599941075162139,2378,712,0,256,228,1163
256,gamma,0.5,603,7616819001133883324,3159,661,-2,256,129,1309
256,gamma,0.5,604,7112335296365080811,3007,801,0,256,245,1357
256,gamma,0.5,605,4246498604578926397,3042,812,-1,256,228,1393
256,gamma,0.5,606,1534515277098432032,2014,636,0,256,180,1006
256,gamma,0.5,607,317728119124622346,3076,730,0,226,256,1281
256,gamma,0.5,608,1760243356711759207,2661,755,1,219,256,1274
256,gamma,0.5,609,359890107778401614,2352,722,-2,256,180,1136
256,gamma,0.5,610,2565765784311258430,2927,615,0,155,256,1146
256,gamma,0.5,611,4135524035820467060,2505,767,-3,256,219,1225
256,gamma,0.5,612,751863885684727487,3302,792,1,212,256,1408
256,gamma,0.5,613,5725573942880862900,3112,774,-2,256,244,1424
256,gamma,0.5,614,8949096809334006980,3639,847,1,235,256,1581
256,gamma,0.5,615,4555652459411922698,3179,761,-1,256,213,1366
256,gamma,0.5,616,8599187359374025240,3283,721,0,256,227,1373
256,gamma,0.5,617,394117606650830085,3165,793,-1,233,256,1412
256,gamma,0.5,618,4452802397092770750,2129,551,0,256,131,919
256,gamma,0.5,619,4670411374833204678,3247,763,2,256,223,1375
256,gamma,0.5,620,5097937455427609912,3773,699,-2,256,219,1467
256,gamma,0.5,621,2867643622996907305,3097,659,-1,256,167,1286
256,gamma,0.5,622,58482749867840598,2775,699,-1,189,256,1242
256,gamma,0.5,623,8280513873885540776,3058,734,4,210,256,1334
256,gamma,0.5,624,6512607900437723820,2368,710,3,256,188,1166
256,gamma,0.5,625,1988988870401083164,2686,676,0,194,256,1198
256,gamma,0.5,626,912294887300652385,2636,674,0,202,256,1159
256,gamma,0.5,627,7154023080888734562,2971,765,1,256,239,1317
256,gamma,0.5,628,1470738664527119600,2846,736,2,256,248,1341
256,gamma,0.5,629,8700181103523888099,1987,655,1,181,256,1004
256,gamma,0.5,630,4220940050121372518,2579,693,0,256,245,1168
256,gamma,0.5,631,1632428217639862103,1760,616,0,256,150,940
256,gamma,0.5,632,8422810615940016307,3069,793,0,233,256,1331
256,gamma,0.5,633,8517632699854421284,2371,729,0,256,229,1173
256,gamma,0.5,634,7545718547326939780,3133,811,-1,256,255,1348
256,gamma,0.5,635,4586530144860356339,3231,893,0,231,256,1497
256,gamma,0.5,636,9211245560696996141,2617,659,1,205,256,1153
256,gamma,0.5,637,2651620494873356726,3517,797,-1,256,209,1466
256,gamma,0.5,638,8984938303773112383,3373,803,-1,256,235,1470
256,gamma,0.5,639,1652065350651613979,2407,639,-1,159,256,1089
256,gamma,0.5,640,1017440108739259509,3031,713,-1,256,207,1313
256,gamma,0.5,641,3668349092043886680,2850,754,-1,256,252,1287
256,gamma,0.5,642,4068424805446807210,3029,749,1,245,256,1350
256,gamma,0.5,643,3693318056177370706,2938,696,-1,164,256,1294
256,gamma,0.5,644,4471455763523838299,3220,838,2,248,256,1420
256,gamma,0.5,645,7582309251272542150,3278,790,0,234,256,1354
256,gamma,0.5,646,1301954704488770489,2500,670,0,224,256,1149
256,gamma,0.5,647,5917744081513099773,3618,778,0,196,256,1411
256,gamma,0.5,648,795334019247340279,2430,634,2,166,256,1116
256,gamma,0.5,649,7853903005240589302,2749,821,1,256,241,1333
256,gamma,0.5,650,7066989261768136064,2302,708,-1,256,236,1168
256,gamma,0.5,651,1093598691555536139,2872,678,-2,210,256,1213
256,gamma,0.5,652,3788795934352247076,3747,831,0,256,243,1516
256,gamma,0.5,653,8449568793026291187,2871,819,3,213,256,1316
256,gamma,0.5,654,8663834990152444661,3588,734,0,256,176,1465
256,gamma,0.5,655,5783400305641016278,2582,736,-3,256,222,1237
256,gamma,0.5,656,259520102348967916,2059,593,0,139,256,968
256,gamma,0.5,657,1592802579645101395,2944,786,2,220,256,1361
256,gamma,0.5,658,8710796723787070554,2765,651,0,256,185,1203
256,gamma,0.5,659,2713864591506489526,2502,738,-1,256,206,1183
256,gamma,0.5,660,7149321174650202096,3308,770,2,256,194,1389
256,gamma,0.5,661,2284245215667249865,2345,749,-2,215,256,1134
256,gamma,0.5,662,3999653944740504660,3183,733,0,256,215,1360
256,gamma,0.5,663,1037748378810437320,3016,742,1,238,256,1336
256,gamma,0.5,664,5933457292609651112,2665,711,-1,256,219,1230
256,gamma,0.5,665,1799993425612740369,2819,761,0,256,169,1293
256,gamma,0.5,666,5501690667542011922,2589,711,0,199,256,1200
256,gamma,0.5,667,3241426682090847962,3637,757,0,256,173,1516
256,gamma,0.5,668,5872309970838215124,2888,766,1,228,256,1344
256,gamma,0.5,669,4466699300354889085,2223,691,-1,256,211,1111
256,gamma,0.5,670,8530047280533819213,2308,752,0,256,200,1107
256,gamma,0.5,671,808351516226286382,3336,820,0,226,256,1448
256,gamma,0.5,672,8099983510590659806,3451,759,1,243,256,1472
256,gamma,0.5,673,1722355365775420312,2789,661,1,165,256,1166
256,gamma,0.5,674,4206301356356691778,2629,753,-1,256,219,1242
256,gamma,0.5,675,5274342647720982302,2078,626,-1,256,194,991
256,gamma,0.5,676,7071896589940795548,2689,745,-1,237,256,1241
256,gamma,0.5,677,500174363773002417,2887,791,-1,256,239,1328
256,gamma,0.5,678,3230260347263066822,2976,736,-1,256,198,1281
256,gamma,0.5,679,7179674828178271437,2875,745,-1,256,249,1285
256,gamma,0.5,680,7661105664276568063,3037,777,1,247,256,1407
256,gamma,0.5,681,1032597241944832279,3104,760,1,208,256,1375
256,gamma,0.5,682,6732263941220013362,3179,779,-1,256,243,1410
256,gamma,0.5,683,8343170733412424,2888,712,1,198,256,1287
256,gamma,0.5,684,1400834643190248195,2808,760,-1,256,186,1278
256,gamma,0.5,685,2062401582284759646,2572,666,0,256,122,1091
256,gamma,0.5,686,8817529301741813559,2855,707,0,195,256,1268
256,gamma,0.5,687,179493243425205900,2594,776,1,230,256,1265
256,gamma,0.5,688,6083327718288970942,3055,801,1,225,256,1395
256,gamma,0.5,689,70996429899635759,2436,704,-1,256,252,1138
256,gamma,0.5,690,7359073576420304352,3037,693,-1,256,211,1352
256,gamma,0.5,691,3748986018892778251,3087,695,1,213,256,1261
256,gamma,0.5,692,3703425791670745366,2258,684,1,168,256,1081
256,gamma,0.5,693,8314842321695332537,2715,711,-1,256,239,1207
256,gamma,0.5,694,4927257226289452107,2133,635,-1,256,145,992
256,gamma,0.5,695,1159724267964347133,3101,787,-3,256,241,1398
256,gamma,0.5,696,8691299713174658177,3199,841,0,247,256,1469
256,gamma,0.5,697,8242944524782228845,3233,739,-3,256,197,1336
256,gamma,0.5,698,5485225594501846799,2718,658,-1,256,186,1124
256,gamma,0.5,699,6929794622399593507,3184,796,-1,256,246,1366
