L,model,k,sample_index,seed,raw_steps,lerw_steps,winding,hit_x,hit_y,environment_sites
16,symmetric,,0,8891040032952142234,143,35,1,16,-3,0
16,symmetric,,1,3939616101915970063,259,27,0,-9,16,0
16,symmetric,,2,7847468573894168625,186,46,0,16,0,0
16,symmetric,,3,3385752055855276734,296,44,1,-2,-16,0
16,symmetric,,4,2903832807143176739,191,27,0,-16,-3,0
16,symmetric,,5,8402317812366392639,429,47,1,1,-16,0
16,symmetric,,6,4613720263178802495,58,28,-1,16,2,0
16,symmetric,,7,2004260047222630260,216,38,-1,16,0,0
16,symmetric,,8,3719480881677329553,530,48,0,10,16,0
16,symmetric,,9,6930345756534939015,131,33,0,-16,11,0
16,symmetric,,10,712142220637596686,764,34,0,-16,2,0
16,symmetric,,11,3478068496670170853,441,51,-2,-3,16,0
16,symmetric,,12,1304143105710406979,273,31,0,16,-5,0
16,symmetric,,13,5147984733281312053,174,48,0,16,-2,0
16,symmetric,,14,537443605006083921,110,38,1,2,16,0
16,symmetric,,15,125088126212234455,535,51,1,16,3,0
16,symmetric,,16,1662999651217271362,387,43,-1,-9,-16,0
16,symmetric,,17,5618753515698734771,136,34,1,-6,16,0
16,symmetric,,18,2032352402539185781,224,46,-2,2,16,0
16,symmetric,,19,4418328879077631528,370,36,-1,-4,16,0
16,symmetric,,20,9205712419056688651,138,30,1,4,16,0
16,symmetric,,21,6718563849631712435,306,58,-2,16,12,0
16,symmetric,,22,3820628263065141940,261,65,4,-16,5,0
16,symmetric,,23,6613921107200242444,225,43,-2,11,-16,0
16,symmetric,,24,1166397458257054808,94,26,0,16,-4,0
16,symmetric,,25,6962622577966738406,378,64,-3,16,0,0
16,symmetric,,26,6389328015024930587,237,25,0,-3,16,0
16,symmetric,,27,8697679503334729786,574,34,1,-16,-2,0
16,symmetric,,28,1208635531020611703,303,29,-1,9,16,0
16,symmetric,,29,5314245982008908904,226,28,0,16,0,0
16,symmetric,,30,2848933918328254831,566,52,-1,6,16,0
16,symmetric,,31,4435821053317697546,490,60,0,-16,-4,0
16,symmetric,,32,3090016910790581200,195,25,-1,1,16,0
16,symmetric,,33,8848962201743903487,87,29,0,7,-16,0
16,symmetric,,34,12298885339598809,149,37,-1,16,-1,0
16,symmetric,,35,8306496278838633312,371,43,-2,13,-16,0
16,symmetric,,36,3764965301586755776,151,25,0,16,-5,0
16,symmetric,,37,1779460790037427966,67,35,1,11,16,0
16,symmetric,,38,3515363715308482940,66,30,2,-16,2,0
16,symmetric,,39,5524903084680995805,195,31,-1,-16,1,0
16,symmetric,,40,8916322301311976771,105,43,-2,-16,-5,0
16,symmetric,,41,5365021034227434737,129,51,-1,1,-16,0
16,symmetric,,42,5273659204157098550,496,36,-1,-16,4,0
16,symmetric,,43,7392434441136383848,667,29,-1,5,-16,0
16,symmetric,,44,412483121271724218,54,26,0,2,-16,0
16,symmetric,,45,4101054042143579622,390,48,-2,16,-8,0
16,symmetric,,46,1965471343522997774,456,44,2,-4,-16,0
16,symmetric,,47,7613004350008833414,265,37,-2,-3,-16,0
16,symmetric,,48,4603014756341951471,66,28,0,-2,-16,0
16,symmetric,,49,3692868123817819094,182,52,1,16,-2,0
16,symmetric,,50,5101336915317666209,565,43,1,-9,-16,0
16,symmetric,,51,4742379133153262262,686,60,-1,8,-16,0
16,symmetric,,52,6617971709666917414,175,43,0,16,-1,0
16,symmetric,,53,5807683346092418525,118,36,0,16,-2,0
16,symmetric,,54,5584719188670696536,81,25,0,-1,16,0
16,symmetric,,55,3709423802808485091,187,49,-1,13,16,0
16,symmetric,,56,4864598543389080606,94,24,0,-16,2,0
16,symmetric,,57,1501552338115701564,249,71,1,16,-9,0
16,symmetric,,58,6514477019154914894,196,30,0,10,-16,0
16,symmetric,,59,4263778129666236374,359,43,-3,-5,-16,0
16,symmetric,,60,2963783878134975943,647,35,-1,1,-16,0
16,symmetric,,61,856320748223375481,511,53,1,-3,-16,0
16,symmetric,,62,1012705052355480731,168,36,-1,2,-16,0
16,symmetric,,63,1934128788373509432,97,27,1,16,1,0
16,symmetric,,64,6693516615201685446,159,35,-1,-16,-7,0
16,symmetric,,65,7589491132947728300,152,28,-1,2,16,0
16,symmetric,,66,6643923206631366559,316,42,2,-6,-16,0
16,symmetric,,67,2007975202375375315,215,43,0,-16,3,0
16,symmetric,,68,3052877774624182631,389,99,4,-7,-16,0
16,symmetric,,69,2754533476438588274,186,32,1,0,16,0
16,symmetric,,70,5740850846776893919,328,52,0,-16,-4,0
16,symmetric,,71,6385696354134165870,62,26,-1,16,0,0
16,symmetric,,72,3750805640562157989,103,51,-1,16,7,0
16,symmetric,,73,578162453229441775,832,46,0,16,4,0
16,symmetric,,74,1669417895558628648,187,31,0,16,-3,0
16,symmetric,,75,8936739349648340160,142,36,0,-8,-16,0
16,symmetric,,76,6339812805594849420,59,37,0,-13,-16,0
16,symmetric,,77,638779937044207691,252,52,1,-10,-16,0
16,symmetric,,78,8262716228316036661,117,27,-1,-5,-16,0
16,symmetric,,79,4492867145226064620,475,61,-2,-15,-16,0
16,symmetric,,80,744416232221678736,257,35,-2,-16,-11,0
16,symmetric,,81,74997302899854254,360,40,-1,-4,-16,0
16,symmetric,,82,2231140004776732485,132,32,0,10,16,0
16,symmetric,,83,5503290753937740911,731,35,0,-5,16,0
16,symmetric,,84,4918723787943867102,221,45,0,-16,5,0
16,symmetric,,85,6312126609519254088,204,54,1,-14,-16,0
16,symmetric,,86,1102828149047215915,268,40,0,2,-16,0
16,symmetric,,87,5289668425807501564,242,60,1,16,-8,0
16,symmetric,,88,2585469890192156472,194,44,1,-12,16,0
16,symmetric,,89,589401389713886723,294,38,0,16,6,0
16,symmetric,,90,6906763221708542683,319,27,1,5,16,0
16,symmetric,,91,8556394180425350643,165,23,0,-1,16,0
16,symmetric,,92,4923499630152893992,366,26,-1,16,0,0
16,symmetric,,93,7664515242059863346,212,58,0,8,-16,0
16,symmetric,,94,4397084618695893741,151,33,-1,5,-16,0
16,symmetric,,95,1988384038191798281,519,49,2,16,-5,0
16,symmetric,,96,5747656245311260541,110,46,-1,14,-16,0
16,symmetric,,97,5559674080921963748,402,48,0,-16,2,0
16,symmetric,,98,3889188705473954992,339,27,1,-3,-16,0
16,symmetric,,99,7859726652603212167,171,29,-1,16,3,0
16,symmetric,,100,2091696661975491795,703,59,-3,-16,9,0
16,symmetric,,101,754955301388368898,376,32,-1,-10,16,0
16,symmetric,,102,4716590728923634368,76,28,0,-4,-16,0
16,symmetric,,103,907961118432676976,215,31,1,5,16,0
16,symmetric,,104,4760454884271644997,961,33,0,-13,16,0
16,symmetric,,105,4792578262506118721,340,54,0,-16,12,0
16,symmetric,,106,3136930370853766979,101,35,2,16,1,0
16,symmetric,,107,7505069196985192279,394,34,1,8,16,0
16,symmetric,,108,6600763174286973063,690,34,-2,-16,-8,0
16,symmetric,,109,2292715486398265764,254,26,-1,-16,0,0
16,symmetric,,110,1618210419271174475,786,34,1,-2,-16,0
16,symmetric,,111,4486705076847266361,284,28,-1,-16,4,0
16,symmetric,,112,8218007269348240105,242,30,0,6,16,0
16,symmetric,,113,3461375310958765126,91,33,1,-16,5,0
16,symmetric,,114,4860836437098959054,338,40,-2,16,10,0
16,symmetric,,115,7336834296977592773,101,33,0,-16,-1,0
16,symmetric,,116,3173461297913621877,118,36,-1,-16,0,0
16,symmetric,,117,9081624659910054273,152,38,-1,-6,-16,0
16,symmetric,,118,2537821146183326385,325,35,-1,5,16,0
16,symmetric,,119,666769132265378650,393,29,-1,-1,-16,0
16,symmetric,,120,9121650062209238626,302,38,0,-6,16,0
16,symmetric,,121,3218953810540189394,171,27,1,3,-16,0
16,symmetric,,122,684245160808169411,83,27,0,3,16,0
16,symmetric,,123,2190826770880025533,822,48,1,-16,-14,0
16,symmetric,,124,3119454742795328454,173,25,0,16,7,0
16,symmetric,,125,4057048412375541751,421,35,0,-1,16,0
16,symmetric,,126,6877007691167715816,674,54,3,-16,0,0
16,symmetric,,127,3242720652491344696,507,57,1,13,-16,0
16,symmetric,,128,5171668563756015401,1139,41,1,-1,-16,0
16,symmetric,,129,729197960855918734,338,62,-2,16,-10,0
16,symmetric,,130,5631531689604693387,208,60,0,-6,16,0
16,symmetric,,131,7910915428918356182,290,34,-1,6,16,0
16,symmetric,,132,5522612228077861218,885,29,1,16,-1,0
16,symmetric,,133,6511116782376560290,140,50,0,16,-10,0
16,symmetric,,134,4320787210195198351,534,64,-4,16,-4,0
16,symmetric,,135,3286093610398839010,190,40,2,-2,-16,0
16,symmetric,,136,8161271183458343694,196,26,1,-2,16,0
16,symmetric,,137,3467384916780916771,197,47,0,7,16,0
16,symmetric,,138,621902606500562088,84,34,1,4,-16,0
16,symmetric,,139,7924740959521138648,235,49,-3,-16,1,0
16,symmetric,,140,3392121910803622873,200,44,0,10,-16,0
16,symmetric,,141,1247346255340964949,154,30,0,2,-16,0
16,symmetric,,142,8759469205136627477,309,31,-1,16,-11,0
16,symmetric,,143,7893113817252232283,627,51,2,-16,-7,0
16,symmetric,,144,4218049874062951610,269,39,1,3,16,0
16,symmetric,,145,6466107693654491890,161,29,0,1,-16,0
16,symmetric,,146,8910871752888651200,39,23,1,16,5,0
16,symmetric,,147,7713186430370166805,174,52,-2,10,16,0
16,symmetric,,148,6699351125436305204,190,34,0,6,-16,0
16,symmetric,,149,8279829006761297527,303,55,-1,16,5,0
16,symmetric,,150,8915404921043021578,285,47,2,-16,-9,0
16,symmetric,,151,6810309384855697751,133,57,2,11,-16,0
16,symmetric,,152,1387936274493057133,183,31,1,1,16,0
16,symmetric,,153,3306077083958590743,210,30,-1,2,-16,0
16,symmetric,,154,2543207960839550795,332,50,-1,-2,16,0
16,symmetric,,155,5057140452891401014,280,40,3,16,0,0
16,symmetric,,156,3657474583903894331,105,25,0,-16,1,0
16,symmetric,,157,5137265646981690560,188,48,-4,4,16,0
16,symmetric,,158,3569893509816979373,101,47,0,16,9,0
16,symmetric,,159,4169442532104723126,60,32,-1,16,0,0
16,symmetric,,160,5157788799431109278,273,45,1,-3,-16,0
16,symmetric,,161,8986481168986613170,324,34,0,-16,-2,0
16,symmetric,,162,5993895626792486508,490,26,0,0,16,0
16,symmetric,,163,7574013279413791964,424,30,-1,-2,-16,0
16,symmetric,,164,5029570991481052269,842,56,0,-4,-16,0
16,symmetric,,165,2876063062506013087,186,22,0,0,16,0
16,symmetric,,166,7287706320592011667,178,30,-1,-8,16,0
16,symmetric,,167,2181815838219928548,64,26,0,2,-16,0
16,symmetric,,168,353916949520494495,279,37,-1,16,7,0
16,symmetric,,169,5655306324907210155,496,36,-2,16,-2,0
16,symmetric,,170,7202079617110813314,252,46,3,0,-16,0
16,symmetric,,171,5985542653926420617,270,38,0,-16,2,0
16,symmetric,,172,6475803572139121530,664,34,-1,16,0,0
16,symmetric,,173,3624650540348129098,546,54,-2,-2,-16,0
16,symmetric,,174,3143006258259836180,416,48,0,-16,2,0
16,symmetric,,175,3465601447780531892,486,30,1,-16,-4,0
16,symmetric,,176,1323933096151738543,289,51,-1,-16,-15,0
16,symmetric,,177,7044599897172773033,136,32,0,-2,-16,0
16,symmetric,,178,2839026461602441953,296,26,0,-4,-16,0
16,symmetric,,179,8747712175807277416,120,36,1,16,-8,0
16,symmetric,,180,9060138785126300773,122,34,0,-16,4,0
16,symmetric,,181,6758765155606329717,210,56,2,-16,12,0
16,symmetric,,182,5293550550897079747,159,41,-2,16,-7,0
16,symmetric,,183,3248190069987828263,133,55,0,16,-1,0
16,symmetric,,184,8888348339736120554,679,47,-1,-9,16,0
16,symmetric,,185,7159237835662370515,146,38,-2,-16,2,0
16,symmetric,,186,2899106101787025748,140,44,-2,16,-4,0
16,symmetric,,187,5461671380512199207,430,40,0,-4,-16,0
16,symmetric,,188,8415637610291332998,183,47,1,5,-16,0
16,symmetric,,189,3517644919039152450,401,51,2,13,16,0
16,symmetric,,190,5648022392524471599,445,41,-1,5,16,0
16,symmetric,,191,8478568441644982086,443,63,2,16,-3,0
16,symmetric,,192,670748753701566441,320,42,0,-2,-16,0
16,symmetric,,193,5537370755315762502,362,30,-2,-4,-16,0
16,symmetric,,194,1218698772548193604,555,53,1,15,-16,0
16,symmetric,,195,6147410454905751594,644,30,1,-16,-8,0
16,symmetric,,196,2800334281779065959,135,33,0,-16,-1,0
16,symmetric,,197,2405725633534115259,104,30,2,16,-6,0
16,symmetric,,198,3866116606889585564,455,45,-2,-13,16,0
16,symmetric,,199,9072348679203030756,949,37,-1,-16,3,0
16,symmetric,,200,2951545222811919827,338,74,0,2,16,0
16,symmetric,,201,2703034755519338129,457,31,1,16,-13,0
16,symmetric,,202,6220804236394664522,128,28,-1,-16,-6,0
16,symmetric,,203,9123683301096489812,187,27,0,-3,16,0
16,symmetric,,204,2362643947146251411,311,39,1,11,16,0
16,symmetric,,205,1216060648051369934,201,59,-1,-13,-16,0
16,symmetric,,206,389528265205178895,145,49,2,3,16,0
16,symmetric,,207,324910197218899806,107,43,0,11,16,0
16,symmetric,,208,3526619275057341324,547,41,-1,-7,-16,0
16,symmetric,,209,8652452116747143411,49,25,0,16,1,0
16,symmetric,,210,1982370801995399852,525,37,-1,16,-7,0
16,symmetric,,211,900818929388030608,790,56,0,-10,-16,0
16,symmetric,,212,2994569359033520239,406,58,2,4,16,0
16,symmetric,,213,5223994881381858740,177,41,1,-16,1,0
16,symmetric,,214,6933005789209601042,630,56,-1,16,-8,0
16,symmetric,,215,397481813704769124,75,33,1,16,-7,0
16,symmetric,,216,2898636946106128276,67,27,1,-16,5,0
16,symmetric,,217,173409137103567226,172,46,0,-16,6,0
16,symmetric,,218,7682291904989752278,362,40,2,16,6,0
16,symmetric,,219,1481100847741710710,160,34,0,4,16,0
16,symmetric,,220,7999271096852872189,146,30,1,6,16,0
16,symmetric,,221,140639469352345373,557,43,2,7,-16,0
16,symmetric,,222,4874288743401588162,59,25,-1,5,-16,0
16,symmetric,,223,3921215497281805152,339,45,3,16,-3,0
16,symmetric,,224,4697100472677115997,473,39,-1,-16,7,0
16,symmetric,,225,2604795931889214833,163,43,2,-5,-16,0
16,symmetric,,226,1904674702126651116,433,37,-3,16,7,0
16,symmetric,,227,159976643680892740,126,38,1,0,16,0
16,symmetric,,228,4840452502467777684,186,44,1,8,16,0
16,symmetric,,229,1584408509033846412,344,34,-1,16,6,0
16,symmetric,,230,861321282948021238,273,45,0,-5,-16,0
16,symmetric,,231,1497476052598161808,117,39,3,7,16,0
16,symmetric,,232,8356613971831241142,189,39,0,16,13,0
16,symmetric,,233,430685169794697849,143,31,-1,11,-16,0
16,symmetric,,234,5828646914364804017,340,44,-1,-2,16,0
16,symmetric,,235,1697379553106803712,418,24,0,0,-16,0
16,symmetric,,236,1319917701952258958,333,49,-2,-16,-3,0
16,symmetric,,237,1135999059773924429,78,34,0,16,-2,0
16,symmetric,,238,9097906656002993954,826,70,2,16,2,0
16,symmetric,,239,4038820449610138333,105,33,0,16,3,0
16,symmetric,,240,1307022835163466619,82,48,0,14,-16,0
16,symmetric,,241,8595486155282311492,116,32,-1,-8,16,0
16,symmetric,,242,7382393191196387236,313,75,3,-16,-5,0
16,symmetric,,243,225267025236516371,210,42,0,12,16,0
16,symmetric,,244,1534211605261816069,227,35,0,9,-16,0
16,symmetric,,245,4890925527520782801,118,40,-1,16,-12,0
16,symmetric,,246,3062095410974361269,140,34,0,-16,6,0
16,symmetric,,247,1875800334604976760,323,39,3,-1,-16,0
16,symmetric,,248,2809972046549318656,324,34,2,16,-8,0
16,symmetric,,249,7930567249842807402,191,35,0,5,16,0
16,symmetric,,250,1605828849337367409,237,41,-1,-11,16,0
16,symmetric,,251,8967242668866749587,147,41,2,-16,7,0
16,symmetric,,252,9036052431448755755,220,40,2,-10,-16,0
16,symmetric,,253,4358166594046887664,175,31,-1,-16,1,0
16,symmetric,,254,3701963505550287234,188,30,1,-2,16,0
16,symmetric,,255,256986843107217876,305,65,-2,3,16,0
16,symmetric,,256,4827430863874967849,137,29,0,-16,1,0
16,symmetric,,257,6139440683474910467,126,36,-2,16,4,0
16,symmetric,,258,8079019706728560913,310,52,-3,16,10,0
16,symmetric,,259,3071627911957264188,216,30,0,-8,16,0
16,symmetric,,260,3667526765037550082,425,29,1,-16,-5,0
16,symmetric,,261,8252335891548603451,124,56,1,-16,-6,0
16,symmetric,,262,3047944394828130737,498,50,-1,16,-8,0
16,symmetric,,263,6985001907935313431,119,51,-2,-13,16,0
16,symmetric,,264,3676518676466242201,211,35,1,16,13,0
16,symmetric,,265,6543121755041662798,258,34,1,8,16,0
16,symmetric,,266,6062217184181634178,509,45,0,-5,-16,0
16,symmetric,,267,7958912655237549804,89,37,0,16,-7,0
16,symmetric,,268,3354921366849009215,466,28,1,-8,-16,0
16,symmetric,,269,335720981901465128,123,39,2,-9,-16,0
16,symmetric,,270,1270787143991131911,299,65,-1,16,11,0
16,symmetric,,271,7871330201041701790,258,34,0,-16,-8,0
16,symmetric,,272,7848817482619511571,171,33,-1,-1,16,0
16,symmetric,,273,7191598608754597442,125,37,1,16,-1,0
16,symmetric,,274,7237299344431637549,200,46,-3,-10,-16,0
16,symmetric,,275,7337617651439259921,51,25,0,1,16,0
16,symmetric,,276,8227037754553546698,372,44,-2,-16,-8,0
16,symmetric,,277,192747910219225218,153,37,0,-16,-11,0
16,symmetric,,278,1072122242010027831,154,38,1,16,0,0
16,symmetric,,279,5347149966406534058,269,39,-2,16,-1,0
16,symmetric,,280,5335367188401069576,127,45,1,-16,-5,0
16,symmetric,,281,3016171657029656126,70,28,1,0,-16,0
16,symmetric,,282,6594415979456017918,885,47,2,-11,16,0
16,symmetric,,283,4481559211911232621,151,37,1,-16,-5,0
16,symmetric,,284,7401259587278496775,525,35,-2,1,16,0
16,symmetric,,285,7083847203071368118,271,25,-1,1,16,0
16,symmetric,,286,193124778150425671,173,29,0,16,1,0
16,symmetric,,287,7032202196890824339,173,35,1,-5,16,0
16,symmetric,,288,2344841465964078765,588,34,2,16,2,0
16,symmetric,,289,5953139246025558633,87,37,1,16,-11,0
16,symmetric,,290,481467975018698445,736,54,0,-16,-4,0
16,symmetric,,291,3835006782875124858,243,51,-3,-16,-9,0
16,symmetric,,292,7714840416516555644,90,30,0,16,-8,0
16,symmetric,,293,7168052257314406305,505,45,-1,7,-16,0
16,symmetric,,294,1412683963738651857,134,40,1,-16,-12,0
16,symmetric,,295,9152851338726659519,120,46,2,-16,-6,0
16,symmetric,,296,2421772661660304330,101,49,-3,16,-3,0
16,symmetric,,297,6090223962319292865,283,25,-1,-7,16,0
16,symmetric,,298,553774702282941535,161,45,0,16,9,0
16,symmetric,,299,4699395702611386893,345,35,1,9,16,0
16,symmetric,,300,3254930354738195280,66,26,0,-16,2,0
16,symmetric,,301,4174010717569641186,196,50,1,-16,4,0
16,symmetric,,302,7060949919450054463,62,28,0,-16,-2,0
16,symmetric,,303,563432983130395478,477,39,1,16,-5,0
16,symmetric,,304,8797249765815819277,381,43,-1,-16,5,0
16,symmetric,,305,2706383020940054267,335,43,0,3,16,0
16,symmetric,,306,3579438949239683470,207,41,1,11,-16,0
16,symmetric,,307,5973651908559726420,480,30,0,10,-16,0
16,symmetric,,308,5209822690720952539,390,38,-1,-16,0,0
16,symmetric,,309,1085975490545185088,120,44,0,6,-16,0
16,symmetric,,310,3949628016808777029,231,41,2,16,9,0
16,symmetric,,311,2772437364789404317,119,31,1,-9,16,0
16,symmetric,,312,731220832751930661,286,40,0,16,-12,0
16,symmetric,,313,7942433648842685707,107,35,0,-7,16,0
16,symmetric,,314,7424945316877333880,220,32,-1,-16,-10,0
16,symmetric,,315,8065449952245180106,180,64,1,-6,16,0
16,symmetric,,316,738756376440700107,143,27,1,-16,1,0
16,symmetric,,317,6991213165062077861,192,34,-1,0,-16,0
16,symmetric,,318,7762419422858550751,424,82,0,-16,4,0
16,symmetric,,319,2014809548973998769,235,29,0,-16,1,0
16,symmetric,,320,5948396168425675445,87,27,0,-3,16,0
16,symmetric,,321,5372698376756224927,267,35,0,9,-16,0
16,symmetric,,322,7066300269243481305,51,25,0,16,3,0
16,symmetric,,323,6384959989350615978,341,63,-3,-16,-11,0
16,symmetric,,324,793097090503771186,469,103,3,-16,-13,0
16,symmetric,,325,9026410516381850920,418,76,-2,-4,16,0
16,symmetric,,326,8209345608446008140,449,57,2,-3,-16,0
16,symmetric,,327,4673518640400794690,122,40,2,2,16,0
16,symmetric,,328,2499075819243424621,514,42,-1,-4,16,0
16,symmetric,,329,6819597899458165912,421,51,2,1,-16,0
16,symmetric,,330,5895526286752686220,214,42,0,-8,-16,0
16,symmetric,,331,8092215467090048802,533,75,-2,-3,-16,0
16,symmetric,,332,8801956775426810145,631,33,0,-9,-16,0
16,symmetric,,333,4952041165691739354,583,55,-1,15,-16,0
16,symmetric,,334,6673978731438642002,433,27,0,-16,9,0
16,symmetric,,335,7148138331504743829,252,42,-1,16,-2,0
16,symmetric,,336,1305194098236801105,221,37,-1,16,-1,0
16,symmetric,,337,7902295510730427035,184,46,-2,-2,16,0
16,symmetric,,338,3385926715370272298,310,32,-1,-8,-16,0
16,symmetric,,339,5129414992431533372,97,33,-1,-3,16,0
16,symmetric,,340,2950130013532245851,327,53,0,16,9,0
16,symmetric,,341,4690344823329110930,288,44,0,4,16,0
16,symmetric,,342,1240381870696426405,665,41,1,-16,5,0
16,symmetric,,343,4597990902954302025,161,33,0,16,3,0
16,symmetric,,344,6714938996628148417,310,30,0,4,-16,0
16,symmetric,,345,2137254663517962695,110,34,1,-4,16,0
16,symmetric,,346,6866882138685721429,248,38,1,-10,-16,0
16,symmetric,,347,2272500928157484183,275,45,1,-16,11,0
16,symmetric,,348,5092660100405815407,446,58,-1,-16,-8,0
16,symmetric,,349,7893569042331959699,79,37,1,7,-16,0
16,symmetric,,350,5957107753873600119,324,34,1,16,-8,0
16,symmetric,,351,7659428254584676540,171,37,-2,-7,-16,0
16,symmetric,,352,1914476575056873229,206,48,-2,8,-16,0
16,symmetric,,353,2330461738520335016,125,29,1,16,-3,0
16,symmetric,,354,757079174366317574,305,43,2,-16,-11,0
16,symmetric,,355,6859210355595598802,479,59,2,-7,-16,0
16,symmetric,,356,8224613709498588757,463,47,1,-9,-16,0
16,symmetric,,357,7247573183045443511,1016,62,-2,16,8,0
16,symmetric,,358,6623524660653024107,109,31,-1,-3,16,0
16,symmetric,,359,2041071027264464554,571,49,0,-15,-16,0
16,symmetric,,360,7797233455408469626,323,61,3,-5,-16,0
16,symmetric,,361,4105662936291317345,263,37,1,3,16,0
16,symmetric,,362,7920779814017659956,101,27,-1,-16,1,0
16,symmetric,,363,5212661163647733092,93,23,0,-3,-16,0
16,symmetric,,364,688830917047648184,521,47,-1,-16,7,0
16,symmetric,,365,1019014926730005144,520,58,-4,-16,-14,0
16,symmetric,,366,1176117091245555736,242,46,2,-16,-8,0
16,symmetric,,367,2889257017492962180,116,38,-1,-16,-8,0
16,symmetric,,368,3884993899160742854,181,39,1,16,3,0
16,symmetric,,369,4852198529660899283,538,68,-2,-16,-2,0
16,symmetric,,370,4871409248555660622,305,47,0,-16,9,0
16,symmetric,,371,8270629532705342996,338,34,-2,16,-4,0
16,symmetric,,372,5007319834291111937,359,47,1,-7,-16,0
16,symmetric,,373,2875158581516694959,129,33,-1,9,-16,0
16,symmetric,,374,3879258936157777664,483,35,1,-1,-16,0
16,symmetric,,375,5013677781803475550,292,26,0,-2,16,0
16,symmetric,,376,7305963954244682267,580,36,2,-16,10,0
16,symmetric,,377,4564981178626722146,273,49,1,16,5,0
16,symmetric,,378,1524829096037833939,248,30,0,8,16,0
16,symmetric,,379,8446052306833616221,68,28,0,16,4,0
16,symmetric,,380,7423884470397609360,320,36,0,8,-16,0
16,symmetric,,381,4320981868878961261,77,23,1,7,16,0
16,symmetric,,382,8291165808138397580,431,55,1,9,-16,0
16,symmetric,,383,7233316257879869552,279,29,0,-11,-16,0
16,symmetric,,384,3567982052391420353,294,84,2,-16,0,0
16,symmetric,,385,5125593722644410733,1097,57,2,16,-1,0
16,symmetric,,386,7264947350510822490,66,24,0,16,-4,0
16,symmetric,,387,6267087409690125281,71,27,-1,16,-3,0
16,symmetric,,388,5675100427849873473,74,26,0,-16,-6,0
16,symmetric,,389,612625071076266176,80,28,-1,-16,-2,0
16,symmetric,,390,5820284590527195971,230,22,0,0,16,0
16,symmetric,,391,7867291874338870088,195,35,-1,-13,16,0
16,symmetric,,392,2145755489671826231,177,39,0,-16,1,0
16,symmetric,,393,8792853939836239725,412,46,1,-14,-16,0
16,symmetric,,394,1221892832213554363,179,39,3,-13,-16,0
16,symmetric,,395,184693541773399331,183,37,0,-16,-13,0
16,symmetric,,396,5313756689191732891,429,27,-1,16,3,0
16,symmetric,,397,3934204862048446035,202,38,0,-16,14,0
16,symmetric,,398,8194298202302773475,495,67,0,-16,-1,0
16,symmetric,,399,2914873587778269240,187,39,-2,11,-16,0
16,symmetric,,400,425669945197651645,114,26,-1,16,4,0
16,symmetric,,401,9209867443904877580,421,35,1,-16,7,0
16,symmetric,,402,459534775872301407,138,48,0,8,-16,0
16,symmetric,,403,8212305187475404906,224,46,-1,-16,8,0
16,symmetric,,404,4470037134807404343,192,36,-1,16,8,0
16,symmetric,,405,383128346636876116,76,28,1,16,-2,0
16,symmetric,,406,3797120603813284557,340,46,0,8,-16,0
16,symmetric,,407,8077613267672221992,249,45,-1,-16,3,0
16,symmetric,,408,2980939559204558450,337,43,0,-5,-16,0
16,symmetric,,409,7145461909537083586,66,36,0,16,4,0
16,symmetric,,410,8780769595055977148,730,74,-1,16,4,0
16,symmetric,,411,218730519516677331,186,36,0,4,-16,0
16,symmetric,,412,8750526263221279837,545,71,-2,-16,7,0
16,symmetric,,413,1988845206181515389,147,27,0,5,16,0
16,symmetric,,414,2097100343153386401,473,25,-1,-5,16,0
16,symmetric,,415,7978755273713591761,388,50,3,16,-2,0
16,symmetric,,416,29691917195572297,244,52,-2,12,16,0
16,symmetric,,417,600788530886962389,105,39,1,7,-16,0
16,symmetric,,418,5858413962874496755,344,52,-3,-10,16,0
16,symmetric,,419,7448097635549588525,752,74,-2,16,14,0
16,symmetric,,420,6644363807060191809,578,46,4,10,16,0
16,symmetric,,421,3259359934049961560,208,52,3,0,16,0
16,symmetric,,422,906463126023299294,376,62,-2,4,-16,0
16,symmetric,,423,3482217793160042516,407,71,1,16,-11,0
16,symmetric,,424,8911228128136477039,120,32,1,-16,6,0
16,symmetric,,425,3577050964734613627,327,51,-3,1,16,0
16,symmetric,,426,2002240461242396024,401,39,-1,-11,16,0
16,symmetric,,427,1711991040639887734,443,27,-1,-1,-16,0
16,symmetric,,428,7114133884061350961,367,33,2,16,9,0
16,symmetric,,429,3615212752209440,518,44,-1,-16,4,0
16,symmetric,,430,3565113187296135490,332,48,3,6,16,0
16,symmetric,,431,4164202564656243700,275,61,0,-3,16,0
16,symmetric,,432,938632920983618364,541,29,-1,3,-16,0
16,symmetric,,433,2047112016433972746,802,46,3,16,-8,0
16,symmetric,,434,7175011185166321376,279,31,0,3,16,0
16,symmetric,,435,7986347289014118449,213,49,0,-11,16,0
16,symmetric,,436,7336134987036986371,207,47,-1,16,1,0
16,symmetric,,437,445340914399076278,148,30,-1,2,-16,0
16,symmetric,,438,8186003650945055460,246,46,-1,2,-16,0
16,symmetric,,439,7043679287740660832,841,29,1,-5,16,0
16,symmetric,,440,410678410838466921,124,36,1,6,16,0
16,symmetric,,441,5960010868129998024,386,38,2,10,16,0
16,symmetric,,442,3099968259506750887,105,31,-1,16,5,0
16,symmetric,,443,1103403046474911798,311,31,1,-16,-1,0
16,symmetric,,444,2162330719409090841,389,33,-1,16,-9,0
16,symmetric,,445,622355203972509004,106,26,1,-2,16,0
16,symmetric,,446,4115959781178878922,198,48,3,16,2,0
16,symmetric,,447,2250759699315276201,189,51,0,-16,7,0
16,symmetric,,448,7798032283729364790,677,47,0,-16,-13,0
16,symmetric,,449,3739429836784620542,419,57,-2,-16,-5,0
16,symmetric,,450,5572410719566595903,98,30,1,16,-2,0
16,symmetric,,451,2512062204821849515,287,39,-1,-16,5,0
16,symmetric,,452,5464450095922314236,146,32,0,-16,-6,0
16,symmetric,,453,833385926591683755,414,44,2,-8,-16,0
16,symmetric,,454,2725212631116141779,176,46,1,-16,-6,0
16,symmetric,,455,582283688645576871,113,47,0,16,7,0
16,symmetric,,456,3617796439310269268,408,36,-1,16,0,0
16,symmetric,,457,3224133951932834683,129,39,-1,-1,-16,0
16,symmetric,,458,4950855857872910504,234,42,0,-12,16,0
16,symmetric,,459,815192244718575701,74,30,1,16,-6,0
16,symmetric,,460,4240873369898025267,143,39,0,-7,16,0
16,symmetric,,461,4431479140772265299,267,33,0,5,16,0
16,symmetric,,462,157519507127564420,309,47,1,16,7,0
16,symmetric,,463,8194608953664866257,205,33,3,-5,16,0
16,symmetric,,464,5850334411391562155,105,23,0,-3,-16,0
16,symmetric,,465,9179487384523727808,302,48,0,16,6,0
16,symmetric,,466,6002104925142731540,382,38,-2,2,16,0
16,symmetric,,467,7837524791059014200,312,48,3,16,-10,0
16,symmetric,,468,681562629726540700,338,54,-3,16,-2,0
16,symmetric,,469,714672753854274218,258,38,0,16,-4,0
16,symmetric,,470,1951964086279571190,116,24,0,16,2,0
16,symmetric,,471,7459221177419731050,184,48,0,-16,6,0
16,symmetric,,472,7660711080650784049,129,35,-1,-16,-7,0
16,symmetric,,473,2917298043165289722,109,33,0,-16,7,0
16,symmetric,,474,7670891340081222271,292,36,2,16,6,0
16,symmetric,,475,2492811487092239403,126,48,1,8,-16,0
16,symmetric,,476,2920510353085387984,120,36,0,16,4,0
16,symmetric,,477,4066265043010214083,765,47,-2,16,-5,0
16,symmetric,,478,5954819342767788221,225,33,0,16,-7,0
16,symmetric,,479,7525816970921113400,402,46,1,-16,8,0
16,symmetric,,480,9060184192698381478,166,64,-4,-8,16,0
16,symmetric,,481,3554792125836931352,253,35,-2,-3,-16,0
16,symmetric,,482,7953169612030805470,313,33,-2,-16,1,0
16,symmetric,,483,5178778339084427009,1019,35,-2,-16,-5,0
16,symmetric,,484,2902636086450955786,108,28,1,-16,2,0
16,symmetric,,485,4984129995367617004,84,36,2,-10,16,0
16,symmetric,,486,5502514045831433575,281,33,1,-5,16,0
16,symmetric,,487,7824913922956645253,152,48,1,16,4,0
16,symmetric,,488,5321130139242230204,131,41,1,-13,-16,0
16,symmetric,,489,763204989392284290,288,30,0,-8,16,0
16,symmetric,,490,5276538234011109322,424,36,0,16,-2,0
16,symmetric,,491,8284889234119219639,895,71,2,-16,-3,0
16,symmetric,,492,836970418606854455,731,41,-1,-16,3,0
16,symmetric,,493,2333820682950008202,486,30,-1,-4,16,0
16,symmetric,,494,9088081495167338336,574,44,-1,-6,-16,0
16,symmetric,,495,7827028388491360075,276,42,-2,16,4,0
16,symmetric,,496,3969286324427397489,154,24,0,16,-2,0
16,symmetric,,497,1614351274735919462,757,25,1,5,16,0
16,symmetric,,498,3250342462087363069,214,20,0,16,-2,0
16,symmetric,,499,8646248088744230055,88,22,0,2,16,0
16,symmetric,,500,7022689052682038623,80,32,1,8,16,0
16,symmetric,,501,3395967935795866895,347,59,-2,-16,5,0
16,symmetric,,502,3624745043461917731,310,38,0,-16,-2,0
16,symmetric,,503,528891495500658245,371,33,-1,3,-16,0
16,symmetric,,504,839171683493118952,187,27,-1,-16,1,0
16,symmetric,,505,8762831562659803362,356,36,0,-16,-2,0
16,symmetric,,506,6549905595703024150,325,55,0,16,3,0
16,symmetric,,507,4681403360224786695,183,35,2,16,-11,0
16,symmetric,,508,7287295762815676194,237,45,-1,16,-15,0
16,symmetric,,509,999209681281961899,346,34,-1,-16,8,0
16,symmetric,,510,3595097617777098047,183,39,-3,16,3,0
16,symmetric,,511,44394552076630775,552,48,1,-8,16,0
16,symmetric,,512,6065282331173168990,191,49,2,3,-16,0
16,symmetric,,513,6519206810449682054,452,46,-3,16,4,0
16,symmetric,,514,4521009361151654296,206,42,0,-8,-16,0
16,symmetric,,515,1587090756101150709,136,34,1,10,16,0
16,symmetric,,516,6763338947667606229,217,55,-1,-15,16,0
16,symmetric,,517,614095823848063410,230,30,0,-16,0,0
16,symmetric,,518,4984387983265867235,172,28,0,8,16,0
16,symmetric,,519,2274735586156374787,154,34,1,10,16,0
16,symmetric,,520,180723633916282036,1050,30,0,-16,4,0
16,symmetric,,521,1554457723945981374,111,35,0,9,-16,0
16,symmetric,,522,5607622249928938725,403,63,-3,-7,16,0
16,symmetric,,523,1526392601967535937,377,39,-3,-3,-16,0
16,symmetric,,524,565038668840129747,457,27,1,1,16,0
16,symmetric,,525,5325291177045674852,272,36,1,0,-16,0
16,symmetric,,526,2023504146218414305,223,61,2,1,16,0
16,symmetric,,527,5076110301197800364,68,26,1,-16,-2,0
16,symmetric,,528,3033464636787031111,318,56,-2,-6,-16,0
16,symmetric,,529,8325736852339143461,256,44,3,-8,-16,0
16,symmetric,,530,8372511369877550925,373,59,-1,-16,-9,0
16,symmetric,,531,376389964539019395,144,34,-1,0,-16,0
16,symmetric,,532,2555405844778673950,249,31,-2,3,-16,0
16,symmetric,,533,4577754017405757190,125,35,0,-16,1,0
16,symmetric,,534,556174650028273711,280,62,-2,2,16,0
16,symmetric,,535,8096226183393534262,162,32,0,4,-16,0
16,symmetric,,536,6953018705166370522,206,38,0,-4,-16,0
16,symmetric,,537,6844969653454057505,132,42,0,16,8,0
16,symmetric,,538,8686506786023270540,228,42,1,-16,14,0
16,symmetric,,539,2958612733972104093,322,56,0,16,-12,0
16,symmetric,,540,6512440195848015640,338,34,0,2,-16,0
16,symmetric,,541,814696575909818659,129,25,0,-16,-5,0
16,symmetric,,542,7658159958246231637,214,38,-1,-4,16,0
16,symmetric,,543,8537761012639816169,423,35,-1,5,16,0
16,symmetric,,544,1846014215602076788,173,47,2,-16,9,0
16,symmetric,,545,1467509022658646750,417,51,0,11,-16,0
16,symmetric,,546,5578222297297899865,172,36,-1,4,-16,0
16,symmetric,,547,8095809379322290532,221,51,0,-16,11,0
16,symmetric,,548,6470858767898270080,247,47,-2,-3,16,0
16,symmetric,,549,6477724209064819600,661,41,2,-16,-3,0
16,symmetric,,550,872173813932890816,216,54,0,-6,16,0
16,symmetric,,551,4331422000351917674,150,34,0,14,16,0
16,symmetric,,552,4293157973223320695,420,46,2,16,2,0
16,symmetric,,553,1292445338236680519,67,21,0,16,-1,0
16,symmetric,,554,4402202891680455793,122,40,2,-8,-16,0
16,symmetric,,555,6683339966541941860,269,49,1,16,5,0
16,symmetric,,556,8173085256742532379,676,72,-3,-16,-12,0
16,symmetric,,557,1329120897670072614,152,34,-2,0,-16,0
16,symmetric,,558,3713043047245890456,566,34,-2,-16,2,0
16,symmetric,,559,1904796466177711687,687,35,-2,16,1,0
16,symmetric,,560,5371888587522464683,104,32,1,-4,-16,0
16,symmetric,,561,1699056394761117490,469,33,-1,16,9,0
16,symmetric,,562,6367254949967142700,96,26,1,-4,16,0
16,symmetric,,563,2566151786919849081,226,26,0,16,4,0
16,symmetric,,564,7907606463414388670,414,58,1,-8,16,0
16,symmetric,,565,923124045647993687,319,37,2,-16,-5,0
16,symmetric,,566,1375437693829517724,411,31,-1,5,16,0
16,symmetric,,567,2424194369064330197,227,43,-1,16,-13,0
16,symmetric,,568,4067267609978611977,470,52,-1,4,-16,0
16,symmetric,,569,2170862638012778697,265,83,3,13,16,0
16,symmetric,,570,4744748035564858809,650,38,-1,8,-16,0
16,symmetric,,571,7718644107423915034,447,31,1,-16,9,0
16,symmetric,,572,4711762865019088248,193,39,2,-16,5,0
16,symmetric,,573,8267345690317549755,246,52,3,16,-8,0
16,symmetric,,574,3812283080070702137,625,27,0,16,-3,0
16,symmetric,,575,147793025519594149,276,32,-2,-16,-8,0
16,symmetric,,576,1073816814010376109,556,36,0,-12,-16,0
16,symmetric,,577,3909805341700176253,493,29,-1,-16,-5,0
16,symmetric,,578,126914902786030883,336,36,-1,-16,-8,0
16,symmetric,,579,125926820714257060,152,28,-2,16,2,0
16,symmetric,,580,5682230329450703623,262,44,-1,-16,-10,0
16,symmetric,,581,5040902141691141020,195,31,0,3,-16,0
16,symmetric,,582,4177517152646159899,384,40,0,16,10,0
16,symmetric,,583,9092177114930564280,216,36,-2,16,-4,0
16,symmetric,,584,8470372367420772149,569,51,0,-13,-16,0
16,symmetric,,585,2471593066393844445,392,36,0,16,4,0
16,symmetric,,586,5647392541034195558,252,24,0,-4,16,0
16,symmetric,,587,530566312047644386,266,54,1,16,2,0
16,symmetric,,588,1044948781579828318,121,33,2,1,16,0
16,symmetric,,589,576789366537257456,143,23,0,-16,-1,0
16,symmetric,,590,5222374215326554660,145,29,-1,-7,16,0
16,symmetric,,591,412665108235424274,863,51,-1,5,-16,0
16,symmetric,,592,7356467029004621034,598,72,-2,16,-6,0
16,symmetric,,593,8221916134451757281,68,24,0,-16,0,0
16,symmetric,,594,3433858075518508059,148,34,-1,16,10,0
16,symmetric,,595,4406951019093707217,379,53,-1,16,5,0
16,symmetric,,596,8121689969268300893,450,80,-1,-16,0,0
16,symmetric,,597,7322841035473047040,839,41,0,-16,9,0
16,symmetric,,598,6679287552271233339,177,31,1,-16,5,0
16,symmetric,,599,5891161356754402378,139,25,1,-5,-16,0
16,symmetric,,600,5926668389210548136,105,43,0,13,-16,0
16,symmetric,,601,3586169224470612711,459,25,0,-16,3,0
16,symmetric,,602,4328769081013836345,117,27,2,-3,-16,0
16,symmetric,,603,7446136475843076868,545,51,5,1,16,0
16,symmetric,,604,9099353773360805978,167,41,1,3,16,0
16,symmetric,,605,7709081141066952789,238,42,-1,12,16,0
16,symmetric,,606,8192769659194098779,246,46,1,4,-16,0
16,symmetric,,607,5595499434780663204,93,27,0,-3,-16,0
16,symmetric,,608,1172113900600981913,249,33,0,-16,1,0
16,symmetric,,609,2253939936052874928,72,38,-1,-16,12,0
16,symmetric,,610,1876857384841355041,95,49,0,-9,-16,0
16,symmetric,,611,2985675007126083570,640,30,1,-16,2,0
16,symmetric,,612,2489755008166775106,181,39,0,-5,16,0
16,symmetric,,613,3832204112831541656,164,42,0,-12,-16,0
16,symmetric,,614,1095768173994514355,889,31,0,1,16,0
16,symmetric,,615,657476362038018287,165,29,0,5,16,0
16,symmetric,,616,8647002523059338367,485,33,0,7,-16,0
16,symmetric,,617,1551407973694602866,151,33,0,-16,-1,0
16,symmetric,,618,3521474945436558578,93,27,-1,16,5,0
16,symmetric,,619,3818624523878479455,847,33,-1,-16,-7,0
16,symmetric,,620,3150794643941557640,360,80,1,-8,-16,0
16,symmetric,,621,8360493556979878241,1406,40,-1,16,4,0
16,symmetric,,622,159959130919184855,237,41,2,-16,5,0
16,symmetric,,623,132534593930004906,592,36,0,-2,16,0
16,symmetric,,624,249890253262885353,290,36,0,-16,-6,0
16,symmetric,,625,1544155593858704257,304,24,0,-16,-4,0
16,symmetric,,626,1439417784453156859,159,37,0,-7,-16,0
16,symmetric,,627,7424106481096592507,319,51,0,3,16,0
16,symmetric,,628,9018639347781907228,298,38,-2,-16,-14,0
16,symmetric,,629,3187857917524260894,191,27,1,-5,-16,0
16,symmetric,,630,9209699460177109618,104,22,0,16,0,0
16,symmetric,,631,5547880076581060250,428,36,-1,4,-16,0
16,symmetric,,632,4055741217596969860,544,28,2,-2,16,0
16,symmetric,,633,3853141715645277097,383,45,2,-15,-16,0
16,symmetric,,634,2895590209751222415,460,28,-1,16,6,0
16,symmetric,,635,4223041276555073954,451,49,1,16,-7,0
16,symmetric,,636,4897004831873172389,477,39,0,-16,-7,0
16,symmetric,,637,7244622802415720281,217,83,1,16,9,0
16,symmetric,,638,3894272952562944252,362,36,-1,8,16,0
16,symmetric,,639,6899645354597226380,219,67,0,5,16,0
16,symmetric,,640,6988110388529514359,292,24,0,-2,16,0
16,symmetric,,641,3388188630677501554,381,41,0,-1,16,0
16,symmetric,,642,8984115893878145901,613,69,2,-16,-5,0
16,symmetric,,643,2428072585581659473,127,33,1,16,-7,0
16,symmetric,,644,8851226008838776867,130,44,-1,-6,-16,0
16,symmetric,,645,6861289188696724786,285,63,0,-7,16,0
16,symmetric,,646,4284811987885494656,176,34,-2,-2,-16,0
16,symmetric,,647,7261199817101029092,80,34,-1,16,2,0
16,symmetric,,648,7335661638893097568,206,34,0,-16,-6,0
16,symmetric,,649,9215059860289675959,175,37,-1,-16,-13,0
16,symmetric,,650,9137106021375343910,232,40,-1,-16,-6,0
16,symmetric,,651,5938144929571239523,106,40,1,0,-16,0
16,symmetric,,652,3143220784294720954,373,39,0,-16,15,0
16,symmetric,,653,1442584120591780777,190,54,-2,-16,10,0
16,symmetric,,654,5502629153847531214,530,34,0,16,8,0
16,symmetric,,655,3116256724092617923,164,36,2,-16,-2,0
16,symmetric,,656,7375823399889899985,206,42,1,-6,16,0
16,symmetric,,657,457953371065028496,535,37,2,16,1,0
16,symmetric,,658,5163887483750988571,117,25,0,-16,1,0
16,symmetric,,659,421438924143600635,236,32,2,16,8,0
16,symmetric,,660,734716236409066893,339,67,-1,16,11,0
16,symmetric,,661,3289952750313407051,78,30,-1,-8,16,0
16,symmetric,,662,6599363403772529710,375,35,-1,-16,-3,0
16,symmetric,,663,3719211024317045259,265,35,-1,-5,-16,0
16,symmetric,,664,5114777650684801367,87,37,0,11,-16,0
16,symmetric,,665,6455618010694793296,230,58,1,-4,16,0
16,symmetric,,666,1663025983630522427,253,53,1,-16,-1,0
16,symmetric,,667,928480924390050107,132,34,0,12,-16,0
16,symmetric,,668,1879593575556250624,489,45,-3,11,-16,0
16,symmetric,,669,5188498253994515900,194,52,2,-6,-16,0
16,symmetric,,670,6865955221215058793,178,32,-1,-6,16,0
16,symmetric,,671,8981016259658803023,81,27,1,16,-7,0
16,symmetric,,672,8904025095772125888,67,23,1,-16,5,0
16,symmetric,,673,8224261809921169287,358,34,2,16,-2,0
16,symmetric,,674,5642879146831787573,378,34,-1,16,-2,0
16,symmetric,,675,5866460759493213808,69,33,-1,-16,9,0
16,symmetric,,676,7995100018294685848,227,31,-1,-16,5,0
16,symmetric,,677,3567325759407876925,287,43,-1,-1,-16,0
16,symmetric,,678,7538304252298757929,377,49,-3,-13,16,0
16,symmetric,,679,6508124946716510208,137,27,1,16,3,0
16,symmetric,,680,8503052748836263819,70,26,-1,-16,-6,0
16,symmetric,,681,3077765406599744871,159,23,1,-16,3,0
16,symmetric,,682,3838336318992019712,165,73,-1,9,-16,0
16,symmetric,,683,2818034365504416155,492,34,-1,0,-16,0
16,symmetric,,684,4333843911741836755,1290,34,2,-2,-16,0
16,symmetric,,685,4231394525802038989,261,35,2,5,-16,0
16,symmetric,,686,3670563607906673850,372,36,0,-4,16,0
16,symmetric,,687,5852456099673841679,572,32,-1,-8,16,0
16,symmetric,,688,3547239497984670019,225,39,0,-1,-16,0
16,symmetric,,689,8131585956500291510,196,34,1,-16,8,0
16,symmetric,,690,4206992773436692146,191,41,-2,16,11,0
16,symmetric,,691,498271603880964152,374,34,0,10,16,0
16,symmetric,,692,1806978359372055017,431,55,2,3,-16,0
16,symmetric,,693,6588660802330113735,281,67,-2,11,-16,0
16,symmetric,,694,6074340705058296343,216,40,1,16,2,0
16,symmetric,,695,2326653228668926290,200,40,-1,-16,-6,0
16,symmetric,,696,2400511992547918818,86,44,-2,-8,16,0
16,symmetric,,697,5187030203333797916,209,53,-1,13,16,0
16,symmetric,,698,3413120172584767075,105,27,-1,16,-3,0
16,symmetric,,699,6608495532929789064,116,40,-2,10,16,0
32,symmetric,,0,5421350437005228126,1400,60,-1,-2,-32,0
32,symmetric,,1,3385565702020845899,418,84,-1,32,0,0
32,symmetric,,2,8316239672014529120,438,86,3,14,-32,0
32,symmetric,,3,3806536982361478446,1144,132,2,20,32,0
32,symmetric,,4,2031112298207039975,768,94,1,-32,-24,0
32,symmetric,,5,6292179342271844038,756,94,2,-26,32,0
32,symmetric,,6,743927343474111422,619,95,-2,27,-32,0
32,symmetric,,7,6075213466762964733,915,67,1,-32,1,0
32,symmetric,,8,940959823460793504,1288,192,1,4,32,0
32,symmetric,,9,6156686068768950397,329,61,-1,32,3,0
32,symmetric,,10,1931493896567747539,1073,171,2,-15,32,0
32,symmetric,,11,818619860186556049,729,99,1,5,32,0
32,symmetric,,12,7145005903059314654,703,111,-2,-17,32,0
32,symmetric,,13,7282867720424834661,262,72,-1,-32,2,0
32,symmetric,,14,9055304539938809721,909,75,0,-11,-32,0
32,symmetric,,15,7539864672662709912,801,105,1,-1,-32,0
32,symmetric,,16,2867212289516888887,1570,130,0,-32,-14,0
32,symmetric,,17,7559868432693177832,1614,110,-1,-32,-4,0
32,symmetric,,18,4002622122763084613,959,79,-1,-13,32,0
32,symmetric,,19,1506288633190506983,4214,96,2,2,32,0
32,symmetric,,20,1199532120966546413,1675,149,-2,-13,32,0
32,symmetric,,21,4345746284332045326,1572,74,-1,-32,-12,0
32,symmetric,,22,1371914589299411538,545,83,-1,32,1,0
32,symmetric,,23,3924535761694041073,423,77,0,21,-32,0
32,symmetric,,24,3582018258863438790,1026,92,2,-16,32,0
32,symmetric,,25,8799281083728570080,1764,116,0,32,24,0
32,symmetric,,26,5152847071024996029,614,104,0,-32,22,0
32,symmetric,,27,3987384844459215796,2891,83,1,-32,11,0
32,symmetric,,28,129647948732797684,1569,89,-2,-5,32,0
32,symmetric,,29,9072874472464813086,872,98,0,12,-32,0
32,symmetric,,30,7762857321920037188,752,78,2,32,-20,0
32,symmetric,,31,1226223182225946858,2149,83,0,3,32,0
32,symmetric,,32,1149562338202136599,1867,155,3,-7,-32,0
32,symmetric,,33,506443633379911509,2094,104,1,0,32,0
32,symmetric,,34,6066170100528581797,1776,156,-1,-32,8,0
32,symmetric,,35,5355026357245707877,1661,163,1,-1,32,0
32,symmetric,,36,2757754253354720165,1428,78,-1,32,8,0
32,symmetric,,37,2257295680127440161,1831,145,1,-32,-7,0
32,symmetric,,38,1681515386840279997,959,73,-1,-32,5,0
32,symmetric,,39,8627112688114336814,476,110,2,-8,32,0
32,symmetric,,40,5006920025839319038,1024,114,0,-32,-18,0
32,symmetric,,41,7403209055464976569,1142,114,-4,6,32,0
32,symmetric,,42,1259245793835859764,1529,59,-1,9,32,0
32,symmetric,,43,3336962129547547399,2096,124,0,2,32,0
32,symmetric,,44,2961445661798025487,1816,150,1,32,4,0
32,symmetric,,45,6132708470161947529,2268,142,1,-6,32,0
32,symmetric,,46,7830669001856180266,2147,195,-1,11,-32,0
32,symmetric,,47,3705911967166930135,549,83,-1,-3,32,0
32,symmetric,,48,4115850352619500502,181,49,0,-32,9,0
32,symmetric,,49,9100750108663932989,353,57,0,-32,-5,0
32,symmetric,,50,9110992331941178,1515,99,1,-21,-32,0
32,symmetric,,51,451211241764156840,1548,138,-3,32,0,0
32,symmetric,,52,1904340025558968662,1580,98,-2,-6,32,0
32,symmetric,,53,2406158994043181304,746,80,-1,32,-18,0
32,symmetric,,54,8213187653757968053,1087,117,1,-32,27,0
32,symmetric,,55,8847828376212624179,371,85,-2,19,32,0
32,symmetric,,56,5381118501064475637,741,77,3,-32,11,0
32,symmetric,,57,2207563426009564149,796,84,-1,0,-32,0
32,symmetric,,58,8509164217091218267,1251,79,0,-32,-11,0
32,symmetric,,59,9039071806849680851,577,71,-1,25,-32,0
32,symmetric,,60,1350516633886771819,1207,79,-1,32,1,0
32,symmetric,,61,6246774439608592812,2368,84,0,10,-32,0
32,symmetric,,62,7551814481823655639,1925,87,-1,11,32,0
32,symmetric,,63,2554149112489836002,4598,86,0,32,16,0
32,symmetric,,64,3467354859011635151,985,103,0,32,25,0
32,symmetric,,65,3177568966693020017,830,110,1,-32,-18,0
32,symmetric,,66,7968940242612769712,2923,153,5,32,-13,0
32,symmetric,,67,2460272642363431125,1846,80,-1,-32,-12,0
32,symmetric,,68,5002071639093722954,1268,182,-1,2,32,0
32,symmetric,,69,4525226330275540015,1813,105,1,31,32,0
32,symmetric,,70,6804000117925631588,2092,90,0,2,32,0
32,symmetric,,71,2655206744873793702,687,107,-1,32,-17,0
32,symmetric,,72,2868662693587147911,1680,82,1,0,32,0
32,symmetric,,73,3916761670413218880,950,116,0,4,32,0
32,symmetric,,74,1927214147379356093,839,83,0,32,-5,0
32,symmetric,,75,596044515878005635,862,122,-1,-8,32,0
32,symmetric,,76,1177033378375901245,325,61,0,-32,-11,0
32,symmetric,,77,405056346173635106,1241,115,0,-17,-32,0
32,symmetric,,78,7467438281817608555,518,56,-1,32,0,0
32,symmetric,,79,382444028549392079,972,100,-1,-32,18,0
32,symmetric,,80,3999814235379102377,568,64,2,-32,0,0
32,symmetric,,81,6299873258941602721,850,118,2,24,32,0
32,symmetric,,82,4478529163464137156,1366,66,0,-4,-32,0
32,symmetric,,83,7181785926809001513,812,116,1,-32,22,0
32,symmetric,,84,1964665847562856743,3057,89,-1,27,-32,0
32,symmetric,,85,4213361256547372685,575,91,1,-32,9,0
32,symmetric,,86,3136532897070345191,1597,85,0,32,-15,0
32,symmetric,,87,7190279509605334506,344,88,1,-10,-32,0
32,symmetric,,88,2852767958273688828,1091,103,2,-13,-32,0
32,symmetric,,89,3126740402809350292,1395,131,-2,-5,-32,0
32,symmetric,,90,3065028466266312169,545,79,0,-32,-19,0
32,symmetric,,91,9071488545445804176,1036,78,-1,32,-6,0
32,symmetric,,92,141572769543322135,541,105,-1,32,25,0
32,symmetric,,93,5189933148222399056,659,95,-1,7,-32,0
32,symmetric,,94,6956530530997029941,2113,147,2,19,32,0
32,symmetric,,95,353785705946415096,1176,96,-2,-24,-32,0
32,symmetric,,96,3684662529169100901,358,80,1,32,-10,0
32,symmetric,,97,4248534561577363281,366,64,0,-32,-6,0
32,symmetric,,98,2920684624908925540,166,80,0,18,-32,0
32,symmetric,,99,3509420664181975674,445,67,1,32,3,0
32,symmetric,,100,1370549817226599632,961,147,0,13,32,0
32,symmetric,,101,1054759589093199463,2248,94,2,-32,-16,0
32,symmetric,,102,8203706543049736898,1557,97,0,-17,-32,0
32,symmetric,,103,1611445778598200848,2545,57,0,32,5,0
32,symmetric,,104,2509696561626529848,1341,101,2,-17,32,0
32,symmetric,,105,4327673660835224550,888,66,1,-10,-32,0
32,symmetric,,106,1978510750658905691,1424,136,3,2,32,0
32,symmetric,,107,7675159103439623377,1052,90,2,-32,20,0
32,symmetric,,108,2906047542113874686,2127,99,-1,-32,9,0
32,symmetric,,109,4363305133975739450,278,66,-1,14,-32,0
32,symmetric,,110,3467357238752672786,262,92,-1,-16,32,0
32,symmetric,,111,4598723119915047537,1478,102,3,32,-16,0
32,symmetric,,112,1147689768703764011,837,73,0,-32,-13,0
32,symmetric,,113,4539437373931972689,3758,142,0,0,-32,0
32,symmetric,,114,1603850899433741930,903,107,-2,32,-17,0
32,symmetric,,115,3071967154608269784,216,72,-1,-24,32,0
32,symmetric,,116,46468850651336714,1064,102,-1,2,-32,0
32,symmetric,,117,5363121908950564111,1515,95,-1,32,-5,0
32,symmetric,,118,3325524394014287887,1324,78,1,-18,-32,0
32,symmetric,,119,8506314901655079134,1802,100,-1,-12,32,0
32,symmetric,,120,5885442120816305022,640,112,-2,-32,-12,0
32,symmetric,,121,821714520437647116,679,71,0,13,32,0
32,symmetric,,122,7518679287788091113,941,93,-2,-13,32,0
32,symmetric,,123,9152524223364176900,866,96,1,32,26,0
32,symmetric,,124,8147867129751129740,2834,112,1,-12,32,0
32,symmetric,,125,3156654155279099926,750,88,0,4,-32,0
32,symmetric,,126,7055435317731933362,807,73,-2,1,32,0
32,symmetric,,127,402621670448303572,325,69,1,-3,-32,0
32,symmetric,,128,1145342853859763576,1355,69,1,1,32,0
32,symmetric,,129,2393628918018128142,701,91,1,-5,32,0
32,symmetric,,130,4274830418336372304,777,125,3,23,32,0
32,symmetric,,131,5022063738378688963,709,75,3,-32,7,0
32,symmetric,,132,8586834128867745809,1444,134,-2,32,2,0
32,symmetric,,133,3365727509979400854,1598,82,-1,-32,-6,0
32,symmetric,,134,7790948178235127722,1377,81,1,32,-7,0
32,symmetric,,135,6613946788558491223,732,160,0,2,32,0
32,symmetric,,136,2281868635538112094,549,93,3,-19,-32,0
32,symmetric,,137,4824566977181324173,2319,97,2,21,32,0
32,symmetric,,138,4878738822211841591,596,88,-2,-32,6,0
32,symmetric,,139,7378183162587811444,790,66,-1,2,32,0
32,symmetric,,140,2041897545333366560,2159,79,1,-19,-32,0
32,symmetric,,141,3578893708346486287,2653,61,0,-32,7,0
32,symmetric,,142,7612686235382144980,4308,76,1,-22,-32,0
32,symmetric,,143,6808681563319169686,2564,108,-2,32,4,0
32,symmetric,,144,4841413407415853936,579,95,2,32,-21,0
32,symmetric,,145,955919712181013251,1068,172,3,-8,32,0
32,symmetric,,146,4655382769399157038,1902,106,-2,-32,8,0
32,symmetric,,147,754348091708251715,1815,61,0,7,-32,0
32,symmetric,,148,2490938790740249546,1829,89,1,32,-19,0
32,symmetric,,149,7190366544547591070,1487,93,1,-5,-32,0
32,symmetric,,150,161323384863633296,845,93,3,32,17,0
32,symmetric,,151,8828678701864083309,590,94,1,-24,-32,0
32,symmetric,,152,4379610360814463015,995,81,2,-32,13,0
32,symmetric,,153,6403361432259208132,793,91,2,32,15,0
32,symmetric,,154,3444015076134923623,2396,108,1,-8,32,0
32,symmetric,,155,776011154655313821,1404,114,0,-24,-32,0
32,symmetric,,156,4563200298282374759,1772,68,-1,-32,14,0
32,symmetric,,157,758699451193341117,2567,99,0,-32,13,0
32,symmetric,,158,5932971320583689441,747,83,0,-32,25,0
32,symmetric,,159,6978399434479855366,780,84,-1,-22,32,0
32,symmetric,,160,1884546825522898939,1988,82,0,-24,-32,0
32,symmetric,,161,5479281812266974186,2642,204,2,-32,-4,0
32,symmetric,,162,2268850714993562189,1841,73,-1,32,1,0
32,symmetric,,163,2254390480506300456,2674,86,0,-32,12,0
32,symmetric,,164,2371975208482184825,446,96,0,32,10,0
32,symmetric,,165,8596456846016173168,660,134,1,-18,-32,0
32,symmetric,,166,5371430237928831019,922,66,-1,-32,-14,0
32,symmetric,,167,7974513251332656217,445,81,-2,-32,-23,0
32,symmetric,,168,6754261768405396792,534,56,0,2,32,0
32,symmetric,,169,4694390948822967631,1176,82,1,32,22,0
32,symmetric,,170,1821148885755675734,574,84,2,32,2,0
32,symmetric,,171,2723982520224039715,754,82,0,-2,32,0
32,symmetric,,172,5706295744753464325,467,73,1,-1,-32,0
32,symmetric,,173,8883190960982886274,349,71,0,32,-1,0
32,symmetric,,174,2620833772725951130,5044,82,-1,32,8,0
32,symmetric,,175,4174554832202102685,4816,144,1,32,-6,0
32,symmetric,,176,2705374732426076685,1154,126,1,-32,-12,0
32,symmetric,,177,2926833739940255863,1944,70,-1,-10,-32,0
32,symmetric,,178,1549987718864506526,1397,85,-2,-1,-32,0
32,symmetric,,179,4642166161505009540,948,102,-2,32,16,0
32,symmetric,,180,867695823577007817,1874,112,-1,32,8,0
32,symmetric,,181,5877139050233098343,905,87,-1,23,-32,0
32,symmetric,,182,4738537456576714910,1247,209,3,-13,-32,0
32,symmetric,,183,5131962494224198125,2178,130,0,-32,26,0
32,symmetric,,184,3604029968443803799,1738,104,0,32,-6,0
32,symmetric,,185,1375597820470988363,1173,73,-1,32,1,0
32,symmetric,,186,3038880424576863791,314,110,0,32,4,0
32,symmetric,,187,4390181515435880159,513,87,-2,-13,-32,0
32,symmetric,,188,5516073193250939289,538,74,0,-32,-28,0
32,symmetric,,189,8223692400025309104,1994,100,0,10,32,0
32,symmetric,,190,5674732234849612991,838,108,0,-32,24,0
32,symmetric,,191,6723025687019633623,1048,106,0,16,-32,0
32,symmetric,,192,7680624197039738372,650,120,0,-32,-6,0
32,symmetric,,193,1225694357002829176,1472,100,-3,-20,32,0
32,symmetric,,194,8712560162726586392,1154,62,1,32,-8,0
32,symmetric,,195,8556676147916186910,1368,72,0,32,-12,0
32,symmetric,,196,1793552741248963977,730,70,1,-32,4,0
32,symmetric,,197,5490692860514150445,599,93,3,-3,32,0
32,symmetric,,198,1030240600113495008,379,73,-1,-9,-32,0
32,symmetric,,199,1704841900538230817,2439,91,1,23,-32,0
32,symmetric,,200,330482792188741318,3085,93,0,-5,-32,0
32,symmetric,,201,4675305107685466677,730,80,0,18,-32,0
32,symmetric,,202,3445502197256253468,538,90,2,4,-32,0
32,symmetric,,203,1326080211062523313,721,93,-3,-19,32,0
32,symmetric,,204,2648495404031613139,534,86,-1,32,-8,0
32,symmetric,,205,6278063294329975527,1760,84,0,-4,32,0
32,symmetric,,206,7493743939290928401,502,82,-1,32,14,0
32,symmetric,,207,416961040701555109,701,147,-1,17,32,0
32,symmetric,,208,5949318073511284015,342,92,2,-2,32,0
32,symmetric,,209,4619257234462562370,1170,68,-1,32,4,0
32,symmetric,,210,9101032600835828425,641,69,0,17,32,0
32,symmetric,,211,4655907648810174590,335,79,0,9,-32,0
32,symmetric,,212,7858846130457202839,424,86,-1,-32,12,0
32,symmetric,,213,9129390362503754928,1940,100,-1,8,-32,0
32,symmetric,,214,4996962727741420638,493,75,0,5,32,0
32,symmetric,,215,7593860365858430374,1896,100,0,32,10,0
32,symmetric,,216,2614714095314200469,600,78,2,-32,-8,0
32,symmetric,,217,6679021180638415594,2217,97,1,9,32,0
32,symmetric,,218,1352500712038158780,684,114,1,-32,-4,0
32,symmetric,,219,2398862405694508962,1939,89,1,17,-32,0
32,symmetric,,220,7872021819938451352,990,114,-1,32,-26,0
32,symmetric,,221,5112967497264498442,1318,58,0,32,4,0
32,symmetric,,222,8629947750833032295,2059,119,2,-25,-32,0
32,symmetric,,223,1778362051838357605,2268,84,0,32,-14,0
32,symmetric,,224,3328207857186735428,554,106,-1,-32,4,0
32,symmetric,,225,706669259938093204,391,75,-2,-32,-5,0
32,symmetric,,226,2847682291898319504,562,94,1,-32,2,0
32,symmetric,,227,6605831751343864363,535,89,-2,-7,-32,0
32,symmetric,,228,8295516917817177407,1712,76,1,2,32,0
32,symmetric,,229,3028556472896050345,521,109,1,-15,-32,0
32,symmetric,,230,4317297256107145682,3327,89,-1,-19,32,0
32,symmetric,,231,1257666146133695129,812,92,-1,32,8,0
32,symmetric,,232,354545295313957766,1922,78,-1,14,32,0
32,symmetric,,233,1948460723386328800,474,76,1,-32,8,0
32,symmetric,,234,7381278316728460390,429,97,1,32,27,0
32,symmetric,,235,2885621052476879783,948,152,1,-12,-32,0
32,symmetric,,236,8777027747372683881,820,96,1,20,32,0
32,symmetric,,237,8037841204908496519,602,78,-1,18,-32,0
32,symmetric,,238,8252017351700036035,1321,65,3,32,-7,0
32,symmetric,,239,8501198985082097924,467,67,0,-1,-32,0
32,symmetric,,240,2632087321639045205,1045,109,-1,-21,32,0
32,symmetric,,241,866840025320700047,586,70,0,-2,32,0
32,symmetric,,242,2187346123832132083,1988,124,-3,-32,-24,0
32,symmetric,,243,6083266929138356584,867,99,1,32,11,0
32,symmetric,,244,2104940327197580530,646,78,1,-12,-32,0
32,symmetric,,245,7245579767460168385,342,86,0,28,-32,0
32,symmetric,,246,2243739206715355995,1769,85,-1,32,19,0
32,symmetric,,247,8285400412588917353,1070,102,-1,-24,32,0
32,symmetric,,248,4255672421805725899,488,82,1,20,32,0
32,symmetric,,249,1955652583742004681,591,105,-2,21,-32,0
32,symmetric,,250,6034586840325147767,2622,110,-1,32,-12,0
32,symmetric,,251,8713282892636987909,1402,104,3,-32,-6,0
32,symmetric,,252,263821333061637570,1188,86,1,-32,-6,0
32,symmetric,,253,17202816488044931,1543,107,-3,-32,-3,0
32,symmetric,,254,1805424603215421053,723,79,2,-32,13,0
32,symmetric,,255,5939158639062327334,1487,89,3,-13,-32,0
32,symmetric,,256,4704177087155274291,843,75,1,32,3,0
32,symmetric,,257,27698760699323310,1791,81,1,17,-32,0
32,symmetric,,258,910649261445039560,356,104,0,-22,32,0
32,symmetric,,259,5178347112964864146,498,110,-1,32,8,0
32,symmetric,,260,1956454604031010133,1144,108,-2,4,32,0
32,symmetric,,261,5125578530384182376,1521,75,1,-32,-1,0
32,symmetric,,262,2328846050110121195,745,65,2,-32,13,0
32,symmetric,,263,3220940114586977586,2439,113,1,-32,11,0
32,symmetric,,264,906619904241018369,2278,116,-1,14,-32,0
32,symmetric,,265,1603411783336746376,1309,127,-2,-5,-32,0
32,symmetric,,266,1741391336181308210,1120,72,0,12,32,0
32,symmetric,,267,692369828639839190,771,73,3,32,5,0
32,symmetric,,268,3699075478987346499,216,70,0,-32,-4,0
32,symmetric,,269,2590158065797058228,679,57,-1,32,9,0
32,symmetric,,270,1720276159575449428,542,116,0,-16,-32,0
32,symmetric,,271,1823878990093043651,1492,104,-1,-32,0,0
32,symmetric,,272,6141505954862099815,1881,101,0,-7,32,0
32,symmetric,,273,1961935070829542077,732,120,4,-32,-20,0
32,symmetric,,274,2444731833053683651,531,81,0,-19,-32,0
32,symmetric,,275,1562549448014729761,2326,76,-2,32,20,0
32,symmetric,,276,3436021419095289093,1985,117,2,-29,-32,0
32,symmetric,,277,2249004398455894485,697,65,1,-32,3,0
32,symmetric,,278,4532983549339270090,618,86,0,32,22,0
32,symmetric,,279,8458768361472752493,1013,103,1,32,-5,0
32,symmetric,,280,6086289187131162694,473,73,1,3,32,0
32,symmetric,,281,6814166178117031769,1217,75,1,25,32,0
32,symmetric,,282,6162693893185933607,836,60,-1,32,14,0
32,symmetric,,283,7870558776443400148,425,75,-1,27,-32,0
32,symmetric,,284,3828954507789994216,3656,100,2,18,32,0
32,symmetric,,285,8086101753571051174,499,117,-2,32,15,0
32,symmetric,,286,3791201172116276875,1513,117,1,17,32,0
32,symmetric,,287,1067132898159374231,1057,77,-2,17,-32,0
32,symmetric,,288,8966407170442740698,586,74,2,8,32,0
32,symmetric,,289,5588995204492959443,435,77,0,3,-32,0
32,symmetric,,290,1082124182190099192,1132,54,1,32,8,0
32,symmetric,,291,5400516934579518880,888,82,-1,-18,32,0
32,symmetric,,292,6367894940339765301,307,65,-1,-32,-13,0
32,symmetric,,293,289674321313845489,929,115,-1,-15,32,0
32,symmetric,,294,6937890754744487441,1671,151,2,32,5,0
32,symmetric,,295,780919423397629604,922,104,-1,-2,32,0
32,symmetric,,296,4550008084713236615,678,96,1,-32,24,0
32,symmetric,,297,5229182312136804115,1041,95,0,32,-13,0
32,symmetric,,298,5225426109287352687,449,79,3,32,-9,0
32,symmetric,,299,3177961089343419396,447,69,0,-32,-3,0
32,symmetric,,300,7860374240064229601,1164,120,0,32,28,0
32,symmetric,,301,783606842186228259,1666,226,2,4,-32,0
32,symmetric,,302,1436183097564683205,257,75,0,-32,9,0
32,symmetric,,303,6855795660337396702,701,103,0,7,-32,0
32,symmetric,,304,8205752379978690228,2935,111,-1,-23,32,0
32,symmetric,,305,7988519481752490236,1773,111,3,-32,-11,0
32,symmetric,,306,3663108012346061829,339,83,0,-1,32,0
32,symmetric,,307,897359788601938932,1311,129,-1,32,21,0
32,symmetric,,308,8653039665844516678,1242,84,-1,-32,20,0
32,symmetric,,309,1615452161059153116,2998,60,-1,-32,6,0
32,symmetric,,310,2703276016599946061,2476,220,2,32,16,0
32,symmetric,,311,8427481756568180527,2448,146,-3,-32,-8,0
32,symmetric,,312,6016908602790631318,3538,94,0,-32,-2,0
32,symmetric,,313,8209677445764957571,774,122,-2,-10,32,0
32,symmetric,,314,8678915308999253599,807,71,1,15,32,0
32,symmetric,,315,806588030344332470,2044,152,3,-32,-8,0
32,symmetric,,316,5515542032478348436,1661,81,1,-32,7,0
32,symmetric,,317,6618989766506616147,1709,73,0,32,13,0
32,symmetric,,318,8993628326578730286,968,90,-1,-32,12,0
32,symmetric,,319,3747782286665204337,1298,70,-1,32,4,0
32,symmetric,,320,1910128521175112840,448,60,-1,-32,6,0
32,symmetric,,321,4536627118950391758,3555,87,-4,32,17,0
32,symmetric,,322,1996412377504905464,1220,78,-1,-32,-20,0
32,symmetric,,323,1282619566032243330,423,79,-1,-15,32,0
32,symmetric,,324,3091618469516531839,2409,111,-2,-32,-9,0
32,symmetric,,325,5285469251986997492,1005,113,1,-13,-32,0
32,symmetric,,326,3910894406851902614,3673,105,-1,-13,-32,0
32,symmetric,,327,3805222461832610531,1410,84,0,-32,0,0
32,symmetric,,328,4913848728147585828,1559,81,2,-32,-17,0
32,symmetric,,329,8691949241529924047,1005,153,-1,32,15,0
32,symmetric,,330,1331237799952284240,1696,122,3,-4,-32,0
32,symmetric,,331,7843309944760209210,386,78,0,0,32,0
32,symmetric,,332,445526061334593831,495,81,-2,32,11,0
32,symmetric,,333,8585926440071619200,508,94,2,-18,-32,0
32,symmetric,,334,5585519401125556267,778,132,-1,-18,32,0
32,symmetric,,335,7088851028151066533,357,107,3,7,-32,0
32,symmetric,,336,2374592674556022876,2892,142,2,32,-22,0
32,symmetric,,337,3208400410770146383,2080,176,-2,6,32,0
32,symmetric,,338,4384759236865694712,136,60,1,0,32,0
32,symmetric,,339,5011004036435656442,560,108,-2,-32,-20,0
32,symmetric,,340,4245123588084046920,219,67,-1,13,32,0
32,symmetric,,341,6580726121951261630,2126,90,-2,-32,-10,0
32,symmetric,,342,7935394127689119219,1155,67,-3,32,-1,0
32,symmetric,,343,9068708150373295106,574,84,0,32,-14,0
32,symmetric,,344,2140455755250442862,1492,204,2,-4,-32,0
32,symmetric,,345,5688447276715779151,522,114,2,-12,32,0
32,symmetric,,346,630499915335238248,337,71,0,-32,-5,0
32,symmetric,,347,4534423988579461294,925,113,1,-7,32,0
32,symmetric,,348,6937811609272566114,508,80,1,-32,4,0
32,symmetric,,349,8129163913178036098,581,117,0,-11,-32,0
32,symmetric,,350,9187677519495928812,1507,75,-4,-32,-11,0
32,symmetric,,351,2129856468272121009,2706,82,-3,32,18,0
32,symmetric,,352,824244450527041406,1931,59,-1,-32,-1,0
32,symmetric,,353,339491138544758037,703,115,-1,11,-32,0
32,symmetric,,354,7679261687908808527,892,90,1,12,32,0
32,symmetric,,355,7370009395993045615,1037,73,0,-9,-32,0
32,symmetric,,356,8266513171072643682,3443,109,3,32,-17,0
32,symmetric,,357,7022840017362028640,1186,102,-1,32,0,0
32,symmetric,,358,3645299737008159697,3588,94,-1,2,32,0
32,symmetric,,359,4148598175512857847,1866,136,-1,16,32,0
32,symmetric,,360,1784682423243207795,769,127,-3,32,21,0
32,symmetric,,361,2218809198296581351,1767,73,-1,-21,32,0
32,symmetric,,362,4836713762572264691,1232,74,0,32,10,0
32,symmetric,,363,6222534949587588176,508,72,-1,0,32,0
32,symmetric,,364,7018499222047178065,917,103,0,-32,-17,0
32,symmetric,,365,6195193887484992932,686,84,-2,32,-18,0
32,symmetric,,366,7808545765721751555,4302,88,2,-32,6,0
32,symmetric,,367,3012352543108615836,2537,65,0,19,32,0
32,symmetric,,368,3355556618422713428,532,84,1,-14,-32,0
32,symmetric,,369,1246096577802008851,1050,174,3,-18,32,0
32,symmetric,,370,6823859014160011621,616,108,2,8,32,0
32,symmetric,,371,6587936622822254399,2901,91,-2,-11,-32,0
32,symmetric,,372,3319434734274010594,654,68,0,2,-32,0
32,symmetric,,373,7325239344579218092,1810,126,1,-10,-32,0
32,symmetric,,374,6543036547829407018,654,78,-1,12,-32,0
32,symmetric,,375,6347121059447156800,5380,90,-2,14,32,0
32,symmetric,,376,8435664866434901818,1080,180,-2,32,-2,0
32,symmetric,,377,5783624046783168914,2706,122,-3,0,-32,0
32,symmetric,,378,942856328879154029,2529,63,0,32,-3,0
32,symmetric,,379,6231225496572864154,1004,94,-1,-22,-32,0
32,symmetric,,380,976027868153638322,680,90,0,32,18,0
32,symmetric,,381,3705718020957555369,893,79,1,32,9,0
32,symmetric,,382,6765196828383986060,4610,124,-2,-8,32,0
32,symmetric,,383,1687975004121631533,493,81,1,-5,32,0
32,symmetric,,384,6914173177738258382,1462,100,-1,-14,32,0
32,symmetric,,385,4533860318099079771,3143,165,2,32,-5,0
32,symmetric,,386,7877079901032315650,3070,68,2,-32,-2,0
32,symmetric,,387,1165501539616869983,1062,104,0,-32,-16,0
32,symmetric,,388,480973911580326317,892,106,0,18,32,0
32,symmetric,,389,2041042655072893621,602,106,0,14,32,0
32,symmetric,,390,546039955691383249,472,114,-2,-32,-10,0
32,symmetric,,391,5773917411906101864,878,84,2,-2,-32,0
32,symmetric,,392,6491205234181333431,404,78,1,32,-2,0
32,symmetric,,393,7757674847709354291,783,77,-2,-19,32,0
32,symmetric,,394,3017596875131863366,663,89,0,15,-32,0
32,symmetric,,395,5866368874483227442,2331,117,4,-3,-32,0
32,symmetric,,396,4331420598152724885,1956,154,2,32,-12,0
32,symmetric,,397,3483655803217156341,945,77,0,21,-32,0
32,symmetric,,398,6081001643705653772,3233,131,-2,3,32,0
32,symmetric,,399,9057638708331483505,1506,98,2,-32,10,0
32,symmetric,,400,6214226925738953882,1734,84,-2,-32,2,0
32,symmetric,,401,5046263052215019424,906,120,0,32,-20,0
32,symmetric,,402,1977561071471281997,1623,97,-2,-3,-32,0
32,symmetric,,403,4497947909302876846,1814,98,4,-6,-32,0
32,symmetric,,404,6522574535873907879,2790,108,1,14,-32,0
32,symmetric,,405,6395564964488741464,1061,59,1,-32,-17,0
32,symmetric,,406,2000510753820268739,1628,94,0,26,32,0
32,symmetric,,407,4974413158073613629,436,112,1,32,6,0
32,symmetric,,408,7784095707355126553,494,62,1,-32,12,0
32,symmetric,,409,4388468639102985928,590,74,-1,14,-32,0
32,symmetric,,410,7605498813280769075,3013,75,1,32,-3,0
32,symmetric,,411,5696267470954032233,869,83,2,32,5,0
32,symmetric,,412,5307691764703857211,765,53,0,-5,-32,0
32,symmetric,,413,778452296088972881,629,81,1,15,-32,0
32,symmetric,,414,5406987435248113362,358,68,-1,16,-32,0
32,symmetric,,415,3987901381190003679,1296,100,-1,32,-10,0
32,symmetric,,416,2499583983558922834,692,82,0,-8,-32,0
32,symmetric,,417,6893802893510531121,2257,67,0,-7,32,0
32,symmetric,,418,2032393513423314581,2165,87,1,-21,-32,0
32,symmetric,,419,874000742536010693,868,94,2,-6,32,0
32,symmetric,,420,6325621104571146399,510,68,-1,-32,10,0
32,symmetric,,421,4910935559166841801,1364,58,0,-2,32,0
32,symmetric,,422,3531649794094195804,1134,84,0,32,28,0
32,symmetric,,423,5365161506319666237,827,97,1,5,32,0
32,symmetric,,424,3386724112930345725,1314,80,2,-6,-32,0
32,symmetric,,425,5342817397445477808,369,67,-1,7,-32,0
32,symmetric,,426,4665991401336596600,813,87,-1,32,1,0
32,symmetric,,427,2207513625834814214,601,49,-1,32,-7,0
32,symmetric,,428,1762689187608879585,1842,142,1,-32,-14,0
32,symmetric,,429,8028145435570029622,1309,79,-2,21,-32,0
32,symmetric,,430,5981958100415744943,1197,89,-1,-5,-32,0
32,symmetric,,431,8306177897264765986,1971,67,1,-9,32,0
32,symmetric,,432,8692654566649346209,839,79,0,32,-7,0
32,symmetric,,433,3564573703286903837,2157,209,-5,3,-32,0
32,symmetric,,434,1289122870472070733,1922,94,-2,28,32,0
32,symmetric,,435,3755343119456176680,524,60,0,32,0,0
32,symmetric,,436,2364327805317082517,1207,91,-2,-15,-32,0
32,symmetric,,437,6036878527138352342,1906,88,0,-32,6,0
32,symmetric,,438,5569824049860883306,207,65,0,32,7,0
32,symmetric,,439,1028146906531921004,1285,187,-2,-23,-32,0
32,symmetric,,440,3768501164482957359,1278,90,0,-16,-32,0
32,symmetric,,441,5432217770641287501,543,111,0,32,-17,0
32,symmetric,,442,84743564647977180,504,110,1,-32,4,0
32,symmetric,,443,2980401128879002188,954,88,1,32,-20,0
32,symmetric,,444,1458214284657560750,778,106,0,-32,-24,0
32,symmetric,,445,7493632343068687897,1128,78,0,32,-6,0
32,symmetric,,446,2282538297703598659,1336,84,-1,32,4,0
32,symmetric,,447,7681213044303480900,652,88,-1,4,32,0
32,symmetric,,448,4124214340679364360,1614,82,0,-32,-20,0
32,symmetric,,449,6059339270867753619,949,79,0,-32,-7,0
32,symmetric,,450,4796560226355703666,392,72,0,-32,-2,0
32,symmetric,,451,7302120738419129739,726,92,-2,32,10,0
32,symmetric,,452,6733406559449521307,878,94,1,-32,-6,0
32,symmetric,,453,1825615347981649297,465,123,2,17,-32,0
32,symmetric,,454,299219034305775725,1002,130,2,18,32,0
32,symmetric,,455,4895894434270718156,378,70,2,4,-32,0
32,symmetric,,456,8462471036002445587,570,60,0,-10,32,0
32,symmetric,,457,6575228798923658076,1919,129,-2,32,21,0
32,symmetric,,458,2604360924171872048,1164,190,-1,24,32,0
32,symmetric,,459,7179153180892085222,830,124,-4,-10,-32,0
32,symmetric,,460,3897820295595166691,737,139,-1,-23,32,0
32,symmetric,,461,1932134025726320790,402,106,1,18,-32,0
32,symmetric,,462,3658241597441138420,527,79,1,32,1,0
32,symmetric,,463,154378672810352294,1330,98,0,20,-32,0
32,symmetric,,464,2243545320388415641,1332,104,2,32,6,0
32,symmetric,,465,8060734766587969561,620,116,2,-26,32,0
32,symmetric,,466,7523054014257837636,675,81,2,-32,17,0
32,symmetric,,467,6676840608640374312,2128,94,0,32,-22,0
32,symmetric,,468,8963705624145004186,221,63,0,32,-5,0
32,symmetric,,469,3969113719875261647,927,69,0,-32,7,0
32,symmetric,,470,554482324392271757,501,103,1,-32,-25,0
32,symmetric,,471,1187991569455866764,721,65,-1,32,-1,0
32,symmetric,,472,4282266062714705989,619,87,-1,32,3,0
32,symmetric,,473,6237241375116372311,661,71,0,-3,32,0
32,symmetric,,474,1734858431438119464,4529,119,-1,32,25,0
32,symmetric,,475,8780677929833414859,2809,81,3,13,-32,0
32,symmetric,,476,1884319439195435069,396,94,-1,16,-32,0
32,symmetric,,477,6803829043218410458,275,63,2,32,7,0
32,symmetric,,478,1902573306874771216,725,73,-1,-3,32,0
32,symmetric,,479,4438300583425216808,1549,109,0,-1,32,0
32,symmetric,,480,9161380332123532182,1158,146,-3,32,-8,0
32,symmetric,,481,12658912449088042,487,93,0,-17,32,0
32,symmetric,,482,7174511687456261312,1252,96,-2,32,-20,0
32,symmetric,,483,1505439202677744946,390,86,1,0,-32,0
32,symmetric,,484,7217807095498909123,609,73,0,13,-32,0
32,symmetric,,485,4098211718109945422,1740,136,1,0,32,0
32,symmetric,,486,7496970447341588216,427,67,-1,3,32,0
32,symmetric,,487,4663046899673519530,884,84,2,32,0,0
32,symmetric,,488,7756747640262370283,1323,81,0,-32,25,0
32,symmetric,,489,3590001809807140524,1038,106,-2,-32,-18,0
32,symmetric,,490,2077908576276001133,2550,124,-2,32,6,0
32,symmetric,,491,3364191222200280429,1234,154,-1,-32,-28,0
32,symmetric,,492,4427464043126924819,583,83,0,7,32,0
32,symmetric,,493,4228090528670982003,2124,86,0,-16,-32,0
32,symmetric,,494,2844238737424726340,1164,114,-1,-30,32,0
32,symmetric,,495,7841633278381298578,1466,74,-2,10,-32,0
32,symmetric,,496,6729295750635290684,1787,183,3,-32,3,0
32,symmetric,,497,7720802755637203949,950,90,-3,8,32,0
32,symmetric,,498,5300854015384266323,650,58,0,-6,32,0
32,symmetric,,499,8400936561228961193,406,90,1,10,32,0
32,symmetric,,500,6814218340347693771,1290,172,-4,-22,32,0
32,symmetric,,501,1027420402867269617,408,102,-1,-32,-12,0
32,symmetric,,502,7781678130002909579,1959,87,0,32,17,0
32,symmetric,,503,8677506485428393098,1592,98,-3,-32,-12,0
32,symmetric,,504,3437558325019750053,2421,117,3,32,-15,0
32,symmetric,,505,8055007477908578894,1695,105,2,-32,-13,0
32,symmetric,,506,7280419895337635054,1051,143,0,-32,-27,0
32,symmetric,,507,1594285106677705103,230,60,0,-6,32,0
32,symmetric,,508,12989462195513062,1126,94,1,32,-18,0
32,symmetric,,509,3124507159181023776,930,116,0,32,-28,0
32,symmetric,,510,3639056727404851025,656,102,1,18,32,0
32,symmetric,,511,1142217507486707157,336,100,1,-6,32,0
32,symmetric,,512,8218384096714801315,711,77,2,1,-32,0
32,symmetric,,513,2459458685760857392,446,64,1,6,-32,0
32,symmetric,,514,6820758600007071698,717,83,1,-15,-32,0
32,symmetric,,515,6540114814111805684,3629,63,-2,32,-5,0
32,symmetric,,516,6689739062228533785,2681,97,-2,13,-32,0
32,symmetric,,517,8557876996428282118,1214,80,0,-32,-12,0
32,symmetric,,518,3122590568181389035,1323,145,2,15,-32,0
32,symmetric,,519,3937902443641472284,756,224,-3,12,-32,0
32,symmetric,,520,6340963581349887559,898,66,-1,32,0,0
32,symmetric,,521,1668254660805492590,1192,76,2,32,-6,0
32,symmetric,,522,3821399361300648504,1562,80,1,32,18,0
32,symmetric,,523,9021379387152531233,1155,115,1,-3,32,0
32,symmetric,,524,5710026201724161490,835,91,1,32,25,0
32,symmetric,,525,1429271244011424751,426,68,0,-32,-2,0
32,symmetric,,526,5938602669665751027,1072,88,-1,-4,-32,0
32,symmetric,,527,1788802840885246078,3808,66,-1,-2,-32,0
32,symmetric,,528,4918127674166843998,728,80,-3,16,-32,0
32,symmetric,,529,822316552384998539,558,76,1,-32,14,0
32,symmetric,,530,4542516966232272924,626,92,-2,-32,-18,0
32,symmetric,,531,6164589101331940236,1019,81,-1,-7,-32,0
32,symmetric,,532,2845052483053131081,650,90,2,32,24,0
32,symmetric,,533,1547052694559852027,391,69,1,3,32,0
32,symmetric,,534,7632429291517613883,418,54,-1,-4,-32,0
32,symmetric,,535,1523317086867113488,449,87,1,32,13,0
32,symmetric,,536,1426866188498514600,2358,136,3,-4,32,0
32,symmetric,,537,6041443762733953171,1117,125,3,32,29,0
32,symmetric,,538,1862280467862790838,683,115,-3,17,32,0
32,symmetric,,539,3058688680691492070,1065,185,2,32,-27,0
32,symmetric,,540,4193720721101562946,3193,121,2,-32,15,0
32,symmetric,,541,7245472815167247706,506,98,-1,14,-32,0
32,symmetric,,542,6778764005647493189,1430,106,1,-32,-16,0
32,symmetric,,543,7667119597611436307,1714,82,-2,-8,32,0
32,symmetric,,544,6462274540444980712,1222,124,2,12,-32,0
32,symmetric,,545,3211081872328668686,1061,189,5,32,3,0
32,symmetric,,546,7211659085978495702,1479,165,-3,-11,32,0
32,symmetric,,547,6425730238263328201,1931,97,0,7,32,0
32,symmetric,,548,2505874723487885468,285,63,0,32,7,0
32,symmetric,,549,5231278847869476632,1223,83,0,-32,11,0
32,symmetric,,550,3305889165878326958,952,68,-1,32,-18,0
32,symmetric,,551,4167765281455187329,695,81,-1,3,32,0
32,symmetric,,552,8962937974060286523,1481,85,3,-5,-32,0
32,symmetric,,553,5021887621640300749,506,70,0,4,-32,0
32,symmetric,,554,8856471468295834034,1460,86,-2,32,16,0
32,symmetric,,555,5976324567946641565,1930,192,3,-4,-32,0
32,symmetric,,556,6607054122533670348,1947,111,-1,-32,27,0
32,symmetric,,557,4717643625832088806,220,76,-1,4,32,0
32,symmetric,,558,5761711601490509442,802,90,-3,32,-16,0
32,symmetric,,559,1845078060200587992,4619,135,-3,-32,5,0
32,symmetric,,560,8754674730945776184,301,75,0,-17,-32,0
32,symmetric,,561,7855581860035439891,1485,83,-2,32,-11,0
32,symmetric,,562,2947382431591876941,1740,62,-1,-32,-6,0
32,symmetric,,563,921495362002431931,615,105,-2,32,-5,0
32,symmetric,,564,1654702700725598020,1010,88,0,32,2,0
32,symmetric,,565,8571900027005589872,1910,140,1,32,14,0
32,symmetric,,566,2701984514236827021,385,67,1,-32,5,0
32,symmetric,,567,4627878603949726838,960,128,1,32,-20,0
32,symmetric,,568,5139006981664551287,1669,71,-1,32,1,0
32,symmetric,,569,7401935255052658419,2312,144,2,-32,20,0
32,symmetric,,570,5138833302962749927,4380,96,-1,-18,32,0
32,symmetric,,571,4602977497731434189,319,93,0,32,11,0
32,symmetric,,572,5037217210829250839,610,100,1,26,-32,0
32,symmetric,,573,3595990807553540746,1281,117,1,-32,15,0
32,symmetric,,574,1299901548753388881,702,74,1,-8,-32,0
32,symmetric,,575,5170496428008386886,1048,84,0,18,-32,0
32,symmetric,,576,5206364956616631704,1000,130,-1,2,32,0
32,symmetric,,577,4554154683983316296,1121,105,-2,32,-9,0
32,symmetric,,578,1019747603982412948,1741,73,-1,-32,3,0
32,symmetric,,579,8829972239969599053,3780,122,1,-26,32,0
32,symmetric,,580,1114717719094164702,698,74,0,-16,-32,0
32,symmetric,,581,2078992629959216344,901,71,-1,7,32,0
32,symmetric,,582,6117659730593191976,1877,111,2,-5,32,0
32,symmetric,,583,4397767812369455263,1568,64,1,6,-32,0
32,symmetric,,584,612187114991818931,675,93,-3,-9,32,0
32,symmetric,,585,3517182660249568350,1934,82,-1,-14,32,0
32,symmetric,,586,505218050075459794,718,138,1,20,-32,0
32,symmetric,,587,5456277828583146635,1087,133,-2,32,7,0
32,symmetric,,588,902220854196861022,2391,145,-1,-5,32,0
32,symmetric,,589,4330411148431067897,1698,108,-1,32,-16,0
32,symmetric,,590,5138288853730616649,497,85,0,9,32,0
32,symmetric,,591,1255965824525248527,867,67,0,11,-32,0
32,symmetric,,592,8050447339922911838,849,91,1,32,-5,0
32,symmetric,,593,8517111516059215744,2819,121,-2,32,15,0
32,symmetric,,594,2434278759045397447,1174,98,-1,0,32,0
32,symmetric,,595,1494506625446608857,341,87,0,21,32,0
32,symmetric,,596,8541264002317506648,1055,79,-1,21,-32,0
32,symmetric,,597,5966880286496723105,1872,86,-1,-12,32,0
32,symmetric,,598,5108187906481991302,1872,54,0,6,32,0
32,symmetric,,599,8261538999950254275,1242,76,1,8,-32,0
32,symmetric,,600,5033103959300363226,173,63,0,-3,-32,0
32,symmetric,,601,5157392513787905826,5022,104,-1,8,-32,0
32,symmetric,,602,1037704604044133038,1288,66,0,0,32,0
32,symmetric,,603,3556648111272480677,1958,94,0,-12,32,0
32,symmetric,,604,4562080949925761148,976,72,-1,-32,8,0
32,symmetric,,605,5692734521290682658,1243,149,2,-13,-32,0
32,symmetric,,606,6153218175180132408,656,78,-1,32,4,0
32,symmetric,,607,6497058740770736822,2022,94,2,-32,-16,0
32,symmetric,,608,5221753992921265603,576,66,2,-32,-8,0
32,symmetric,,609,6305467631911934133,417,71,2,7,-32,0
32,symmetric,,610,8558822694754456800,310,86,0,-10,-32,0
32,symmetric,,611,6900877621287796462,1915,73,1,-5,32,0
32,symmetric,,612,7181904331176741427,2329,149,1,-23,-32,0
32,symmetric,,613,1819448217537740919,1766,102,1,-32,-4,0
32,symmetric,,614,3393733387725139165,1137,111,0,-3,32,0
32,symmetric,,615,3586138925750845935,600,116,0,-32,14,0
32,symmetric,,616,8480510551888693314,1062,70,2,32,-28,0
32,symmetric,,617,8687569805380804478,1117,63,1,5,32,0
32,symmetric,,618,5938055314729644458,214,60,-2,-2,-32,0
32,symmetric,,619,6374268066924868296,891,89,0,19,-32,0
32,symmetric,,620,2521361196367926881,1194,130,4,16,-32,0
32,symmetric,,621,1568723049005673413,351,89,-1,-23,-32,0
32,symmetric,,622,4544939556317979032,1263,99,1,-3,32,0
32,symmetric,,623,9150634307888610415,494,106,-1,32,-4,0
32,symmetric,,624,5713241946624038745,543,99,-1,13,32,0
32,symmetric,,625,4487155558873616181,1169,81,-2,-11,32,0
32,symmetric,,626,8123766035786537737,2765,113,3,-32,5,0
32,symmetric,,627,1828180034412414854,1889,167,-2,-29,32,0
32,symmetric,,628,4825952029845570601,566,70,0,-32,2,0
32,symmetric,,629,3248240862863747740,2163,97,-2,-15,-32,0
32,symmetric,,630,6929642457419092171,345,81,-1,32,-21,0
32,symmetric,,631,3094821534276638570,444,70,1,10,32,0
32,symmetric,,632,6599299740118257562,2429,201,0,-32,11,0
32,symmetric,,633,4345187179666561043,156,72,1,32,-10,0
32,symmetric,,634,4614599086126268608,2458,92,1,32,-26,0
32,symmetric,,635,8052118953655796272,376,92,0,32,-12,0
32,symmetric,,636,438461741985407759,704,76,1,32,-16,0
32,symmetric,,637,8426110819599958558,1261,97,-1,21,-32,0
32,symmetric,,638,6567649659768305333,351,65,1,-32,5,0
32,symmetric,,639,4590287623860438833,494,90,-2,-32,-24,0
32,symmetric,,640,7872998721899891655,630,76,0,-8,32,0
32,symmetric,,641,1989048830913029661,314,80,1,-10,-32,0
32,symmetric,,642,1630204792573464236,323,89,-1,-32,-1,0
32,symmetric,,643,4561648362902439450,509,81,0,3,32,0
32,symmetric,,644,5810963312893583872,1084,100,-2,32,-22,0
32,symmetric,,645,5885613506218930789,706,68,1,10,32,0
32,symmetric,,646,7883841567094185243,977,67,-1,32,19,0
32,symmetric,,647,8311086714776807281,583,67,-2,-13,-32,0
32,symmetric,,648,1979198138723143560,793,97,1,-21,-32,0
32,symmetric,,649,6546170126841336789,189,63,0,5,32,0
32,symmetric,,650,7360240233712404115,516,80,2,28,32,0
32,symmetric,,651,705568973203071947,1158,170,-2,-32,0,0
32,symmetric,,652,8861983042955510398,454,60,-1,2,32,0
32,symmetric,,653,7113370850891230597,1225,99,1,25,32,0
32,symmetric,,654,5051022631768116732,287,67,0,32,-1,0
32,symmetric,,655,7675831845489425556,918,92,1,-32,30,0
32,symmetric,,656,2492840323580112777,758,72,0,32,-6,0
32,symmetric,,657,7369648680283108638,1630,112,1,32,8,0
32,symmetric,,658,8408552319126902884,1420,126,1,-24,32,0
32,symmetric,,659,6123587520259969134,346,58,1,-32,10,0
32,symmetric,,660,6347909403114931965,1128,72,0,2,-32,0
32,symmetric,,661,8432068097087566080,765,91,2,-23,-32,0
32,symmetric,,662,1724604479214530236,1104,62,-1,32,-4,0
32,symmetric,,663,8204377186868006346,545,81,0,-1,-32,0
32,symmetric,,664,6117032763533269995,1815,125,1,-29,32,0
32,symmetric,,665,7367827875057510821,4143,249,-5,23,-32,0
32,symmetric,,666,7446173405856573270,1641,55,0,7,32,0
32,symmetric,,667,8200176633061312746,410,90,0,-32,-12,0
32,symmetric,,668,7528138519759138793,1673,105,0,-32,25,0
32,symmetric,,669,4515919516354904476,523,95,1,-32,17,0
32,symmetric,,670,4619244633001759254,494,72,0,6,-32,0
32,symmetric,,671,3375509391391036090,719,129,-2,15,-32,0
32,symmetric,,672,5945896612034332155,974,94,1,32,-8,0
32,symmetric,,673,5257588699931718137,277,87,0,-7,-32,0
32,symmetric,,674,3874065084380698330,907,107,0,32,-25,0
32,symmetric,,675,1882140136955999141,1552,106,0,-26,32,0
32,symmetric,,676,7588466150100239145,1388,86,-1,8,32,0
32,symmetric,,677,8674863276185826271,1261,89,3,9,32,0
32,symmetric,,678,1693390177730452855,1635,105,2,32,21,0
32,symmetric,,679,3754404303241948456,1727,139,-1,32,-13,0
32,symmetric,,680,8578619080566557270,750,70,-1,-32,20,0
32,symmetric,,681,8678016683310524113,882,104,3,-32,4,0
32,symmetric,,682,9174790918217418315,2311,71,0,-21,-32,0
32,symmetric,,683,9191126530542111258,448,60,1,32,-6,0
32,symmetric,,684,3533189429216700486,251,93,2,-23,-32,0
32,symmetric,,685,1856610178975504576,775,75,-1,1,32,0
32,symmetric,,686,3748126694009539846,137,53,0,-13,-32,0
32,symmetric,,687,8452875822548397048,503,67,-2,32,19,0
32,symmetric,,688,1015222631624225836,1983,79,0,-19,-32,0
32,symmetric,,689,6834538025667964980,736,164,1,32,-24,0
32,symmetric,,690,8226563063736705303,1178,86,2,-32,8,0
32,symmetric,,691,7137260991484733796,391,85,-2,3,-32,0
32,symmetric,,692,6524255791772291718,684,66,1,-32,-6,0
32,symmetric,,693,4122191388096589320,644,68,0,32,22,0
32,symmetric,,694,1973279631825434098,1002,100,0,4,-32,0
32,symmetric,,695,3414211232544129027,4220,82,-1,-14,-32,0
32,symmetric,,696,2289053441853946330,693,103,4,32,-13,0
32,symmetric,,697,8442346771022355877,5385,109,2,32,-15,0
32,symmetric,,698,1223189103170855082,591,83,-1,32,-1,0
32,symmetric,,699,3514877550384622984,1863,85,-1,11,-32,0
64,symmetric,,0,546996238500596916,12890,336,0,-64,4,0
64,symmetric,,1,6651007318234691734,10879,593,6,27,-64,0
64,symmetric,,2,3373073085229961702,14960,366,0,64,-34,0
64,symmetric,,3,6670662614044872853,2703,185,0,-21,-64,0
64,symmetric,,4,5718146110525668036,3067,249,-3,3,-64,0
64,symmetric,,5,71097018469185919,1859,181,0,5,64,0
64,symmetric,,6,874423845360897190,1902,212,-1,-64,16,0
64,symmetric,,7,1298014148057356134,2446,186,0,44,64,0
64,symmetric,,8,8447586078291323309,3931,219,3,-64,37,0
64,symmetric,,9,9156992225878105897,3523,241,-2,13,64,0
64,symmetric,,10,5886232295868672862,4115,309,1,43,-64,0
64,symmetric,,11,7462987853934620874,3391,179,4,64,-19,0
64,symmetric,,12,89978137773026317,2053,153,-1,-7,64,0
64,symmetric,,13,4516673383074013238,4518,308,0,64,26,0
64,symmetric,,14,1563274970182894498,1644,202,-3,-20,64,0
64,symmetric,,15,1871039310642770841,7402,310,-2,64,-8,0
64,symmetric,,16,422993048247506305,3696,302,1,-24,-64,0
64,symmetric,,17,5754744785358592415,7967,187,3,11,64,0
64,symmetric,,18,8645791043121727366,3434,188,0,14,64,0
64,symmetric,,19,5525060023295941696,7362,174,2,64,12,0
64,symmetric,,20,6003744248398074560,3045,151,0,-64,43,0
64,symmetric,,21,820213763124434158,6861,481,3,64,9,0
64,symmetric,,22,2734953525001934797,2837,171,0,64,-35,0
64,symmetric,,23,7122572717098582786,1143,141,1,-29,64,0
64,symmetric,,24,5134781757068276733,3687,333,-3,64,-5,0
64,symmetric,,25,3922954481915589787,5157,239,0,64,-39,0
64,symmetric,,26,8456610718062293723,2045,231,0,-64,29,0
64,symmetric,,27,5816870569688489868,4680,306,3,64,-48,0
64,symmetric,,28,4628195604413960488,6304,196,-1,20,-64,0
64,symmetric,,29,1930992633599351768,6153,207,0,64,-17,0
64,symmetric,,30,7859247032169952437,3909,195,2,45,64,0
64,symmetric,,31,5424026866697367292,7612,240,0,-64,-48,0
64,symmetric,,32,8949677878904563211,2966,210,-2,-64,-12,0
64,symmetric,,33,845424862442370715,4291,271,2,-25,-64,0
64,symmetric,,34,1427753567726509458,6943,249,0,-7,64,0
64,symmetric,,35,9191291343652761947,3329,307,4,-64,13,0
64,symmetric,,36,6542857610136512190,2887,175,-3,-37,64,0
64,symmetric,,37,7507594658447034591,3915,419,3,-64,45,0
64,symmetric,,38,8798415829987802640,10135,237,2,64,-39,0
64,symmetric,,39,1117483204338288330,1376,132,2,64,-20,0
64,symmetric,,40,3780028565159184269,1353,155,0,64,-7,0
64,symmetric,,41,8737846420915437115,7974,240,-4,-64,-40,0
64,symmetric,,42,5973389337792315774,2252,184,1,64,22,0
64,symmetric,,43,3049773304151466193,3482,226,3,14,64,0
64,symmetric,,44,2495919501107944370,2800,246,3,64,36,0
64,symmetric,,45,8385982836001425160,16798,186,0,64,28,0
64,symmetric,,46,400452681828017914,997,185,0,64,9,0
64,symmetric,,47,7853917068975288396,8319,283,2,-64,-31,0
64,symmetric,,48,9026229216597134171,11754,202,-2,64,0,0
64,symmetric,,49,7362111323472911655,6069,371,-2,64,27,0
64,symmetric,,50,973737566431591363,2111,259,0,-49,-64,0
64,symmetric,,51,2954391301155982689,3320,216,1,64,-8,0
64,symmetric,,52,7544264106535034643,1456,194,-2,-38,64,0
64,symmetric,,53,4362040834934950207,4412,208,2,10,-64,0
64,symmetric,,54,7239614056980614054,2629,219,-1,-64,-5,0
64,symmetric,,55,4970305502052481567,4823,155,-2,64,27,0
64,symmetric,,56,7869566487800214201,3859,253,0,-11,64,0
64,symmetric,,57,4038233155501505388,1304,222,0,-64,46,0
64,symmetric,,58,7214973414989608800,1256,162,-1,-64,-10,0
64,symmetric,,59,3672166921940012094,6632,218,2,64,-10,0
64,symmetric,,60,3078701953363679382,1794,180,2,0,-64,0
64,symmetric,,61,1249755815462354311,6278,404,0,-8,64,0
64,symmetric,,62,199380505495174416,1843,183,-2,35,-64,0
64,symmetric,,63,6344903961113021672,1734,254,-3,28,64,0
64,symmetric,,64,1693407010181226889,2467,133,0,64,-9,0
64,symmetric,,65,6359389546988079270,4712,268,0,-64,-38,0
64,symmetric,,66,1466966487183061036,4771,183,0,-13,-64,0
64,symmetric,,67,534879167197497872,14880,206,0,64,12,0
64,symmetric,,68,4405484544630439033,1470,186,1,64,-6,0
64,symmetric,,69,7682918146839096788,3930,190,-3,2,64,0
64,symmetric,,70,8820319673762390798,10865,181,0,-55,-64,0
64,symmetric,,71,1842887876197523281,2977,179,0,5,-64,0
64,symmetric,,72,2332746485120427317,4775,215,-1,64,-41,0
64,symmetric,,73,1383693021401431429,15980,158,2,-64,-16,0
64,symmetric,,74,3681729967542120865,2934,172,0,-12,64,0
64,symmetric,,75,8074547589215323778,2689,189,-1,64,-29,0
64,symmetric,,76,1843789839241997087,2838,212,-1,64,-60,0
64,symmetric,,77,7500250677088121957,2264,192,1,-4,-64,0
64,symmetric,,78,7826759639864068329,3987,359,-4,-3,64,0
64,symmetric,,79,2799396865074402139,4520,192,1,-22,64,0
64,symmetric,,80,7082798469309824674,3496,214,0,-42,-64,0
64,symmetric,,81,3342437537747089673,1827,249,0,64,3,0
64,symmetric,,82,7930531932352018504,2357,207,-1,-64,-17,0
64,symmetric,,83,1042053389698866853,3673,175,-1,-5,-64,0
64,symmetric,,84,2366494831786993057,7367,233,2,-64,-35,0
64,symmetric,,85,6215021568405871910,7015,403,2,51,-64,0
64,symmetric,,86,8958282062837377388,3149,283,2,-33,-64,0
64,symmetric,,87,6691960587529902182,3245,245,-3,64,-49,0
64,symmetric,,88,714200600865242770,3609,211,4,-33,-64,0
64,symmetric,,89,2204191030791162348,2785,183,-2,64,-9,0
64,symmetric,,90,8306991207360851218,3498,342,-2,-64,30,0
64,symmetric,,91,5337508828287083219,6052,334,0,64,6,0
64,symmetric,,92,4710385110162143482,12029,427,-2,11,64,0
64,symmetric,,93,2548983521513428991,12581,433,3,51,64,0
64,symmetric,,94,2625845554437236768,2362,220,-1,34,64,0
64,symmetric,,95,8978468843482581908,6190,284,0,-28,64,0
64,symmetric,,96,8687515044203203728,5281,177,3,27,-64,0
64,symmetric,,97,6026663726270281133,1430,170,2,-64,40,0
64,symmetric,,98,4128131981014969784,2195,267,0,-29,64,0
64,symmetric,,99,6829607972071782169,5808,256,-1,64,58,0
64,symmetric,,100,8622780096005868704,8013,187,0,-64,17,0
64,symmetric,,101,5090672755686710872,2808,196,0,10,64,0
64,symmetric,,102,6645017697523594452,8866,390,0,-46,64,0
64,symmetric,,103,5621591528848021409,4784,308,2,10,-64,0
64,symmetric,,104,2467081902340992416,3763,127,-1,-64,7,0
64,symmetric,,105,1498525088135558654,1452,196,1,28,64,0
64,symmetric,,106,927439631498133874,3110,306,-3,64,4,0
64,symmetric,,107,5164578071105086987,3735,215,-3,-5,64,0
64,symmetric,,108,1096054018662158183,3729,575,-3,64,25,0
64,symmetric,,109,5601016175391017748,5096,232,-1,64,24,0
64,symmetric,,110,629479697782924906,2047,209,0,64,33,0
64,symmetric,,111,3884387901405383619,11005,255,0,64,-25,0
64,symmetric,,112,8329392298325961397,18944,364,3,-22,64,0
64,symmetric,,113,6004629384909862498,6291,203,2,-41,-64,0
64,symmetric,,114,4856574930694292557,9072,316,2,64,-14,0
64,symmetric,,115,5160758154826619583,1863,261,1,-3,64,0
64,symmetric,,116,5527397397011989381,5069,275,3,-31,-64,0
64,symmetric,,117,3701681469349274265,5784,208,0,-8,-64,0
64,symmetric,,118,8867394266660431462,4701,157,1,64,3,0
64,symmetric,,119,8289060085683781830,2750,124,-1,-64,-12,0
64,symmetric,,120,7673343531585679177,3110,268,1,-64,38,0
64,symmetric,,121,1011062755812792626,3407,219,1,-64,37,0
64,symmetric,,122,3547910935940383179,5956,194,0,64,42,0
64,symmetric,,123,7304034829203256498,7876,194,1,12,-64,0
64,symmetric,,124,6683553424119129423,2177,233,2,-35,-64,0
64,symmetric,,125,7387244755501342120,8162,270,0,22,64,0
64,symmetric,,126,2155201710597148507,6968,172,-2,-64,-22,0
64,symmetric,,127,7581739282287284370,5218,294,0,-64,-32,0
64,symmetric,,128,5279935943235317206,2921,253,0,-3,-64,0
64,symmetric,,129,8941959625961775549,1648,186,1,8,-64,0
64,symmetric,,130,5099072089523356205,9306,306,-1,-64,44,0
64,symmetric,,131,2944859438749337662,2632,216,-1,-20,64,0
64,symmetric,,132,1700227337650017898,7867,389,-3,29,-64,0
64,symmetric,,133,7400665224451611551,3194,260,-1,64,32,0
64,symmetric,,134,2160990199675111124,9773,265,4,25,64,0
64,symmetric,,135,5354585179192350753,1512,198,3,10,64,0
64,symmetric,,136,5622291333342968895,2961,205,0,13,-64,0
64,symmetric,,137,5227443089681306985,3081,219,-1,64,-37,0
64,symmetric,,138,1517214578247891727,20017,327,-2,64,43,0
64,symmetric,,139,4839186879246381506,5756,210,-1,64,-20,0
64,symmetric,,140,8412012967595645858,2355,243,-1,-64,33,0
64,symmetric,,141,8052966071571455239,2566,272,-1,64,-8,0
64,symmetric,,142,4757466010344245365,1664,172,-2,16,-64,0
64,symmetric,,143,445767361236416663,4476,204,2,-64,10,0
64,symmetric,,144,5557537090573524057,6247,379,-4,-9,-64,0
64,symmetric,,145,7961969841544865570,1972,210,0,-64,2,0
64,symmetric,,146,4745857854180132921,2977,333,-3,17,-64,0
64,symmetric,,147,6742086438220654017,4020,192,1,-36,-64,0
64,symmetric,,148,7973575460542562380,11534,566,-3,-64,24,0
64,symmetric,,149,3848486701254099253,3215,243,-3,33,-64,0
64,symmetric,,150,688132007770649530,4329,201,0,-64,11,0
64,symmetric,,151,5316316157367661125,5632,156,1,64,-8,0
64,symmetric,,152,5260310849985099622,4658,134,0,-2,64,0
64,symmetric,,153,5747955641760304353,1281,241,0,3,64,0
64,symmetric,,154,8763266518082210467,7526,192,-1,-64,-60,0
64,symmetric,,155,3655462118176878852,3972,202,-1,22,-64,0
64,symmetric,,156,7571972201256519870,4484,300,3,64,-12,0
64,symmetric,,157,7205559370387993445,4168,166,-1,40,64,0
64,symmetric,,158,6278107691939457263,10420,218,1,-64,4,0
64,symmetric,,159,7057929509972784824,1244,230,-2,64,-10,0
64,symmetric,,160,4036391543637146468,1546,166,-1,64,2,0
64,symmetric,,161,1191634700133651490,6176,342,-1,42,64,0
64,symmetric,,162,2024272388200360435,8585,261,0,64,1,0
64,symmetric,,163,912950622735420921,5204,378,2,40,-64,0
64,symmetric,,164,6655448125936878973,4075,193,0,-64,19,0
64,symmetric,,165,8921840983715386542,8357,175,0,-5,-64,0
64,symmetric,,166,1307622373335427975,7381,221,0,64,61,0
64,symmetric,,167,3831305295863079398,9356,424,3,64,-18,0
64,symmetric,,168,7609443798203440844,968,174,-1,-64,-10,0
64,symmetric,,169,6641793356965267427,921,179,0,-17,64,0
64,symmetric,,170,6919575457459499245,3613,211,-1,64,-3,0
64,symmetric,,171,4866762917262234722,9483,195,-2,5,64,0
64,symmetric,,172,4127434794336434559,1522,210,0,-28,-64,0
64,symmetric,,173,7380758606234375929,2539,317,0,-15,-64,0
64,symmetric,,174,817958060011703707,3104,154,0,64,22,0
64,symmetric,,175,4177501971742478807,2090,200,-2,64,-28,0
64,symmetric,,176,3041959842969472701,6413,171,-2,-13,64,0
64,symmetric,,177,3110826752076455102,3631,221,-1,-13,-64,0
64,symmetric,,178,1243295996900642713,15011,295,4,-64,21,0
64,symmetric,,179,8423622959055133255,5700,270,-1,64,18,0
64,symmetric,,180,6505105426123134007,5414,292,0,-30,-64,0
64,symmetric,,181,5398332134199356131,1507,177,-1,64,9,0
64,symmetric,,182,39310813998164862,6109,121,0,64,-9,0
64,symmetric,,183,5136522105252133596,14082,204,-2,-38,64,0
64,symmetric,,184,2675618723803052074,4277,303,1,64,-37,0
64,symmetric,,185,9123083317865294976,1273,223,4,-64,35,0
64,symmetric,,186,5830037156428647587,4197,243,2,64,1,0
64,symmetric,,187,2025643754267819646,4614,202,1,-64,8,0
64,symmetric,,188,867636603927181197,13117,175,2,-64,-45,0
64,symmetric,,189,7105947304642954616,5395,251,0,64,-31,0
64,symmetric,,190,7708824356914059972,10815,265,-1,-17,64,0
64,symmetric,,191,6510333841082788780,8589,423,2,64,17,0
64,symmetric,,192,4869604832861332357,2932,174,2,26,64,0
64,symmetric,,193,918067698499894167,1607,193,1,39,64,0
64,symmetric,,194,2168702694186270291,1881,307,3,64,3,0
64,symmetric,,195,2276340790352017764,6624,342,-2,-64,12,0
64,symmetric,,196,979559221467095495,3753,251,1,19,64,0
64,symmetric,,197,6603539200541118145,1498,232,3,64,-60,0
64,symmetric,,198,4251856270362882981,5410,172,0,-64,-18,0
64,symmetric,,199,7136806316776663970,4206,214,2,18,64,0
64,symmetric,,200,3067984170576910224,1136,182,-1,6,-64,0
64,symmetric,,201,1379425603871559802,3805,237,1,-64,43,0
64,symmetric,,202,7126099020179200516,10393,209,1,-37,64,0
64,symmetric,,203,6469641295400366836,5597,169,1,-64,37,0
64,symmetric,,204,4798813723071967089,18591,419,-4,64,-21,0
64,symmetric,,205,789516069530583359,3411,207,-3,-64,7,0
64,symmetric,,206,6617410384209379329,1249,175,-2,-25,64,0
64,symmetric,,207,4612393632100719710,5981,153,1,-11,64,0
64,symmetric,,208,6435270729040140144,5295,189,0,-64,-23,0
64,symmetric,,209,4667612504931070898,5470,214,-3,64,22,0
64,symmetric,,210,8454611099069957395,1594,200,3,-18,64,0
64,symmetric,,211,2513776337252096042,3199,207,0,-64,29,0
64,symmetric,,212,5622431918994857206,4702,336,0,64,2,0
64,symmetric,,213,737951641998737864,4742,266,1,-64,-10,0
64,symmetric,,214,6899315718465429256,2192,228,-2,64,-12,0
64,symmetric,,215,171935895041752512,2341,157,-1,64,49,0
64,symmetric,,216,9128663071013885401,2203,215,0,5,-64,0
64,symmetric,,217,6119940750615202423,8826,294,4,-64,26,0
64,symmetric,,218,240793074782982343,4421,149,-1,11,-64,0
64,symmetric,,219,2502803234878472139,3926,238,1,6,64,0
64,symmetric,,220,4382999085524953404,5196,206,-1,34,-64,0
64,symmetric,,221,8234915022616064453,3246,274,1,8,64,0
64,symmetric,,222,1101089130980125003,7592,202,-3,-64,-16,0
64,symmetric,,223,2901704748067010964,12407,309,1,7,64,0
64,symmetric,,224,7669251264457092460,2798,198,0,2,-64,0
64,symmetric,,225,9039202216985873498,3662,122,1,-26,-64,0
64,symmetric,,226,1730693391739530853,8902,328,3,-4,64,0
64,symmetric,,227,248393299686891996,6848,274,1,-56,64,0
64,symmetric,,228,8991225293241420317,5521,227,0,-64,-59,0
64,symmetric,,229,5660769875141861067,1945,193,2,64,5,0
64,symmetric,,230,2902927285166247175,8209,267,0,-3,64,0
64,symmetric,,231,8598018561428173797,1268,220,0,-64,-34,0
64,symmetric,,232,5861614471600036205,1798,172,0,-64,48,0
64,symmetric,,233,1332364014230202563,2963,191,3,29,-64,0
64,symmetric,,234,195905456558464633,687,127,-1,-64,17,0
64,symmetric,,235,8554466933201051949,6538,174,3,-18,64,0
64,symmetric,,236,4367124257334378433,1853,135,-1,-15,-64,0
64,symmetric,,237,1666818628778758380,11477,371,0,11,-64,0
64,symmetric,,238,432658208550904487,9444,586,3,64,-42,0
64,symmetric,,239,7916059881437811499,2204,204,2,18,64,0
64,symmetric,,240,5553081588173161759,1138,148,0,-64,20,0
64,symmetric,,241,1737513052352319291,2700,218,-1,-64,18,0
64,symmetric,,242,6734648112447929432,4188,142,-1,-36,64,0
64,symmetric,,243,2207015349932642395,9947,259,-2,-64,-25,0
64,symmetric,,244,195188881905069506,933,145,-2,9,64,0
64,symmetric,,245,1863958955814761705,1991,161,1,64,-19,0
64,symmetric,,246,8806064865094673823,9359,185,2,64,-17,0
64,symmetric,,247,1325049416851352353,5882,132,1,64,-12,0
64,symmetric,,248,6324603021040328198,2615,199,1,35,64,0
64,symmetric,,249,1672735902124622944,3216,262,3,64,-26,0
64,symmetric,,250,8025700624356141717,4180,202,0,-24,-64,0
64,symmetric,,251,2535670669100112795,7738,116,-1,64,4,0
64,symmetric,,252,1007179645150410314,6465,139,-2,64,-17,0
64,symmetric,,253,4162967674203918666,2305,325,1,-64,35,0
64,symmetric,,254,5773186048967368843,3573,225,-2,33,64,0
64,symmetric,,255,1903605492378961368,5341,217,0,64,11,0
64,symmetric,,256,3644293931444769612,2075,159,2,-64,-17,0
64,symmetric,,257,4306243759527608692,6240,220,1,14,-64,0
64,symmetric,,258,936577251859519617,4362,196,0,64,-10,0
64,symmetric,,259,8821802358897353317,7309,275,3,64,1,0
64,symmetric,,260,5976805815836504223,1596,186,-1,-8,-64,0
64,symmetric,,261,2887505822210476702,8968,158,0,64,-16,0
64,symmetric,,262,6739020247474190497,3017,197,-2,-17,-64,0
64,symmetric,,263,7416339206657119455,7328,262,-2,-32,-64,0
64,symmetric,,264,8362560111906762050,2872,182,-2,64,0,0
64,symmetric,,265,874876049533411492,4430,254,4,18,-64,0
64,symmetric,,266,7533149093314180020,1108,156,0,-64,4,0
64,symmetric,,267,590603072548411886,3261,301,1,17,64,0
64,symmetric,,268,2118930580873187780,10246,188,-1,-64,10,0
64,symmetric,,269,4535997889117026055,8651,315,-2,-23,64,0
64,symmetric,,270,2924694300783137725,2117,189,-1,-45,-64,0
64,symmetric,,271,6458899601924745922,5240,202,-1,64,48,0
64,symmetric,,272,8151325459114796159,3331,153,1,11,-64,0
64,symmetric,,273,4351762796558868597,1831,175,-1,-64,-47,0
64,symmetric,,274,120366099350762812,12922,152,-1,0,64,0
64,symmetric,,275,2979210100040313272,5417,149,1,23,64,0
64,symmetric,,276,580284525496285195,6021,227,3,-23,64,0
64,symmetric,,277,7645383739067346479,1629,199,3,41,64,0
64,symmetric,,278,2044141293061733035,4285,225,-1,-33,64,0
64,symmetric,,279,6887844286941219775,11151,187,-3,-64,-21,0
64,symmetric,,280,6809100074344618935,6809,213,2,-64,25,0
64,symmetric,,281,8058088810799172262,10155,259,0,39,-64,0
64,symmetric,,282,5654876599533612001,1376,216,-1,64,-14,0
64,symmetric,,283,1176832701777830587,3618,254,-2,64,30,0
64,symmetric,,284,5492687391792848342,13052,174,-1,-64,14,0
64,symmetric,,285,659591960159968633,3013,203,2,-11,64,0
64,symmetric,,286,8573882987811859043,1550,266,3,64,-18,0
64,symmetric,,287,8217146076995216438,6553,213,-2,-19,-64,0
64,symmetric,,288,4465912288120532099,1801,153,1,-64,7,0
64,symmetric,,289,5512170537087041402,11559,265,1,-11,64,0
64,symmetric,,290,6797705561514086993,3985,283,-3,-61,-64,0
64,symmetric,,291,220962211397003189,7068,198,1,46,-64,0
64,symmetric,,292,7203291269903077217,1568,170,1,64,-44,0
64,symmetric,,293,5178250487203208531,7401,459,2,-31,64,0
64,symmetric,,294,8986487550362315543,2368,216,0,64,40,0
64,symmetric,,295,5303967901560003301,1644,158,1,16,-64,0
64,symmetric,,296,464021095705533589,6637,263,1,-13,64,0
64,symmetric,,297,8117824145106809896,7322,230,-1,64,14,0
64,symmetric,,298,3721000046794576950,7120,314,1,22,-64,0
64,symmetric,,299,5866908794801603824,1392,234,-1,-28,-64,0
64,symmetric,,300,8622037824492606891,10189,239,1,21,-64,0
64,symmetric,,301,9060006935313307005,1519,187,1,64,-17,0
64,symmetric,,302,3935335746626287103,5150,170,2,30,64,0
64,symmetric,,303,5574928593352075928,2928,166,-1,34,-64,0
64,symmetric,,304,7509502829019145985,2046,144,1,16,64,0
64,symmetric,,305,1587172234099636899,2438,176,-1,64,6,0
64,symmetric,,306,4770390933777126220,5054,380,1,-64,4,0
64,symmetric,,307,4562879307563512862,3013,193,-1,-7,64,0
64,symmetric,,308,4883059354120217249,3013,193,0,-1,64,0
64,symmetric,,309,6324244005012812576,12872,282,-3,12,64,0
64,symmetric,,310,5149675490398244634,2023,299,1,37,64,0
64,symmetric,,311,1267641812032965284,1245,173,-2,-45,64,0
64,symmetric,,312,6900833369220789739,885,171,0,15,64,0
64,symmetric,,313,3017614556144133145,1784,134,1,64,2,0
64,symmetric,,314,5504214652011662351,6731,233,-4,64,5,0
64,symmetric,,315,4992724688091645276,2708,326,-3,64,30,0
64,symmetric,,316,876077091259794764,3003,157,1,-64,-3,0
64,symmetric,,317,4736485085792552648,5255,271,3,9,64,0
64,symmetric,,318,8022436078742263869,14802,320,-2,16,-64,0
64,symmetric,,319,4139050053931104650,2731,233,0,-27,-64,0
64,symmetric,,320,1641034925124354736,5475,329,-3,59,-64,0
64,symmetric,,321,6662171801724046625,1402,142,-1,64,4,0
64,symmetric,,322,5124136861081311628,3095,155,-3,13,64,0
64,symmetric,,323,4128474050108644449,3469,225,1,25,-64,0
64,symmetric,,324,2790030562293294181,1906,284,1,-34,64,0
64,symmetric,,325,2979741302947832067,11283,149,0,15,-64,0
64,symmetric,,326,4486129184781730324,10598,252,-2,64,4,0
64,symmetric,,327,4316689386449138764,6480,156,0,-64,18,0
64,symmetric,,328,8229926679315873860,4366,246,-3,-26,64,0
64,symmetric,,329,5728588481714894896,1615,193,1,-64,-5,0
64,symmetric,,330,549343558625703373,1123,195,-2,-17,64,0
64,symmetric,,331,5904106029821795256,4927,197,-2,64,31,0
64,symmetric,,332,3104923361305496059,5318,228,7,-6,64,0
64,symmetric,,333,543139050707920906,4514,208,1,-64,30,0
64,symmetric,,334,8104620199242456504,1834,226,-2,52,-64,0
64,symmetric,,335,8456790426016217177,2527,267,-1,-1,-64,0
64,symmetric,,336,8170195630112268978,2815,269,-1,17,64,0
64,symmetric,,337,3359009079045650447,3448,258,2,-16,-64,0
64,symmetric,,338,9205486679889569826,3541,191,0,64,-7,0
64,symmetric,,339,5731420303070501285,3074,138,-1,-18,-64,0
64,symmetric,,340,2603171468769432369,2864,234,-1,-44,-64,0
64,symmetric,,341,4334802767234649424,4153,179,3,64,-11,0
64,symmetric,,342,3695537291706380120,3507,303,3,-9,-64,0
64,symmetric,,343,5477371422469880901,6744,216,-2,6,64,0
64,symmetric,,344,2783988327428886773,1821,213,-2,-64,-57,0
64,symmetric,,345,7933400301478366710,1443,177,0,-19,-64,0
64,symmetric,,346,3430997779959218309,1948,174,-1,64,-16,0
64,symmetric,,347,2136012445304595164,894,172,-2,12,-64,0
64,symmetric,,348,3328393667796169438,4586,176,-2,64,-12,0
64,symmetric,,349,3489885229978674479,4759,293,0,-19,-64,0
64,symmetric,,350,3718001025856488665,7397,185,1,-64,1,0
64,symmetric,,351,5559711364102059497,2161,199,2,64,31,0
64,symmetric,,352,6356972870324720273,6021,183,1,23,64,0
64,symmetric,,353,7017452186895777542,2464,184,2,-64,-6,0
64,symmetric,,354,2021706554694131253,1682,182,1,64,16,0
64,symmetric,,355,7185636427256503775,5829,279,2,-64,49,0
64,symmetric,,356,4917597958910077357,12528,232,-1,64,46,0
64,symmetric,,357,3964381908877899036,5654,208,2,-24,64,0
64,symmetric,,358,2080391157174942334,2315,187,2,64,35,0
64,symmetric,,359,1556714818610937228,7233,241,1,33,64,0
64,symmetric,,360,1897448323013409938,1596,204,2,64,8,0
64,symmetric,,361,4040473361012063508,1707,255,-2,64,19,0
64,symmetric,,362,7252514834431304579,7207,241,1,15,-64,0
64,symmetric,,363,3786922278112696257,3024,282,2,22,64,0
64,symmetric,,364,2519598049250603155,1112,246,-3,64,10,0
64,symmetric,,365,680411047864957024,1370,152,1,8,64,0
64,symmetric,,366,5557018425655941765,4359,327,1,-59,64,0
64,symmetric,,367,8476313319288187258,2692,208,1,26,64,0
64,symmetric,,368,1773516973832095286,4652,256,0,64,-24,0
64,symmetric,,369,1443641369541893368,3266,316,-3,-14,-64,0
64,symmetric,,370,3223059482183253626,16865,285,-1,-51,64,0
64,symmetric,,371,5873698039912467227,10202,314,3,-64,30,0
64,symmetric,,372,6783545621735754476,2205,255,3,25,64,0
64,symmetric,,373,4517104774014476632,3178,234,0,-64,-20,0
64,symmetric,,374,1277467560374641428,11909,289,0,64,23,0
64,symmetric,,375,5879596226485984959,6231,231,0,64,-23,0
64,symmetric,,376,2772576617200723416,4064,306,0,64,-20,0
64,symmetric,,377,1625249325790182799,2627,241,-1,-64,-17,0
64,symmetric,,378,5291910420696290170,6742,180,0,64,-22,0
64,symmetric,,379,2519746754842062708,3606,308,4,-4,-64,0
64,symmetric,,380,1286027778734913869,5274,424,-3,-64,-36,0
64,symmetric,,381,7091762224428845654,9065,383,-1,-64,51,0
64,symmetric,,382,8046539799714004995,6652,292,-2,42,-64,0
64,symmetric,,383,4572072595223812915,2711,253,2,64,-31,0
64,symmetric,,384,4940699384792836866,12752,226,1,34,64,0
64,symmetric,,385,3217432007427487914,5306,252,0,2,64,0
64,symmetric,,386,8977608687528607460,5971,231,1,64,-1,0
64,symmetric,,387,157515695756510149,6490,192,0,-64,2,0
64,symmetric,,388,391776027071722947,3154,148,-1,46,-64,0
64,symmetric,,389,2147516974163603049,5269,229,-1,-64,-19,0
64,symmetric,,390,538939143020190310,4579,155,0,-21,64,0
64,symmetric,,391,3085332457356266756,4463,287,2,-64,-1,0
64,symmetric,,392,4104332794714204631,3046,356,-2,-50,-64,0
64,symmetric,,393,4812745727265784247,5268,148,1,42,-64,0
64,symmetric,,394,6786017768076005736,6937,329,-1,-64,-43,0
64,symmetric,,395,5151136760191738478,1655,197,3,64,17,0
64,symmetric,,396,2557059555798637741,4970,220,1,64,-24,0
64,symmetric,,397,4850559191130502227,3250,188,2,-64,-28,0
64,symmetric,,398,8459949535535712710,5235,307,3,-25,-64,0
64,symmetric,,399,2646532234047122334,1459,195,1,31,64,0
64,symmetric,,400,5187164978037268663,2321,185,-1,-23,-64,0
64,symmetric,,401,7184873282717969823,11333,229,0,-64,-5,0
64,symmetric,,402,4289902321755335354,9352,178,-2,64,-4,0
64,symmetric,,403,2186510018002230691,2498,262,1,-64,-44,0
64,symmetric,,404,991407703612241891,1191,215,2,25,64,0
64,symmetric,,405,8172239971278365821,3380,154,-1,64,44,0
64,symmetric,,406,1399613427947994364,3761,273,1,15,64,0
64,symmetric,,407,6758436053781691374,5184,208,-1,-64,36,0
64,symmetric,,408,2224306454305688847,6085,211,-1,-49,-64,0
64,symmetric,,409,2189616595903995136,5490,340,1,58,64,0
64,symmetric,,410,5338766097690510454,5370,252,1,-34,64,0
64,symmetric,,411,2230816491443008879,8814,192,2,-2,64,0
64,symmetric,,412,7504644865060882734,1855,225,-1,-64,5,0
64,symmetric,,413,3598298161761074317,6029,349,-2,-53,-64,0
64,symmetric,,414,220163213848611155,3991,331,1,-33,64,0
64,symmetric,,415,6089951671417636360,1619,207,4,-64,1,0
64,symmetric,,416,7337044764970980448,4179,391,-2,64,-49,0
64,symmetric,,417,6889522981064816655,7737,245,2,64,5,0
64,symmetric,,418,3983142092867274056,16223,225,2,64,35,0
64,symmetric,,419,3809610012189205349,5001,163,0,-64,-15,0
64,symmetric,,420,3567454591816679006,5735,223,-2,64,-5,0
64,symmetric,,421,8957180279924370796,11915,221,-2,64,23,0
64,symmetric,,422,8809581350948866081,5080,200,0,64,-18,0
64,symmetric,,423,8638172627812759663,10391,449,2,-35,-64,0
64,symmetric,,424,368521819568939341,3190,248,-2,18,64,0
64,symmetric,,425,4805669177119787466,1703,171,1,37,-64,0
64,symmetric,,426,222233126924763437,4759,381,1,-64,3,0
64,symmetric,,427,4469739914303799057,8302,304,-1,-50,64,0
64,symmetric,,428,6319673872160035459,4841,203,3,19,64,0
64,symmetric,,429,8666883178970803631,2625,173,0,27,64,0
64,symmetric,,430,2172619054723514928,6150,272,-3,64,-30,0
64,symmetric,,431,8588713293529861785,6230,156,0,64,4,0
64,symmetric,,432,1621043847180243656,1620,196,-1,64,2,0
64,symmetric,,433,6120261331684763679,4849,187,0,-3,-64,0
64,symmetric,,434,2885032077755971975,5242,202,1,-32,-64,0
64,symmetric,,435,8561373312709121699,15889,187,1,3,64,0
64,symmetric,,436,5369738262210057948,1773,187,-1,64,9,0
64,symmetric,,437,5128300021470024268,5724,314,2,40,-64,0
64,symmetric,,438,6244435397736021926,6169,379,1,53,64,0
64,symmetric,,439,3625350518800261363,4406,292,-1,-26,64,0
64,symmetric,,440,1948252152092272112,2569,261,2,-1,64,0
64,symmetric,,441,4354888079565538002,4399,285,1,-29,64,0
64,symmetric,,442,8284815365632709691,1813,245,-1,15,-64,0
64,symmetric,,443,7817060300282149548,4622,198,0,40,64,0
64,symmetric,,444,832721380462969919,14814,374,0,-64,-14,0
64,symmetric,,445,7118690877241581911,2764,176,0,22,64,0
64,symmetric,,446,1439670492862550416,2636,246,-3,24,64,0
64,symmetric,,447,7030742097666187935,3591,183,0,64,33,0
64,symmetric,,448,2777173581955512045,3796,272,1,64,32,0
64,symmetric,,449,3643114467255162588,3866,320,-3,20,64,0
64,symmetric,,450,4283020748833557610,4083,199,1,1,-64,0
64,symmetric,,451,1089631969786426961,1655,111,0,64,-3,0
64,symmetric,,452,5673844445602386092,6612,166,-3,20,-64,0
64,symmetric,,453,8815439679549948019,3422,434,1,-22,-64,0
64,symmetric,,454,1568430328612385011,1795,149,2,-19,64,0
64,symmetric,,455,4209464947742795604,2208,176,0,64,2,0
64,symmetric,,456,4375094439616576938,1918,192,1,24,64,0
64,symmetric,,457,844731785882972023,5881,175,-1,31,64,0
64,symmetric,,458,445871785437494927,5089,131,2,64,-7,0
64,symmetric,,459,2068609183363803749,4594,260,1,64,6,0
64,symmetric,,460,2422587237335729843,2698,354,-1,64,6,0
64,symmetric,,461,3599739788072782766,2700,210,0,22,64,0
64,symmetric,,462,430157617418238390,1824,170,0,64,22,0
64,symmetric,,463,2917479266654787599,2143,203,1,27,64,0
64,symmetric,,464,1992513068639215140,1657,167,1,25,-64,0
64,symmetric,,465,4581167886001619068,2979,253,2,-7,64,0
64,symmetric,,466,588099728802649730,4904,164,1,8,-64,0
64,symmetric,,467,6845514282056730695,3103,241,-3,-64,31,0
64,symmetric,,468,1884654775511189104,1188,162,3,64,8,0
64,symmetric,,469,5998587901874364030,3152,224,-1,-30,64,0
64,symmetric,,470,3747652479021235620,6774,270,0,64,-6,0
64,symmetric,,471,220016363632614790,15069,727,-2,64,-3,0
64,symmetric,,472,1545910204924089249,2345,209,1,31,-64,0
64,symmetric,,473,6200745944830529010,5682,160,0,-64,-10,0
64,symmetric,,474,3157858406945461998,3033,157,1,-64,9,0
64,symmetric,,475,5301619374954497978,3371,221,-2,64,33,0
64,symmetric,,476,1914778964085743636,3467,185,0,43,64,0
64,symmetric,,477,1674853956066731277,14875,395,0,-64,17,0
64,symmetric,,478,8232967716984520573,3047,239,-3,64,17,0
64,symmetric,,479,140483527506019940,1791,221,-3,-1,-64,0
64,symmetric,,480,8742632517422272176,3843,211,1,64,17,0
64,symmetric,,481,3941127296558424021,1113,171,0,23,64,0
64,symmetric,,482,6750024095181897909,1476,190,0,18,-64,0
64,symmetric,,483,1879331533895346330,1035,179,-1,31,-64,0
64,symmetric,,484,6846495275385623136,8786,272,0,38,-64,0
64,symmetric,,485,5407750884193691049,2200,212,-1,-64,4,0
64,symmetric,,486,7345357083517920065,2968,214,-1,64,16,0
64,symmetric,,487,1539805148171735392,3709,207,2,64,-23,0
64,symmetric,,488,1590192773085057057,20819,337,2,64,-31,0
64,symmetric,,489,8839649939260903792,2199,151,-1,-64,17,0
64,symmetric,,490,8209846435586244494,5661,229,0,-35,-64,0
64,symmetric,,491,2916004344755165103,1827,233,-2,11,64,0
64,symmetric,,492,2611717594408663818,1675,151,0,64,-31,0
64,symmetric,,493,7222278527508122367,1613,169,-1,-15,-64,0
64,symmetric,,494,215416186451070178,3304,196,-1,-2,-64,0
64,symmetric,,495,4887608883175440628,9052,194,1,-64,-24,0
64,symmetric,,496,5995409593035136660,1393,159,-1,64,33,0
64,symmetric,,497,5610806252590575418,3510,194,0,-42,64,0
64,symmetric,,498,7423243898218055959,5627,165,-1,19,64,0
64,symmetric,,499,4250361375837788236,7645,263,-5,-31,-64,0
64,symmetric,,500,5769042908310510906,3069,179,1,-64,-3,0
64,symmetric,,501,4387136643204328702,6933,221,0,-64,-39,0
64,symmetric,,502,2107018173797043043,2062,188,3,-64,2,0
64,symmetric,,503,3512317556673609706,6105,329,1,-64,-31,0
64,symmetric,,504,4485135373004922253,6234,242,0,-20,-64,0
64,symmetric,,505,1976293692796027233,3342,288,-2,10,64,0
64,symmetric,,506,3397442855880318421,6770,244,-1,64,34,0
64,symmetric,,507,6573364343585304007,9824,298,-2,64,-46,0
64,symmetric,,508,1802360499804939225,4161,267,2,-39,64,0
64,symmetric,,509,2143690769337693065,7535,205,-1,-64,-35,0
64,symmetric,,510,4710932098397486296,4879,217,2,-64,-37,0
64,symmetric,,511,7305505386363029536,2789,253,-1,-64,25,0
64,symmetric,,512,755575104735618406,3601,213,-2,-17,64,0
64,symmetric,,513,8252905092707618901,4651,327,3,-64,-13,0
64,symmetric,,514,1755530868595680663,6464,146,0,12,-64,0
64,symmetric,,515,1741811271472428006,4797,307,3,27,-64,0
64,symmetric,,516,2718837045525145905,3120,186,0,-40,64,0
64,symmetric,,517,7996009489134256583,2271,145,-1,-64,17,0
64,symmetric,,518,1406021765184214566,6553,249,0,7,-64,0
64,symmetric,,519,8818608126915684898,7808,202,0,54,64,0
64,symmetric,,520,1864719558913507584,3508,222,0,64,-40,0
64,symmetric,,521,8964397294226199882,2846,172,1,52,-64,0
64,symmetric,,522,8616371168779420016,1788,192,1,20,-64,0
64,symmetric,,523,6369123117350439037,2254,212,0,-64,38,0
64,symmetric,,524,8898307025072230125,4355,221,0,47,-64,0
64,symmetric,,525,5883226427006409711,1849,197,-1,-9,-64,0
64,symmetric,,526,4764442761207419495,5978,186,0,-40,-64,0
64,symmetric,,527,8668477886941487273,4768,284,-1,32,-64,0
64,symmetric,,528,5315620085171967777,2070,302,-1,64,32,0
64,symmetric,,529,1251477730896107545,1967,215,0,41,64,0
64,symmetric,,530,924992489495074584,3030,252,-3,64,-30,0
64,symmetric,,531,7380234899389172451,2718,254,-1,22,64,0
64,symmetric,,532,6454444749877687862,3455,139,-1,-9,-64,0
64,symmetric,,533,830571696228043018,2254,196,-1,26,64,0
64,symmetric,,534,3942177880074443212,7315,187,0,64,11,0
64,symmetric,,535,4706100010588987691,2863,215,1,-5,64,0
64,symmetric,,536,1500116466487042381,7406,254,-1,0,-64,0
64,symmetric,,537,8512622366421446761,1445,239,-2,64,9,0
64,symmetric,,538,285819855942054907,3092,238,0,10,64,0
64,symmetric,,539,5517467558598075457,10787,423,1,19,64,0
64,symmetric,,540,6675607260201988936,3605,191,0,-21,64,0
64,symmetric,,541,5261571275877419457,3635,251,-3,-64,47,0
64,symmetric,,542,6623652080755293887,1429,205,0,3,-64,0
64,symmetric,,543,5762113526531879430,2935,207,1,-64,-29,0
64,symmetric,,544,3550471141024846064,9055,231,-2,11,-64,0
64,symmetric,,545,9178526898287737629,1840,234,4,50,64,0
64,symmetric,,546,6495378552685113648,6299,197,1,-25,64,0
64,symmetric,,547,8628978955449288816,12007,281,1,-64,-15,0
64,symmetric,,548,4864608381789028521,4234,272,1,64,-28,0
64,symmetric,,549,2245439452561473445,14161,297,0,35,-64,0
64,symmetric,,550,6648395803965574324,2986,286,0,-46,-64,0
64,symmetric,,551,2393806191784739790,4719,367,1,-31,-64,0
64,symmetric,,552,6301395489570066580,1686,174,-3,4,64,0
64,symmetric,,553,5644829030913823946,8134,144,0,64,-6,0
64,symmetric,,554,1795687799755921424,12663,387,-4,-31,64,0
64,symmetric,,555,6222659674186687942,1806,192,-1,-64,14,0
64,symmetric,,556,3817524027387766404,8430,248,0,64,-52,0
64,symmetric,,557,5577468127696065142,5717,197,0,-37,64,0
64,symmetric,,558,1671636200826979885,4836,196,0,64,18,0
64,symmetric,,559,504141358432517224,4365,251,-3,64,39,0
64,symmetric,,560,3551608653381651613,6793,251,0,64,-25,0
64,symmetric,,561,6452211844815389447,5469,279,0,-17,64,0
64,symmetric,,562,5036927544904248525,10902,298,1,-64,10,0
64,symmetric,,563,8810502212304392531,2804,184,-1,64,-28,0
64,symmetric,,564,9150577948540676688,6508,232,3,38,-64,0
64,symmetric,,565,3983337330336895289,7167,195,-4,-31,64,0
64,symmetric,,566,3887055899443219772,1992,122,0,20,-64,0
64,symmetric,,567,577404643875154376,6164,266,-3,64,36,0
64,symmetric,,568,301308875118275505,2922,214,0,-64,16,0
64,symmetric,,569,8043024462805124700,2105,145,0,64,-7,0
64,symmetric,,570,8935958713452124978,6594,292,3,64,26,0
64,symmetric,,571,7150931839042862486,7042,216,1,-18,64,0
64,symmetric,,572,5681606926466199565,4793,151,1,23,64,0
64,symmetric,,573,2492712873803172204,837,157,-1,-9,-64,0
64,symmetric,,574,3137905179752002762,5497,215,2,33,-64,0
64,symmetric,,575,2715656509463609618,8059,189,-1,-23,-64,0
64,symmetric,,576,5823545425727122418,3598,164,1,-10,-64,0
64,symmetric,,577,1428783003866798780,10835,245,0,64,-45,0
64,symmetric,,578,1095230863636929984,1121,127,1,11,64,0
64,symmetric,,579,1617261608626199576,5339,243,3,-15,-64,0
64,symmetric,,580,7511626841863924876,1350,194,1,2,-64,0
64,symmetric,,581,3553958659812133093,5153,147,-1,9,64,0
64,symmetric,,582,5515135702523519697,4275,307,-1,11,-64,0
64,symmetric,,583,645310969353910501,4020,240,-1,-2,64,0
64,symmetric,,584,3017198566894743844,3647,273,-2,64,13,0
64,symmetric,,585,6238822923561960865,3109,195,2,-64,15,0
64,symmetric,,586,7398784995198913728,1940,272,0,-30,64,0
64,symmetric,,587,6165788583233399531,7811,177,1,64,11,0
64,symmetric,,588,2971996472908838597,4880,216,3,64,-42,0
64,symmetric,,589,6524206007163481286,2819,165,2,64,33,0
64,symmetric,,590,547047084240564816,6047,253,5,64,-3,0
64,symmetric,,591,1912221048148625358,1341,277,-1,64,-27,0
64,symmetric,,592,2805751053169804801,7482,292,-1,64,-54,0
64,symmetric,,593,7417825899226487527,4224,190,-1,18,-64,0
64,symmetric,,594,4894362806639555626,4581,267,2,-64,-55,0
64,symmetric,,595,2581779717088555554,12823,231,2,31,64,0
64,symmetric,,596,7455611229924323980,3200,252,2,-64,24,0
64,symmetric,,597,5339399743864824085,10824,152,0,18,-64,0
64,symmetric,,598,8737745973179342288,4081,203,1,-64,19,0
64,symmetric,,599,1137864700967942446,3249,275,2,-64,-23,0
64,symmetric,,600,5834357281900913837,4142,158,1,-64,-14,0
64,symmetric,,601,1764919518329711881,5395,311,1,-64,5,0
64,symmetric,,602,8877163642588978932,6472,330,-3,12,-64,0
64,symmetric,,603,2213237074590290281,1750,142,2,16,64,0
64,symmetric,,604,891089995463377451,7695,197,-1,64,-25,0
64,symmetric,,605,8753258264948194189,1093,249,1,5,64,0
64,symmetric,,606,2760178155027931931,17606,140,0,64,12,0
64,symmetric,,607,6103011467806526652,4419,249,-2,3,64,0
64,symmetric,,608,2154739139448739203,1969,213,0,-64,31,0
64,symmetric,,609,800856836964146720,1692,192,1,64,0,0
64,symmetric,,610,2872850056159090981,1575,259,0,-51,64,0
64,symmetric,,611,2036370418775576049,5806,236,0,64,54,0
64,symmetric,,612,3282583244899012704,3639,245,2,11,-64,0
64,symmetric,,613,3702113955806703013,2873,321,0,64,25,0
64,symmetric,,614,7330786477847130841,5269,257,-2,64,51,0
64,symmetric,,615,6791563771830192255,4716,132,0,-4,-64,0
64,symmetric,,616,3236895357957725426,9209,259,-1,21,64,0
64,symmetric,,617,5135650323871827882,3426,198,3,-18,-64,0
64,symmetric,,618,8291055218806158179,2637,271,1,-27,64,0
64,symmetric,,619,2011681869372563068,1436,196,0,0,64,0
64,symmetric,,620,1950371282679218847,5613,281,2,64,15,0
64,symmetric,,621,8415612031414676549,1960,160,-1,64,2,0
64,symmetric,,622,7952090244403257941,2524,186,4,10,-64,0
64,symmetric,,623,531161134149880145,4042,134,-1,-18,64,0
64,symmetric,,624,4204569660840339642,4709,247,0,-49,64,0
64,symmetric,,625,9064408911067837887,2155,207,-1,-17,64,0
64,symmetric,,626,8919421822937132102,2330,136,2,2,64,0
64,symmetric,,627,5671906809956185322,1788,166,-1,4,-64,0
64,symmetric,,628,3095226147384386705,1183,183,-2,64,31,0
64,symmetric,,629,6896076012585855698,3096,174,2,64,12,0
64,symmetric,,630,639733199182115524,2022,152,-1,64,24,0
64,symmetric,,631,4193270790788845443,6951,387,-1,-64,37,0
64,symmetric,,632,3964967389489010861,1519,159,1,64,-21,0
64,symmetric,,633,6282625607804249822,1813,155,-1,15,-64,0
64,symmetric,,634,572242766913313287,2000,170,0,64,34,0
64,symmetric,,635,5508632536106961525,2373,145,-1,25,-64,0
64,symmetric,,636,5508720799065232058,3460,230,3,64,-22,0
64,symmetric,,637,3358719368340288109,4271,199,0,29,-64,0
64,symmetric,,638,7188874233760282474,2707,173,0,-64,-29,0
64,symmetric,,639,8225166586414841833,9379,373,2,64,9,0
64,symmetric,,640,9210436751713221027,1083,183,-1,64,-13,0
64,symmetric,,641,2793309861641676054,5640,212,-3,10,-64,0
64,symmetric,,642,1923018590330108900,6901,169,1,-64,-43,0
64,symmetric,,643,6562876643571445979,4854,238,0,-44,64,0
64,symmetric,,644,3165201250387479430,5822,150,-5,-6,64,0
64,symmetric,,645,3147272637322468434,3408,388,-1,-64,-4,0
64,symmetric,,646,750251015839545864,4058,226,-1,2,-64,0
64,symmetric,,647,5161416495933297091,4171,279,3,-27,-64,0
64,symmetric,,648,7191114170007629157,5763,289,4,-11,-64,0
64,symmetric,,649,6060655946196423570,7665,275,-1,-64,55,0
64,symmetric,,650,279030993974381954,2335,187,-2,-64,-1,0
64,symmetric,,651,6179208661265529169,1793,169,0,64,3,0
64,symmetric,,652,4910920097982279710,6990,254,0,40,64,0
64,symmetric,,653,3735053535492402983,9752,246,3,-16,-64,0
64,symmetric,,654,4543702851838587900,5472,356,2,-64,40,0
64,symmetric,,655,3981982969137947234,6147,169,0,64,1,0
64,symmetric,,656,5475126302468654517,4645,179,2,-64,1,0
64,symmetric,,657,1713939904625921179,3857,225,-2,23,-64,0
64,symmetric,,658,1722360337499280738,4418,320,1,64,-10,0
64,symmetric,,659,1940926201213585305,1866,198,-1,-64,-24,0
64,symmetric,,660,6689407334777351420,1909,211,3,64,-29,0
64,symmetric,,661,6856484628579184282,3810,378,-3,-34,64,0
64,symmetric,,662,8190935245180766361,2105,217,2,-64,37,0
64,symmetric,,663,9147816194674499883,5817,205,0,35,-64,0
64,symmetric,,664,2494368337330990239,2251,185,0,3,64,0
64,symmetric,,665,7293008001079821948,4247,439,2,64,43,0
64,symmetric,,666,691398974681923165,2467,277,1,-64,51,0
64,symmetric,,667,5315508879349513241,6223,219,0,64,-5,0
64,symmetric,,668,7303511632856879067,1246,192,-1,-64,-14,0
64,symmetric,,669,217675664364048418,2200,244,-2,-64,-8,0
64,symmetric,,670,7471139106803692371,19569,169,0,-64,1,0
64,symmetric,,671,1341136909671080374,2875,277,0,-64,-5,0
64,symmetric,,672,7359507907626994736,5190,158,2,4,64,0
64,symmetric,,673,8366737875062728514,3770,284,-4,40,64,0
64,symmetric,,674,3054429982557910519,4330,240,-1,64,8,0
64,symmetric,,675,5264979476288357167,5636,244,-2,-12,64,0
64,symmetric,,676,3759687650936823210,4674,402,5,-2,64,0
64,symmetric,,677,3932016628647801318,8383,271,3,64,-27,0
64,symmetric,,678,4377030991162523348,3182,242,0,14,64,0
64,symmetric,,679,256270781106963393,1723,181,-2,17,-64,0
64,symmetric,,680,4650219656533096472,1911,185,-1,64,3,0
64,symmetric,,681,3907933788213608262,2428,232,1,-64,-28,0
64,symmetric,,682,803263319922189515,6089,213,3,-31,-64,0
64,symmetric,,683,3623572015228238944,7320,274,0,-24,64,0
64,symmetric,,684,2500285357297692381,8347,167,0,-9,64,0
64,symmetric,,685,8132888660664855460,1452,200,0,-64,-40,0
64,symmetric,,686,5725055588014973931,2638,200,1,-64,22,0
64,symmetric,,687,8147069020229485268,9617,349,-1,37,-64,0
64,symmetric,,688,8221247678317179645,3285,203,-1,-13,64,0
64,symmetric,,689,6292281797884385570,3840,264,-3,-64,40,0
64,symmetric,,690,2642396539004818027,6132,204,1,-64,-26,0
64,symmetric,,691,4882287707072907336,1522,182,1,-14,64,0
64,symmetric,,692,5740685332008715500,2682,210,-1,64,6,0
64,symmetric,,693,2704218759220602817,7681,163,1,64,3,0
64,symmetric,,694,6385538014265254061,8876,154,-2,-64,-12,0
64,symmetric,,695,2315656587833495397,3562,190,1,-64,16,0
64,symmetric,,696,39115164869575319,2412,246,0,-22,-64,0
64,symmetric,,697,648745357874031333,4775,247,4,15,64,0
64,symmetric,,698,6341784728117774809,3334,236,-1,-44,-64,0
64,symmetric,,699,5408029137327307556,10594,264,0,64,-60,0
128,symmetric,,0,9171392913630552785,21238,346,0,34,-128,0
128,symmetric,,1,2358710903353033231,13468,602,2,128,-100,0
128,symmetric,,2,6265204991109279575,18882,482,4,-128,12,0
128,symmetric,,3,8158377795227828384,30254,388,0,-44,-128,0
128,symmetric,,4,4765867806809069591,20290,482,-1,128,4,0
128,symmetric,,5,8837590312018073313,10857,559,3,128,-57,0
128,symmetric,,6,4675243389954627694,21120,608,-3,-26,128,0
128,symmetric,,7,5884479312193483468,3475,359,0,-23,-128,0
128,symmetric,,8,4213212798776861801,13072,604,0,-106,-128,0
128,symmetric,,9,2862673149985428660,23644,436,-2,-128,4,0
128,symmetric,,10,4363817254166411436,14560,346,1,-26,128,0
128,symmetric,,11,2646560554158925565,44526,590,3,-128,-60,0
128,symmetric,,12,4413980595378811941,65671,539,0,-128,73,0
128,symmetric,,13,8364994951006375150,16832,440,1,128,-68,0
128,symmetric,,14,1462428463635444977,10235,467,-2,-111,128,0
128,symmetric,,15,5712544533243703603,42520,714,-2,128,108,0
128,symmetric,,16,3688500453505409273,33979,375,-1,-128,5,0
128,symmetric,,17,3589759386897317396,6723,313,-1,-33,128,0
128,symmetric,,18,1194253639994025530,13794,486,0,68,128,0
128,symmetric,,19,6542164305638482387,6365,525,-2,-23,128,0
128,symmetric,,20,4094828441650166501,9262,662,1,86,128,0
128,symmetric,,21,1808342431634013080,11964,520,1,128,-96,0
128,symmetric,,22,5007041359709957973,10309,335,-4,-128,-37,0
128,symmetric,,23,2105421877702611918,10967,361,-1,15,-128,0
128,symmetric,,24,8732972900731314940,14354,546,-1,-128,-52,0
128,symmetric,,25,4524026969327652854,8004,496,0,-50,128,0
128,symmetric,,26,378477383134939987,33531,885,-3,13,-128,0
128,symmetric,,27,2019379868062971305,29567,527,-1,-128,-51,0
128,symmetric,,28,7572889999458134496,4803,417,0,-128,63,0
128,symmetric,,29,825271131362297715,59748,594,1,128,-68,0
128,symmetric,,30,7244206593196235203,10122,434,-1,76,-128,0
128,symmetric,,31,1386788058708368878,16883,367,-3,-15,-128,0
128,symmetric,,32,9068390569891667083,24627,661,1,128,-17,0
128,symmetric,,33,2291119195942496040,8298,424,1,-78,-128,0
128,symmetric,,34,3977699890186252088,15326,380,1,128,-56,0
128,symmetric,,35,2318299124801013033,19018,736,2,128,-78,0
128,symmetric,,36,4159808681290467551,20409,599,2,43,128,0
128,symmetric,,37,8986735206579997685,7120,378,0,6,128,0
128,symmetric,,38,2196259695299399335,16720,768,-1,-128,-72,0
128,symmetric,,39,3253059760796952134,20683,963,-3,-128,-43,0
128,symmetric,,40,8929562832364639442,56475,413,1,-19,-128,0
128,symmetric,,41,2538020327029159678,23183,861,1,-21,128,0
128,symmetric,,42,2427221938115152108,38788,314,0,-14,128,0
128,symmetric,,43,8064582508121371684,26598,472,-2,108,128,0
128,symmetric,,44,1198142799294443947,8515,547,0,-79,128,0
128,symmetric,,45,4761176597906319894,8337,529,3,-21,-128,0
128,symmetric,,46,5850212570620141681,13052,770,2,-22,128,0
128,symmetric,,47,3508043836744405195,11129,569,-1,-128,-77,0
128,symmetric,,48,5241748523176998955,5120,390,0,10,128,0
128,symmetric,,49,4925169966262669827,12073,451,-2,31,128,0
128,symmetric,,50,6655273150306370994,19250,800,5,-82,-128,0
128,symmetric,,51,4526439720120691947,32988,408,4,-128,-18,0
128,symmetric,,52,3979401721262777084,30279,387,2,-128,15,0
128,symmetric,,53,3062013832829511890,16374,516,1,50,128,0
128,symmetric,,54,621924398112936961,8877,465,0,-128,-81,0
128,symmetric,,55,1200615821393085330,37431,569,-5,51,-128,0
128,symmetric,,56,6897843085567340412,7838,574,0,-128,-4,0
128,symmetric,,57,323161303040421957,30802,550,0,-128,94,0
128,symmetric,,58,3695258793605282551,12709,483,0,128,51,0
128,symmetric,,59,3724839499789149655,32598,552,-1,-22,-128,0
128,symmetric,,60,3494915911787153840,17947,815,1,77,128,0
128,symmetric,,61,6734257682449619738,53512,640,-3,-128,24,0
128,symmetric,,62,4480958850665797477,9670,628,2,-24,-128,0
128,symmetric,,63,3622389316272034199,21437,1019,3,71,-128,0
128,symmetric,,64,3407048010100932501,27781,683,-2,-128,-37,0
128,symmetric,,65,7425937749397521917,10627,837,-2,73,-128,0
128,symmetric,,66,9038339360520838403,7885,499,-1,-128,55,0
128,symmetric,,67,3779426269572423936,3350,374,-2,-128,66,0
128,symmetric,,68,509927679606689902,10931,475,-3,-128,5,0
128,symmetric,,69,1876601177965515452,18067,641,2,21,-128,0
128,symmetric,,70,6700777753157921475,11379,647,0,-73,-128,0
128,symmetric,,71,2980266623821344300,4947,533,0,128,65,0
128,symmetric,,72,1755250146252615365,13048,634,0,-76,128,0
128,symmetric,,73,9040317106177031039,8454,696,2,84,-128,0
128,symmetric,,74,2323561662358671792,5056,594,1,-128,4,0
128,symmetric,,75,4018270536013419584,12374,396,1,-12,-128,0
128,symmetric,,76,6386255958714882132,16632,568,1,-100,-128,0
128,symmetric,,77,4833246567941495431,58516,362,1,6,-128,0
128,symmetric,,78,1730862462873569170,24483,555,-1,65,-128,0
128,symmetric,,79,4658010804777617977,5650,404,0,-40,-128,0
128,symmetric,,80,6394623317236170201,6913,559,5,7,128,0
128,symmetric,,81,6980900694466657400,47948,512,-2,-82,128,0
128,symmetric,,82,9169640188590546928,15396,284,-1,-128,-32,0
128,symmetric,,83,9034521060264198593,27114,812,2,-128,-32,0
128,symmetric,,84,4297509949250510040,21129,1427,1,45,128,0
128,symmetric,,85,7523690552073301416,19201,595,0,-39,-128,0
128,symmetric,,86,2142501364561192298,18147,931,-2,128,119,0
128,symmetric,,87,3351182662751694095,20015,587,0,128,-1,0
128,symmetric,,88,914500430653572561,10527,691,0,-75,128,0
128,symmetric,,89,8252780563923275403,10294,478,1,-128,54,0
128,symmetric,,90,8860538954390815340,4580,326,-1,22,-128,0
128,symmetric,,91,4092787010016012099,76002,572,-1,34,128,0
128,symmetric,,92,6848352878529029715,9360,918,1,-108,-128,0
128,symmetric,,93,170382577844152612,15930,540,1,128,-70,0
128,symmetric,,94,8591411901198862623,20370,840,0,-76,-128,0
128,symmetric,,95,2088767861747437246,6221,489,1,128,47,0
128,symmetric,,96,6601004728576600844,34643,381,-2,-128,-29,0
128,symmetric,,97,5267478485620244869,18051,967,-1,13,128,0
128,symmetric,,98,4812222705943608568,58706,506,0,-128,20,0
128,symmetric,,99,5023257016855875782,29899,713,-3,31,-128,0
128,symmetric,,100,2056072599714983607,6412,530,0,-128,-92,0
128,symmetric,,101,8704153853483560887,37612,674,-3,-14,-128,0
128,symmetric,,102,7864761944165219472,13980,736,-5,-114,128,0
128,symmetric,,103,1289415381139293260,12168,752,2,-50,-128,0
128,symmetric,,104,4035854788126589029,8047,459,2,-93,-128,0
128,symmetric,,105,1616563655437864553,11335,723,2,9,-128,0
128,symmetric,,106,6540302376472763597,29325,599,-1,-128,-65,0
128,symmetric,,107,3564782303468238780,19906,548,1,4,128,0
128,symmetric,,108,7329696164838183321,23919,883,0,128,-5,0
128,symmetric,,109,3864890309449639555,23514,360,-1,8,128,0
128,symmetric,,110,5507361817542168640,37600,1008,3,-4,-128,0
128,symmetric,,111,2416927625744442098,33773,625,-1,-128,49,0
128,symmetric,,112,1108339265206108112,9699,581,2,-128,9,0
128,symmetric,,113,1958508952415550907,24897,697,2,128,-69,0
128,symmetric,,114,4882193294657094436,14917,461,-2,11,-128,0
128,symmetric,,115,2795281737573812656,18297,315,3,128,-53,0
128,symmetric,,116,2624761945417403744,14969,579,0,-128,5,0
128,symmetric,,117,3412041032933839469,4571,607,0,128,71,0
128,symmetric,,118,8942450686482735893,16412,532,1,-42,128,0
128,symmetric,,119,2762271015072502916,14367,431,0,-128,-99,0
128,symmetric,,120,8737204058493982792,10756,574,0,128,102,0
128,symmetric,,121,4059484050908515296,3661,349,-1,-11,-128,0
128,symmetric,,122,8903840518418738307,38507,909,1,-3,-128,0
128,symmetric,,123,252169201609153761,6863,401,1,-31,128,0
128,symmetric,,124,1488717242223015207,9260,688,1,-128,46,0
128,symmetric,,125,8234837265094050674,12394,430,3,68,128,0
128,symmetric,,126,5186567590480935516,5208,472,0,128,-8,0
128,symmetric,,127,5921925958898997283,38522,464,-3,128,-92,0
128,symmetric,,128,675806952175121481,32225,645,-3,128,-11,0
128,symmetric,,129,8796387283852424955,68670,466,-1,128,70,0
128,symmetric,,130,8774202880906319090,18870,420,0,-50,-128,0
128,symmetric,,131,9088609664246912385,34146,792,-1,128,-122,0
128,symmetric,,132,5980347763628020358,6913,365,1,-128,33,0
128,symmetric,,133,6016197343767208513,26700,552,0,128,36,0
128,symmetric,,134,7340691959627399545,44284,1350,2,108,128,0
128,symmetric,,135,3283082646919750772,8418,546,-1,8,-128,0
128,symmetric,,136,8022834439047179173,12046,536,-3,-128,-36,0
128,symmetric,,137,8824517503089448142,8712,340,1,-128,-52,0
128,symmetric,,138,2692871512379178843,46268,940,1,128,64,0
128,symmetric,,139,6917448141154965468,4426,378,1,-128,14,0
128,symmetric,,140,8284968259713259999,12847,617,0,-97,-128,0
128,symmetric,,141,8034583296497701555,36618,444,0,128,-62,0
128,symmetric,,142,7900679717477169593,7221,349,1,-128,-9,0
128,symmetric,,143,7533329670135510859,21888,848,-2,-6,128,0
128,symmetric,,144,8550602158234672482,6140,416,2,-76,128,0
128,symmetric,,145,713294775002249170,29290,848,-1,-104,128,0
128,symmetric,,146,8196673526599143786,14028,568,-2,94,-128,0
128,symmetric,,147,4951123758451596618,6837,357,1,-1,-128,0
128,symmetric,,148,2536280645631690967,7695,509,1,-128,33,0
128,symmetric,,149,7242813775027272045,33146,678,0,-28,128,0
128,symmetric,,150,714918221864364441,8500,452,0,-30,-128,0
128,symmetric,,151,3507546571352595360,6520,570,3,64,128,0
128,symmetric,,152,2719650217790914479,14381,441,1,-9,-128,0
128,symmetric,,153,2193880267364481546,8971,477,-1,-67,128,0
128,symmetric,,154,1582456798160301479,3810,376,-4,128,0,0
128,symmetric,,155,8977627779124342218,5345,437,-1,-63,-128,0
128,symmetric,,156,9062696076446571668,12043,443,-1,-71,128,0
128,symmetric,,157,3307326033910324837,24230,768,3,128,74,0
128,symmetric,,158,530459523713676303,15328,534,0,-10,128,0
128,symmetric,,159,3391189443700448070,31556,816,2,128,-100,0
128,symmetric,,160,3848610732703745728,17782,478,-1,-128,-24,0
128,symmetric,,161,1013025211529218642,6791,427,4,-59,128,0
128,symmetric,,162,4612711625384272220,12171,557,4,89,128,0
128,symmetric,,163,7435536277702787591,14012,354,0,128,28,0
128,symmetric,,164,5030482810591837149,26122,294,0,20,-128,0
128,symmetric,,165,4647219615358766548,27690,478,-1,128,46,0
128,symmetric,,166,6001093456613551406,11245,443,1,37,128,0
128,symmetric,,167,5005172941297309709,18259,847,3,-128,59,0
128,symmetric,,168,5186865352392844208,17363,501,-2,128,79,0
128,symmetric,,169,5337884055472661295,13170,724,0,-36,128,0
128,symmetric,,170,8582361908452197082,26431,391,3,43,128,0
128,symmetric,,171,8759514862231475911,15709,453,-1,128,19,0
128,symmetric,,172,8257054602340071078,9402,556,-1,-128,-42,0
128,symmetric,,173,4821673278013710394,7241,455,-1,-11,-128,0
128,symmetric,,174,5516409740862981772,12200,626,2,-128,-46,0
128,symmetric,,175,5191138099583610792,13690,376,-2,-2,-128,0
128,symmetric,,176,6199123058154604436,7694,510,1,128,-40,0
128,symmetric,,177,8043162726350505434,41601,451,0,61,-128,0
128,symmetric,,178,8034284788789010809,6283,499,-3,85,-128,0
128,symmetric,,179,6809744034809599705,46373,503,-2,65,128,0
128,symmetric,,180,8142059652767303671,31834,638,-1,-128,-48,0
128,symmetric,,181,8926991241439559630,7379,545,3,-128,-81,0
128,symmetric,,182,6706684322257326989,8675,455,1,128,-45,0
128,symmetric,,183,4932836380412142840,5042,504,0,48,-128,0
128,symmetric,,184,6917419972472965783,11402,856,2,66,128,0
128,symmetric,,185,6375635173342156837,21727,633,0,-128,91,0
128,symmetric,,186,2308729321642279762,11652,406,-1,128,-18,0
128,symmetric,,187,3389183786560838841,6409,497,-1,-1,-128,0
128,symmetric,,188,8249444113022715407,4491,517,-2,-128,-73,0
128,symmetric,,189,8016179009703542620,26928,598,1,128,60,0
128,symmetric,,190,86320284578403094,11952,476,2,-28,128,0
128,symmetric,,191,3740154493830500412,63637,477,-2,43,-128,0
128,symmetric,,192,7763434926922923430,17936,478,0,-100,128,0
128,symmetric,,193,3088727148391176167,17585,757,-2,-91,-128,0
128,symmetric,,194,2173522712725923348,16250,550,2,128,-10,0
128,symmetric,,195,322771781401587779,17621,481,1,55,-128,0
128,symmetric,,196,2174599022052074045,6747,357,-1,3,128,0
128,symmetric,,197,7242624299124168836,19776,678,-4,-28,128,0
128,symmetric,,198,7524939192225904365,20133,451,1,-128,-35,0
128,symmetric,,199,8884480050026484659,3990,398,1,64,-128,0
128,symmetric,,200,4681939734970125758,17067,517,0,128,49,0
128,symmetric,,201,7127477055385408360,12523,433,-1,61,-128,0
128,symmetric,,202,8019054327013835608,82723,369,0,128,53,0
128,symmetric,,203,7504952084017867546,16623,441,2,128,29,0
128,symmetric,,204,3127486997183460529,83122,628,0,-84,128,0
128,symmetric,,205,313495909687168867,4942,364,0,-128,18,0
128,symmetric,,206,6000539303256775425,17560,414,0,18,128,0
128,symmetric,,207,4967117133013060309,12613,441,2,128,-7,0
128,symmetric,,208,9206354456772105447,11303,477,2,-128,55,0
128,symmetric,,209,3860393670190624643,11915,459,-2,128,31,0
128,symmetric,,210,4533311895518870332,17913,637,-1,-128,115,0
128,symmetric,,211,400796654492280888,25131,419,2,7,-128,0
128,symmetric,,212,2795058454211377129,14739,677,1,15,128,0
128,symmetric,,213,992611008112390432,26875,481,2,-128,-67,0
128,symmetric,,214,2595326945147627895,4622,500,-1,128,-62,0
128,symmetric,,215,2597643415905863246,36976,800,3,78,128,0
128,symmetric,,216,3915639591420314706,10462,592,-1,24,128,0
128,symmetric,,217,7489206117580391953,11295,651,-2,-9,128,0
128,symmetric,,218,6265212880523297387,11219,425,-1,23,128,0
128,symmetric,,219,2500959837921063046,40948,346,1,-128,0,0
128,symmetric,,220,4206955067386321508,5779,499,0,81,128,0
128,symmetric,,221,3136127247027633895,10787,563,-2,-45,128,0
128,symmetric,,222,3483630512963734909,14398,420,-1,10,128,0
128,symmetric,,223,7419906288162529706,16954,442,0,38,-128,0
128,symmetric,,224,4844830833398001834,64795,1279,2,-128,115,0
128,symmetric,,225,1971762684279715992,8265,321,-2,128,-1,0
128,symmetric,,226,3182439846015702669,20714,698,0,-106,-128,0
128,symmetric,,227,2648369021471322854,9542,496,2,-60,-128,0
128,symmetric,,228,394230262356023050,18662,770,5,-128,22,0
128,symmetric,,229,8901905229277659581,19828,790,0,128,-94,0
128,symmetric,,230,6772716970695414382,5638,508,-1,128,-4,0
128,symmetric,,231,4075141945695445111,67367,501,-2,128,63,0
128,symmetric,,232,6730738696258292282,4724,470,2,26,-128,0
128,symmetric,,233,4992536965501746570,27464,494,-2,-82,128,0
128,symmetric,,234,8939761957148633030,12563,445,1,-75,128,0
128,symmetric,,235,5148549842951942737,19414,552,2,128,-40,0
128,symmetric,,236,8707552323723555465,32694,460,1,-54,-128,0
128,symmetric,,237,2460707070693334699,6275,413,-1,-128,-7,0
128,symmetric,,238,1468584176842533519,9511,443,1,49,128,0
128,symmetric,,239,6985020727596750035,55091,889,-1,128,-121,0
128,symmetric,,240,8666387594810949817,88147,449,-1,-128,39,0
128,symmetric,,241,8162857184010547151,6080,416,1,128,2,0
128,symmetric,,242,8463465342932643321,5829,487,5,-9,-128,0
128,symmetric,,243,3327500512238180516,24126,562,2,128,24,0
128,symmetric,,244,5595004518194489292,25862,476,-3,-64,128,0
128,symmetric,,245,8541539950234603979,20415,599,-1,-51,-128,0
128,symmetric,,246,8680022192406206268,19716,1000,0,128,42,0
128,symmetric,,247,2352706247628833793,33442,538,-1,128,-72,0
128,symmetric,,248,5552327575719324236,25538,1012,-3,-128,90,0
128,symmetric,,249,6126193471516466098,26500,366,0,128,56,0
128,symmetric,,250,1542121024587969091,22090,432,0,46,-128,0
128,symmetric,,251,346556479165703729,37411,773,1,128,55,0
128,symmetric,,252,5334105352381718103,16962,482,2,-128,30,0
128,symmetric,,253,8402152662345097881,20123,899,-2,-128,-93,0
128,symmetric,,254,5601160124613600378,8345,477,-3,-128,9,0
128,symmetric,,255,7794852474001881038,8927,409,1,128,-29,0
128,symmetric,,256,8274807135370221236,12836,326,1,128,-6,0
128,symmetric,,257,1633460689301064668,6745,377,2,-128,1,0
128,symmetric,,258,1755907597315615010,33866,686,-1,-128,-66,0
128,symmetric,,259,541022344076970322,13069,517,0,-81,128,0
128,symmetric,,260,1513669242384939736,9386,304,0,0,128,0
128,symmetric,,261,6373371131338998294,18098,490,0,128,28,0
128,symmetric,,262,4284467433972543650,8369,379,0,9,128,0
128,symmetric,,263,1572650420243466625,27523,809,3,99,-128,0
128,symmetric,,264,4047946619111778413,7014,586,0,32,128,0
128,symmetric,,265,5585405847437288281,7621,377,0,-91,128,0
128,symmetric,,266,3891345672671644934,10686,512,-4,128,44,0
128,symmetric,,267,419471240360219612,37744,476,1,70,128,0
128,symmetric,,268,3609139135689824092,19982,542,-2,16,128,0
128,symmetric,,269,7124098929705960123,39529,451,-1,61,128,0
128,symmetric,,270,7983838055981554768,21737,771,2,49,128,0
128,symmetric,,271,790303207616441055,11099,495,1,128,39,0
128,symmetric,,272,8766073250728632747,61565,435,-2,128,-33,0
128,symmetric,,273,2715282669514086042,2771,319,-2,11,-128,0
128,symmetric,,274,915059832509808582,22059,431,2,128,-49,0
128,symmetric,,275,2756940119523648409,2397,405,2,-7,-128,0
128,symmetric,,276,2922271365015055557,28219,593,-1,-128,-77,0
128,symmetric,,277,2569622950389239318,22075,853,-1,-89,-128,0
128,symmetric,,278,1314667741387227591,10814,630,-1,10,128,0
128,symmetric,,279,8982047121044066836,11269,741,-3,-35,128,0
128,symmetric,,280,4348226129166295365,19185,825,2,128,69,0
128,symmetric,,281,8312743869743654952,22953,751,3,27,128,0
128,symmetric,,282,237549766504429473,39756,702,2,128,40,0
128,symmetric,,283,5423689741065644244,8785,423,-1,-13,128,0
128,symmetric,,284,2467271473950451834,44508,1078,2,128,-52,0
128,symmetric,,285,3102526205344306746,19557,517,2,5,128,0
128,symmetric,,286,3826397814759279240,27085,815,2,-128,63,0
128,symmetric,,287,6001049582695584337,20198,564,1,-12,-128,0
128,symmetric,,288,2193473296043961488,9365,437,2,128,-47,0
128,symmetric,,289,3316461461377868259,11214,464,0,128,32,0
128,symmetric,,290,7853334620256008670,27257,507,-3,128,109,0
128,symmetric,,291,5626218544401837501,10825,697,0,128,-47,0
128,symmetric,,292,3652564048738006877,15723,419,1,128,9,0
128,symmetric,,293,8654447963924576003,7229,397,-1,-21,-128,0
128,symmetric,,294,7143422583083290002,22967,445,4,-128,55,0
128,symmetric,,295,7213850578441906943,14887,555,0,81,128,0
128,symmetric,,296,710022859593105248,57302,414,0,0,128,0
128,symmetric,,297,8476420194491256361,32332,482,0,6,128,0
128,symmetric,,298,1564741380017934296,28089,705,-3,-128,97,0
128,symmetric,,299,5454540177221353044,29753,353,1,-128,-57,0
128,symmetric,,300,1573395937376850616,9543,403,-5,128,-15,0
128,symmetric,,301,575896697333831656,6629,381,0,3,-128,0
128,symmetric,,302,4632195152856328744,11605,537,-3,-3,-128,0
128,symmetric,,303,951852830992379767,30348,510,1,-128,-28,0
128,symmetric,,304,2125342893733380421,31628,786,1,48,-128,0
128,symmetric,,305,9041864132188310153,20381,371,1,-128,81,0
128,symmetric,,306,4054950821895485122,36223,485,3,-128,3,0
128,symmetric,,307,3964150107829505641,7556,422,2,-6,-128,0
128,symmetric,,308,8146376898371697494,15051,671,2,-89,-128,0
128,symmetric,,309,4992705356419458895,12073,541,1,7,128,0
128,symmetric,,310,5345250955845176255,14979,383,-1,39,128,0
128,symmetric,,311,5972711468024984172,7556,598,-1,128,116,0
128,symmetric,,312,5904070640154521566,12119,655,-1,128,103,0
128,symmetric,,313,768398238435403906,41959,761,3,-128,61,0
128,symmetric,,314,7515775500940796616,44515,577,0,-85,-128,0
128,symmetric,,315,6697041203218570107,56706,976,0,80,-128,0
128,symmetric,,316,956095525441684538,10687,667,4,7,-128,0
128,symmetric,,317,3973453675006978844,18458,782,2,20,128,0
128,symmetric,,318,5871214285429732248,3881,443,-1,-128,21,0
128,symmetric,,319,8331906036457112693,7414,550,-1,128,78,0
128,symmetric,,320,6211984425482798042,11190,864,2,56,128,0
128,symmetric,,321,5834708980435392342,33221,343,0,128,-33,0
128,symmetric,,322,2895995101942743947,10127,545,1,-128,-75,0
128,symmetric,,323,8830184646341309850,4630,506,1,-128,0,0
128,symmetric,,324,5615322153263550120,22562,578,2,108,128,0
128,symmetric,,325,601535183305327933,4223,417,1,-128,3,0
128,symmetric,,326,3466241296532878794,13979,665,-3,65,128,0
128,symmetric,,327,6111606039294349370,10652,612,-3,88,-128,0
128,symmetric,,328,1175257964376610492,7782,458,0,-128,-106,0
128,symmetric,,329,7819992240866048931,27212,666,2,128,48,0
128,symmetric,,330,7559717254823629816,19407,523,1,23,-128,0
128,symmetric,,331,698404607183066807,14733,563,1,-45,-128,0
128,symmetric,,332,8177116001595458006,47791,619,-3,128,59,0
128,symmetric,,333,9198840379994338869,7181,365,2,128,9,0
128,symmetric,,334,692471487123444946,35062,566,-4,128,-54,0
128,symmetric,,335,8894006036545985145,10152,632,2,-128,26,0
128,symmetric,,336,6429946451234922067,56677,629,2,-128,95,0
128,symmetric,,337,5751507700123623863,18933,543,2,99,128,0
128,symmetric,,338,8685678936270380301,6424,432,-2,-128,42,0
128,symmetric,,339,6665704670492804954,36459,1187,-3,128,-25,0
128,symmetric,,340,3552397212934343543,8312,272,2,-128,-20,0
128,symmetric,,341,7982479386255203635,15517,501,-3,55,-128,0
128,symmetric,,342,109156757056323644,12684,432,0,128,72,0
128,symmetric,,343,5859432125480928257,37172,724,-1,128,-32,0
128,symmetric,,344,9162223619392683094,33840,962,0,128,-56,0
128,symmetric,,345,6050953280760030777,24903,955,0,-15,-128,0
128,symmetric,,346,3015225220082093198,13219,479,-2,-1,128,0
128,symmetric,,347,6789208069903417432,14271,557,1,128,-11,0
128,symmetric,,348,3499337302997864322,18251,555,3,-128,49,0
128,symmetric,,349,2863671438949382306,46712,394,-2,128,-12,0
128,symmetric,,350,28229047393876177,14041,411,-1,128,79,0
128,symmetric,,351,2807497099865689212,17064,434,0,128,64,0
128,symmetric,,352,398429512410864833,46177,599,-2,128,33,0
128,symmetric,,353,3112715578263392650,38661,783,-2,-57,128,0
128,symmetric,,354,2090755572508308259,15424,518,1,8,-128,0
128,symmetric,,355,63837327078137470,12768,810,-1,-2,128,0
128,symmetric,,356,475226776914497399,13146,420,3,14,128,0
128,symmetric,,357,3599468139520146332,51319,663,1,59,128,0
128,symmetric,,358,1314007224733483678,10002,438,-3,-128,-8,0
128,symmetric,,359,9102570155903060789,7042,606,-3,-32,128,0
128,symmetric,,360,5274358454879264672,14005,465,1,-128,5,0
128,symmetric,,361,9125945745222510024,10681,531,1,128,-49,0
128,symmetric,,362,4781806631809122173,4141,369,1,-17,128,0
128,symmetric,,363,5908226960812294990,27324,466,2,10,128,0
128,symmetric,,364,3559074162829559953,24672,656,0,-44,-128,0
128,symmetric,,365,286477135608251626,10307,669,1,45,-128,0
128,symmetric,,366,2236119391572801137,25851,405,0,128,79,0
128,symmetric,,367,2447863105407726923,16562,710,1,-32,-128,0
128,symmetric,,368,2390845516497819313,6791,643,-1,-128,39,0
128,symmetric,,369,7690570325912387290,23929,771,1,128,-69,0
128,symmetric,,370,3774427586103943181,3030,274,0,38,-128,0
128,symmetric,,371,3470863161527268769,13878,414,4,-44,-128,0
128,symmetric,,372,337283389658268947,3670,408,1,128,-14,0
128,symmetric,,373,7607680316388947313,15667,693,5,-128,65,0
128,symmetric,,374,8672406209006374923,5494,398,0,128,4,0
128,symmetric,,375,3954147896646028665,17157,747,-4,-73,128,0
128,symmetric,,376,4924310469131360186,22129,449,2,-67,128,0
128,symmetric,,377,8358986571915666999,10904,660,-2,-128,-46,0
128,symmetric,,378,7077955281857012271,19209,897,3,55,128,0
128,symmetric,,379,2859728906601754462,28321,453,1,109,-128,0
128,symmetric,,380,8891591317424436533,26510,662,1,128,68,0
128,symmetric,,381,8195147211213511519,29486,492,-2,-128,-30,0
128,symmetric,,382,5627552984069936397,14058,560,2,86,128,0
128,symmetric,,383,8237330871147948442,13530,476,-2,128,34,0
128,symmetric,,384,8175472998195751691,24110,458,0,-128,-6,0
128,symmetric,,385,8686191164942572857,7716,470,1,128,2,0
128,symmetric,,386,7024063011059050162,6842,386,-3,-128,28,0
128,symmetric,,387,240976124498258011,67569,505,0,-128,-13,0
128,symmetric,,388,553491956097634510,10403,665,-3,47,-128,0
128,symmetric,,389,3355896904006457409,15632,596,1,-128,24,0
128,symmetric,,390,6487429276333870004,10245,515,4,113,128,0
128,symmetric,,391,1244347197391274553,18177,535,1,-75,-128,0
128,symmetric,,392,6549242514651557974,48439,817,1,-128,35,0
128,symmetric,,393,4262564951556460049,11018,590,1,-128,92,0
128,symmetric,,394,2368000528483915132,7072,470,0,-48,128,0
128,symmetric,,395,9184985559129379982,6850,602,1,-40,-128,0
128,symmetric,,396,3570869223542243791,28599,373,2,128,27,0
128,symmetric,,397,1074818106509873525,9473,501,0,33,128,0
128,symmetric,,398,3797715179847888445,19001,685,1,-9,-128,0
128,symmetric,,399,6727332099910658669,66329,667,0,-31,128,0
128,symmetric,,400,1280201762379097755,19151,571,0,-128,41,0
128,symmetric,,401,5906500196386891234,9863,375,1,-45,-128,0
128,symmetric,,402,1217216891374900330,5618,480,-2,-106,128,0
128,symmetric,,403,2490412253937067630,41994,484,-1,-52,-128,0
128,symmetric,,404,8989839170101368861,14247,777,4,-128,-11,0
128,symmetric,,405,2390806523600856076,10540,632,-1,-4,128,0
128,symmetric,,406,152148957784125230,28368,524,0,-52,-128,0
128,symmetric,,407,5583304234350411221,5592,442,-1,28,128,0
128,symmetric,,408,6320521657335644835,7695,431,0,128,27,0
128,symmetric,,409,8925907931263557635,21931,617,-3,-128,-113,0
128,symmetric,,410,8025123772829958512,17420,570,-1,-128,32,0
128,symmetric,,411,3972434610801443691,6037,449,0,-69,-128,0
128,symmetric,,412,7438444165275696503,4754,364,1,38,128,0
128,symmetric,,413,7829639259526654786,22851,433,0,128,-43,0
128,symmetric,,414,540950054279984667,26584,710,-4,128,124,0
128,symmetric,,415,8791909993750647643,20447,609,-1,-13,128,0
128,symmetric,,416,4899942041100890412,10028,576,0,128,64,0
128,symmetric,,417,4509557292302118161,39825,437,2,128,-9,0
128,symmetric,,418,7276605679233573241,51278,664,2,-42,-128,0
128,symmetric,,419,4849336857550408222,6318,436,-2,128,-6,0
128,symmetric,,420,5377094621835410107,11006,470,1,84,-128,0
128,symmetric,,421,2129295740982400443,5187,323,1,128,-9,0
128,symmetric,,422,9129996921201688797,22497,863,-1,109,-128,0
128,symmetric,,423,8030358635840199800,7954,362,0,128,-66,0
128,symmetric,,424,7546324088003636531,30842,578,-3,128,104,0
128,symmetric,,425,7880813575743972100,55119,917,2,9,128,0
128,symmetric,,426,6311964766578503960,40358,898,0,-22,128,0
128,symmetric,,427,8461274890080263998,20746,854,-2,84,128,0
128,symmetric,,428,8042662287802196604,19410,428,2,-128,-32,0
128,symmetric,,429,8742162268822235106,19945,1077,1,128,-49,0
128,symmetric,,430,3341933218118151454,8623,399,0,-128,67,0
128,symmetric,,431,765491240586833941,9659,727,-1,-128,-55,0
128,symmetric,,432,2326235693908533119,14260,372,-1,-128,-52,0
128,symmetric,,433,4474493158392619365,14634,696,2,22,-128,0
128,symmetric,,434,7156973248243143792,35864,646,0,-38,128,0
128,symmetric,,435,121249241001766691,25653,507,2,63,128,0
128,symmetric,,436,5107062683221912883,4027,425,0,29,128,0
128,symmetric,,437,5996974268136486254,20583,601,1,-123,-128,0
128,symmetric,,438,7756336655271528702,12039,383,0,65,128,0
128,symmetric,,439,4621094140709252972,6490,596,-3,-42,-128,0
128,symmetric,,440,2711389158940881450,46367,959,2,-33,128,0
128,symmetric,,441,9036350517877763954,14960,344,0,-128,42,0
128,symmetric,,442,2412966016579151635,5306,526,-3,-38,128,0
128,symmetric,,443,3968758526943679452,8424,664,-2,128,32,0
128,symmetric,,444,9100390080022782096,17570,474,0,38,-128,0
128,symmetric,,445,8768774784451973240,19420,576,3,70,128,0
128,symmetric,,446,3118962558576465111,13596,414,-1,-128,10,0
128,symmetric,,447,3902957559282417611,8614,478,0,-104,-128,0
128,symmetric,,448,217030106593229218,8799,507,-2,128,9,0
128,symmetric,,449,6839520636747540827,28277,611,-1,-128,-15,0
128,symmetric,,450,4711975450484699836,14568,546,-1,128,-100,0
128,symmetric,,451,6417972733824955709,44466,366,-1,-84,128,0
128,symmetric,,452,8306057284688176644,53032,564,-1,128,94,0
128,symmetric,,453,836250832449821609,8585,433,2,79,128,0
128,symmetric,,454,7407810115896377326,40422,678,0,128,-60,0
128,symmetric,,455,6039466930955046798,17401,415,-1,-41,-128,0
128,symmetric,,456,7961113423622074830,10262,456,-2,-48,128,0
128,symmetric,,457,951693470407449977,62323,567,-3,128,-51,0
128,symmetric,,458,2769082412388276721,23065,573,2,128,-43,0
128,symmetric,,459,927425968930315948,30313,1225,3,128,-63,0
128,symmetric,,460,6180897334315230769,17385,537,4,75,128,0
128,symmetric,,461,5696878062206757659,35313,427,-1,5,-128,0
128,symmetric,,462,470614544828088840,20501,681,-1,-128,-55,0
128,symmetric,,463,2519666840301375953,18230,660,-1,-128,-10,0
128,symmetric,,464,5781082042665837218,20488,766,-2,-8,128,0
128,symmetric,,465,4796799826283491638,39744,672,2,-128,-4,0
128,symmetric,,466,3074521290633651277,14587,433,0,128,11,0
128,symmetric,,467,4505089019040169943,9585,367,-2,-3,128,0
128,symmetric,,468,8825006252349780678,81731,587,-1,-128,-73,0
128,symmetric,,469,6677219526438230490,13638,654,-2,66,128,0
128,symmetric,,470,8349449335403820539,23131,809,2,-93,-128,0
128,symmetric,,471,7761626117107587069,16299,589,0,43,128,0
128,symmetric,,472,10924357860624783,12280,446,0,-128,-30,0
128,symmetric,,473,2018362944639145901,46194,366,0,128,18,0
128,symmetric,,474,3404071607559749706,25011,1065,-2,-57,128,0
128,symmetric,,475,1738916977467670942,14884,302,1,-128,22,0
128,symmetric,,476,7507393793491628619,2367,321,0,128,-29,0
128,symmetric,,477,3642786629487017881,11473,281,2,-3,128,0
128,symmetric,,478,8471416500897971836,17216,420,-2,-128,-36,0
128,symmetric,,479,3621888944975314971,37684,580,-2,58,128,0
128,symmetric,,480,5322553077660885487,17145,855,0,77,-128,0
128,symmetric,,481,5077594263103118487,12860,420,0,-128,-32,0
128,symmetric,,482,6495559029662798128,3529,439,0,-43,-128,0
128,symmetric,,483,3622270312383823613,26866,446,-4,-128,-74,0
128,symmetric,,484,4963163204408362669,28786,904,5,-128,40,0
128,symmetric,,485,2733685008429315328,7467,449,-2,-45,128,0
128,symmetric,,486,3818416331984521003,50089,425,-1,128,-57,0
128,symmetric,,487,3969069938793418174,27814,508,2,-128,-30,0
128,symmetric,,488,2067448551346332694,9514,484,0,128,-90,0
128,symmetric,,489,7484113806754340066,21418,480,2,128,-36,0
128,symmetric,,490,5801096164953603278,26182,458,0,-128,-6,0
128,symmetric,,491,8587735352921506055,10960,444,-3,-128,-42,0
128,symmetric,,492,4550744272300385235,5812,558,1,-128,16,0
128,symmetric,,493,966407104741818413,25164,532,-1,128,-28,0
128,symmetric,,494,3637688164717706024,21541,1009,-3,-128,-53,0
128,symmetric,,495,7883103478807915917,7576,346,3,-128,-44,0
128,symmetric,,496,5719081309388298280,11917,441,-1,128,-17,0
128,symmetric,,497,2289808579518396322,8909,585,-1,-128,-15,0
128,symmetric,,498,93771798014494446,49613,857,-4,-35,-128,0
128,symmetric,,499,5308175926397398823,7433,547,0,128,27,0
128,symmetric,,500,4194491766907621111,13595,519,-4,128,37,0
128,symmetric,,501,2907781628177697649,21057,1117,-1,85,-128,0
128,symmetric,,502,6215126295756882488,14151,399,0,128,53,0
128,symmetric,,503,3409752711188328376,13280,354,1,128,-2,0
128,symmetric,,504,7482363825504477827,7293,547,0,67,128,0
128,symmetric,,505,177982713798985087,15234,388,0,-128,54,0
128,symmetric,,506,6911573799719419255,56214,412,0,46,128,0
128,symmetric,,507,4734454882771778431,12316,650,-3,128,82,0
128,symmetric,,508,8730669622508134915,20072,558,0,94,-128,0
128,symmetric,,509,8905774398185325146,15500,522,2,12,128,0
128,symmetric,,510,701229628282580177,25077,487,0,-128,123,0
128,symmetric,,511,6920746587164605347,36838,510,1,-128,14,0
128,symmetric,,512,3550773883427676515,7869,595,-4,-128,37,0
128,symmetric,,513,9024867718872837298,5788,450,1,128,68,0
128,symmetric,,514,2309076232801398981,14806,1018,4,-128,16,0
128,symmetric,,515,4277420775097489046,37982,754,-1,128,84,0
128,symmetric,,516,443576775835710419,15769,485,2,-81,-128,0
128,symmetric,,517,445147502775643170,29174,912,0,-88,128,0
128,symmetric,,518,8974555685306699538,27924,456,0,-16,-128,0
128,symmetric,,519,8292777052948195488,21003,401,1,128,-25,0
128,symmetric,,520,340230630603421692,29829,459,-1,7,-128,0
128,symmetric,,521,1439640431577516136,7076,644,3,52,128,0
128,symmetric,,522,5368952348048030444,26235,873,2,-128,-87,0
128,symmetric,,523,3494382790993534263,12251,385,0,17,-128,0
128,symmetric,,524,6888441797715460433,24923,719,-3,83,-128,0
128,symmetric,,525,8256525479117932431,7844,688,2,128,-78,0
128,symmetric,,526,3127170014881919793,28627,399,2,-128,7,0
128,symmetric,,527,1636198261928234915,9324,378,-4,-128,44,0
128,symmetric,,528,7708578506072421500,10036,662,0,36,128,0
128,symmetric,,529,7958361410034251254,31353,537,-1,-47,-128,0
128,symmetric,,530,5644317442002341948,9883,509,1,-81,-128,0
128,symmetric,,531,8521397022493942507,13102,462,1,-128,40,0
128,symmetric,,532,5772325821329616196,38427,487,2,128,-73,0
128,symmetric,,533,2855585711837549432,10446,476,3,34,128,0
128,symmetric,,534,5320887272462669114,28787,543,-1,-1,128,0
128,symmetric,,535,8398654027738185598,17486,502,2,90,128,0
128,symmetric,,536,7613147018801251967,11285,405,1,-21,128,0
128,symmetric,,537,1068840569370236486,37564,740,2,128,-74,0
128,symmetric,,538,2913020598499214599,5078,416,1,128,22,0
128,symmetric,,539,3886647538597150507,23685,603,-1,-79,128,0
128,symmetric,,540,7904219774562211048,9980,436,-2,-128,-10,0
128,symmetric,,541,4420030227609717283,29964,864,2,-84,-128,0
128,symmetric,,542,5509922926135604555,14390,556,2,16,128,0
128,symmetric,,543,3801444427182543432,18691,567,0,128,67,0
128,symmetric,,544,7107384029650653539,18601,369,0,61,128,0
128,symmetric,,545,5149957230517440295,5418,452,1,50,128,0
128,symmetric,,546,2662806526049116188,111785,997,-3,-128,27,0
128,symmetric,,547,17764841580678662,7691,521,-4,-9,-128,0
128,symmetric,,548,7756357135735242436,6271,411,-1,128,-51,0
128,symmetric,,549,9137220785794145594,5280,296,-1,128,0,0
128,symmetric,,550,3004095538505748760,27027,1303,4,128,-75,0
128,symmetric,,551,9160906958396614354,5021,285,2,-128,19,0
128,symmetric,,552,7689950478879523731,4153,351,0,-9,128,0
128,symmetric,,553,6102231466224422513,41097,627,2,128,-59,0
128,symmetric,,554,3348391597290104807,15775,507,-1,15,128,0
128,symmetric,,555,4584004851899316247,6304,452,1,-128,34,0
128,symmetric,,556,4797702922342359767,7725,465,2,-128,-35,0
128,symmetric,,557,6663931999791387330,79490,620,2,128,106,0
128,symmetric,,558,6809135427110015664,31545,771,1,128,59,0
128,symmetric,,559,8888736060019366559,13008,342,-1,32,128,0
128,symmetric,,560,3205236424990263723,49862,496,1,90,-128,0
128,symmetric,,561,1598579415815159576,16332,712,3,-128,62,0
128,symmetric,,562,5490342793715493466,15067,593,0,128,63,0
128,symmetric,,563,382222439518501760,22105,525,1,19,128,0
128,symmetric,,564,4782938359540134023,12434,508,-1,-128,2,0
128,symmetric,,565,5446648632404717167,7689,443,2,-101,128,0
128,symmetric,,566,4235866348767052358,6714,422,-1,-22,-128,0
128,symmetric,,567,6933721497358664665,16595,571,-1,-31,-128,0
128,symmetric,,568,4485472441982280326,28892,700,-6,128,14,0
128,symmetric,,569,3204908724222370451,11683,527,0,-65,-128,0
128,symmetric,,570,201160085037826348,6436,458,2,-128,62,0
128,symmetric,,571,4800306488709016034,39727,523,2,-5,-128,0
128,symmetric,,572,1333758914279093094,12512,634,2,128,-12,0
128,symmetric,,573,4473039788815169888,5616,508,3,44,128,0
128,symmetric,,574,481799792096204792,9256,352,1,-128,-46,0
128,symmetric,,575,1808639361052455009,33565,473,0,-128,-95,0
128,symmetric,,576,2467005855776712295,17703,579,-1,-128,113,0
128,symmetric,,577,5448664641492105182,23931,809,-1,-128,51,0
128,symmetric,,578,3561529875791580243,17539,505,0,95,128,0
128,symmetric,,579,9161976163966794714,18548,1146,-1,128,12,0
128,symmetric,,580,7976076976099947841,17622,1082,-7,-70,-128,0
128,symmetric,,581,8224662711505792191,21153,369,-1,39,128,0
128,symmetric,,582,3321732904478330241,29358,740,1,-88,128,0
128,symmetric,,583,1774983004344319163,15484,726,1,-52,-128,0
128,symmetric,,584,5951032628451347232,8969,437,0,-53,-128,0
128,symmetric,,585,5920932350332614481,28341,557,1,-7,-128,0
128,symmetric,,586,8197139543408339834,11201,635,-2,128,69,0
128,symmetric,,587,9217556710581262870,31510,474,3,128,18,0
128,symmetric,,588,3758260559487765098,7886,436,0,128,32,0
128,symmetric,,589,4076001861872665232,22255,601,-2,-21,128,0
128,symmetric,,590,1598830877050498482,16656,658,1,-100,-128,0
128,symmetric,,591,4349423475340113421,8969,471,-3,93,128,0
128,symmetric,,592,1751549966090428982,7090,418,1,10,128,0
128,symmetric,,593,6080586657487122027,28344,758,0,128,100,0
128,symmetric,,594,3868272258662275315,34033,389,-2,43,-128,0
128,symmetric,,595,518534904813472832,11108,732,0,-24,128,0
128,symmetric,,596,6625931808561341758,12028,328,0,128,-10,0
128,symmetric,,597,9076636673325378824,16111,379,-2,-11,-128,0
128,symmetric,,598,3573025019510728115,14804,528,-2,42,128,0
128,symmetric,,599,264817301224676627,36094,1320,-5,-36,-128,0
128,symmetric,,600,6646537987900809437,9316,430,0,78,128,0
128,symmetric,,601,4728822781043309700,4963,555,3,128,-95,0
128,symmetric,,602,8979650184984625244,13549,557,3,-128,59,0
128,symmetric,,603,5514495114889240378,6910,644,-1,-128,74,0
128,symmetric,,604,6829971407993630850,15201,583,1,-128,95,0
128,symmetric,,605,3185765174072835285,52487,455,3,-49,-128,0
128,symmetric,,606,2808147483119507217,13721,443,-1,128,-3,0
128,symmetric,,607,3023392439880937255,67560,882,-1,-128,42,0
128,symmetric,,608,7389400756985600946,15649,555,0,-128,39,0
128,symmetric,,609,9205480518217172728,8533,493,-2,128,13,0
128,symmetric,,610,536943170411177259,6977,385,4,-67,-128,0
128,symmetric,,611,1512902805661353228,21764,558,3,-128,2,0
128,symmetric,,612,5589052628235498732,4924,492,1,-128,-46,0
128,symmetric,,613,4515192131045538734,11404,574,0,128,66,0
128,symmetric,,614,8923958492609060790,19315,579,2,128,27,0
128,symmetric,,615,6636953040757453477,26215,437,-1,-128,-67,0
128,symmetric,,616,5704487759126087337,28931,491,4,-17,-128,0
128,symmetric,,617,8525807889341951834,13596,494,1,-72,128,0
128,symmetric,,618,7805936716090867243,19580,398,0,-128,62,0
128,symmetric,,619,3047851228849246806,7039,489,0,128,61,0
128,symmetric,,620,536394566257710421,14029,581,2,-128,53,0
128,symmetric,,621,5621354648224755016,29460,856,0,-48,128,0
128,symmetric,,622,6235994002926696930,6030,414,2,-14,-128,0
128,symmetric,,623,6221044108170741521,15391,445,2,-128,-57,0
128,symmetric,,624,6554667760845497694,10479,663,-2,83,-128,0
128,symmetric,,625,8567634942648753508,12488,850,-1,50,-128,0
128,symmetric,,626,5012317253137994604,9669,373,1,-31,128,0
128,symmetric,,627,7120679397046981458,63725,635,3,-128,43,0
128,symmetric,,628,7485502688261417976,9024,502,-2,14,128,0
128,symmetric,,629,1466346565599926661,12523,355,-3,-128,49,0
128,symmetric,,630,4633204119973117873,6006,392,0,-82,128,0
128,symmetric,,631,7826812219992928278,17900,630,3,-56,128,0
128,symmetric,,632,6211965019471979751,3595,365,2,-13,128,0
128,symmetric,,633,5192620087240450475,9237,605,-1,128,-69,0
128,symmetric,,634,5899609007302612039,16171,381,-2,128,41,0
128,symmetric,,635,1563242026249801265,26597,595,0,-89,-128,0
128,symmetric,,636,5141881012639170729,11907,569,2,-31,-128,0
128,symmetric,,637,447828854069355230,16957,537,4,-128,57,0
128,symmetric,,638,6756810309349654356,47810,614,2,128,50,0
128,symmetric,,639,8662233347622092015,20804,356,-1,128,14,0
128,symmetric,,640,6318938778070370805,19041,325,3,-128,-5,0
128,symmetric,,641,5560044303436722414,11527,471,1,-128,69,0
128,symmetric,,642,4835321946985700164,29491,677,0,-41,128,0
128,symmetric,,643,5638013243722087082,7618,700,-1,128,-20,0
128,symmetric,,644,8251490369942318655,8683,597,0,-95,-128,0
128,symmetric,,645,391893003863867074,10045,581,0,-31,128,0
128,symmetric,,646,2764292320984268233,9633,475,-2,128,-21,0
128,symmetric,,647,6584339939830554209,27753,843,2,128,-81,0
128,symmetric,,648,9182541237862848365,24538,490,2,128,64,0
128,symmetric,,649,9089390991475855759,11985,643,-5,-1,128,0
128,symmetric,,650,5353872616466727676,8730,330,1,26,128,0
128,symmetric,,651,6563875028450963169,37879,589,0,53,-128,0
128,symmetric,,652,7958815453550516787,25316,506,0,128,-30,0
128,symmetric,,653,5206460372400961228,15609,425,2,95,128,0
128,symmetric,,654,8518534122109403844,21863,425,0,-128,-9,0
128,symmetric,,655,3694128996553412477,15457,735,-2,71,-128,0
128,symmetric,,656,6987946459156122982,10861,479,-1,-57,128,0
128,symmetric,,657,5386386811759146558,34678,598,2,88,128,0
128,symmetric,,658,6596433004241844538,37920,484,0,-128,-62,0
128,symmetric,,659,8414647484479289847,9294,400,0,-24,128,0
128,symmetric,,660,4854626256089352320,5154,326,0,-128,-24,0
128,symmetric,,661,6739255402228375246,15710,402,-1,16,128,0
128,symmetric,,662,822798078836704433,24280,462,-1,52,128,0
128,symmetric,,663,8253387178666769287,6693,739,0,-128,-79,0
128,symmetric,,664,8169109150142713071,11837,347,1,-17,-128,0
128,symmetric,,665,5631861907962162715,18221,463,1,-128,55,0
128,symmetric,,666,8237975389977990882,15482,330,1,-128,32,0
128,symmetric,,667,1867347210633281002,17653,683,0,-45,-128,0
128,symmetric,,668,6328196265467787230,3301,343,3,-43,-128,0
128,symmetric,,669,5427941087677696312,23450,898,2,-128,38,0
128,symmetric,,670,1041007288200934452,7058,372,3,-2,-128,0
128,symmetric,,671,5251812211607965584,9626,438,0,-4,-128,0
128,symmetric,,672,47511827636130315,18300,368,-1,-128,-42,0
128,symmetric,,673,3136093409826517598,13776,508,-1,18,-128,0
128,symmetric,,674,4091964083902292189,23982,624,3,88,128,0
128,symmetric,,675,3887324350928845039,9781,537,-1,-128,-61,0
128,symmetric,,676,8820733169242421059,10447,629,1,128,-71,0
128,symmetric,,677,214517925660058925,67358,646,2,-62,-128,0
128,symmetric,,678,4886091045679811237,55895,537,1,21,-128,0
128,symmetric,,679,759777500958910415,12030,432,-1,128,-18,0
128,symmetric,,680,3967633093883437389,24281,797,-4,128,65,0
128,symmetric,,681,1776566422929407046,24716,790,2,-44,-128,0
128,symmetric,,682,1001073097302473202,22741,605,-1,-35,128,0
128,symmetric,,683,1273511001943400045,55325,423,0,-53,128,0
128,symmetric,,684,4820544954252088958,39480,828,-1,128,-58,0
128,symmetric,,685,9166815992224495940,19772,434,-1,66,128,0
128,symmetric,,686,8829698559425528264,16219,611,1,-65,-128,0
128,symmetric,,687,7573702172869184575,22444,694,-1,-52,128,0
128,symmetric,,688,2438921497601576696,17563,735,5,1,-128,0
128,symmetric,,689,5712719611471722378,13277,641,3,128,-21,0
128,symmetric,,690,7328499283838313273,19380,478,2,-10,-128,0
128,symmetric,,691,129465314172740284,48589,583,1,-79,-128,0
128,symmetric,,692,8588155447507655139,7686,558,3,30,128,0
128,symmetric,,693,3632942611925233469,5544,620,-2,70,128,0
128,symmetric,,694,3471826773924910825,5906,438,1,-128,30,0
128,symmetric,,695,732304838899089337,54408,1324,-3,128,-82,0
128,symmetric,,696,1096103314163172276,8826,622,2,128,-72,0
128,symmetric,,697,6758927317571694160,11583,383,0,45,-128,0
128,symmetric,,698,5770510135165949500,10848,430,-1,44,-128,0
128,symmetric,,699,8014861242004418042,5674,368,1,-128,8,0
256,symmetric,,0,1475221284665473584,31976,1192,-2,256,64,0
256,symmetric,,1,8585814377231223049,42978,1088,0,-256,32,0
256,symmetric,,2,2796673947523277583,58366,924,-2,-256,-20,0
256,symmetric,,3,5339932863662338719,57764,1250,1,-256,88,0
256,symmetric,,4,7717752225077144942,115001,1029,0,256,129,0
256,symmetric,,5,1609590656989156982,70052,1380,0,210,-256,0
256,symmetric,,6,5534456100621525691,129911,1941,1,256,29,0
256,symmetric,,7,3997193787720592616,29073,857,-3,-256,-89,0
256,symmetric,,8,6085080924094875833,31469,1773,-1,73,-256,0
256,symmetric,,9,6837252670251409061,51241,1739,-1,256,129,0
256,symmetric,,10,1326685860256202235,57334,1158,1,-38,256,0
256,symmetric,,11,6768095596431816848,32387,831,0,-25,256,0
256,symmetric,,12,2272546952537414741,57889,2329,4,256,-53,0
256,symmetric,,13,8967065747069791530,29517,1193,-2,-256,-13,0
256,symmetric,,14,1319374555362713305,59925,2013,-3,139,-256,0
256,symmetric,,15,3277303000002831214,161214,978,0,256,14,0
256,symmetric,,16,2028218132591672521,52955,1157,-1,-256,-107,0
256,symmetric,,17,6546637344839696544,22696,650,0,256,34,0
256,symmetric,,18,6387697133189078734,69699,1397,0,-61,256,0
256,symmetric,,19,2093708474541518554,88023,2117,0,256,-203,0
256,symmetric,,20,652208136268236655,54738,1004,0,-78,256,0
256,symmetric,,21,4935673425157644682,239860,1580,0,-18,-256,0
256,symmetric,,22,8650448001608015044,85174,1868,-2,66,-256,0
256,symmetric,,23,8122490436146214942,30138,1434,-1,-50,-256,0
256,symmetric,,24,7196644852203718780,51223,1207,-3,57,-256,0
256,symmetric,,25,8848787841303229862,99936,1990,2,256,136,0
256,symmetric,,26,4478915648959841631,40787,1057,-1,-29,-256,0
256,symmetric,,27,7380469479062634743,123286,1348,-3,70,256,0
256,symmetric,,28,4886287181945998521,35822,1404,2,78,256,0
256,symmetric,,29,4451613872336717826,63719,1781,3,-83,-256,0
256,symmetric,,30,7944784996084247006,29511,1213,-1,-45,256,0
256,symmetric,,31,6773785916344318520,106445,2949,-3,-256,-171,0
256,symmetric,,32,2106395210318891255,103470,1626,2,256,-2,0
256,symmetric,,33,4758914508835951039,128540,2610,-1,170,-256,0
256,symmetric,,34,4686023841526047211,68102,1230,3,-54,256,0
256,symmetric,,35,1805019063085906215,199503,1297,-2,-256,-55,0
256,symmetric,,36,8216774182518674631,73400,1742,-5,18,256,0
256,symmetric,,37,1205365110445104248,111102,1420,0,64,-256,0
256,symmetric,,38,7416655925457880171,79236,792,2,-256,-114,0
256,symmetric,,39,6398975575049375749,28172,1412,2,-256,190,0
256,symmetric,,40,9074859004088750394,56853,1465,0,-256,-141,0
256,symmetric,,41,3671115145360465153,62989,1879,-3,-97,-256,0
256,symmetric,,42,8575533863308940051,19243,881,1,119,-256,0
256,symmetric,,43,9160147111741545889,84881,1997,-4,256,-65,0
256,symmetric,,44,8521254943557392125,34537,1021,0,43,256,0
256,symmetric,,45,3782025702895153893,111808,1206,-1,-58,-256,0
256,symmetric,,46,24179901717614076,44855,1149,2,29,-256,0
256,symmetric,,47,978129194793677483,135986,1272,4,4,-256,0
256,symmetric,,48,559384208606951117,84851,1937,3,-256,57,0
256,symmetric,,49,1185270707368901469,60310,1604,1,256,160,0
256,symmetric,,50,3812220893201576605,157282,952,-1,256,170,0
256,symmetric,,51,9003178631568175135,167304,1554,-3,56,-256,0
256,symmetric,,52,1335868343438627317,75013,717,1,256,-5,0
256,symmetric,,53,3851954526042595634,31137,1433,2,221,-256,0
256,symmetric,,54,8100948346890926700,44410,1314,1,256,-46,0
256,symmetric,,55,7991263827528484153,59963,1457,2,-256,-203,0
256,symmetric,,56,5778684421503928590,71979,1749,2,-256,111,0
256,symmetric,,57,1219335172083904152,108667,1241,-2,105,-256,0
256,symmetric,,58,4685481346771703792,34696,1470,2,172,-256,0
256,symmetric,,59,2324220418737939267,46191,1273,0,231,-256,0
256,symmetric,,60,5606269358922290669,21368,1064,0,-148,-256,0
256,symmetric,,61,8326952462196399137,83611,2995,5,-256,-211,0
256,symmetric,,62,9146126979815088187,95106,1486,-2,-38,-256,0
256,symmetric,,63,5326080986012255706,49041,1721,1,-109,256,0
256,symmetric,,64,727077559263080422,35046,938,3,-256,84,0
256,symmetric,,65,5543455374530371171,60876,1688,-3,256,156,0
256,symmetric,,66,1622398656339335466,353405,1787,4,-256,169,0
256,symmetric,,67,7947246814180120346,42595,893,-2,-256,47,0
256,symmetric,,68,9063057523553469578,90206,1476,1,166,256,0
256,symmetric,,69,1152929376580003664,56452,1130,0,-256,158,0
256,symmetric,,70,1376422088182033226,86555,941,4,256,-13,0
256,symmetric,,71,7397413922308743148,15431,957,1,7,-256,0
256,symmetric,,72,5984360233338510455,70742,1048,3,-256,90,0
256,symmetric,,73,2632970111335326657,39020,1006,1,2,-256,0
256,symmetric,,74,1278615314385775304,80501,1499,3,-256,-173,0
256,symmetric,,75,2177708099729538087,26563,885,1,256,45,0
256,symmetric,,76,2816562316366395064,64968,962,0,-256,150,0
256,symmetric,,77,2855900740914940078,57280,1322,1,-30,256,0
256,symmetric,,78,1461293948935314349,108631,1207,2,-159,-256,0
256,symmetric,,79,8637719541124274692,45808,964,1,-108,-256,0
256,symmetric,,80,7065873025456868023,19376,1076,-1,10,256,0
256,symmetric,,81,1989531753691441370,96507,3963,-2,256,17,0
256,symmetric,,82,3726050200677524268,41587,1421,-4,-256,67,0
256,symmetric,,83,3862040124392288838,35649,1363,3,256,-129,0
256,symmetric,,84,5231832601083393093,56660,1588,4,256,136,0
256,symmetric,,85,8594019471778006032,91268,1616,-1,256,-38,0
256,symmetric,,86,8526145480594118585,133591,1069,1,121,256,0
256,symmetric,,87,1596914059452470484,127427,1331,-1,147,256,0
256,symmetric,,88,2943007554607250666,91562,1598,-1,-256,-108,0
256,symmetric,,89,5985949313396942240,163587,1177,0,-95,-256,0
256,symmetric,,90,5984069023314322063,107658,1012,2,256,-48,0
256,symmetric,,91,8338036466783746822,105032,1140,0,122,256,0
256,symmetric,,92,6625498670868671241,107438,1108,1,-18,256,0
256,symmetric,,93,51611011428447213,107825,1853,2,201,-256,0
256,symmetric,,94,8830647622958786581,99462,1602,-3,-76,256,0
256,symmetric,,95,3765957389842535694,40965,1097,-1,-97,256,0
256,symmetric,,96,8378784731435028918,156651,1305,-1,-85,256,0
256,symmetric,,97,3044063996765022297,33687,1369,2,-256,-49,0
256,symmetric,,98,2234439634244674881,101337,965,2,143,-256,0
256,symmetric,,99,1331256344733093145,73512,1050,0,-256,58,0
256,symmetric,,100,710847554026097016,169489,3059,1,256,59,0
256,symmetric,,101,7499300439839849224,56839,1187,-4,256,143,0
256,symmetric,,102,7720781209143667607,215564,1138,-2,-6,-256,0
256,symmetric,,103,5950841878545207831,47580,1104,-1,36,-256,0
256,symmetric,,104,2716376408417880762,57889,1757,1,-256,173,0
256,symmetric,,105,5005215042775739560,25943,913,-1,65,-256,0
256,symmetric,,106,4920105437880237649,108741,1083,-3,256,-157,0
256,symmetric,,107,1216600139419033574,49587,973,0,7,-256,0
256,symmetric,,108,6642494436908958840,44391,1121,0,-256,73,0
256,symmetric,,109,588188912425800548,24678,978,1,-256,154,0
256,symmetric,,110,8274995146440901561,36789,1583,0,-256,177,0
256,symmetric,,111,7534432831168018054,168146,1248,3,-256,166,0
256,symmetric,,112,4188314653958818822,84119,1595,-2,-256,-19,0
256,symmetric,,113,667135482329822250,147660,1872,0,-80,256,0
256,symmetric,,114,7111185724914551996,20903,913,-2,-73,256,0
256,symmetric,,115,5060271417917130846,15198,882,-1,-256,8,0
256,symmetric,,116,2448687346514248512,79247,2185,1,256,-103,0
256,symmetric,,117,4914520370877895613,97999,1679,-3,-256,35,0
256,symmetric,,118,6633037456193825203,45215,1059,-1,256,19,0
256,symmetric,,119,567141709332997797,64098,1272,2,256,-250,0
256,symmetric,,120,7853292354108791479,165984,1198,-2,-256,160,0
256,symmetric,,121,1857244923551998209,57595,931,4,256,-87,0
256,symmetric,,122,1088452709041993770,47056,1080,3,-256,-56,0
256,symmetric,,123,2802762236383359404,33821,811,2,256,-143,0
256,symmetric,,124,3355543515125321739,20728,1122,-2,-148,256,0
256,symmetric,,125,8364600841576701878,21507,931,3,-51,256,0
256,symmetric,,126,8070653475943497900,51556,1796,-1,-256,-40,0
256,symmetric,,127,1915481741404063541,87209,1035,-2,-256,-11,0
256,symmetric,,128,3741015828424239391,203096,1212,-1,66,-256,0
256,symmetric,,129,2881744585858100863,40435,1197,1,256,-45,0
256,symmetric,,130,5022767887209439856,27413,769,2,-39,-256,0
256,symmetric,,131,4414482559568440756,58652,930,1,-74,-256,0
256,symmetric,,132,7836956925487049819,119737,1155,-2,63,256,0
256,symmetric,,133,4165743612911423335,68188,1524,-4,-256,-24,0
256,symmetric,,134,3133546931496582946,78071,1129,4,256,-113,0
256,symmetric,,135,4404423866893365213,25961,1707,6,-256,-167,0
256,symmetric,,136,1926946498565979654,148138,1418,-1,-256,82,0
256,symmetric,,137,2091840032258902379,39324,1316,0,-256,92,0
256,symmetric,,138,7828383281446462517,75473,1181,2,256,19,0
256,symmetric,,139,4421373413906676191,46899,1135,0,-256,159,0
256,symmetric,,140,2844888652545244749,47363,1787,2,256,143,0
256,symmetric,,141,2151525307810036625,93582,1714,3,-256,-100,0
256,symmetric,,142,920043981200653554,86063,1475,3,141,-256,0
256,symmetric,,143,5278802470217023010,32858,1004,-2,-256,42,0
256,symmetric,,144,5640004837772952252,61262,1946,0,-118,-256,0
256,symmetric,,145,3103883406228242579,215764,1038,1,-256,-168,0
256,symmetric,,146,2377649541321585869,95506,1478,-2,94,256,0
256,symmetric,,147,4537898300451122153,80218,944,0,16,-256,0
256,symmetric,,148,5307353104994872780,55892,1180,1,256,-24,0
256,symmetric,,149,8090018813862747108,67053,1567,-3,-256,-155,0
256,symmetric,,150,1839792918985640456,45209,1035,3,-256,69,0
256,symmetric,,151,3526391676196843828,192937,1057,-2,65,256,0
256,symmetric,,152,5909358305620954831,29839,1499,-2,-145,256,0
256,symmetric,,153,2703647507346952610,24471,981,2,256,35,0
256,symmetric,,154,7165384568499797494,186999,1513,1,256,-35,0
256,symmetric,,155,5312206024639047450,52183,983,3,256,-179,0
256,symmetric,,156,7427589807243364197,61686,940,1,48,256,0
256,symmetric,,157,8337402928215453820,40991,1089,2,105,256,0
256,symmetric,,158,5875841468586319775,78106,1750,0,-256,-136,0
256,symmetric,,159,5346476099216333754,52791,1619,0,256,-105,0
256,symmetric,,160,9047678767984499043,42599,1389,-1,-256,157,0
256,symmetric,,161,6103835205813326299,34786,1190,0,-256,58,0
256,symmetric,,162,7260127271692167680,83933,885,0,-37,256,0
256,symmetric,,163,6733858576684164696,11272,780,-1,-256,26,0
256,symmetric,,164,2922084879361722697,89489,1463,-2,256,115,0
256,symmetric,,165,5683000058181591100,47070,1266,0,256,-160,0
256,symmetric,,166,1848119481451751317,96784,1428,3,-166,-256,0
256,symmetric,,167,4455841890258263223,123099,1521,0,256,-139,0
256,symmetric,,168,3884336997457403990,82145,1199,0,256,-213,0
256,symmetric,,169,3651038956743439592,78408,1040,0,86,256,0
256,symmetric,,170,6805723677040222988,66413,1157,0,-256,49,0
256,symmetric,,171,2532268361003523284,92431,1989,-5,149,256,0
256,symmetric,,172,344166257659549808,68461,1143,6,41,256,0
256,symmetric,,173,6299834697542668642,112318,1500,2,-232,256,0
256,symmetric,,174,5835244775822660779,140461,1567,4,-65,256,0
256,symmetric,,175,1263601114596813086,88312,1060,1,-256,-142,0
256,symmetric,,176,7688184697079404115,48150,1418,2,256,-8,0
256,symmetric,,177,2730231493226548248,252796,1668,-1,-256,194,0
256,symmetric,,178,1182166667655640737,52731,1249,0,256,39,0
256,symmetric,,179,5291018929905129130,81018,1276,0,-256,88,0
256,symmetric,,180,220300950031565912,249450,1782,0,256,32,0
256,symmetric,,181,7141837884556654315,178985,1379,1,256,-25,0
256,symmetric,,182,2883472762821353655,71195,1567,2,256,41,0
256,symmetric,,183,111269599914371883,53667,1237,-2,256,-29,0
256,symmetric,,184,7465001197096570602,32879,1457,0,-256,21,0
256,symmetric,,185,2232345988608464713,70721,1489,0,-256,-203,0
256,symmetric,,186,6142275310264935322,137004,1504,5,-148,-256,0
256,symmetric,,187,3950081296845277674,175214,1320,0,256,-214,0
256,symmetric,,188,631826747656968597,51661,1771,5,256,-83,0
256,symmetric,,189,9028238038084919798,63442,1426,4,-256,196,0
256,symmetric,,190,6378461061030347065,70203,1317,0,256,35,0
256,symmetric,,191,7855557309785056416,51458,1396,-1,256,-58,0
256,symmetric,,192,8506634230243971166,52241,945,2,15,256,0
256,symmetric,,193,1532002065717879523,91956,2748,1,196,256,0
256,symmetric,,194,8460245450844920913,112862,1346,2,-256,0,0
256,symmetric,,195,7987429864691903840,54798,1176,1,256,36,0
256,symmetric,,196,4051126536478862237,185054,1222,-1,-192,256,0
256,symmetric,,197,5956606666669516371,97596,1252,4,256,140,0
256,symmetric,,198,226140574407100390,69859,1045,1,-83,256,0
256,symmetric,,199,5046133200462769038,21887,949,-2,-256,59,0
256,symmetric,,200,5171481815257287485,61280,1358,-2,256,80,0
256,symmetric,,201,4785830126423519932,83715,2231,2,165,256,0
256,symmetric,,202,2333965851392986946,67543,1629,-2,41,256,0
256,symmetric,,203,6611152877024126856,145079,1933,1,-149,-256,0
256,symmetric,,204,7114051088498695388,13152,736,-2,-256,-26,0
256,symmetric,,205,5376211450857714824,96689,1717,1,-47,-256,0
256,symmetric,,206,2307107868390737334,24890,870,0,12,256,0
256,symmetric,,207,5471239103618741471,59059,903,0,-256,57,0
256,symmetric,,208,7793015248653559518,92480,1564,2,12,-256,0
256,symmetric,,209,2796977404833334195,26769,1467,0,-77,256,0
256,symmetric,,210,4129260823309622139,73184,1364,0,-256,-32,0
256,symmetric,,211,3088090456285970718,27059,889,-2,-256,89,0
256,symmetric,,212,4713462378801158593,46290,1200,0,-166,-256,0
256,symmetric,,213,3161253494637498868,88711,1623,0,256,-159,0
256,symmetric,,214,2693731205860907515,15457,959,-3,256,1,0
256,symmetric,,215,3962060857912509232,119588,2976,4,256,164,0
256,symmetric,,216,7515144990575083638,48064,1654,1,-256,-122,0
256,symmetric,,217,7829690476720155110,73353,931,1,-256,41,0
256,symmetric,,218,2473305022140123776,45521,1149,1,-256,63,0
256,symmetric,,219,503662592908171499,32943,1085,0,-256,-199,0
256,symmetric,,220,8225254500258249943,117703,1165,-1,-256,141,0
256,symmetric,,221,1301767870753691306,61088,1348,-1,256,106,0
256,symmetric,,222,1265033508788822731,206962,2318,-1,-66,256,0
256,symmetric,,223,9147672294145424291,79642,906,-2,256,36,0
256,symmetric,,224,3830303730232119360,55602,1014,-4,256,192,0
256,symmetric,,225,539758078928035108,35742,1710,-2,-256,-6,0
256,symmetric,,226,2145930443646163734,58812,1162,-1,-24,256,0
256,symmetric,,227,1459865708214089430,28820,1134,-3,256,168,0
256,symmetric,,228,435976489031897199,21058,1184,2,-44,-256,0
256,symmetric,,229,7268416434678533040,31100,1014,0,-70,256,0
256,symmetric,,230,9160986663707600632,90873,1407,-4,81,-256,0
256,symmetric,,231,3256910456177536067,120611,865,1,256,25,0
256,symmetric,,232,7840723210254331412,79600,1038,-4,28,-256,0
256,symmetric,,233,3055976618219621366,57210,2316,3,-256,100,0
256,symmetric,,234,8499447420354020134,124308,1718,-6,150,256,0
256,symmetric,,235,112716679240558067,33970,992,0,-256,92,0
256,symmetric,,236,252174747844686139,65403,1359,3,-256,63,0
256,symmetric,,237,3326230216338533748,64354,760,1,92,256,0
256,symmetric,,238,495055872001126164,71642,1160,-2,-256,22,0
256,symmetric,,239,7655320942713721117,28474,1068,0,256,36,0
256,symmetric,,240,2214259775975266431,36499,1751,-3,-61,-256,0
256,symmetric,,241,5452727947773036805,141524,1004,-1,256,-64,0
256,symmetric,,242,2441660047403334661,125448,1070,1,-28,256,0
256,symmetric,,243,1834110484885513151,41705,1741,1,256,21,0
256,symmetric,,244,4929821150596168552,35347,1239,1,-33,256,0
256,symmetric,,245,6367248993652928699,80443,1113,1,256,-163,0
256,symmetric,,246,4285371917379043622,26977,961,1,87,256,0
256,symmetric,,247,1409690397885620380,31338,884,-2,-38,256,0
256,symmetric,,248,825051764026890395,156605,1675,7,256,-127,0
256,symmetric,,249,7080945253917862667,104235,1291,0,-119,256,0
256,symmetric,,250,259234585421612808,189248,2462,0,-18,256,0
256,symmetric,,251,3493764042249666256,47348,1462,0,-180,-256,0
256,symmetric,,252,1885206477790331607,14251,1015,-3,133,-256,0
256,symmetric,,253,81433208795371496,45719,1553,0,256,-87,0
256,symmetric,,254,7816237372548338827,47258,758,0,6,256,0
256,symmetric,,255,8374338462050221665,167446,2554,-7,256,154,0
256,symmetric,,256,8891067139673011964,54995,1007,2,123,256,0
256,symmetric,,257,4352933012996124661,47070,1916,-3,44,-256,0
256,symmetric,,258,6338557163583361088,60230,1344,3,22,-256,0
256,symmetric,,259,6214001949721790142,36443,983,2,-55,256,0
256,symmetric,,260,8247647409949490193,78598,1792,3,136,256,0
256,symmetric,,261,1790354314594654510,29510,1748,2,32,-256,0
256,symmetric,,262,7881642314470688241,184520,2490,-4,-256,-162,0
256,symmetric,,263,7292192092679930043,73690,1510,3,-112,-256,0
256,symmetric,,264,852627744236572029,101741,1507,-5,-107,256,0
256,symmetric,,265,4693326864030614889,76024,1058,2,144,256,0
256,symmetric,,266,4340964745375347744,120185,1411,0,-256,189,0
256,symmetric,,267,1553150080997808164,41212,1058,-2,44,-256,0
256,symmetric,,268,2525438357741553291,339959,1705,-3,167,-256,0
256,symmetric,,269,5490868632227603036,147661,1571,-1,256,5,0
256,symmetric,,270,1430573736456999943,39337,1223,2,256,-5,0
256,symmetric,,271,6970749525153112954,18387,1589,-1,-153,256,0
256,symmetric,,272,5793888040310969476,161534,982,-2,38,-256,0
256,symmetric,,273,794796037552643052,41630,1298,-3,-256,-140,0
256,symmetric,,274,4057654351131838285,24340,840,2,256,16,0
256,symmetric,,275,4409975040945775443,20912,1120,0,-256,-140,0
256,symmetric,,276,2772622307331375265,106072,1386,-2,-256,102,0
256,symmetric,,277,8769704200572194934,53552,1698,-1,88,256,0
256,symmetric,,278,3385792570658476839,43985,735,1,256,-67,0
256,symmetric,,279,6497094044363707755,53661,945,-2,-49,-256,0
256,symmetric,,280,6504578839899067741,94894,1492,-2,-42,256,0
256,symmetric,,281,6976203144282703588,37347,1203,3,3,-256,0
256,symmetric,,282,3719442658453209834,122125,2261,4,-256,65,0
256,symmetric,,283,4874425463676056135,33074,1550,-4,-50,-256,0
256,symmetric,,284,7279542378471002321,30495,1583,-3,-203,256,0
256,symmetric,,285,6451859298701200349,67536,1408,-3,-42,-256,0
256,symmetric,,286,1647991965817875008,50886,1540,4,-256,-82,0
256,symmetric,,287,3787041177918525459,125317,1291,0,-256,-23,0
256,symmetric,,288,2948144259343880474,29240,1000,0,-256,30,0
256,symmetric,,289,3834262514643029412,51982,1042,3,62,-256,0
256,symmetric,,290,6353552855863447525,55093,1425,-3,139,-256,0
256,symmetric,,291,3332161274556697537,63750,912,1,-8,256,0
256,symmetric,,292,786228702024594116,56653,1815,2,-59,-256,0
256,symmetric,,293,8426080975584825742,149528,2074,6,-256,-30,0
256,symmetric,,294,6590855755174398768,21541,1009,-1,-256,-9,0
256,symmetric,,295,730031245271581607,47880,1192,0,-256,-60,0
256,symmetric,,296,6595743790550031095,33713,1027,-2,-256,-61,0
256,symmetric,,297,8471520139629630327,45211,897,1,37,-256,0
256,symmetric,,298,6970195085088420486,58627,809,1,-256,-3,0
256,symmetric,,299,7447208816672380961,49638,1316,1,192,256,0
256,symmetric,,300,3046119252138979854,50011,1455,-1,-256,-197,0
256,symmetric,,301,9016809147935503374,111044,1644,-2,-106,256,0
256,symmetric,,302,2511193616471902203,49379,1491,0,256,57,0
256,symmetric,,303,2666877661747953364,136879,1343,3,-256,-81,0
256,symmetric,,304,293081461978732458,50071,1253,0,256,201,0
256,symmetric,,305,222616768643439942,198681,733,0,-137,-256,0
256,symmetric,,306,1799780835073140438,112735,2039,-2,-256,149,0
256,symmetric,,307,2825517484561272780,48231,1099,0,-256,125,0
256,symmetric,,308,3975095784696511040,19966,1386,-1,164,-256,0
256,symmetric,,309,4066095650889100953,26781,1055,-5,-256,-95,0
256,symmetric,,310,7711257458712350786,77151,1449,-1,41,-256,0
256,symmetric,,311,7047143348939698893,52002,992,-2,-16,256,0
256,symmetric,,312,5949790193034204837,72418,1944,0,256,76,0
256,symmetric,,313,405904331411943320,104139,1157,1,145,256,0
256,symmetric,,314,5315303918061533204,36643,1031,3,256,-155,0
256,symmetric,,315,7421840443464180404,161239,1739,-2,-95,256,0
256,symmetric,,316,4628934465947034647,62338,1660,-1,-220,-256,0
256,symmetric,,317,65254741230130135,47617,963,-2,135,256,0
256,symmetric,,318,7869507532013492625,38986,1384,-2,-256,-54,0
256,symmetric,,319,1883038364621518497,134795,1691,-3,256,-141,0
256,symmetric,,320,570961379526487821,55662,1168,4,-24,-256,0
256,symmetric,,321,3053904168482024626,73769,1669,1,45,256,0
256,symmetric,,322,7418499257084793507,53153,803,0,256,39,0
256,symmetric,,323,6780090001227321097,65715,1733,1,53,-256,0
256,symmetric,,324,298130710975148026,20524,1086,2,-256,-12,0
256,symmetric,,325,4208421001104801903,41528,1776,-1,-256,102,0
256,symmetric,,326,1282236211984417287,95807,1411,3,-256,-109,0
256,symmetric,,327,8120135941039408582,82202,1564,2,256,-46,0
256,symmetric,,328,1800858768310927467,57171,1501,3,-59,-256,0
256,symmetric,,329,7869954364519022400,78177,1099,1,121,-256,0
256,symmetric,,330,2590217538547210821,81596,1772,1,-142,-256,0
256,symmetric,,331,7086889592550676333,210720,1428,-1,56,256,0
256,symmetric,,332,5210890293075584540,56551,1565,0,-256,-41,0
256,symmetric,,333,5174546021955585768,150026,2398,-1,-210,256,0
256,symmetric,,334,3823601718074397330,68461,1039,2,29,-256,0
256,symmetric,,335,1876013340128561877,144834,2026,0,256,-88,0
256,symmetric,,336,8388161346348597464,17341,897,-1,-59,-256,0
256,symmetric,,337,3288275946154563132,38464,1354,3,-46,-256,0
256,symmetric,,338,6164277449492850580,29236,1316,0,-256,88,0
256,symmetric,,339,2450808690142123258,22995,1419,-2,131,-256,0
256,symmetric,,340,628270197324250928,44464,1616,1,-256,52,0
256,symmetric,,341,8814334395664453186,26674,1266,-3,46,-256,0
256,symmetric,,342,8863354131613110390,26703,1391,-2,-256,-143,0
256,symmetric,,343,9173501470516291849,89668,1578,-1,50,-256,0
256,symmetric,,344,6568842198345403197,58428,1302,-1,256,-78,0
256,symmetric,,345,1025211364927665220,44830,1094,1,-256,-112,0
256,symmetric,,346,6733500682198649046,35894,676,1,-18,256,0
256,symmetric,,347,3106778864411493658,76226,1196,1,-256,-32,0
256,symmetric,,348,2704284812249556553,26425,1153,-2,256,-49,0
256,symmetric,,349,4278731202897036738,122251,1191,1,256,-41,0
256,symmetric,,350,8809403078844933775,72127,1065,-2,256,-51,0
256,symmetric,,351,1066640334763168455,77668,882,-1,-82,-256,0
256,symmetric,,352,3770323329841648557,71000,1140,-2,126,-256,0
256,symmetric,,353,1114914209720509793,42033,1389,0,256,-19,0
256,symmetric,,354,6982148361465342108,52933,1491,-2,197,-256,0
256,symmetric,,355,5649435345669558569,35186,964,-3,-256,126,0
256,symmetric,,356,2012991043946301046,56711,1087,3,256,-49,0
256,symmetric,,357,5700261410670687644,104640,1026,0,-256,20,0
256,symmetric,,358,1123134200960049137,63897,1399,-3,75,-256,0
256,symmetric,,359,5752618358033392660,47952,980,3,256,-100,0
256,symmetric,,360,1022762213360373382,87929,965,-1,89,256,0
256,symmetric,,361,8975183450744619751,30300,788,0,-26,256,0
256,symmetric,,362,3784918512670704569,52417,949,0,-137,256,0
256,symmetric,,363,9155101411926752503,144265,1295,0,-256,85,0
256,symmetric,,364,8424987907366200761,21860,1090,2,-256,34,0
256,symmetric,,365,335505713930447911,140719,1201,-2,-225,256,0
256,symmetric,,366,7234133255556380892,24727,1335,4,-256,-31,0
256,symmetric,,367,7476390112592285451,206184,1308,-4,256,100,0
256,symmetric,,368,3699345697557374947,281850,1540,1,-256,-48,0
256,symmetric,,369,8739712983925666152,181644,1714,0,106,256,0
256,symmetric,,370,4266033090253005265,90171,1409,-4,256,-51,0
256,symmetric,,371,746307789977399633,75187,1617,0,-187,-256,0
256,symmetric,,372,1889537879617970284,43355,977,3,21,-256,0
256,symmetric,,373,1621660705172080289,65633,983,0,256,141,0
256,symmetric,,374,7978970400549560656,85594,1650,2,176,-256,0
256,symmetric,,375,1840970582197729877,97313,1339,0,-67,-256,0
256,symmetric,,376,6227138218812828066,40448,1124,-4,-126,-256,0
256,symmetric,,377,200945099615977364,54617,1721,1,169,256,0
256,symmetric,,378,8863090132768309550,51826,1536,-1,-212,-256,0
256,symmetric,,379,1806945571225620375,31861,1033,0,19,256,0
256,symmetric,,380,8230710693004383858,30117,1311,-1,-123,256,0
256,symmetric,,381,6937022095006564398,259727,1701,2,256,9,0
256,symmetric,,382,1071085041985998764,123540,1580,-4,-36,-256,0
256,symmetric,,383,1667307739876329671,91177,1275,4,256,93,0
256,symmetric,,384,2568300629826509263,73245,1267,-1,87,256,0
256,symmetric,,385,5943309762024703129,49445,1209,1,-5,-256,0
256,symmetric,,386,4677429911068062156,38349,1295,1,-131,256,0
256,symmetric,,387,56105436295590223,22278,778,-1,-256,-98,0
256,symmetric,,388,5830703240894431340,81063,1981,-1,-256,-225,0
256,symmetric,,389,152356232091048916,160595,2225,-6,-129,256,0
256,symmetric,,390,8008785917951499420,128584,2684,1,256,148,0
256,symmetric,,391,3415865112341814472,93395,1883,2,-71,-256,0
256,symmetric,,392,227718396386398403,19108,1090,0,92,256,0
256,symmetric,,393,7145797885969379757,186967,1425,-4,-19,-256,0
256,symmetric,,394,586717895017522929,137536,1442,0,-84,-256,0
256,symmetric,,395,8255448332157474143,24725,1323,3,256,-133,0
256,symmetric,,396,8298131267634764444,30398,1154,-2,66,-256,0
256,symmetric,,397,3939564902958062958,49893,1395,1,-256,-13,0
256,symmetric,,398,8021158039029382040,38340,1548,0,-200,256,0
256,symmetric,,399,2862557350043371518,68530,1044,0,256,108,0
256,symmetric,,400,4873629201302092025,169031,1101,2,145,-256,0
256,symmetric,,401,5016910594576390731,58074,1182,2,-50,256,0
256,symmetric,,402,5090573669386766802,64577,1613,-3,256,107,0
256,symmetric,,403,1189312323258271220,48841,1057,3,45,-256,0
256,symmetric,,404,8823766239280548923,62561,1153,-1,-135,-256,0
256,symmetric,,405,8209727149942305113,15295,881,2,163,-256,0
256,symmetric,,406,8791957059635665019,61119,845,0,256,-17,0
256,symmetric,,407,3902416109713799674,46859,1289,0,-115,-256,0
256,symmetric,,408,7691083915155717593,130820,1466,0,-256,-112,0
256,symmetric,,409,824380220593783209,71139,2669,-1,256,-151,0
256,symmetric,,410,5834867692751214921,140682,1430,0,256,148,0
256,symmetric,,411,171929211668845536,49934,1668,3,-4,256,0
256,symmetric,,412,542257085216864643,102216,1254,1,-256,-18,0
256,symmetric,,413,2078077066345941631,47816,1180,-1,-166,256,0
256,symmetric,,414,3165203337018011270,26594,1062,0,40,256,0
256,symmetric,,415,5931539975249533930,82424,1904,0,-256,6,0
256,symmetric,,416,4881839419189334837,104426,1632,-5,-102,256,0
256,symmetric,,417,1772452914653942891,85054,1890,-2,82,256,0
256,symmetric,,418,8114231134433381011,174024,1866,3,-256,-130,0
256,symmetric,,419,6440210841084850818,127790,862,3,256,40,0
256,symmetric,,420,7115003422379430857,18788,944,0,256,-62,0
256,symmetric,,421,1237009049106729249,122855,2051,0,-193,256,0
256,symmetric,,422,1932402371865063932,140674,1904,-1,158,-256,0
256,symmetric,,423,6474654819409038898,161720,1198,1,-194,-256,0
256,symmetric,,424,3128809844787772032,38548,1466,-1,-256,-68,0
256,symmetric,,425,4735280893673106125,102410,818,1,256,-8,0
256,symmetric,,426,6440688550506617166,73963,915,-1,-256,-95,0
256,symmetric,,427,8944256754600321954,16512,1008,4,-68,-256,0
256,symmetric,,428,6983965646080607241,35231,1551,2,-161,-256,0
256,symmetric,,429,8376848279012140706,14823,851,3,-256,43,0
256,symmetric,,430,3737521586021262674,25310,656,0,256,12,0
256,symmetric,,431,1178376080092016776,63637,1545,1,-33,-256,0
256,symmetric,,432,1644062689340756784,138890,720,0,66,256,0
256,symmetric,,433,4655383191271352327,249190,1008,-1,256,-8,0
256,symmetric,,434,8374515890539960159,36557,1175,1,-256,87,0
256,symmetric,,435,6384530168462824751,90479,1153,3,213,-256,0
256,symmetric,,436,2060833526698498246,9020,724,-2,-16,-256,0
256,symmetric,,437,718446048298850285,28366,964,-1,100,-256,0
256,symmetric,,438,3876094765289207706,46363,987,2,256,15,0
256,symmetric,,439,2680192790065262286,23564,998,0,256,84,0
256,symmetric,,440,6303273339558601536,65724,740,-1,14,-256,0
256,symmetric,,441,4154718619762851913,16499,871,1,145,256,0
256,symmetric,,442,149139196006904745,46500,1168,1,-120,-256,0
256,symmetric,,443,7414495817255856227,106743,1157,3,-177,-256,0
256,symmetric,,444,5925027820112969835,23220,834,0,-70,-256,0
256,symmetric,,445,402231602219526440,282666,1018,2,38,-256,0
256,symmetric,,446,3948640778207587880,136793,1279,2,183,256,0
256,symmetric,,447,3257204132156161314,49941,1445,1,256,69,0
256,symmetric,,448,548661007381158941,15404,1008,-1,256,140,0
256,symmetric,,449,4541908771045025351,60792,1330,1,40,-256,0
256,symmetric,,450,6042080409759596832,73632,1502,2,90,-256,0
256,symmetric,,451,3308452170401737596,74531,1421,-1,256,231,0
256,symmetric,,452,8045031865057890756,66809,1179,-2,-256,-69,0
256,symmetric,,453,1675077594723288485,23700,1056,-2,-256,-8,0
256,symmetric,,454,837407927637337250,165059,893,1,9,-256,0
256,symmetric,,455,7345843380117948398,107495,1383,0,256,129,0
256,symmetric,,456,1836198165382748584,87788,1856,3,-256,152,0
256,symmetric,,457,4249618291793009025,52558,1340,3,-256,-2,0
256,symmetric,,458,6389146553277949526,19669,923,1,27,256,0
256,symmetric,,459,5281029971304619647,39638,1746,-2,-168,-256,0
256,symmetric,,460,2004413461985041177,208827,1427,2,-256,-65,0
256,symmetric,,461,3225100132279555614,103306,862,2,-256,84,0
256,symmetric,,462,5921513966087656169,55208,1250,1,234,256,0
256,symmetric,,463,6955619860332242560,26176,968,-1,256,72,0
256,symmetric,,464,2636040194908503032,227472,1168,-2,50,-256,0
256,symmetric,,465,741285105174071081,42500,952,2,-56,256,0
256,symmetric,,466,7080297633859968412,92818,1586,-2,-256,-190,0
256,symmetric,,467,832433914439150530,94298,1494,-1,22,256,0
256,symmetric,,468,4329207166762444910,284616,1048,1,256,108,0
256,symmetric,,469,3862891647759086214,25422,1110,0,120,-256,0
256,symmetric,,470,8943108233274732242,50171,2019,2,-256,141,0
256,symmetric,,471,4303405561345281330,32471,1153,1,65,256,0
256,symmetric,,472,3298223216062255653,102829,1517,0,29,-256,0
256,symmetric,,473,5726417229617692611,176002,2916,-1,-256,136,0
256,symmetric,,474,5292055430338657449,28766,1022,0,-6,-256,0
256,symmetric,,475,3977883379906939330,92776,994,-1,-114,256,0
256,symmetric,,476,6400790008448328576,88057,1117,3,-256,47,0
256,symmetric,,477,7082267141054474299,59423,933,-4,256,39,0
256,symmetric,,478,2834177109186497887,42913,823,0,-127,256,0
256,symmetric,,479,8185737180329172113,81496,1230,3,256,-172,0
256,symmetric,,480,2707199125822016678,51121,895,-2,91,256,0
256,symmetric,,481,1008299562357166780,89798,792,-2,-32,-256,0
256,symmetric,,482,8758855464932368845,125053,1023,1,256,159,0
256,symmetric,,483,5529661432728472742,83961,2269,0,-129,-256,0
256,symmetric,,484,3916888596864726151,60621,1673,-3,87,-256,0
256,symmetric,,485,8646516458371292817,27121,1071,-1,256,115,0
256,symmetric,,486,6563574096567241687,48850,1712,-1,256,8,0
256,symmetric,,487,8203898598616733700,148501,1331,1,-17,256,0
256,symmetric,,488,1042394139411958106,47322,1238,-4,158,-256,0
256,symmetric,,489,4521085533206986151,54850,1208,0,-100,-256,0
256,symmetric,,490,4723645276604367883,46118,1042,1,162,256,0
256,symmetric,,491,1087164925914215714,113241,863,-1,-256,-17,0
256,symmetric,,492,6965374958672008599,35261,1747,4,143,-256,0
256,symmetric,,493,2021749162457241322,182675,1653,4,-256,63,0
256,symmetric,,494,2910053246871364390,35941,995,0,256,-159,0
256,symmetric,,495,3169128544278797456,143699,1345,4,-256,-151,0
256,symmetric,,496,6971399754814491993,81629,1723,2,-256,31,0
256,symmetric,,497,5674973027742071650,79186,906,-1,-114,256,0
256,symmetric,,498,1945657395065654163,88468,2094,-2,118,-256,0
256,symmetric,,499,3929312089117861719,32930,1132,2,256,-88,0
256,symmetric,,500,2846521293572027510,25762,1534,-3,130,-256,0
256,symmetric,,501,4548889567904857335,88429,947,-2,256,-85,0
256,symmetric,,502,4999162360740230651,96154,750,0,-256,2,0
256,symmetric,,503,1912879373781561670,173439,2139,1,-139,256,0
256,symmetric,,504,6962151645953400149,174096,2628,-6,-256,-84,0
256,symmetric,,505,4358929093763881923,113624,1376,1,256,-12,0
256,symmetric,,506,6761123602436850523,106482,1010,-1,46,-256,0
256,symmetric,,507,5305391526922603280,145234,934,1,256,118,0
256,symmetric,,508,1316148590605388925,36356,1304,-3,256,-104,0
256,symmetric,,509,4955929418175494356,127846,954,1,-106,-256,0
256,symmetric,,510,4047660866223293764,37130,1000,3,-62,256,0
256,symmetric,,511,6284200591444805766,174800,1000,1,-110,-256,0
256,symmetric,,512,8141153263723817140,48224,916,0,-14,256,0
256,symmetric,,513,3851329992163667603,34377,829,1,71,-256,0
256,symmetric,,514,5714149290700198497,129833,1011,0,256,89,0
256,symmetric,,515,3074847583982109229,54132,1036,1,256,-54,0
256,symmetric,,516,6755602828077912172,51880,1014,2,-76,256,0
256,symmetric,,517,3000572064894448619,103595,1829,-3,-175,256,0
256,symmetric,,518,3780657191332121867,30962,1584,0,22,256,0
256,symmetric,,519,5295732889323306870,78516,884,-1,56,256,0
256,symmetric,,520,8442979873926878147,30666,930,2,18,-256,0
256,symmetric,,521,5591694491379315485,95779,1133,-1,256,67,0
256,symmetric,,522,4024184912120191355,60645,979,0,256,159,0
256,symmetric,,523,8165372302490500956,22250,998,1,256,32,0
256,symmetric,,524,7089313089941346720,38128,828,1,68,-256,0
256,symmetric,,525,7902159732348081716,136227,1307,0,-256,-51,0
256,symmetric,,526,9145480974581963407,66612,992,-5,-132,256,0
256,symmetric,,527,2351226435682256039,86659,1317,3,-63,-256,0
256,symmetric,,528,84137764248867647,13308,836,-1,-256,154,0
256,symmetric,,529,2908404345267062977,67420,1026,0,150,256,0
256,symmetric,,530,1315383880977170399,22423,855,0,-256,-21,0
256,symmetric,,531,278047923132727816,33313,909,1,25,-256,0
256,symmetric,,532,2462334615912269272,60238,1098,1,-14,-256,0
256,symmetric,,533,2080908959365465094,32455,1063,0,-101,-256,0
256,symmetric,,534,3479846566896440834,217581,1589,-1,-217,-256,0
256,symmetric,,535,7650860886450522119,51441,1325,1,-71,-256,0
256,symmetric,,536,7088330398661491867,106993,1117,-2,256,53,0
256,symmetric,,537,9093760884388294883,138378,960,-2,-256,-98,0
256,symmetric,,538,9043876078135265450,33440,846,3,-256,64,0
256,symmetric,,539,8251816208774042351,85898,1068,0,42,256,0
256,symmetric,,540,376261833013114008,135715,1579,-4,-113,256,0
256,symmetric,,541,5079909627777166058,165533,757,1,256,53,0
256,symmetric,,542,450898488684607198,151635,1275,0,256,-39,0
256,symmetric,,543,5509453397259451069,55836,910,2,34,-256,0
256,symmetric,,544,1158709573073151357,80887,929,1,63,256,0
256,symmetric,,545,3995815288005182915,59319,1021,2,256,105,0
256,symmetric,,546,1088927015031630926,99249,3029,0,-256,-127,0
256,symmetric,,547,8730587522100432714,96460,1576,3,44,256,0
256,symmetric,,548,5917402374441429793,21438,1168,-1,-104,256,0
256,symmetric,,549,2575612734482504356,17485,1143,0,-256,119,0
256,symmetric,,550,6523818165051120666,45448,990,0,160,-256,0
256,symmetric,,551,1166717182432122099,55203,1283,3,-53,-256,0
256,symmetric,,552,1839491145151873868,59426,944,2,-26,-256,0
256,symmetric,,553,1969216148400806137,146837,1855,0,256,-155,0
256,symmetric,,554,5063890444326565621,22897,1165,-2,17,256,0
256,symmetric,,555,4657062831198615330,27980,1734,1,186,-256,0
256,symmetric,,556,5781158631073852941,29686,1244,-3,-256,106,0
256,symmetric,,557,6559465155564470117,87169,1359,4,45,256,0
256,symmetric,,558,8144650348275036446,46013,2309,-2,256,-137,0
256,symmetric,,559,7502320591447274581,86242,1434,-1,134,-256,0
256,symmetric,,560,8527328743461023955,41994,1310,2,28,256,0
256,symmetric,,561,4620464837065117027,70444,1554,-4,-186,-256,0
256,symmetric,,562,1932001430032419835,151686,1180,3,196,-256,0
256,symmetric,,563,7698722600182200523,63068,1036,1,-256,-148,0
256,symmetric,,564,235070703304078138,40556,1588,1,-210,-256,0
256,symmetric,,565,6164347533157380252,59484,1190,-3,-256,-60,0
256,symmetric,,566,4345885664542180994,108622,1166,5,-116,-256,0
256,symmetric,,567,2599134103230907986,100649,879,1,123,256,0
256,symmetric,,568,2566879724703359079,38918,1016,-2,-256,-12,0
256,symmetric,,569,4370986068569373715,42859,1395,-1,256,79,0
256,symmetric,,570,7829732736359283520,386169,1429,-1,-256,191,0
256,symmetric,,571,1255729891706040772,70241,1563,1,97,256,0
256,symmetric,,572,977561308820432653,52694,1058,-2,256,-98,0
256,symmetric,,573,5604568648784705089,106474,3060,-4,-256,168,0
256,symmetric,,574,2560951874284316005,103293,1799,2,143,-256,0
256,symmetric,,575,4579422509199474988,100365,2117,4,-139,-256,0
256,symmetric,,576,448615596294783746,173609,1021,-1,256,161,0
256,symmetric,,577,7433676537344304343,52912,1042,1,-154,-256,0
256,symmetric,,578,4145419678356209236,54314,1032,0,256,-64,0
256,symmetric,,579,4047244189931693204,120467,1691,0,173,-256,0
256,symmetric,,580,6333335361293313751,118101,1333,1,-227,256,0
256,symmetric,,581,5007806464776262912,51232,1164,-3,256,-108,0
256,symmetric,,582,645865600733309725,36425,1393,3,-163,-256,0
256,symmetric,,583,4555038263419544223,168843,1277,1,43,256,0
256,symmetric,,584,8322650148855973671,43463,1389,2,-17,256,0
256,symmetric,,585,7857879595305628562,129974,1916,0,256,-62,0
256,symmetric,,586,3375090102740206978,81571,747,-1,-256,-7,0
256,symmetric,,587,7928622212932561939,91403,1909,0,-191,-256,0
256,symmetric,,588,4189335369377327242,83024,2076,-1,-98,-256,0
256,symmetric,,589,1735464159114757082,58036,1008,0,256,-34,0
256,symmetric,,590,6757025196522984936,78996,2222,-1,256,70,0
256,symmetric,,591,2186340085510459978,155993,1189,-1,256,-189,0
256,symmetric,,592,4222155720611248781,71697,1785,2,-55,-256,0
256,symmetric,,593,2319230785187998058,246133,1099,0,256,185,0
256,symmetric,,594,8610078179105138629,33611,1087,0,75,-256,0
256,symmetric,,595,8788491985943774243,52461,1401,-4,107,-256,0
256,symmetric,,596,6436805826037603207,74440,1824,-1,72,-256,0
256,symmetric,,597,4641309801231189189,17313,1067,1,256,63,0
256,symmetric,,598,4600183145416911672,90348,1738,2,-256,60,0
256,symmetric,,599,7927854008671969850,56518,1106,-1,256,-142,0
256,symmetric,,600,3341542731377082067,54849,1155,-1,-93,-256,0
256,symmetric,,601,5935867244665273897,63048,1186,0,-256,52,0
256,symmetric,,602,5010876135454994938,73362,1468,3,-92,-256,0
256,symmetric,,603,6549216905842762684,48159,973,2,-256,-125,0
256,symmetric,,604,446251591991656859,54505,1143,1,-256,177,0
256,symmetric,,605,6265607187986663686,28803,903,-1,13,256,0
256,symmetric,,606,5456705621644374668,90010,1242,1,-34,256,0
256,symmetric,,607,8766398512344982590,78246,1296,1,-240,-256,0
256,symmetric,,608,5193148469422108379,48464,1180,-1,62,-256,0
256,symmetric,,609,346162911652857712,58124,1602,2,256,-14,0
256,symmetric,,610,4235005224879857943,51750,1312,-1,-256,-26,0
256,symmetric,,611,5014778008626435302,39518,1276,0,-38,256,0
256,symmetric,,612,7753973738695860186,55759,1113,1,155,-256,0
256,symmetric,,613,748925030791679532,186895,901,1,-256,21,0
256,symmetric,,614,8602467541676593050,39478,1068,-3,60,256,0
256,symmetric,,615,4871441445395544255,112678,1912,-1,-256,250,0
256,symmetric,,616,7226803595838701313,65359,2251,0,-256,85,0
256,symmetric,,617,4652084947545541801,57078,912,-1,256,110,0
256,symmetric,,618,438897216523699081,46422,1134,-2,-256,-18,0
256,symmetric,,619,2374535066457706368,80401,941,0,-85,-256,0
256,symmetric,,620,1917737102348321704,62031,915,2,-256,-11,0
256,symmetric,,621,7005423809373221752,49634,824,1,-6,-256,0
256,symmetric,,622,306547576642777763,41000,1048,1,-162,-256,0
256,symmetric,,623,5351173187813933220,16725,963,-1,-53,-256,0
256,symmetric,,624,5634934585738182415,55831,1063,-1,31,256,0
256,symmetric,,625,4698038678759089607,161799,2113,-2,-256,119,0
256,symmetric,,626,7642671778394281898,78219,1717,-2,-256,-179,0
256,symmetric,,627,6228008199274295287,18134,954,2,158,-256,0
256,symmetric,,628,473418934251546943,22163,1031,0,61,256,0
256,symmetric,,629,6041950801502811364,46223,1459,-1,117,256,0
256,symmetric,,630,6570997983214942098,111845,1235,-2,256,201,0
256,symmetric,,631,8342189039196850263,111836,1568,1,-256,134,0
256,symmetric,,632,5736566003349365107,119302,922,2,16,-256,0
256,symmetric,,633,6543787844737357880,88970,964,-1,256,76,0
256,symmetric,,634,3340366485340124464,71248,1300,0,-148,-256,0
256,symmetric,,635,7509543717704243006,18771,1193,-2,27,256,0
256,symmetric,,636,1050376747909736889,22303,1141,2,256,195,0
256,symmetric,,637,2175292362416458930,45857,1353,1,95,256,0
256,symmetric,,638,4791321990967460958,71148,1042,0,102,256,0
256,symmetric,,639,1836692087297546394,109597,1385,2,256,57,0
256,symmetric,,640,4065052565565322533,75428,1782,3,-256,-86,0
256,symmetric,,641,7068923753894891658,122755,1387,1,97,256,0
256,symmetric,,642,4907722348834073345,45079,1147,-3,-256,39,0
256,symmetric,,643,3429386028912614087,41596,1060,-1,256,-206,0
256,symmetric,,644,4249906419806175210,48290,1342,-1,2,256,0
256,symmetric,,645,5445342393708485552,138077,2859,-1,-23,256,0
256,symmetric,,646,3274118028217155663,32751,1123,-1,187,-256,0
256,symmetric,,647,8543316711421821393,17937,1007,2,-256,-143,0
256,symmetric,,648,4112594529921726137,37025,979,0,256,-67,0
256,symmetric,,649,8095965279400888506,109000,1428,1,-256,58,0
256,symmetric,,650,8865732406652219368,75339,1939,-1,-9,256,0
256,symmetric,,651,4483362595596008529,77043,1047,-4,256,35,0
256,symmetric,,652,4993758416958798576,47375,845,-1,256,-41,0
256,symmetric,,653,2674994492013295093,25659,1039,0,-117,-256,0
256,symmetric,,654,2114148830383967238,40130,1084,-2,-256,-60,0
256,symmetric,,655,1825454011274746575,155965,1615,-1,-189,-256,0
256,symmetric,,656,5071139593952386153,38787,1641,3,256,-3,0
256,symmetric,,657,7388762115248595683,101964,1478,3,-54,-256,0
256,symmetric,,658,715800142111739437,34844,1286,-1,-150,-256,0
256,symmetric,,659,4378293525189226343,23018,952,1,110,-256,0
256,symmetric,,660,5680549013034573864,50077,1225,2,-256,131,0
256,symmetric,,661,5001521037624529045,125897,1177,0,-256,-83,0
256,symmetric,,662,1102514978198670091,167162,1418,2,62,-256,0
256,symmetric,,663,4347960957067109176,33387,1007,0,-256,-69,0
256,symmetric,,664,6883932246709524737,92862,2164,-2,-256,-104,0
256,symmetric,,665,218325884226138739,78476,1342,1,-256,64,0
256,symmetric,,666,6797699813518831253,67890,1366,1,-256,112,0
256,symmetric,,667,395750382190914715,46606,762,2,-94,256,0
256,symmetric,,668,3854517554046153775,78370,1108,1,-52,256,0
256,symmetric,,669,8640689271363339713,71578,1460,0,256,32,0
256,symmetric,,670,3668123046848830892,43456,1386,1,-124,-256,0
256,symmetric,,671,6521948159946264408,48889,1055,0,-256,109,0
256,symmetric,,672,67113448070319899,80884,1248,1,-80,256,0
256,symmetric,,673,1058678112394506297,40590,1766,-1,256,124,0
256,symmetric,,674,2761552387308145964,30188,1242,0,116,-256,0
256,symmetric,,675,2369063741700440387,101381,1183,2,-256,31,0
256,symmetric,,676,5289248291133512211,36522,1402,1,-256,194,0
256,symmetric,,677,3205061272515356839,156994,1656,3,256,-2,0
256,symmetric,,678,6821670442475799309,124857,935,-1,107,256,0
256,symmetric,,679,5748867956052250281,30410,1254,0,256,124,0
256,symmetric,,680,8684179251199860068,30714,858,-1,256,14,0
256,symmetric,,681,2081554891079560564,46992,1406,-1,56,-256,0
256,symmetric,,682,8173244010604355594,24000,1032,0,-16,256,0
256,symmetric,,683,2756854149292543136,68882,1842,0,256,-168,0
256,symmetric,,684,2639528699683864755,13646,980,-3,108,-256,0
256,symmetric,,685,300587996347384844,64110,1148,0,-256,-62,0
256,symmetric,,686,7867031632478842620,171390,984,0,-44,256,0
256,symmetric,,687,7216853989594407506,118362,1150,0,-86,256,0
256,symmetric,,688,5319157566204636960,14331,839,0,256,-83,0
256,symmetric,,689,3559793993395005649,69515,2157,5,256,93,0
256,symmetric,,690,5614140117727702352,88380,1102,2,-6,-256,0
256,symmetric,,691,8946490446637317010,118615,2579,4,-145,-256,0
256,symmetric,,692,7462440438261958983,188827,1555,-1,87,-256,0
256,symmetric,,693,9170277999024788235,30025,1169,0,1,-256,0
256,symmetric,,694,1067012558080856289,44775,1439,2,256,27,0
256,symmetric,,695,6504835085110205004,29716,786,0,-256,50,0
256,symmetric,,696,529940153804685335,60945,1469,-4,256,-63,0
256,symmetric,,697,3172346248331514014,39606,1108,-2,-256,-126,0
256,symmetric,,698,4513075081872698610,60597,1919,2,256,17,0
256,symmetric,,699,2707574067099980218,41812,1018,-4,-256,50,0
