L,model,k,sample_index,seed,raw_steps,lerw_steps,winding,hit_x,hit_y,environment_sites
16,gamma4,1.0,0,8139017223024293072,263,49,1,5,16,81
16,gamma4,1.0,1,6771049972821741681,264,30,-2,2,-16,80
16,gamma4,1.0,2,1821322518570532783,92,32,0,-4,-16,44
16,gamma4,1.0,3,8341560158054703885,219,29,0,16,-1,75
16,gamma4,1.0,4,2629801781863077295,228,70,-1,10,16,118
16,gamma4,1.0,5,3924980742846877260,870,58,2,-8,-16,235
16,gamma4,1.0,6,235094651735003558,599,21,0,-16,3,122
16,gamma4,1.0,7,3712703701075227121,336,36,-1,-2,16,110
16,gamma4,1.0,8,2323810989987462877,174,36,1,16,8,61
16,gamma4,1.0,9,7526318067420848829,176,28,1,-16,-2,64
16,gamma4,1.0,10,3903414041755282611,388,56,0,4,16,127
16,gamma4,1.0,11,9156027584791226644,501,69,-2,16,3,145
16,gamma4,1.0,12,3659606090625693488,147,37,1,16,-5,69
16,gamma4,1.0,13,4767829011795809817,212,36,1,-6,-16,72
16,gamma4,1.0,14,524643339312741421,109,37,0,-7,-16,54
16,gamma4,1.0,15,4482190946193338387,208,54,1,6,-16,103
16,gamma4,1.0,16,4261396071256123852,591,45,1,-9,-16,173
16,gamma4,1.0,17,6956574797932412581,710,80,-1,8,16,199
16,gamma4,1.0,18,2656903370626789011,772,34,-2,-4,16,200
16,gamma4,1.0,19,5382577491172705656,103,37,0,3,16,56
16,gamma4,1.0,20,1073483871200141040,62,22,0,16,2,28
16,gamma4,1.0,21,3330940212342272678,68,28,-1,-16,-2,39
16,gamma4,1.0,22,7687311392098395770,402,62,3,16,-6,123
16,gamma4,1.0,23,8850581993240415389,1892,24,-1,16,-4,203
16,gamma4,1.0,24,1582906274034302545,873,31,-1,-16,1,173
16,gamma4,1.0,25,2329325973272260281,399,41,-1,11,-16,127
16,gamma4,1.0,26,2806425584512468950,111,33,-1,5,-16,57
16,gamma4,1.0,27,8587843299530591533,650,42,-1,0,-16,128
16,gamma4,1.0,28,2894415475077627950,388,44,0,10,-16,140
16,gamma4,1.0,29,5021222541529292234,614,32,0,-8,-16,204
16,gamma4,1.0,30,7392698226891020377,266,32,-1,-12,16,105
16,gamma4,1.0,31,3180947488865240177,262,64,-1,-16,-10,117
16,gamma4,1.0,32,6130616777376832456,424,30,0,6,16,89
16,gamma4,1.0,33,2690477347275138023,222,34,2,8,-16,74
16,gamma4,1.0,34,4896159180290712395,143,37,-1,16,-5,53
16,gamma4,1.0,35,8100458808747573580,463,39,-1,-16,-13,108
16,gamma4,1.0,36,6569791260452169623,94,50,-1,-16,-10,65
16,gamma4,1.0,37,900918103075641223,176,30,0,-16,-4,65
16,gamma4,1.0,38,9101481394473167550,367,41,0,16,-11,165
16,gamma4,1.0,39,2636536455755665743,286,48,1,-16,8,109
16,gamma4,1.0,40,5234360070359143321,291,31,0,5,16,88
16,gamma4,1.0,41,1260362303407062364,265,45,2,-1,16,101
16,gamma4,1.0,42,8274109875291137088,601,65,-2,5,16,157
16,gamma4,1.0,43,9089228185207863820,617,41,-2,5,16,193
16,gamma4,1.0,44,7588092027266380533,156,32,0,-2,-16,66
16,gamma4,1.0,45,2657372422155949092,121,35,0,16,9,55
16,gamma4,1.0,46,5400864791914743758,259,31,0,7,-16,97
16,gamma4,1.0,47,760374045350281418,113,35,-1,11,-16,58
16,gamma4,1.0,48,7323986458440105712,285,59,4,16,-3,113
16,gamma4,1.0,49,8241582332151056089,355,41,2,-16,3,137
16,gamma4,1.0,50,1115988979058270988,194,40,0,10,-16,77
16,gamma4,1.0,51,6504115178957532373,297,27,-1,1,16,116
16,gamma4,1.0,52,8925992812440388602,1096,86,-1,16,8,202
16,gamma4,1.0,53,8241336792231854071,985,45,2,-16,1,278
16,gamma4,1.0,54,667979718605522271,360,44,-2,-16,4,112
16,gamma4,1.0,55,885570709134691982,787,41,0,5,-16,185
16,gamma4,1.0,56,4458642616459144650,132,30,0,-2,-16,46
16,gamma4,1.0,57,7376475342284503556,168,36,0,8,-16,68
16,gamma4,1.0,58,3498944804914980198,119,41,0,9,-16,55
16,gamma4,1.0,59,1976404198142390654,112,36,-1,16,8,57
16,gamma4,1.0,60,5378097691622957636,522,56,1,10,16,122
16,gamma4,1.0,61,4644963393405011312,1272,50,0,16,-4,296
16,gamma4,1.0,62,3361630084222411423,821,31,0,16,9,270
16,gamma4,1.0,63,7935212402331468794,166,64,-2,16,8,95
16,gamma4,1.0,64,983774104200075159,225,33,-1,1,-16,88
16,gamma4,1.0,65,7351059208932421498,263,39,2,-16,9,81
16,gamma4,1.0,66,9075119281745508419,143,39,0,-16,5,64
16,gamma4,1.0,67,2192188971016557630,351,27,-1,-7,16,72
16,gamma4,1.0,68,291952646232626702,235,29,0,16,9,84
16,gamma4,1.0,69,4770090775924282005,94,34,-1,4,-16,50
16,gamma4,1.0,70,8359301318970194142,275,35,0,-1,16,101
16,gamma4,1.0,71,3717674931023499375,228,26,1,16,-4,87
16,gamma4,1.0,72,939071725083613774,218,32,-1,-2,16,64
16,gamma4,1.0,73,2529517690335494985,510,64,2,16,-8,138
16,gamma4,1.0,74,578599445537762097,150,44,-1,-16,-14,76
16,gamma4,1.0,75,1957743752885692723,1006,30,-1,4,-16,204
16,gamma4,1.0,76,933573644318884385,265,63,1,-5,16,109
16,gamma4,1.0,77,5691723050251968574,291,33,0,-16,-3,84
16,gamma4,1.0,78,7594765400679001807,98,44,-2,-2,-16,53
16,gamma4,1.0,79,2645163214891700488,114,28,0,8,16,52
16,gamma4,1.0,80,4823176129663617446,798,72,3,-16,4,205
16,gamma4,1.0,81,7323397235219101491,128,38,0,-8,16,55
16,gamma4,1.0,82,1621467707037790091,1037,49,1,-3,-16,211
16,gamma4,1.0,83,4605290781889363103,242,60,0,10,-16,97
16,gamma4,1.0,84,1238346594341039927,175,35,3,-16,-3,72
16,gamma4,1.0,85,3659267659879575374,278,36,-1,8,-16,61
16,gamma4,1.0,86,8140594871525618701,283,27,3,-5,-16,77
16,gamma4,1.0,87,8988170286292127836,181,35,1,16,-5,70
16,gamma4,1.0,88,4455202240415018214,177,39,0,-16,3,77
16,gamma4,1.0,89,4420367833023453633,199,45,0,-13,-16,88
16,gamma4,1.0,90,3670938256799948579,140,34,-1,-2,-16,65
16,gamma4,1.0,91,2334435631927796421,200,44,3,16,4,82
16,gamma4,1.0,92,4847535301969425514,290,56,3,-16,-2,129
16,gamma4,1.0,93,5450530131315774376,368,40,0,-12,-16,125
16,gamma4,1.0,94,5813269963354588820,203,33,-1,-16,-3,79
16,gamma4,1.0,95,484861128050965637,611,33,-1,16,-11,122
16,gamma4,1.0,96,5498223831363827891,1341,69,-2,16,1,283
16,gamma4,1.0,97,5306811751876653398,146,62,-1,10,-16,78
16,gamma4,1.0,98,4395720537745453002,182,30,1,-10,-16,68
16,gamma4,1.0,99,4657017884080783802,447,75,3,-16,-11,164
16,gamma4,1.0,100,999958991735408587,235,45,1,16,-1,86
16,gamma4,1.0,101,5730222941432959773,956,46,2,2,-16,190
16,gamma4,1.0,102,7685309333001610183,98,32,1,6,-16,49
16,gamma4,1.0,103,4665806084245792954,163,33,0,-3,16,88
16,gamma4,1.0,104,2724721890637249752,430,92,-4,-16,-14,186
16,gamma4,1.0,105,8792271230484061389,128,30,-1,16,2,60
16,gamma4,1.0,106,3554282004023337320,175,43,-1,16,-1,71
16,gamma4,1.0,107,5061003085278887470,397,35,0,-16,-9,109
16,gamma4,1.0,108,6225306009574175748,260,46,1,8,-16,100
16,gamma4,1.0,109,1222678144923612385,1014,56,-2,16,0,164
16,gamma4,1.0,110,4849948646580648720,193,33,0,-3,16,62
16,gamma4,1.0,111,5774475344237436720,171,31,-1,16,-1,73
16,gamma4,1.0,112,6423476643533233225,174,42,-1,2,16,72
16,gamma4,1.0,113,3802444042384948453,662,48,-3,-12,16,150
16,gamma4,1.0,114,1804757276188192272,299,39,0,-7,-16,98
16,gamma4,1.0,115,3356798087966393549,522,50,2,16,-6,125
16,gamma4,1.0,116,8297211808614328139,93,37,0,13,-16,53
16,gamma4,1.0,117,7555442808594670696,273,39,0,16,3,93
16,gamma4,1.0,118,4854098582599005120,246,42,-2,12,16,83
16,gamma4,1.0,119,3082616733701457213,935,49,2,16,-7,207
16,gamma4,1.0,120,7627652870486276120,340,32,0,-16,8,103
16,gamma4,1.0,121,1890940603545496689,839,65,-1,-3,-16,204
16,gamma4,1.0,122,5834635051498026210,260,34,1,-8,16,80
16,gamma4,1.0,123,1214142744699828207,127,27,1,16,1,51
16,gamma4,1.0,124,3827677227864950473,1199,31,0,1,-16,214
16,gamma4,1.0,125,3384172121503332935,446,40,-1,-16,-10,95
16,gamma4,1.0,126,201069315868668257,399,47,-1,-16,-3,95
16,gamma4,1.0,127,3175844550707273197,108,30,2,4,-16,50
16,gamma4,1.0,128,6473006159435338974,289,43,-1,16,5,93
16,gamma4,1.0,129,1440447049478890106,1171,55,1,-16,13,255
16,gamma4,1.0,130,6351262240292038409,219,49,-1,16,-1,100
16,gamma4,1.0,131,2020143985940959196,1745,45,-3,-16,-5,316
16,gamma4,1.0,132,5033945101807554182,475,43,-2,-16,13,95
16,gamma4,1.0,133,511355784825574472,92,32,0,2,16,43
16,gamma4,1.0,134,92362462937702177,458,72,3,16,-10,165
16,gamma4,1.0,135,8594902271916615048,551,77,1,-5,16,175
16,gamma4,1.0,136,8787854044778653946,208,32,1,-16,0,68
16,gamma4,1.0,137,7290592200740588806,214,36,1,0,16,82
16,gamma4,1.0,138,1501161701161864502,192,34,0,16,-6,61
16,gamma4,1.0,139,5889322987661344982,347,39,-2,16,1,113
16,gamma4,1.0,140,4328267957651703702,268,54,-1,12,16,122
16,gamma4,1.0,141,6453060284290760503,1142,24,-1,-16,2,228
16,gamma4,1.0,142,5928745727446635583,958,40,0,-2,16,146
16,gamma4,1.0,143,7955354431283228128,920,42,0,16,-12,228
16,gamma4,1.0,144,2103219226532361362,544,48,-1,2,-16,144
16,gamma4,1.0,145,1900669943882604629,95,37,0,-16,-1,49
16,gamma4,1.0,146,7796267704635667234,766,74,3,12,-16,156
16,gamma4,1.0,147,847626555381223964,129,35,1,-7,16,65
16,gamma4,1.0,148,1223968584449030658,186,46,2,-12,-16,69
16,gamma4,1.0,149,5440070058348817385,347,49,-1,16,1,103
16,gamma4,1.0,150,5116394654594202167,426,24,0,4,16,95
16,gamma4,1.0,151,1122451988040807419,307,49,0,-7,-16,120
16,gamma4,1.0,152,8039885670672439337,99,27,0,-16,3,37
16,gamma4,1.0,153,387878030204684367,318,44,2,-6,-16,117
16,gamma4,1.0,154,2112336869689529667,106,32,1,4,16,55
16,gamma4,1.0,155,8726344024665051291,207,67,-2,7,16,110
16,gamma4,1.0,156,1993891261370259570,183,49,2,-16,-5,66
16,gamma4,1.0,157,5735075370925419523,887,37,2,3,16,164
16,gamma4,1.0,158,5531573356385941281,100,32,1,-16,-4,47
16,gamma4,1.0,159,5518813463264607879,139,33,0,-11,16,60
16,gamma4,1.0,160,2340928284980295350,2477,43,-1,9,-16,376
16,gamma4,1.0,161,5877663237225555808,93,43,0,16,-11,59
16,gamma4,1.0,162,5517630042933146078,231,45,0,-16,-3,71
16,gamma4,1.0,163,7543663854166439971,168,26,-1,-2,-16,60
16,gamma4,1.0,164,8361911301419696619,119,31,-2,-5,16,61
16,gamma4,1.0,165,8143175359370521252,208,38,-1,4,16,77
16,gamma4,1.0,166,7755843428971279472,549,49,0,16,3,117
16,gamma4,1.0,167,8299370436916888279,1006,80,-3,-16,-12,328
16,gamma4,1.0,168,1106543022615299323,496,52,2,-4,16,137
16,gamma4,1.0,169,6700954597543131569,621,53,2,7,-16,203
16,gamma4,1.0,170,3450685146118751131,274,30,-1,2,-16,104
16,gamma4,1.0,171,8090310366548850744,416,30,1,0,-16,148
16,gamma4,1.0,172,1473605121819114735,92,36,0,-8,16,46
16,gamma4,1.0,173,7537329624666230740,132,34,0,-6,16,61
16,gamma4,1.0,174,8167090244374981591,175,35,0,-15,-16,59
16,gamma4,1.0,175,3369347593614310079,420,58,-2,8,16,128
16,gamma4,1.0,176,4078901546334507536,477,23,0,-16,-1,168
16,gamma4,1.0,177,6541300545584529080,314,42,1,12,16,104
16,gamma4,1.0,178,928759739371501973,336,66,1,2,-16,140
16,gamma4,1.0,179,1432741667370567718,178,34,0,16,-6,86
16,gamma4,1.0,180,7639823424573719915,517,55,0,-9,16,159
16,gamma4,1.0,181,603685376656181964,93,37,-1,-5,16,62
16,gamma4,1.0,182,5984941345474763195,94,30,1,-4,16,51
16,gamma4,1.0,183,6485382334914805898,332,46,0,14,-16,108
16,gamma4,1.0,184,4863038603009337918,1351,29,0,5,16,179
16,gamma4,1.0,185,7661295070273373810,469,77,-2,-3,-16,160
16,gamma4,1.0,186,1644311693419689695,264,36,0,4,16,86
16,gamma4,1.0,187,5902240010528280783,587,31,-1,-16,-5,132
16,gamma4,1.0,188,8348900067941889108,397,43,2,7,16,115
16,gamma4,1.0,189,7078121780466342454,221,29,1,-1,16,62
16,gamma4,1.0,190,8318317127809188735,165,29,-1,-3,16,58
16,gamma4,1.0,191,4488899127890101223,212,30,0,16,-8,76
16,gamma4,1.0,192,999943029120626695,92,30,0,6,16,46
16,gamma4,1.0,193,5708858787352899439,207,47,-1,-11,-16,86
16,gamma4,1.0,194,6087749932614664188,600,36,2,-6,-16,103
16,gamma4,1.0,195,7288560091773810343,1562,38,-1,0,16,333
16,gamma4,1.0,196,1056400799073520472,351,55,-1,-5,16,143
16,gamma4,1.0,197,5961749735006355062,286,38,2,16,2,97
16,gamma4,1.0,198,6734327310519317498,357,35,0,-15,-16,110
16,gamma4,1.0,199,3808987783732852507,191,47,0,11,16,83
16,gamma4,1.0,200,7177851679511600310,119,31,-1,-16,3,63
16,gamma4,1.0,201,8971910375056591694,123,31,1,5,16,54
16,gamma4,1.0,202,8446318017226836448,263,31,0,16,-3,87
16,gamma4,1.0,203,8414943677186444705,190,40,1,-2,-16,57
16,gamma4,1.0,204,8518378076411880202,386,54,1,16,4,112
16,gamma4,1.0,205,7519429982210328620,123,29,1,16,-9,49
16,gamma4,1.0,206,1303302739936502295,690,36,-2,-8,-16,150
16,gamma4,1.0,207,6651292854915961261,180,52,1,-2,-16,91
16,gamma4,1.0,208,27692881413651846,892,34,0,16,-12,145
16,gamma4,1.0,209,600432190002648699,136,38,1,16,8,66
16,gamma4,1.0,210,9168947669978412566,472,22,1,-6,-16,128
16,gamma4,1.0,211,8360605567155972694,193,51,-2,-16,7,83
16,gamma4,1.0,212,2722401306326860668,166,38,0,-16,12,64
16,gamma4,1.0,213,9155676964522794105,88,42,1,-16,6,54
16,gamma4,1.0,214,9038736083156582159,537,35,1,-3,16,136
16,gamma4,1.0,215,596041357841110299,629,59,2,3,-16,203
16,gamma4,1.0,216,4419478437981845624,318,38,1,16,8,108
16,gamma4,1.0,217,4282085378281351813,181,31,1,1,-16,71
16,gamma4,1.0,218,4546865784995695985,502,80,-3,-16,6,169
16,gamma4,1.0,219,4572544342304953730,355,53,-2,-16,-13,115
16,gamma4,1.0,220,999255063595872835,292,40,1,16,-6,103
16,gamma4,1.0,221,8779617910574407319,226,34,2,16,-4,89
16,gamma4,1.0,222,4770693113232017954,339,65,1,16,-7,124
16,gamma4,1.0,223,8296572140608344444,305,69,-1,-16,7,132
16,gamma4,1.0,224,9140951258106640128,196,48,1,-8,-16,95
16,gamma4,1.0,225,7758000981919032269,82,34,-1,-16,-2,47
16,gamma4,1.0,226,8575330521052686160,110,30,0,0,-16,57
16,gamma4,1.0,227,5970639279635316781,719,35,0,-15,16,115
16,gamma4,1.0,228,8668343927393452556,265,35,0,-16,1,85
16,gamma4,1.0,229,6938166166322144738,127,39,-3,-3,16,64
16,gamma4,1.0,230,89671650797645618,262,34,0,16,0,86
16,gamma4,1.0,231,5355103573157970721,487,41,2,-5,16,139
16,gamma4,1.0,232,2589896283991558896,684,56,2,0,-16,213
16,gamma4,1.0,233,1141293802663550357,93,35,2,-7,-16,50
16,gamma4,1.0,234,7677557689345275721,303,41,0,-16,11,99
16,gamma4,1.0,235,6217045384628402619,208,56,-2,-16,-12,93
16,gamma4,1.0,236,3546087612969807558,209,43,-2,-16,-3,84
16,gamma4,1.0,237,2451941967731442493,386,46,1,16,-12,133
16,gamma4,1.0,238,4076306752230111734,393,83,1,11,16,125
16,gamma4,1.0,239,3987498561852029588,129,25,0,3,16,69
16,gamma4,1.0,240,1474608362915906823,302,26,-1,-16,0,119
16,gamma4,1.0,241,2249449835263025162,357,49,-2,-16,-13,122
16,gamma4,1.0,242,5086454548038602319,951,31,1,-5,-16,187
16,gamma4,1.0,243,978711979650829284,631,29,0,1,16,171
16,gamma4,1.0,244,7613608477912245813,380,56,0,-14,16,111
16,gamma4,1.0,245,6319044310701458141,931,39,1,16,-9,238
16,gamma4,1.0,246,1789175070403803265,217,41,1,7,16,80
16,gamma4,1.0,247,2072110721519629539,151,49,-3,-16,-7,80
16,gamma4,1.0,248,5673803085572416477,450,30,-2,16,6,135
16,gamma4,1.0,249,7083640167552071359,134,30,3,0,16,63
16,gamma4,1.0,250,2082453944527676464,1420,44,-1,-10,16,246
16,gamma4,1.0,251,8964639357599296480,219,43,0,-16,13,82
16,gamma4,1.0,252,5387229185940028889,1630,118,-2,16,-2,314
16,gamma4,1.0,253,1634995951108406685,659,35,-1,11,-16,142
16,gamma4,1.0,254,2767534886052786474,57,23,-1,1,-16,34
16,gamma4,1.0,255,890013180413652402,361,65,2,-16,7,131
16,gamma4,1.0,256,6505579065216214887,367,51,2,16,1,179
16,gamma4,1.0,257,2314079944962582785,184,52,2,16,6,86
16,gamma4,1.0,258,1766538558875391749,218,36,-1,6,16,70
16,gamma4,1.0,259,6772263577210605912,264,42,3,14,-16,90
16,gamma4,1.0,260,3827715001254898200,294,46,0,-16,-8,103
16,gamma4,1.0,261,2580076955461410580,248,26,-1,6,16,62
16,gamma4,1.0,262,8406381684298693532,796,38,0,-16,6,195
16,gamma4,1.0,263,44032706624639350,256,36,-1,-4,16,86
16,gamma4,1.0,264,309286084986050510,284,42,1,-10,-16,111
16,gamma4,1.0,265,5081782259919448358,437,45,-4,-13,16,171
16,gamma4,1.0,266,7697013671185555767,393,33,1,16,-9,109
16,gamma4,1.0,267,2418201933344883655,364,28,-1,2,-16,76
16,gamma4,1.0,268,978578535776271142,138,30,1,-16,4,57
16,gamma4,1.0,269,5623317699085366806,347,67,1,9,-16,138
16,gamma4,1.0,270,5026709469924802653,586,58,2,-16,-4,176
16,gamma4,1.0,271,9017410994803851440,776,52,2,6,16,197
16,gamma4,1.0,272,5350056240782724755,143,39,-1,16,-1,57
16,gamma4,1.0,273,4005406887501670780,574,30,0,-10,16,154
16,gamma4,1.0,274,8638047662969196314,492,30,1,16,-6,151
16,gamma4,1.0,275,3940566314113130628,324,34,-1,16,10,73
16,gamma4,1.0,276,7758281980164592332,178,38,2,-16,-8,57
16,gamma4,1.0,277,1557597938287794800,102,32,0,16,-4,48
16,gamma4,1.0,278,9061343066239209735,202,30,-2,-4,-16,85
16,gamma4,1.0,279,4467477294047898554,228,40,-1,-16,0,61
16,gamma4,1.0,280,8368786755113749667,143,27,1,-16,3,64
16,gamma4,1.0,281,5823714267955615613,224,60,0,12,16,81
16,gamma4,1.0,282,8927787817125519656,196,46,1,16,4,80
16,gamma4,1.0,283,1871503781818875864,127,25,-2,-16,-3,47
16,gamma4,1.0,284,6515253100723838930,132,36,-1,16,8,66
16,gamma4,1.0,285,7316863100229335982,351,65,3,16,-3,157
16,gamma4,1.0,286,2545534067187396392,384,48,-3,0,-16,135
16,gamma4,1.0,287,6881121110188002722,192,36,0,4,-16,69
16,gamma4,1.0,288,3897030944895643311,107,37,1,3,16,54
16,gamma4,1.0,289,4580477213514248913,307,51,2,3,16,97
16,gamma4,1.0,290,7721538310056157715,442,30,0,16,6,132
16,gamma4,1.0,291,6230795377782216329,70,38,-3,-10,16,45
16,gamma4,1.0,292,368584664248201720,119,27,1,9,-16,46
16,gamma4,1.0,293,7209307873292183406,120,36,0,-16,0,61
16,gamma4,1.0,294,2556596682622079636,245,37,-1,16,7,92
16,gamma4,1.0,295,5649140550115788240,282,38,-2,-6,-16,103
16,gamma4,1.0,296,7002939461877305898,138,50,-1,-16,6,78
16,gamma4,1.0,297,950191875352332211,111,25,0,3,16,52
16,gamma4,1.0,298,8471776364513784229,163,31,0,16,-1,68
16,gamma4,1.0,299,358489322470695061,237,33,0,-7,16,94
16,gamma4,1.0,300,114374442866750998,108,32,0,16,12,44
16,gamma4,1.0,301,5917240431869112557,471,69,0,-9,16,164
16,gamma4,1.0,302,7125496588946705473,262,32,0,-8,16,96
16,gamma4,1.0,303,4660890140721912322,203,39,0,16,-9,78
16,gamma4,1.0,304,5601587976185716989,263,53,3,16,5,100
16,gamma4,1.0,305,8814456415649522119,284,82,0,2,-16,140
16,gamma4,1.0,306,5841708189322175344,806,46,-1,16,2,109
16,gamma4,1.0,307,8929526889726917089,338,50,1,16,-2,89
16,gamma4,1.0,308,2985675884910160596,845,29,0,-3,16,183
16,gamma4,1.0,309,8033101103659306792,56,24,0,16,-4,30
16,gamma4,1.0,310,7129547574091747831,584,52,-2,-16,4,204
16,gamma4,1.0,311,6691788403509123033,257,37,-1,16,9,85
16,gamma4,1.0,312,391421986887143962,747,41,-2,7,-16,165
16,gamma4,1.0,313,6630782376031740155,228,30,0,4,-16,82
16,gamma4,1.0,314,3670511715135078631,198,66,-1,-10,-16,101
16,gamma4,1.0,315,3420335187294354023,319,37,-1,16,-3,89
16,gamma4,1.0,316,451397909628423113,158,34,0,-16,-8,64
16,gamma4,1.0,317,7154495980705306137,88,32,1,-2,16,39
16,gamma4,1.0,318,1797345115201101309,616,48,-2,-16,-2,185
16,gamma4,1.0,319,7188840561403441488,593,51,-1,11,-16,143
16,gamma4,1.0,320,4399897077072428644,304,42,1,6,16,107
16,gamma4,1.0,321,8940045006807161422,398,56,2,8,16,120
16,gamma4,1.0,322,5387217614255300492,336,30,1,-2,-16,110
16,gamma4,1.0,323,8704623663317967036,927,85,2,16,7,242
16,gamma4,1.0,324,1576116107059307518,72,36,-2,-16,6,47
16,gamma4,1.0,325,593815651125995775,227,41,0,-11,16,85
16,gamma4,1.0,326,7605931367008135566,155,47,-2,-1,-16,70
16,gamma4,1.0,327,6911479125308008607,725,45,0,-16,9,146
16,gamma4,1.0,328,2055552693478164629,505,69,-1,1,-16,144
16,gamma4,1.0,329,343310832568898240,511,33,1,-16,-5,170
16,gamma4,1.0,330,104990842880954790,1135,51,1,16,7,317
16,gamma4,1.0,331,3512993432704390523,304,32,0,-16,10,82
16,gamma4,1.0,332,3816324266501593783,161,37,-1,15,-16,71
16,gamma4,1.0,333,7092597273862577113,447,53,3,16,-1,113
16,gamma4,1.0,334,8820708951713334338,159,37,0,-16,11,70
16,gamma4,1.0,335,1206770257925125717,90,42,0,10,-16,54
16,gamma4,1.0,336,4491503533606276256,808,48,-1,-10,16,207
16,gamma4,1.0,337,4091086122826409933,153,25,0,-3,16,66
16,gamma4,1.0,338,7741338485198723645,398,30,0,-8,-16,152
16,gamma4,1.0,339,3007733993566677834,224,48,0,-4,-16,85
16,gamma4,1.0,340,7708781140161963833,943,35,-1,-1,-16,176
16,gamma4,1.0,341,6571820882788888381,66,34,0,-6,16,40
16,gamma4,1.0,342,4104056211200169142,183,43,1,-5,-16,86
16,gamma4,1.0,343,4882181347159212210,109,41,1,-16,-7,53
16,gamma4,1.0,344,5249144938443191052,380,36,1,16,-4,132
16,gamma4,1.0,345,3277295080843413483,119,43,2,9,16,63
16,gamma4,1.0,346,502496084658562704,780,42,1,16,-4,143
16,gamma4,1.0,347,5329728689465354139,171,33,0,7,-16,92
16,gamma4,1.0,348,1905056961282235017,212,40,0,16,4,82
16,gamma4,1.0,349,3915383502529787622,349,39,2,16,-1,70
16,gamma4,1.0,350,6108067272389066816,286,28,0,0,-16,79
16,gamma4,1.0,351,4587560939056777628,260,24,-1,-16,0,84
16,gamma4,1.0,352,6083697716948804978,316,44,-2,-16,-8,97
16,gamma4,1.0,353,6781371746955617328,267,51,1,9,-16,115
16,gamma4,1.0,354,3352706487956305982,472,48,1,-16,-6,127
16,gamma4,1.0,355,7131021519079364698,644,46,-1,-8,16,173
16,gamma4,1.0,356,9006288673830275137,340,42,1,2,16,99
16,gamma4,1.0,357,4301320626596695639,189,39,0,16,-3,60
16,gamma4,1.0,358,8238516847364480749,287,43,1,-7,-16,95
16,gamma4,1.0,359,8937230105856823242,213,33,-1,-16,-5,72
16,gamma4,1.0,360,4577260066742396388,141,29,0,-16,13,72
16,gamma4,1.0,361,1844367752998562334,231,39,2,-16,5,85
16,gamma4,1.0,362,990219831414672897,1123,57,4,16,-11,229
16,gamma4,1.0,363,5460432805764472746,265,33,0,3,16,98
16,gamma4,1.0,364,8422425522882670550,272,40,-2,-16,-6,100
16,gamma4,1.0,365,444476227132907280,199,43,-2,16,-3,99
16,gamma4,1.0,366,7821899253998422387,287,45,-2,16,3,116
16,gamma4,1.0,367,4683747493880835725,320,40,-1,16,14,117
16,gamma4,1.0,368,7408989156221539477,124,48,2,6,-16,66
16,gamma4,1.0,369,7253280032452472783,963,39,2,16,-7,260
16,gamma4,1.0,370,6462818698806196933,428,64,-1,-6,16,147
16,gamma4,1.0,371,1880135689395689194,99,35,-2,-3,16,60
16,gamma4,1.0,372,1001504287837984032,135,51,1,-7,16,74
16,gamma4,1.0,373,7888099928307212319,506,60,-1,-16,-6,130
16,gamma4,1.0,374,7159789380679317096,95,27,-1,16,3,43
16,gamma4,1.0,375,7546833429737484522,217,33,0,-16,-9,75
16,gamma4,1.0,376,2217079875036484422,240,36,-1,-2,16,77
16,gamma4,1.0,377,2327570639367869964,141,33,1,-5,16,68
16,gamma4,1.0,378,3329197220695611979,204,42,0,-10,-16,81
16,gamma4,1.0,379,7300315575729524419,175,41,-3,1,-16,77
16,gamma4,1.0,380,7857295611572427343,245,41,-1,-16,9,99
16,gamma4,1.0,381,1583125429834345469,292,44,1,-4,-16,78
16,gamma4,1.0,382,4369146799054937597,517,53,0,5,16,177
16,gamma4,1.0,383,8125563841249162584,506,52,0,-16,12,142
16,gamma4,1.0,384,2754296663561598334,58,30,0,2,16,37
16,gamma4,1.0,385,523251203821904663,119,39,2,16,-1,61
16,gamma4,1.0,386,8255083584275891459,453,33,-1,16,-1,158
16,gamma4,1.0,387,7898187693309858595,419,37,-1,-16,7,116
16,gamma4,1.0,388,5204909679111825919,1131,49,-1,-16,-7,260
16,gamma4,1.0,389,6949075508257850165,190,40,1,10,16,76
16,gamma4,1.0,390,595566853420018381,284,30,0,8,-16,76
16,gamma4,1.0,391,1455109678365463181,1144,80,0,-16,-6,259
16,gamma4,1.0,392,3036535697374480557,136,30,-2,16,0,54
16,gamma4,1.0,393,7694568606359226551,217,65,2,16,-3,107
16,gamma4,1.0,394,6311489366178924813,201,37,1,-16,-1,76
16,gamma4,1.0,395,3895702517636185316,151,33,1,-5,16,66
16,gamma4,1.0,396,4191861414262984710,324,42,-1,4,16,110
16,gamma4,1.0,397,439229348066915874,552,74,2,0,-16,192
16,gamma4,1.0,398,8052477880022647051,161,53,1,-16,-3,79
16,gamma4,1.0,399,3532628749933892611,430,38,0,6,-16,79
16,gamma4,1.0,400,2474332728221823271,312,50,0,-8,-16,110
16,gamma4,1.0,401,3888072718847429460,416,64,-3,16,4,130
16,gamma4,1.0,402,3584177081770680848,236,38,1,-16,-8,89
16,gamma4,1.0,403,8439527306097856575,751,69,4,-3,-16,243
16,gamma4,1.0,404,5212443180427063877,180,34,-1,16,0,74
16,gamma4,1.0,405,1688517114974061701,180,56,-2,-6,-16,90
16,gamma4,1.0,406,1578002285958986130,275,47,-3,-16,5,110
16,gamma4,1.0,407,1251547124030728617,217,35,0,3,16,58
16,gamma4,1.0,408,1914922957367628742,609,37,0,-11,-16,200
16,gamma4,1.0,409,5792407635078476960,173,29,0,-7,16,54
16,gamma4,1.0,410,6069596292213821608,309,47,0,-16,-13,90
16,gamma4,1.0,411,272794499467894806,136,26,-1,16,2,52
16,gamma4,1.0,412,2634544100253415243,203,43,0,-16,-1,87
16,gamma4,1.0,413,4261144842412671739,124,34,-2,0,16,51
16,gamma4,1.0,414,7127064938421666552,229,57,-1,-16,-13,99
16,gamma4,1.0,415,5354207943847188295,640,32,1,-16,4,184
16,gamma4,1.0,416,8951015553921330715,418,40,1,16,-2,120
16,gamma4,1.0,417,8042465532373296826,1022,46,2,-16,-8,172
16,gamma4,1.0,418,6179822444997552100,229,47,2,9,16,74
16,gamma4,1.0,419,7893053937402174444,179,37,0,-9,-16,57
16,gamma4,1.0,420,2062468043052692546,250,46,0,8,16,92
16,gamma4,1.0,421,1297452302820930347,417,35,0,-16,-1,112
16,gamma4,1.0,422,352142982814965051,523,35,1,-16,3,150
16,gamma4,1.0,423,1416932338908444871,618,40,0,12,16,187
16,gamma4,1.0,424,584336003348611622,585,35,0,16,1,172
16,gamma4,1.0,425,7800458519845778218,406,34,-1,-16,0,111
16,gamma4,1.0,426,1797671447628723542,184,44,1,-4,16,73
16,gamma4,1.0,427,2637105374377360221,184,38,-2,-12,16,88
16,gamma4,1.0,428,7248920469192618862,968,46,-1,16,2,165
16,gamma4,1.0,429,515048405960150339,253,31,1,16,9,80
16,gamma4,1.0,430,1052443830706043576,127,39,1,-16,5,56
16,gamma4,1.0,431,9118851756507194968,197,35,-1,-16,-11,60
16,gamma4,1.0,432,283178408076593933,68,26,1,-16,0,34
16,gamma4,1.0,433,795302260399644383,160,28,0,4,16,72
16,gamma4,1.0,434,249002079232708356,190,48,1,10,16,75
16,gamma4,1.0,435,2952729789397378780,213,41,-4,-7,16,77
16,gamma4,1.0,436,5138333583672598403,268,36,-1,-16,10,97
16,gamma4,1.0,437,1444320934623977109,1013,41,-1,-16,-3,243
16,gamma4,1.0,438,301768676767506835,409,43,-1,16,3,95
16,gamma4,1.0,439,9074698256154733480,229,27,1,16,-5,86
16,gamma4,1.0,440,8017277328911461220,580,60,2,-4,16,139
16,gamma4,1.0,441,1465629610828484510,241,33,0,16,-11,75
16,gamma4,1.0,442,2049635886398241088,104,28,0,-6,-16,41
16,gamma4,1.0,443,7970131278205253611,298,38,-1,2,-16,102
16,gamma4,1.0,444,6181068807889615182,451,75,1,11,16,150
16,gamma4,1.0,445,5447052307373958519,168,34,1,16,-10,68
16,gamma4,1.0,446,5858569543866904942,577,31,3,16,9,120
16,gamma4,1.0,447,8791922602751291745,180,30,0,2,-16,49
16,gamma4,1.0,448,5211480497002561861,267,37,0,11,-16,103
16,gamma4,1.0,449,8583925144061218011,232,34,1,16,4,101
16,gamma4,1.0,450,6538305831054184750,122,42,-1,-10,16,73
16,gamma4,1.0,451,1709538861760696080,182,42,1,-2,16,81
16,gamma4,1.0,452,1163844225893903920,511,21,-1,3,-16,83
16,gamma4,1.0,453,8190466837956132472,1252,44,1,-6,-16,282
16,gamma4,1.0,454,7576808237188939697,86,28,1,-16,-2,45
16,gamma4,1.0,455,3804680625244192931,326,30,1,12,16,103
16,gamma4,1.0,456,8561427113403772145,512,66,2,6,16,178
16,gamma4,1.0,457,9171229879922948669,306,36,-1,-8,16,88
16,gamma4,1.0,458,6131377063164186933,276,36,-1,2,16,68
16,gamma4,1.0,459,6286856790055652525,616,44,1,16,-4,165
16,gamma4,1.0,460,9155312259205114259,403,33,1,-9,16,122
16,gamma4,1.0,461,510277647638219015,621,27,0,-16,7,139
16,gamma4,1.0,462,2438385024111690077,513,29,0,16,-1,138
16,gamma4,1.0,463,1339275409005348590,843,49,2,1,16,211
16,gamma4,1.0,464,8094640233391341550,194,30,-1,4,-16,69
16,gamma4,1.0,465,5915521774787150794,228,26,-1,0,-16,74
16,gamma4,1.0,466,3238598152870000941,205,33,1,16,3,63
16,gamma4,1.0,467,6922976166833799278,556,50,2,0,-16,144
16,gamma4,1.0,468,9010226401487861410,184,40,1,16,-8,78
16,gamma4,1.0,469,2017313156546852035,273,19,0,16,-1,84
16,gamma4,1.0,470,5463705847109536944,470,38,2,-10,16,111
16,gamma4,1.0,471,549444346902939921,826,28,-1,16,6,156
16,gamma4,1.0,472,6107233724575074746,586,38,1,10,16,160
16,gamma4,1.0,473,564841776869622551,368,60,1,16,-8,125
16,gamma4,1.0,474,2759636538416889651,663,73,0,16,-5,198
16,gamma4,1.0,475,8104016738363323476,2114,38,-1,-16,4,339
16,gamma4,1.0,476,8737233803951838818,471,37,0,-16,5,141
16,gamma4,1.0,477,9079512317957673694,393,45,0,-7,-16,103
16,gamma4,1.0,478,352421651766094884,126,26,-1,8,-16,52
16,gamma4,1.0,479,7862123316157040779,230,68,1,16,6,101
16,gamma4,1.0,480,4874076210591391803,553,49,-3,-16,-1,143
16,gamma4,1.0,481,3762087665981020870,1037,41,3,-16,5,240
16,gamma4,1.0,482,3061989210219168200,574,24,-1,0,-16,118
16,gamma4,1.0,483,3500467653519896941,250,28,0,2,16,101
16,gamma4,1.0,484,2587419866879636414,210,28,0,16,-2,56
16,gamma4,1.0,485,5487895528496020042,351,39,1,11,16,123
16,gamma4,1.0,486,1642728241598644642,100,38,0,-6,-16,48
16,gamma4,1.0,487,4841988193352286314,210,26,0,-16,4,70
16,gamma4,1.0,488,603170250904351108,966,34,-2,0,-16,227
16,gamma4,1.0,489,1351823122035741161,133,27,1,1,16,46
16,gamma4,1.0,490,7658533455024377287,392,36,2,0,-16,120
16,gamma4,1.0,491,5258299240124584364,314,46,0,8,16,90
16,gamma4,1.0,492,2789208107713493475,454,68,1,-10,16,132
16,gamma4,1.0,493,3528995382788853219,930,68,0,16,8,167
16,gamma4,1.0,494,754321614016090776,709,61,4,-9,16,204
16,gamma4,1.0,495,1202079336605742253,536,34,0,4,16,179
16,gamma4,1.0,496,2384457590585389024,101,39,0,-3,16,55
16,gamma4,1.0,497,332396872751780141,384,34,0,2,-16,119
16,gamma4,1.0,498,2237586120717248581,61,29,0,-7,16,39
16,gamma4,1.0,499,6733655024265875929,130,48,1,4,16,68
16,gamma4,1.0,500,2558991912065701199,138,36,0,16,-8,66
16,gamma4,1.0,501,6205327387880982979,60,26,1,-16,-4,36
16,gamma4,1.0,502,647615025589600047,406,40,-3,-16,-2,158
16,gamma4,1.0,503,5542055931749423241,634,40,-1,16,-2,154
16,gamma4,1.0,504,6143150138558412581,267,43,3,5,16,67
16,gamma4,1.0,505,3714452265590499556,73,29,0,-1,16,43
16,gamma4,1.0,506,767687560368449077,996,50,-1,16,-4,178
16,gamma4,1.0,507,6173880763485164685,282,32,1,16,8,114
16,gamma4,1.0,508,5533183541185855494,294,46,-1,-16,-4,99
16,gamma4,1.0,509,7379022144145412111,201,41,1,-16,3,73
16,gamma4,1.0,510,119415941331041803,74,30,-1,-16,4,44
16,gamma4,1.0,511,7194637939732279463,111,41,-2,13,-16,64
16,gamma4,1.0,512,7433070734194341703,608,24,1,-2,-16,163
16,gamma4,1.0,513,6872799246202676825,506,38,-1,-16,-14,141
16,gamma4,1.0,514,5520213910665852910,575,79,-2,16,15,186
16,gamma4,1.0,515,8883074104885749884,500,42,-2,16,6,136
16,gamma4,1.0,516,7766561325081796759,250,32,2,8,16,99
16,gamma4,1.0,517,1912370178440326636,568,34,0,16,-6,170
16,gamma4,1.0,518,4728066609763118133,1488,48,4,16,-6,296
16,gamma4,1.0,519,5879922043124245251,99,41,1,3,16,61
16,gamma4,1.0,520,4308198665021265905,221,47,-1,-16,-7,76
16,gamma4,1.0,521,7060308805229101144,98,30,-1,-4,-16,44
16,gamma4,1.0,522,852268861045943923,222,42,-1,-8,16,82
16,gamma4,1.0,523,5881135135489282848,323,57,-1,-5,16,122
16,gamma4,1.0,524,5133664751340876038,93,29,-1,7,16,52
16,gamma4,1.0,525,6837408221286486652,123,41,0,-1,16,62
16,gamma4,1.0,526,6900081329256053057,120,26,0,16,0,67
16,gamma4,1.0,527,1490395216434567764,171,43,1,1,-16,69
16,gamma4,1.0,528,1465510748705775615,395,35,-1,16,9,159
16,gamma4,1.0,529,1444067408504754114,323,41,-1,-16,7,107
16,gamma4,1.0,530,8162797978128638549,423,47,-2,-13,16,170
16,gamma4,1.0,531,4838262663407433727,88,22,0,-4,16,42
16,gamma4,1.0,532,2676259962914873101,94,24,0,16,4,44
16,gamma4,1.0,533,1154516891884168733,153,29,-1,16,-7,65
16,gamma4,1.0,534,339734777112389960,318,26,1,4,16,109
16,gamma4,1.0,535,7797058024003414163,143,57,2,3,16,71
16,gamma4,1.0,536,1317627686347538675,158,24,1,0,-16,68
16,gamma4,1.0,537,3548416048226542115,257,43,0,-7,16,94
16,gamma4,1.0,538,475468188529076116,118,48,0,16,10,67
16,gamma4,1.0,539,3171201232483536465,399,45,0,-7,-16,117
16,gamma4,1.0,540,6966696200310015628,286,30,1,-16,0,101
16,gamma4,1.0,541,7544701330017277914,369,47,-1,16,-7,99
16,gamma4,1.0,542,6347323078885758533,188,48,-1,-16,-12,73
16,gamma4,1.0,543,378439184073416276,827,35,0,3,-16,170
16,gamma4,1.0,544,1311347382218988336,176,44,-1,2,16,71
16,gamma4,1.0,545,2491274245259447257,241,49,-2,-16,-9,102
16,gamma4,1.0,546,6973628255726367981,298,40,0,-16,-12,104
16,gamma4,1.0,547,797955161645890549,221,27,0,-16,1,93
16,gamma4,1.0,548,8828161293667062161,219,51,-1,7,16,87
16,gamma4,1.0,549,9087670749885399814,183,35,-1,-16,5,66
16,gamma4,1.0,550,8413449024674093605,244,42,0,-8,16,98
16,gamma4,1.0,551,1056405784862686621,479,51,1,16,-11,155
16,gamma4,1.0,552,3790680181623111761,230,56,2,-16,6,81
16,gamma4,1.0,553,5656187856629250585,97,31,0,-16,3,54
16,gamma4,1.0,554,5474240732901367214,88,26,1,0,16,47
16,gamma4,1.0,555,8483480923153111474,328,48,0,-16,10,117
16,gamma4,1.0,556,5192234736411180989,202,30,1,-16,6,79
16,gamma4,1.0,557,6914885601390734202,445,33,-2,-11,16,164
16,gamma4,1.0,558,6652558386910551365,233,43,2,-16,1,75
16,gamma4,1.0,559,4300224664702040790,456,64,-1,-12,-16,126
16,gamma4,1.0,560,6984438057378450761,169,43,-2,-16,5,75
16,gamma4,1.0,561,7095688466434449220,105,33,0,-7,-16,58
16,gamma4,1.0,562,631326309842562425,448,62,-1,2,-16,151
16,gamma4,1.0,563,9142098855094036999,310,26,1,0,16,116
16,gamma4,1.0,564,7848338906170349478,148,30,-2,-2,-16,46
16,gamma4,1.0,565,44205212617533681,309,47,-1,-16,-9,103
16,gamma4,1.0,566,7668297415826350235,150,34,-2,-16,-6,52
16,gamma4,1.0,567,5889981466808056942,584,52,1,-16,0,113
16,gamma4,1.0,568,8782640747657345627,376,68,-2,8,16,167
16,gamma4,1.0,569,2184365030137172040,67,25,0,-5,16,37
16,gamma4,1.0,570,5138987882608086256,174,28,0,-16,0,61
16,gamma4,1.0,571,247027280343524208,109,39,-1,-9,16,63
16,gamma4,1.0,572,486040735338961411,290,36,0,-4,16,101
16,gamma4,1.0,573,1836458222814163479,630,46,0,8,-16,148
16,gamma4,1.0,574,2634396491599930684,164,46,-1,16,0,72
16,gamma4,1.0,575,7168010336782848547,299,37,-1,-16,-1,103
16,gamma4,1.0,576,3612666361680994334,94,24,1,2,16,44
16,gamma4,1.0,577,1698452566202585685,151,33,-2,16,1,58
16,gamma4,1.0,578,3248598723061422231,145,37,2,-16,7,70
16,gamma4,1.0,579,5956706324571399603,256,36,1,-16,14,88
16,gamma4,1.0,580,5431474934491665615,147,33,0,1,-16,65
16,gamma4,1.0,581,1581400178017011383,609,33,0,3,16,173
16,gamma4,1.0,582,1267856768642150164,137,37,1,1,16,54
16,gamma4,1.0,583,5092847316724734424,531,59,2,-1,-16,173
16,gamma4,1.0,584,7280089324000894376,152,26,0,-2,-16,52
16,gamma4,1.0,585,2217643719375858427,234,36,-2,0,16,84
16,gamma4,1.0,586,5944541604987305883,2083,59,3,-11,16,390
16,gamma4,1.0,587,2854475872125346469,328,24,0,6,16,125
16,gamma4,1.0,588,4861764915813152242,138,68,4,16,-10,92
16,gamma4,1.0,589,7114465843849365126,65,31,-2,16,1,39
16,gamma4,1.0,590,380068100855016889,406,70,-3,-14,16,140
16,gamma4,1.0,591,7471098088989736743,210,42,0,16,14,74
16,gamma4,1.0,592,3708099997677514993,152,42,2,16,2,88
16,gamma4,1.0,593,8695521976140950229,924,70,2,-8,16,228
16,gamma4,1.0,594,339757345416492876,248,28,1,-2,-16,102
16,gamma4,1.0,595,2988470042177953770,153,37,0,-16,-3,63
16,gamma4,1.0,596,1920266029624229054,79,25,0,1,16,34
16,gamma4,1.0,597,2374594982208465897,406,38,-3,16,6,143
16,gamma4,1.0,598,8186421051843782836,169,25,-1,-3,-16,66
16,gamma4,1.0,599,727334034113800974,327,53,0,-16,-11,119
16,gamma4,1.0,600,8140878417917252975,765,43,2,-16,3,145
16,gamma4,1.0,601,2197372944512908360,246,66,0,-16,-14,126
16,gamma4,1.0,602,1053058012832920807,217,39,-1,11,-16,82
16,gamma4,1.0,603,7783487753649054959,534,34,-1,4,-16,157
16,gamma4,1.0,604,7960717560739797452,1269,53,-2,9,-16,242
16,gamma4,1.0,605,6652877372945459802,486,38,0,6,-16,150
16,gamma4,1.0,606,2168881396615155726,98,28,0,-16,-4,48
16,gamma4,1.0,607,5041096788967578650,1015,55,-3,-3,16,197
16,gamma4,1.0,608,3265240363165671634,566,42,-1,-6,-16,127
16,gamma4,1.0,609,308988018931937228,185,39,-1,16,-5,69
16,gamma4,1.0,610,8515914680993716945,171,41,0,16,7,71
16,gamma4,1.0,611,7234973872388250026,373,39,-2,-1,-16,93
16,gamma4,1.0,612,8027033317716324939,888,54,-2,-12,16,237
16,gamma4,1.0,613,3410602508972201743,366,40,-2,-16,-6,126
16,gamma4,1.0,614,2383430040558566146,112,42,3,16,-2,57
16,gamma4,1.0,615,4786931502407373437,1509,47,2,-16,-9,221
16,gamma4,1.0,616,5696280533352187353,453,31,0,7,16,86
16,gamma4,1.0,617,6252852783566289860,189,33,1,-9,-16,71
16,gamma4,1.0,618,1069748442799975994,161,29,0,1,16,67
16,gamma4,1.0,619,2523104316920397506,344,28,0,16,6,136
16,gamma4,1.0,620,2033355549277235008,70,32,-2,8,-16,41
16,gamma4,1.0,621,1139413957980308731,1273,67,-4,5,-16,254
16,gamma4,1.0,622,4580491203028792679,549,51,1,16,-9,138
16,gamma4,1.0,623,1014887524940434628,370,28,0,16,-2,122
16,gamma4,1.0,624,7288273870632280582,629,33,2,7,16,152
16,gamma4,1.0,625,6795628505497062101,559,33,1,-16,-3,140
16,gamma4,1.0,626,8746509950130011901,195,31,0,-16,-9,57
16,gamma4,1.0,627,3345677373300084802,409,29,0,16,3,112
16,gamma4,1.0,628,7701412768861520130,277,45,-1,11,16,130
16,gamma4,1.0,629,3776377189027818665,1128,50,-2,8,-16,256
16,gamma4,1.0,630,9142773720126422623,93,43,1,-1,-16,60
16,gamma4,1.0,631,8749755927537581249,140,56,1,16,12,78
16,gamma4,1.0,632,8414984755815125885,250,46,-1,4,-16,97
16,gamma4,1.0,633,6178370728433339243,219,33,0,16,1,73
16,gamma4,1.0,634,4317716760322523213,552,40,0,-10,-16,172
16,gamma4,1.0,635,8810976673172890217,230,42,1,-6,16,88
16,gamma4,1.0,636,2840634898989268880,303,41,0,7,-16,76
16,gamma4,1.0,637,2623040219198217527,1257,49,-2,-16,-9,187
16,gamma4,1.0,638,4767099459503394929,277,31,0,-1,-16,98
16,gamma4,1.0,639,3007203164144421648,1273,45,-1,-16,-3,259
16,gamma4,1.0,640,5454420214124796742,61,33,0,13,16,39
16,gamma4,1.0,641,4357751853066568669,291,37,-1,-16,-5,87
16,gamma4,1.0,642,3708118169451661873,99,35,2,-16,-1,53
16,gamma4,1.0,643,6763990820470223193,1110,58,1,-8,-16,283
16,gamma4,1.0,644,3111547234793471846,808,66,-5,-2,-16,206
16,gamma4,1.0,645,4825517255065667788,233,29,-1,5,16,66
16,gamma4,1.0,646,938600670636770729,669,49,0,16,-11,181
16,gamma4,1.0,647,788501816312743794,571,59,-1,-3,-16,137
16,gamma4,1.0,648,3161843952124827428,538,34,2,-16,8,132
16,gamma4,1.0,649,1153075459621258089,200,28,1,-10,-16,69
16,gamma4,1.0,650,8860718147398099623,306,40,0,-16,4,126
16,gamma4,1.0,651,5924279043592757582,68,30,1,-4,16,43
16,gamma4,1.0,652,3683562219038811615,351,47,0,16,-3,98
16,gamma4,1.0,653,5917150077056250506,739,39,-2,9,-16,160
16,gamma4,1.0,654,721801451119120442,325,31,0,-16,11,98
16,gamma4,1.0,655,1843215545502069449,560,42,2,16,4,156
16,gamma4,1.0,656,5492893736948414456,134,30,1,-16,-6,51
16,gamma4,1.0,657,4206446332685516293,221,45,-1,16,3,89
16,gamma4,1.0,658,6146676650525817819,875,27,0,-5,-16,175
16,gamma4,1.0,659,7302815938527011329,92,34,0,10,16,49
16,gamma4,1.0,660,612319863565582568,118,22,0,-16,2,51
16,gamma4,1.0,661,9018507881285049296,411,67,4,-16,-5,119
16,gamma4,1.0,662,387049808605544765,603,73,2,16,7,153
16,gamma4,1.0,663,4490959937992374759,735,105,-2,-16,7,232
16,gamma4,1.0,664,2765192615734745586,1490,36,2,-16,10,269
16,gamma4,1.0,665,2967875428219020819,1127,27,0,-7,-16,280
16,gamma4,1.0,666,1915379584844342976,51,29,-1,-1,-16,37
16,gamma4,1.0,667,1823012456702485530,350,64,3,16,-12,130
16,gamma4,1.0,668,2717081930054988652,555,37,0,16,9,160
16,gamma4,1.0,669,7830086850587359494,1088,48,2,-8,-16,206
16,gamma4,1.0,670,8894094058672502824,373,41,1,15,-16,115
16,gamma4,1.0,671,8103555510907952675,815,31,0,16,-1,194
16,gamma4,1.0,672,7202797281858891603,200,40,-3,-16,-6,93
16,gamma4,1.0,673,7304225632777239121,228,40,1,8,-16,70
16,gamma4,1.0,674,1343705472543676362,274,26,1,6,-16,55
16,gamma4,1.0,675,7646492002477342947,795,81,-3,-16,-11,195
16,gamma4,1.0,676,5547635775333761327,143,35,1,-1,16,56
16,gamma4,1.0,677,7107904955933342161,732,48,1,-16,-4,181
16,gamma4,1.0,678,4711034861188277829,540,36,-1,0,-16,199
16,gamma4,1.0,679,4513682882776459425,526,30,1,-16,-2,156
16,gamma4,1.0,680,491196203677395743,807,29,0,16,-5,202
16,gamma4,1.0,681,1944722646547374821,901,59,-1,1,-16,225
16,gamma4,1.0,682,5283781683520167823,1375,65,2,-16,-7,296
16,gamma4,1.0,683,3296721944000053277,93,31,-2,3,16,49
16,gamma4,1.0,684,8003007067991351348,365,41,0,-3,-16,100
16,gamma4,1.0,685,7737909579355768675,330,42,1,-8,-16,85
16,gamma4,1.0,686,7976512988147676192,644,30,-2,-16,-10,115
16,gamma4,1.0,687,7715329849141093196,299,29,1,-7,-16,93
16,gamma4,1.0,688,6652551956312765415,240,42,1,-14,-16,85
16,gamma4,1.0,689,307043644624230549,432,42,0,-2,16,107
16,gamma4,1.0,690,1717563593228347056,247,45,-1,-16,11,83
16,gamma4,1.0,691,9154396370119244743,260,46,-1,4,16,93
16,gamma4,1.0,692,1652585751122096201,609,33,1,-1,-16,172
16,gamma4,1.0,693,7311855784691193813,308,28,-1,-16,-2,78
16,gamma4,1.0,694,6656359840439130226,360,76,-1,-12,-16,139
16,gamma4,1.0,695,7305441535283402708,84,34,-1,2,-16,45
16,gamma4,1.0,696,730131798730279681,210,42,-1,0,16,82
16,gamma4,1.0,697,8355637969849899564,1113,153,-2,13,-16,332
16,gamma4,1.0,698,1031583032279118917,177,57,0,-11,-16,85
16,gamma4,1.0,699,4695906012013579292,284,40,0,16,8,104
32,gamma4,1.0,0,7502870312019612662,669,73,-2,-13,32,210
32,gamma4,1.0,1,5465821229797858999,1283,71,0,-13,-32,357
32,gamma4,1.0,2,455225074651821118,2323,113,2,-32,-3,485
32,gamma4,1.0,3,1725975712003260341,885,67,1,-1,-32,187
32,gamma4,1.0,4,2500121873075875965,1514,98,-2,32,16,359
32,gamma4,1.0,5,4827698042148104502,1932,136,-2,32,-24,472
32,gamma4,1.0,6,2659045351831395240,1359,105,-1,-32,-13,323
32,gamma4,1.0,7,3676020893486747417,874,80,1,-20,32,210
32,gamma4,1.0,8,6556663048040844753,313,59,1,-7,-32,119
32,gamma4,1.0,9,2375165711474499788,3402,104,0,-32,18,710
32,gamma4,1.0,10,3948508684043775712,705,79,2,-32,-1,330
32,gamma4,1.0,11,8975894306749022312,1698,72,-1,2,-32,398
32,gamma4,1.0,12,3037143440702160160,372,78,2,32,-2,152
32,gamma4,1.0,13,1739650227268496071,1522,98,-2,-2,32,349
32,gamma4,1.0,14,4080676495185725732,718,124,-3,32,2,275
32,gamma4,1.0,15,9005190325742071374,807,71,2,11,32,198
32,gamma4,1.0,16,8992626299235479271,1665,79,1,-17,-32,464
32,gamma4,1.0,17,92376754564399673,499,93,0,32,-21,192
32,gamma4,1.0,18,5755142317003057744,355,87,2,9,32,147
32,gamma4,1.0,19,1009424913865274760,3930,158,3,-16,-32,635
32,gamma4,1.0,20,8418118264639595421,623,83,0,21,-32,169
32,gamma4,1.0,21,7179980287186787149,1571,115,0,-32,-3,366
32,gamma4,1.0,22,1159651385399075880,197,83,1,32,3,107
32,gamma4,1.0,23,4464635126077491543,406,82,0,-32,-18,155
32,gamma4,1.0,24,8171043586010399598,1884,224,3,32,0,480
32,gamma4,1.0,25,582293718799527060,376,64,-1,0,-32,121
32,gamma4,1.0,26,6348751462104795305,509,109,0,-32,-13,183
32,gamma4,1.0,27,2273711347049960715,253,79,-1,-1,32,131
32,gamma4,1.0,28,2667366398662309566,1829,87,-1,-32,-3,400
32,gamma4,1.0,29,4585866641986363356,1217,75,0,21,-32,279
32,gamma4,1.0,30,6087369996029173309,2320,148,0,18,32,475
32,gamma4,1.0,31,1353250923237187055,674,80,3,8,32,199
32,gamma4,1.0,32,5440009779163422713,4014,122,-1,-10,32,812
32,gamma4,1.0,33,6863517739016453877,1577,119,3,32,5,380
32,gamma4,1.0,34,1193726870709865844,969,79,-1,-32,3,280
32,gamma4,1.0,35,9076822126342751300,808,72,2,-2,32,210
32,gamma4,1.0,36,4519303752792801711,1190,178,1,-26,32,386
32,gamma4,1.0,37,2084049184981376538,1896,84,1,-32,-18,467
32,gamma4,1.0,38,2858959097571008627,2113,85,1,32,9,461
32,gamma4,1.0,39,2903677083005792523,563,93,-2,5,-32,219
32,gamma4,1.0,40,8067047535169173007,415,69,2,-5,32,177
32,gamma4,1.0,41,6498952320219448569,781,177,0,11,-32,350
32,gamma4,1.0,42,8744963739946742416,2942,104,-2,-32,-8,640
32,gamma4,1.0,43,5200175574796884407,1041,87,1,32,-13,339
32,gamma4,1.0,44,5168711052615915239,1068,120,-1,-10,-32,338
32,gamma4,1.0,45,6854836575105480652,2656,98,1,-32,-10,594
32,gamma4,1.0,46,698362653404085929,1795,151,0,-32,-15,431
32,gamma4,1.0,47,5869904067483479464,423,87,-1,-15,32,167
32,gamma4,1.0,48,768188169334910535,601,69,0,-32,3,193
32,gamma4,1.0,49,4000824190617115395,1145,109,1,3,32,354
32,gamma4,1.0,50,1804667144940328562,1665,111,0,23,-32,451
32,gamma4,1.0,51,67033813289017039,1893,105,0,32,-21,470
32,gamma4,1.0,52,1155622497670664241,1320,74,-1,32,2,425
32,gamma4,1.0,53,3812402029108207215,1124,104,-2,32,-2,303
32,gamma4,1.0,54,8785285397887258336,7056,90,-1,32,6,1145
32,gamma4,1.0,55,5934285814623498585,617,87,-1,7,32,200
32,gamma4,1.0,56,492341440963079536,1737,75,-1,-23,32,304
32,gamma4,1.0,57,5134415574412684529,2924,98,0,-32,8,578
32,gamma4,1.0,58,4297775249513013603,1551,89,-1,-32,21,358
32,gamma4,1.0,59,4487857826270058447,844,138,0,-32,-18,283
32,gamma4,1.0,60,5402885259406941267,1587,77,0,-13,32,380
32,gamma4,1.0,61,4080743683005923480,1265,85,2,-32,19,284
32,gamma4,1.0,62,6950988067911225838,637,109,-2,-32,23,229
32,gamma4,1.0,63,5892065058481714658,723,107,0,-3,-32,255
32,gamma4,1.0,64,6210357010325765937,501,91,1,-32,17,171
32,gamma4,1.0,65,4038325001772648461,1899,175,-3,1,-32,521
32,gamma4,1.0,66,1031162658577416015,753,75,0,11,-32,233
32,gamma4,1.0,67,6289548775736196721,699,93,2,32,11,244
32,gamma4,1.0,68,7773852472627969363,764,122,2,-32,20,238
32,gamma4,1.0,69,9087112094783403337,579,117,0,-32,1,214
32,gamma4,1.0,70,1715769965965101949,2998,186,-4,-22,-32,629
32,gamma4,1.0,71,803488918445471855,275,55,1,-32,1,120
32,gamma4,1.0,72,4413716155240852913,4464,120,-1,-32,6,751
32,gamma4,1.0,73,4282753364164911186,2159,77,0,-17,-32,488
32,gamma4,1.0,74,4621071271485165986,328,64,-1,-4,-32,121
32,gamma4,1.0,75,278053787723088970,392,70,3,-32,-18,128
32,gamma4,1.0,76,5552359903188801109,2072,84,0,32,-14,495
32,gamma4,1.0,77,6450843330609274748,539,105,1,23,-32,197
32,gamma4,1.0,78,7830600835423492938,974,130,-3,-32,-4,329
32,gamma4,1.0,79,3615359278203226299,462,76,0,-32,22,148
32,gamma4,1.0,80,3343399268543716319,1461,77,-1,-13,32,370
32,gamma4,1.0,81,4023040945792500024,1124,122,2,-18,-32,351
32,gamma4,1.0,82,447135297821973049,2378,114,-1,-24,-32,505
32,gamma4,1.0,83,7162012638902162500,6287,77,-2,-32,-27,731
32,gamma4,1.0,84,5852152544459167471,1904,168,2,30,32,448
32,gamma4,1.0,85,991159186779838838,878,144,-2,-32,-2,315
32,gamma4,1.0,86,5974863910853827430,954,110,-2,-6,-32,288
32,gamma4,1.0,87,6141740927256483604,2824,78,-2,0,32,529
32,gamma4,1.0,88,8508704533464709744,853,121,2,-32,9,345
32,gamma4,1.0,89,3359945683548844823,3544,190,-3,-18,32,683
32,gamma4,1.0,90,7474617350414297824,1353,121,0,-3,-32,328
32,gamma4,1.0,91,6915616702613391134,783,145,1,-32,-9,287
32,gamma4,1.0,92,7160904261611936036,892,146,-1,32,8,335
32,gamma4,1.0,93,5406591860797702110,518,84,0,-4,-32,214
32,gamma4,1.0,94,4298311558881624133,410,84,0,16,32,140
32,gamma4,1.0,95,8057910775692331603,3938,144,1,-26,-32,896
32,gamma4,1.0,96,3648978956293824953,311,77,3,-32,-7,120
32,gamma4,1.0,97,6962901536775961709,1556,106,2,-6,-32,420
32,gamma4,1.0,98,9117894328028765567,1160,100,1,32,-20,288
32,gamma4,1.0,99,2622636285891784483,1141,85,3,-7,32,350
32,gamma4,1.0,100,3413971408104735951,1052,88,1,22,32,269
32,gamma4,1.0,101,6782019677359288323,1043,117,-1,17,-32,303
32,gamma4,1.0,102,2288137488820913407,2092,92,0,-32,-14,513
32,gamma4,1.0,103,2518481040105350377,1327,63,0,-5,-32,251
32,gamma4,1.0,104,6327936078140949521,1120,144,4,6,32,305
32,gamma4,1.0,105,3999162567958060078,1392,78,2,32,4,359
32,gamma4,1.0,106,2557629669868823402,3924,164,4,-32,0,826
32,gamma4,1.0,107,6595491988388962471,1206,64,0,-32,2,315
32,gamma4,1.0,108,3141377421066884630,1102,108,-1,-32,20,320
32,gamma4,1.0,109,8095956523548232819,358,76,0,-32,22,160
32,gamma4,1.0,110,998926285671949298,1672,124,-3,32,-6,477
32,gamma4,1.0,111,3420871113649532227,2197,135,-1,1,-32,426
32,gamma4,1.0,112,6414925926358384607,3123,95,0,32,-5,597
32,gamma4,1.0,113,5278213322910503548,1413,87,0,15,-32,363
32,gamma4,1.0,114,4491542522035953109,1728,128,2,-8,32,487
32,gamma4,1.0,115,1846579619655273108,2465,105,0,1,32,583
32,gamma4,1.0,116,8355436434430458891,465,89,2,-17,-32,149
32,gamma4,1.0,117,8113035082623679756,2836,130,1,-18,-32,716
32,gamma4,1.0,118,8991316320469701320,295,67,-1,-11,-32,106
32,gamma4,1.0,119,8271460291958324307,1422,110,1,-20,-32,326
32,gamma4,1.0,120,3027919782132835732,4468,130,-3,18,-32,656
32,gamma4,1.0,121,3314491550469407676,2986,66,0,32,6,676
32,gamma4,1.0,122,712208071474118656,937,81,1,9,32,292
32,gamma4,1.0,123,8955133929302615323,374,68,1,-4,32,144
32,gamma4,1.0,124,8717131943940209780,3542,68,-1,-32,6,749
32,gamma4,1.0,125,6993819324609194094,211,73,-1,19,-32,114
32,gamma4,1.0,126,1865865105962720740,2337,121,0,-32,17,560
32,gamma4,1.0,127,5129219064242426423,1039,117,2,-32,1,292
32,gamma4,1.0,128,4134113754200580140,584,68,0,-4,32,148
32,gamma4,1.0,129,4268707588459780048,2737,87,0,-3,32,645
32,gamma4,1.0,130,5540139331462958415,2102,92,4,32,-16,499
32,gamma4,1.0,131,9047371769386704213,2254,82,-1,4,32,550
32,gamma4,1.0,132,5470568015340159171,1882,200,-1,-32,4,518
32,gamma4,1.0,133,4618863829684116843,865,81,0,1,32,221
32,gamma4,1.0,134,5240047110132053880,1942,178,-1,-10,-32,569
32,gamma4,1.0,135,3893686470228116459,2284,178,2,-2,32,533
32,gamma4,1.0,136,3623454971368487606,1809,149,3,-32,1,537
32,gamma4,1.0,137,2938942492692483201,1138,170,-3,-32,-30,401
32,gamma4,1.0,138,4726893175085301178,1418,156,3,32,-20,401
32,gamma4,1.0,139,6869328871151272739,842,96,-1,-8,32,304
32,gamma4,1.0,140,5145405095663823161,2358,108,0,-14,32,472
32,gamma4,1.0,141,7001304594056932906,1984,70,1,8,32,422
32,gamma4,1.0,142,4230435076865301120,1148,114,-1,-28,-32,288
32,gamma4,1.0,143,5285292854212753985,2241,69,-1,5,-32,513
32,gamma4,1.0,144,1511311695159857852,1682,160,2,32,2,384
32,gamma4,1.0,145,796185874957902666,4873,253,-5,-1,32,1146
32,gamma4,1.0,146,938548821255642277,2586,122,1,0,-32,722
32,gamma4,1.0,147,7032715882874985103,1598,66,-1,32,18,457
32,gamma4,1.0,148,2638138547748453188,1325,155,-2,-32,-21,458
32,gamma4,1.0,149,3792217243232675865,1355,61,0,-7,32,325
32,gamma4,1.0,150,3261757916619662288,257,69,0,32,3,110
32,gamma4,1.0,151,9108030272560477709,731,107,-2,9,-32,230
32,gamma4,1.0,152,6854006968830771908,1021,95,0,32,9,272
32,gamma4,1.0,153,5104663566267330153,3883,109,1,27,-32,841
32,gamma4,1.0,154,5405105527388661462,1172,114,3,32,18,352
32,gamma4,1.0,155,3860891586984937108,2098,90,0,2,-32,386
32,gamma4,1.0,156,5735626981661913525,897,93,1,-11,32,227
32,gamma4,1.0,157,7492325716584942424,1079,115,3,-1,-32,300
32,gamma4,1.0,158,2910579980740328328,503,73,1,13,32,179
32,gamma4,1.0,159,5688867999975379517,1933,97,-3,-15,-32,475
32,gamma4,1.0,160,6754940876017296864,1843,101,0,32,17,332
32,gamma4,1.0,161,564173715975953851,395,111,-3,-11,32,182
32,gamma4,1.0,162,2490499675212890067,2738,88,0,-18,-32,706
32,gamma4,1.0,163,7935128639595078337,5414,102,-2,-32,0,971
32,gamma4,1.0,164,6584893456169642472,699,85,-1,9,32,230
32,gamma4,1.0,165,8735342652150699013,1361,85,1,-32,5,345
32,gamma4,1.0,166,5897136381793724877,611,85,-1,15,32,233
32,gamma4,1.0,167,2518159343035614941,824,84,-1,-28,32,294
32,gamma4,1.0,168,5633467652492482014,383,103,-1,-32,-7,165
32,gamma4,1.0,169,7250098009803224880,705,107,1,-32,23,231
32,gamma4,1.0,170,5123331091385313997,305,85,-3,32,15,147
32,gamma4,1.0,171,3242614690302775934,280,70,0,-32,6,124
32,gamma4,1.0,172,2591937328236869004,2262,108,-1,32,-2,567
32,gamma4,1.0,173,7976663099519710517,601,113,0,32,-21,216
32,gamma4,1.0,174,3102465431334914585,276,70,0,32,16,137
32,gamma4,1.0,175,6331293486081882583,1073,73,0,32,17,223
32,gamma4,1.0,176,7331763767966893800,1469,81,-1,13,32,341
32,gamma4,1.0,177,3027792646185493734,1168,108,2,12,32,293
32,gamma4,1.0,178,4999306854565306250,1163,95,-3,32,-5,395
32,gamma4,1.0,179,2408364605292456941,640,98,-2,-20,32,199
32,gamma4,1.0,180,1789459220221181891,972,92,-1,-32,-10,308
32,gamma4,1.0,181,4539050918025325303,1547,111,0,32,-15,331
32,gamma4,1.0,182,9092526275898036832,2492,88,-1,32,2,539
32,gamma4,1.0,183,2918092465404624585,1923,161,2,-7,32,460
32,gamma4,1.0,184,5459137267197712447,2512,64,2,-6,32,496
32,gamma4,1.0,185,8595516323653367597,1267,101,0,-13,-32,333
32,gamma4,1.0,186,3915619458638056851,1134,72,0,-10,-32,271
32,gamma4,1.0,187,1976871233642396373,724,70,1,-12,-32,220
32,gamma4,1.0,188,157562794007844324,610,86,1,18,-32,221
32,gamma4,1.0,189,3617877686271722072,1212,88,-1,4,-32,322
32,gamma4,1.0,190,7430419001403161843,442,62,1,-10,-32,153
32,gamma4,1.0,191,5938018463397783184,1083,57,-1,7,-32,323
32,gamma4,1.0,192,3132166878535355478,1903,153,1,11,-32,471
32,gamma4,1.0,193,4777390783523406396,441,105,-1,15,-32,163
32,gamma4,1.0,194,4635794449205607394,677,87,0,-32,-29,214
32,gamma4,1.0,195,5449058299973741406,341,55,-1,-9,32,134
32,gamma4,1.0,196,2205689710105230099,460,96,0,-24,-32,207
32,gamma4,1.0,197,8391075665541015145,1105,103,-1,32,27,318
32,gamma4,1.0,198,1152478765595615041,2381,97,1,-21,-32,537
32,gamma4,1.0,199,6762629040494223372,1365,163,-4,17,-32,452
32,gamma4,1.0,200,6805167943985441014,606,104,1,24,-32,207
32,gamma4,1.0,201,6339436335715795853,2401,63,1,-1,32,564
32,gamma4,1.0,202,9122461441840499938,862,68,1,-32,-10,252
32,gamma4,1.0,203,1299883276201201067,1248,98,1,32,6,335
32,gamma4,1.0,204,8454571072277332375,750,66,0,32,2,225
32,gamma4,1.0,205,769915986303463983,2285,81,2,32,-13,574
32,gamma4,1.0,206,2911271247063397453,1488,108,1,-32,12,357
32,gamma4,1.0,207,7200437456651865083,632,96,2,-2,32,197
32,gamma4,1.0,208,8529078451071713096,711,87,-1,-7,32,234
32,gamma4,1.0,209,8751608545379524306,2158,62,0,-32,10,592
32,gamma4,1.0,210,3765387326233741856,740,140,1,32,18,256
32,gamma4,1.0,211,6492065992206266616,3345,107,0,32,-17,676
32,gamma4,1.0,212,8260550421289517750,753,103,0,15,-32,236
32,gamma4,1.0,213,612683852830522663,568,104,-1,32,2,208
32,gamma4,1.0,214,7244812863957559765,1147,91,0,-32,7,374
32,gamma4,1.0,215,1180878661811322305,3374,70,-1,10,-32,771
32,gamma4,1.0,216,1969454419433641800,5949,105,1,-32,3,1280
32,gamma4,1.0,217,3933427895363661288,792,88,-2,-12,32,233
32,gamma4,1.0,218,5397930160828547687,1503,61,1,11,-32,424
32,gamma4,1.0,219,6519192290192836243,674,108,2,16,32,272
32,gamma4,1.0,220,6617189784452500574,740,76,1,-32,-10,259
32,gamma4,1.0,221,8364507308049787425,6185,89,2,32,-27,1060
32,gamma4,1.0,222,6587923693113887257,2660,78,0,14,-32,418
32,gamma4,1.0,223,6125315254889878135,1247,101,0,32,-7,308
32,gamma4,1.0,224,3152003405863179750,3372,196,3,32,28,704
32,gamma4,1.0,225,1626116294687198472,855,83,2,-17,-32,249
32,gamma4,1.0,226,608720620855665316,775,105,1,32,-3,249
32,gamma4,1.0,227,9099891460094317206,734,56,0,0,32,222
32,gamma4,1.0,228,2484948925253032281,790,78,0,-32,10,223
32,gamma4,1.0,229,6389317230835514633,1784,132,3,32,16,471
32,gamma4,1.0,230,8954187324875645200,1327,119,-2,11,32,452
32,gamma4,1.0,231,8402368369322951072,1034,102,3,-32,-6,355
32,gamma4,1.0,232,3531259057386563087,3036,82,-2,10,-32,484
32,gamma4,1.0,233,899018118968443056,1276,100,1,-32,12,326
32,gamma4,1.0,234,7210609201159428783,746,112,-1,2,-32,231
32,gamma4,1.0,235,7802148684812399603,718,84,1,32,-2,187
32,gamma4,1.0,236,6340196973151700329,3260,74,0,32,-6,560
32,gamma4,1.0,237,2384800502833817964,1579,131,2,9,32,468
32,gamma4,1.0,238,8384719098076171551,618,60,1,-8,-32,198
32,gamma4,1.0,239,7503402239508058241,1355,83,-2,7,32,303
32,gamma4,1.0,240,6396458998985361376,726,92,-1,-32,-10,256
32,gamma4,1.0,241,61542740975494372,461,75,-1,-15,-32,175
32,gamma4,1.0,242,3474501754729924013,1330,82,-1,-32,10,289
32,gamma4,1.0,243,1953663013345268184,2210,96,2,24,32,435
32,gamma4,1.0,244,118875084387298878,1098,92,-1,32,-26,302
32,gamma4,1.0,245,1262325885481703620,1183,151,2,-32,9,361
32,gamma4,1.0,246,2180743266234694691,436,94,1,-18,32,154
32,gamma4,1.0,247,6654318695836934671,724,70,2,32,6,206
32,gamma4,1.0,248,7529938837557003283,750,150,3,-26,-32,275
32,gamma4,1.0,249,2332287933105948656,1930,82,0,8,32,444
32,gamma4,1.0,250,8516886385005226218,2426,92,1,32,-24,751
32,gamma4,1.0,251,8013878028955596183,1540,70,0,32,-2,382
32,gamma4,1.0,252,7402345473178745893,807,115,0,32,-19,239
32,gamma4,1.0,253,499812014986154663,1892,80,1,-32,24,415
32,gamma4,1.0,254,7219437881154543822,4086,132,1,-14,-32,796
32,gamma4,1.0,255,5149513836124083339,434,68,0,32,-10,151
32,gamma4,1.0,256,6276832044291081764,319,83,-1,-27,32,121
32,gamma4,1.0,257,7387935378127652907,530,100,-1,-16,32,183
32,gamma4,1.0,258,3230041917407870369,1196,70,0,8,-32,277
32,gamma4,1.0,259,7523528274399077898,238,72,1,10,32,109
32,gamma4,1.0,260,2632779103912908371,802,78,1,32,-2,221
32,gamma4,1.0,261,2280663244878186957,695,115,0,-32,-1,265
32,gamma4,1.0,262,4414227680531098574,1665,149,-2,-17,32,460
32,gamma4,1.0,263,3600792756891302605,859,103,0,-23,-32,277
32,gamma4,1.0,264,6001279503622572293,1090,98,-1,-32,6,315
32,gamma4,1.0,265,405547521926969098,693,83,0,-32,-9,233
32,gamma4,1.0,266,170294138942448682,1358,140,-4,-10,-32,391
32,gamma4,1.0,267,5638649888187521251,1595,95,-2,32,5,313
32,gamma4,1.0,268,8622836039093456966,1424,152,2,4,-32,449
32,gamma4,1.0,269,5530229074875523854,1757,97,-1,-32,-13,547
32,gamma4,1.0,270,7711390328711722432,616,86,-2,20,32,159
32,gamma4,1.0,271,6533814191615901483,1125,69,0,32,-21,258
32,gamma4,1.0,272,87923770886154597,853,89,0,-32,19,256
32,gamma4,1.0,273,2652925407590816413,857,95,0,32,-19,303
32,gamma4,1.0,274,6193199457898249176,304,74,0,-32,-10,133
32,gamma4,1.0,275,7059955715238791300,2003,123,-2,32,3,529
32,gamma4,1.0,276,7671117691140546561,741,131,-1,9,-32,263
32,gamma4,1.0,277,3189639754811641944,2574,82,2,-22,-32,567
32,gamma4,1.0,278,4425867787495896041,3722,158,4,-32,-24,676
32,gamma4,1.0,279,1406997460609159331,978,62,1,-8,-32,245
32,gamma4,1.0,280,2035556446185067378,1908,90,-1,4,-32,574
32,gamma4,1.0,281,1352680098629280636,353,69,2,7,32,151
32,gamma4,1.0,282,4903907292824628841,1649,127,2,-7,-32,481
32,gamma4,1.0,283,6314218862857648910,1212,74,1,20,32,304
32,gamma4,1.0,284,2485596563408188109,1166,144,1,4,32,371
32,gamma4,1.0,285,8183823671140623827,1114,166,1,20,32,358
32,gamma4,1.0,286,1966239068180057004,1212,64,-1,12,-32,304
32,gamma4,1.0,287,4503248703297363655,636,114,0,-6,-32,236
32,gamma4,1.0,288,7326576475392211035,2835,81,0,32,15,559
32,gamma4,1.0,289,7775040828780677927,673,73,3,32,-23,194
32,gamma4,1.0,290,7363067920751242284,471,95,-1,3,32,168
32,gamma4,1.0,291,3920406215115618602,1431,143,1,32,7,411
32,gamma4,1.0,292,524875025825567540,1255,75,-2,15,-32,288
32,gamma4,1.0,293,1110880976442456047,1222,100,2,-32,12,331
32,gamma4,1.0,294,5906504853931958028,1047,67,0,-32,-5,287
32,gamma4,1.0,295,4688958768308312389,1025,101,-1,-17,-32,316
32,gamma4,1.0,296,8363618176759631492,634,86,-1,28,32,209
32,gamma4,1.0,297,1202132813514629127,1017,87,0,-7,32,285
32,gamma4,1.0,298,9021391454778292567,813,85,-1,9,32,278
32,gamma4,1.0,299,7143710293628464175,1861,119,-1,-3,32,360
32,gamma4,1.0,300,4123299929306389521,1208,54,0,-12,32,299
32,gamma4,1.0,301,1193326247487328042,313,71,1,1,-32,134
32,gamma4,1.0,302,1751776498825170930,614,100,0,-32,-14,223
32,gamma4,1.0,303,541987202805888494,3051,75,2,-9,32,551
32,gamma4,1.0,304,377885383385949839,3199,123,-3,-32,-1,757
32,gamma4,1.0,305,2438757071835951712,398,70,1,12,32,129
32,gamma4,1.0,306,8141894532741475879,2037,137,-2,32,-17,583
32,gamma4,1.0,307,7911461984120041078,407,73,-1,9,-32,157
32,gamma4,1.0,308,5741431054272430907,352,72,1,-6,-32,153
32,gamma4,1.0,309,4994081200985843617,7936,68,-2,-32,16,1023
32,gamma4,1.0,310,4833724401275143816,4793,101,1,-32,-7,755
32,gamma4,1.0,311,9170780228614883317,1248,104,-3,14,-32,317
32,gamma4,1.0,312,3881024599176072995,808,132,-1,-20,32,285
32,gamma4,1.0,313,266768724494911237,987,93,-2,1,-32,236
32,gamma4,1.0,314,4694177156625852350,564,78,1,32,10,167
32,gamma4,1.0,315,8200958915078769640,870,76,1,-12,-32,241
32,gamma4,1.0,316,7436532786329707972,5146,82,1,2,32,855
32,gamma4,1.0,317,2549356688041198251,794,84,2,-18,-32,235
32,gamma4,1.0,318,2946242219579506314,562,76,-1,32,6,200
32,gamma4,1.0,319,2210553373850625489,731,81,2,-32,11,228
32,gamma4,1.0,320,8844855797547900163,2224,70,-1,32,8,528
32,gamma4,1.0,321,3488344074805327261,589,109,0,32,-23,228
32,gamma4,1.0,322,7628541186998746091,574,96,1,32,10,238
32,gamma4,1.0,323,5973751240043490327,2842,182,0,32,-6,604
32,gamma4,1.0,324,7289310597088495029,809,109,1,-15,32,281
32,gamma4,1.0,325,697616103625188829,1805,65,-2,11,-32,462
32,gamma4,1.0,326,7539347496993981107,1550,54,2,-2,32,311
32,gamma4,1.0,327,3477981498999922169,2670,96,1,-32,22,550
32,gamma4,1.0,328,4940455105354648595,2451,111,-3,-9,-32,361
32,gamma4,1.0,329,1690520444821327929,803,97,-1,7,32,242
32,gamma4,1.0,330,6990104724504034689,483,79,1,32,3,171
32,gamma4,1.0,331,5321490270092086569,542,80,-1,-32,10,191
32,gamma4,1.0,332,8719429182479368022,2868,104,-2,2,-32,580
32,gamma4,1.0,333,7145356641274036504,752,72,1,16,-32,289
32,gamma4,1.0,334,2477969676354383547,1539,155,0,32,-5,420
32,gamma4,1.0,335,3500034280777018102,1905,127,-2,-32,13,509
32,gamma4,1.0,336,5540820608411055651,3093,107,1,-32,17,574
32,gamma4,1.0,337,4403191464414611994,929,95,2,-13,-32,242
32,gamma4,1.0,338,4712865542290814311,1213,69,0,32,9,311
32,gamma4,1.0,339,6070916045972290593,2722,102,0,-32,24,626
32,gamma4,1.0,340,1258324412047745163,6310,120,-2,32,-4,982
32,gamma4,1.0,341,6791462122785611741,3878,80,0,-8,-32,532
32,gamma4,1.0,342,3329808882227798349,881,123,1,-23,-32,300
32,gamma4,1.0,343,7967077594077580430,2060,142,4,32,-16,578
32,gamma4,1.0,344,1905419354139204969,1262,104,0,2,32,289
32,gamma4,1.0,345,3457753085695466069,2473,119,1,-32,-17,626
32,gamma4,1.0,346,2185838683158473508,1223,111,-2,32,23,366
32,gamma4,1.0,347,6923545845095573095,1004,78,0,-30,-32,264
32,gamma4,1.0,348,6250764874265499720,2303,89,-1,-32,-7,373
32,gamma4,1.0,349,4727835989614623380,760,58,0,32,-2,241
32,gamma4,1.0,350,4009497824717152646,2113,111,-1,-17,-32,551
32,gamma4,1.0,351,7196129463918718587,1118,176,-2,32,-10,382
32,gamma4,1.0,352,3160631969189837941,1404,126,0,32,22,355
32,gamma4,1.0,353,5877506667476386047,5045,77,-2,1,32,579
32,gamma4,1.0,354,8602875466640964806,1317,99,1,-32,15,453
32,gamma4,1.0,355,4442721283288687945,550,78,0,0,-32,177
32,gamma4,1.0,356,2402542007367672433,6373,91,2,-32,-19,687
32,gamma4,1.0,357,1848499849487517814,2719,155,0,-29,-32,625
32,gamma4,1.0,358,3340976189203074001,386,64,0,32,-6,144
32,gamma4,1.0,359,2629307878417275204,1491,111,1,23,-32,348
32,gamma4,1.0,360,2026536869481620222,714,96,-1,-32,-4,278
32,gamma4,1.0,361,2842477395230084958,1565,101,-3,15,32,357
32,gamma4,1.0,362,5426109229952102872,6430,102,1,-32,22,1163
32,gamma4,1.0,363,2256565055117877398,1050,88,-2,32,18,277
32,gamma4,1.0,364,2180960072135098959,1590,86,0,26,-32,345
32,gamma4,1.0,365,731880862530516659,554,164,1,32,8,277
32,gamma4,1.0,366,7368008397843991751,4949,101,1,-32,25,980
32,gamma4,1.0,367,4245512858210574022,881,89,1,-32,3,259
32,gamma4,1.0,368,3138586702421100910,4067,197,-5,32,5,725
32,gamma4,1.0,369,3237230179472680083,1413,137,-1,17,-32,392
32,gamma4,1.0,370,1090646285832320,570,100,2,32,-20,215
32,gamma4,1.0,371,2703916040363990983,1044,60,0,-32,-12,215
32,gamma4,1.0,372,6685314304235795112,273,69,-1,5,-32,125
32,gamma4,1.0,373,8146633553293438243,1668,96,0,32,-2,340
32,gamma4,1.0,374,2043561432487756735,3012,154,2,14,32,627
32,gamma4,1.0,375,8967137331507858617,824,96,0,-32,-24,238
32,gamma4,1.0,376,8151531538426558303,1174,112,3,-32,2,373
32,gamma4,1.0,377,7435574865288795082,3336,76,0,14,32,579
32,gamma4,1.0,378,5838725542927171488,1842,110,0,18,-32,470
32,gamma4,1.0,379,6478547952139420332,1458,62,1,32,-12,336
32,gamma4,1.0,380,3835301276388203839,718,48,0,2,-32,230
32,gamma4,1.0,381,6664467823049927355,1027,115,2,-7,-32,266
32,gamma4,1.0,382,3742668490853992149,480,70,-1,-10,32,184
32,gamma4,1.0,383,4109694119966583225,1462,134,-1,32,-22,427
32,gamma4,1.0,384,8477486312185059051,952,106,-1,-32,18,318
32,gamma4,1.0,385,5505543294760285181,728,86,-1,0,-32,251
32,gamma4,1.0,386,5266311065592024327,2147,191,4,15,-32,524
32,gamma4,1.0,387,7953542998696725056,1382,108,1,6,32,424
32,gamma4,1.0,388,458141408830460451,1226,192,0,24,-32,369
32,gamma4,1.0,389,5949381309514668764,1717,103,-1,-7,-32,435
32,gamma4,1.0,390,3610052629320493691,1869,115,2,-32,-19,353
32,gamma4,1.0,391,4696701405034801318,1526,74,-1,-32,-16,331
32,gamma4,1.0,392,5892830194947337831,947,85,1,32,17,263
32,gamma4,1.0,393,4540669239313161062,2344,132,0,-32,10,503
32,gamma4,1.0,394,5854154129361946134,352,84,0,-32,20,156
32,gamma4,1.0,395,816516941024732937,1676,100,1,-6,-32,397
32,gamma4,1.0,396,7893835340883877088,745,67,-1,-32,13,195
32,gamma4,1.0,397,5825244755285462245,811,135,-1,-23,32,275
32,gamma4,1.0,398,854595791124496299,552,108,1,-32,24,226
32,gamma4,1.0,399,2886439416634275003,465,83,2,-13,-32,168
32,gamma4,1.0,400,7727907951462413897,872,64,-1,32,-4,300
32,gamma4,1.0,401,5318501444485265100,451,61,1,5,32,141
32,gamma4,1.0,402,3503953003082531798,2221,95,3,-32,19,341
32,gamma4,1.0,403,3257274256796582584,506,82,2,-26,-32,186
32,gamma4,1.0,404,3682424274652187807,1426,100,-3,14,32,355
32,gamma4,1.0,405,5961528324644354047,755,73,-1,32,9,225
32,gamma4,1.0,406,1242378403815875268,2157,151,-1,-13,-32,528
32,gamma4,1.0,407,756984064501358206,7880,162,0,8,32,1303
32,gamma4,1.0,408,3669091546904700461,2087,83,0,-32,11,510
32,gamma4,1.0,409,8204426237993338729,747,71,1,32,13,186
32,gamma4,1.0,410,7832270485891514073,448,90,3,-24,-32,158
32,gamma4,1.0,411,1483410234786955498,1165,97,-1,32,-5,307
32,gamma4,1.0,412,8057020711275858459,830,76,-2,-28,-32,234
32,gamma4,1.0,413,6023131329603197254,881,129,0,-32,-3,300
32,gamma4,1.0,414,7599079122633960901,770,104,1,32,-10,249
32,gamma4,1.0,415,7718749328567122915,3384,138,0,-32,-28,822
32,gamma4,1.0,416,2711732730433560687,667,75,1,32,17,201
32,gamma4,1.0,417,2830505969311119916,2669,97,0,13,-32,653
32,gamma4,1.0,418,2288091543870239642,752,80,-1,32,10,213
32,gamma4,1.0,419,3543928716681638606,547,101,1,-32,-13,208
32,gamma4,1.0,420,6885648668837765961,1874,104,1,-28,32,445
32,gamma4,1.0,421,6422837425889855935,1757,81,2,5,32,482
32,gamma4,1.0,422,6625304621141296122,470,90,1,-24,32,164
32,gamma4,1.0,423,229018600158979678,6832,78,0,-32,-10,1142
32,gamma4,1.0,424,2749378656979643919,2668,130,-2,32,-6,520
32,gamma4,1.0,425,667495651438436969,6926,92,-1,-14,32,1120
32,gamma4,1.0,426,5928775341930215924,1103,63,0,-32,-19,202
32,gamma4,1.0,427,552038995644762380,306,74,1,-32,12,144
32,gamma4,1.0,428,3631235490850800114,929,93,1,3,32,269
32,gamma4,1.0,429,684763716767136976,481,105,-2,-3,32,224
32,gamma4,1.0,430,6456134853001290997,696,82,-3,6,-32,268
32,gamma4,1.0,431,3361867777297303528,737,139,1,-32,1,247
32,gamma4,1.0,432,1558970427720562834,610,80,-1,32,10,213
32,gamma4,1.0,433,3937237069227713105,547,93,0,-3,-32,211
32,gamma4,1.0,434,6906822232048725278,546,72,0,8,-32,216
32,gamma4,1.0,435,8823326268497647136,1119,107,-1,-19,-32,297
32,gamma4,1.0,436,5605444678220307213,873,71,0,-17,-32,212
32,gamma4,1.0,437,7053880017914490229,2399,91,1,-32,11,546
32,gamma4,1.0,438,4171511246544865794,1395,137,3,32,-17,363
32,gamma4,1.0,439,5043137451261830424,678,88,-3,32,4,273
32,gamma4,1.0,440,8208650994290052395,1049,83,0,17,-32,279
32,gamma4,1.0,441,2200584357273990184,201,89,1,32,23,118
32,gamma4,1.0,442,5529459603782860371,596,94,2,-32,-26,187
32,gamma4,1.0,443,8567909560437768389,1431,85,2,32,-19,410
32,gamma4,1.0,444,5084616758142052853,664,62,0,-32,-2,174
32,gamma4,1.0,445,3486398875996669903,466,82,0,-32,-18,169
32,gamma4,1.0,446,228483762113120406,1473,165,-5,32,13,466
32,gamma4,1.0,447,2905098744559435482,1016,60,1,-4,-32,299
32,gamma4,1.0,448,498218628846649088,1496,86,-1,-32,-18,309
32,gamma4,1.0,449,7539501917553885681,1656,82,1,-32,26,355
32,gamma4,1.0,450,6817994002581919350,1589,79,2,32,-15,359
32,gamma4,1.0,451,742537389196932005,945,93,0,17,-32,275
32,gamma4,1.0,452,2240328268558367361,432,70,3,32,-12,144
32,gamma4,1.0,453,8751397129518482139,751,91,-1,9,32,240
32,gamma4,1.0,454,7959758516287916435,1028,110,4,-6,-32,290
32,gamma4,1.0,455,4626176028168542370,1187,71,0,-7,32,309
32,gamma4,1.0,456,4372749478620064111,2148,132,1,22,-32,460
32,gamma4,1.0,457,4741553843252854537,807,69,1,-32,-7,251
32,gamma4,1.0,458,5449317646297036584,959,99,0,-13,32,262
32,gamma4,1.0,459,7660827667985384180,703,69,1,15,32,172
32,gamma4,1.0,460,7381448213942722334,1166,76,3,-20,32,236
32,gamma4,1.0,461,2317188704589859426,497,75,1,-32,3,151
32,gamma4,1.0,462,3964551604155454429,779,95,1,-13,32,198
32,gamma4,1.0,463,7245985091943670800,2548,96,0,32,8,456
32,gamma4,1.0,464,5576220427143978085,1237,71,-1,-1,-32,357
32,gamma4,1.0,465,4093050732689581666,1187,91,0,-32,17,317
32,gamma4,1.0,466,7746888824140277457,389,63,1,32,9,119
32,gamma4,1.0,467,7679777573919437087,308,80,0,26,-32,133
32,gamma4,1.0,468,6146074909514778440,571,75,1,32,-5,200
32,gamma4,1.0,469,459521863948014311,1720,130,-2,-32,-22,447
32,gamma4,1.0,470,7215115750355616354,835,147,2,13,32,315
32,gamma4,1.0,471,31570342511547115,1260,124,0,-20,32,339
32,gamma4,1.0,472,9035636968655966713,5589,79,1,-17,32,973
32,gamma4,1.0,473,6108901503963585867,1617,105,1,32,-3,395
32,gamma4,1.0,474,8296189358947880216,2148,74,2,-8,32,449
32,gamma4,1.0,475,5768417202424278284,1301,101,-3,-32,-23,336
32,gamma4,1.0,476,8671750904612762655,2201,87,-3,15,-32,481
32,gamma4,1.0,477,3367518255290277382,750,110,4,-32,8,291
32,gamma4,1.0,478,6656262479599570179,1939,115,2,-15,-32,564
32,gamma4,1.0,479,6332293718827748666,1650,124,-1,32,-4,382
32,gamma4,1.0,480,4574547788579221906,1311,103,2,-19,32,324
32,gamma4,1.0,481,685211846029750841,3142,142,2,-20,-32,598
32,gamma4,1.0,482,6035462513925833110,243,77,0,32,-5,129
32,gamma4,1.0,483,3622930383050381870,3061,69,1,32,-7,558
32,gamma4,1.0,484,3292304213401528579,3349,87,-1,32,19,629
32,gamma4,1.0,485,6196109000234868187,817,123,4,9,32,252
32,gamma4,1.0,486,5901325253728809295,2012,160,1,-32,28,498
32,gamma4,1.0,487,3896027817877025884,2933,153,-1,-32,-23,420
32,gamma4,1.0,488,9056657734968454040,945,117,-1,5,32,313
32,gamma4,1.0,489,5514349303501487302,1517,75,-2,-32,9,466
32,gamma4,1.0,490,8932620531829130648,295,63,0,32,15,113
32,gamma4,1.0,491,244609910755563746,3363,81,-2,-13,32,692
32,gamma4,1.0,492,4610113641846212163,775,125,2,-11,-32,258
32,gamma4,1.0,493,3162439782926076042,2017,115,-1,1,32,388
32,gamma4,1.0,494,389760977827221086,584,90,1,-12,-32,216
32,gamma4,1.0,495,2529681654669835743,2174,88,-1,32,6,540
32,gamma4,1.0,496,1610675111565730600,762,68,0,12,-32,254
32,gamma4,1.0,497,5179317334789848465,790,112,-2,-14,32,283
32,gamma4,1.0,498,4348291161719515399,677,97,0,-32,9,223
32,gamma4,1.0,499,8223459407330356936,1236,82,2,-2,-32,263
32,gamma4,1.0,500,5237101711051323426,595,83,2,-32,3,161
32,gamma4,1.0,501,2840350700009343253,638,66,2,4,-32,177
32,gamma4,1.0,502,3000180490521705716,554,76,0,-6,-32,207
32,gamma4,1.0,503,7908697339277476114,3020,76,1,-32,-2,533
32,gamma4,1.0,504,8215983665737246562,2133,143,-2,-32,-9,413
32,gamma4,1.0,505,5652810659369608457,667,95,1,1,32,240
32,gamma4,1.0,506,6241595786696605647,1354,100,-1,32,-24,373
32,gamma4,1.0,507,6143086867715591639,1294,126,0,12,-32,407
32,gamma4,1.0,508,5304027998085324992,975,119,1,32,-29,320
32,gamma4,1.0,509,7309264622451350162,422,72,-1,32,10,142
32,gamma4,1.0,510,3136770017382545767,1636,156,0,-32,-14,401
32,gamma4,1.0,511,7186058131184499678,2529,97,1,13,32,489
32,gamma4,1.0,512,1901269864466624766,5608,142,2,-14,-32,923
32,gamma4,1.0,513,344873138934457456,2011,163,-3,-32,-19,532
32,gamma4,1.0,514,6379279652640223214,3419,109,-3,21,32,666
32,gamma4,1.0,515,45285032901205582,677,69,-1,-9,32,221
32,gamma4,1.0,516,163565366884584697,754,64,0,32,10,240
32,gamma4,1.0,517,3116089754981135453,601,75,1,32,-5,210
32,gamma4,1.0,518,7788478749127187143,1319,77,3,32,3,303
32,gamma4,1.0,519,6885663361443037233,1189,105,-2,32,9,370
32,gamma4,1.0,520,4418827548040502046,9142,126,-4,32,18,1159
32,gamma4,1.0,521,3757037608245760288,2797,57,-1,3,32,586
32,gamma4,1.0,522,5710680241418376590,2774,106,0,-10,32,817
32,gamma4,1.0,523,2405801733987000774,852,78,0,-32,-10,253
32,gamma4,1.0,524,61554122967981578,1131,95,2,32,-17,327
32,gamma4,1.0,525,704367635815329758,1883,75,-2,32,15,366
32,gamma4,1.0,526,5379469598074795959,1203,89,2,-32,13,347
32,gamma4,1.0,527,5267195428305558476,2197,99,2,-32,23,570
32,gamma4,1.0,528,7762083027759410970,394,62,0,8,-32,139
32,gamma4,1.0,529,4440773984951827438,1421,97,-1,-32,-27,371
32,gamma4,1.0,530,3732462401137948363,1068,104,-2,-32,-22,268
32,gamma4,1.0,531,8963834895150250640,1682,114,-2,-18,-32,390
32,gamma4,1.0,532,9122961784028111139,665,79,0,32,15,185
32,gamma4,1.0,533,3188694677263610877,3427,125,0,1,32,848
32,gamma4,1.0,534,2154700523733489605,1443,115,-1,-32,-27,297
32,gamma4,1.0,535,6268960915722829390,1751,79,-1,32,21,372
32,gamma4,1.0,536,7137823558675782400,641,89,0,7,-32,234
32,gamma4,1.0,537,3382061895720606486,670,96,-3,32,-14,218
32,gamma4,1.0,538,1372809455732333627,3978,92,-2,-32,-6,609
32,gamma4,1.0,539,477133362348673511,3078,184,-2,-14,32,667
32,gamma4,1.0,540,8614253221170394931,898,110,1,-32,-26,276
32,gamma4,1.0,541,3972324164479845947,1245,125,3,25,32,410
32,gamma4,1.0,542,3454776117034613441,974,88,-3,-32,8,266
32,gamma4,1.0,543,1210246106754688731,3043,245,-3,-32,-9,852
32,gamma4,1.0,544,7683949131356700485,1129,163,-2,7,32,361
32,gamma4,1.0,545,3437340588592518593,1741,223,-2,32,13,517
32,gamma4,1.0,546,1988863982567673362,1087,75,3,-15,-32,234
32,gamma4,1.0,547,6272666530358427795,549,97,0,-15,-32,200
32,gamma4,1.0,548,6209835204930424497,2404,70,-1,-8,32,639
32,gamma4,1.0,549,813778630597375574,645,71,-2,-5,32,239
32,gamma4,1.0,550,3088437637282701360,216,64,0,-32,6,108
32,gamma4,1.0,551,2157917595897603269,1126,86,-1,32,4,328
32,gamma4,1.0,552,6469912771570354113,285,63,-1,32,-3,141
32,gamma4,1.0,553,6240698984627408940,848,92,1,-32,12,245
32,gamma4,1.0,554,3452667495423835319,2840,64,1,32,6,653
32,gamma4,1.0,555,1640130910526247587,999,109,0,-32,1,334
32,gamma4,1.0,556,9016062500554390013,1255,149,2,-23,-32,393
32,gamma4,1.0,557,7357293337763019681,645,87,0,3,32,207
32,gamma4,1.0,558,7423951877880622490,1532,150,-1,16,-32,438
32,gamma4,1.0,559,4504685046133932815,691,99,-2,32,13,269
32,gamma4,1.0,560,8007398179585180898,687,61,0,7,-32,203
32,gamma4,1.0,561,3686667653724681603,518,80,0,6,32,169
32,gamma4,1.0,562,255432235947097015,1893,123,-3,-17,32,568
32,gamma4,1.0,563,5098524386614945779,2819,135,2,32,-23,522
32,gamma4,1.0,564,164495827032092539,2826,84,1,2,-32,693
32,gamma4,1.0,565,596304836162344691,757,117,3,-32,3,261
32,gamma4,1.0,566,623630119300597483,435,83,2,13,32,125
32,gamma4,1.0,567,6232200240917891965,904,76,1,-32,12,234
32,gamma4,1.0,568,8581813429595014536,469,61,0,7,-32,139
32,gamma4,1.0,569,7937338990824979714,1213,67,1,7,32,292
32,gamma4,1.0,570,3404929337197044818,1548,76,1,32,-4,521
32,gamma4,1.0,571,3016855227226925219,1246,100,1,32,14,327
32,gamma4,1.0,572,3456799748636541899,1821,101,0,32,11,384
32,gamma4,1.0,573,7492247504173935901,1524,96,2,-6,-32,356
32,gamma4,1.0,574,3284823342811386442,886,116,3,8,32,316
32,gamma4,1.0,575,4766841444698605689,1453,97,0,-15,-32,497
32,gamma4,1.0,576,5766203337582260223,346,74,0,14,32,164
32,gamma4,1.0,577,5664463648482912153,1560,86,2,32,20,418
32,gamma4,1.0,578,1709478470968795870,555,93,2,-32,15,239
32,gamma4,1.0,579,6134057807399952761,442,72,2,14,-32,164
32,gamma4,1.0,580,2860738911203774676,1490,132,0,32,20,337
32,gamma4,1.0,581,1219148641493648020,819,105,0,3,-32,268
32,gamma4,1.0,582,5864716563792514233,721,81,0,-7,32,240
32,gamma4,1.0,583,1391327472846427297,1400,170,-1,-2,32,395
32,gamma4,1.0,584,1186686575380057955,826,68,-2,-12,-32,274
32,gamma4,1.0,585,5586582324187035992,2378,96,1,20,32,488
32,gamma4,1.0,586,768698561589336196,1663,67,-1,-3,32,290
32,gamma4,1.0,587,3372126266695555485,1943,119,-2,-32,-17,464
32,gamma4,1.0,588,542341075096524325,1990,134,0,32,8,480
32,gamma4,1.0,589,5377635933065025430,1218,100,-2,14,-32,329
32,gamma4,1.0,590,7476416320246492752,1886,100,-1,32,20,452
32,gamma4,1.0,591,1313702629134851458,1849,97,1,-15,32,418
32,gamma4,1.0,592,934755856869924076,711,79,1,-21,32,227
32,gamma4,1.0,593,523545518359913917,2776,178,4,8,-32,652
32,gamma4,1.0,594,1864067815899986861,309,57,0,15,-32,107
32,gamma4,1.0,595,229970482426770990,1124,104,-1,18,-32,308
32,gamma4,1.0,596,3713554258262659470,2066,152,3,-32,14,486
32,gamma4,1.0,597,1931575902730282512,443,69,-1,32,7,157
32,gamma4,1.0,598,3072218951568079428,1694,106,4,-32,14,367
32,gamma4,1.0,599,1616396493703998206,1457,93,-1,-25,32,360
32,gamma4,1.0,600,1148863393419132446,1017,83,-1,-32,5,295
32,gamma4,1.0,601,4040065399552065196,1209,85,-1,-7,-32,395
32,gamma4,1.0,602,5579044176212583974,5307,157,0,15,32,907
32,gamma4,1.0,603,2803317784387545645,582,120,2,32,20,241
32,gamma4,1.0,604,7004697839546316706,1364,146,1,-32,8,429
32,gamma4,1.0,605,3182992022613965618,2798,84,0,14,32,629
32,gamma4,1.0,606,3347675607616953485,1256,76,1,0,-32,258
32,gamma4,1.0,607,5136774275732260907,719,65,0,-7,32,228
32,gamma4,1.0,608,7181701492912785205,651,95,1,32,-17,238
32,gamma4,1.0,609,701271404074193516,649,81,-1,-9,32,209
32,gamma4,1.0,610,5949723653363571008,2554,108,0,8,-32,414
32,gamma4,1.0,611,4742147622374255731,2783,169,1,-32,1,546
32,gamma4,1.0,612,4134862339276716652,1950,92,-1,-32,0,327
32,gamma4,1.0,613,4432542034809928738,974,72,1,-32,16,333
32,gamma4,1.0,614,1260002888355339105,3325,99,-1,32,27,604
32,gamma4,1.0,615,4176561752568844325,917,73,1,-32,5,220
32,gamma4,1.0,616,338945341629086882,988,78,-3,-4,-32,253
32,gamma4,1.0,617,4535374100022544840,978,74,2,-6,-32,295
32,gamma4,1.0,618,8230249698918753295,1219,103,0,32,-11,312
32,gamma4,1.0,619,6449033896355615195,698,74,-2,-12,32,190
32,gamma4,1.0,620,5845429848888965011,1194,96,0,-10,32,316
32,gamma4,1.0,621,8783103772424807131,1006,72,0,-32,-12,239
32,gamma4,1.0,622,4273669852920650075,2100,72,1,32,-16,597
32,gamma4,1.0,623,6988938888333971697,509,77,-1,-1,32,188
32,gamma4,1.0,624,2964811150449381847,410,74,-1,32,8,159
32,gamma4,1.0,625,2041122539262232484,1129,185,-3,19,-32,387
32,gamma4,1.0,626,306061088707119377,1075,103,-1,32,25,273
32,gamma4,1.0,627,8918736592494346235,339,71,0,32,-11,144
32,gamma4,1.0,628,4977045140826184513,464,64,0,-8,-32,177
32,gamma4,1.0,629,7343758100532852193,613,91,-2,32,17,196
32,gamma4,1.0,630,4764407539798310158,1168,80,1,14,32,351
32,gamma4,1.0,631,5771797508372599154,586,64,1,32,-6,151
32,gamma4,1.0,632,8293319981455491728,2323,105,-2,13,32,628
32,gamma4,1.0,633,8766729730091290283,796,74,-2,10,32,229
32,gamma4,1.0,634,7087435134915047446,992,96,2,-32,2,262
32,gamma4,1.0,635,8623789559362665855,925,95,0,13,-32,283
32,gamma4,1.0,636,1302294122596816553,1644,126,-1,-32,2,400
32,gamma4,1.0,637,5234926884425357590,975,61,-1,-1,-32,282
32,gamma4,1.0,638,1071125298764640707,3209,213,-2,29,-32,647
32,gamma4,1.0,639,7349065410028926473,624,106,0,32,-24,223
32,gamma4,1.0,640,4068873554603045233,588,74,-3,32,6,166
32,gamma4,1.0,641,7010609743021340634,782,82,0,-32,2,245
32,gamma4,1.0,642,2715806100639308633,1132,84,2,32,-18,272
32,gamma4,1.0,643,5436963086970216811,656,86,-2,-32,-6,203
32,gamma4,1.0,644,6801028855570789300,482,84,0,32,-24,139
32,gamma4,1.0,645,6818493042905174452,685,87,-1,-15,32,191
32,gamma4,1.0,646,5125000688319073048,742,102,1,-32,-2,270
32,gamma4,1.0,647,6904782394521397614,1169,119,0,-19,32,393
32,gamma4,1.0,648,5966013010226041814,1024,110,1,32,22,354
32,gamma4,1.0,649,1961050763330586958,651,101,-2,32,-25,231
32,gamma4,1.0,650,4395309545935439282,387,57,1,-32,5,123
32,gamma4,1.0,651,2224688505605656379,498,58,-1,-32,6,178
32,gamma4,1.0,652,8293122291755997451,9060,172,3,-4,-32,1038
32,gamma4,1.0,653,4014924806093917774,3509,85,2,-17,-32,559
32,gamma4,1.0,654,5731410754900117845,2418,146,-4,-32,-8,677
32,gamma4,1.0,655,7970452095653855681,842,108,1,-32,26,313
32,gamma4,1.0,656,2940713779843059628,573,91,0,5,32,213
32,gamma4,1.0,657,1148464066377066986,1148,104,-1,32,-10,332
32,gamma4,1.0,658,2348854734596635059,5820,104,-2,-6,-32,1216
32,gamma4,1.0,659,6940755447163952757,1119,87,-2,32,25,239
32,gamma4,1.0,660,8647541339979466457,371,77,-3,-32,11,147
32,gamma4,1.0,661,4892474468888988957,715,89,-1,-32,-7,211
32,gamma4,1.0,662,2611651988063944294,412,120,0,16,32,174
32,gamma4,1.0,663,5852817014201092986,2454,74,-1,2,32,449
32,gamma4,1.0,664,761785015264316827,647,93,-1,-17,-32,218
32,gamma4,1.0,665,4821869837527012758,2209,109,0,31,-32,656
32,gamma4,1.0,666,4631664929726660160,2231,135,2,-19,32,661
32,gamma4,1.0,667,3377345373566577130,3691,159,-2,32,11,621
32,gamma4,1.0,668,2206490515312040215,2082,86,1,4,-32,398
32,gamma4,1.0,669,7226538055796161236,1504,112,2,-32,4,390
32,gamma4,1.0,670,6883711841129379418,1681,87,1,32,-5,431
32,gamma4,1.0,671,7033585874379405724,545,111,2,9,-32,218
32,gamma4,1.0,672,7224615616461837956,308,78,-1,-32,0,128
32,gamma4,1.0,673,8519269872224899474,1595,99,-1,21,32,395
32,gamma4,1.0,674,533818725582919590,360,74,-3,12,-32,144
32,gamma4,1.0,675,3621163568181095631,1125,107,-1,-32,-27,302
32,gamma4,1.0,676,5228121879185992418,537,77,0,32,-7,181
32,gamma4,1.0,677,6296215937734490491,2412,150,-3,32,12,576
32,gamma4,1.0,678,6452311659442040908,1215,107,0,32,19,313
32,gamma4,1.0,679,7524348583230845542,1889,145,-1,21,-32,536
32,gamma4,1.0,680,1696856286306744162,891,127,-2,-32,-19,305
32,gamma4,1.0,681,8022779545332018765,4342,82,4,-32,8,750
32,gamma4,1.0,682,5968046091301307761,792,70,0,0,32,189
32,gamma4,1.0,683,6195901847021126185,488,68,2,-32,-6,161
32,gamma4,1.0,684,5399475894990340091,1528,148,-3,-32,12,446
32,gamma4,1.0,685,1325264549868109501,1500,128,6,-14,-32,395
32,gamma4,1.0,686,4120119434658642414,718,54,-1,2,32,195
32,gamma4,1.0,687,5459709708937138682,1705,157,-2,-21,-32,474
32,gamma4,1.0,688,8740925855244003661,1143,63,0,32,-1,248
32,gamma4,1.0,689,980324127872523823,300,50,0,-32,-6,123
32,gamma4,1.0,690,3374925634592916599,1263,63,2,-32,7,295
32,gamma4,1.0,691,2080734368960966096,1368,102,-1,32,12,400
32,gamma4,1.0,692,5805849857118163334,551,69,0,5,-32,179
32,gamma4,1.0,693,7696174063834284062,458,60,0,32,-6,170
32,gamma4,1.0,694,4794290100326463621,2970,96,-2,-4,32,727
32,gamma4,1.0,695,7203028307568607826,3000,90,1,-16,32,770
32,gamma4,1.0,696,7799195418104647686,537,103,-1,13,-32,223
32,gamma4,1.0,697,773891975035556115,1631,113,0,9,-32,445
32,gamma4,1.0,698,8297620605545309484,774,68,0,32,22,244
32,gamma4,1.0,699,7020393830820779552,3139,105,-2,19,-32,681
64,gamma4,1.0,0,5208695432244190,6725,283,-1,64,-15,1308
64,gamma4,1.0,1,4700904224146254683,2974,270,-4,64,-18,817
64,gamma4,1.0,2,7158778363997666678,3767,239,-1,-64,5,1112
64,gamma4,1.0,3,7669283463694718704,3267,177,2,-13,-64,714
64,gamma4,1.0,4,3936137209109325175,1468,144,-1,-10,64,446
64,gamma4,1.0,5,864688405794482871,2287,211,-1,-64,43,666
64,gamma4,1.0,6,3033586880074287617,4851,209,0,13,64,1176
64,gamma4,1.0,7,8181377919049040034,1747,203,0,64,-33,561
64,gamma4,1.0,8,5969058953598261664,13116,236,3,-64,38,2453
64,gamma4,1.0,9,219932722270633579,1882,162,1,-2,-64,489
64,gamma4,1.0,10,5341875041388354486,1912,192,2,64,-12,653
64,gamma4,1.0,11,9116701734825175558,12797,291,0,64,-33,2076
64,gamma4,1.0,12,2454267504763155432,9409,225,1,64,-31,1551
64,gamma4,1.0,13,259836024188215607,7407,303,-6,-33,64,1392
64,gamma4,1.0,14,8827794829633577724,3274,182,0,-64,-28,784
64,gamma4,1.0,15,5040482077739402072,3896,218,-1,-64,-14,852
64,gamma4,1.0,16,5589350793030620285,3081,215,1,64,-47,714
64,gamma4,1.0,17,2354379591808562865,7121,141,-1,64,3,1226
64,gamma4,1.0,18,2542597156316342866,1596,230,-2,8,64,535
64,gamma4,1.0,19,7985842102881637040,8396,386,-1,-64,32,1789
64,gamma4,1.0,20,1955461487363388942,8435,207,2,7,64,1901
64,gamma4,1.0,21,7882403632728329314,31866,282,2,-6,64,4371
64,gamma4,1.0,22,1669685782761916987,7313,221,-1,-1,-64,1854
64,gamma4,1.0,23,8755018394152850744,6821,167,-1,-9,64,1198
64,gamma4,1.0,24,5032077076140533946,3536,248,0,64,42,1016
64,gamma4,1.0,25,4366262759331026383,5930,216,2,30,64,1394
64,gamma4,1.0,26,9212285995027415115,3851,189,0,64,-47,686
64,gamma4,1.0,27,5811388963507418727,5013,237,-1,9,64,979
64,gamma4,1.0,28,6073544078918630607,2380,224,-1,-64,-46,714
64,gamma4,1.0,29,7290185358909590130,6462,232,-4,-38,64,1252
64,gamma4,1.0,30,1760360533751801954,6297,203,2,64,21,1425
64,gamma4,1.0,31,2852447943000662896,3126,180,1,-26,64,744
64,gamma4,1.0,32,2133899546588262166,2568,188,0,64,-22,695
64,gamma4,1.0,33,4447621492403993582,6319,221,1,39,-64,1354
64,gamma4,1.0,34,1817512311578761127,2279,259,-2,-64,-13,671
64,gamma4,1.0,35,8223307011101600979,1741,141,0,-64,-1,547
64,gamma4,1.0,36,4347285478080834186,3751,291,0,-64,23,1029
64,gamma4,1.0,37,2002381489823927166,13346,170,2,0,64,2102
64,gamma4,1.0,38,8913945345236183719,5603,247,-3,-64,-23,1192
64,gamma4,1.0,39,3579930095922392236,2786,212,-2,-48,-64,822
64,gamma4,1.0,40,323775044694666019,4652,168,0,-64,0,1145
64,gamma4,1.0,41,336518428417546343,7479,181,2,64,-17,1219
64,gamma4,1.0,42,377566606760884552,6021,341,6,-5,64,1296
64,gamma4,1.0,43,4140556113387122817,8314,224,-2,4,-64,1739
64,gamma4,1.0,44,2709306709906201639,7843,139,0,-11,-64,1361
64,gamma4,1.0,45,954519794482158559,2951,267,0,64,-15,722
64,gamma4,1.0,46,3509063540808874529,8400,198,-2,-64,-56,2100
64,gamma4,1.0,47,8425527662212702765,3693,179,0,-49,-64,628
64,gamma4,1.0,48,5485536431312231103,2788,208,-1,64,8,638
64,gamma4,1.0,49,218183287333183607,6039,421,4,-11,-64,1459
64,gamma4,1.0,50,3718219131006221065,1416,208,2,-38,-64,445
64,gamma4,1.0,51,1884810851474101814,2487,271,-1,64,51,713
64,gamma4,1.0,52,6119699878463590771,12566,174,0,64,6,2250
64,gamma4,1.0,53,1343467239584878722,4037,209,2,64,-43,1050
64,gamma4,1.0,54,8956747962105495497,7351,253,0,-37,64,1123
64,gamma4,1.0,55,4537124826023279442,6104,194,0,4,64,1390
64,gamma4,1.0,56,8209724828361163823,11170,192,1,-64,12,1395
64,gamma4,1.0,57,3120954121790330310,1182,176,3,-64,-4,369
64,gamma4,1.0,58,6262746393586021045,1709,177,-1,-33,-64,578
64,gamma4,1.0,59,2830495141019017393,9821,273,-1,64,23,2057
64,gamma4,1.0,60,4040623697476039189,2753,161,-1,64,-13,749
64,gamma4,1.0,61,9021574744844236346,1829,181,-3,3,-64,547
64,gamma4,1.0,62,208519047126335612,6064,254,1,-8,-64,1089
64,gamma4,1.0,63,3758170555165238165,3459,211,2,64,-59,840
64,gamma4,1.0,64,4723673942765292615,7093,255,-3,-64,-39,1664
64,gamma4,1.0,65,923158762245551609,4696,200,0,24,64,993
64,gamma4,1.0,66,7007540521362355931,13538,200,-3,18,64,2353
64,gamma4,1.0,67,5352576873066883598,6424,216,1,8,64,1615
64,gamma4,1.0,68,8821074988937966585,15003,171,0,-64,-35,2236
64,gamma4,1.0,69,4723252282223770905,8520,252,-3,64,32,1833
64,gamma4,1.0,70,707546898955293567,12002,330,-6,64,20,1558
64,gamma4,1.0,71,4264766109836434988,5401,233,0,-25,-64,1292
64,gamma4,1.0,72,3069247100788249038,10278,260,-1,42,-64,1928
64,gamma4,1.0,73,4526197566036506272,5373,293,1,-41,-64,1147
64,gamma4,1.0,74,9100377763695908796,5469,221,-2,-64,-17,1067
64,gamma4,1.0,75,2225724762173646203,4351,235,1,-64,15,1118
64,gamma4,1.0,76,5906465924299331763,13590,186,0,-64,10,2645
64,gamma4,1.0,77,8365717414935457091,18402,272,0,-30,-64,2920
64,gamma4,1.0,78,8502608642208582059,1447,171,1,5,-64,472
64,gamma4,1.0,79,3380719548651968765,4083,205,-2,64,33,993
64,gamma4,1.0,80,1326152138376093032,2371,185,2,-64,-37,734
64,gamma4,1.0,81,284070996713680044,15661,295,-1,64,47,3190
64,gamma4,1.0,82,7425323781183274071,1992,190,2,46,-64,593
64,gamma4,1.0,83,7227145832534605730,8722,168,2,-14,64,1780
64,gamma4,1.0,84,8578844861075258692,5512,166,0,28,-64,1107
64,gamma4,1.0,85,1198316815465199426,3077,265,2,-1,64,1040
64,gamma4,1.0,86,1306830720815104604,3964,212,-2,64,26,857
64,gamma4,1.0,87,5364923303491601285,2776,132,-1,18,64,705
64,gamma4,1.0,88,8669174804109765946,8022,202,-1,-64,-22,1275
64,gamma4,1.0,89,6552988238429970111,6510,180,-1,8,64,1280
64,gamma4,1.0,90,2609380662855979634,3184,248,2,-36,64,811
64,gamma4,1.0,91,1216570196796912414,2996,232,-1,-64,-24,728
64,gamma4,1.0,92,7223418525740872448,2935,219,1,-64,-19,822
64,gamma4,1.0,93,8826759174152611730,1520,138,0,64,4,474
64,gamma4,1.0,94,2930798273503977410,22334,208,2,64,-6,3092
64,gamma4,1.0,95,4548106809920966021,2118,190,3,-64,28,639
64,gamma4,1.0,96,2730324523083010670,4657,313,-2,-64,-21,942
64,gamma4,1.0,97,7255010058848690789,2348,166,-2,64,40,577
64,gamma4,1.0,98,5101123790064763645,2953,371,-5,64,23,914
64,gamma4,1.0,99,2467298794778103225,10246,278,2,16,-64,1981
64,gamma4,1.0,100,6994768456245007679,1847,215,-1,3,64,470
64,gamma4,1.0,101,3580611200383702287,4613,195,0,64,-11,1047
64,gamma4,1.0,102,3061771942140864623,15421,329,1,3,64,2756
64,gamma4,1.0,103,1847496925261873832,13382,202,0,32,-64,3051
64,gamma4,1.0,104,1055775044428468262,2011,167,0,64,9,530
64,gamma4,1.0,105,6292328884554275348,3054,280,-3,-64,10,853
64,gamma4,1.0,106,6175350606506505325,5557,179,0,27,-64,1054
64,gamma4,1.0,107,1439756911705817622,5403,331,0,64,-3,1213
64,gamma4,1.0,108,4310575278050016926,5006,158,-2,-64,-30,1113
64,gamma4,1.0,109,7182050362441782067,2135,171,0,64,-29,624
64,gamma4,1.0,110,6463504771103140501,2731,181,0,64,9,688
64,gamma4,1.0,111,9029686895489872580,4970,322,2,24,64,1396
64,gamma4,1.0,112,5854559527482584624,5258,268,0,4,64,986
64,gamma4,1.0,113,6423945752726574869,3235,171,1,25,-64,878
64,gamma4,1.0,114,3116926194387422473,2970,222,-3,-64,22,684
64,gamma4,1.0,115,8046122220305183080,6945,209,0,-19,-64,1307
64,gamma4,1.0,116,8789345311601744182,14487,121,1,-64,-3,2533
64,gamma4,1.0,117,1762421207106066546,2646,208,0,-64,18,635
64,gamma4,1.0,118,1705891050679430723,11747,613,5,64,-23,2669
64,gamma4,1.0,119,358398648886746381,3772,254,-1,-22,64,893
64,gamma4,1.0,120,3485871096340215830,4584,252,-2,-2,-64,1345
64,gamma4,1.0,121,2171498103795102370,3101,197,-1,1,-64,696
64,gamma4,1.0,122,3173737699124056994,1256,152,2,-64,-16,398
64,gamma4,1.0,123,2540452084166485248,3809,361,0,64,-27,1075
64,gamma4,1.0,124,2797505183381900742,9040,364,3,-34,-64,1649
64,gamma4,1.0,125,6561411747809181728,4366,246,2,-64,-34,981
64,gamma4,1.0,126,5634624768272255504,5501,363,-2,-5,64,1264
64,gamma4,1.0,127,7591141546261226156,4513,269,-2,-64,15,997
64,gamma4,1.0,128,6951488192085802952,2946,232,1,64,-40,799
64,gamma4,1.0,129,9019464729124792524,6098,160,1,18,-64,1475
64,gamma4,1.0,130,7498946605336248437,5039,251,1,19,-64,976
64,gamma4,1.0,131,7032993897803453066,877,169,1,-15,64,314
64,gamma4,1.0,132,4849060637877632772,3148,176,-3,-64,-28,745
64,gamma4,1.0,133,5731135929563641780,12962,494,4,-64,-16,2611
64,gamma4,1.0,134,7792834536681694250,2276,206,1,64,-60,694
64,gamma4,1.0,135,5381276149043239236,6991,253,-1,64,-41,1417
64,gamma4,1.0,136,8484176119027884242,6193,255,3,-45,-64,1684
64,gamma4,1.0,137,4480737551211277853,8523,135,0,-64,3,1435
64,gamma4,1.0,138,4710334388205485700,3089,171,-1,15,-64,762
64,gamma4,1.0,139,891220354195589330,7981,231,-1,-64,-37,1762
64,gamma4,1.0,140,8207809095110591563,10411,309,4,64,-33,1678
64,gamma4,1.0,141,613146455874537477,1061,139,0,9,-64,384
64,gamma4,1.0,142,6696375847113243204,12979,253,0,33,64,2253
64,gamma4,1.0,143,7109580740992351266,2991,229,-1,-64,-15,820
64,gamma4,1.0,144,8703644489134789304,998,206,2,-46,-64,408
64,gamma4,1.0,145,2542225029752939305,3689,149,1,23,64,895
64,gamma4,1.0,146,9098440255062623832,5693,213,1,25,64,1175
64,gamma4,1.0,147,5230051612597704532,6002,266,-2,-50,64,1610
64,gamma4,1.0,148,4115200658400335511,2229,225,0,64,27,617
64,gamma4,1.0,149,2133469308818498681,1988,222,-2,44,-64,638
64,gamma4,1.0,150,5557037551233654553,6921,161,-1,-23,-64,1125
64,gamma4,1.0,151,4945238112388346173,7763,357,3,-53,64,1326
64,gamma4,1.0,152,3530621825609303878,3904,176,1,-30,64,857
64,gamma4,1.0,153,2644586405821552178,10782,206,-1,-34,64,1598
64,gamma4,1.0,154,6983059795533831743,7782,264,1,64,-58,1275
64,gamma4,1.0,155,5152364058976747798,947,203,2,-5,-64,343
64,gamma4,1.0,156,2273865753629206496,2636,238,2,38,-64,696
64,gamma4,1.0,157,1387676144051078880,6511,189,2,23,64,1050
64,gamma4,1.0,158,1570322949153282909,3229,229,-4,-64,-29,825
64,gamma4,1.0,159,2056376627683409242,10378,286,1,-40,64,2271
64,gamma4,1.0,160,2548946754172935347,8812,290,0,-42,64,1674
64,gamma4,1.0,161,4850415598118018380,6608,242,1,-64,32,1341
64,gamma4,1.0,162,1445760541553507455,7197,307,0,64,33,1928
64,gamma4,1.0,163,4455107824188898314,3954,146,1,2,-64,773
64,gamma4,1.0,164,5250898902107994680,4746,246,2,-64,46,959
64,gamma4,1.0,165,2483890935461638764,2106,294,-1,4,64,665
64,gamma4,1.0,166,6846902975598434697,7783,239,3,64,-13,1602
64,gamma4,1.0,167,3424689199749996724,1720,284,1,56,-64,560
64,gamma4,1.0,168,8507613124719165572,11148,234,-3,10,-64,2213
64,gamma4,1.0,169,2420938259527854773,22037,373,2,64,35,4080
64,gamma4,1.0,170,8067270769516767690,12950,292,0,20,64,2047
64,gamma4,1.0,171,3998284165764327165,1564,202,2,64,20,461
64,gamma4,1.0,172,6651410679190738250,16769,263,1,-64,13,2166
64,gamma4,1.0,173,4206892692258135390,16566,260,2,64,-6,2970
64,gamma4,1.0,174,7891262721244789419,1744,196,2,-24,-64,522
64,gamma4,1.0,175,341026571045010771,5057,151,0,13,64,1159
64,gamma4,1.0,176,8947871566282436188,3636,218,-1,52,64,1018
64,gamma4,1.0,177,9200431857180348918,3265,139,-1,64,1,755
64,gamma4,1.0,178,7697182444081305988,7454,162,0,-48,64,1877
64,gamma4,1.0,179,1507309252856293373,4672,238,0,10,-64,1103
64,gamma4,1.0,180,6547328198811711164,2158,172,0,24,64,597
64,gamma4,1.0,181,7828866847120786271,1607,227,1,43,64,525
64,gamma4,1.0,182,815211899743033162,6353,443,1,-37,-64,1502
64,gamma4,1.0,183,7660043697555332135,5930,192,1,-64,22,1530
64,gamma4,1.0,184,9170607845808985505,4279,207,1,-64,-3,1160
64,gamma4,1.0,185,6230729968639186750,11173,169,-1,-47,-64,2059
64,gamma4,1.0,186,264169808358994629,5739,193,-1,64,25,1489
64,gamma4,1.0,187,5267969795693822852,8135,213,-1,64,29,1707
64,gamma4,1.0,188,3677671018586180049,2908,140,0,64,2,621
64,gamma4,1.0,189,7083369707717929819,1678,202,-1,-10,-64,544
64,gamma4,1.0,190,5381168213684777206,4074,262,0,-64,-30,1081
64,gamma4,1.0,191,26829851957438882,3233,191,-3,-64,41,770
64,gamma4,1.0,192,376261785669404381,899,145,-1,11,-64,323
64,gamma4,1.0,193,910034103348428656,16477,323,-1,-64,-41,2598
64,gamma4,1.0,194,3721287902339680390,10172,314,-3,22,64,1898
64,gamma4,1.0,195,8336281961742077975,2123,183,0,64,19,586
64,gamma4,1.0,196,8503122791071363503,4187,233,1,-25,-64,944
64,gamma4,1.0,197,3702024192086533655,2943,173,3,-33,-64,807
64,gamma4,1.0,198,4491451558056733684,18262,156,1,-2,-64,2682
64,gamma4,1.0,199,1907108825631504279,2728,188,1,18,64,669
64,gamma4,1.0,200,1647849976016990239,4990,158,-4,64,0,985
64,gamma4,1.0,201,2446316725196585120,5252,216,1,64,26,910
64,gamma4,1.0,202,1863049378348409494,6320,202,-3,-64,-50,973
64,gamma4,1.0,203,5843222401483110847,3520,282,0,-50,64,986
64,gamma4,1.0,204,2505187786205410605,6952,288,0,46,-64,1354
64,gamma4,1.0,205,7686236215617865318,3446,272,1,-6,-64,1011
64,gamma4,1.0,206,5910917652897361140,4140,222,2,-64,-20,1207
64,gamma4,1.0,207,5973706787041391573,7952,214,1,6,64,1847
64,gamma4,1.0,208,4835442954380680185,2851,231,-2,35,-64,763
64,gamma4,1.0,209,4293790400604328021,8121,297,2,-17,-64,2062
64,gamma4,1.0,210,1832160052702605619,5941,169,0,29,-64,1190
64,gamma4,1.0,211,3174964474402571452,9611,335,2,27,64,2168
64,gamma4,1.0,212,7315814299205067792,4192,320,-4,-22,64,984
64,gamma4,1.0,213,9160793735271766008,1813,175,0,9,64,466
64,gamma4,1.0,214,5148136617130948491,3833,233,1,53,-64,1149
64,gamma4,1.0,215,3206362634557578723,1407,175,1,-64,-15,406
64,gamma4,1.0,216,5225125861313671250,8326,196,1,-18,-64,1917
64,gamma4,1.0,217,6620470185097762974,4441,149,0,-64,-39,946
64,gamma4,1.0,218,7536690326606689606,3023,207,1,13,-64,633
64,gamma4,1.0,219,1757579328804452146,9795,233,1,-47,64,1827
64,gamma4,1.0,220,968469716847945954,1760,204,-2,-26,64,515
64,gamma4,1.0,221,8985364479921885345,5713,213,-2,-64,-9,1160
64,gamma4,1.0,222,5917239266517288561,6865,153,0,64,25,1181
64,gamma4,1.0,223,3166987073640664593,1882,212,-1,-40,64,550
64,gamma4,1.0,224,2348765038232522548,6860,304,0,-64,52,1117
64,gamma4,1.0,225,7020899304928637474,8930,148,2,-64,28,1601
64,gamma4,1.0,226,4628118999858203770,14322,240,-1,6,-64,1767
64,gamma4,1.0,227,3960151875157992697,4415,237,-1,7,-64,1087
64,gamma4,1.0,228,7456768242059212222,4338,234,2,-4,-64,990
64,gamma4,1.0,229,7361474354169770529,5416,170,-1,64,-2,1293
64,gamma4,1.0,230,1262999797914759075,7533,367,3,1,-64,1697
64,gamma4,1.0,231,3395405382790759344,5248,132,-1,64,26,838
64,gamma4,1.0,232,2620219107581082990,4208,304,-1,-64,-48,1101
64,gamma4,1.0,233,7632707996969889072,8378,198,3,64,-38,1552
64,gamma4,1.0,234,3753034154808327680,2837,259,-1,47,-64,690
64,gamma4,1.0,235,1081287860146109926,5157,231,2,-5,64,1154
64,gamma4,1.0,236,6954694689329480172,8147,199,2,64,-61,1808
64,gamma4,1.0,237,7100656133414973863,9867,175,0,-23,64,1664
64,gamma4,1.0,238,6799781435815531583,4383,261,5,64,-33,1043
64,gamma4,1.0,239,3854582858930209457,9031,223,-1,-27,-64,1669
64,gamma4,1.0,240,6381546133064552716,1997,229,2,64,-41,520
64,gamma4,1.0,241,7749003941227074234,5106,200,0,42,-64,1173
64,gamma4,1.0,242,4737202449255154518,10130,152,-1,-10,64,1937
64,gamma4,1.0,243,8878611410799109817,3441,235,3,39,64,915
64,gamma4,1.0,244,8287197371825993039,5215,283,2,64,37,1284
64,gamma4,1.0,245,4098527270070362622,4154,212,1,40,-64,785
64,gamma4,1.0,246,558343182710680931,2428,194,-1,-12,-64,612
64,gamma4,1.0,247,7876780112318244651,4940,376,-4,-64,20,1285
64,gamma4,1.0,248,1874371410215541400,21684,202,3,22,64,2924
64,gamma4,1.0,249,2713992762748271057,6864,352,-4,-22,-64,1788
64,gamma4,1.0,250,5252894585215163523,2037,411,-1,-64,-41,815
64,gamma4,1.0,251,7295293210546898219,21406,198,1,-64,-42,4112
64,gamma4,1.0,252,6410313965182606757,7421,293,1,-15,-64,1153
64,gamma4,1.0,253,4111845673920942333,5124,168,0,-64,28,1211
64,gamma4,1.0,254,1334103555445811867,5673,217,2,-64,41,1144
64,gamma4,1.0,255,456639944667259909,1927,185,2,-7,64,526
64,gamma4,1.0,256,1559647515189029432,3646,222,0,-64,-12,840
64,gamma4,1.0,257,5011362342753827474,3289,257,4,64,-33,830
64,gamma4,1.0,258,110839151247195059,1332,114,0,4,-64,420
64,gamma4,1.0,259,5347161539758054375,7471,215,-1,17,-64,1579
64,gamma4,1.0,260,7794645805905590882,10643,245,2,64,33,2070
64,gamma4,1.0,261,1278788804343388776,23777,235,0,64,-5,2342
64,gamma4,1.0,262,1439188424249486790,2929,195,-2,21,64,826
64,gamma4,1.0,263,8162672166817010632,5393,211,0,19,-64,1117
64,gamma4,1.0,264,6482252862543449547,10029,243,-2,64,17,1272
64,gamma4,1.0,265,4176634488844337652,1717,201,-2,64,-27,517
64,gamma4,1.0,266,8442113765752835991,2405,155,-1,-64,-13,662
64,gamma4,1.0,267,5149623005682510770,6085,401,0,-64,-5,1441
64,gamma4,1.0,268,4925061423204623105,3939,217,-2,64,-3,1082
64,gamma4,1.0,269,6742983363530453486,5471,203,-1,-19,-64,1230
64,gamma4,1.0,270,1933054524961534234,13641,251,2,47,64,2678
64,gamma4,1.0,271,8530317476818294573,2966,282,0,64,32,729
64,gamma4,1.0,272,3316855101253633050,4887,331,2,-25,64,1107
64,gamma4,1.0,273,4958601445705114029,967,163,0,64,-17,349
64,gamma4,1.0,274,1698565249617202208,11744,174,1,64,48,2149
64,gamma4,1.0,275,3752227156913520305,4202,220,2,-64,-16,857
64,gamma4,1.0,276,4935581855236502174,2074,174,-2,-16,-64,590
64,gamma4,1.0,277,1065243014582947547,4527,261,0,64,-3,1043
64,gamma4,1.0,278,3434313488310614080,3232,226,0,-38,64,881
64,gamma4,1.0,279,2472761593475299910,12582,298,-2,-50,-64,2017
64,gamma4,1.0,280,2204787136729339508,2266,250,-2,32,64,634
64,gamma4,1.0,281,6068894061116499239,5098,244,-3,-16,-64,1182
64,gamma4,1.0,282,5247541046538766823,1743,221,2,49,64,545
64,gamma4,1.0,283,332145099667975004,2966,206,-1,-20,64,768
64,gamma4,1.0,284,3034787847281229729,5153,237,0,-21,-64,1422
64,gamma4,1.0,285,3062708044415978241,7232,184,2,22,-64,1434
64,gamma4,1.0,286,8424677134077734777,1998,228,1,2,64,574
64,gamma4,1.0,287,4155066689998858617,4781,151,0,-11,64,1115
64,gamma4,1.0,288,2580266774661385884,6437,207,-2,-33,64,1468
64,gamma4,1.0,289,740732719477436346,2019,139,0,64,-13,617
64,gamma4,1.0,290,4195967457493376240,2555,201,3,-39,-64,657
64,gamma4,1.0,291,7941309637143197249,8861,291,-2,47,-64,1727
64,gamma4,1.0,292,1083580489658482282,5683,229,-1,-64,47,1118
64,gamma4,1.0,293,2658949684931755187,23354,212,-2,-12,64,3315
64,gamma4,1.0,294,775676259711504418,3328,158,1,-64,-18,688
64,gamma4,1.0,295,7406541369233312182,7973,313,1,-1,64,1913
64,gamma4,1.0,296,4460530103981606753,3026,302,0,36,-64,876
64,gamma4,1.0,297,7008703518326943172,6772,210,3,64,-8,1484
64,gamma4,1.0,298,5982958460692263810,1681,161,2,-13,64,437
64,gamma4,1.0,299,6893198131885910791,10701,201,0,-7,64,2067
64,gamma4,1.0,300,7577775737808071499,6634,392,0,-22,-64,1541
64,gamma4,1.0,301,3437746362665070096,1093,169,1,13,64,356
64,gamma4,1.0,302,5623920360524224826,3163,349,-2,-64,-55,999
64,gamma4,1.0,303,3085548994961478237,3333,311,2,-64,-49,886
64,gamma4,1.0,304,1327686353026641776,2186,140,0,-28,-64,581
64,gamma4,1.0,305,7220534998491350445,6742,258,1,-34,-64,1332
64,gamma4,1.0,306,1289975048101755335,8301,193,-1,64,-35,1644
64,gamma4,1.0,307,821293124745885286,7002,200,3,-64,22,1439
64,gamma4,1.0,308,2246687421701363862,2685,173,-2,-7,-64,754
64,gamma4,1.0,309,3043285541463227622,14387,139,1,-15,64,2113
64,gamma4,1.0,310,2887585222047799122,9292,220,1,46,-64,1839
64,gamma4,1.0,311,1612029260556734284,10527,371,-1,63,64,2260
64,gamma4,1.0,312,1873883685310215399,4752,158,0,2,-64,956
64,gamma4,1.0,313,2372711224652479326,3103,187,3,-64,-15,849
64,gamma4,1.0,314,635495680498464181,3537,237,0,64,-37,691
64,gamma4,1.0,315,3271887413235866713,5054,322,0,-28,64,1209
64,gamma4,1.0,316,7569142824767956838,4048,172,2,64,26,1032
64,gamma4,1.0,317,3103492211794299598,4311,249,-1,64,35,1124
64,gamma4,1.0,318,5477947383977417194,10188,154,0,-26,64,2089
64,gamma4,1.0,319,2950848374747055517,1760,182,0,-64,40,429
64,gamma4,1.0,320,466075755585424207,2777,241,2,64,27,938
64,gamma4,1.0,321,8248511942824299497,2369,195,3,-64,-29,679
64,gamma4,1.0,322,1770781794606690456,3367,151,-1,-64,15,823
64,gamma4,1.0,323,9105878928825084141,8571,269,1,-64,25,1533
64,gamma4,1.0,324,6259382043392806673,9654,430,2,18,64,1972
64,gamma4,1.0,325,1670231301055395976,1782,250,-1,30,64,583
64,gamma4,1.0,326,7968881976702445639,10280,244,-1,64,36,2173
64,gamma4,1.0,327,8162615013623366648,6347,189,3,23,64,1439
64,gamma4,1.0,328,638433802746789989,2443,169,1,15,-64,609
64,gamma4,1.0,329,8995987693620819884,4254,372,0,-4,64,1111
64,gamma4,1.0,330,8354000583255942065,4278,318,1,10,64,1169
64,gamma4,1.0,331,2876025369838433867,6360,158,-1,-64,-8,1398
64,gamma4,1.0,332,6029635999853564368,4701,387,4,17,64,1109
64,gamma4,1.0,333,1318607531563339,3078,276,5,-64,18,844
64,gamma4,1.0,334,2933310948973257641,5884,250,2,-32,64,1539
64,gamma4,1.0,335,6306856909751437196,8343,173,-1,3,-64,1410
64,gamma4,1.0,336,900776371097243561,5556,184,2,-2,-64,1234
64,gamma4,1.0,337,5238794379052877110,3459,267,-2,21,64,1078
64,gamma4,1.0,338,3685814781847236684,9830,262,-1,-12,-64,1829
64,gamma4,1.0,339,5740674783499427202,1486,182,0,64,-28,443
64,gamma4,1.0,340,7607796286526259110,34431,183,0,-39,-64,3336
64,gamma4,1.0,341,2181682093066476386,6197,385,-5,-64,-39,1313
64,gamma4,1.0,342,1492816054098587806,4682,244,-1,16,64,1128
64,gamma4,1.0,343,8808377467958823694,3516,162,2,-10,64,824
64,gamma4,1.0,344,7457606837175430921,2250,212,0,64,-46,675
64,gamma4,1.0,345,8358574294495034518,1133,175,1,64,15,352
64,gamma4,1.0,346,4150873722530366860,2593,257,3,-1,64,743
64,gamma4,1.0,347,4530126980437963120,9718,236,1,2,64,2415
64,gamma4,1.0,348,2760133980985686813,8233,361,2,-19,-64,1751
64,gamma4,1.0,349,7605968572861036603,3400,138,1,-64,-2,825
64,gamma4,1.0,350,5695486360673206196,2895,169,0,1,-64,614
64,gamma4,1.0,351,6707778958066486903,4633,241,1,9,-64,1320
64,gamma4,1.0,352,6699483523220770070,10094,140,0,-2,64,1663
64,gamma4,1.0,353,3668029853848437535,8538,232,1,26,-64,1315
64,gamma4,1.0,354,7081595488907405651,2280,292,1,64,-20,747
64,gamma4,1.0,355,2902195046915548031,2380,234,-4,64,54,589
64,gamma4,1.0,356,6651432667875365703,9301,215,-2,-9,64,1647
64,gamma4,1.0,357,5429409038690158815,4472,386,-3,-64,16,1321
64,gamma4,1.0,358,4136475284635185137,6828,244,-1,34,64,1471
64,gamma4,1.0,359,388626062877823231,5590,172,-1,6,64,950
64,gamma4,1.0,360,7486507681275284626,3098,216,-2,-6,64,722
64,gamma4,1.0,361,1715363140090349388,9230,162,-1,22,-64,2020
64,gamma4,1.0,362,4412310829461568801,1420,132,0,64,10,367
64,gamma4,1.0,363,1617273735044974895,10769,259,-3,-64,-49,2026
64,gamma4,1.0,364,4597127213539096403,3103,149,1,-64,-11,683
64,gamma4,1.0,365,3273971271042437903,11575,163,0,-37,64,1510
64,gamma4,1.0,366,4049772935435743168,3232,172,2,-64,14,901
64,gamma4,1.0,367,4372799278168063063,1927,185,0,64,-15,627
64,gamma4,1.0,368,5957450245603425818,3271,189,3,-33,-64,611
64,gamma4,1.0,369,8517244948230159287,19336,212,-2,-2,64,3311
64,gamma4,1.0,370,2044125653705379383,1245,157,-1,-64,-29,410
64,gamma4,1.0,371,7033919136575266819,12230,160,-1,-64,-2,2405
64,gamma4,1.0,372,7498616738699516578,7419,179,1,-25,64,1582
64,gamma4,1.0,373,8966218646819155903,10924,318,-4,-4,-64,1921
64,gamma4,1.0,374,7048105566345498154,4552,158,-2,4,-64,1163
64,gamma4,1.0,375,4774551619441210309,15225,211,0,3,-64,2472
64,gamma4,1.0,376,2272267981244816947,2512,270,2,-26,-64,748
64,gamma4,1.0,377,4047336277917624193,4190,310,4,26,64,1105
64,gamma4,1.0,378,1912723770628666936,6808,162,3,8,64,1202
64,gamma4,1.0,379,7173524227499601036,2405,229,-1,57,64,644
64,gamma4,1.0,380,6615239008148575054,2916,280,1,42,64,827
64,gamma4,1.0,381,4124705287933808543,8003,257,0,11,64,1808
64,gamma4,1.0,382,8327968019551050036,4469,211,0,64,7,1064
64,gamma4,1.0,383,1977540003809532216,3950,212,4,-64,40,970
64,gamma4,1.0,384,5132362312914967668,7185,181,2,-64,3,1376
64,gamma4,1.0,385,7156789622023772645,4915,279,4,-17,-64,903
64,gamma4,1.0,386,154090075664419875,2181,161,2,27,64,539
64,gamma4,1.0,387,1625660229622151476,3213,175,4,64,-27,836
64,gamma4,1.0,388,230577932703845269,3602,156,1,-24,-64,858
64,gamma4,1.0,389,1456267661010136564,3834,238,1,-64,-50,998
64,gamma4,1.0,390,1796939089012191332,3242,196,-1,64,6,726
64,gamma4,1.0,391,2130890015883498834,6220,244,3,-64,12,1115
64,gamma4,1.0,392,1560277346281649247,3371,227,-1,-64,27,958
64,gamma4,1.0,393,1654470299400577860,5176,284,2,-42,64,1301
64,gamma4,1.0,394,1807960388377444055,2564,194,-1,24,-64,668
64,gamma4,1.0,395,4087622196380710774,1708,154,1,34,64,464
64,gamma4,1.0,396,2919655775675823783,8084,176,0,64,-34,1960
64,gamma4,1.0,397,295246800311572331,4857,141,-2,-64,-3,1239
64,gamma4,1.0,398,746254433456978382,7383,277,0,-64,59,1784
64,gamma4,1.0,399,5992434037396858131,12151,315,-2,35,-64,2111
64,gamma4,1.0,400,6746224274916947302,4167,231,2,-64,-33,962
64,gamma4,1.0,401,7578946020449368556,7916,224,-1,64,18,1403
64,gamma4,1.0,402,4356522871850994115,6163,307,-3,64,-1,1234
64,gamma4,1.0,403,2013982668960552398,1504,192,3,-64,-10,488
64,gamma4,1.0,404,20841309194232600,18568,204,-3,64,14,3206
64,gamma4,1.0,405,2094858195455491986,6149,239,3,-41,64,1331
64,gamma4,1.0,406,3761744557851710863,3490,226,-1,40,64,826
64,gamma4,1.0,407,4833539132877738501,1251,185,3,-64,5,466
64,gamma4,1.0,408,5245896908445942275,4366,184,0,64,-6,1009
64,gamma4,1.0,409,4118621127111704860,3330,326,4,64,-4,996
64,gamma4,1.0,410,3251099715640735256,8536,534,0,4,-64,1859
64,gamma4,1.0,411,6122823857905244176,1344,160,1,-64,0,385
64,gamma4,1.0,412,38202157364382993,9036,176,-2,-24,64,1379
64,gamma4,1.0,413,8910485322192794036,14695,389,3,64,-9,2427
64,gamma4,1.0,414,7173267471176432840,13917,555,1,-49,-64,2465
64,gamma4,1.0,415,1817393464695253542,9128,206,0,20,64,1440
64,gamma4,1.0,416,3263593867648779703,3752,156,-1,64,22,950
64,gamma4,1.0,417,303693667813702912,5137,399,-2,64,47,1418
64,gamma4,1.0,418,8853402861444200157,6627,335,-2,-51,-64,1286
64,gamma4,1.0,419,1554925324452032204,1267,169,1,64,1,404
64,gamma4,1.0,420,3281766387297703602,1043,159,0,64,-13,348
64,gamma4,1.0,421,8085159681700989335,4645,125,1,-19,-64,1046
64,gamma4,1.0,422,116895644142850445,2787,281,-1,-39,-64,667
64,gamma4,1.0,423,3563950851618849048,1741,149,1,-64,27,498
64,gamma4,1.0,424,2749079921476679945,11320,224,0,26,-64,1714
64,gamma4,1.0,425,9089991867843292145,4067,235,0,5,-64,881
64,gamma4,1.0,426,7593709355741891528,3134,270,2,26,64,966
64,gamma4,1.0,427,3217819861297798785,10627,137,-2,-64,-7,2158
64,gamma4,1.0,428,33802133094040459,3033,199,2,-64,29,681
64,gamma4,1.0,429,6053326563489453677,3251,283,1,-64,-17,851
64,gamma4,1.0,430,7552330593560898588,10319,179,0,41,-64,1584
64,gamma4,1.0,431,1795028334180789426,2758,202,2,-64,32,556
64,gamma4,1.0,432,3548489546397638031,3610,172,0,-40,-64,848
64,gamma4,1.0,433,1918070074265455002,18423,155,-1,21,-64,2417
64,gamma4,1.0,434,236359721469228341,1802,208,-1,-64,44,534
64,gamma4,1.0,435,6895732583599097545,4132,262,0,-64,0,843
64,gamma4,1.0,436,4758581569999846660,2473,197,-1,5,-64,664
64,gamma4,1.0,437,5214456537666865005,17329,437,0,-64,-43,3995
64,gamma4,1.0,438,5097594361039132360,6200,412,1,64,46,1764
64,gamma4,1.0,439,5923512622128493451,23833,239,-1,37,64,3310
64,gamma4,1.0,440,2780679041396300627,9701,257,1,64,9,1591
64,gamma4,1.0,441,2815837505042906559,6898,396,-1,-64,-16,1696
64,gamma4,1.0,442,4557582883400712198,2087,147,1,-15,64,537
64,gamma4,1.0,443,4045043590492790068,2662,222,1,4,64,685
64,gamma4,1.0,444,3019048129465125915,5150,242,-3,64,24,1177
64,gamma4,1.0,445,1570668984796071171,3458,262,3,56,64,937
64,gamma4,1.0,446,7800884887175214410,17155,235,-1,64,-15,3011
64,gamma4,1.0,447,895161707315052280,12603,225,2,64,19,2135
64,gamma4,1.0,448,2934178916939909278,2673,205,4,-64,13,718
64,gamma4,1.0,449,6200488735052967191,6109,135,-1,13,-64,1156
64,gamma4,1.0,450,445852345266078272,964,150,-1,-4,-64,304
64,gamma4,1.0,451,178028931772630881,4203,345,1,-64,-39,1193
64,gamma4,1.0,452,775372773299632389,6653,171,0,-11,64,1203
64,gamma4,1.0,453,7460476249823459868,10322,214,0,-14,64,1651
64,gamma4,1.0,454,4334937750873282143,3043,219,1,-64,-43,717
64,gamma4,1.0,455,2863758382243152412,13457,359,0,-64,27,3075
64,gamma4,1.0,456,7864064956478086926,3643,155,0,15,-64,596
64,gamma4,1.0,457,3076047529506744285,7096,226,1,18,64,1241
64,gamma4,1.0,458,4260753021011523001,604,136,0,0,-64,246
64,gamma4,1.0,459,1834376862942028912,11767,373,1,-21,-64,2077
64,gamma4,1.0,460,1873429926822248229,5440,304,-3,-64,-52,1248
64,gamma4,1.0,461,8550523087930426988,6499,291,1,-64,-9,1506
64,gamma4,1.0,462,688810173503020217,6887,321,0,-64,-25,1639
64,gamma4,1.0,463,4891389426976777824,3139,143,1,64,9,786
64,gamma4,1.0,464,3922637621220084692,1172,186,-2,-64,16,368
64,gamma4,1.0,465,898555898468954226,3199,235,0,-59,-64,808
64,gamma4,1.0,466,6919567495954486205,7214,372,1,64,-14,1690
64,gamma4,1.0,467,5169807875600659037,2638,212,0,-48,64,704
64,gamma4,1.0,468,1227693536198658447,3348,240,1,64,-8,900
64,gamma4,1.0,469,3804445551859713881,8228,344,-1,64,18,1822
64,gamma4,1.0,470,318172805442668349,2548,196,0,56,64,627
64,gamma4,1.0,471,6012924972972626303,11209,163,-3,-64,-29,2481
64,gamma4,1.0,472,949732225768700613,16000,298,1,-26,64,2933
64,gamma4,1.0,473,6697884961212280258,2384,198,0,64,6,572
64,gamma4,1.0,474,8706824324694240576,3101,255,2,-64,11,812
64,gamma4,1.0,475,5499292447654015690,5068,420,-1,64,-22,1214
64,gamma4,1.0,476,8651056730261632286,12888,222,2,-64,4,2264
64,gamma4,1.0,477,4753216522514385556,4318,352,-5,-10,64,1089
64,gamma4,1.0,478,7533904698581162205,7051,219,1,64,-43,1476
64,gamma4,1.0,479,2819606837382475217,12922,206,-1,64,16,2690
64,gamma4,1.0,480,7688922310206343050,9287,281,4,23,64,2096
64,gamma4,1.0,481,5713170259610508407,25366,298,2,-64,-32,4203
64,gamma4,1.0,482,3430678710884627175,831,173,0,-9,-64,333
64,gamma4,1.0,483,5683754076800469235,7131,231,0,64,21,1483
64,gamma4,1.0,484,9198570791544333211,3696,316,-3,64,-44,1093
64,gamma4,1.0,485,4149559546374731980,8418,230,-1,-64,-22,1463
64,gamma4,1.0,486,1598134938038511323,4394,176,-2,-64,-36,1059
64,gamma4,1.0,487,4779002060589806953,3549,319,1,33,64,722
64,gamma4,1.0,488,5160344555393579182,1969,135,2,64,-13,444
64,gamma4,1.0,489,2169342095715296346,3925,341,2,-11,64,1074
64,gamma4,1.0,490,8531882741491635730,2158,220,0,0,64,567
64,gamma4,1.0,491,7914565529415176458,6084,262,0,14,-64,1402
64,gamma4,1.0,492,4241743544538115269,6283,237,1,64,-5,1141
64,gamma4,1.0,493,7239954034792481689,8414,318,2,64,-16,1566
64,gamma4,1.0,494,6567179472892798861,3892,220,-3,64,8,826
64,gamma4,1.0,495,4639863504869202541,1733,223,2,-64,31,521
64,gamma4,1.0,496,1985825206802854183,3811,225,-3,-13,-64,987
64,gamma4,1.0,497,167582592165693605,4653,245,-1,43,-64,1173
64,gamma4,1.0,498,5472667045819888212,2729,191,2,-64,59,733
64,gamma4,1.0,499,7472500848021401163,5833,157,1,33,64,1215
64,gamma4,1.0,500,4830319807584708653,1826,212,1,-64,30,587
64,gamma4,1.0,501,3529456526435674361,7147,315,-5,-37,64,1864
64,gamma4,1.0,502,4628596434243256743,1588,132,1,12,64,453
64,gamma4,1.0,503,1131814845290449683,3445,199,1,-41,-64,686
64,gamma4,1.0,504,3161117155081810272,15116,616,0,16,64,3051
64,gamma4,1.0,505,3898182102738147388,7539,139,0,27,64,1613
64,gamma4,1.0,506,3938945582673824250,2190,200,0,-64,-12,512
64,gamma4,1.0,507,7719392861106375644,9279,319,-2,64,-11,1937
64,gamma4,1.0,508,4719779866934244643,3680,244,-2,26,-64,983
64,gamma4,1.0,509,6431219333606019079,4523,315,1,-64,1,1247
64,gamma4,1.0,510,5062532228785526485,17383,251,2,64,-23,1984
64,gamma4,1.0,511,5890038737778555656,3415,203,0,64,-9,1025
64,gamma4,1.0,512,3778391277631022250,3048,278,0,64,10,858
64,gamma4,1.0,513,245786044180049811,1816,234,-2,64,-2,552
64,gamma4,1.0,514,2378108676723695687,4972,202,0,12,64,1247
64,gamma4,1.0,515,7472713548525002226,3837,219,0,-64,-29,870
64,gamma4,1.0,516,8416002207778400400,5206,226,2,64,26,1159
64,gamma4,1.0,517,241042025221869882,9069,291,2,-64,-29,1933
64,gamma4,1.0,518,7769416750382391477,4543,189,-3,64,7,1166
64,gamma4,1.0,519,1988178315423571796,2605,253,-1,-64,-35,829
64,gamma4,1.0,520,6183243308753692073,1974,212,0,58,64,627
64,gamma4,1.0,521,1134218919461128062,2386,180,1,64,-30,565
64,gamma4,1.0,522,3296336759253966565,7988,180,2,-22,-64,2066
64,gamma4,1.0,523,6018259714660833863,6421,147,3,64,-23,1503
64,gamma4,1.0,524,219992946107360325,4896,274,1,64,4,1132
64,gamma4,1.0,525,7718287907026908771,3954,402,3,0,-64,1219
64,gamma4,1.0,526,669709007194173279,10510,286,3,28,64,1875
64,gamma4,1.0,527,5716002355463638635,1511,219,-3,15,-64,527
64,gamma4,1.0,528,8140393001956538983,4976,158,0,-14,-64,990
64,gamma4,1.0,529,7619631923748389978,9615,201,1,64,-13,1954
64,gamma4,1.0,530,6626490734575935461,23135,201,3,64,-39,2974
64,gamma4,1.0,531,622937716418870369,1302,196,-1,32,-64,498
64,gamma4,1.0,532,8046992744668202789,3419,231,0,-64,-7,643
64,gamma4,1.0,533,3819399116463716785,3543,255,-2,-64,23,911
64,gamma4,1.0,534,5438628873559730905,2759,267,1,-57,64,760
64,gamma4,1.0,535,726784180657134702,8019,367,-1,-37,-64,1835
64,gamma4,1.0,536,3962975510884548065,11521,205,-2,64,-29,1883
64,gamma4,1.0,537,6636225937731399832,4965,223,0,55,-64,1047
64,gamma4,1.0,538,709382419067856424,3312,188,2,-2,-64,597
64,gamma4,1.0,539,3654172804217932040,3507,203,0,-55,64,877
64,gamma4,1.0,540,7942029854081506538,17774,392,-2,64,62,2321
64,gamma4,1.0,541,8622705390179796229,3649,275,1,-64,-27,945
64,gamma4,1.0,542,749354386898803793,2050,210,1,26,-64,574
64,gamma4,1.0,543,4187940005319853994,1498,176,-2,-34,64,471
64,gamma4,1.0,544,6986535546155343747,4464,270,-1,-64,32,1357
64,gamma4,1.0,545,7109062433801380001,9604,166,0,-14,-64,2029
64,gamma4,1.0,546,4798536882354980748,10577,465,4,53,-64,2485
64,gamma4,1.0,547,7869757539116951762,2837,173,0,25,64,635
64,gamma4,1.0,548,8052977649882656192,3433,319,2,64,9,1011
64,gamma4,1.0,549,3166130283036671863,7240,298,0,-64,-6,1681
64,gamma4,1.0,550,7003273899062734774,7648,184,1,64,2,1399
64,gamma4,1.0,551,5135531105727248508,1136,170,0,-64,28,403
64,gamma4,1.0,552,3970072227490826646,7151,279,-3,-64,-3,1548
64,gamma4,1.0,553,7888766952174919263,5436,198,0,-64,32,913
64,gamma4,1.0,554,7189034131779882079,6048,220,-3,52,64,1386
64,gamma4,1.0,555,4914707631133790728,4650,164,-1,-12,64,1306
64,gamma4,1.0,556,1559527647207941236,10185,159,-1,-23,64,1516
64,gamma4,1.0,557,5180686785408899080,3751,371,-1,64,41,1091
64,gamma4,1.0,558,506405959872837860,2674,148,1,-64,-46,668
64,gamma4,1.0,559,2912829756818820816,20749,147,0,64,9,2417
64,gamma4,1.0,560,1633585455016824766,12346,178,-1,64,52,1846
64,gamma4,1.0,561,3918896835509106089,3727,235,1,-61,64,973
64,gamma4,1.0,562,8760744967035625771,4162,334,0,2,-64,1012
64,gamma4,1.0,563,1517250743683025633,9649,209,1,-64,31,2239
64,gamma4,1.0,564,7844822013250803173,4380,372,2,60,64,1074
64,gamma4,1.0,565,5676669726969380067,2867,183,-2,15,-64,649
64,gamma4,1.0,566,1920710683714416727,2732,236,3,-6,-64,690
64,gamma4,1.0,567,4840144286509382560,9192,260,0,8,-64,1500
64,gamma4,1.0,568,7976213415505254213,10989,255,4,64,23,2461
64,gamma4,1.0,569,588508459121089473,10155,261,-2,-64,41,1641
64,gamma4,1.0,570,7574566648738767685,3711,275,1,64,51,1031
64,gamma4,1.0,571,3452210034516951524,8017,201,-1,64,3,1615
64,gamma4,1.0,572,1500446937568916612,4554,264,-1,10,64,1064
64,gamma4,1.0,573,82472276570248727,7979,163,1,64,-11,2060
64,gamma4,1.0,574,903696684384109381,3081,373,-2,11,-64,964
64,gamma4,1.0,575,6078470994273296838,6215,257,3,41,-64,1449
64,gamma4,1.0,576,8663830550195524160,12245,279,2,64,-21,2381
64,gamma4,1.0,577,2320563759384198741,8025,391,1,35,64,1772
64,gamma4,1.0,578,6544563929375830946,4316,208,0,-46,64,881
64,gamma4,1.0,579,3471471859825009866,1504,178,0,64,-6,479
64,gamma4,1.0,580,8446775705279173762,3636,164,0,44,64,826
64,gamma4,1.0,581,7799125074296689781,2978,196,0,-8,-64,793
64,gamma4,1.0,582,2319097993635669293,5298,182,2,-64,16,835
64,gamma4,1.0,583,7742884145422354089,30963,193,1,64,21,3836
64,gamma4,1.0,584,5938004389613630733,2295,161,1,-64,47,606
64,gamma4,1.0,585,1344377085714904408,2930,346,2,-64,42,858
64,gamma4,1.0,586,3041581552881633751,14292,198,2,64,6,2868
64,gamma4,1.0,587,8300855694294091046,16224,264,1,-10,-64,2250
64,gamma4,1.0,588,7840828653566389233,23025,191,-1,21,64,3094
64,gamma4,1.0,589,3986601603074359547,3461,243,3,64,31,946
64,gamma4,1.0,590,4578347897548354191,4304,148,1,64,6,966
64,gamma4,1.0,591,2887637205846063752,4250,192,1,32,-64,965
64,gamma4,1.0,592,4914536785267867547,4401,193,-3,64,-1,1043
64,gamma4,1.0,593,7897148462220284019,4888,186,1,-6,64,1244
64,gamma4,1.0,594,5257502167194531003,833,139,0,64,-1,270
64,gamma4,1.0,595,1454812441910883390,6214,370,3,64,8,1445
64,gamma4,1.0,596,5687995239307656787,6425,185,-1,-64,-13,1508
64,gamma4,1.0,597,1587190288598306698,3558,198,1,-12,-64,752
64,gamma4,1.0,598,8656444185197646427,5501,237,2,-1,-64,1274
64,gamma4,1.0,599,1661137168244650485,3364,250,2,64,-22,933
64,gamma4,1.0,600,7343846609295201776,2103,227,-3,64,-7,624
64,gamma4,1.0,601,7564769405960060957,9830,174,-2,-64,-16,1195
64,gamma4,1.0,602,5852279824009341314,1227,173,0,-41,64,380
64,gamma4,1.0,603,3506530478113784661,7792,280,-1,-18,64,1606
64,gamma4,1.0,604,2459201245680314744,2870,216,1,-64,-12,674
64,gamma4,1.0,605,4954506962927334871,6386,204,2,64,-34,1435
64,gamma4,1.0,606,1344269750431234609,3552,256,1,0,-64,832
64,gamma4,1.0,607,2167625426722279053,1692,162,0,-64,-18,421
64,gamma4,1.0,608,8977408714300175336,5334,302,-4,64,38,1265
64,gamma4,1.0,609,7156284748043586875,2754,202,2,-64,42,567
64,gamma4,1.0,610,6742443033910559184,5469,293,-1,1,-64,1152
64,gamma4,1.0,611,5706239571100227555,4537,367,-1,-9,64,1167
64,gamma4,1.0,612,3467401333049422330,6668,338,-3,-18,64,1489
64,gamma4,1.0,613,8314271297785564124,1362,184,1,-16,-64,419
64,gamma4,1.0,614,2476811149437437145,3961,227,1,-64,-9,924
64,gamma4,1.0,615,5575034294959432095,13657,323,-4,-11,-64,2651
64,gamma4,1.0,616,6631118142426995791,9143,309,0,35,-64,2150
64,gamma4,1.0,617,126366225813450916,11525,303,1,64,-7,2203
64,gamma4,1.0,618,8478952564863751604,5783,361,3,64,-33,1348
64,gamma4,1.0,619,3211790340723946117,7638,244,-1,64,0,1788
64,gamma4,1.0,620,7163278430075867735,3563,235,-2,31,-64,965
64,gamma4,1.0,621,6729890038681096998,8464,594,1,-54,-64,2283
64,gamma4,1.0,622,7513614528474394085,5524,208,1,-52,-64,1189
64,gamma4,1.0,623,1716854841166868288,4430,216,-2,-64,16,1118
64,gamma4,1.0,624,687321317247323671,2655,203,-2,11,-64,632
64,gamma4,1.0,625,2001327256789210273,3119,213,-1,64,-23,754
64,gamma4,1.0,626,3190189794596335481,3438,258,-1,32,-64,1002
64,gamma4,1.0,627,801206387720524750,5637,199,1,-64,-1,969
64,gamma4,1.0,628,5227594461350467460,4879,325,0,-33,-64,1166
64,gamma4,1.0,629,6047383354531322398,3814,190,2,8,64,910
64,gamma4,1.0,630,6629904254157016085,6497,277,3,29,64,1711
64,gamma4,1.0,631,2483435409890353172,10961,217,0,11,-64,1893
64,gamma4,1.0,632,8182331497051070383,2884,202,2,40,64,776
64,gamma4,1.0,633,944877089139479580,4900,316,0,30,-64,1158
64,gamma4,1.0,634,8293240290446756305,7135,229,-4,7,-64,1354
64,gamma4,1.0,635,2152733616374745756,1014,186,0,-64,-36,352
64,gamma4,1.0,636,3164217517858454982,3446,170,1,64,24,725
64,gamma4,1.0,637,2023444240531168857,2239,203,-3,-64,17,575
64,gamma4,1.0,638,4734286779276329541,1407,199,-1,64,-21,458
64,gamma4,1.0,639,3456346324186348374,8029,147,-1,-21,-64,1837
64,gamma4,1.0,640,4493778043676409931,11981,195,-1,15,64,2233
64,gamma4,1.0,641,8181514545317386667,7165,273,-1,64,-43,1123
64,gamma4,1.0,642,5374575944421173586,22874,330,2,64,4,3217
64,gamma4,1.0,643,5809589266185978076,5157,233,0,-64,-7,780
64,gamma4,1.0,644,2264793941758807134,3654,298,-4,42,-64,814
64,gamma4,1.0,645,8062513287994051445,9470,200,3,-6,-64,1981
64,gamma4,1.0,646,4770926820414439125,3676,310,0,-64,2,916
64,gamma4,1.0,647,8618521351902688503,10218,200,-1,-64,6,2245
64,gamma4,1.0,648,6795903789944631931,1842,190,1,64,-10,595
64,gamma4,1.0,649,2614041967145810914,8441,209,1,64,21,1993
64,gamma4,1.0,650,756056247429262151,14838,252,0,28,-64,2577
64,gamma4,1.0,651,3547224015909108614,6003,329,3,11,-64,1511
64,gamma4,1.0,652,8031818990281848944,3239,191,0,64,7,1023
64,gamma4,1.0,653,7808389743660012381,7554,182,1,-64,-8,1144
64,gamma4,1.0,654,8938549800367056568,13102,566,-2,22,-64,2833
64,gamma4,1.0,655,3091691956053623616,8940,324,2,-64,-26,1757
64,gamma4,1.0,656,3255874026877221794,4563,309,2,-35,64,1089
64,gamma4,1.0,657,3362703449283821751,2616,126,0,-12,64,570
64,gamma4,1.0,658,8306250114345110467,7912,146,-2,-64,-8,1744
64,gamma4,1.0,659,1735328544686768593,7966,312,-3,-64,-18,1766
64,gamma4,1.0,660,3840433844058276146,4055,315,2,64,-29,1156
64,gamma4,1.0,661,1209168000257144942,1960,200,-2,-64,-10,545
64,gamma4,1.0,662,2504609541783521101,2341,267,1,-64,-39,705
64,gamma4,1.0,663,3176964991425390325,3909,329,4,-64,31,1119
64,gamma4,1.0,664,2930813744988441245,10703,229,1,-64,-39,1815
64,gamma4,1.0,665,8081399392895017450,9332,152,-2,2,-64,1757
64,gamma4,1.0,666,3394812431950782555,4933,157,0,64,-25,1042
64,gamma4,1.0,667,3891658704444557235,5006,194,-1,-2,64,1064
64,gamma4,1.0,668,430347760162019701,12094,444,-1,64,-36,2760
64,gamma4,1.0,669,8304041025316316268,5277,169,-1,-64,13,1187
64,gamma4,1.0,670,1922937876757938591,7962,242,-1,-64,-24,1632
64,gamma4,1.0,671,9041497480446997434,7443,319,2,64,23,1580
64,gamma4,1.0,672,4063642376041495090,5835,151,-1,31,-64,1363
64,gamma4,1.0,673,2035964651671527085,3404,156,0,64,-4,747
64,gamma4,1.0,674,6958405685695808993,2840,234,-1,0,64,664
64,gamma4,1.0,675,5546334748943580472,2057,297,1,35,64,731
64,gamma4,1.0,676,8149517152673445509,6460,214,2,64,-14,1436
64,gamma4,1.0,677,673637235782225854,14822,194,0,10,-64,1983
64,gamma4,1.0,678,7998651594900982987,7428,186,-1,28,64,1366
64,gamma4,1.0,679,6165989847740374734,4559,239,0,31,64,1149
64,gamma4,1.0,680,2376495336833620335,4096,176,0,64,-36,969
64,gamma4,1.0,681,7122219242514103913,5384,140,-1,10,64,857
64,gamma4,1.0,682,530583707498292339,2034,222,-1,64,-24,625
64,gamma4,1.0,683,238871379179511158,6955,323,-3,64,11,1615
64,gamma4,1.0,684,6596461412273217992,6109,217,-1,-25,-64,1174
64,gamma4,1.0,685,8049816568966785507,3586,228,1,64,-54,860
64,gamma4,1.0,686,5912245501658611644,1192,148,1,-20,64,359
64,gamma4,1.0,687,1692243549732520598,2465,213,-2,64,-19,752
64,gamma4,1.0,688,42878762930408719,13111,251,1,64,23,2449
64,gamma4,1.0,689,6725260009381510589,2250,260,1,-12,64,671
64,gamma4,1.0,690,1171670193790938896,2445,143,-2,7,64,593
64,gamma4,1.0,691,6168780340263040797,12481,405,0,-64,23,2810
64,gamma4,1.0,692,8483110535619440931,3975,141,0,15,-64,912
64,gamma4,1.0,693,8513682905054521787,10321,273,-2,-31,64,1667
64,gamma4,1.0,694,31247164323210596,9757,305,-2,33,64,1873
64,gamma4,1.0,695,849623303353062597,3666,332,3,-52,-64,756
64,gamma4,1.0,696,4122269271700978980,2965,169,1,-27,64,723
64,gamma4,1.0,697,509376063065168596,16655,331,-1,64,41,2836
64,gamma4,1.0,698,4689337756480911093,9341,205,-1,-64,-13,1318
64,gamma4,1.0,699,2905043039824255185,795,127,1,-64,15,271
128,gamma4,1.0,0,5232492920383261895,23346,620,0,28,-128,4704
128,gamma4,1.0,1,7933844660474780248,9463,477,2,45,-128,2060
128,gamma4,1.0,2,8809895597931649448,10934,372,-1,22,128,2215
128,gamma4,1.0,3,897370486057823144,2993,399,3,5,128,968
128,gamma4,1.0,4,2508253801619082185,60065,577,3,89,128,7697
128,gamma4,1.0,5,7193380718821827284,76542,414,0,54,-128,9604
128,gamma4,1.0,6,7314485516086862287,25610,624,-2,-70,128,4917
128,gamma4,1.0,7,301910952448149319,17687,573,-1,43,128,4019
128,gamma4,1.0,8,5586823062701737023,6578,406,1,-128,-10,1785
128,gamma4,1.0,9,2557682409579810312,9426,628,-1,-128,-4,2485
128,gamma4,1.0,10,8856948728837497163,9562,450,0,128,46,2081
128,gamma4,1.0,11,9214523812114640640,11239,399,0,128,-41,2524
128,gamma4,1.0,12,1357067209331702958,6853,493,0,128,75,1792
128,gamma4,1.0,13,7536803885997257102,11993,439,2,13,-128,2925
128,gamma4,1.0,14,3286285035888668532,9389,533,-1,-128,89,2231
128,gamma4,1.0,15,4688679758013254266,41686,542,-5,128,-44,6703
128,gamma4,1.0,16,8599697406411763093,53927,487,2,43,128,7731
128,gamma4,1.0,17,836624072676770562,21883,581,1,128,107,4816
128,gamma4,1.0,18,1334628309114203971,19095,651,5,128,13,3920
128,gamma4,1.0,19,2494241876939164730,67803,565,2,128,-7,6989
128,gamma4,1.0,20,8480155140592516931,5973,557,-4,-111,-128,1654
128,gamma4,1.0,21,8271073021845878377,18133,581,2,-61,-128,3688
128,gamma4,1.0,22,2516570597510660612,49564,770,3,10,128,7546
128,gamma4,1.0,23,1474740559393681187,11588,634,-1,-128,38,2583
128,gamma4,1.0,24,1379638952504139831,12576,572,2,128,-26,2805
128,gamma4,1.0,25,3090609865657337999,53510,486,4,128,-56,8863
128,gamma4,1.0,26,369715073130785421,11321,331,3,-128,-13,2524
128,gamma4,1.0,27,470462297500939615,11458,568,-1,36,-128,2338
128,gamma4,1.0,28,5962653935892182708,10726,408,3,-128,28,2415
128,gamma4,1.0,29,5606845373603645749,4663,519,2,-25,128,1409
128,gamma4,1.0,30,3441754367342414357,5893,375,-1,-128,-43,1619
128,gamma4,1.0,31,5311006946672926421,212331,431,2,-128,17,21704
128,gamma4,1.0,32,330185699937676857,11784,468,1,-34,-128,2803
128,gamma4,1.0,33,9201297546147163362,75208,686,-1,-50,128,9283
128,gamma4,1.0,34,1165849627194616063,26749,513,0,128,-75,3843
128,gamma4,1.0,35,7667814828111136370,19274,458,-1,60,128,3416
128,gamma4,1.0,36,3111036771139568307,34365,467,0,128,-105,5937
128,gamma4,1.0,37,3121222742992422072,8800,390,0,-30,128,1957
128,gamma4,1.0,38,6584009723450639268,13147,645,2,-5,128,3042
128,gamma4,1.0,39,3912562162131775653,8261,545,-4,-25,128,2109
128,gamma4,1.0,40,2990331196702311302,5967,359,-1,-7,128,1635
128,gamma4,1.0,41,1164724965079588509,13055,599,0,128,101,3244
128,gamma4,1.0,42,6391570534606962716,24231,647,1,-7,128,4583
128,gamma4,1.0,43,8002602421166494590,27818,520,-2,76,-128,4219
128,gamma4,1.0,44,651201177531400020,50998,1142,-3,4,-128,8298
128,gamma4,1.0,45,2898402425694373842,39365,563,-2,128,17,6356
128,gamma4,1.0,46,5533177905821482161,12446,434,-2,128,-80,2797
128,gamma4,1.0,47,6816023950740472765,5055,415,0,128,35,1373
128,gamma4,1.0,48,727909467896881788,59178,618,-1,-60,128,7596
128,gamma4,1.0,49,417688138142992991,21487,481,-1,128,99,4066
128,gamma4,1.0,50,4825570349982477959,21825,483,0,-128,-45,4232
128,gamma4,1.0,51,2234748841890812267,9784,592,2,-14,-128,2658
128,gamma4,1.0,52,638527325351883215,13107,455,2,-21,-128,3002
128,gamma4,1.0,53,6031519559873144361,9100,372,0,128,-42,1944
128,gamma4,1.0,54,1033658294932725950,18947,385,-2,-128,33,3900
128,gamma4,1.0,55,6220960506003173799,13277,487,-1,128,29,3108
128,gamma4,1.0,56,3244785763652079403,9031,423,1,-128,-99,1989
128,gamma4,1.0,57,8953366937180514331,7702,316,-1,-4,128,1726
128,gamma4,1.0,58,9064596012885061492,27381,579,0,128,-33,4500
128,gamma4,1.0,59,5492653136829645135,16339,485,2,128,-47,3302
128,gamma4,1.0,60,4914479530747870290,8725,439,1,-128,19,1836
128,gamma4,1.0,61,4009520420534080344,4806,516,1,22,128,1487
128,gamma4,1.0,62,1671983096913370825,4600,418,-2,2,-128,1284
128,gamma4,1.0,63,1075543934110765074,7484,332,1,-128,-2,2093
128,gamma4,1.0,64,8143073806806079765,32298,720,1,34,128,4968
128,gamma4,1.0,65,1227966838598606308,7493,661,-4,5,-128,1976
128,gamma4,1.0,66,7440056642812620745,10489,693,2,128,33,2499
128,gamma4,1.0,67,4526349600123646411,7222,534,0,-128,-66,1883
128,gamma4,1.0,68,661907033409934201,37936,824,1,26,-128,6733
128,gamma4,1.0,69,2004975031757422134,19276,478,-1,-128,-14,3647
128,gamma4,1.0,70,970019790634584988,74655,325,-1,-128,-31,11141
128,gamma4,1.0,71,3451324624852789364,24786,464,3,-20,128,4808
128,gamma4,1.0,72,8589293308619081654,37066,648,-2,128,-32,5874
128,gamma4,1.0,73,4651896619680922755,8783,333,2,-11,-128,1772
128,gamma4,1.0,74,7622150129135523963,25235,555,0,-55,128,3729
128,gamma4,1.0,75,6661849282558696101,8413,361,-1,128,15,1904
128,gamma4,1.0,76,226461061511706600,7044,412,0,-36,-128,1542
128,gamma4,1.0,77,4361409860005032958,31748,806,-4,94,-128,5393
128,gamma4,1.0,78,4988058359521958300,8693,701,-2,25,-128,2255
128,gamma4,1.0,79,1003732402086422512,15245,683,2,-128,15,3186
128,gamma4,1.0,80,3428923696447438169,34666,730,2,-16,-128,6240
128,gamma4,1.0,81,7991456727775689460,39998,936,5,-128,62,7908
128,gamma4,1.0,82,5941149805011783773,14877,467,-2,128,67,3121
128,gamma4,1.0,83,4773624386921347113,26351,599,-2,-59,-128,5099
128,gamma4,1.0,84,3043184132146076902,8652,566,1,52,-128,2033
128,gamma4,1.0,85,7263784219725321993,15102,502,0,-128,-110,2759
128,gamma4,1.0,86,4989782809794402677,5280,520,3,76,-128,1672
128,gamma4,1.0,87,8962732288468028598,10133,487,-1,-128,105,2430
128,gamma4,1.0,88,9202205810991530640,68185,561,-3,-61,128,8784
128,gamma4,1.0,89,6892308279414862924,17254,640,2,-28,128,3248
128,gamma4,1.0,90,716332195918209516,5636,326,-1,-4,-128,1234
128,gamma4,1.0,91,7963377144026832629,7161,423,-1,-128,-45,1961
128,gamma4,1.0,92,811995832433405595,43409,509,1,47,128,6651
128,gamma4,1.0,93,3627650388261164097,5837,509,2,63,-128,1233
128,gamma4,1.0,94,1539294748441544933,5236,446,0,128,-56,1511
128,gamma4,1.0,95,4099407263262205072,17601,589,3,-128,-5,3048
128,gamma4,1.0,96,1669245368309107938,16656,532,-1,-78,-128,4028
128,gamma4,1.0,97,4320421093256844505,29377,1565,5,79,-128,6729
128,gamma4,1.0,98,6448526566044093260,26991,373,-2,-128,13,5550
128,gamma4,1.0,99,4473655298047442386,17096,580,-3,-128,-122,2715
128,gamma4,1.0,100,1256915929683013040,63803,721,3,-128,19,9331
128,gamma4,1.0,101,8447297160921473715,17172,512,-1,-58,-128,2678
128,gamma4,1.0,102,1240625775328688159,34053,801,-3,-47,128,6490
128,gamma4,1.0,103,4347343643758365317,6180,374,3,0,128,1473
128,gamma4,1.0,104,8827106535818262339,14367,563,1,-128,89,3077
128,gamma4,1.0,105,3486498831079491230,23388,688,-1,128,-6,3788
128,gamma4,1.0,106,628675705408879094,5462,506,-1,-80,-128,1585
128,gamma4,1.0,107,7291441489012407429,17679,603,0,-109,128,3892
128,gamma4,1.0,108,2521191731653560480,31414,536,-2,-20,128,5453
128,gamma4,1.0,109,3464563053790689267,16819,709,-1,35,-128,3395
128,gamma4,1.0,110,1088296502100830257,10884,568,1,80,128,2436
128,gamma4,1.0,111,2945260170618931288,15216,640,2,-128,90,3298
128,gamma4,1.0,112,7387851646322342779,6246,406,3,74,-128,1697
128,gamma4,1.0,113,5005678287690591304,70120,496,2,-128,96,9485
128,gamma4,1.0,114,7278193234146914147,15179,681,1,-87,128,3305
128,gamma4,1.0,115,6163639499139707858,27662,518,1,-6,-128,3938
128,gamma4,1.0,116,309546778301590052,17559,409,-2,-55,128,3668
128,gamma4,1.0,117,6157073249894162741,12587,503,0,128,21,2188
128,gamma4,1.0,118,3489765141732041494,41078,776,-1,-92,-128,6030
128,gamma4,1.0,119,4643973755136623646,3253,395,2,128,-9,1014
128,gamma4,1.0,120,2267029215299797891,11124,294,-1,128,12,2180
128,gamma4,1.0,121,3616399540541824943,32406,1046,-2,-128,-60,5472
128,gamma4,1.0,122,6256208562220533717,6228,398,1,16,-128,1463
128,gamma4,1.0,123,1311417815469419358,12550,532,0,50,128,2992
128,gamma4,1.0,124,7404144243802805107,67023,419,-3,11,128,8364
128,gamma4,1.0,125,1283731845561760644,19332,1000,-1,-74,128,4236
128,gamma4,1.0,126,127659554269626067,66828,510,3,34,-128,8096
128,gamma4,1.0,127,8887662824066602733,21379,591,0,128,-11,3971
128,gamma4,1.0,128,917237699030134139,17567,523,0,-35,128,3798
128,gamma4,1.0,129,8588625272257143410,73678,880,0,78,128,10275
128,gamma4,1.0,130,5708276226777734223,10988,376,-1,128,-4,2869
128,gamma4,1.0,131,4076169253674916839,4113,357,2,-128,51,1129
128,gamma4,1.0,132,7838451736438111241,18627,607,-3,43,128,3842
128,gamma4,1.0,133,8258252420317604941,16203,573,2,105,-128,3510
128,gamma4,1.0,134,7068282527894185399,13476,506,-2,128,22,3297
128,gamma4,1.0,135,5257530259946267551,9462,408,0,-128,-40,2193
128,gamma4,1.0,136,5151319700482097174,44619,1157,-3,-7,128,9001
128,gamma4,1.0,137,1439193807095305163,20492,582,0,128,30,4243
128,gamma4,1.0,138,1165449690166336972,8232,568,-1,10,128,2081
128,gamma4,1.0,139,3787207148699528350,20750,560,-1,-40,-128,4266
128,gamma4,1.0,140,1407560092725540027,23205,1005,0,-128,11,4877
128,gamma4,1.0,141,8442180213484273364,24943,859,0,-1,-128,4961
128,gamma4,1.0,142,1129699914626522469,32331,309,-1,-128,-15,5096
128,gamma4,1.0,143,6582870301667242612,41010,450,-1,-10,-128,7382
128,gamma4,1.0,144,195011710666068452,18197,475,-2,-13,128,3496
128,gamma4,1.0,145,6400003878499769251,24507,483,-2,-95,128,3902
128,gamma4,1.0,146,6543086300980033119,11894,780,0,-128,-94,2919
128,gamma4,1.0,147,2320164533534707485,22204,732,3,128,-60,4402
128,gamma4,1.0,148,1049841901870650422,27026,554,2,-16,-128,4637
128,gamma4,1.0,149,534815992945047620,21277,599,0,-128,9,4359
128,gamma4,1.0,150,752802921086865971,59442,748,-1,128,-98,9662
128,gamma4,1.0,151,1178201523704002037,20219,533,1,-128,63,3699
128,gamma4,1.0,152,5474380423886736019,7507,347,-1,-37,128,1536
128,gamma4,1.0,153,2489898558159232292,16260,480,0,-44,-128,2511
128,gamma4,1.0,154,3446073492468542294,9538,546,-2,-128,10,1928
128,gamma4,1.0,155,2143809643339847442,19337,735,1,61,-128,4352
128,gamma4,1.0,156,2095067846030453732,101980,454,1,-128,-66,12153
128,gamma4,1.0,157,3097862502389329117,10485,479,0,-69,128,2213
128,gamma4,1.0,158,5621221150611072406,10376,744,-4,-128,58,2640
128,gamma4,1.0,159,680957222274523026,32640,470,0,-128,-50,5179
128,gamma4,1.0,160,132753636534269318,21674,730,1,128,-52,4309
128,gamma4,1.0,161,5121532085009780594,12022,494,-2,-128,-78,2819
128,gamma4,1.0,162,9215584578233987200,13369,503,-1,-128,-71,2741
128,gamma4,1.0,163,4960443507098324680,36279,359,1,-128,-1,5559
128,gamma4,1.0,164,3330927293519053096,48282,582,-1,-22,-128,6641
128,gamma4,1.0,165,4257405295328071374,15532,778,1,116,128,3389
128,gamma4,1.0,166,382158697422028585,75964,530,1,-128,0,9454
128,gamma4,1.0,167,706035592892001533,38718,1150,1,-128,0,7272
128,gamma4,1.0,168,107233964535260119,21315,461,0,128,33,4200
128,gamma4,1.0,169,4193613186041373850,34521,411,1,43,128,5763
128,gamma4,1.0,170,4715636732354954783,5949,517,0,-128,5,1653
128,gamma4,1.0,171,34858937192436711,5225,503,1,103,128,1577
128,gamma4,1.0,172,2482579485349308720,43895,469,2,128,-1,6747
128,gamma4,1.0,173,7532006749349102536,9264,514,1,82,-128,2351
128,gamma4,1.0,174,6509784708360584176,20138,420,-2,-128,-32,4780
128,gamma4,1.0,175,5925474205188538211,9156,428,2,128,-94,2177
128,gamma4,1.0,176,6809754905908319955,26414,1022,0,-128,-4,5211
128,gamma4,1.0,177,2913813008871277360,71524,474,2,-20,128,6624
128,gamma4,1.0,178,7299611289812260026,10655,415,2,33,128,1889
128,gamma4,1.0,179,5897683040659790492,21212,478,1,128,-78,3968
128,gamma4,1.0,180,5694190521934560461,20049,413,-3,-128,27,4438
128,gamma4,1.0,181,4747628636799454228,21919,561,1,128,-77,4533
128,gamma4,1.0,182,8619295641704203167,46025,569,0,-17,-128,6898
128,gamma4,1.0,183,3047435998989591091,40875,403,3,-43,-128,7596
128,gamma4,1.0,184,8439972832775953278,4822,474,1,128,-42,1327
128,gamma4,1.0,185,6078765615280044509,12288,392,0,-128,-34,2338
128,gamma4,1.0,186,8824671593261980162,27037,497,0,41,-128,4222
128,gamma4,1.0,187,6821182140661249899,15524,454,2,128,4,2737
128,gamma4,1.0,188,8339210148773063629,23470,694,0,128,2,4496
128,gamma4,1.0,189,5057187776976266002,7243,507,3,-15,-128,1796
128,gamma4,1.0,190,7897635153200482823,9950,648,1,128,-44,2608
128,gamma4,1.0,191,6776955426564095211,8871,443,-3,67,128,2160
128,gamma4,1.0,192,3826938814494442829,7127,449,-1,-128,-29,1850
128,gamma4,1.0,193,2586058063314932754,7573,525,-2,25,128,1991
128,gamma4,1.0,194,2037178915180917307,26345,669,1,128,-91,4641
128,gamma4,1.0,195,5400036779439136466,19897,499,-1,128,-7,3294
128,gamma4,1.0,196,1488450260438898852,9080,654,-3,128,84,2347
128,gamma4,1.0,197,6431519554164369095,15676,498,-2,54,128,3707
128,gamma4,1.0,198,271826423297752700,33571,959,0,-128,1,6642
128,gamma4,1.0,199,8678650198714478542,7763,461,1,-77,-128,1780
128,gamma4,1.0,200,5298232194180522997,7933,475,-3,128,59,1781
128,gamma4,1.0,201,2565106413371028576,28773,815,0,-128,-77,5093
128,gamma4,1.0,202,830606284478326722,10484,476,-2,-42,-128,2057
128,gamma4,1.0,203,1147278189566211935,38331,775,3,3,-128,6625
128,gamma4,1.0,204,445459621137234251,28517,757,-1,-128,57,4782
128,gamma4,1.0,205,4708007889569636189,7514,456,1,128,56,2065
128,gamma4,1.0,206,9169423136769032567,10424,478,-1,-108,128,2172
128,gamma4,1.0,207,4744736125896545061,37008,432,-1,-128,38,5479
128,gamma4,1.0,208,3737623507784476881,8020,486,-1,-86,-128,2042
128,gamma4,1.0,209,1426726264861737625,20130,890,-1,-16,128,4039
128,gamma4,1.0,210,2767299240835361818,26299,933,-4,-5,-128,5410
128,gamma4,1.0,211,8924053442017927276,104107,761,1,-35,-128,15552
128,gamma4,1.0,212,3656372530976070476,22627,467,2,-11,128,4225
128,gamma4,1.0,213,6137693785784467194,29946,284,-1,-10,-128,3085
128,gamma4,1.0,214,5519649679606285663,23898,628,-3,8,-128,4477
128,gamma4,1.0,215,6282176679192049117,16178,650,-1,30,-128,3710
128,gamma4,1.0,216,3024402683830182112,20242,382,-1,-128,14,3665
128,gamma4,1.0,217,3231305236344187206,5337,383,1,-61,128,1391
128,gamma4,1.0,218,5714344736131265130,7556,308,-1,14,128,1551
128,gamma4,1.0,219,7336865117945466116,30629,807,-2,128,-51,5355
128,gamma4,1.0,220,9159984974972582500,21513,473,0,53,-128,4142
128,gamma4,1.0,221,494572951732119174,18960,492,2,56,128,3811
128,gamma4,1.0,222,5725747716257125700,29891,551,-3,75,-128,4359
128,gamma4,1.0,223,7103018291017744666,25841,613,-2,128,-59,5571
128,gamma4,1.0,224,3477471132595254142,7813,643,2,-17,-128,1912
128,gamma4,1.0,225,7543328784081793645,12242,782,-1,128,82,3248
128,gamma4,1.0,226,1833742393869009622,6847,413,-1,37,-128,1834
128,gamma4,1.0,227,6846085826935433072,26816,590,-2,128,-38,5476
128,gamma4,1.0,228,8320083757607889911,12525,429,0,33,-128,2951
128,gamma4,1.0,229,6000106381735843394,6608,492,4,106,-128,1892
128,gamma4,1.0,230,3085035088258135101,20466,572,0,128,96,3754
128,gamma4,1.0,231,1748930789312869056,40210,478,-2,-108,128,6369
128,gamma4,1.0,232,4728555323691251243,20970,394,-1,46,128,3492
128,gamma4,1.0,233,6449862906509557265,54452,624,1,54,-128,8912
128,gamma4,1.0,234,5795947726095932835,16304,790,0,128,90,3816
128,gamma4,1.0,235,1161393010896650985,33466,492,-1,128,84,5789
128,gamma4,1.0,236,4814332592989590668,33799,427,3,37,-128,6470
128,gamma4,1.0,237,6293530700608689177,8784,372,1,-10,-128,2177
128,gamma4,1.0,238,4928743358205533600,7086,564,0,128,-30,1959
128,gamma4,1.0,239,3700326625905958640,9114,496,-2,-128,-102,2230
128,gamma4,1.0,240,7726317789054984016,17521,485,1,-11,128,2725
128,gamma4,1.0,241,7203888917302869353,30123,443,-2,11,-128,3420
128,gamma4,1.0,242,2246281839864049948,15205,677,-1,-65,128,3291
128,gamma4,1.0,243,8495211937213494654,27441,701,1,-128,-87,4395
128,gamma4,1.0,244,998055232125914618,6441,443,-1,-67,128,1638
128,gamma4,1.0,245,299684652677650424,24293,569,0,128,59,4411
128,gamma4,1.0,246,2304672174417634098,8911,705,1,-107,-128,2312
128,gamma4,1.0,247,2543873796402782634,20824,652,-1,-26,128,3796
128,gamma4,1.0,248,5909258218468992655,50927,469,-1,-35,128,7769
128,gamma4,1.0,249,5986566849839064902,9328,488,2,128,48,1983
128,gamma4,1.0,250,3830342978405100253,22094,516,7,64,-128,4796
128,gamma4,1.0,251,2215567388054005501,30989,585,-2,-128,-55,4828
128,gamma4,1.0,252,4646929157424944307,21619,829,2,128,-27,4576
128,gamma4,1.0,253,6141873224776521637,10045,389,-2,-65,128,2219
128,gamma4,1.0,254,7981163445017953115,59801,751,3,-128,-51,8092
128,gamma4,1.0,255,4710655315301507738,12170,666,1,-128,-78,2921
128,gamma4,1.0,256,5351035046783150866,44678,616,-2,42,128,7654
128,gamma4,1.0,257,2711283773295233669,18347,495,-3,-19,128,4335
128,gamma4,1.0,258,2176284978161303867,19027,559,-1,-128,-9,3500
128,gamma4,1.0,259,9202106225297220205,13257,493,0,-128,45,2429
128,gamma4,1.0,260,7598405897358429241,15923,473,0,105,128,3531
128,gamma4,1.0,261,9216165191084397599,28454,352,0,-128,34,5230
128,gamma4,1.0,262,2068300491290049708,9805,439,0,-128,9,2014
128,gamma4,1.0,263,6670649002371456227,13407,353,0,63,128,2795
128,gamma4,1.0,264,1403886258447753567,10051,511,2,-91,128,2100
128,gamma4,1.0,265,8312704860048270347,16154,758,1,128,26,3243
128,gamma4,1.0,266,3886483230614978324,37571,521,-2,128,-69,6220
128,gamma4,1.0,267,619799758970132689,79492,914,-4,-128,32,10298
128,gamma4,1.0,268,8253672481730969679,8910,488,3,-30,128,2083
128,gamma4,1.0,269,3706182734288666275,26032,410,0,-128,-22,4427
128,gamma4,1.0,270,8066719970040155207,16245,609,1,-128,-47,3303
128,gamma4,1.0,271,961551209811401614,82894,658,1,128,-22,11565
128,gamma4,1.0,272,6058193980009441221,16738,694,2,128,38,3732
128,gamma4,1.0,273,510481628134187393,7480,394,-2,-90,128,1781
128,gamma4,1.0,274,6154231939126436983,11975,633,-2,33,-128,2770
128,gamma4,1.0,275,2556323612484844621,31551,429,-2,128,-35,5549
128,gamma4,1.0,276,5312264542824758495,8304,408,2,-12,128,1946
128,gamma4,1.0,277,1807280423167523978,14055,337,0,-1,-128,3085
128,gamma4,1.0,278,6541588248283822727,30502,534,-3,28,-128,3939
128,gamma4,1.0,279,3745253179081875372,85021,647,0,47,128,8849
128,gamma4,1.0,280,1245162699880107045,25872,562,0,82,128,3631
128,gamma4,1.0,281,6055196431307480039,13683,397,0,-128,-19,2445
128,gamma4,1.0,282,4391571148008320333,32219,515,3,-128,-15,4701
128,gamma4,1.0,283,2075564282626631377,12508,366,-1,128,-32,2584
128,gamma4,1.0,284,3111692882860071519,20198,730,2,-50,-128,4459
128,gamma4,1.0,285,5671057718732878494,15657,585,1,-128,7,3580
128,gamma4,1.0,286,3599463864826850622,20871,471,0,-29,128,4588
128,gamma4,1.0,287,6570825547214487944,12789,507,1,-45,128,3067
128,gamma4,1.0,288,6579929275568728985,23921,677,-2,71,-128,4379
128,gamma4,1.0,289,5540847340345864774,23255,515,0,128,-5,4752
128,gamma4,1.0,290,5643191299518163114,8878,398,-2,-128,64,1903
128,gamma4,1.0,291,861945232623083808,15573,347,0,-11,-128,3036
128,gamma4,1.0,292,5356117340542770812,9052,422,1,-128,56,2040
128,gamma4,1.0,293,7105922339650294121,6815,429,-2,11,128,1849
128,gamma4,1.0,294,2586052703057414403,35791,689,-1,39,128,5151
128,gamma4,1.0,295,3828253498029581726,22216,872,-1,128,-102,4657
128,gamma4,1.0,296,3754008779447501129,10669,533,0,93,-128,2957
128,gamma4,1.0,297,1574482517880264431,4608,334,0,60,-128,1285
128,gamma4,1.0,298,559312673764008146,15398,504,-4,-66,128,3275
128,gamma4,1.0,299,3868265807343940054,14520,618,4,-128,68,3233
128,gamma4,1.0,300,76385579595598339,27155,501,-3,-85,128,5269
128,gamma4,1.0,301,2841708921352404174,46224,434,2,0,128,7203
128,gamma4,1.0,302,9200050746302033632,54456,378,-1,-28,128,8642
128,gamma4,1.0,303,8031460863084024013,8672,512,-2,-128,-118,2389
128,gamma4,1.0,304,7457779562392920909,31811,535,0,-128,45,6101
128,gamma4,1.0,305,5642123552100693489,5791,391,2,-128,19,1361
128,gamma4,1.0,306,6085031205462650043,21349,797,3,-128,-21,3908
128,gamma4,1.0,307,1691287058650520369,16876,756,1,-128,16,3727
128,gamma4,1.0,308,3665824683767125570,24180,564,0,64,128,4754
128,gamma4,1.0,309,6983581200776764916,40002,858,-1,128,42,6105
128,gamma4,1.0,310,3331484760791539211,8180,618,-2,-128,20,2139
128,gamma4,1.0,311,9189614000728673571,20881,443,-1,128,111,4053
128,gamma4,1.0,312,7329988560977482035,17060,326,1,-128,32,2286
128,gamma4,1.0,313,8547318883574670356,13711,511,0,-71,128,3042
128,gamma4,1.0,314,5782160543570775896,8864,472,0,-128,6,2285
128,gamma4,1.0,315,3925471711968771862,12373,565,3,-128,3,2753
128,gamma4,1.0,316,5982705157785253974,10848,406,-3,-128,20,2344
128,gamma4,1.0,317,8684183707655472455,53466,884,2,-128,-108,8347
128,gamma4,1.0,318,4738536744455995877,7306,582,0,82,128,1729
128,gamma4,1.0,319,6801379538786187782,6877,391,3,-75,128,1568
128,gamma4,1.0,320,1834525177569507355,16893,439,1,128,9,3130
128,gamma4,1.0,321,3346657145245666529,41342,842,0,-128,-4,6901
128,gamma4,1.0,322,1834746330669512380,16454,360,-1,24,128,2650
128,gamma4,1.0,323,7618851122121459781,15854,556,-1,-128,-12,3337
128,gamma4,1.0,324,7906806396824107154,22802,462,1,8,128,4775
128,gamma4,1.0,325,7701207648261945783,14995,439,-2,11,128,2965
128,gamma4,1.0,326,1770910642853129793,8315,585,1,-128,63,2067
128,gamma4,1.0,327,8483413605497987171,30132,574,3,-128,-46,5260
128,gamma4,1.0,328,6863917305282836707,7295,441,1,-51,-128,1630
128,gamma4,1.0,329,5681429326972427597,11513,547,3,65,128,2332
128,gamma4,1.0,330,5657668587313532885,18321,693,2,128,-21,3957
128,gamma4,1.0,331,8469758415268811183,8330,438,1,128,48,2015
128,gamma4,1.0,332,8024258340365059523,14488,554,-3,128,-88,2910
128,gamma4,1.0,333,5593525443278614259,3476,330,-1,14,128,922
128,gamma4,1.0,334,7040878790152545497,31973,613,0,51,128,4977
128,gamma4,1.0,335,8890982648578467035,29213,649,3,-128,-103,5153
128,gamma4,1.0,336,4434902595709360661,7105,463,0,-35,128,1896
128,gamma4,1.0,337,119449680842762987,28000,610,1,-52,128,4831
128,gamma4,1.0,338,326711303194624457,15323,447,0,128,37,2952
128,gamma4,1.0,339,2820962511101972578,15148,346,2,48,128,2739
128,gamma4,1.0,340,939203280935507100,29933,593,0,-128,-65,5041
128,gamma4,1.0,341,4341286325127191854,13819,637,-2,128,45,3181
128,gamma4,1.0,342,2569311489749910519,67249,1145,2,128,-59,12498
128,gamma4,1.0,343,5189114468173561277,4186,522,-1,128,74,1337
128,gamma4,1.0,344,4858012240997433811,9431,703,-1,-128,-63,2206
128,gamma4,1.0,345,2781627879204607453,15546,700,-1,-2,128,3405
128,gamma4,1.0,346,7657165771466411217,20642,500,2,-14,-128,4111
128,gamma4,1.0,347,2482667397227891822,33313,891,0,89,128,6201
128,gamma4,1.0,348,6365141118255790492,8761,367,0,128,5,1556
128,gamma4,1.0,349,5025472286183578473,9662,404,-1,128,52,1971
128,gamma4,1.0,350,969297975219033005,43879,917,1,-75,128,7831
128,gamma4,1.0,351,5748427227241831150,10512,588,0,4,128,2352
128,gamma4,1.0,352,18597196683628275,17358,432,0,128,-4,3532
128,gamma4,1.0,353,1355366723277488331,71286,384,2,-28,-128,11957
128,gamma4,1.0,354,7288720298051986383,19460,586,1,-24,128,3314
128,gamma4,1.0,355,4264149989128246290,10719,417,0,-113,-128,2343
128,gamma4,1.0,356,8564027554185486419,28286,630,1,-20,-128,5060
128,gamma4,1.0,357,2803950802497612545,77222,398,-1,-128,-8,7319
128,gamma4,1.0,358,8530805136186845208,10706,600,2,-4,128,2168
128,gamma4,1.0,359,7655969416948491680,45462,468,1,-68,128,7308
128,gamma4,1.0,360,3899107624918209647,34555,671,4,-128,-29,5827
128,gamma4,1.0,361,4633287982334016567,28864,628,3,-82,-128,6002
128,gamma4,1.0,362,2416879113945037027,51859,1039,2,128,103,9421
128,gamma4,1.0,363,4980532536998378891,26221,435,3,27,128,5103
128,gamma4,1.0,364,5551780763436505864,10694,384,-2,14,-128,2422
128,gamma4,1.0,365,8542090986878335907,8695,393,1,1,128,1968
128,gamma4,1.0,366,604294178962861932,23385,435,0,31,-128,4855
128,gamma4,1.0,367,8639674694677943515,69019,443,1,-35,128,10885
128,gamma4,1.0,368,3521350440273341889,17060,474,-1,-128,-24,3422
128,gamma4,1.0,369,1998121598797050649,41994,698,-2,-128,-52,6060
128,gamma4,1.0,370,3999887276778908085,9647,539,-2,-17,-128,1865
128,gamma4,1.0,371,1790634147911263351,42191,383,-1,128,65,7755
128,gamma4,1.0,372,5074818583164127442,16624,620,1,128,-12,3495
128,gamma4,1.0,373,3239276735413940183,40961,811,-4,-13,128,8065
128,gamma4,1.0,374,5347232279277209801,5289,469,2,-128,73,1512
128,gamma4,1.0,375,910771395575627407,48207,401,-1,45,-128,8646
128,gamma4,1.0,376,2280807846778690126,61215,375,1,-13,-128,8643
128,gamma4,1.0,377,1994190624134942042,8914,362,0,-4,128,1860
128,gamma4,1.0,378,8247225749530541394,22233,503,-1,-47,-128,3688
128,gamma4,1.0,379,5509330483217445699,5771,483,0,128,51,1333
128,gamma4,1.0,380,4175093732796075766,11504,546,-3,-128,22,2303
128,gamma4,1.0,381,8791207891270670779,6670,506,2,-128,-50,1786
128,gamma4,1.0,382,4559145610714326819,29447,711,-2,128,51,6000
128,gamma4,1.0,383,6310838271163158460,5085,415,-1,-71,128,1323
128,gamma4,1.0,384,1999793294409694260,22582,382,-2,52,128,3764
128,gamma4,1.0,385,4614105453411378661,5694,406,-1,8,128,1392
128,gamma4,1.0,386,896926751373620156,7663,489,0,61,-128,1804
128,gamma4,1.0,387,2735952120455200635,27806,308,1,128,42,4797
128,gamma4,1.0,388,1470644548542714650,32129,785,4,-67,-128,6739
128,gamma4,1.0,389,5227073472399100267,14663,515,-1,-128,71,3262
128,gamma4,1.0,390,4613355738129925868,33381,331,0,-128,-71,4706
128,gamma4,1.0,391,7144704802438470697,31080,372,0,-46,128,6053
128,gamma4,1.0,392,6778042279911984238,35125,407,-3,43,128,5954
128,gamma4,1.0,393,3822586403384457162,56976,500,1,-128,38,9503
128,gamma4,1.0,394,512055532040488332,16104,442,0,30,128,3111
128,gamma4,1.0,395,6212431905146085745,17577,343,1,17,128,3225
128,gamma4,1.0,396,2229397249503541437,14310,584,-2,128,100,2873
128,gamma4,1.0,397,5034382290273475009,18507,625,1,128,-85,3701
128,gamma4,1.0,398,153342396051556548,32124,1336,3,128,86,6803
128,gamma4,1.0,399,7401501224783008172,22499,725,-1,128,-85,4951
128,gamma4,1.0,400,6938634986211669347,21773,383,1,-128,-13,3890
128,gamma4,1.0,401,2551248783754326468,15307,515,-2,-69,-128,2980
128,gamma4,1.0,402,3493839656839640629,25490,474,1,-52,-128,4342
128,gamma4,1.0,403,1934332996551827716,25086,424,0,-128,-30,4225
128,gamma4,1.0,404,2316710126113841861,11724,424,1,128,-48,2910
128,gamma4,1.0,405,1980529439593573674,8205,385,3,128,-83,1612
128,gamma4,1.0,406,6886623876133156933,20628,832,-2,16,-128,4545
128,gamma4,1.0,407,284779795103259329,57055,907,-3,-128,37,9327
128,gamma4,1.0,408,2248062041719410826,42532,488,0,-128,-26,8378
128,gamma4,1.0,409,8278995842088083808,9892,496,1,60,-128,2343
128,gamma4,1.0,410,7283479368624915935,2960,334,1,128,-20,929
128,gamma4,1.0,411,834517788144427205,11509,379,-1,-11,128,2709
128,gamma4,1.0,412,3034789350806107811,22386,774,2,54,128,4629
128,gamma4,1.0,413,5642532441095855969,20291,341,-1,-83,-128,4840
128,gamma4,1.0,414,5108941531191177460,23511,583,0,-128,107,4236
128,gamma4,1.0,415,4435806336575303356,17511,609,2,-128,77,3647
128,gamma4,1.0,416,479187146945806542,15706,394,1,-66,128,2470
128,gamma4,1.0,417,3486175820213513778,17993,645,0,29,128,3439
128,gamma4,1.0,418,8862440136418644484,13552,546,0,104,-128,2755
128,gamma4,1.0,419,1991359695866114976,29176,470,-2,-128,-56,4850
128,gamma4,1.0,420,4359860986084357713,38315,507,3,-128,49,4828
128,gamma4,1.0,421,5819470865744815163,25953,605,-3,128,61,5386
128,gamma4,1.0,422,9040132247308874586,47070,818,0,-128,32,7417
128,gamma4,1.0,423,340357406053278687,11294,420,0,26,128,2407
128,gamma4,1.0,424,1055620591958581778,19812,434,0,128,-100,4208
128,gamma4,1.0,425,6694426877632822760,5815,505,-1,-37,128,1681
128,gamma4,1.0,426,5913949244979742024,50817,1087,3,-25,-128,9975
128,gamma4,1.0,427,2918113828892562757,9211,453,-1,-128,59,1693
128,gamma4,1.0,428,8422873684473183497,15903,435,-2,-91,128,3469
128,gamma4,1.0,429,9019989079250438032,45241,549,2,-23,128,7700
128,gamma4,1.0,430,739769823097272122,14874,390,-3,10,-128,2682
128,gamma4,1.0,431,124583561621895985,27173,649,0,-128,93,4255
128,gamma4,1.0,432,5866666662494597291,74535,849,3,75,128,12695
128,gamma4,1.0,433,8020199992314193295,7863,485,-2,5,-128,1764
128,gamma4,1.0,434,124643261893951906,19435,641,2,128,-21,3590
128,gamma4,1.0,435,6854152919477607479,5230,464,1,128,-60,1312
128,gamma4,1.0,436,6667070740935454969,14669,493,3,53,-128,2975
128,gamma4,1.0,437,7746985473932362386,25626,496,-2,128,-68,4336
128,gamma4,1.0,438,886224848586535384,14479,871,3,-128,87,3419
128,gamma4,1.0,439,3833471539446544082,20791,589,-2,45,-128,3428
128,gamma4,1.0,440,8358032518825550146,42108,830,2,90,-128,6844
128,gamma4,1.0,441,1267314943740436508,55433,693,-1,55,128,8467
128,gamma4,1.0,442,2907314997950943637,12622,494,1,-128,52,2394
128,gamma4,1.0,443,6402119489418445076,13776,372,-1,-128,18,2861
128,gamma4,1.0,444,1223443523091906888,56210,1044,-2,-28,128,8604
128,gamma4,1.0,445,5382922798608457591,15072,1046,-1,128,-94,3945
128,gamma4,1.0,446,4593121913850015216,10493,515,-2,128,29,2305
128,gamma4,1.0,447,6515109821244538498,13719,783,-5,-57,-128,3074
128,gamma4,1.0,448,3363970367587309326,8679,475,1,-128,97,2060
128,gamma4,1.0,449,8894838700541974018,22511,601,-2,128,-37,4145
128,gamma4,1.0,450,741578494528376894,10550,464,-3,-58,128,2466
128,gamma4,1.0,451,8187822372771223882,11410,374,-2,128,-14,2486
128,gamma4,1.0,452,8262588201557682508,33343,849,4,-128,63,5493
128,gamma4,1.0,453,1935559764408142751,14007,445,3,128,93,3037
128,gamma4,1.0,454,2854140414729172784,11503,315,0,128,25,2361
128,gamma4,1.0,455,4556167233677755218,138882,732,3,56,128,11723
128,gamma4,1.0,456,7217188407933032845,17888,960,3,-128,-38,4124
128,gamma4,1.0,457,496161211114577744,7199,373,0,128,39,1588
128,gamma4,1.0,458,3902859192333877985,8006,476,0,66,-128,1869
128,gamma4,1.0,459,980304271885696635,32506,534,-1,128,40,6394
128,gamma4,1.0,460,5605429488366526386,6835,417,0,128,-33,1554
128,gamma4,1.0,461,8224093274899777349,40660,808,-1,90,128,6906
128,gamma4,1.0,462,6089346667675406227,22535,737,3,29,-128,4701
128,gamma4,1.0,463,6532045534743420622,52172,538,-1,-128,2,6106
128,gamma4,1.0,464,6298862048932445277,8615,639,2,128,-71,2289
128,gamma4,1.0,465,4235096334444670080,22183,489,1,-128,57,3206
128,gamma4,1.0,466,4442697765371218659,36633,701,0,-128,-61,5684
128,gamma4,1.0,467,7576359327420998134,32222,486,0,40,-128,4514
128,gamma4,1.0,468,1978765559735754865,46761,653,2,-81,-128,6885
128,gamma4,1.0,469,2466918683157445910,37283,907,-3,-128,113,6996
128,gamma4,1.0,470,5850302236835894874,7543,305,-2,128,-19,1617
128,gamma4,1.0,471,9145600547746242560,5895,409,2,128,-17,1668
128,gamma4,1.0,472,6352502742979631077,3416,326,1,128,-56,1115
128,gamma4,1.0,473,6411599017994672350,25338,622,4,-84,-128,4983
128,gamma4,1.0,474,6532479737806954115,43444,754,-2,-70,128,6760
128,gamma4,1.0,475,943325332977353617,56376,438,2,-60,-128,5331
128,gamma4,1.0,476,192036371873904427,12576,464,0,128,-52,2599
128,gamma4,1.0,477,1793646967055328339,7122,304,1,-128,22,1414
128,gamma4,1.0,478,6301701811496270648,20615,391,-2,61,-128,3633
128,gamma4,1.0,479,8256018038569759410,18251,551,0,-128,111,2987
128,gamma4,1.0,480,362621064322770892,48972,748,4,128,-58,8092
128,gamma4,1.0,481,2270733935551136874,9436,436,1,4,-128,2319
128,gamma4,1.0,482,4042376452507366602,15560,660,3,128,-20,3187
128,gamma4,1.0,483,8867301670030748285,49323,483,-2,11,128,7545
128,gamma4,1.0,484,5794918329066409761,23799,405,-1,128,49,5395
128,gamma4,1.0,485,8646943186296003404,62165,721,-1,128,-41,9629
128,gamma4,1.0,486,8590218888175330849,8569,359,-1,128,-23,2017
128,gamma4,1.0,487,4022680962039306849,60135,799,-5,128,-23,8054
128,gamma4,1.0,488,5284696958250322143,9976,468,0,-98,-128,2416
128,gamma4,1.0,489,2968162439374294125,14142,464,1,-128,24,2891
128,gamma4,1.0,490,5673633839682700905,19790,452,0,86,128,4171
128,gamma4,1.0,491,6008015255680696826,10264,492,2,-128,-70,2118
128,gamma4,1.0,492,426842958073132289,28184,478,1,128,52,3775
128,gamma4,1.0,493,6204163477541240274,56762,640,4,-6,-128,8224
128,gamma4,1.0,494,4207036287632654464,13546,494,-3,128,-90,3181
128,gamma4,1.0,495,1882360201093398689,19791,569,3,-128,-21,3693
128,gamma4,1.0,496,1876415441285873514,46814,668,2,52,128,8674
128,gamma4,1.0,497,7757224017320046458,47393,641,-2,-128,91,7887
128,gamma4,1.0,498,4533024483235542946,27417,681,-1,128,65,4717
128,gamma4,1.0,499,5168975027778184603,14219,879,-5,128,-31,3467
128,gamma4,1.0,500,3548863450413362670,11771,723,0,-3,128,2878
128,gamma4,1.0,501,6170657366445885815,13647,589,1,-9,-128,2877
128,gamma4,1.0,502,1854225858857048323,26807,385,2,128,-73,4150
128,gamma4,1.0,503,8746008198100993469,12379,485,-1,83,-128,3129
128,gamma4,1.0,504,3972045293986460907,28854,368,3,-128,92,4854
128,gamma4,1.0,505,6357960577163092964,16483,429,0,67,-128,3238
128,gamma4,1.0,506,3124993819818283024,23998,788,0,-110,-128,4795
128,gamma4,1.0,507,6848092004800587853,13511,431,-1,128,-29,2287
128,gamma4,1.0,508,7127798377144652291,10891,355,-1,128,31,2550
128,gamma4,1.0,509,2726597689815983564,13309,427,-1,-17,128,2900
128,gamma4,1.0,510,1228236301625546797,9792,456,1,128,30,2314
128,gamma4,1.0,511,7008763009142188951,41787,883,-1,-1,-128,8260
128,gamma4,1.0,512,6918319298402114405,6152,402,0,54,-128,1585
128,gamma4,1.0,513,640322894469858417,45315,749,-1,128,9,7921
128,gamma4,1.0,514,376571672672174703,16657,423,-2,95,-128,2717
128,gamma4,1.0,515,4103046388815716922,24585,351,-1,-128,25,4280
128,gamma4,1.0,516,1222722520094026501,30745,403,-3,128,-45,3452
128,gamma4,1.0,517,8814187808622130238,11009,475,3,-128,-35,2631
128,gamma4,1.0,518,2054846034362617090,14344,632,0,128,-28,3159
128,gamma4,1.0,519,8719587559143782853,5449,379,-2,128,55,1291
128,gamma4,1.0,520,4561021936640957939,39442,538,2,128,38,6643
128,gamma4,1.0,521,6681867893820044288,17442,604,-3,-70,128,3170
128,gamma4,1.0,522,282489455857856353,36542,400,-1,46,128,6413
128,gamma4,1.0,523,1156984140739746499,20648,598,1,128,86,3029
128,gamma4,1.0,524,6035264194923369194,33212,340,-1,128,-16,5291
128,gamma4,1.0,525,2535898993113241867,8992,698,3,90,128,2397
128,gamma4,1.0,526,7672290980498423663,35835,639,0,-79,-128,7292
128,gamma4,1.0,527,3004668305066638112,32020,420,1,128,32,5552
128,gamma4,1.0,528,1689410911421304659,31293,415,-2,-128,-39,4241
128,gamma4,1.0,529,2995592627813281919,14626,534,1,-128,44,3132
128,gamma4,1.0,530,6456118047305620408,26864,490,-1,128,-76,4783
128,gamma4,1.0,531,4252703119282871619,27720,418,-1,18,-128,3645
128,gamma4,1.0,532,6563220469386370913,61008,394,1,128,30,8143
128,gamma4,1.0,533,8082013341864490731,37563,983,-2,-29,-128,7346
128,gamma4,1.0,534,2815284763301354108,9638,456,0,36,-128,2490
128,gamma4,1.0,535,8808971614800694137,6257,483,1,-128,39,1415
128,gamma4,1.0,536,5995200351243291999,20315,535,1,-128,37,3882
128,gamma4,1.0,537,7167657817327717999,17677,425,1,-128,37,3101
128,gamma4,1.0,538,7035183414176851672,13314,374,2,-12,-128,2988
128,gamma4,1.0,539,3926982199750042837,31489,377,-1,29,-128,5282
128,gamma4,1.0,540,5392539886602356538,81213,341,2,23,-128,9363
128,gamma4,1.0,541,3052057329025221774,6469,489,1,-128,-57,1599
128,gamma4,1.0,542,5645468353247924605,64908,368,-1,6,128,7570
128,gamma4,1.0,543,1768870562949001327,20307,643,-2,128,53,4142
128,gamma4,1.0,544,4045280551652218277,27141,525,-5,-49,128,5212
128,gamma4,1.0,545,2498569318091622685,32923,983,2,-128,-17,5866
128,gamma4,1.0,546,648450959627092264,18153,479,2,-128,25,3429
128,gamma4,1.0,547,171615681294961930,62447,579,1,128,-29,7405
128,gamma4,1.0,548,6060712624108516738,36000,794,2,-128,54,6426
128,gamma4,1.0,549,4131439917024842582,4706,452,2,-28,-128,1267
128,gamma4,1.0,550,2437092277269241375,12490,548,-2,96,-128,2747
128,gamma4,1.0,551,6205903476368714602,6879,389,-1,-128,67,1697
128,gamma4,1.0,552,9187651297510289055,46704,674,1,128,50,5838
128,gamma4,1.0,553,924990142599691140,18295,643,1,128,-103,4445
128,gamma4,1.0,554,1393615291688543343,20022,490,3,-128,70,4023
128,gamma4,1.0,555,7899694737417658640,15083,471,2,27,-128,3264
128,gamma4,1.0,556,747341204989144924,14070,356,3,24,128,3180
128,gamma4,1.0,557,5955072764843202115,9988,448,-1,128,-12,2127
128,gamma4,1.0,558,606014611308695071,8157,489,-3,-31,128,1992
128,gamma4,1.0,559,2060078941749842923,27936,758,-2,90,-128,5010
128,gamma4,1.0,560,436829111342917228,12828,368,0,128,28,2325
128,gamma4,1.0,561,2059455425386871807,17151,489,0,-128,-85,2541
128,gamma4,1.0,562,2066292807840270034,22834,502,1,-88,-128,3521
128,gamma4,1.0,563,6259322660456477318,5647,475,1,87,128,1437
128,gamma4,1.0,564,7972436732614694501,12409,523,1,-21,-128,2307
128,gamma4,1.0,565,6688518947786672054,22639,937,-1,128,23,4963
128,gamma4,1.0,566,3923346518304331860,9732,388,1,-92,-128,2357
128,gamma4,1.0,567,160522025373764382,8017,463,0,15,-128,2055
128,gamma4,1.0,568,7543000423805612472,18506,608,1,-2,-128,3952
128,gamma4,1.0,569,4540354045735599520,18101,583,-5,5,128,4062
128,gamma4,1.0,570,5647116536690177848,21437,535,0,15,-128,3995
128,gamma4,1.0,571,5063706123979910090,38201,765,3,71,128,5491
128,gamma4,1.0,572,1879247205272485636,26799,383,0,-15,128,5253
128,gamma4,1.0,573,1479801113037973864,20913,523,-2,128,63,3476
128,gamma4,1.0,574,8229141634496457126,83511,415,1,-128,41,10423
128,gamma4,1.0,575,9064100145722193010,53724,736,1,128,-72,8615
128,gamma4,1.0,576,880592715474637683,10392,568,-3,-128,-20,2417
128,gamma4,1.0,577,4226680012339056546,20806,742,3,-46,128,4088
128,gamma4,1.0,578,7448516790444834789,5928,476,-1,28,-128,1514
128,gamma4,1.0,579,1638695525808955653,11355,497,1,128,17,2789
128,gamma4,1.0,580,1080183416214764276,20328,602,1,128,28,3861
128,gamma4,1.0,581,4784689306193897464,33351,909,-2,-128,41,5875
128,gamma4,1.0,582,3600764496601030824,16030,638,0,-128,70,3117
128,gamma4,1.0,583,1505516766856120296,38432,480,0,4,-128,6228
128,gamma4,1.0,584,5668265413572778129,8942,446,2,90,128,2232
128,gamma4,1.0,585,6124491845162722425,20014,478,-1,128,64,3732
128,gamma4,1.0,586,4823425330145940543,6498,702,0,98,128,1787
128,gamma4,1.0,587,6593800195142032277,60707,437,0,51,-128,10387
128,gamma4,1.0,588,8319800884124889296,20514,458,-3,-128,-96,3656
128,gamma4,1.0,589,7115333408024279603,17595,437,1,-81,-128,3243
128,gamma4,1.0,590,585078626729348372,5977,451,-1,128,13,1404
128,gamma4,1.0,591,5237073665424136053,20240,598,-2,-128,-24,4001
128,gamma4,1.0,592,6551512872696800565,19361,489,0,128,-65,3994
128,gamma4,1.0,593,1246686310764060215,13226,422,-2,128,112,2744
128,gamma4,1.0,594,9183738018462283826,26894,562,-3,128,102,4462
128,gamma4,1.0,595,5201568078463051845,13573,433,-3,-43,128,2654
128,gamma4,1.0,596,4597789316636421253,32285,835,-2,128,31,5417
128,gamma4,1.0,597,6375362830150527249,14273,453,1,-128,53,3027
128,gamma4,1.0,598,901397068293136535,8659,411,1,-128,-29,1847
128,gamma4,1.0,599,3378415218403129917,7933,401,3,128,-21,1867
128,gamma4,1.0,600,3213121702683346013,32848,374,1,-18,-128,5582
128,gamma4,1.0,601,6454649388601453922,29642,350,1,128,-46,5542
128,gamma4,1.0,602,4177137087844895246,14791,383,1,-128,-61,2945
128,gamma4,1.0,603,2488165715648834721,17449,693,3,128,85,3675
128,gamma4,1.0,604,1441493973845639427,11806,344,-2,-60,128,2153
128,gamma4,1.0,605,8889949671388738073,14819,457,1,121,-128,3135
128,gamma4,1.0,606,4782300450604200186,7780,442,-1,74,128,1822
128,gamma4,1.0,607,5992111332115246866,20934,454,2,128,-56,3041
128,gamma4,1.0,608,6991065359107357328,25423,519,2,-128,-53,4214
128,gamma4,1.0,609,1925175554491844404,6764,472,2,128,-32,1612
128,gamma4,1.0,610,5071384083183386004,36582,768,1,22,128,6651
128,gamma4,1.0,611,89377706000423042,12673,453,-2,-11,-128,2889
128,gamma4,1.0,612,5931127793168787166,19406,410,-1,-28,-128,3665
128,gamma4,1.0,613,6446104719121097220,26822,534,-1,128,30,4777
128,gamma4,1.0,614,5196274923827710364,21014,582,1,-16,128,4565
128,gamma4,1.0,615,9199326448778461573,35979,791,1,128,45,6787
128,gamma4,1.0,616,2038160043565786370,12948,476,0,-128,0,2869
128,gamma4,1.0,617,7665354425945046457,17039,465,-2,-89,128,2866
128,gamma4,1.0,618,8234514408250642893,35944,824,0,-86,-128,6450
128,gamma4,1.0,619,5384582400939146234,4441,497,-3,128,69,1231
128,gamma4,1.0,620,7865649816700538158,16937,571,1,35,128,3319
128,gamma4,1.0,621,4135154932313701340,36472,746,3,-102,-128,5256
128,gamma4,1.0,622,5427857613642542888,19783,473,-2,-27,128,3532
128,gamma4,1.0,623,1326568183532061378,11596,296,-1,-14,128,2399
128,gamma4,1.0,624,3073187426872914381,10639,439,-2,5,-128,2240
128,gamma4,1.0,625,5883049480387778880,20773,319,0,-9,-128,3467
128,gamma4,1.0,626,1079856171182010327,16429,675,6,-11,-128,3116
128,gamma4,1.0,627,8668925696878633028,17336,594,3,-128,-40,3475
128,gamma4,1.0,628,6590047334699691707,11740,518,-1,128,0,2430
128,gamma4,1.0,629,941925445140707647,44599,329,-1,128,7,7009
128,gamma4,1.0,630,4369309833431780330,20119,643,0,-89,-128,3660
128,gamma4,1.0,631,3227232117339820857,52520,566,2,22,-128,9076
128,gamma4,1.0,632,5032072707380876537,34935,481,2,-128,-5,5819
128,gamma4,1.0,633,4476673927371483853,15936,434,0,-128,-38,3195
128,gamma4,1.0,634,5599432195768283218,11940,438,1,-128,4,2378
128,gamma4,1.0,635,1598595456862799738,11127,433,2,-128,-21,2054
128,gamma4,1.0,636,413477096580918923,9911,707,2,128,-57,2424
128,gamma4,1.0,637,6278009525397640183,40425,731,2,17,-128,7815
128,gamma4,1.0,638,2528051095941742633,23058,442,3,-128,34,4211
128,gamma4,1.0,639,6576309551837676281,13445,643,-1,15,-128,2605
128,gamma4,1.0,640,6892600334137411270,13558,748,-2,8,-128,3578
128,gamma4,1.0,641,48841936958493588,23769,431,0,61,-128,3926
128,gamma4,1.0,642,8085849479840392990,11479,687,4,-128,27,2908
128,gamma4,1.0,643,8533703274995150907,19153,489,-1,-128,-11,3435
128,gamma4,1.0,644,6643584456819273963,26123,943,-3,1,-128,4900
128,gamma4,1.0,645,431179244043938511,23316,598,-1,128,82,4091
128,gamma4,1.0,646,1139247651352988902,41717,875,-1,128,-55,5802
128,gamma4,1.0,647,9190464536868918948,43597,409,-1,128,-45,6665
128,gamma4,1.0,648,3736265928925437028,18902,480,0,-128,-4,3343
128,gamma4,1.0,649,8558972287821738413,20618,498,0,-128,54,4008
128,gamma4,1.0,650,5373701204123228688,21784,780,2,-128,32,4298
128,gamma4,1.0,651,4298340048248951592,30147,539,1,51,-128,5291
128,gamma4,1.0,652,2516383414112571528,39602,322,-2,-128,-70,6761
128,gamma4,1.0,653,1084501745803495157,17727,455,1,128,-83,3089
128,gamma4,1.0,654,1714170625114737942,17689,673,4,93,128,4168
128,gamma4,1.0,655,1296174196150185818,31453,635,-5,-39,128,4703
128,gamma4,1.0,656,4875843672852442307,17133,505,-4,-35,128,3709
128,gamma4,1.0,657,4705555299858111150,47478,532,4,128,72,6505
128,gamma4,1.0,658,8819649815553304429,10848,320,1,128,-6,2447
128,gamma4,1.0,659,2559842651773168858,11627,481,1,128,-11,2390
128,gamma4,1.0,660,2893308130041476420,14988,576,1,94,-128,2926
128,gamma4,1.0,661,1948664230248354293,40381,741,-2,33,128,6356
128,gamma4,1.0,662,65357934187801288,25325,361,2,5,128,4109
128,gamma4,1.0,663,8218286139653233260,28661,603,0,128,-43,5311
128,gamma4,1.0,664,8078888092775426634,14892,462,-1,24,128,3557
128,gamma4,1.0,665,285501286228022025,19910,642,1,-128,12,3800
128,gamma4,1.0,666,7450247848475161032,6881,443,0,-21,-128,1723
128,gamma4,1.0,667,7080388655689181745,31708,564,0,-128,34,5428
128,gamma4,1.0,668,1540433291927612344,24525,617,-3,5,128,4090
128,gamma4,1.0,669,6052947238086582646,9793,635,0,51,-128,2184
128,gamma4,1.0,670,590325534275971792,7884,484,-1,48,-128,1923
128,gamma4,1.0,671,3567778035414952382,77886,710,2,-128,-34,9465
128,gamma4,1.0,672,8384301578116070767,14318,644,0,-128,90,2775
128,gamma4,1.0,673,4526627917857385294,38784,1258,-5,-128,-90,7063
128,gamma4,1.0,674,7321757704180678254,17049,735,2,-128,45,3616
128,gamma4,1.0,675,2192666397823394947,24920,394,4,0,128,4065
128,gamma4,1.0,676,3336943543529361091,14411,621,2,-128,103,3320
128,gamma4,1.0,677,8051526149141108386,12112,694,0,128,12,3163
128,gamma4,1.0,678,1195728084937399247,11156,604,3,-100,128,2728
128,gamma4,1.0,679,738005450372092713,15064,650,2,128,60,3482
128,gamma4,1.0,680,1833944069394571912,11464,720,0,-72,128,2690
128,gamma4,1.0,681,3964804843070889668,23564,648,1,128,-10,4059
128,gamma4,1.0,682,3575715258319576366,54997,369,0,-128,-79,9118
128,gamma4,1.0,683,9012109398695518332,8592,426,1,-128,-14,2018
128,gamma4,1.0,684,5542132281249613395,64281,459,2,5,128,8710
128,gamma4,1.0,685,5865931223168831830,90122,746,0,72,128,13827
128,gamma4,1.0,686,1968248476367966359,49477,381,-1,-51,128,9341
128,gamma4,1.0,687,8901021288510629003,79795,611,1,128,-103,10714
128,gamma4,1.0,688,7437531847622741266,10435,673,3,-65,128,2169
128,gamma4,1.0,689,1677722105554836268,16544,524,0,-34,-128,3843
128,gamma4,1.0,690,7286019986124619830,15161,381,2,-128,39,3154
128,gamma4,1.0,691,5149549368559096439,18500,480,-1,56,128,3103
128,gamma4,1.0,692,7632788450441272828,28616,898,-5,128,60,6151
128,gamma4,1.0,693,2178235682279802323,52985,677,0,128,-57,9768
128,gamma4,1.0,694,4732626381554651260,29238,632,1,-74,-128,4773
128,gamma4,1.0,695,3541814335609869965,28149,793,1,-35,-128,6047
128,gamma4,1.0,696,4492703650408998440,5432,374,0,66,128,1419
128,gamma4,1.0,697,4820836254277062780,12795,581,0,21,-128,2829
128,gamma4,1.0,698,2273790022220662417,10909,399,0,128,-19,2184
128,gamma4,1.0,699,972669526736360705,33388,458,1,-128,88,4594
256,gamma4,1.0,0,9068886541671089611,23226,866,0,256,42,5472
256,gamma4,1.0,1,7379046888822757300,43131,1469,0,256,39,9025
256,gamma4,1.0,2,7068446520178592556,63650,1272,1,-196,-256,11345
256,gamma4,1.0,3,5019377237688724226,178872,1910,-1,-54,-256,24251
256,gamma4,1.0,4,8870369051538603632,48289,1037,2,256,81,8521
256,gamma4,1.0,5,2849552284862671367,39601,789,1,65,256,9335
256,gamma4,1.0,6,1551226946607155579,12431,643,-1,-256,35,2939
256,gamma4,1.0,7,1708356304504187037,33652,1174,1,256,-28,7298
256,gamma4,1.0,8,588266238705732947,113223,1553,2,-15,-256,16991
256,gamma4,1.0,9,3949996054719506584,33190,824,0,12,-256,5848
256,gamma4,1.0,10,7586091523996019766,59365,1351,0,256,-183,10992
256,gamma4,1.0,11,5411623903865063368,43841,1397,1,-5,256,9634
256,gamma4,1.0,12,6147026816545039278,174284,1376,1,-128,256,21907
256,gamma4,1.0,13,4898106572335626595,121829,2403,-1,179,256,19130
256,gamma4,1.0,14,3539076857345146825,155951,1405,1,-69,-256,24005
256,gamma4,1.0,15,3078504022341881592,63896,1460,-2,256,108,10919
256,gamma4,1.0,16,8953669248837821516,38058,1532,2,16,-256,8103
256,gamma4,1.0,17,5910691237007727826,124913,1979,-4,256,107,22455
256,gamma4,1.0,18,5630480331066876638,184374,1040,1,256,-32,25054
256,gamma4,1.0,19,3411910393035961481,72238,934,-1,256,-58,10665
256,gamma4,1.0,20,902803027444472777,106261,1235,1,-13,-256,14616
256,gamma4,1.0,21,6267623978466818941,55456,1398,0,256,-8,10232
256,gamma4,1.0,22,7761755519107709884,180958,1078,1,256,-34,17959
256,gamma4,1.0,23,5597371387331429029,392962,1950,0,-256,54,45959
256,gamma4,1.0,24,6357487958735041126,155759,975,1,256,111,25451
256,gamma4,1.0,25,6951767566384167423,70086,1074,-6,-256,-46,10467
256,gamma4,1.0,26,5931183783920663266,123733,1801,-1,61,-256,17535
256,gamma4,1.0,27,7853647920662887645,68428,1008,1,8,256,11406
256,gamma4,1.0,28,209087248208997330,208013,1085,1,-171,256,26171
256,gamma4,1.0,29,9108882766077962948,56250,1564,2,-188,-256,10093
256,gamma4,1.0,30,6006615998410025741,97197,843,3,256,-79,14804
256,gamma4,1.0,31,121998204288868785,49091,1517,1,-256,-127,9614
256,gamma4,1.0,32,2544601742025037472,116580,2126,3,-20,256,17317
256,gamma4,1.0,33,1487576437285776918,9027,785,-1,256,-103,2351
256,gamma4,1.0,34,7268546699089671410,76698,718,2,256,-6,10366
256,gamma4,1.0,35,7350092440583203266,41634,1146,3,110,-256,7945
256,gamma4,1.0,36,9057570009246475338,93869,703,0,256,-33,17898
256,gamma4,1.0,37,7624641410855255733,88146,774,1,8,256,15218
256,gamma4,1.0,38,6717649000251358198,129027,1355,-1,256,-49,19380
256,gamma4,1.0,39,7154474461096268153,213045,1091,-3,-59,-256,26194
256,gamma4,1.0,40,823305671205840408,155051,2719,3,-256,47,25350
256,gamma4,1.0,41,4794276873426479818,82972,1376,0,-186,-256,16841
256,gamma4,1.0,42,1907117795139445726,90968,2582,1,256,-34,16969
256,gamma4,1.0,43,5056707325994415204,106309,1627,0,-256,83,17289
256,gamma4,1.0,44,1532292640474168736,76731,1269,-1,-256,-119,12006
256,gamma4,1.0,45,3714955146745130080,46059,1533,2,-256,99,9671
256,gamma4,1.0,46,6390822769855986919,279649,1149,-1,-256,-67,36017
256,gamma4,1.0,47,8923583760279987409,193686,3452,1,-256,-94,31311
256,gamma4,1.0,48,5987239465967490087,186696,1238,1,22,256,21318
256,gamma4,1.0,49,958221748074934835,61524,810,-2,-20,256,10242
256,gamma4,1.0,50,1052406818073941133,112423,1069,-3,61,256,16047
256,gamma4,1.0,51,3806668814410564301,113849,1529,3,256,-91,18959
256,gamma4,1.0,52,8576809043602831980,179435,1077,1,-256,-37,29534
256,gamma4,1.0,53,553174789946278619,73010,1468,0,-222,-256,13625
256,gamma4,1.0,54,6173911066023161577,59899,1193,-4,256,-137,11263
256,gamma4,1.0,55,1276717986162788092,60818,1440,-2,-256,52,9663
256,gamma4,1.0,56,8712645636090493456,103235,1469,0,-256,-19,18452
256,gamma4,1.0,57,7707648987114775793,104317,1069,1,-67,-256,12289
256,gamma4,1.0,58,34224512229805214,37334,886,-3,10,256,6756
256,gamma4,1.0,59,3088427383491565726,121391,1133,3,256,-175,23119
256,gamma4,1.0,60,6342896669926584117,142194,1540,0,256,-154,21990
256,gamma4,1.0,61,7257038826367711338,71585,1297,1,53,-256,10599
256,gamma4,1.0,62,6389118601455922239,55256,766,-3,-256,-52,8703
256,gamma4,1.0,63,1300201599695120954,50711,1031,2,11,-256,9415
256,gamma4,1.0,64,3513636142543987281,60978,1176,0,256,96,11199
256,gamma4,1.0,65,7056375869300248522,155116,2076,-3,-52,256,19454
256,gamma4,1.0,66,1926880900644254688,32590,1474,-1,216,256,7453
256,gamma4,1.0,67,1882491158258841345,173014,834,1,-256,-8,24165
256,gamma4,1.0,68,4758800863090586105,117321,1781,-2,256,159,19917
256,gamma4,1.0,69,5165322243611478884,66122,962,-2,-10,256,9793
256,gamma4,1.0,70,8984272897046035747,63469,851,-1,-95,256,11388
256,gamma4,1.0,71,5269536211235120930,53696,828,1,-44,256,9352
256,gamma4,1.0,72,6804930784686285810,100244,1178,1,-138,-256,14426
256,gamma4,1.0,73,6711180291486253587,133454,1746,0,256,96,21572
256,gamma4,1.0,74,8638115451371487792,18970,994,-1,62,256,4378
256,gamma4,1.0,75,4293352665797397485,51286,1428,1,38,-256,9649
256,gamma4,1.0,76,2511243781871270060,51357,1283,-2,61,-256,8890
256,gamma4,1.0,77,6385306847998140347,69420,1330,-2,80,-256,10128
256,gamma4,1.0,78,7051970174130639951,156014,2300,4,198,256,25145
256,gamma4,1.0,79,2469702259417587595,28847,1447,-1,119,-256,6339
256,gamma4,1.0,80,26160332544081353,155677,1763,4,-117,-256,22444
256,gamma4,1.0,81,6628422285344598459,41016,1910,-2,142,-256,9522
256,gamma4,1.0,82,7762662728269728817,96350,1512,-1,256,114,15729
256,gamma4,1.0,83,8041385464364240238,306913,1211,-1,-13,256,37702
256,gamma4,1.0,84,869696394796853930,67555,1251,2,256,-79,11710
256,gamma4,1.0,85,7826878591137007509,22350,824,2,74,256,4928
256,gamma4,1.0,86,63774251544562233,35500,950,-1,256,-106,7097
256,gamma4,1.0,87,1123259443066311252,39957,1073,-2,256,3,8143
256,gamma4,1.0,88,1173224023910869544,25780,1340,1,96,256,5469
256,gamma4,1.0,89,3212321552712341290,60845,1933,-4,41,-256,11344
256,gamma4,1.0,90,2924091383241768675,119776,1698,-2,94,256,22136
256,gamma4,1.0,91,6180708971847902976,205169,1087,1,9,256,32028
256,gamma4,1.0,92,6158689525090220389,149933,1119,-3,-31,-256,21832
256,gamma4,1.0,93,4536920584503274625,31713,1213,0,-77,-256,5936
256,gamma4,1.0,94,7743166779919403633,111441,795,-1,256,55,14484
256,gamma4,1.0,95,5293245075338477052,143670,1838,2,-256,162,16329
256,gamma4,1.0,96,1738205828558592136,55731,1167,0,256,63,9769
256,gamma4,1.0,97,8117776794070135274,95446,1232,-2,-256,-146,17406
256,gamma4,1.0,98,9037270442102875079,14190,814,1,-256,-14,3528
256,gamma4,1.0,99,2460630054066432850,35196,1374,-1,256,-90,7247
256,gamma4,1.0,100,4752024442308934527,44558,1124,0,-164,256,8767
256,gamma4,1.0,101,5495924983864762045,39486,1014,0,30,-256,7133
256,gamma4,1.0,102,5569654098563895587,21124,976,2,-256,-106,4687
256,gamma4,1.0,103,3364299725640192478,73144,1068,-1,-4,256,12438
256,gamma4,1.0,104,9220758603261915057,40005,957,1,256,101,7786
256,gamma4,1.0,105,2243122348263636426,82318,1420,-2,-142,256,14024
256,gamma4,1.0,106,2753083210100744946,166493,1169,-2,-256,43,22878
256,gamma4,1.0,107,901750911992382350,188694,1108,1,-256,28,27134
256,gamma4,1.0,108,5072069899675394085,63747,1321,2,41,-256,8051
256,gamma4,1.0,109,3039163907080244121,41730,1084,1,-158,256,7880
256,gamma4,1.0,110,2013088064694133395,40755,1085,1,256,73,6905
256,gamma4,1.0,111,627105889563132827,75797,1303,-2,256,127,13043
256,gamma4,1.0,112,5540153683408672829,84614,1786,-5,138,-256,13392
256,gamma4,1.0,113,7365004143594308225,156340,776,-1,-12,-256,23389
256,gamma4,1.0,114,3278508296185213343,140926,1518,-3,-256,-66,19294
256,gamma4,1.0,115,4285038321328575374,58548,924,-1,-256,-42,9476
256,gamma4,1.0,116,5028535576859211355,194578,988,-2,-22,-256,30016
256,gamma4,1.0,117,3821025036719859817,86511,1701,1,256,-39,16656
256,gamma4,1.0,118,867782360676297343,73550,1412,-3,256,106,13078
256,gamma4,1.0,119,3305309288907172935,74765,1207,0,-127,-256,9764
256,gamma4,1.0,120,132209227069964521,84124,936,0,-20,256,13178
256,gamma4,1.0,121,3052235967691251650,31670,930,-3,-92,256,5774
256,gamma4,1.0,122,1143924909933479003,10843,697,-1,256,-11,2852
256,gamma4,1.0,123,7934682427156142362,143137,2033,-1,-256,23,22443
256,gamma4,1.0,124,6881850275367629047,27195,1267,-2,256,-3,6356
256,gamma4,1.0,125,5942031508461055694,89221,1899,-3,-256,127,15403
256,gamma4,1.0,126,5855022025323858311,50942,1256,0,86,-256,11536
256,gamma4,1.0,127,5329799250929039232,142243,2015,-2,87,256,20892
256,gamma4,1.0,128,3613441830544600402,42865,1429,-2,-256,-203,8420
256,gamma4,1.0,129,2620248189198689799,28460,988,1,-80,-256,6104
256,gamma4,1.0,130,3941445264863512829,56190,1064,-2,170,-256,10099
256,gamma4,1.0,131,4868576808218471966,138695,1305,-2,256,109,19628
256,gamma4,1.0,132,3794638382907418749,163052,2572,4,200,-256,27535
256,gamma4,1.0,133,4809446288887592563,56470,948,-1,-104,256,9579
256,gamma4,1.0,134,6566370850247978359,292289,1087,-1,-256,-107,33546
256,gamma4,1.0,135,1067833111109304724,36361,1205,1,-87,256,7257
256,gamma4,1.0,136,2458222509684876695,118284,1080,-1,42,-256,18642
256,gamma4,1.0,137,2363947682234214325,88697,1691,-1,-256,-147,15890
256,gamma4,1.0,138,1655457639971834904,57140,1906,-1,-76,256,11552
256,gamma4,1.0,139,619587596599364445,256216,730,0,10,256,31163
256,gamma4,1.0,140,6360029410509907190,134079,1393,-3,256,-95,19853
256,gamma4,1.0,141,4182627843315236358,263132,888,-1,256,-30,28561
256,gamma4,1.0,142,3570153415824597113,32706,976,2,136,256,6493
256,gamma4,1.0,143,5541727670173184795,64808,1556,0,-256,196,12467
256,gamma4,1.0,144,4968200127527906085,176307,1859,0,179,256,27843
256,gamma4,1.0,145,4312900589931702925,44060,1110,-2,-256,-166,7394
256,gamma4,1.0,146,588738408940940252,55129,893,1,101,-256,10322
256,gamma4,1.0,147,2417380430678146657,29264,858,1,256,-34,5681
256,gamma4,1.0,148,2227610634104416538,84858,1630,-2,-42,-256,13977
256,gamma4,1.0,149,6826666951798541506,86595,1423,2,-256,105,12329
256,gamma4,1.0,150,1975342667362054343,86616,1098,1,2,256,11953
256,gamma4,1.0,151,3231720994694150421,63248,1270,0,118,-256,12011
256,gamma4,1.0,152,439578836289817498,45511,643,0,-13,-256,7699
256,gamma4,1.0,153,8964558355314193109,48402,1568,-4,-256,38,9733
256,gamma4,1.0,154,3381199013250237283,273478,902,0,-256,-44,26043
256,gamma4,1.0,155,8248914426140727941,119985,2455,3,-45,256,20130
256,gamma4,1.0,156,7614320376548804709,30248,1212,1,-78,256,6124
256,gamma4,1.0,157,8640812354479432656,213613,967,3,-256,191,28676
256,gamma4,1.0,158,4412644406787913891,29860,1474,0,-256,-60,6306
256,gamma4,1.0,159,7621323073944724759,74530,1180,-1,256,88,9925
256,gamma4,1.0,160,7882356791518262704,41995,881,-1,169,-256,8134
256,gamma4,1.0,161,1658334680925180449,15715,1007,0,-47,-256,4063
256,gamma4,1.0,162,6389075020215818063,85180,1716,-2,-12,-256,15619
256,gamma4,1.0,163,7882110453475220148,96021,1943,5,256,29,17538
256,gamma4,1.0,164,7568738574746740112,98447,1365,4,91,256,15543
256,gamma4,1.0,165,4103731639975549290,54615,1531,1,79,-256,10511
256,gamma4,1.0,166,8695183711146518961,80752,1144,-3,-256,84,11921
256,gamma4,1.0,167,3359124639570724148,30794,1058,-2,168,-256,5856
256,gamma4,1.0,168,8701114023257987821,101488,1574,1,88,256,19317
256,gamma4,1.0,169,6950852658762103452,26651,1203,-1,256,-157,5932
256,gamma4,1.0,170,4537247469907107638,99422,1032,0,82,-256,16094
256,gamma4,1.0,171,2506483354345700147,60808,1512,1,256,126,11082
256,gamma4,1.0,172,1019938407465567597,202719,1069,1,153,256,29380
256,gamma4,1.0,173,7346192800539735378,104628,1294,-1,-256,-182,16955
256,gamma4,1.0,174,6453198552196365289,105385,1831,3,256,143,19813
256,gamma4,1.0,175,6490944397404330303,84817,1249,-3,-145,256,11261
256,gamma4,1.0,176,5807550684994351751,62098,1112,1,-256,-36,10048
256,gamma4,1.0,177,8869260048140992553,24606,966,0,-256,-18,5132
256,gamma4,1.0,178,3494478563866014607,208704,788,-2,256,-40,29132
256,gamma4,1.0,179,2071605730671838174,174507,1021,-2,-57,-256,21123
256,gamma4,1.0,180,3464024661613142241,74087,1141,2,25,-256,11643
256,gamma4,1.0,181,2695106311071514977,74683,927,1,45,256,12171
256,gamma4,1.0,182,518922780746026701,300942,1078,0,256,-20,42764
256,gamma4,1.0,183,8962526395130759981,137040,1448,1,-140,-256,19522
256,gamma4,1.0,184,5866425247738603495,130660,1824,1,256,58,16556
256,gamma4,1.0,185,6896422813018432086,54802,1200,0,-256,-158,9814
256,gamma4,1.0,186,9028770521313291108,42825,1147,-1,-89,-256,8243
256,gamma4,1.0,187,5947665149269275211,213801,1601,5,-171,-256,27879
256,gamma4,1.0,188,817265576238294264,52944,998,0,-256,66,10949
256,gamma4,1.0,189,5740988122698375213,74327,1045,-1,-85,-256,12497
256,gamma4,1.0,190,8061115241865911843,69394,2334,4,256,-170,14334
256,gamma4,1.0,191,130178898442248583,57396,1596,-1,256,2,10631
256,gamma4,1.0,192,2702225984150319397,77863,1039,2,37,256,12719
256,gamma4,1.0,193,6398156051954983311,46218,1974,0,-256,38,10071
256,gamma4,1.0,194,1823779308680867656,65444,870,-1,-48,-256,11181
256,gamma4,1.0,195,1634548085360865985,70222,1188,0,-256,130,12746
256,gamma4,1.0,196,427008815112964449,202786,1712,2,116,256,25394
256,gamma4,1.0,197,8411692343954130441,129832,982,1,-86,256,20095
256,gamma4,1.0,198,6635984871646382681,68067,1033,1,-256,65,11315
256,gamma4,1.0,199,1676252450041030559,50527,1773,-3,256,-27,9827
256,gamma4,1.0,200,2419068156476345619,18623,1157,2,197,-256,4557
256,gamma4,1.0,201,8021419921576542425,263692,1502,0,-256,-182,37252
256,gamma4,1.0,202,6761092483834028970,48675,1395,2,256,-95,9460
256,gamma4,1.0,203,4428586248947771474,148673,2641,-3,-17,-256,23619
256,gamma4,1.0,204,4072922219052598003,66961,1349,0,-256,193,11957
256,gamma4,1.0,205,6448058270726179829,74793,1221,0,-256,-221,12851
256,gamma4,1.0,206,4000359361370845129,303907,1883,6,-85,-256,40140
256,gamma4,1.0,207,7700927574342593989,106699,1037,1,-69,256,20628
256,gamma4,1.0,208,7608344203496319190,65903,1255,3,-29,256,10521
256,gamma4,1.0,209,8170743482479539786,67294,1468,0,-188,256,10596
256,gamma4,1.0,210,8052235127570800951,45281,1171,1,256,-79,9122
256,gamma4,1.0,211,711042456770750280,30301,891,2,-256,59,5939
256,gamma4,1.0,212,2025501410968811187,85906,1026,1,-256,106,11588
256,gamma4,1.0,213,5745602908247079394,133732,1398,-2,-256,-82,16794
256,gamma4,1.0,214,7363016944729611353,46639,1243,5,256,-57,8637
256,gamma4,1.0,215,3931423355371207618,46049,1615,3,256,-127,9926
256,gamma4,1.0,216,6201384003258454365,329029,2165,3,179,-256,45974
256,gamma4,1.0,217,6725081712337724426,53425,1967,0,119,-256,10063
256,gamma4,1.0,218,2551010196353611740,76424,1204,-2,256,6,10656
256,gamma4,1.0,219,4725641893143942512,51522,968,1,140,256,9056
256,gamma4,1.0,220,8160310706268946604,43311,1951,-4,-161,256,8695
256,gamma4,1.0,221,8130826267937213292,34933,1567,0,-256,-241,7497
256,gamma4,1.0,222,8168279946241666493,75750,1228,0,124,256,8916
256,gamma4,1.0,223,5306552629232521213,82979,1313,1,61,256,15267
256,gamma4,1.0,224,370226805477825589,127076,1700,2,-256,30,20387
256,gamma4,1.0,225,8155835785900706137,55730,1698,3,-204,-256,10131
256,gamma4,1.0,226,1013195305302862854,129123,1735,2,191,256,20008
256,gamma4,1.0,227,4773555335205112649,171955,3259,-3,-223,256,28483
256,gamma4,1.0,228,3808866951516826733,130561,1957,-1,256,-163,22640
256,gamma4,1.0,229,2389804818120218752,16741,1179,-1,29,-256,4091
256,gamma4,1.0,230,8295574629662337985,147743,2233,4,-19,256,25351
256,gamma4,1.0,231,3783953484574011880,60210,1524,-3,-132,256,10493
256,gamma4,1.0,232,8830935373755184030,125688,1176,-2,56,-256,21954
256,gamma4,1.0,233,3165498924069638174,35973,787,1,-107,256,7212
256,gamma4,1.0,234,4852624988882537419,57090,1142,0,156,256,10098
256,gamma4,1.0,235,858103437956171545,92007,1279,2,-127,256,14016
256,gamma4,1.0,236,249877380832223286,367983,1547,-1,256,-91,36634
256,gamma4,1.0,237,9094779293721917092,34264,908,-3,-122,256,6518
256,gamma4,1.0,238,8774508113496715182,64808,1056,1,146,256,10518
256,gamma4,1.0,239,8368977800456294272,113883,961,-1,79,-256,17624
256,gamma4,1.0,240,2774050737418962868,85669,2533,4,-256,99,18176
256,gamma4,1.0,241,7200583610446206447,75508,1068,0,256,84,12920
256,gamma4,1.0,242,8218494359873356432,132526,1002,0,-64,256,17685
256,gamma4,1.0,243,689833180374061268,18424,1198,1,-256,-140,4669
256,gamma4,1.0,244,6671981396083682601,70626,1298,1,256,98,13741
256,gamma4,1.0,245,6769394188082858646,92450,2728,-4,-48,-256,17893
256,gamma4,1.0,246,6630630765329263565,191519,1665,-3,67,-256,26924
256,gamma4,1.0,247,9171609860063616288,28531,1201,1,-133,-256,6058
256,gamma4,1.0,248,7160553462950776065,65162,1032,-1,-42,256,11127
256,gamma4,1.0,249,8297625665466242347,91280,910,1,74,256,15483
256,gamma4,1.0,250,1411400902679715631,36072,1094,-3,-256,114,7234
256,gamma4,1.0,251,3553106179645803710,104942,1772,0,218,-256,15968
256,gamma4,1.0,252,1127720735480631168,563321,1075,-2,256,-157,69459
256,gamma4,1.0,253,7793380317503614292,129789,1427,2,-256,119,22222
256,gamma4,1.0,254,4078150036523103148,256717,1311,-2,47,256,27767
256,gamma4,1.0,255,3776872869772636129,49575,1791,3,91,256,8605
256,gamma4,1.0,256,8216490379411242285,60758,1640,0,-44,256,11398
256,gamma4,1.0,257,2448719256775313601,114646,1094,0,256,196,17647
256,gamma4,1.0,258,4638208508887907256,22434,1416,2,60,256,5432
256,gamma4,1.0,259,47307632350097320,75485,1465,1,235,256,12995
256,gamma4,1.0,260,2849769133968197843,66837,1755,2,-115,256,11251
256,gamma4,1.0,261,3956093476683302267,122862,882,-2,-256,24,17322
256,gamma4,1.0,262,8603315463128999662,36563,1011,0,256,-61,7607
256,gamma4,1.0,263,8016228022393504342,46737,977,-3,-256,-113,7738
256,gamma4,1.0,264,7775303507877973272,100362,980,0,256,186,16959
256,gamma4,1.0,265,2448175719879855021,52386,1244,-3,-210,256,9404
256,gamma4,1.0,266,8913621289323361939,79452,1852,1,36,256,12912
256,gamma4,1.0,267,2961204041258176190,63910,1574,2,-70,-256,10394
256,gamma4,1.0,268,2316036878901111998,53327,1019,0,-85,-256,9326
256,gamma4,1.0,269,4001615062542477326,51280,1206,-2,26,-256,10589
256,gamma4,1.0,270,4675385469478994920,109739,1181,1,256,-85,14692
256,gamma4,1.0,271,2715244646929604787,114990,1320,-1,-256,182,17000
256,gamma4,1.0,272,412102039394253608,73098,2262,-1,-248,-256,13356
256,gamma4,1.0,273,2173967983223597843,138434,1132,-1,256,6,21348
256,gamma4,1.0,274,2507136180298214718,115434,2266,0,182,-256,18688
256,gamma4,1.0,275,7176943880142232388,76449,2159,3,11,-256,14744
256,gamma4,1.0,276,8017022328629269693,42462,1502,-2,-256,-234,8185
256,gamma4,1.0,277,6980144191320573216,103530,1284,-3,-116,256,15640
256,gamma4,1.0,278,6406527741046280518,147982,2470,0,74,-256,24362
256,gamma4,1.0,279,864860149017282956,212480,2614,-2,256,94,29901
256,gamma4,1.0,280,2000596685697710728,32667,957,-2,256,79,5564
256,gamma4,1.0,281,983394166104489429,64781,1545,2,-47,256,10772
256,gamma4,1.0,282,5932248525678054440,54992,1626,-2,86,-256,10457
256,gamma4,1.0,283,3315252525810369725,40521,2065,4,-256,101,9241
256,gamma4,1.0,284,2301795525991868925,82402,2134,2,-72,-256,15550
256,gamma4,1.0,285,7014532360481616111,172267,1121,0,-256,185,19095
256,gamma4,1.0,286,5126169400370760442,50586,1286,1,-256,-76,9657
256,gamma4,1.0,287,4882604875929050166,80923,1429,0,85,-256,14122
256,gamma4,1.0,288,4759684024963209201,65180,968,2,256,38,7504
256,gamma4,1.0,289,7515290302311691450,64174,780,1,-4,256,9343
256,gamma4,1.0,290,4024526051802258411,308561,983,1,256,-11,32565
256,gamma4,1.0,291,5945594074404295008,129096,1348,0,-116,256,21298
256,gamma4,1.0,292,1057382798580184581,41847,1397,-1,-256,35,7419
256,gamma4,1.0,293,4759824671400452392,62308,1182,1,256,88,12964
256,gamma4,1.0,294,7233784557054714894,29528,936,-1,-256,-72,6138
256,gamma4,1.0,295,461872976453749953,18983,1239,2,49,256,4626
256,gamma4,1.0,296,6863460419991901977,147438,1792,2,256,184,19015
256,gamma4,1.0,297,8555845635331163648,84089,973,1,121,256,12386
256,gamma4,1.0,298,3024577984520601619,156567,1645,1,256,25,24528
256,gamma4,1.0,299,2933715072583676389,61616,2116,-1,42,256,11768
256,gamma4,1.0,300,3887141170764557129,96403,1081,2,-137,-256,17552
256,gamma4,1.0,301,8772179940884485052,122584,2012,1,-256,-86,20955
256,gamma4,1.0,302,3522714163818840074,38007,1061,4,-256,-25,6721
256,gamma4,1.0,303,8697512016162880084,61611,2097,-3,-256,-3,12099
256,gamma4,1.0,304,8024713934950656539,81518,1268,1,26,256,11991
256,gamma4,1.0,305,7560197778313422841,72489,1223,-2,256,29,11702
256,gamma4,1.0,306,2015570259981933205,69839,905,2,-99,256,10113
256,gamma4,1.0,307,953331591477552777,44895,1045,0,145,256,7851
256,gamma4,1.0,308,7687169504693790048,211265,1027,1,256,-179,29988
256,gamma4,1.0,309,667476241084630700,72714,1098,1,256,90,12891
256,gamma4,1.0,310,7994431997149532630,71414,768,1,108,-256,9701
256,gamma4,1.0,311,8953556611299548191,152132,1632,1,256,-194,20262
256,gamma4,1.0,312,3706629021818078453,76162,1778,-1,256,178,13583
256,gamma4,1.0,313,3706046300244296368,84471,1481,-2,113,256,14489
256,gamma4,1.0,314,349521902572914999,148862,964,0,-256,168,17976
256,gamma4,1.0,315,1609636036778719607,225860,846,-1,256,100,33295
256,gamma4,1.0,316,1811599846325778285,218250,1774,5,-106,256,25101
256,gamma4,1.0,317,489788126164964484,59562,1298,-2,-72,256,10801
256,gamma4,1.0,318,361755682375946686,73956,1760,2,-146,-256,14761
256,gamma4,1.0,319,3677947783426144828,42351,1063,0,-3,256,6466
256,gamma4,1.0,320,6634080438951502837,51887,1665,-5,256,-113,9189
256,gamma4,1.0,321,5461360672478015505,74061,1531,3,-256,225,13811
256,gamma4,1.0,322,8701642610573000751,27973,1143,1,-256,69,6110
256,gamma4,1.0,323,8406211495037983058,55332,1412,2,-140,256,9509
256,gamma4,1.0,324,7439725432972995107,224390,1422,-2,-256,-70,32903
256,gamma4,1.0,325,6905623393298537102,62727,1115,-1,-151,256,9673
256,gamma4,1.0,326,1593309694905654322,33234,1098,-1,256,-54,5263
256,gamma4,1.0,327,4013338970342613052,124796,1170,4,-66,-256,21856
256,gamma4,1.0,328,3275629573888369676,37836,996,-1,-256,62,8262
256,gamma4,1.0,329,844031959725430191,55534,1154,-2,-72,-256,9730
256,gamma4,1.0,330,620198113481711725,26646,1172,-2,-28,256,5773
256,gamma4,1.0,331,7072162499174778698,214532,1406,2,84,256,24070
256,gamma4,1.0,332,2780270667221654291,39519,1283,0,-61,256,8160
256,gamma4,1.0,333,1997878904268370162,32504,1168,3,-256,72,6748
256,gamma4,1.0,334,5576853320522038696,48154,948,2,-256,-168,8801
256,gamma4,1.0,335,5250098370292483719,162521,2213,1,-13,256,22501
256,gamma4,1.0,336,2645441603197527202,38742,840,1,36,256,6353
256,gamma4,1.0,337,5763264562203931321,22892,1066,2,4,256,4443
256,gamma4,1.0,338,7505114383143952378,83296,1086,1,-154,-256,14456
256,gamma4,1.0,339,3943429299813678658,35087,1113,0,-45,-256,7342
256,gamma4,1.0,340,965956458036509162,70611,1203,1,-256,-45,11855
256,gamma4,1.0,341,4481139484996049780,51013,1049,0,256,171,9639
256,gamma4,1.0,342,9087077786806744998,61226,1382,-2,256,38,10789
256,gamma4,1.0,343,8192398075669711673,20532,896,0,-72,256,4364
256,gamma4,1.0,344,7436745428379791231,128194,2296,3,110,256,20983
256,gamma4,1.0,345,6199834867201229850,253366,1290,-1,18,256,34963
256,gamma4,1.0,346,2010406182989481984,174786,1228,0,-134,256,26648
256,gamma4,1.0,347,382228366990383571,89722,878,2,256,6,15202
256,gamma4,1.0,348,2970058096409648638,28580,1046,-1,256,-52,6221
256,gamma4,1.0,349,6165028717254650010,188525,1739,-2,256,-217,20837
256,gamma4,1.0,350,5864541932868237325,36743,853,1,256,-27,6373
256,gamma4,1.0,351,3858819927912143862,108035,2263,0,-256,-35,20551
256,gamma4,1.0,352,2475585797796180329,77609,1389,4,256,-95,15181
256,gamma4,1.0,353,4199144479192387967,220188,1212,-1,-14,256,36233
256,gamma4,1.0,354,490587408598946513,135423,1617,-4,256,5,19891
256,gamma4,1.0,355,1185640360915705840,208813,959,1,256,-33,27670
256,gamma4,1.0,356,2162536321378833145,71788,1708,2,52,256,11826
256,gamma4,1.0,357,8957982891658671242,49963,987,0,81,256,9398
256,gamma4,1.0,358,3655429219743178669,20200,888,-3,50,-256,4325
256,gamma4,1.0,359,4721491990578644629,77692,878,1,-256,14,13664
256,gamma4,1.0,360,3480418617294289096,34317,1273,-1,256,-195,7234
256,gamma4,1.0,361,4793109000119528852,34803,925,1,115,256,5900
256,gamma4,1.0,362,6090771169290327512,36538,964,-2,-38,256,7306
256,gamma4,1.0,363,329496158849276436,31349,1107,-2,-256,99,6642
256,gamma4,1.0,364,4199206367448997498,69883,1581,2,256,-141,13934
256,gamma4,1.0,365,1470540072813808323,82444,1814,2,22,256,15558
256,gamma4,1.0,366,1455458939527579972,162859,1427,-2,-197,-256,24038
256,gamma4,1.0,367,8569377579835316345,105424,1420,-2,-152,256,17120
256,gamma4,1.0,368,8230440790887200099,137245,965,0,256,15,21484
256,gamma4,1.0,369,220576273508201684,31488,1016,1,-256,126,6242
256,gamma4,1.0,370,6432166698419877954,25498,780,-2,-90,256,4612
256,gamma4,1.0,371,401432271428914899,55026,1086,0,256,58,9887
256,gamma4,1.0,372,6314586479742746918,42627,779,-2,37,256,6671
256,gamma4,1.0,373,1561761556328686349,107460,1220,0,-164,256,14689
256,gamma4,1.0,374,3695276421635215463,33470,1112,-3,256,-176,6623
256,gamma4,1.0,375,3962335041673085141,28000,998,1,-96,256,5126
256,gamma4,1.0,376,5043495601325392468,202633,1619,-2,203,-256,32880
256,gamma4,1.0,377,3557858113431103060,106768,1438,1,-256,-120,14794
256,gamma4,1.0,378,365845285761329409,69509,917,-1,-119,256,11146
256,gamma4,1.0,379,1805276763048873754,370758,1126,1,256,126,39105
256,gamma4,1.0,380,6266348520624593870,233631,1193,-4,-256,-123,32909
256,gamma4,1.0,381,1796121548129569952,68533,1001,-3,-27,256,10208
256,gamma4,1.0,382,1090676111511945133,113069,1859,-2,-77,-256,18416
256,gamma4,1.0,383,311404003922231933,31174,938,1,256,-32,6195
256,gamma4,1.0,384,1735553829442386189,80294,1010,-1,256,120,12487
256,gamma4,1.0,385,8665902314852898160,82450,940,-1,-256,14,13475
256,gamma4,1.0,386,5742922257581207047,38499,1607,-3,-131,256,7678
256,gamma4,1.0,387,81545104608997020,281301,1487,-2,-256,189,33187
256,gamma4,1.0,388,8801671883287304230,308700,1434,-1,256,236,39460
256,gamma4,1.0,389,7451340480576245930,47326,924,1,-82,-256,8830
256,gamma4,1.0,390,3639931876934054114,51897,1123,-3,256,157,8640
256,gamma4,1.0,391,94402257306999040,161243,2101,-6,-256,5,27245
256,gamma4,1.0,392,6870509234543862328,56186,1746,1,256,-14,11194
256,gamma4,1.0,393,3571749650357798484,31616,1078,-1,256,-68,6521
256,gamma4,1.0,394,4130198947986936140,31650,1090,1,-114,-256,5855
256,gamma4,1.0,395,920976527330795358,106418,2272,-1,-34,256,17147
256,gamma4,1.0,396,6857316422428103748,160151,1105,-2,-161,256,27519
256,gamma4,1.0,397,3235494209610779296,174608,1112,-2,50,-256,17886
256,gamma4,1.0,398,9090672172091763810,30686,1104,2,256,16,7104
256,gamma4,1.0,399,7717504535974894985,104165,1521,0,83,256,17938
256,gamma4,1.0,400,5911471657097344915,81925,879,-1,99,-256,14065
256,gamma4,1.0,401,5904699645947483263,184747,1827,-3,256,67,25278
256,gamma4,1.0,402,5725646934090136013,42315,1227,0,-256,111,8567
256,gamma4,1.0,403,8494481232229466715,25386,1082,-3,-256,44,5095
256,gamma4,1.0,404,7012976211782318695,127304,1478,1,256,104,18111
256,gamma4,1.0,405,2146236906435707500,110939,1161,-4,-25,256,14870
256,gamma4,1.0,406,2991253150181351616,20344,1260,-1,34,256,4943
256,gamma4,1.0,407,664260460308057546,184754,1308,3,142,256,23797
256,gamma4,1.0,408,6991182342313978237,42546,1916,3,-52,-256,9480
256,gamma4,1.0,409,1157051982239151067,61222,1314,-2,256,-120,10530
256,gamma4,1.0,410,911557457036312383,33515,1183,2,95,256,5990
256,gamma4,1.0,411,5575851939855251658,56108,1286,1,204,256,9217
256,gamma4,1.0,412,1465097336113857394,31898,1722,0,-106,256,7436
256,gamma4,1.0,413,3145169515029477276,181308,1032,-1,-256,-30,27239
256,gamma4,1.0,414,1502992375066420051,32419,1201,0,187,-256,6853
256,gamma4,1.0,415,9107236498815295566,84821,1407,0,-29,-256,14375
256,gamma4,1.0,416,2687702244961335517,41603,1535,-1,-83,256,8112
256,gamma4,1.0,417,433208095118870107,87310,976,2,256,-170,12557
256,gamma4,1.0,418,8008997134359851173,55022,1368,0,256,84,9001
256,gamma4,1.0,419,1817103878824642522,58405,1569,-2,256,63,10761
256,gamma4,1.0,420,8599250617427439438,50137,1363,1,256,-9,8770
256,gamma4,1.0,421,3623683788442680371,73344,1184,1,166,-256,10618
256,gamma4,1.0,422,582100753111636950,79319,1057,-1,-256,-137,11766
256,gamma4,1.0,423,6608744032663834307,24060,818,3,256,-18,4601
256,gamma4,1.0,424,3155335402827517151,111233,1013,1,256,-67,15292
256,gamma4,1.0,425,623158785030396652,97785,1073,-2,-81,256,11372
256,gamma4,1.0,426,6082382065410513075,198786,1328,3,-256,52,26557
256,gamma4,1.0,427,3946948867413934200,179292,1126,-2,-70,-256,25549
256,gamma4,1.0,428,7073429307819852018,134174,870,1,-256,40,19355
256,gamma4,1.0,429,7951661231025660213,102735,1531,-1,256,133,16978
256,gamma4,1.0,430,7395781256879219043,168866,974,-3,-256,-78,22310
256,gamma4,1.0,431,1986136280127456617,192382,900,0,42,256,22699
256,gamma4,1.0,432,6082621060877937788,36465,1277,-2,-256,-95,7077
256,gamma4,1.0,433,5492410047411523404,103757,1235,0,-33,256,14180
256,gamma4,1.0,434,5373368217806901738,101499,833,1,256,-41,13734
256,gamma4,1.0,435,3951847827334101965,86606,2606,1,182,-256,17780
256,gamma4,1.0,436,6264633552903501524,83395,1343,1,5,-256,11815
256,gamma4,1.0,437,3485241129342651747,41563,1013,-1,-27,256,7387
256,gamma4,1.0,438,94546113842808888,76816,1318,1,150,256,11702
256,gamma4,1.0,439,8966217488419341501,160591,2537,-1,61,256,26122
256,gamma4,1.0,440,7966451891187222310,33047,1015,3,-256,37,6684
256,gamma4,1.0,441,5908894795076962707,90559,2021,-3,-51,256,17404
256,gamma4,1.0,442,2654793210151351623,109915,1183,-3,256,43,18675
256,gamma4,1.0,443,7116301107130063518,21035,701,2,256,-53,4754
256,gamma4,1.0,444,9157922823396279828,417947,1599,2,-256,-97,45251
256,gamma4,1.0,445,979207740629105481,22887,1201,2,256,67,5398
256,gamma4,1.0,446,3427741121854226684,49128,1484,2,-256,186,9173
256,gamma4,1.0,447,8307762760483372605,36268,1106,-1,256,-118,6883
256,gamma4,1.0,448,8017804551463236477,84143,967,2,-256,221,13763
256,gamma4,1.0,449,2325706892880810144,187176,2916,1,-86,-256,29754
256,gamma4,1.0,450,8455357340484875558,96319,1869,4,-69,256,16277
256,gamma4,1.0,451,7820403108096827691,211207,1333,-1,-256,61,22201
256,gamma4,1.0,452,9214933677458661084,143095,1945,1,256,-185,23695
256,gamma4,1.0,453,2575695650754524377,43039,847,2,-69,256,6934
256,gamma4,1.0,454,9149053710683793428,72047,1317,1,-256,91,14133
256,gamma4,1.0,455,6789917157109503974,169961,1451,5,-35,256,20497
256,gamma4,1.0,456,2035953992401682400,58470,1026,-1,256,26,10117
256,gamma4,1.0,457,2421774907933506568,26612,792,-2,-36,256,5922
256,gamma4,1.0,458,6460486869696542259,63003,1443,2,-256,-85,11867
256,gamma4,1.0,459,7355810318471320856,60907,2061,2,256,113,11823
256,gamma4,1.0,460,7793732421867248200,78521,879,2,256,65,10691
256,gamma4,1.0,461,5062666915163350840,53349,1193,1,-256,205,9555
256,gamma4,1.0,462,3532274235517362645,156787,2189,4,91,-256,24909
256,gamma4,1.0,463,3764356473708136876,213205,1841,-1,121,-256,26592
256,gamma4,1.0,464,7992976801903683014,236349,983,0,-256,57,28977
256,gamma4,1.0,465,1575712627349934132,43923,1167,0,256,-73,7791
256,gamma4,1.0,466,4280349606603669313,61545,1417,0,19,256,10619
256,gamma4,1.0,467,1491580316614855446,67805,891,1,65,-256,12071
256,gamma4,1.0,468,214054193839973297,137546,982,0,256,-44,20729
256,gamma4,1.0,469,1131505152339304807,54790,1138,1,-256,-150,11046
256,gamma4,1.0,470,3642902243155732708,251177,1175,-3,256,67,32240
256,gamma4,1.0,471,45186824543668582,36519,1205,-3,-256,-199,7403
256,gamma4,1.0,472,400505784371171691,27719,903,2,37,-256,5576
256,gamma4,1.0,473,5558298562137143347,24849,1011,1,256,-1,5133
256,gamma4,1.0,474,7616585964177582230,118623,1443,1,13,256,22270
256,gamma4,1.0,475,4119506086898042370,110007,2115,-2,-256,-133,17546
256,gamma4,1.0,476,6494516988056949241,67784,1660,0,124,256,13437
256,gamma4,1.0,477,2167214260472165957,127549,1843,3,-111,-256,23387
256,gamma4,1.0,478,1028065748647978684,36323,1235,-1,-45,-256,6934
256,gamma4,1.0,479,7212198502313528062,108186,2152,0,6,-256,17700
256,gamma4,1.0,480,2940311073184898844,217337,1515,2,-113,-256,27106
256,gamma4,1.0,481,1928883139831695436,124658,1348,-1,244,-256,18097
256,gamma4,1.0,482,5795146869469556169,125632,1996,-1,-256,-62,19567
256,gamma4,1.0,483,6616850023883013531,109796,1276,1,256,-2,14666
256,gamma4,1.0,484,557920710135349069,156759,757,-1,-9,-256,18641
256,gamma4,1.0,485,4245051999742050449,86838,2192,-2,-68,-256,15473
256,gamma4,1.0,486,4704638293456250256,94324,974,4,-28,-256,17006
256,gamma4,1.0,487,8406279931747247326,49168,1392,-2,-256,148,9534
256,gamma4,1.0,488,4080515988703000858,32935,1033,-3,95,-256,6327
256,gamma4,1.0,489,3070987706262406523,44730,1280,-1,-256,182,9463
256,gamma4,1.0,490,647881715479389528,75550,1686,-2,-256,-42,12339
256,gamma4,1.0,491,325046350494783979,127756,1374,0,-60,256,17064
256,gamma4,1.0,492,3322820798657105857,63300,918,-1,-256,-186,8220
256,gamma4,1.0,493,1736149478056579430,549124,1764,-2,256,88,58222
256,gamma4,1.0,494,2878162090958707314,80588,1408,-3,256,160,14418
256,gamma4,1.0,495,623967554832237492,220538,2944,2,256,-118,27582
256,gamma4,1.0,496,5691505687281285570,39498,1270,1,256,104,8967
256,gamma4,1.0,497,6041531887655653733,78736,1002,2,-256,60,13359
256,gamma4,1.0,498,2356616587782437547,110148,1272,2,-256,180,18887
256,gamma4,1.0,499,6150116910025516029,77063,917,-1,47,256,12655
256,gamma4,1.0,500,6698492103090306468,192429,2167,-1,-73,-256,33376
256,gamma4,1.0,501,7157381126109459513,66174,1430,1,-256,-140,11476
256,gamma4,1.0,502,9138928883027301144,83146,1030,-1,256,-62,12076
256,gamma4,1.0,503,879296743164644524,22364,856,-2,256,-30,4966
256,gamma4,1.0,504,3084600797339487160,73564,1640,6,32,256,13964
256,gamma4,1.0,505,5253765478306163467,155701,1055,0,256,11,24485
256,gamma4,1.0,506,7505205146347198248,35751,1127,1,-215,-256,6764
256,gamma4,1.0,507,7956267039286382665,25860,1198,0,-256,144,5323
256,gamma4,1.0,508,5987740053392820171,94365,957,0,256,-81,15368
256,gamma4,1.0,509,5539581008033552883,254302,1482,-1,-152,-256,29461
256,gamma4,1.0,510,2050523922507700118,83203,1517,1,-89,-256,13861
256,gamma4,1.0,511,5712657885189634360,142643,1183,1,25,-256,20387
256,gamma4,1.0,512,3308986208193768508,29794,1300,2,256,-76,6664
256,gamma4,1.0,513,5237831080880715466,63762,1090,-1,256,2,11135
256,gamma4,1.0,514,7841663687489044212,77615,1993,-3,256,-1,14026
256,gamma4,1.0,515,2026001421355770820,29449,1333,1,109,256,6033
256,gamma4,1.0,516,4105448599247245532,65727,971,2,-256,65,11072
256,gamma4,1.0,517,3434494170863698422,75044,1446,-1,-256,-86,14914
256,gamma4,1.0,518,1394590571350419566,55627,1321,-4,-256,7,9840
256,gamma4,1.0,519,3388566014544360393,225017,1905,-1,-256,-145,27652
256,gamma4,1.0,520,930111615147134094,66596,1656,-1,-256,118,13934
256,gamma4,1.0,521,148527065994756980,78851,1877,1,145,-256,13961
256,gamma4,1.0,522,1707178184381848479,166121,943,1,9,-256,19466
256,gamma4,1.0,523,2358302086519268691,29846,930,0,-34,-256,5237
256,gamma4,1.0,524,2795326810984680530,115729,1907,5,47,256,20444
256,gamma4,1.0,525,2971021877672168637,41414,1702,3,-256,-230,8276
256,gamma4,1.0,526,4732776520376607964,43607,1189,0,-256,-35,7637
256,gamma4,1.0,527,5127686864254529300,57261,1551,-2,-99,-256,10624
256,gamma4,1.0,528,5347601503690347765,168345,1299,-4,29,-256,23721
256,gamma4,1.0,529,1638031027955090235,37080,1194,-1,-256,74,8006
256,gamma4,1.0,530,2648492719240911023,108805,1193,-2,-256,119,17506
256,gamma4,1.0,531,7257837510308948941,137135,1861,3,97,256,19298
256,gamma4,1.0,532,3405530594015830533,165986,2410,-4,78,256,25866
256,gamma4,1.0,533,1280365923736424960,135195,2391,1,-256,-169,21907
256,gamma4,1.0,534,1520645286885930531,44968,880,-1,-256,-54,8805
256,gamma4,1.0,535,5017916134368500403,141902,1142,0,256,-14,20820
256,gamma4,1.0,536,957114479019952283,116079,1055,1,256,91,18368
256,gamma4,1.0,537,1089285118156121224,24350,794,0,256,32,4705
256,gamma4,1.0,538,1942789778941967808,55884,1726,0,18,-256,11213
256,gamma4,1.0,539,7899320946487297854,27908,866,0,-140,-256,5454
256,gamma4,1.0,540,2456572024166911979,72445,1631,-2,-256,-81,12788
256,gamma4,1.0,541,4304163584983938434,63123,1157,-1,27,256,10527
256,gamma4,1.0,542,4837611793041937471,49074,1166,0,-74,-256,9988
256,gamma4,1.0,543,3190724745134293230,103691,1217,1,256,-57,16956
256,gamma4,1.0,544,4239463929184410201,50107,1395,0,-256,-27,9478
256,gamma4,1.0,545,6258155637520915059,25634,878,0,256,20,4915
256,gamma4,1.0,546,3286689549545396587,70234,988,-1,-154,-256,13355
256,gamma4,1.0,547,2628401094132350387,26383,1035,-1,65,-256,6001
256,gamma4,1.0,548,2382921267830204012,105532,1632,-2,-136,-256,17734
256,gamma4,1.0,549,5346837632200035819,57853,1063,1,-129,-256,11021
256,gamma4,1.0,550,759622538705137674,40011,1331,2,-89,-256,8577
256,gamma4,1.0,551,2048356214012772735,81276,1404,-2,256,-104,13599
256,gamma4,1.0,552,6039561894042767899,39478,1242,0,-256,196,7474
256,gamma4,1.0,553,763930620332230210,33540,1478,0,22,256,7204
256,gamma4,1.0,554,8915040454591680724,40606,1192,-3,256,98,8152
256,gamma4,1.0,555,8447089213847562151,133210,1248,-1,256,162,15049
256,gamma4,1.0,556,4257796474351716930,159046,1136,0,256,0,24638
256,gamma4,1.0,557,9163807476324345936,45059,1369,1,256,241,8874
256,gamma4,1.0,558,7776454231369441975,99175,1057,1,-256,-17,16524
256,gamma4,1.0,559,7901827769287158810,193961,2031,0,256,-113,22384
256,gamma4,1.0,560,3890994477831915168,76907,2109,1,-21,256,14182
256,gamma4,1.0,561,3336294925186220743,36934,1090,-1,-200,-256,8353
256,gamma4,1.0,562,4450243606918261067,103428,1544,4,-74,-256,18187
256,gamma4,1.0,563,3384517559462056175,56580,1438,-2,24,-256,9872
256,gamma4,1.0,564,2999240851720810315,52457,1531,-1,-256,-199,9302
256,gamma4,1.0,565,962917916137540700,38128,1114,0,-60,-256,6350
256,gamma4,1.0,566,6764068454582763830,133972,1864,-4,-256,8,20479
256,gamma4,1.0,567,784466788289145900,116754,1308,1,-150,-256,15957
256,gamma4,1.0,568,4677803266372312094,122914,2138,4,-256,166,21052
256,gamma4,1.0,569,5915603180615648490,95583,937,0,256,-157,13883
256,gamma4,1.0,570,717842384608511690,103256,2054,2,-256,-14,18103
256,gamma4,1.0,571,4003266832888454308,19235,1253,-1,29,-256,4754
256,gamma4,1.0,572,8361241295741073356,45838,1772,7,-62,-256,10265
256,gamma4,1.0,573,5796137651314693614,136373,1107,-2,61,-256,23166
256,gamma4,1.0,574,4864221143654618143,26105,1349,1,256,157,5760
256,gamma4,1.0,575,6318104073848654254,182676,2436,-6,256,-182,32251
256,gamma4,1.0,576,5020354766634996637,42400,1050,-2,172,-256,8914
256,gamma4,1.0,577,5129272242496022454,98580,1710,-2,256,-144,12676
256,gamma4,1.0,578,7266566240250343112,106946,2194,3,164,-256,18198
256,gamma4,1.0,579,5087234922270479285,80091,1717,-1,256,147,14727
256,gamma4,1.0,580,7004917663006756454,40209,1161,0,-256,-177,7073
256,gamma4,1.0,581,4877444964862147328,141843,1191,-1,63,256,19720
256,gamma4,1.0,582,905796246638194580,80839,1557,3,-256,-65,14016
256,gamma4,1.0,583,781323583376839415,158666,1460,1,256,204,23753
256,gamma4,1.0,584,2343037972516168246,62347,1145,1,-13,256,10470
256,gamma4,1.0,585,6356420341629201301,106653,1015,3,47,256,14734
256,gamma4,1.0,586,716872835471009407,32507,1281,-1,-256,119,6721
256,gamma4,1.0,587,6932553198586867514,33747,793,1,256,-111,6109
256,gamma4,1.0,588,8115317674268885452,34929,1157,4,197,-256,7648
256,gamma4,1.0,589,7781113134230534196,141857,1381,2,256,-117,20434
256,gamma4,1.0,590,5679715900342708248,36516,1164,3,256,190,8203
256,gamma4,1.0,591,3737372789108957105,84261,1985,3,137,256,14618
256,gamma4,1.0,592,4663405329441745235,66646,1116,0,256,22,10760
256,gamma4,1.0,593,4396016121660311692,68329,1085,-1,256,139,12616
256,gamma4,1.0,594,4455603433634004424,83852,1216,-1,-256,32,12261
256,gamma4,1.0,595,4092897654975462512,84549,1313,-1,-133,256,15246
256,gamma4,1.0,596,8324454017560634109,69472,1112,1,-256,-104,13165
256,gamma4,1.0,597,6881399733720236622,136052,894,-1,-86,-256,20658
256,gamma4,1.0,598,6410110151906379355,126351,933,0,133,-256,17886
256,gamma4,1.0,599,3406208056156872040,107757,2305,2,-117,256,21272
256,gamma4,1.0,600,3753639415124935657,233583,1109,2,256,205,30134
256,gamma4,1.0,601,7568743125235325473,31592,824,-1,-110,256,5665
256,gamma4,1.0,602,4485866174943816372,27465,1087,-1,-256,129,5716
256,gamma4,1.0,603,6099773486428650738,108532,1174,-1,226,256,16553
256,gamma4,1.0,604,8741671821847723882,222322,1572,0,54,-256,30716
256,gamma4,1.0,605,8889801986802751475,61937,1409,-2,256,9,12038
256,gamma4,1.0,606,7514394976188832864,176311,1211,1,139,256,24156
256,gamma4,1.0,607,4356467196205149607,180066,2826,-2,-256,-166,25056
256,gamma4,1.0,608,6940229619333001549,91598,1274,-1,88,-256,15088
256,gamma4,1.0,609,8019784577251241517,95599,1737,-3,-256,-57,14520
256,gamma4,1.0,610,8893028618493157255,414843,1069,-4,256,-83,38664
256,gamma4,1.0,611,2325834431755407517,101661,1043,-2,-256,-99,19453
256,gamma4,1.0,612,1717399956052733665,60018,888,-1,-256,-50,9786
256,gamma4,1.0,613,7137057837938618684,151941,1923,2,-63,256,27227
256,gamma4,1.0,614,5121190742727187112,136222,1032,-3,-256,112,21377
256,gamma4,1.0,615,6646482895307877715,21288,614,1,32,256,4522
256,gamma4,1.0,616,2542699150844743282,122303,1423,-3,256,-77,17760
256,gamma4,1.0,617,352559281891176115,21923,911,-1,-256,-23,4445
256,gamma4,1.0,618,7028573384654295268,36677,973,4,-256,77,6558
256,gamma4,1.0,619,6192261896289366913,124304,1522,4,-90,-256,18851
256,gamma4,1.0,620,109640073320178702,47570,1308,1,256,-30,9226
256,gamma4,1.0,621,1229838594143526919,84422,1046,0,-256,40,14320
256,gamma4,1.0,622,5666262086943100937,47568,1290,2,56,-256,7169
256,gamma4,1.0,623,1218409745205417852,106710,912,1,14,256,18411
256,gamma4,1.0,624,4172805610728691780,237319,2037,-3,113,256,31658
256,gamma4,1.0,625,4307567194273181347,80763,1745,5,-256,-121,14264
256,gamma4,1.0,626,6342014479525431362,39449,1445,-4,256,219,8565
256,gamma4,1.0,627,3910161330055923659,53947,1409,0,-256,109,9597
256,gamma4,1.0,628,4007714666002649386,210954,1336,0,256,94,27675
256,gamma4,1.0,629,9189743572987462472,50513,1583,0,-181,-256,10190
256,gamma4,1.0,630,4096414541712840697,91512,946,-2,256,94,16322
256,gamma4,1.0,631,4036172341091278721,154875,1595,0,-256,155,28351
256,gamma4,1.0,632,6183770654345825112,233397,1957,4,105,256,32581
256,gamma4,1.0,633,7895658837898652113,113914,1112,1,256,-200,17116
256,gamma4,1.0,634,1038022596250492615,49904,1020,0,256,50,8406
256,gamma4,1.0,635,1050443860544361430,65761,943,0,-256,37,10328
256,gamma4,1.0,636,677407854704092913,61938,1790,0,-36,-256,11340
256,gamma4,1.0,637,3267199943732324154,237112,1528,0,256,88,32822
256,gamma4,1.0,638,6002584739903271657,37615,875,-1,-131,-256,7642
256,gamma4,1.0,639,5233952123545983738,312398,1310,-2,256,4,38625
256,gamma4,1.0,640,897582248911223215,82245,1077,0,-167,256,10901
256,gamma4,1.0,641,2821524664124407327,102475,937,5,256,-43,17024
256,gamma4,1.0,642,765994875574331238,211451,1645,4,11,256,27689
256,gamma4,1.0,643,665897165342427542,86590,1784,3,30,-256,15582
256,gamma4,1.0,644,206527410678758535,53279,1779,0,-105,256,10030
256,gamma4,1.0,645,9120038155951627794,72053,1951,-2,-33,-256,13215
256,gamma4,1.0,646,4526642809368744757,43339,793,1,-91,-256,8130
256,gamma4,1.0,647,6387074142999610639,108724,846,5,-46,256,14733
256,gamma4,1.0,648,7660157706182012869,114087,1035,0,256,-177,15098
256,gamma4,1.0,649,5723347260723752933,119631,1161,2,256,-45,16911
256,gamma4,1.0,650,3413165781492631917,17596,1130,1,-256,-80,3975
256,gamma4,1.0,651,7481376854017152870,247293,831,3,-256,17,39044
256,gamma4,1.0,652,5000722978979612157,99440,1576,6,248,256,15917
256,gamma4,1.0,653,7814250404776341263,57845,1185,1,47,256,10184
256,gamma4,1.0,654,2542334120371055785,321006,1916,-1,-104,-256,30583
256,gamma4,1.0,655,5558302712316611698,36624,1370,-1,256,160,7576
256,gamma4,1.0,656,2556870982807559512,165774,1358,0,-256,-72,23107
256,gamma4,1.0,657,7325112220811040440,36792,1448,1,14,256,8100
256,gamma4,1.0,658,6031824336272125102,107757,1021,-1,-256,-65,16242
256,gamma4,1.0,659,8916541473760124935,37466,1202,-4,256,-56,7066
256,gamma4,1.0,660,5357159746235491414,141778,2268,1,256,-86,20892
256,gamma4,1.0,661,848784515906190361,86344,2600,-1,-112,256,16889
256,gamma4,1.0,662,20328328590782523,66398,1568,0,-160,256,10602
256,gamma4,1.0,663,5489418772246572005,102330,1264,-1,-146,256,17440
256,gamma4,1.0,664,6567195598185316554,66465,1413,-1,-181,256,12206
256,gamma4,1.0,665,8447366544616875125,61592,958,0,256,116,11184
256,gamma4,1.0,666,5868735957252153530,53568,1278,-1,0,256,10326
256,gamma4,1.0,667,4553823964807884760,30234,746,-1,-256,70,5764
256,gamma4,1.0,668,8655286479582902576,434626,1662,0,-256,-52,40795
256,gamma4,1.0,669,1534723953789875667,20071,1291,1,256,151,4988
256,gamma4,1.0,670,3110955014607199270,56429,1051,-1,63,-256,11894
256,gamma4,1.0,671,8775338678988830464,60463,1125,3,-256,147,11078
256,gamma4,1.0,672,6885274046787597090,24919,1305,-1,-129,-256,5468
256,gamma4,1.0,673,6073064119118404005,62620,1190,2,-256,-94,12430
256,gamma4,1.0,674,783042440198595799,167488,1220,1,134,-256,23371
256,gamma4,1.0,675,365605393484412858,65686,1016,-3,-256,-90,12192
256,gamma4,1.0,676,3730586099069663373,54294,1092,-1,-256,-114,11795
256,gamma4,1.0,677,3319329082393314237,66283,1535,1,-101,256,13344
256,gamma4,1.0,678,8412585512527724082,51162,838,0,56,256,7416
256,gamma4,1.0,679,4737133194292677111,31215,1617,-1,256,87,6752
256,gamma4,1.0,680,8889881457803647042,132019,979,-1,-256,-149,19726
256,gamma4,1.0,681,2054063926470037334,153896,864,0,256,-72,23738
256,gamma4,1.0,682,1966149285580998297,62606,1292,1,72,256,11905
256,gamma4,1.0,683,7544967345080910223,73184,2120,3,256,82,13817
256,gamma4,1.0,684,941903974043793488,81076,970,0,-256,-112,13403
256,gamma4,1.0,685,560902638774031128,91928,1546,-2,-256,2,12925
256,gamma4,1.0,686,3796366242228871114,243439,1221,-3,-107,256,27755
256,gamma4,1.0,687,5915814653346576498,332500,1372,2,256,118,33412
256,gamma4,1.0,688,769284399577149942,77591,1513,-1,256,-19,14000
256,gamma4,1.0,689,5567835637170652921,51205,1239,-3,-256,19,9499
256,gamma4,1.0,690,2002479203889077943,376126,1322,-3,256,-132,35517
256,gamma4,1.0,691,5430942986032153309,36686,1508,0,22,256,6954
256,gamma4,1.0,692,8686073763515661392,42717,1193,0,223,-256,8357
256,gamma4,1.0,693,6790706437882054595,44783,1197,-1,-256,105,8166
256,gamma4,1.0,694,5754754415744987826,46249,1073,1,-31,-256,8082
256,gamma4,1.0,695,2700207184027362696,59874,2100,-4,256,-190,12844
256,gamma4,1.0,696,7770923886351342851,99782,1934,-2,226,-256,16589
256,gamma4,1.0,697,5932173827397622167,21680,954,0,-118,256,4881
256,gamma4,1.0,698,4978282253417798947,81016,1460,-1,-86,-256,13054
256,gamma4,1.0,699,7668162119883147107,85904,1676,0,256,-78,13685
