L,model,k,sample_index,seed,raw_steps,lerw_steps,winding,hit_x,hit_y,environment_sites
16,gamma,1.0,0,1897385471992277122,61,31,0,5,16,41
16,gamma,1.0,1,3646645542557539191,169,49,0,16,7,84
16,gamma,1.0,2,4412997160255863183,314,52,-2,16,-4,130
16,gamma,1.0,3,4280791313925660734,152,32,0,6,16,69
16,gamma,1.0,4,7123439177035414527,295,41,1,-7,16,119
16,gamma,1.0,5,6982864332033266243,80,34,-1,16,8,47
16,gamma,1.0,6,7171715316785639654,215,43,0,7,16,113
16,gamma,1.0,7,6747895647161389246,70,26,1,0,16,48
16,gamma,1.0,8,3442322446606375602,135,37,0,16,13,77
16,gamma,1.0,9,8385827635528074875,188,50,1,16,0,99
16,gamma,1.0,10,5438195636457084338,189,27,0,-16,3,70
16,gamma,1.0,11,9118097212824146202,108,26,-1,-16,4,54
16,gamma,1.0,12,4423609001090841451,309,73,-3,16,-7,143
16,gamma,1.0,13,5974887340743300005,88,32,0,16,12,59
16,gamma,1.0,14,2601869936683528572,202,32,1,2,16,77
16,gamma,1.0,15,8174537029776514332,417,33,-1,16,-1,157
16,gamma,1.0,16,5541636320436995834,140,42,-1,12,16,73
16,gamma,1.0,17,6991872143052589767,393,37,0,13,16,119
16,gamma,1.0,18,3482797813623217796,303,35,0,16,1,110
16,gamma,1.0,19,3069460764528254099,186,62,-2,16,12,104
16,gamma,1.0,20,3986778425494381496,148,58,0,14,16,93
16,gamma,1.0,21,693015787558227663,112,48,-1,14,16,69
16,gamma,1.0,22,4116686354343568308,78,32,1,16,8,48
16,gamma,1.0,23,6411740038546357444,219,33,1,7,16,87
16,gamma,1.0,24,6269492108536375488,119,45,1,1,16,72
16,gamma,1.0,25,5296467769756683036,303,73,1,7,16,119
16,gamma,1.0,26,2164520698167633910,55,27,1,1,16,33
16,gamma,1.0,27,8264708260005590726,77,35,1,11,16,53
16,gamma,1.0,28,393707274284367428,115,25,0,16,1,45
16,gamma,1.0,29,4287897992723765367,58,26,0,0,16,33
16,gamma,1.0,30,787965123211931420,107,37,-1,16,1,54
16,gamma,1.0,31,2579553820474844028,393,47,2,7,16,134
16,gamma,1.0,32,416452838940989106,155,37,0,11,16,61
16,gamma,1.0,33,5387827172253676234,89,27,0,3,16,44
16,gamma,1.0,34,814488632233725207,227,31,1,16,5,70
16,gamma,1.0,35,6546606160492105206,139,33,0,11,16,69
16,gamma,1.0,36,1880769609572750224,261,33,3,16,-5,100
16,gamma,1.0,37,6713492942752235965,126,30,0,4,16,65
16,gamma,1.0,38,1148554351421500552,193,35,0,16,-9,76
16,gamma,1.0,39,9088857936964223129,69,33,-1,9,16,44
16,gamma,1.0,40,552772137243273010,235,27,0,16,-5,88
16,gamma,1.0,41,7317846904933706587,173,29,0,16,9,67
16,gamma,1.0,42,4908738492765552246,228,44,0,16,-8,109
16,gamma,1.0,43,8261520356226626818,194,44,1,6,16,84
16,gamma,1.0,44,1634518357559488561,288,32,-1,16,10,126
16,gamma,1.0,45,1445391361651645843,97,37,-1,16,11,58
16,gamma,1.0,46,3054114388351393048,77,37,-2,-16,9,51
16,gamma,1.0,47,4450502771749754929,204,30,1,4,16,90
16,gamma,1.0,48,8455766110614188547,44,26,0,16,0,34
16,gamma,1.0,49,667138964869364844,183,55,-1,16,1,103
16,gamma,1.0,50,6530686289281765643,97,37,1,16,-3,52
16,gamma,1.0,51,311435237464144949,204,42,0,16,-2,77
16,gamma,1.0,52,7994019366030160996,118,30,-2,0,16,61
16,gamma,1.0,53,7297371975809382149,317,39,0,9,16,146
16,gamma,1.0,54,1608116821664920647,262,36,-1,16,-4,99
16,gamma,1.0,55,206715114206945160,110,36,-2,0,16,57
16,gamma,1.0,56,5356036468339922185,256,28,0,6,16,104
16,gamma,1.0,57,1632217208578737920,296,52,0,16,12,120
16,gamma,1.0,58,6999779200562781032,155,39,-2,16,7,86
16,gamma,1.0,59,8785850605945041545,219,47,0,13,16,82
16,gamma,1.0,60,7018256805645181319,413,47,3,16,-7,133
16,gamma,1.0,61,6175702934194267892,184,38,0,16,4,80
16,gamma,1.0,62,4231165572782461154,261,43,1,5,16,111
16,gamma,1.0,63,5595799982724129822,60,30,-1,0,16,37
16,gamma,1.0,64,5161235908565889578,230,30,-1,16,-6,80
16,gamma,1.0,65,3893493228162113833,173,37,0,-16,11,77
16,gamma,1.0,66,3801494508230233620,813,31,-1,16,-5,197
16,gamma,1.0,67,8685772462185775034,483,51,0,3,16,153
16,gamma,1.0,68,8762908291179938351,250,58,3,12,16,112
16,gamma,1.0,69,1787541498662075663,389,35,0,3,-16,106
16,gamma,1.0,70,3625448671408759702,161,39,0,16,3,81
16,gamma,1.0,71,6148771665879326530,128,36,0,16,6,55
16,gamma,1.0,72,8652500378668581680,207,31,-1,16,5,81
16,gamma,1.0,73,602227558306165256,74,30,1,14,16,39
16,gamma,1.0,74,7246733138167923706,250,28,0,0,16,106
16,gamma,1.0,75,2333112526876222135,81,33,0,-16,11,47
16,gamma,1.0,76,8729232263006681557,327,35,0,-3,16,119
16,gamma,1.0,77,7823581286228964800,62,24,0,16,6,36
16,gamma,1.0,78,2718176467856992636,131,31,1,16,5,79
16,gamma,1.0,79,4725060442612442714,77,41,0,7,16,51
16,gamma,1.0,80,1345355543469315022,205,41,1,9,16,84
16,gamma,1.0,81,6636580254045001889,98,26,0,2,16,45
16,gamma,1.0,82,4403253243421258929,346,34,0,4,16,109
16,gamma,1.0,83,2201444302701643299,387,41,-1,3,16,153
16,gamma,1.0,84,3681389004414237159,460,44,0,4,16,127
16,gamma,1.0,85,3713358492087126057,301,51,1,16,1,127
16,gamma,1.0,86,5444397462992036511,117,25,1,-5,16,53
16,gamma,1.0,87,1999342341066932118,399,53,3,16,3,135
16,gamma,1.0,88,2213999763569461831,354,62,2,16,10,121
16,gamma,1.0,89,5592063019506431074,91,31,0,16,-7,43
16,gamma,1.0,90,4459205607957483611,94,38,1,-4,16,50
16,gamma,1.0,91,14466822476225621,101,27,0,16,1,46
16,gamma,1.0,92,2558580107731602671,186,50,2,12,16,92
16,gamma,1.0,93,1677906381615385223,118,38,-4,0,16,52
16,gamma,1.0,94,8674337581559104806,164,50,2,10,16,80
16,gamma,1.0,95,5504125544150691795,296,66,2,16,4,117
16,gamma,1.0,96,5784621346555169141,147,33,0,16,-5,61
16,gamma,1.0,97,5658191295121261949,150,30,0,16,4,60
16,gamma,1.0,98,6806106885334165849,164,30,0,16,-6,78
16,gamma,1.0,99,9052254332228340639,497,35,0,3,16,175
16,gamma,1.0,100,8136500172390418155,69,29,0,16,7,43
16,gamma,1.0,101,6872319511552448791,147,35,-1,16,7,67
16,gamma,1.0,102,1969957711888912922,116,28,-1,8,-16,55
16,gamma,1.0,103,3526023172313809131,224,56,1,16,8,109
16,gamma,1.0,104,5017039141306401193,82,26,0,16,2,42
16,gamma,1.0,105,9162532824299360004,220,38,2,10,16,74
16,gamma,1.0,106,8833249100370431210,101,39,0,16,3,55
16,gamma,1.0,107,5552389129731185020,326,52,-3,0,16,135
16,gamma,1.0,108,166373306839099588,248,42,-1,16,10,97
16,gamma,1.0,109,5147694619311802416,271,35,-2,-11,16,104
16,gamma,1.0,110,4166273177315798337,75,37,-1,16,7,49
16,gamma,1.0,111,1111058111321444884,568,46,-3,16,10,152
16,gamma,1.0,112,3601552374470644811,156,34,2,6,16,67
16,gamma,1.0,113,1612863623677642166,82,32,-2,6,-16,51
16,gamma,1.0,114,8792940822429355888,130,28,0,4,16,54
16,gamma,1.0,115,5170071053051243595,474,68,1,8,16,175
16,gamma,1.0,116,3582690846756732156,212,62,-2,16,8,104
16,gamma,1.0,117,5597441567583128554,137,45,-1,16,5,77
16,gamma,1.0,118,6834004125417401005,309,39,0,1,16,105
16,gamma,1.0,119,4309742682754609119,222,32,0,16,0,98
16,gamma,1.0,120,981038736577173091,99,39,0,9,16,53
16,gamma,1.0,121,3496332092069167861,228,44,1,16,10,95
16,gamma,1.0,122,6647233122094451024,114,34,-1,16,6,68
16,gamma,1.0,123,7646025801466546757,375,41,1,3,16,155
16,gamma,1.0,124,5930769763330441350,147,41,0,7,16,62
16,gamma,1.0,125,3260711651990827684,118,26,0,16,0,56
16,gamma,1.0,126,3463381011743370465,198,44,1,8,16,84
16,gamma,1.0,127,3463156726132899486,174,52,-1,6,16,84
16,gamma,1.0,128,6422295918813558024,99,35,0,16,-3,53
16,gamma,1.0,129,1787755920435221419,78,30,0,16,10,46
16,gamma,1.0,130,454448307374066618,213,35,-1,16,1,68
16,gamma,1.0,131,8919001414073739950,344,36,1,16,14,126
16,gamma,1.0,132,3996995849018855242,106,28,0,-8,-16,50
16,gamma,1.0,133,5442360588040714655,204,36,-3,6,16,92
16,gamma,1.0,134,4401990659018300488,55,25,1,-1,16,33
16,gamma,1.0,135,7192455272500905348,68,24,0,4,16,43
16,gamma,1.0,136,1475756021663054159,322,56,0,12,-16,112
16,gamma,1.0,137,722714913543031311,182,34,-1,16,8,68
16,gamma,1.0,138,8449795083127163255,82,30,1,16,2,43
16,gamma,1.0,139,8587171790186625289,85,35,2,-3,16,48
16,gamma,1.0,140,6662247079159714267,227,33,1,16,3,75
16,gamma,1.0,141,1163186514679527364,145,49,0,16,11,79
16,gamma,1.0,142,1617610850528658941,107,27,0,-5,16,39
16,gamma,1.0,143,3228802963552420024,185,31,-1,3,16,62
16,gamma,1.0,144,7300943668496902528,464,52,-2,16,-4,141
16,gamma,1.0,145,1734095521348547605,176,30,0,-10,16,81
16,gamma,1.0,146,524312144880036791,350,34,-2,16,6,102
16,gamma,1.0,147,9138613108371728469,235,35,2,16,5,103
16,gamma,1.0,148,5968209129170720183,123,45,-1,16,-1,68
16,gamma,1.0,149,2909051907409691597,171,27,1,1,16,65
16,gamma,1.0,150,6391286822010994098,87,29,1,5,16,45
16,gamma,1.0,151,188780993733291559,76,34,0,-2,16,46
16,gamma,1.0,152,4225994502529182869,93,41,2,16,13,53
16,gamma,1.0,153,8483899851007902920,240,36,0,16,12,113
16,gamma,1.0,154,2967434146478452587,154,44,0,16,10,78
16,gamma,1.0,155,4857674858806719060,73,35,-2,-11,16,49
16,gamma,1.0,156,5875911593166987103,293,37,-1,-16,15,127
16,gamma,1.0,157,1800914429442154669,114,36,1,16,8,57
16,gamma,1.0,158,2979847566735676602,193,51,-2,16,9,93
16,gamma,1.0,159,8196970499679426069,128,42,-4,4,16,68
16,gamma,1.0,160,759587481335307261,274,32,0,16,0,108
16,gamma,1.0,161,7126052879586877976,221,57,0,16,-5,111
16,gamma,1.0,162,5457361675422630482,101,35,-1,16,13,64
16,gamma,1.0,163,2416567085863973302,357,47,0,7,-16,136
16,gamma,1.0,164,1767314668271863379,266,54,-1,16,10,115
16,gamma,1.0,165,6603527421740993454,269,51,0,5,16,116
16,gamma,1.0,166,8843528502793639299,226,46,0,10,16,75
16,gamma,1.0,167,992350335643453931,240,38,0,10,16,83
16,gamma,1.0,168,4063965559414460855,114,40,0,16,10,64
16,gamma,1.0,169,6748862394660161808,102,28,-1,-2,16,52
16,gamma,1.0,170,8317319275898428663,376,50,-1,10,16,144
16,gamma,1.0,171,1079589632823283221,127,47,2,1,16,75
16,gamma,1.0,172,8044393325604993580,172,34,-1,16,-2,74
16,gamma,1.0,173,8457976936866791501,168,52,0,2,16,83
16,gamma,1.0,174,3733226104664008780,83,25,0,5,16,47
16,gamma,1.0,175,6968134695266264230,152,38,1,2,16,79
16,gamma,1.0,176,1793794140389577531,156,34,1,16,2,63
16,gamma,1.0,177,1570122405348447677,257,57,-1,16,1,92
16,gamma,1.0,178,1933049319251765396,390,60,-1,8,16,117
16,gamma,1.0,179,2664868934040436328,65,23,1,16,3,36
16,gamma,1.0,180,2824442003397310394,145,41,0,3,16,77
16,gamma,1.0,181,588583375121805764,134,28,0,16,-2,62
16,gamma,1.0,182,3751108241551135367,72,40,-1,16,8,49
16,gamma,1.0,183,2004834668918852129,549,73,1,9,16,194
16,gamma,1.0,184,7796879615140153925,87,39,-1,16,11,61
16,gamma,1.0,185,5165129924417673190,108,32,1,16,8,59
16,gamma,1.0,186,5328871500741006868,102,30,-1,4,16,53
16,gamma,1.0,187,7225206529216019113,185,53,1,16,7,87
16,gamma,1.0,188,5375960173374678768,138,46,0,10,16,70
16,gamma,1.0,189,4796293123172516023,144,34,-1,16,8,73
16,gamma,1.0,190,4318661750525791527,117,31,-2,7,16,55
16,gamma,1.0,191,3792604571761084896,118,26,-1,6,16,49
16,gamma,1.0,192,3763398898271820575,233,55,-3,16,5,107
16,gamma,1.0,193,3546371917044650598,266,50,-4,-2,16,124
16,gamma,1.0,194,6359475165985840562,95,37,1,-3,16,50
16,gamma,1.0,195,8024898257895109968,247,53,-1,13,16,110
16,gamma,1.0,196,592393225951441791,64,34,1,2,16,47
16,gamma,1.0,197,5390573825276506974,58,30,1,8,16,37
16,gamma,1.0,198,9107877033414452561,243,37,-1,16,-1,112
16,gamma,1.0,199,7812982273520929526,352,64,-2,16,-4,130
16,gamma,1.0,200,1874692408383716561,118,24,0,2,16,48
16,gamma,1.0,201,3526508339163811928,216,34,-2,0,16,78
16,gamma,1.0,202,45163424988651649,131,33,2,16,-1,65
16,gamma,1.0,203,4478337111340000563,298,44,1,16,4,127
16,gamma,1.0,204,8720815018933789135,173,31,0,16,3,74
16,gamma,1.0,205,2926212739842208336,151,47,2,5,16,80
16,gamma,1.0,206,3777809418833570438,123,35,1,16,-7,62
16,gamma,1.0,207,3131969839693951917,311,37,0,13,16,128
16,gamma,1.0,208,5226795447297584311,142,44,1,16,-8,75
16,gamma,1.0,209,6307822493164766672,109,25,0,5,16,44
16,gamma,1.0,210,2755774709921918977,77,21,-1,16,1,37
16,gamma,1.0,211,2168878280165121280,148,36,2,4,16,64
16,gamma,1.0,212,3868359441618748121,72,30,0,10,16,45
16,gamma,1.0,213,2499286995571425440,246,36,1,16,-4,85
16,gamma,1.0,214,2775122208770123075,122,32,1,-2,16,58
16,gamma,1.0,215,3126931636656915547,125,47,-3,16,5,80
16,gamma,1.0,216,1802862746962041150,168,44,1,16,6,63
16,gamma,1.0,217,484538169642423373,151,43,-1,16,13,72
16,gamma,1.0,218,9134808514064975363,262,36,-1,16,4,115
16,gamma,1.0,219,5877958658664624471,171,47,0,16,5,80
16,gamma,1.0,220,3816579209965668045,287,47,-1,16,9,117
16,gamma,1.0,221,1691240328584727827,77,35,-2,16,9,49
16,gamma,1.0,222,7454228781737279565,97,27,0,-5,16,56
16,gamma,1.0,223,446555561019053434,78,38,3,-4,16,48
16,gamma,1.0,224,8381311599069719919,154,54,2,-2,16,83
16,gamma,1.0,225,5820310688069261160,139,41,-1,16,3,68
16,gamma,1.0,226,2131737977209729693,123,37,0,-11,16,58
16,gamma,1.0,227,3152127293395335551,697,35,1,-1,16,143
16,gamma,1.0,228,5384516430459283978,198,50,2,16,2,86
16,gamma,1.0,229,8663023613131404051,163,37,0,13,16,83
16,gamma,1.0,230,905527180492749288,198,44,2,16,-2,89
16,gamma,1.0,231,1828282036655596208,77,33,1,5,16,46
16,gamma,1.0,232,4915835106138745374,162,44,-2,16,2,81
16,gamma,1.0,233,6112133061289631267,314,66,3,8,16,138
16,gamma,1.0,234,3032965303028149909,360,60,1,2,16,134
16,gamma,1.0,235,7364718229451497714,196,30,0,-2,16,83
16,gamma,1.0,236,3360887078305789216,116,36,-1,16,8,56
16,gamma,1.0,237,1369778519379475933,218,26,0,16,-2,89
16,gamma,1.0,238,6969011027473573541,421,37,0,16,7,150
16,gamma,1.0,239,3228840764232604074,157,33,1,5,16,59
16,gamma,1.0,240,2307426824798954943,218,32,1,16,8,83
16,gamma,1.0,241,669698824713950504,90,34,-1,16,12,53
16,gamma,1.0,242,1052713743330875489,147,53,0,13,16,76
16,gamma,1.0,243,1101247987309376050,82,24,0,16,-2,44
16,gamma,1.0,244,2909398758950017630,277,29,0,5,16,114
16,gamma,1.0,245,3708856551230448334,260,40,1,2,16,106
16,gamma,1.0,246,3455099244404489260,105,43,0,11,16,70
16,gamma,1.0,247,1362584609291973830,352,28,0,2,16,125
16,gamma,1.0,248,2966679443131090000,152,32,2,4,16,58
16,gamma,1.0,249,3749994763795522656,440,38,2,16,-8,153
16,gamma,1.0,250,1570166985553828447,147,27,-1,1,16,65
16,gamma,1.0,251,8092453776408560247,175,39,0,16,11,93
16,gamma,1.0,252,2613041887566300866,109,35,-1,16,9,47
16,gamma,1.0,253,7791954669031478370,512,38,0,-2,16,153
16,gamma,1.0,254,7660931392327971677,344,32,1,6,16,111
16,gamma,1.0,255,8059208491202134418,275,49,-2,16,9,108
16,gamma,1.0,256,7365875292704747509,105,29,-1,16,9,61
16,gamma,1.0,257,4125301622519166145,261,27,1,7,16,92
16,gamma,1.0,258,2740283272545396124,275,47,-4,16,9,106
16,gamma,1.0,259,3686039373897603928,146,38,-1,16,8,67
16,gamma,1.0,260,3125018077190997597,187,53,0,16,3,87
16,gamma,1.0,261,6752903492596024622,84,32,2,4,16,50
16,gamma,1.0,262,6894429487007794297,159,35,1,9,16,65
16,gamma,1.0,263,715031854114467139,173,25,0,7,-16,65
16,gamma,1.0,264,3250250351354733018,100,30,1,2,16,51
16,gamma,1.0,265,8025827402846593341,112,30,-1,16,2,59
16,gamma,1.0,266,4677528219515908919,116,42,-1,2,16,64
16,gamma,1.0,267,5534611573593550592,71,35,1,16,-3,45
16,gamma,1.0,268,249272783629369315,51,33,-1,3,16,41
16,gamma,1.0,269,6437472256772221215,201,41,-1,16,7,83
16,gamma,1.0,270,1318171767008014382,120,32,-1,16,12,68
16,gamma,1.0,271,6806929247980780803,53,25,-1,3,16,34
16,gamma,1.0,272,3351906936640710163,71,27,0,5,16,40
16,gamma,1.0,273,8138567396436689381,178,44,0,6,16,68
16,gamma,1.0,274,4894326101608246334,144,38,1,-2,16,73
16,gamma,1.0,275,5928675618703063456,349,45,0,7,16,126
16,gamma,1.0,276,7921341046870010997,250,74,-2,-10,16,112
16,gamma,1.0,277,3341648372206601611,149,27,1,16,1,57
16,gamma,1.0,278,5322246095573743421,235,27,-1,16,5,73
16,gamma,1.0,279,448613569537932314,187,43,1,-1,16,76
16,gamma,1.0,280,25321078790303909,149,41,0,16,9,74
16,gamma,1.0,281,3653849052108253697,284,42,-1,16,4,98
16,gamma,1.0,282,7343519615394221224,592,30,0,6,16,150
16,gamma,1.0,283,3668556749956516449,183,47,-2,16,7,81
16,gamma,1.0,284,4577252204529120841,153,33,0,16,7,72
16,gamma,1.0,285,864652431422809501,98,34,1,16,-8,53
16,gamma,1.0,286,1699526622413990007,303,39,1,16,9,119
16,gamma,1.0,287,3872042240691946248,144,32,0,16,4,59
16,gamma,1.0,288,1413775956388459240,40,32,0,14,16,34
16,gamma,1.0,289,2957998656662929650,273,37,1,-16,15,99
16,gamma,1.0,290,8693465590384671337,286,38,-1,0,16,123
16,gamma,1.0,291,5261551364668146326,141,33,0,16,11,61
16,gamma,1.0,292,7882195122683577700,73,33,1,16,1,46
16,gamma,1.0,293,1792535381033282309,145,49,0,16,13,79
16,gamma,1.0,294,3960308598038262829,280,42,-3,0,16,117
16,gamma,1.0,295,5612546343567644559,141,27,0,16,1,52
16,gamma,1.0,296,8563170296347003458,135,41,-1,9,16,62
16,gamma,1.0,297,1716400506208546062,213,45,1,16,-3,89
16,gamma,1.0,298,6354401562384485925,120,38,-1,14,16,69
16,gamma,1.0,299,6717141672354986654,154,26,-1,-16,0,56
16,gamma,1.0,300,3132813220124008490,188,38,1,14,16,88
16,gamma,1.0,301,831859446527689377,142,38,0,16,6,62
16,gamma,1.0,302,5829587663524379591,187,49,2,16,-7,89
16,gamma,1.0,303,8224873351105413618,373,49,-2,16,1,132
16,gamma,1.0,304,4640407940670170912,120,42,0,16,12,63
16,gamma,1.0,305,9144597852716912493,128,32,0,-8,16,64
16,gamma,1.0,306,8413269546166360181,215,41,1,11,16,76
16,gamma,1.0,307,2683474218217220858,185,49,-1,16,11,89
16,gamma,1.0,308,1625246559297241896,209,43,-1,7,16,89
16,gamma,1.0,309,1529214698782460186,87,27,2,3,16,48
16,gamma,1.0,310,1438173522526537928,142,26,0,4,16,61
16,gamma,1.0,311,559986480314569753,98,32,2,16,2,63
16,gamma,1.0,312,8579513995031754589,156,24,-1,-16,0,75
16,gamma,1.0,313,4786850560266502915,104,34,-1,16,4,58
16,gamma,1.0,314,3180647678931259498,67,27,-1,16,5,35
16,gamma,1.0,315,4921235451127534523,215,23,1,16,3,92
16,gamma,1.0,316,5793765323718467600,172,44,-1,6,16,88
16,gamma,1.0,317,7857203600919764369,97,47,-1,16,9,66
16,gamma,1.0,318,1949525709022740071,514,80,2,16,2,198
16,gamma,1.0,319,4841870341193405905,212,42,0,-12,16,84
16,gamma,1.0,320,2087701980353426356,170,30,0,16,4,76
16,gamma,1.0,321,2575172422577436529,275,39,-2,16,9,98
16,gamma,1.0,322,1584397469791091422,231,31,0,7,16,82
16,gamma,1.0,323,1488356519665655248,313,31,-1,9,16,97
16,gamma,1.0,324,1152120153808216729,83,31,1,5,16,48
16,gamma,1.0,325,3753175263748497053,260,36,0,4,16,127
16,gamma,1.0,326,2218815537248666573,104,30,0,8,16,61
16,gamma,1.0,327,1903484128059515277,202,24,1,-2,16,65
16,gamma,1.0,328,8226428445282464880,103,37,2,9,16,63
16,gamma,1.0,329,46398582651661858,134,36,0,16,8,57
16,gamma,1.0,330,1633700904250922137,166,40,0,14,16,89
16,gamma,1.0,331,3216808321120142101,313,47,0,1,-16,106
16,gamma,1.0,332,8184351785491269556,417,55,-2,16,7,130
16,gamma,1.0,333,6808575330650699760,124,42,-3,16,14,66
16,gamma,1.0,334,1102710276465152192,406,60,0,16,10,151
16,gamma,1.0,335,7663583882826972554,258,44,0,-4,16,97
16,gamma,1.0,336,7523288914913455469,70,32,0,-4,16,48
16,gamma,1.0,337,3912409249307801352,124,28,0,10,16,49
16,gamma,1.0,338,2825036979903963001,273,37,0,5,16,127
16,gamma,1.0,339,3719775075517053965,285,29,0,16,9,101
16,gamma,1.0,340,1499111900451607469,60,22,0,0,16,34
16,gamma,1.0,341,6429724496774437859,156,46,-1,0,16,84
16,gamma,1.0,342,7306245262502243893,78,36,3,6,16,54
16,gamma,1.0,343,4441255317166756901,102,46,-1,16,8,64
16,gamma,1.0,344,8206381945040168347,133,27,0,16,5,66
16,gamma,1.0,345,4681754896799034800,329,61,1,16,15,117
16,gamma,1.0,346,5258455934010678563,277,33,0,16,7,78
16,gamma,1.0,347,2233984458684139154,175,47,-1,16,11,73
16,gamma,1.0,348,1016294050042501418,421,35,0,16,13,176
16,gamma,1.0,349,6322048211785587998,102,34,1,16,-8,60
16,gamma,1.0,350,1630580204142715964,126,40,1,-16,2,58
16,gamma,1.0,351,6682014093137198379,205,41,-1,16,7,97
16,gamma,1.0,352,3672788800921251896,116,40,1,16,12,52
16,gamma,1.0,353,8237368042263278035,112,32,2,16,8,60
16,gamma,1.0,354,7465905224985764288,200,40,2,16,4,95
16,gamma,1.0,355,5826329368665475323,132,58,-2,2,16,80
16,gamma,1.0,356,1045589378259934070,81,33,0,7,16,50
16,gamma,1.0,357,4679467199362743263,406,38,0,12,16,146
16,gamma,1.0,358,8582080151152662330,351,71,-3,16,9,143
16,gamma,1.0,359,7406189182926297532,84,28,0,16,0,49
16,gamma,1.0,360,6110370189998677908,192,38,2,2,16,74
16,gamma,1.0,361,8492177021690221249,113,35,0,16,9,59
16,gamma,1.0,362,5974010727967495534,125,31,1,16,7,51
16,gamma,1.0,363,124714572956183611,149,43,-1,16,9,81
16,gamma,1.0,364,8541886407211325044,161,31,0,16,-1,53
16,gamma,1.0,365,3513882780154499160,813,27,1,7,16,198
16,gamma,1.0,366,4465980306738798039,112,28,0,16,4,47
16,gamma,1.0,367,1467332844868363177,152,40,-1,16,14,67
16,gamma,1.0,368,6844285606002474023,219,41,0,9,16,96
16,gamma,1.0,369,5950535620660581725,91,41,2,16,11,50
16,gamma,1.0,370,6150734214228412845,186,44,-1,8,-16,100
16,gamma,1.0,371,8061830617669173736,198,48,-3,16,8,95
16,gamma,1.0,372,8683281887735032301,253,33,-1,16,3,113
16,gamma,1.0,373,2096341651311900710,334,50,1,-4,16,158
16,gamma,1.0,374,4284709379026274628,410,56,2,8,16,134
16,gamma,1.0,375,2831359634703375758,169,49,-3,16,11,73
16,gamma,1.0,376,8113733268244542900,210,40,0,16,10,76
16,gamma,1.0,377,5055653416681243310,159,35,-1,7,16,74
16,gamma,1.0,378,4151860756098021117,184,32,0,2,-16,84
16,gamma,1.0,379,2419658426630636686,137,41,-1,16,7,64
16,gamma,1.0,380,8636499405883034856,104,34,0,-10,16,55
16,gamma,1.0,381,6782888167250554865,104,38,1,16,8,57
16,gamma,1.0,382,5433531188534800904,181,63,-2,16,3,98
16,gamma,1.0,383,4925736300357985282,162,38,-1,-12,16,68
16,gamma,1.0,384,2633195177453184765,61,27,-1,3,16,36
16,gamma,1.0,385,4575565268108510553,174,36,1,4,16,81
16,gamma,1.0,386,5984862487175467782,334,56,-2,16,12,133
16,gamma,1.0,387,1580757837855281893,348,56,-1,6,16,158
16,gamma,1.0,388,4477491666753567609,80,34,0,16,-4,51
16,gamma,1.0,389,2867599443786069689,108,26,-2,0,16,47
16,gamma,1.0,390,3741147231848680851,167,49,-1,16,-3,88
16,gamma,1.0,391,1919044006925955999,250,32,1,16,-8,79
16,gamma,1.0,392,6692109248619256904,88,32,0,16,6,55
16,gamma,1.0,393,6444982922590047403,133,29,0,1,16,66
16,gamma,1.0,394,2846683545948499670,51,27,1,1,16,35
16,gamma,1.0,395,7153830725565185567,81,27,1,-5,16,38
16,gamma,1.0,396,8381257307648947118,212,30,0,0,16,70
16,gamma,1.0,397,2562792012024476660,225,47,2,16,11,106
16,gamma,1.0,398,156441890309568599,479,53,2,15,16,159
16,gamma,1.0,399,3329249234518789375,266,44,0,16,10,119
16,gamma,1.0,400,4592870011419217400,100,34,0,8,16,48
16,gamma,1.0,401,3065642824477111104,133,35,-1,-1,16,64
16,gamma,1.0,402,2300654995426990641,129,35,0,16,1,62
16,gamma,1.0,403,9173508641952587395,222,26,0,2,16,74
16,gamma,1.0,404,1117329868091843547,552,48,1,8,16,177
16,gamma,1.0,405,1828156069390240138,67,27,1,7,16,40
16,gamma,1.0,406,5522024682779246827,338,58,1,14,16,122
16,gamma,1.0,407,7311237873175869506,178,46,-1,16,10,84
16,gamma,1.0,408,3237815714471445867,136,34,0,16,14,68
16,gamma,1.0,409,8502767573175641016,107,35,0,16,5,50
16,gamma,1.0,410,2416309759063374777,226,40,1,16,-6,74
16,gamma,1.0,411,1204330159349329461,138,34,2,16,-2,58
16,gamma,1.0,412,5911711653641756121,122,36,0,6,16,62
16,gamma,1.0,413,6945853003572950789,168,30,-1,16,6,70
16,gamma,1.0,414,2117872134825642434,124,32,0,16,-10,66
16,gamma,1.0,415,6660094599925425745,124,32,1,16,10,67
16,gamma,1.0,416,3617942854789494002,66,34,0,8,16,49
16,gamma,1.0,417,3837394595284447923,141,43,0,5,16,69
16,gamma,1.0,418,5788346326621545326,89,37,0,16,3,54
16,gamma,1.0,419,6475146843686740745,77,41,-2,16,15,48
16,gamma,1.0,420,410490971481270822,87,35,2,11,16,50
16,gamma,1.0,421,967704772622517955,85,29,0,16,7,46
16,gamma,1.0,422,5832955645912630877,221,39,2,11,16,108
16,gamma,1.0,423,4857785998022853176,384,30,-1,16,10,140
16,gamma,1.0,424,4338261861168776103,107,37,2,16,-5,55
16,gamma,1.0,425,7620212452458227966,75,29,0,16,7,47
16,gamma,1.0,426,828742113994559369,222,26,0,6,16,68
16,gamma,1.0,427,4071562159202744849,187,63,-2,5,16,95
16,gamma,1.0,428,6118045718578967610,128,38,1,6,-16,71
16,gamma,1.0,429,6639829180893251663,49,27,0,16,-1,36
16,gamma,1.0,430,2347744918373184887,182,54,3,16,14,92
16,gamma,1.0,431,4710980965853185193,179,41,-2,11,-16,84
16,gamma,1.0,432,998609620220743015,522,56,2,12,16,162
16,gamma,1.0,433,8865462581364744502,214,64,0,10,16,111
16,gamma,1.0,434,8499535811988836447,153,51,3,9,16,81
16,gamma,1.0,435,5655548487173951927,117,33,0,9,16,64
16,gamma,1.0,436,5195727683922803830,144,38,-2,16,10,72
16,gamma,1.0,437,7976045579352733977,282,38,-1,8,16,108
16,gamma,1.0,438,853343530236894004,97,35,1,9,16,53
16,gamma,1.0,439,5250605653867247053,83,23,0,16,-1,42
16,gamma,1.0,440,2245295807574583104,48,26,1,0,16,32
16,gamma,1.0,441,3715988173059555401,188,50,1,16,8,101
16,gamma,1.0,442,2995721004324953960,113,39,0,11,16,55
16,gamma,1.0,443,4130307207984377376,165,71,4,-16,9,104
16,gamma,1.0,444,4312875265684174118,156,54,-2,10,16,91
16,gamma,1.0,445,5694452482746396618,41,31,1,16,9,33
16,gamma,1.0,446,360759169542787230,73,27,1,16,-1,40
16,gamma,1.0,447,6461859556789832187,228,42,-1,16,14,119
16,gamma,1.0,448,7611443891667417117,159,35,1,16,1,58
16,gamma,1.0,449,7430730277511585736,247,53,-3,-1,16,120
16,gamma,1.0,450,4398518712859099331,111,29,0,5,16,54
16,gamma,1.0,451,7098199795004179325,173,23,-1,3,16,56
16,gamma,1.0,452,5575134054729747450,103,35,0,9,16,55
16,gamma,1.0,453,2220216648109415643,82,28,0,16,6,46
16,gamma,1.0,454,5739438934292783587,160,44,1,8,16,82
16,gamma,1.0,455,795470209624934409,186,42,-2,16,10,73
16,gamma,1.0,456,7325043788452728793,83,35,1,-1,16,50
16,gamma,1.0,457,7194690252525537767,276,38,1,4,16,93
16,gamma,1.0,458,4298679389733853157,115,29,0,16,1,58
16,gamma,1.0,459,3542959295232956303,50,28,1,10,16,37
16,gamma,1.0,460,1993803732767398514,137,45,1,13,16,65
16,gamma,1.0,461,2543520423985215913,228,34,-2,16,2,85
16,gamma,1.0,462,161049405339782171,330,36,-2,4,16,107
16,gamma,1.0,463,3326987997901511172,96,52,3,4,16,62
16,gamma,1.0,464,54498215816522478,358,36,2,16,10,107
16,gamma,1.0,465,6004949263459221010,192,28,-1,16,-2,74
16,gamma,1.0,466,1473830043487910780,212,36,0,16,10,106
16,gamma,1.0,467,2213250468622746957,360,46,1,16,12,149
16,gamma,1.0,468,1962803901399288159,215,35,0,-16,15,91
16,gamma,1.0,469,3647831483357764825,252,28,-1,-6,16,98
16,gamma,1.0,470,8853306429671719205,117,37,-1,1,16,59
16,gamma,1.0,471,1776444775106163087,211,21,-1,16,3,93
16,gamma,1.0,472,8444919287993077666,147,37,4,16,1,78
16,gamma,1.0,473,3829086938977055463,139,51,-3,3,16,74
16,gamma,1.0,474,6636376553583365687,110,34,-1,16,-6,56
16,gamma,1.0,475,2521414170938980451,144,44,1,16,10,78
16,gamma,1.0,476,3003538756309482435,531,85,2,13,16,180
16,gamma,1.0,477,5560307313721626681,365,41,0,-7,16,142
16,gamma,1.0,478,4524496789317615193,172,30,0,0,16,66
16,gamma,1.0,479,320015362471199195,531,39,-1,5,-16,149
16,gamma,1.0,480,6283435976236958374,263,31,-1,16,-7,110
16,gamma,1.0,481,2625791226923608730,199,45,-2,15,-16,77
16,gamma,1.0,482,2486953075226864496,254,26,1,16,0,88
16,gamma,1.0,483,83468972263571449,296,38,0,12,16,131
16,gamma,1.0,484,1794621896595298223,528,54,1,8,16,165
16,gamma,1.0,485,1036204619958872964,259,43,3,16,-7,100
16,gamma,1.0,486,5867175933618576904,77,23,0,-3,16,40
16,gamma,1.0,487,5556487994540505537,217,39,0,16,-11,91
16,gamma,1.0,488,4413920488626979021,184,40,-1,2,16,80
16,gamma,1.0,489,7019869701634418140,184,48,-1,14,16,83
16,gamma,1.0,490,3522754682972541353,90,44,1,10,16,57
16,gamma,1.0,491,842611132460745844,189,41,-2,7,16,88
16,gamma,1.0,492,8136156762229363268,129,31,-1,1,-16,71
16,gamma,1.0,493,7173025118889154077,72,28,1,6,16,44
16,gamma,1.0,494,688039933953960714,107,39,0,16,-1,55
16,gamma,1.0,495,588003038809999376,93,29,-1,-5,16,53
16,gamma,1.0,496,8961285519304688915,92,28,1,16,0,52
16,gamma,1.0,497,2875788363383964370,85,43,0,11,16,57
16,gamma,1.0,498,9210307606854604844,170,42,3,6,16,82
16,gamma,1.0,499,1594690346832772259,236,34,-1,16,14,94
16,gamma,1.0,500,3187454611459288967,42,28,1,6,16,33
16,gamma,1.0,501,5524330913815440180,434,28,1,6,16,148
16,gamma,1.0,502,5609996566643065165,88,36,0,0,16,53
16,gamma,1.0,503,5371325188857719173,228,28,0,-2,16,75
16,gamma,1.0,504,5362450502333678289,94,26,0,6,16,53
16,gamma,1.0,505,6647414379691868362,149,39,1,16,-1,67
16,gamma,1.0,506,6224936644361395568,89,35,2,3,16,54
16,gamma,1.0,507,4320440652652763419,158,46,2,16,-2,69
16,gamma,1.0,508,987590821172103234,132,30,0,-2,16,58
16,gamma,1.0,509,9215083064436799268,208,34,0,6,16,87
16,gamma,1.0,510,1045756988259785096,120,36,1,16,6,57
16,gamma,1.0,511,6271313857613514899,243,51,0,9,16,113
16,gamma,1.0,512,6971662154426425671,224,30,1,16,-4,61
16,gamma,1.0,513,5117344184721518410,391,31,1,-7,16,130
16,gamma,1.0,514,518132919110722902,117,29,0,16,5,62
16,gamma,1.0,515,7329575350913132741,356,50,-3,16,-2,114
16,gamma,1.0,516,8218598011579026976,165,47,-2,16,7,74
16,gamma,1.0,517,4745915047463310136,177,37,1,16,-11,70
16,gamma,1.0,518,2559633322964637127,251,51,3,16,3,97
16,gamma,1.0,519,6952332699034917402,247,29,1,-1,16,89
16,gamma,1.0,520,724991560712291964,145,27,1,16,-5,54
16,gamma,1.0,521,6000482068383136486,108,38,0,2,16,56
16,gamma,1.0,522,5990770371622558241,217,37,1,16,-11,77
16,gamma,1.0,523,5642848354571013115,105,39,-2,16,7,58
16,gamma,1.0,524,7264855790724501696,71,25,0,-1,16,41
16,gamma,1.0,525,5408292325311018893,181,53,1,-16,13,88
16,gamma,1.0,526,6265955073328203951,54,32,0,16,0,39
16,gamma,1.0,527,7105481929694160331,121,41,-4,16,-1,65
16,gamma,1.0,528,4999383877440391596,233,47,-3,16,-3,101
16,gamma,1.0,529,6405746101720341960,217,31,1,-16,3,94
16,gamma,1.0,530,1654348399678811782,205,35,1,16,5,94
16,gamma,1.0,531,5223959542192824762,110,36,0,16,-4,59
16,gamma,1.0,532,5055396629548591850,145,35,-2,16,13,66
16,gamma,1.0,533,6924418282950256117,160,44,-3,2,16,80
16,gamma,1.0,534,3263161450767081101,179,43,-2,16,-1,81
16,gamma,1.0,535,2113396333105783332,91,33,1,16,7,55
16,gamma,1.0,536,4076839574169074096,54,28,0,16,-4,36
16,gamma,1.0,537,9209328928015380018,187,35,-1,16,9,70
16,gamma,1.0,538,8687474408216308203,121,25,0,-5,16,62
16,gamma,1.0,539,1233470221714918509,593,53,-2,16,5,207
16,gamma,1.0,540,7339210082558992726,146,38,2,8,16,64
16,gamma,1.0,541,3915483049687592790,108,42,-1,16,0,58
16,gamma,1.0,542,2577959334977204777,149,33,0,16,13,62
16,gamma,1.0,543,8250770209035795997,287,29,0,16,1,79
16,gamma,1.0,544,4606094484459642912,140,40,1,-4,16,67
16,gamma,1.0,545,6302211404167952079,288,36,-2,16,-4,114
16,gamma,1.0,546,2015840649951547240,318,60,-1,16,2,120
16,gamma,1.0,547,2818293555095870933,193,49,0,16,5,85
16,gamma,1.0,548,6151950640227477457,197,31,-1,16,1,76
16,gamma,1.0,549,4199646885957790369,116,36,1,16,6,49
16,gamma,1.0,550,9154837359626422978,97,25,-1,16,1,45
16,gamma,1.0,551,673412217049926444,70,24,-1,6,-16,38
16,gamma,1.0,552,8175754630299663318,91,39,1,11,16,59
16,gamma,1.0,553,73503915305979505,113,39,4,5,16,62
16,gamma,1.0,554,6062149246076930189,262,38,-1,16,-2,100
16,gamma,1.0,555,3369840638475689177,441,39,2,-1,16,102
16,gamma,1.0,556,964798606097338547,785,53,0,7,16,258
16,gamma,1.0,557,5748221680364110014,189,35,2,-1,16,82
16,gamma,1.0,558,110714276426984540,76,36,-1,16,-6,50
16,gamma,1.0,559,6567523050022822253,112,38,1,16,2,60
16,gamma,1.0,560,714425280609990816,384,88,2,12,16,168
16,gamma,1.0,561,8302745727119186465,177,35,2,16,5,62
16,gamma,1.0,562,7371053963843649437,118,34,-1,16,8,59
16,gamma,1.0,563,6569841679102892570,233,29,1,16,1,82
16,gamma,1.0,564,5318551357196903194,111,29,0,16,-5,48
16,gamma,1.0,565,2840995388544362548,114,40,-2,-4,16,63
16,gamma,1.0,566,8384330934638387812,270,40,1,16,10,108
16,gamma,1.0,567,6512890485000728176,206,30,0,-2,16,80
16,gamma,1.0,568,4825191935510882778,88,22,0,0,16,33
16,gamma,1.0,569,593941584383013534,336,36,-2,-4,-16,111
16,gamma,1.0,570,4672155772295135357,232,42,1,6,16,106
16,gamma,1.0,571,4147021567782447853,115,33,1,-1,16,59
16,gamma,1.0,572,2323988085465539013,288,46,-1,0,16,127
16,gamma,1.0,573,2551564958368249911,182,48,-2,8,16,89
16,gamma,1.0,574,7576661193302068833,85,41,1,1,16,58
16,gamma,1.0,575,6519357674683354298,242,26,1,16,-8,121
16,gamma,1.0,576,4500708238391766913,75,31,1,9,16,44
16,gamma,1.0,577,5909441319305572300,262,64,3,8,16,118
16,gamma,1.0,578,4875618342289071923,113,33,0,-1,16,64
16,gamma,1.0,579,2429538747931840692,93,43,2,16,-3,61
16,gamma,1.0,580,5954510424089365518,131,33,0,1,16,56
16,gamma,1.0,581,6323367976574906989,175,51,1,15,16,101
16,gamma,1.0,582,4001813919505071426,117,39,0,15,16,67
16,gamma,1.0,583,5568439343942904398,88,28,2,16,2,48
16,gamma,1.0,584,5997279826341641182,106,26,1,16,2,44
16,gamma,1.0,585,5025850632381256532,86,28,0,0,16,44
16,gamma,1.0,586,2315986735618394054,131,33,1,-5,16,59
16,gamma,1.0,587,1269430951080147445,88,36,0,16,8,49
16,gamma,1.0,588,830558763800468325,157,39,-2,16,11,78
16,gamma,1.0,589,7019941845075922720,71,37,0,9,16,52
16,gamma,1.0,590,5476882225242668706,135,33,0,1,16,66
16,gamma,1.0,591,671588909417374155,120,32,-1,8,16,58
16,gamma,1.0,592,1766831153071584564,204,40,0,16,14,102
16,gamma,1.0,593,7850572266087314817,268,32,-1,10,16,97
16,gamma,1.0,594,4970722149053183493,419,67,2,16,13,192
16,gamma,1.0,595,938629734343181737,600,28,1,8,16,136
16,gamma,1.0,596,5673935941696849464,845,55,-2,16,13,218
16,gamma,1.0,597,8336749171775628283,92,36,1,16,12,53
16,gamma,1.0,598,1165048970780596718,193,41,-1,-7,16,89
16,gamma,1.0,599,6017776162610021753,69,31,0,-3,16,44
16,gamma,1.0,600,4358549374993574808,185,31,0,3,16,58
16,gamma,1.0,601,1424046004836828617,95,27,0,16,1,43
16,gamma,1.0,602,5595305319475992738,210,32,3,16,2,91
16,gamma,1.0,603,1948826886781777988,375,33,1,11,16,98
16,gamma,1.0,604,2905755600138258457,89,27,0,5,16,45
16,gamma,1.0,605,7811235313335998004,108,36,1,16,0,57
16,gamma,1.0,606,5258779501544924809,340,28,0,16,0,108
16,gamma,1.0,607,6896318775632955439,87,47,0,3,16,53
16,gamma,1.0,608,4817442935348298924,220,20,0,4,16,79
16,gamma,1.0,609,121039357906003375,188,48,0,16,12,89
16,gamma,1.0,610,7127945963865078746,99,35,-1,1,16,63
16,gamma,1.0,611,8371486690472087546,356,32,0,16,14,102
16,gamma,1.0,612,5956503759085500341,293,35,-2,7,16,93
16,gamma,1.0,613,5659451644386004875,100,34,1,16,-6,57
16,gamma,1.0,614,2171083270063480142,158,28,1,16,-2,64
16,gamma,1.0,615,4370628855213282516,201,51,0,16,-5,90
16,gamma,1.0,616,6386063213873889394,421,79,-1,13,16,178
16,gamma,1.0,617,69685692985955827,159,37,-2,16,1,82
16,gamma,1.0,618,5942006097148028203,121,23,0,16,1,57
16,gamma,1.0,619,8141476705615736070,244,36,-1,16,2,113
16,gamma,1.0,620,8185747468983224532,146,40,1,16,-6,66
16,gamma,1.0,621,4236425582845665264,260,48,-2,16,-6,107
16,gamma,1.0,622,8981658823813739445,251,51,2,16,5,117
16,gamma,1.0,623,1584188637085966465,89,35,1,16,-1,51
16,gamma,1.0,624,1078323943599428740,62,38,-2,16,4,43
16,gamma,1.0,625,5896839024902854354,268,42,1,6,16,108
16,gamma,1.0,626,4353136178633557473,75,47,1,16,-9,60
16,gamma,1.0,627,6318212921607771059,388,58,1,0,16,115
16,gamma,1.0,628,6321187161714268802,107,33,0,16,-1,56
16,gamma,1.0,629,5771111252033384995,60,28,0,4,16,36
16,gamma,1.0,630,3431742444228586513,278,40,-2,-4,16,90
16,gamma,1.0,631,7503851469497688674,96,44,3,16,8,57
16,gamma,1.0,632,6767697090819047004,284,42,1,8,16,125
16,gamma,1.0,633,4473929056742219640,274,64,0,16,6,110
16,gamma,1.0,634,8033420398058137042,172,36,-1,16,8,89
16,gamma,1.0,635,1118413959075173333,130,40,1,12,16,66
16,gamma,1.0,636,2399247173755630968,184,44,-2,16,-4,80
16,gamma,1.0,637,3038268519301119435,103,35,0,16,-1,48
16,gamma,1.0,638,2814743653613832419,70,42,1,16,6,52
16,gamma,1.0,639,824630435140770265,120,42,-3,16,8,65
16,gamma,1.0,640,3837386571267589651,239,31,0,16,3,91
16,gamma,1.0,641,5524016141124007767,129,27,0,16,-7,54
16,gamma,1.0,642,9039025307734742052,74,30,-1,16,8,44
16,gamma,1.0,643,3549218396001285823,153,27,-1,1,16,77
16,gamma,1.0,644,7617914337621348921,278,80,3,12,16,132
16,gamma,1.0,645,2712079283641390319,72,32,0,16,-2,47
16,gamma,1.0,646,996239304664378574,225,39,1,-3,16,101
16,gamma,1.0,647,7611973379395352121,383,41,-2,16,13,118
16,gamma,1.0,648,2291512936864190363,136,32,-1,12,16,75
16,gamma,1.0,649,2095512066047296093,174,48,3,8,16,78
16,gamma,1.0,650,5312439584851250674,89,27,-1,5,16,40
16,gamma,1.0,651,1151748822532106314,63,37,0,5,16,44
16,gamma,1.0,652,3218094623797705109,202,34,1,16,-12,78
16,gamma,1.0,653,9087510144967441817,147,47,1,-9,16,71
16,gamma,1.0,654,1640061575130045470,61,25,1,16,-5,39
16,gamma,1.0,655,4825579923011088804,57,33,1,16,-5,40
16,gamma,1.0,656,4203817585691456985,477,67,-2,16,-1,192
16,gamma,1.0,657,673840934915121788,246,26,1,16,2,77
16,gamma,1.0,658,4662007628242528,93,29,0,3,16,48
16,gamma,1.0,659,431514141144560686,58,26,0,-2,16,36
16,gamma,1.0,660,4542058971905570950,218,48,-3,-10,16,87
16,gamma,1.0,661,844585656766173025,108,42,0,16,2,72
16,gamma,1.0,662,1046161570339184672,200,68,-2,16,2,112
16,gamma,1.0,663,1773206348654403157,115,47,-1,16,-11,64
16,gamma,1.0,664,4223537694350711881,320,38,-3,6,-16,125
16,gamma,1.0,665,1095562206057800615,513,49,1,-1,16,124
16,gamma,1.0,666,8269197556310761518,356,76,2,-16,8,145
16,gamma,1.0,667,7875603610233524811,139,29,0,16,7,74
16,gamma,1.0,668,1338121022311790211,368,66,1,4,16,121
16,gamma,1.0,669,4031335375533997506,174,44,-2,16,14,93
16,gamma,1.0,670,2351254896701025042,517,25,-1,1,-16,136
16,gamma,1.0,671,6752087706737851499,99,33,1,5,16,48
16,gamma,1.0,672,6890985684645127383,110,26,-1,-2,16,47
16,gamma,1.0,673,6697128319689692608,227,67,-2,16,7,106
16,gamma,1.0,674,8144186194312412330,325,37,0,16,-1,107
16,gamma,1.0,675,3253119021854736941,173,37,-1,1,16,61
16,gamma,1.0,676,4575496715677319822,630,28,0,16,0,228
16,gamma,1.0,677,4094299031164394673,204,24,0,16,8,75
16,gamma,1.0,678,1000858901349610806,226,48,0,14,16,98
16,gamma,1.0,679,6602700581142054362,136,40,2,16,6,73
16,gamma,1.0,680,8380352933868442506,164,52,2,16,14,71
16,gamma,1.0,681,3086741092467734173,545,35,0,11,16,168
16,gamma,1.0,682,6480112663392416715,222,38,-1,16,12,86
16,gamma,1.0,683,4758096617054913790,98,46,-1,-2,16,64
16,gamma,1.0,684,8515803357988853686,144,36,-1,-16,-2,61
16,gamma,1.0,685,3168261352926285483,172,24,-1,16,6,88
16,gamma,1.0,686,4839689365336722918,141,37,1,16,3,62
16,gamma,1.0,687,156169949348099805,168,44,-2,16,10,90
16,gamma,1.0,688,3219216944333676990,140,44,0,-6,16,72
16,gamma,1.0,689,7140090310839235546,158,32,-1,4,16,60
16,gamma,1.0,690,8136714212773239044,131,39,0,16,13,63
16,gamma,1.0,691,4932869047553140208,190,46,1,-6,-16,94
16,gamma,1.0,692,2151392843991774398,70,28,-1,16,2,38
16,gamma,1.0,693,3553636505938059997,68,32,1,2,16,38
16,gamma,1.0,694,1432201971133174610,178,56,2,2,16,94
16,gamma,1.0,695,4349772801176183478,288,34,0,0,16,120
16,gamma,1.0,696,4174399784702542047,122,38,-1,16,8,68
16,gamma,1.0,697,5089536473254785379,75,31,1,16,5,45
16,gamma,1.0,698,5493928484315368983,235,43,2,5,16,109
16,gamma,1.0,699,825685249270456791,178,52,-1,16,-10,84
32,gamma,1.0,0,8309404721819798024,453,81,-1,32,5,182
32,gamma,1.0,1,2712858787599342201,458,78,2,32,8,200
32,gamma,1.0,2,6445070568814018181,392,70,0,6,32,149
32,gamma,1.0,3,6590813150035239065,403,63,2,-5,32,152
32,gamma,1.0,4,7379611392105603334,618,134,-1,20,32,298
32,gamma,1.0,5,1829365099806994458,486,96,-1,32,8,223
32,gamma,1.0,6,2239557258863639343,539,59,1,32,15,192
32,gamma,1.0,7,7800068347717747585,251,75,1,-9,32,125
32,gamma,1.0,8,4820344695007450911,567,109,1,-17,32,238
32,gamma,1.0,9,4932747212059276867,670,96,1,24,32,256
32,gamma,1.0,10,7696516830302637027,194,60,1,4,32,108
32,gamma,1.0,11,1423645443700595705,250,74,2,8,32,131
32,gamma,1.0,12,6023693021116717033,399,73,0,32,7,196
32,gamma,1.0,13,5094912814107910918,221,81,1,23,32,123
32,gamma,1.0,14,1795261521244073943,400,68,-1,32,20,194
32,gamma,1.0,15,7414274902590169258,329,77,0,-5,32,135
32,gamma,1.0,16,3755744990349775783,237,71,-2,32,7,110
32,gamma,1.0,17,8849927069040594921,501,103,1,27,32,226
32,gamma,1.0,18,3421591341678799504,399,69,1,32,11,164
32,gamma,1.0,19,4294245279981086220,473,105,0,29,32,203
32,gamma,1.0,20,6689158406903243749,381,73,0,7,32,170
32,gamma,1.0,21,2126713554508403422,1005,103,-1,32,15,287
32,gamma,1.0,22,5381874266685890061,214,58,0,32,16,107
32,gamma,1.0,23,5441557766419649331,299,65,-1,32,11,129
32,gamma,1.0,24,6949165483697887506,225,59,-1,9,32,109
32,gamma,1.0,25,1959646197112888100,944,142,2,12,32,383
32,gamma,1.0,26,8365087902465183952,664,112,-1,32,22,236
32,gamma,1.0,27,53654975734350125,512,84,1,30,32,205
32,gamma,1.0,28,3653510460396325461,245,51,0,32,3,111
32,gamma,1.0,29,7572305402988435735,567,119,-1,25,32,264
32,gamma,1.0,30,2928353683511796014,594,126,-1,32,16,228
32,gamma,1.0,31,685063853767568783,592,92,-1,2,32,248
32,gamma,1.0,32,4622429777602534796,353,77,0,-7,32,146
32,gamma,1.0,33,567706615190275345,467,71,-1,-3,32,177
32,gamma,1.0,34,6904134800790202571,351,79,0,32,-3,153
32,gamma,1.0,35,7968484887897379394,1172,104,0,32,30,368
32,gamma,1.0,36,5087330243937230118,435,63,1,9,32,152
32,gamma,1.0,37,5770293902201747172,427,85,0,32,17,183
32,gamma,1.0,38,5572897884970928049,705,71,1,21,32,228
32,gamma,1.0,39,3420279424035720275,1075,99,3,21,32,348
32,gamma,1.0,40,4635890991766554584,311,87,0,32,17,148
32,gamma,1.0,41,7250170977763050610,340,102,2,24,32,178
32,gamma,1.0,42,7684418435572083775,352,84,1,20,32,154
32,gamma,1.0,43,4031882479480056004,229,69,1,11,32,116
32,gamma,1.0,44,7049559385716240831,192,64,0,6,32,105
32,gamma,1.0,45,4217969613738486863,270,84,-1,16,32,127
32,gamma,1.0,46,486073372098922302,464,114,0,32,12,217
32,gamma,1.0,47,4294627623693964854,506,88,-1,32,12,214
32,gamma,1.0,48,6427733101555981914,579,83,0,32,13,205
32,gamma,1.0,49,5847569593566002388,386,64,-1,32,8,166
32,gamma,1.0,50,8985981131304377488,355,85,3,19,32,151
32,gamma,1.0,51,5562857113125369708,627,79,-1,32,-7,225
32,gamma,1.0,52,2299811646614835546,668,96,2,22,32,255
32,gamma,1.0,53,640100017910360225,836,94,-3,32,14,284
32,gamma,1.0,54,7613431055010958655,303,67,1,11,32,148
32,gamma,1.0,55,4095003639386430879,421,67,0,9,32,163
32,gamma,1.0,56,2408311164726021872,506,72,-1,12,32,180
32,gamma,1.0,57,1050001768125654213,461,83,0,32,15,189
32,gamma,1.0,58,1667216966225979695,330,106,2,20,32,149
32,gamma,1.0,59,7647956418674196304,288,90,1,32,6,150
32,gamma,1.0,60,7014190959883652566,476,120,-1,18,32,206
32,gamma,1.0,61,2367106599953700236,435,115,-1,32,21,171
32,gamma,1.0,62,7652279623342963090,259,85,0,19,32,126
32,gamma,1.0,63,8627957488282555871,1085,103,1,7,32,328
32,gamma,1.0,64,5592468206787846995,284,78,0,2,32,143
32,gamma,1.0,65,286742432675996680,408,92,-3,10,32,189
32,gamma,1.0,66,5704580664288113677,788,84,-2,32,20,260
32,gamma,1.0,67,5876638102808940234,1010,116,0,26,32,356
32,gamma,1.0,68,2457776790288004770,323,81,0,25,32,147
32,gamma,1.0,69,8275251085224666105,472,100,0,32,26,224
32,gamma,1.0,70,1772108882150137883,555,93,0,-3,32,249
32,gamma,1.0,71,6483160161428752887,375,79,2,32,-1,162
32,gamma,1.0,72,7803001638972232748,346,70,0,32,-12,136
32,gamma,1.0,73,4629823058099281314,475,115,2,32,23,219
32,gamma,1.0,74,3986331568120496583,552,110,-3,18,32,217
32,gamma,1.0,75,8495848794962890727,543,75,-1,17,32,205
32,gamma,1.0,76,2235696359484178361,353,73,1,23,32,137
32,gamma,1.0,77,5211326010521501994,376,84,1,12,32,160
32,gamma,1.0,78,50184830137769089,289,67,0,32,5,133
32,gamma,1.0,79,7316654585464876987,109,49,0,-3,32,68
32,gamma,1.0,80,8791892820467357106,1088,70,-1,-8,32,304
32,gamma,1.0,81,8902087720153775373,177,61,-1,32,-5,87
32,gamma,1.0,82,1320183906173301980,325,73,0,19,32,153
32,gamma,1.0,83,2375577189696024608,568,74,0,32,-2,219
32,gamma,1.0,84,5767458419988787093,394,72,-1,32,14,167
32,gamma,1.0,85,1339777877497431239,520,68,-2,-4,32,176
32,gamma,1.0,86,3679649540242754363,313,89,-1,32,5,152
32,gamma,1.0,87,4466200735832646735,288,84,0,16,32,127
32,gamma,1.0,88,7331278304360131911,400,90,-1,32,14,174
32,gamma,1.0,89,2217777443228373210,306,82,1,10,32,150
32,gamma,1.0,90,2554620390810697184,404,84,1,32,16,195
32,gamma,1.0,91,7537884811401540186,405,65,0,5,32,155
32,gamma,1.0,92,470079416041659996,357,103,1,17,32,187
32,gamma,1.0,93,6011142719157827517,300,88,1,26,32,144
32,gamma,1.0,94,4143708483404684697,307,81,0,32,9,140
32,gamma,1.0,95,939227701165791396,994,104,-3,32,2,342
32,gamma,1.0,96,3642809314645854152,554,96,-2,32,18,222
32,gamma,1.0,97,5657162246898874785,406,66,0,32,8,154
32,gamma,1.0,98,6933686695413288915,408,104,0,32,30,193
32,gamma,1.0,99,4818772394933965121,415,117,2,32,19,207
32,gamma,1.0,100,193022073524391501,340,84,1,32,10,160
32,gamma,1.0,101,400462792500289776,473,63,0,11,32,183
32,gamma,1.0,102,5357934600686633713,313,105,-2,32,7,156
32,gamma,1.0,103,2222404867970393427,274,82,-2,32,12,127
32,gamma,1.0,104,1822761818665882037,476,86,1,12,32,218
32,gamma,1.0,105,7344749977927908561,375,81,-1,32,7,163
32,gamma,1.0,106,5529381274808818168,337,95,1,23,32,160
32,gamma,1.0,107,5016463225628511,260,64,0,32,14,131
32,gamma,1.0,108,3802105917004436599,640,96,4,32,-2,247
32,gamma,1.0,109,1787559887686506079,348,76,-1,32,24,168
32,gamma,1.0,110,7464064592939908342,425,69,0,32,13,159
32,gamma,1.0,111,7753405105303010823,317,55,1,32,-7,131
32,gamma,1.0,112,1505987952959221564,543,109,1,32,29,205
32,gamma,1.0,113,7980747581914988783,379,75,1,17,32,158
32,gamma,1.0,114,5449490433582624217,627,121,-2,32,13,281
32,gamma,1.0,115,625459771515425718,704,112,1,32,24,253
32,gamma,1.0,116,9016721064546810384,200,82,-1,4,32,122
32,gamma,1.0,117,6000029701260312121,380,80,1,10,32,171
32,gamma,1.0,118,4894646805575363639,233,93,0,32,25,128
32,gamma,1.0,119,8370003259930171765,361,87,-1,5,32,153
32,gamma,1.0,120,8588006965686069873,342,114,3,8,32,174
32,gamma,1.0,121,6858300603231316315,429,123,-3,32,19,203
32,gamma,1.0,122,8369260120454275544,585,115,-2,32,-17,221
32,gamma,1.0,123,8686760609015703727,554,94,1,32,24,180
32,gamma,1.0,124,7205223680795260783,953,81,0,17,32,260
32,gamma,1.0,125,5840887972654368925,507,75,1,32,5,189
32,gamma,1.0,126,3206519693541388086,676,98,0,26,32,245
32,gamma,1.0,127,8521830232724004239,258,80,-2,32,10,120
32,gamma,1.0,128,7436263008447808830,593,79,0,25,32,201
32,gamma,1.0,129,8096964590070956391,551,69,2,5,32,232
32,gamma,1.0,130,8430017245859690750,510,124,-3,32,2,224
32,gamma,1.0,131,5748173490743763480,512,82,-1,32,26,195
32,gamma,1.0,132,216630590926446234,493,131,1,23,32,244
32,gamma,1.0,133,4421844624611427544,639,85,1,25,32,255
32,gamma,1.0,134,2742265489457624321,261,69,0,32,11,120
32,gamma,1.0,135,8502839217412545639,489,95,-2,3,32,190
32,gamma,1.0,136,7904237754560652619,509,93,-1,32,13,204
32,gamma,1.0,137,6927741661923308067,621,77,-1,32,-1,216
32,gamma,1.0,138,8396565660760192850,366,74,0,32,18,141
32,gamma,1.0,139,381554722929524241,715,139,-4,27,32,287
32,gamma,1.0,140,3801953547946034848,671,95,0,-29,32,238
32,gamma,1.0,141,2494369991630049411,447,77,2,13,32,164
32,gamma,1.0,142,8809099848650160909,345,103,0,32,27,182
32,gamma,1.0,143,7948702080078040562,322,56,-1,32,10,122
32,gamma,1.0,144,4149498746531509434,523,91,0,21,32,187
32,gamma,1.0,145,3148102557755680148,380,78,0,32,28,160
32,gamma,1.0,146,488844063023207916,688,80,-2,32,12,260
32,gamma,1.0,147,7961731692899482014,396,78,1,32,18,167
32,gamma,1.0,148,9056320919930366942,464,72,0,32,24,200
32,gamma,1.0,149,3529522830550502037,442,120,2,32,8,215
32,gamma,1.0,150,4632938371670374929,380,70,2,8,32,156
32,gamma,1.0,151,708330805711945948,435,61,1,3,32,162
32,gamma,1.0,152,7240247746803250633,597,95,-1,17,32,214
32,gamma,1.0,153,4493554087614425525,480,78,-3,8,32,194
32,gamma,1.0,154,4711111067960499420,339,91,-1,32,19,171
32,gamma,1.0,155,8463934883485926155,929,111,-1,-13,32,334
32,gamma,1.0,156,5453957607811500652,355,93,2,17,32,171
32,gamma,1.0,157,8096457278762414918,536,92,1,26,32,212
32,gamma,1.0,158,311418107835898238,370,70,-1,32,18,151
32,gamma,1.0,159,4659782139315096156,699,71,0,11,32,200
32,gamma,1.0,160,4439507250165556406,778,108,-2,32,14,301
32,gamma,1.0,161,6340936599053836675,333,81,1,19,32,159
32,gamma,1.0,162,8667197798902119233,160,66,0,10,32,96
32,gamma,1.0,163,4724132456026335735,291,95,3,25,32,137
32,gamma,1.0,164,6407563649996017568,536,70,-2,16,32,181
32,gamma,1.0,165,279340197462899214,381,63,-2,32,13,129
32,gamma,1.0,166,8696970223120793950,418,92,-1,32,16,164
32,gamma,1.0,167,1455002124023427224,218,80,1,32,20,119
32,gamma,1.0,168,772270586352953031,558,130,-3,22,32,239
32,gamma,1.0,169,73864553859812193,236,76,-2,32,6,112
32,gamma,1.0,170,6870201831483080050,699,87,1,7,32,244
32,gamma,1.0,171,2281170636963158734,470,100,1,22,32,208
32,gamma,1.0,172,7859912041499732692,378,78,0,32,26,174
32,gamma,1.0,173,3414246929751496370,312,78,2,32,-16,154
32,gamma,1.0,174,718543710975288657,626,86,-1,32,10,208
32,gamma,1.0,175,7252310120365853462,214,82,0,32,14,120
32,gamma,1.0,176,8155355571271986192,536,126,3,30,32,273
32,gamma,1.0,177,249297343256889999,1394,108,0,32,16,405
32,gamma,1.0,178,1376034996623775296,368,70,0,32,0,118
32,gamma,1.0,179,8787789030969567930,812,100,0,18,32,241
32,gamma,1.0,180,1453277121922888835,741,157,4,19,32,350
32,gamma,1.0,181,1722804674224279873,405,105,0,32,15,196
32,gamma,1.0,182,1250695467961995372,378,66,-1,-6,32,163
32,gamma,1.0,183,7775770300800892882,475,65,1,5,32,160
32,gamma,1.0,184,5869098767453721714,338,86,-3,32,2,150
32,gamma,1.0,185,3419426326090969059,409,83,-2,32,17,174
32,gamma,1.0,186,3687482778389166441,376,72,1,10,32,143
32,gamma,1.0,187,561163205049528552,343,57,2,32,5,140
32,gamma,1.0,188,4354820003662700971,596,90,1,26,32,208
32,gamma,1.0,189,5399070144148566280,329,79,-2,32,13,144
32,gamma,1.0,190,652820310923659807,508,56,2,8,32,187
32,gamma,1.0,191,1690879557662220384,913,105,1,32,7,294
32,gamma,1.0,192,3010607467586506578,282,50,-1,32,-6,114
32,gamma,1.0,193,1476787482042572117,659,91,-1,17,32,237
32,gamma,1.0,194,6250180231981284876,603,119,2,32,31,240
32,gamma,1.0,195,1994670141696996639,306,84,0,32,22,140
32,gamma,1.0,196,4628152644429354657,250,98,1,32,12,144
32,gamma,1.0,197,461030149481807434,258,74,0,26,32,145
32,gamma,1.0,198,7345080928642433567,282,66,0,32,2,111
32,gamma,1.0,199,1360791043135867650,565,131,0,25,32,236
32,gamma,1.0,200,5711465325012447823,226,66,0,20,32,109
32,gamma,1.0,201,1795411685884444832,373,87,-1,7,32,181
32,gamma,1.0,202,7893385838245212157,495,61,0,32,11,172
32,gamma,1.0,203,6753307325499386443,355,101,-1,1,32,170
32,gamma,1.0,204,769717009931384580,302,82,1,26,32,147
32,gamma,1.0,205,6691482159020698923,306,68,0,32,16,133
32,gamma,1.0,206,7960113120875421179,556,106,-1,32,20,225
32,gamma,1.0,207,5830046209664445472,1343,143,0,32,21,388
32,gamma,1.0,208,5921904021883115934,351,65,1,1,32,155
32,gamma,1.0,209,7552244540281246701,696,114,0,4,32,258
32,gamma,1.0,210,3555196032494166359,1598,106,-2,32,22,308
32,gamma,1.0,211,8440275076392091844,250,72,0,8,32,141
32,gamma,1.0,212,6848088405839088629,228,58,0,32,10,107
32,gamma,1.0,213,7944471693089966391,321,71,-1,-7,32,152
32,gamma,1.0,214,6403639180272608546,638,96,-2,32,10,282
32,gamma,1.0,215,603944037613125426,203,83,-1,25,32,118
32,gamma,1.0,216,5724091411903687380,301,63,1,7,32,124
32,gamma,1.0,217,5869631344356527345,670,92,0,18,32,227
32,gamma,1.0,218,2641328723003164112,436,134,1,28,32,216
32,gamma,1.0,219,8741526510483989124,636,100,-1,32,10,209
32,gamma,1.0,220,968144525857840881,356,84,-1,-12,32,166
32,gamma,1.0,221,3184425606651347927,394,90,0,16,32,186
32,gamma,1.0,222,1024338519173409257,552,104,0,24,32,218
32,gamma,1.0,223,3923185064167610356,284,88,-1,32,6,141
32,gamma,1.0,224,1163473162110749021,440,76,0,32,30,159
32,gamma,1.0,225,8491624557537356764,766,68,1,22,32,253
32,gamma,1.0,226,6769470004261686644,544,116,-3,26,32,203
32,gamma,1.0,227,8441571873021847019,449,91,-1,32,19,199
32,gamma,1.0,228,174386487624786121,341,117,1,3,32,181
32,gamma,1.0,229,7367303761973196291,301,59,2,32,13,136
32,gamma,1.0,230,4039538522504083798,675,115,1,32,13,275
32,gamma,1.0,231,446803886817147620,642,178,1,32,28,319
32,gamma,1.0,232,441635464169594812,436,60,0,32,14,180
32,gamma,1.0,233,7233279618017960275,235,69,2,17,32,113
32,gamma,1.0,234,2026500537718815788,274,86,-1,32,8,151
32,gamma,1.0,235,7098818337630671094,566,108,2,32,24,224
32,gamma,1.0,236,7448115136930059266,200,82,-1,32,20,109
32,gamma,1.0,237,5550711673193570683,578,82,0,32,4,209
32,gamma,1.0,238,6097675196611406761,269,97,0,32,17,147
32,gamma,1.0,239,4227298223229328095,326,96,0,28,32,155
32,gamma,1.0,240,245340034201422771,648,118,0,8,32,271
32,gamma,1.0,241,6918543266763926296,523,61,0,13,32,172
32,gamma,1.0,242,6295102799543839581,502,92,2,12,32,216
32,gamma,1.0,243,1799584861693713314,559,83,1,19,32,192
32,gamma,1.0,244,6876027530306684348,2034,142,4,26,32,627
32,gamma,1.0,245,3225440755094351696,310,78,0,32,22,130
32,gamma,1.0,246,649733272972216426,322,88,0,8,32,154
32,gamma,1.0,247,6973606067627269648,496,88,1,14,32,202
32,gamma,1.0,248,5729751650857968783,277,87,4,32,31,140
32,gamma,1.0,249,731655797161830195,774,78,-3,32,16,198
32,gamma,1.0,250,6113499023108167142,550,80,0,32,18,194
32,gamma,1.0,251,6463886099606348939,237,67,0,32,19,120
32,gamma,1.0,252,4991617395016436780,471,77,0,7,32,186
32,gamma,1.0,253,6463571092587236446,787,93,0,32,27,279
32,gamma,1.0,254,7377480301005372721,239,61,0,32,7,131
32,gamma,1.0,255,1300334570214943076,473,91,2,19,32,218
32,gamma,1.0,256,7242452096847052242,803,67,-1,21,32,299
32,gamma,1.0,257,462290444105718274,197,81,-1,32,11,119
32,gamma,1.0,258,8355951142437521253,239,71,0,32,15,113
32,gamma,1.0,259,6364563210951487857,660,128,2,32,26,257
32,gamma,1.0,260,2807308904296771228,75,47,-1,32,7,51
32,gamma,1.0,261,64284957227397608,665,145,2,19,32,299
32,gamma,1.0,262,1082965377344947924,872,86,1,24,32,223
32,gamma,1.0,263,2133045521173418038,249,61,0,7,32,121
32,gamma,1.0,264,1896407430213327067,298,70,0,18,32,135
32,gamma,1.0,265,5687019188090548730,536,116,0,8,32,215
32,gamma,1.0,266,915910340507413228,379,85,0,23,32,159
32,gamma,1.0,267,2513519523554781436,695,105,0,32,13,199
32,gamma,1.0,268,1508188037671859120,385,73,-1,32,11,173
32,gamma,1.0,269,556922682811457251,290,80,1,12,32,128
32,gamma,1.0,270,1867388809124330933,461,83,-1,32,13,196
32,gamma,1.0,271,2668954932418018202,200,74,0,32,14,118
32,gamma,1.0,272,2622933858534541533,232,84,-1,18,32,126
32,gamma,1.0,273,6974395111087380750,467,107,-1,32,19,195
32,gamma,1.0,274,3807428145158425214,755,101,-2,32,21,354
32,gamma,1.0,275,8495582898834104433,381,77,1,27,32,166
32,gamma,1.0,276,1318174577352909040,321,77,-1,32,-17,149
32,gamma,1.0,277,3052147568618431896,432,70,-1,32,18,156
32,gamma,1.0,278,3893569528428249126,498,86,-3,8,32,206
32,gamma,1.0,279,8520437553540523410,447,91,1,25,32,180
32,gamma,1.0,280,3020208864432811617,489,71,0,15,32,179
32,gamma,1.0,281,6572454536438528836,286,52,1,8,32,114
32,gamma,1.0,282,7748603984452171338,776,90,2,32,14,244
32,gamma,1.0,283,7099055148395829757,253,87,-1,32,3,138
32,gamma,1.0,284,4232857605140600985,607,131,0,19,32,269
32,gamma,1.0,285,7058045656916502485,349,57,0,5,32,135
32,gamma,1.0,286,874209363938146337,502,122,1,24,32,240
32,gamma,1.0,287,7287808351987988633,685,121,-3,32,25,267
32,gamma,1.0,288,1828458662655433097,617,101,-3,-13,32,226
32,gamma,1.0,289,5617350579373504470,754,88,1,32,30,264
32,gamma,1.0,290,2616515021258146697,793,131,-1,32,7,340
32,gamma,1.0,291,3981597979717650548,498,108,0,28,32,228
32,gamma,1.0,292,3145803483106641415,369,103,0,31,32,159
32,gamma,1.0,293,3350767999231731129,427,65,0,32,3,155
32,gamma,1.0,294,7764219376958425473,679,95,-1,32,1,260
32,gamma,1.0,295,6107927283598260226,643,55,0,15,32,177
32,gamma,1.0,296,2687502943866634620,315,101,-2,32,13,161
32,gamma,1.0,297,379176170652396830,658,64,0,-14,32,229
32,gamma,1.0,298,6842210385987330534,270,74,-1,32,2,140
32,gamma,1.0,299,7719689564404299152,245,57,-1,21,32,102
32,gamma,1.0,300,8754418846747038855,194,74,-1,32,6,109
32,gamma,1.0,301,1463657244630418400,185,57,0,32,13,94
32,gamma,1.0,302,6932091990004517797,692,146,-4,12,32,290
32,gamma,1.0,303,3845774005825706714,809,101,0,27,32,227
32,gamma,1.0,304,753958217702949335,308,62,-1,10,32,116
32,gamma,1.0,305,6906731336957535630,275,63,-1,32,9,135
32,gamma,1.0,306,3994235385168722822,427,69,0,32,15,170
32,gamma,1.0,307,3800842164363522023,300,78,-1,18,32,145
32,gamma,1.0,308,7540646049764021841,532,82,1,28,32,196
32,gamma,1.0,309,3170778183264707942,555,127,-1,32,27,228
32,gamma,1.0,310,3739104460059610870,390,82,0,32,16,166
32,gamma,1.0,311,2815063316728408319,409,85,0,32,25,165
32,gamma,1.0,312,1898832425221672671,610,100,0,32,20,249
32,gamma,1.0,313,3898367112504331471,1159,125,1,19,32,386
32,gamma,1.0,314,5240708157883579719,444,88,1,24,32,160
32,gamma,1.0,315,4744473606098749611,128,70,2,6,32,87
32,gamma,1.0,316,7851219337601567740,597,81,3,32,-7,168
32,gamma,1.0,317,2852373169293406939,769,77,-1,32,3,325
32,gamma,1.0,318,1307023504851856164,413,53,0,32,1,157
32,gamma,1.0,319,3029628365460992995,341,63,0,15,32,140
32,gamma,1.0,320,8995901944534781059,540,98,-2,32,22,201
32,gamma,1.0,321,4522829366239674484,334,82,-1,30,32,149
32,gamma,1.0,322,5677900462899234467,991,131,0,32,15,351
32,gamma,1.0,323,2481402272967109029,519,101,0,25,32,196
32,gamma,1.0,324,2635125164699498950,510,108,-1,10,32,242
32,gamma,1.0,325,2885491801305654556,299,95,-1,32,21,154
32,gamma,1.0,326,1809661022341310309,695,97,-1,32,31,237
32,gamma,1.0,327,6575746087955382101,553,95,1,32,21,234
32,gamma,1.0,328,2007606827625488453,218,74,2,32,-10,122
32,gamma,1.0,329,5927411467937301892,291,99,-1,21,32,143
32,gamma,1.0,330,3676771022112683013,1492,80,0,18,32,440
32,gamma,1.0,331,9013754770284722674,328,82,-1,-6,32,165
32,gamma,1.0,332,1257121445940364205,260,72,-1,12,32,135
32,gamma,1.0,333,4654841515565751537,826,82,-2,32,24,241
32,gamma,1.0,334,5759394650631341946,200,62,0,8,32,94
32,gamma,1.0,335,3609705936137389809,421,87,0,29,32,180
32,gamma,1.0,336,4495470591073886239,723,127,1,13,32,288
32,gamma,1.0,337,7558429160898653156,506,68,1,-2,32,167
32,gamma,1.0,338,8507054062783250106,639,129,0,15,32,234
32,gamma,1.0,339,9195092940663244325,325,69,0,5,32,124
32,gamma,1.0,340,4401512395531057263,466,88,2,32,10,207
32,gamma,1.0,341,542965674943967100,466,82,0,-2,32,201
32,gamma,1.0,342,2980024677367079582,627,97,2,17,32,246
32,gamma,1.0,343,4917118344056153539,224,80,1,24,32,116
32,gamma,1.0,344,2070470322312164365,687,119,-1,32,29,305
32,gamma,1.0,345,6665058015247925152,343,55,0,11,32,126
32,gamma,1.0,346,6146135384056775637,299,71,-1,32,15,139
32,gamma,1.0,347,1556107300052642458,613,95,2,32,21,223
32,gamma,1.0,348,6018519564716982374,577,119,-1,9,32,227
32,gamma,1.0,349,4132831505818430033,272,70,-1,32,16,118
32,gamma,1.0,350,4349303658232307898,340,88,0,32,10,192
32,gamma,1.0,351,656795063139174735,680,84,0,32,26,236
32,gamma,1.0,352,942365587869739782,476,84,-2,0,32,195
32,gamma,1.0,353,6787302436285360023,351,53,0,1,32,133
32,gamma,1.0,354,6852455719714419298,1483,93,0,32,9,400
32,gamma,1.0,355,8990858118060945826,539,75,-1,5,32,169
32,gamma,1.0,356,5850421768541054950,349,71,-1,32,17,135
32,gamma,1.0,357,6076323109605017699,901,119,2,32,19,299
32,gamma,1.0,358,1166247086700616695,697,99,1,32,25,270
32,gamma,1.0,359,3488183386955131890,886,114,-4,32,20,358
32,gamma,1.0,360,3432288587363605295,401,69,1,-9,32,163
32,gamma,1.0,361,5787487229998941849,473,57,0,32,3,176
32,gamma,1.0,362,5908473834602287444,316,104,1,18,32,172
32,gamma,1.0,363,5409977431741154184,481,99,1,13,32,222
32,gamma,1.0,364,6036995872594566397,412,110,-1,-16,32,206
32,gamma,1.0,365,4880837833938318281,784,122,2,28,32,260
32,gamma,1.0,366,5279741846426029795,567,75,2,32,-13,231
32,gamma,1.0,367,6752378638047169641,564,86,2,18,32,225
32,gamma,1.0,368,6799064989994229113,318,54,0,32,0,131
32,gamma,1.0,369,2585203842229142313,393,99,0,17,32,185
32,gamma,1.0,370,3942318177984869513,771,155,-1,21,32,295
32,gamma,1.0,371,5859069145082424244,533,93,-2,32,23,226
32,gamma,1.0,372,8276769178885005181,410,58,0,32,6,172
32,gamma,1.0,373,5444802641382322284,593,111,2,19,32,224
32,gamma,1.0,374,4632492456727974805,344,82,1,32,8,161
32,gamma,1.0,375,1353380624387751048,764,116,4,32,0,262
32,gamma,1.0,376,6973036289157356393,487,75,0,32,9,179
32,gamma,1.0,377,1823748864351513348,546,82,1,26,32,213
32,gamma,1.0,378,2817598415443180148,555,73,-1,32,25,208
32,gamma,1.0,379,3477245401967790940,276,108,-1,30,32,164
32,gamma,1.0,380,3775788821654338401,451,83,0,32,13,178
32,gamma,1.0,381,5828958304439378022,839,137,-2,19,32,342
32,gamma,1.0,382,2322984416633488426,452,92,2,32,-6,212
32,gamma,1.0,383,5744657635740874617,1068,152,3,32,-18,433
32,gamma,1.0,384,5634168390812843245,447,65,0,32,11,179
32,gamma,1.0,385,4110723748696744114,323,75,0,32,23,154
32,gamma,1.0,386,5781741071385445284,254,78,0,-2,32,133
32,gamma,1.0,387,8946937636360922862,617,79,0,5,32,243
32,gamma,1.0,388,8782557720530111563,460,60,0,32,0,145
32,gamma,1.0,389,3797793466880583428,186,66,0,32,-8,107
32,gamma,1.0,390,3029828888248137586,544,118,3,22,32,233
32,gamma,1.0,391,5893426149749228640,243,69,0,32,9,113
32,gamma,1.0,392,3593557563307534876,260,56,0,32,2,128
32,gamma,1.0,393,6398332649600874684,484,88,0,32,18,188
32,gamma,1.0,394,4403449614368972680,617,85,0,32,25,200
32,gamma,1.0,395,8197674200799799234,736,128,0,32,12,297
32,gamma,1.0,396,4341783167872311483,472,74,-1,32,-6,179
32,gamma,1.0,397,5635932839134768567,476,118,2,20,32,230
32,gamma,1.0,398,2713021501278593998,518,142,2,24,32,229
32,gamma,1.0,399,1286129343852247950,805,107,2,25,32,332
32,gamma,1.0,400,6206566853962357296,600,74,0,22,32,195
32,gamma,1.0,401,1849286485023394254,285,75,3,32,-5,133
32,gamma,1.0,402,8628542155202270239,730,80,-1,32,12,265
32,gamma,1.0,403,627868736515403120,202,66,-2,32,12,121
32,gamma,1.0,404,7535509720055670912,350,116,-2,32,18,169
32,gamma,1.0,405,1224315794328511994,338,70,-1,28,32,143
32,gamma,1.0,406,3836830463546609040,886,100,-2,32,26,326
32,gamma,1.0,407,8240668367733617968,537,93,1,32,23,186
32,gamma,1.0,408,722080879494652807,572,82,-3,32,14,191
32,gamma,1.0,409,6428418596435254167,320,110,-2,32,6,167
32,gamma,1.0,410,6454849522409505785,951,67,-2,-11,32,365
32,gamma,1.0,411,3603158273293739042,363,75,1,9,32,144
32,gamma,1.0,412,3881350063156943206,728,108,0,18,32,271
32,gamma,1.0,413,552364707851536199,168,72,0,8,32,95
32,gamma,1.0,414,7249077382321578828,665,85,0,1,32,230
32,gamma,1.0,415,4537914854291766226,439,89,0,19,32,183
32,gamma,1.0,416,8239748727078467858,611,93,0,17,32,250
32,gamma,1.0,417,6630672926018666733,445,79,-1,5,32,184
32,gamma,1.0,418,2478834419688942856,205,79,-2,3,32,116
32,gamma,1.0,419,6671631977007539511,313,97,2,25,32,149
32,gamma,1.0,420,4562031695185569879,406,88,-1,32,30,166
32,gamma,1.0,421,4738651623976414082,574,132,1,24,32,255
32,gamma,1.0,422,3751195618265466312,238,78,-1,32,24,124
32,gamma,1.0,423,189498004595626243,683,107,-4,32,29,238
32,gamma,1.0,424,3587498513586382126,294,80,0,8,32,146
32,gamma,1.0,425,6505053841440110014,423,83,0,31,32,153
32,gamma,1.0,426,1210652546085542975,302,82,3,28,32,150
32,gamma,1.0,427,6124578073612668577,347,81,-2,32,19,163
32,gamma,1.0,428,8290922841880270670,645,141,2,31,32,281
32,gamma,1.0,429,4480000627869176268,378,100,0,32,30,183
32,gamma,1.0,430,1236467269404897970,503,71,0,17,32,161
32,gamma,1.0,431,6335826941457677329,344,76,-1,32,18,145
32,gamma,1.0,432,9014636055762882287,161,53,-1,32,1,83
32,gamma,1.0,433,3891970421746094827,424,106,-1,12,32,189
32,gamma,1.0,434,7053321142602200919,205,75,0,19,32,124
32,gamma,1.0,435,7643120476180899518,620,106,2,18,32,241
32,gamma,1.0,436,4518401944815193700,362,58,1,2,32,164
32,gamma,1.0,437,5025576133247543403,332,78,-2,0,32,160
32,gamma,1.0,438,4627956510309534107,577,73,-1,-11,32,199
32,gamma,1.0,439,1645643606629474929,657,87,1,32,19,205
32,gamma,1.0,440,6861073316489255050,504,100,3,28,32,216
32,gamma,1.0,441,7232684227736755672,594,116,2,32,24,250
32,gamma,1.0,442,6594114496659160185,348,98,0,32,16,171
32,gamma,1.0,443,6920207788198231288,230,72,1,14,32,119
32,gamma,1.0,444,7718349926631941904,646,124,2,32,30,252
32,gamma,1.0,445,2329145421098275017,530,78,-1,32,12,233
32,gamma,1.0,446,4558079950603096080,277,97,1,15,32,152
32,gamma,1.0,447,9016036741769924482,340,82,-1,18,32,144
32,gamma,1.0,448,8375827409221686951,329,67,0,32,13,143
32,gamma,1.0,449,1420733841598489108,611,63,0,15,32,206
32,gamma,1.0,450,3503192729120735910,525,129,-2,-1,32,225
32,gamma,1.0,451,7086720039817297165,141,73,-1,15,32,91
32,gamma,1.0,452,6576979688597197897,426,60,0,18,32,157
32,gamma,1.0,453,6298362949128095183,596,86,0,32,24,260
32,gamma,1.0,454,3652986376642784277,188,78,0,32,6,97
32,gamma,1.0,455,4791058789404926446,914,86,0,-6,32,235
32,gamma,1.0,456,4275712388851185829,1003,79,2,32,23,277
32,gamma,1.0,457,3366215746548716579,350,110,2,-8,32,176
32,gamma,1.0,458,2083112411381725495,466,92,-1,32,26,201
32,gamma,1.0,459,1858925826183501900,477,83,-1,32,27,182
32,gamma,1.0,460,8368831590236206500,604,92,2,24,32,229
32,gamma,1.0,461,8519725887146920957,295,71,1,32,17,164
32,gamma,1.0,462,7100003853647656839,265,89,1,11,32,151
32,gamma,1.0,463,571926956708437003,509,65,-1,32,5,182
32,gamma,1.0,464,783956260753994833,327,63,1,32,5,148
32,gamma,1.0,465,928691121607797663,318,92,0,4,32,146
32,gamma,1.0,466,9195432570816577298,501,101,1,5,32,190
32,gamma,1.0,467,4000782517868535512,493,119,1,27,32,251
32,gamma,1.0,468,5993966415324275548,847,75,-1,32,13,283
32,gamma,1.0,469,5807002787190779510,294,68,-1,32,10,136
32,gamma,1.0,470,2130231675352625763,457,83,-1,32,11,170
32,gamma,1.0,471,1192275985311928837,338,78,1,32,22,141
32,gamma,1.0,472,2131212447724951607,272,82,-1,-6,32,135
32,gamma,1.0,473,4475009217181148366,402,76,1,32,18,167
32,gamma,1.0,474,1318883033969612622,1303,107,1,32,7,442
32,gamma,1.0,475,592020447326360418,727,113,2,11,32,275
32,gamma,1.0,476,5555060258345096519,861,89,-1,17,32,305
32,gamma,1.0,477,1970977857358508578,447,125,0,5,32,200
32,gamma,1.0,478,2083653506090560404,500,74,2,2,32,195
32,gamma,1.0,479,8672554362407288818,1001,99,-2,-3,32,289
32,gamma,1.0,480,7994382527246253667,863,103,1,32,23,309
32,gamma,1.0,481,854171878131613940,192,72,2,32,18,101
32,gamma,1.0,482,8733771035581312963,310,76,0,18,32,138
32,gamma,1.0,483,97648136733256297,376,82,1,24,32,149
32,gamma,1.0,484,8556243986032884226,182,58,1,10,32,103
32,gamma,1.0,485,6009526234735129990,421,73,-1,32,17,165
32,gamma,1.0,486,3812821848722947646,428,82,1,18,32,170
32,gamma,1.0,487,1528814856041362178,628,124,0,32,10,282
32,gamma,1.0,488,4326041592683883892,779,83,1,23,32,278
32,gamma,1.0,489,3868771621526583111,264,74,1,32,2,128
32,gamma,1.0,490,2676460015412648151,375,79,-1,5,32,152
32,gamma,1.0,491,7745338432985857458,320,78,-1,14,32,149
32,gamma,1.0,492,8047352885620938225,429,65,0,32,-1,181
32,gamma,1.0,493,6378865481772014253,587,73,1,19,32,224
32,gamma,1.0,494,2316185431118814056,818,114,-1,32,10,272
32,gamma,1.0,495,7141803967737467582,524,126,-1,32,18,224
32,gamma,1.0,496,7016119457572407828,455,71,-1,32,17,163
32,gamma,1.0,497,8384389503753349342,1076,140,2,32,30,322
32,gamma,1.0,498,1944752924480216628,590,98,0,32,24,209
32,gamma,1.0,499,4241928098626943467,296,70,0,14,32,154
32,gamma,1.0,500,2175432169389971228,284,74,-2,32,12,120
32,gamma,1.0,501,2634753177082841858,367,107,-1,32,25,199
32,gamma,1.0,502,9159223589093481572,470,68,-1,32,24,176
32,gamma,1.0,503,1796456100517445604,182,64,-2,32,12,106
32,gamma,1.0,504,7208953207134627811,327,79,0,32,27,165
32,gamma,1.0,505,24082060899363176,227,71,0,32,21,118
32,gamma,1.0,506,3359778916499460794,895,97,-2,32,19,286
32,gamma,1.0,507,5193004274634246782,438,84,0,32,30,168
32,gamma,1.0,508,9191726195605536966,440,90,0,32,10,174
32,gamma,1.0,509,6413397719505483277,409,77,0,32,3,201
32,gamma,1.0,510,7823062904266259093,385,61,0,-5,32,158
32,gamma,1.0,511,4432578476530090267,326,106,0,32,22,161
32,gamma,1.0,512,9040370014146080791,445,101,-2,23,32,205
32,gamma,1.0,513,1180400298698615095,241,95,2,-7,32,131
32,gamma,1.0,514,2183673767557832564,479,79,-1,32,23,206
32,gamma,1.0,515,1732284229390975221,539,97,-1,32,21,222
32,gamma,1.0,516,8233340773396953491,684,124,0,10,32,289
32,gamma,1.0,517,2705571934897771236,391,67,1,32,3,174
32,gamma,1.0,518,5482967926468881145,247,69,-1,11,32,121
32,gamma,1.0,519,8898301674678930685,300,70,0,32,12,129
32,gamma,1.0,520,7257240878370297601,273,93,-2,32,23,149
32,gamma,1.0,521,8170517439075767025,385,81,-2,-15,32,140
32,gamma,1.0,522,7797311381666171060,412,100,0,32,26,200
32,gamma,1.0,523,2695002660403740141,404,70,0,32,6,160
32,gamma,1.0,524,7680627016700280265,504,112,3,32,22,213
32,gamma,1.0,525,7394342481402193612,555,75,2,23,32,188
32,gamma,1.0,526,7665782621667495020,760,88,3,16,32,313
32,gamma,1.0,527,2027524257648658166,237,63,0,7,32,122
32,gamma,1.0,528,5216096142329507170,328,78,0,32,6,160
32,gamma,1.0,529,959795052914252410,272,86,-2,10,32,126
32,gamma,1.0,530,5615862247997835838,268,82,1,2,32,121
32,gamma,1.0,531,7551362372560171320,359,95,1,32,25,176
32,gamma,1.0,532,8704292963854069201,427,59,0,32,9,196
32,gamma,1.0,533,5788491700529221346,752,92,0,32,18,261
32,gamma,1.0,534,3119817802804900542,884,146,3,32,26,316
32,gamma,1.0,535,6549278646094593740,296,90,-1,32,16,167
32,gamma,1.0,536,8433769420724418767,444,136,-2,32,20,210
32,gamma,1.0,537,6212623286415847624,700,82,0,8,32,207
32,gamma,1.0,538,7887131913398558906,744,80,-1,32,6,291
32,gamma,1.0,539,173705711921091432,265,65,-1,32,7,118
32,gamma,1.0,540,3338476058184031478,385,57,0,1,32,142
32,gamma,1.0,541,855063820703652020,309,103,1,13,32,174
32,gamma,1.0,542,4024593298625742294,431,73,0,32,23,149
32,gamma,1.0,543,5925529683037934988,170,56,0,16,32,89
32,gamma,1.0,544,4191392403639323075,395,103,-1,32,27,176
32,gamma,1.0,545,8857064851659139260,801,127,1,32,17,313
32,gamma,1.0,546,5536600441691083976,226,54,0,8,32,128
32,gamma,1.0,547,782352439766254221,323,81,0,32,17,146
32,gamma,1.0,548,3918134322557870693,365,71,0,32,21,151
32,gamma,1.0,549,8038347567268085331,412,90,0,26,32,192
32,gamma,1.0,550,6328149986201225346,398,90,2,24,32,178
32,gamma,1.0,551,752799856780327822,474,88,-2,32,24,204
32,gamma,1.0,552,5162643775550590429,508,82,-1,32,20,194
32,gamma,1.0,553,2974483973548313917,593,99,3,32,25,229
32,gamma,1.0,554,4479121307433910039,402,80,1,22,32,183
32,gamma,1.0,555,2952947843436395367,328,98,0,32,24,171
32,gamma,1.0,556,6813752718548871008,411,67,0,21,32,163
32,gamma,1.0,557,7771972996689368877,192,80,-1,32,14,101
32,gamma,1.0,558,6367395758645458020,544,140,0,24,32,255
32,gamma,1.0,559,2869000768798721060,944,86,0,6,32,299
32,gamma,1.0,560,8449215036798566968,420,130,2,22,32,199
32,gamma,1.0,561,5165207817881972597,269,91,-1,32,21,135
32,gamma,1.0,562,6127943104131405350,742,136,-4,32,10,276
32,gamma,1.0,563,4997441561783210907,539,83,0,32,21,181
32,gamma,1.0,564,1005254668283579690,362,82,0,28,32,163
32,gamma,1.0,565,6946142739875140260,379,87,1,32,21,172
32,gamma,1.0,566,645760589426776189,545,123,1,32,13,218
32,gamma,1.0,567,2760684175758131958,585,107,-1,32,21,233
32,gamma,1.0,568,8167926780199586155,755,79,-1,23,32,283
32,gamma,1.0,569,4901460092288986673,293,111,2,19,32,166
32,gamma,1.0,570,5804270481235898597,413,65,-1,32,7,154
32,gamma,1.0,571,1791559670560029400,282,70,0,16,32,135
32,gamma,1.0,572,5455683717307098729,335,95,0,32,25,158
32,gamma,1.0,573,6469639319132764465,492,108,1,32,18,226
32,gamma,1.0,574,2213064975342165910,448,70,0,32,8,163
32,gamma,1.0,575,5640126210966326408,355,73,0,32,23,136
32,gamma,1.0,576,1809558076313651359,526,70,-1,0,32,173
32,gamma,1.0,577,3235934600487187383,617,117,-1,32,19,233
32,gamma,1.0,578,6142212612528064217,366,130,1,32,8,195
32,gamma,1.0,579,4626083363118266584,823,95,2,32,11,261
32,gamma,1.0,580,2173758357668254423,104,50,0,32,0,65
32,gamma,1.0,581,6171553878172073276,176,88,0,32,28,114
32,gamma,1.0,582,3265206733679150556,256,74,1,8,32,130
32,gamma,1.0,583,654348054444105530,469,89,0,32,17,215
32,gamma,1.0,584,6592098179443940929,783,95,2,23,32,308
32,gamma,1.0,585,3880603949612796429,581,99,-1,32,25,274
32,gamma,1.0,586,5127780643258474120,298,68,0,32,22,139
32,gamma,1.0,587,2517919841143535913,388,70,0,32,16,181
32,gamma,1.0,588,250118554568804244,356,68,-1,2,32,170
32,gamma,1.0,589,4739160647085990470,152,56,1,20,32,86
32,gamma,1.0,590,1450381537103062405,783,89,0,-1,32,278
32,gamma,1.0,591,5431491274396451018,821,99,0,13,32,333
32,gamma,1.0,592,4308705844684987773,467,97,0,13,32,203
32,gamma,1.0,593,6308852765532164588,409,77,-2,32,23,195
32,gamma,1.0,594,2439505197735582281,335,67,0,17,32,157
32,gamma,1.0,595,3131019914696803164,314,96,0,24,32,156
32,gamma,1.0,596,2660081728745604657,337,87,0,29,32,156
32,gamma,1.0,597,1221178499160714649,467,115,0,9,32,235
32,gamma,1.0,598,5098091995331382513,428,126,1,20,32,206
32,gamma,1.0,599,7016327391554700669,251,67,-1,9,32,125
32,gamma,1.0,600,2972617449205275829,695,85,1,9,32,276
32,gamma,1.0,601,639469721545480911,1099,89,0,31,32,406
32,gamma,1.0,602,2176910119419868858,512,116,-1,32,24,231
32,gamma,1.0,603,5384502806764045187,912,74,0,32,14,261
32,gamma,1.0,604,8363074117701439059,525,89,0,32,21,184
32,gamma,1.0,605,6615284749132391040,334,74,-1,32,24,134
32,gamma,1.0,606,4894193477481936779,491,95,5,32,13,231
32,gamma,1.0,607,7935530379256270405,464,88,2,18,32,187
32,gamma,1.0,608,6280310472636458154,277,97,0,32,27,146
32,gamma,1.0,609,2400183762570035970,368,86,2,8,32,171
32,gamma,1.0,610,535990292370489953,309,75,1,11,32,143
32,gamma,1.0,611,345140804096747554,1320,78,2,8,32,283
32,gamma,1.0,612,2143064882917541182,617,83,0,23,32,212
32,gamma,1.0,613,3207772845526357054,482,90,1,22,32,172
32,gamma,1.0,614,9181666943793653147,262,60,1,12,32,122
32,gamma,1.0,615,5563981144656364683,374,92,2,32,26,176
32,gamma,1.0,616,6104056318768927695,636,84,0,18,32,244
32,gamma,1.0,617,8753885388519076025,587,109,-1,32,3,224
32,gamma,1.0,618,7778882496784435155,269,71,0,-1,32,152
32,gamma,1.0,619,698370743044498910,505,63,1,11,32,169
32,gamma,1.0,620,9004056247441821966,453,93,2,23,32,203
32,gamma,1.0,621,2955839238353072106,937,103,1,32,-27,342
32,gamma,1.0,622,1330836850515581174,326,76,1,24,32,156
32,gamma,1.0,623,6486933693692790373,469,77,-1,32,31,200
32,gamma,1.0,624,632047258032452115,570,70,0,16,32,235
32,gamma,1.0,625,6155027507329013253,900,122,0,30,32,345
32,gamma,1.0,626,2069410490997107694,691,73,0,32,1,200
32,gamma,1.0,627,6884651245250091129,282,112,1,32,-2,152
32,gamma,1.0,628,1178528970141372268,475,77,-1,32,21,182
32,gamma,1.0,629,6205987830625686866,421,129,-1,-1,32,215
32,gamma,1.0,630,3555019721887734421,584,76,1,16,32,228
32,gamma,1.0,631,1109109190300763839,322,80,1,32,2,132
32,gamma,1.0,632,3416898802166748559,638,74,1,16,32,208
32,gamma,1.0,633,8798663791712110428,473,75,-1,5,32,161
32,gamma,1.0,634,5296463622909081228,438,86,-1,-6,32,174
32,gamma,1.0,635,3180152824474411596,441,107,-3,31,32,195
32,gamma,1.0,636,3630477891148200955,227,83,-1,32,3,148
32,gamma,1.0,637,8990158322984341274,927,125,1,25,32,349
32,gamma,1.0,638,380376936232374598,164,60,-1,0,32,92
32,gamma,1.0,639,1773993571622901726,308,90,1,10,32,147
32,gamma,1.0,640,7700368333375994823,592,80,-1,32,-4,254
32,gamma,1.0,641,855865477337202124,468,60,2,12,32,185
32,gamma,1.0,642,848342173793387886,694,76,-1,32,10,247
32,gamma,1.0,643,4080331994136169586,654,52,-1,32,10,203
32,gamma,1.0,644,1940035199322296684,379,83,1,23,32,162
32,gamma,1.0,645,7157572781665177889,277,71,-1,9,32,122
32,gamma,1.0,646,4582547622758303984,779,83,-1,32,27,262
32,gamma,1.0,647,2002355509081835607,222,88,2,14,32,123
32,gamma,1.0,648,133401943873677412,584,116,-1,30,32,245
32,gamma,1.0,649,7502518093934679035,392,74,0,4,32,151
32,gamma,1.0,650,8080935233920234439,564,80,2,12,32,200
32,gamma,1.0,651,7961558669773903671,431,101,0,32,23,182
32,gamma,1.0,652,2665408624501368803,157,59,0,32,-5,90
32,gamma,1.0,653,6252004840984223915,179,75,-3,32,-15,109
32,gamma,1.0,654,6217940178376235597,544,76,-1,32,18,194
32,gamma,1.0,655,8583351126423770823,199,61,0,13,32,99
32,gamma,1.0,656,3715538852080930523,1314,120,-2,12,32,357
32,gamma,1.0,657,3950992584152347934,697,107,1,13,32,267
32,gamma,1.0,658,7141775041637695167,1068,140,-2,22,32,398
32,gamma,1.0,659,1326434756794062133,319,71,0,32,5,139
32,gamma,1.0,660,5991408327710339530,447,73,1,32,19,163
32,gamma,1.0,661,5025165913150881681,210,62,0,32,10,118
32,gamma,1.0,662,7080019418438783084,409,63,0,32,9,166
32,gamma,1.0,663,3740038791440400638,642,66,1,18,32,182
32,gamma,1.0,664,2247627532401268809,559,93,2,27,32,224
32,gamma,1.0,665,2333605283205068735,428,90,0,4,32,154
32,gamma,1.0,666,9034785876542984103,280,58,0,12,32,112
32,gamma,1.0,667,4915007998233536625,324,90,2,32,-6,143
32,gamma,1.0,668,8514321805902837794,350,112,3,32,14,177
32,gamma,1.0,669,6705238592666810915,124,50,1,14,32,69
32,gamma,1.0,670,864510113182995528,198,76,2,32,16,110
32,gamma,1.0,671,8830879237670971645,635,109,-1,32,27,251
32,gamma,1.0,672,7778062998713664319,601,85,-2,3,32,197
32,gamma,1.0,673,3231344799286995520,555,81,0,-7,32,192
32,gamma,1.0,674,3555819285625959439,761,137,-3,32,19,288
32,gamma,1.0,675,2546530459079523156,384,82,-2,8,32,192
32,gamma,1.0,676,7929965672262343857,407,65,0,32,23,190
32,gamma,1.0,677,6036297473876783488,304,60,1,32,-12,135
32,gamma,1.0,678,677660729115310077,481,83,0,32,9,175
32,gamma,1.0,679,3217338402907561104,199,63,-1,32,9,108
32,gamma,1.0,680,7907644157483679625,660,114,-1,32,20,309
32,gamma,1.0,681,1855720889462808090,468,70,2,32,6,201
32,gamma,1.0,682,9051925428417402624,941,93,0,17,32,258
32,gamma,1.0,683,2437151520951456821,237,49,0,32,3,101
32,gamma,1.0,684,8549500182462008623,753,113,-1,31,32,287
32,gamma,1.0,685,1554955712264583954,1650,78,-2,32,24,490
32,gamma,1.0,686,4145006959067210746,417,111,1,-7,32,197
32,gamma,1.0,687,6843048709753834467,347,71,0,32,13,142
32,gamma,1.0,688,5328461002701056440,605,125,2,17,32,236
32,gamma,1.0,689,46985982897158516,357,81,-1,-15,32,166
32,gamma,1.0,690,7448072550300921963,451,91,0,32,9,193
32,gamma,1.0,691,7207530967377620874,248,90,1,20,32,146
32,gamma,1.0,692,3304539367976714522,191,55,0,-3,32,101
32,gamma,1.0,693,5358808917408340419,226,76,1,32,8,123
32,gamma,1.0,694,4966542247533614648,569,81,-1,32,15,195
32,gamma,1.0,695,3886136727099897694,489,77,2,13,32,194
32,gamma,1.0,696,342663295866229845,257,79,0,27,32,138
32,gamma,1.0,697,37326345488376011,850,154,5,18,32,364
32,gamma,1.0,698,839446616019561550,663,81,-2,32,21,230
32,gamma,1.0,699,7420995899350456405,524,120,1,32,12,239
64,gamma,1.0,0,2626326939618830536,1496,198,2,64,30,532
64,gamma,1.0,1,6579718162425125940,1446,166,-1,32,64,479
64,gamma,1.0,2,8960064630345237430,1159,163,-2,15,64,417
64,gamma,1.0,3,9101321689683715057,647,173,2,49,64,296
64,gamma,1.0,4,7974160824584845642,882,162,1,26,64,353
64,gamma,1.0,5,2187858142089613534,621,149,-1,21,64,260
64,gamma,1.0,6,3002587809305127637,1153,183,0,21,64,404
64,gamma,1.0,7,8486539892297647700,754,176,1,64,20,308
64,gamma,1.0,8,7395308091650380908,842,154,1,16,64,319
64,gamma,1.0,9,6340132872053057720,1230,214,0,64,26,441
64,gamma,1.0,10,966158157994747298,930,208,1,60,64,412
64,gamma,1.0,11,5292550470069704001,1525,175,0,35,64,509
64,gamma,1.0,12,4851367077188758756,752,158,-3,64,40,337
64,gamma,1.0,13,4132880238849333317,1271,189,2,33,64,478
64,gamma,1.0,14,4376353613437566878,1317,231,1,64,63,563
64,gamma,1.0,15,1230522501030233889,562,174,1,64,26,281
64,gamma,1.0,16,4244475684008224631,482,160,-2,22,64,254
64,gamma,1.0,17,2365329080101612952,1110,198,-1,64,50,439
64,gamma,1.0,18,1310397701949885617,1124,208,3,42,64,430
64,gamma,1.0,19,7987598690678747063,1113,247,-1,64,43,476
64,gamma,1.0,20,9086637312093994192,1162,140,0,64,30,464
64,gamma,1.0,21,6586107027470164481,798,150,-1,64,28,330
64,gamma,1.0,22,3254943701400169096,1114,180,1,64,44,469
64,gamma,1.0,23,9179654879292793299,1252,212,2,46,64,482
64,gamma,1.0,24,6782446727578390893,1315,173,0,64,33,444
64,gamma,1.0,25,7575933847753207043,1361,177,0,64,31,462
64,gamma,1.0,26,7177220165903828302,1138,212,0,64,30,446
64,gamma,1.0,27,7893371136634265255,1225,187,1,64,37,414
64,gamma,1.0,28,732319328536938814,770,136,0,36,64,322
64,gamma,1.0,29,1035491235616570229,923,165,0,31,64,344
64,gamma,1.0,30,1841700592091132599,1018,192,0,64,36,407
64,gamma,1.0,31,2430980122483757550,984,156,-2,40,64,396
64,gamma,1.0,32,1476877124269270538,1538,226,0,64,48,558
64,gamma,1.0,33,9177719348140509300,1079,187,0,64,41,467
64,gamma,1.0,34,5315090974091838433,822,144,-1,64,38,356
64,gamma,1.0,35,5154133671896644392,1389,159,0,45,64,456
64,gamma,1.0,36,6401161430165621722,818,252,0,48,64,388
64,gamma,1.0,37,5298966166707339400,756,182,0,30,64,366
64,gamma,1.0,38,8493802571139256644,684,170,1,30,64,336
64,gamma,1.0,39,2974091069918106021,1637,265,1,63,64,636
64,gamma,1.0,40,570969251352171283,1049,185,-1,64,47,462
64,gamma,1.0,41,6139407650243796916,899,185,3,29,64,428
64,gamma,1.0,42,7831031320267397128,1253,187,-2,64,11,439
64,gamma,1.0,43,8801720413842043874,959,161,2,64,41,377
64,gamma,1.0,44,1752512910614704908,1255,213,2,59,64,486
64,gamma,1.0,45,6846454882665906412,1376,176,-1,40,64,478
64,gamma,1.0,46,6618575016443662691,1276,228,1,58,64,498
64,gamma,1.0,47,7010900692672933032,454,138,-1,64,14,233
64,gamma,1.0,48,8520507674563779835,966,154,1,64,14,349
64,gamma,1.0,49,8623364924988761371,515,153,-1,64,35,253
64,gamma,1.0,50,255836144479027113,1852,174,0,64,56,652
64,gamma,1.0,51,8417267367805043356,738,144,0,64,42,293
64,gamma,1.0,52,4142505892793459143,1407,223,-1,64,53,525
64,gamma,1.0,53,2959836738272611626,1567,253,0,64,61,569
64,gamma,1.0,54,7947137215410425795,955,193,0,45,64,379
64,gamma,1.0,55,5269928361718321315,982,206,0,56,64,398
64,gamma,1.0,56,9162439052753533043,821,197,-1,41,64,356
64,gamma,1.0,57,5501576752995389342,830,168,-1,52,64,345
64,gamma,1.0,58,7751364110977662081,1143,177,0,19,64,441
64,gamma,1.0,59,379478912967860742,849,119,1,64,11,338
64,gamma,1.0,60,5568729099748457541,1045,193,2,64,33,435
64,gamma,1.0,61,7627670119275145767,1144,188,0,64,54,433
64,gamma,1.0,62,1057499706186449481,1000,200,-1,60,64,388
64,gamma,1.0,63,171821157865420421,1140,164,-2,64,38,418
64,gamma,1.0,64,2625793156934835080,1620,216,1,50,64,611
64,gamma,1.0,65,3967360165451130218,1019,199,2,63,64,426
64,gamma,1.0,66,3971196509191258120,736,188,-2,64,38,352
64,gamma,1.0,67,1570535149392088342,666,216,0,64,2,350
64,gamma,1.0,68,8484139710091379942,606,172,0,64,52,312
64,gamma,1.0,69,5418834390698675314,2099,293,0,64,39,793
64,gamma,1.0,70,5314592788722526362,1043,219,0,53,64,479
64,gamma,1.0,71,7930769932226581150,2079,201,-1,64,57,653
64,gamma,1.0,72,2081099152361226843,752,160,2,32,64,351
64,gamma,1.0,73,6911784336428064395,1258,314,0,54,64,586
64,gamma,1.0,74,1194546808323276684,457,117,0,11,64,220
64,gamma,1.0,75,7082994412744046854,663,181,2,11,64,332
64,gamma,1.0,76,6420772677221269151,891,143,-3,64,5,410
64,gamma,1.0,77,940840940787974227,695,221,3,64,39,368
64,gamma,1.0,78,8258937973450481947,1233,177,-2,64,31,420
64,gamma,1.0,79,4788015963920426462,1035,161,1,64,15,386
64,gamma,1.0,80,6554753054010142589,1559,217,-1,64,59,625
64,gamma,1.0,81,3037496217029952480,1112,162,0,64,32,425
64,gamma,1.0,82,227630119965130360,872,186,-1,50,64,360
64,gamma,1.0,83,2251875373626383485,1150,202,0,60,64,421
64,gamma,1.0,84,7929378181235971485,1234,188,0,64,18,463
64,gamma,1.0,85,2021428024353349874,1376,276,-2,42,64,618
64,gamma,1.0,86,8716246193550196671,1081,195,-3,64,57,448
64,gamma,1.0,87,8131997435472270683,2628,224,1,64,30,723
64,gamma,1.0,88,612731583273476201,966,206,1,64,48,416
64,gamma,1.0,89,8497479380075586320,1112,148,0,28,64,434
64,gamma,1.0,90,8442331238913344275,1085,151,1,33,64,387
64,gamma,1.0,91,4559960515423045947,915,195,-1,57,64,398
64,gamma,1.0,92,7785635497730709897,1634,228,1,44,64,646
64,gamma,1.0,93,8392579077453230650,867,169,-1,21,64,386
64,gamma,1.0,94,6769812407237937071,1240,190,-1,48,64,504
64,gamma,1.0,95,2476139733040818186,1155,207,1,64,39,442
64,gamma,1.0,96,1629002161276318504,1526,210,-2,64,52,585
64,gamma,1.0,97,3760794278180111460,819,161,-2,64,23,362
64,gamma,1.0,98,5486972392077638005,782,200,-1,64,30,377
64,gamma,1.0,99,3323386641777500355,731,165,0,37,64,317
64,gamma,1.0,100,9002020588904466528,1912,134,3,22,64,575
64,gamma,1.0,101,4186787463735883684,875,165,0,64,37,350
64,gamma,1.0,102,7647244690892443027,974,220,1,34,64,440
64,gamma,1.0,103,435327526755427478,674,208,0,36,64,349
64,gamma,1.0,104,6151121130726040995,1892,190,2,48,64,587
64,gamma,1.0,105,7244284907615216974,956,166,0,48,64,363
64,gamma,1.0,106,7261057373279197016,768,170,0,44,64,378
64,gamma,1.0,107,2234575004928224927,1431,209,1,53,64,593
64,gamma,1.0,108,6295046612425308010,1305,233,-1,29,64,543
64,gamma,1.0,109,321523103555399168,1041,197,-1,64,25,434
64,gamma,1.0,110,8711829426498959925,867,195,-3,64,45,392
64,gamma,1.0,111,4911281241736593884,738,162,0,36,64,315
64,gamma,1.0,112,1493850711624874674,1019,197,-1,64,41,426
64,gamma,1.0,113,5853842602488981924,593,141,-2,64,31,263
64,gamma,1.0,114,3003121895662514577,1199,137,0,35,64,391
64,gamma,1.0,115,1631309908733024712,1022,196,0,64,44,389
64,gamma,1.0,116,7299180943287610087,1218,228,1,64,46,524
64,gamma,1.0,117,4817090218901296939,1558,214,-2,62,64,577
64,gamma,1.0,118,7391051629819131601,640,154,1,40,64,299
64,gamma,1.0,119,8189579109569487392,1438,262,-3,56,64,576
64,gamma,1.0,120,4851229312966271662,2031,175,-1,64,57,601
64,gamma,1.0,121,3410213384975115907,2085,189,-1,64,57,621
64,gamma,1.0,122,3220458717544725397,885,167,-1,64,47,376
64,gamma,1.0,123,559360127945364162,625,207,1,57,64,334
64,gamma,1.0,124,6401486156949199651,1049,177,-1,64,25,401
64,gamma,1.0,125,8890073075723916260,1683,235,-3,64,39,614
64,gamma,1.0,126,5324971635269797280,1706,160,1,64,-6,650
64,gamma,1.0,127,3744490432486144907,822,164,-1,64,34,330
64,gamma,1.0,128,2874881340838575054,891,145,0,13,64,353
64,gamma,1.0,129,7281515489418267626,1037,225,-1,59,64,449
64,gamma,1.0,130,4618215945961136914,802,218,2,64,44,369
64,gamma,1.0,131,5643655453101132865,938,152,0,-16,64,344
64,gamma,1.0,132,5428028063496982786,787,151,-1,25,64,354
64,gamma,1.0,133,1370894937392490977,779,153,-1,64,15,297
64,gamma,1.0,134,7913852590017597113,1511,193,0,64,47,516
64,gamma,1.0,135,2635068718184117110,685,151,0,64,33,283
64,gamma,1.0,136,8647291443032835266,829,139,1,64,35,333
64,gamma,1.0,137,3281577004515501853,773,193,-1,53,64,364
64,gamma,1.0,138,7806473218397596335,908,178,0,50,64,340
64,gamma,1.0,139,8695087921740144320,623,183,-1,64,61,308
64,gamma,1.0,140,8000195342015120558,1015,239,-1,59,64,439
64,gamma,1.0,141,1750218555786445688,1309,203,0,45,64,553
64,gamma,1.0,142,4392318416404596594,1305,229,-2,33,64,496
64,gamma,1.0,143,4249377402720917613,606,186,1,54,64,299
64,gamma,1.0,144,4065795612905239767,959,197,-1,64,37,408
64,gamma,1.0,145,5240643890522454077,747,143,1,39,64,313
64,gamma,1.0,146,50061538108870316,882,136,0,28,64,353
64,gamma,1.0,147,3812587438739220197,839,165,2,35,64,340
64,gamma,1.0,148,3674090177686996775,1045,147,0,64,29,428
64,gamma,1.0,149,3048165417925003034,841,207,-1,23,64,395
64,gamma,1.0,150,1351719801203095740,1490,166,-1,64,56,441
64,gamma,1.0,151,4869995880688837171,791,185,-1,64,51,336
64,gamma,1.0,152,6657889982279926099,687,191,0,33,64,323
64,gamma,1.0,153,6770752035811243909,1059,141,0,41,64,440
64,gamma,1.0,154,4180615431580965463,984,210,-2,64,50,472
64,gamma,1.0,155,4942514451614057543,770,198,-1,56,64,368
64,gamma,1.0,156,1433679317827415264,829,217,-1,64,45,398
64,gamma,1.0,157,6294333349635882109,758,168,0,44,64,325
64,gamma,1.0,158,616062240759066177,1144,158,0,8,64,448
64,gamma,1.0,159,441091242070086229,726,186,0,52,64,335
64,gamma,1.0,160,8682815791363637368,1033,207,-2,64,35,436
64,gamma,1.0,161,8651193440916889518,1072,158,-2,64,24,418
64,gamma,1.0,162,6264084992969745882,931,137,2,37,64,353
64,gamma,1.0,163,3975253227668575973,871,169,0,51,64,373
64,gamma,1.0,164,9207659085358628500,698,178,1,56,64,329
64,gamma,1.0,165,2534061868845110429,767,175,0,61,64,330
64,gamma,1.0,166,7974127437829993220,868,126,1,20,64,331
64,gamma,1.0,167,4294510404503569725,1072,140,-1,64,16,340
64,gamma,1.0,168,7525280564092744069,1122,210,0,56,64,408
64,gamma,1.0,169,1398781767768414901,1360,190,-4,64,36,445
64,gamma,1.0,170,7171509986088615913,1036,256,0,60,64,458
64,gamma,1.0,171,2696130820011522946,799,155,-1,64,17,302
64,gamma,1.0,172,6303396399892563976,540,178,-1,28,64,300
64,gamma,1.0,173,3326683880476771991,643,171,1,21,64,273
64,gamma,1.0,174,3091909137473908059,1067,205,1,45,64,450
64,gamma,1.0,175,307030710915420614,842,164,0,64,26,336
64,gamma,1.0,176,9066728160789022293,749,151,0,64,37,319
64,gamma,1.0,177,2499471352856488039,1212,188,1,44,64,480
64,gamma,1.0,178,5794973616184691700,925,125,-1,17,64,362
64,gamma,1.0,179,8785615777072220556,1242,268,-1,64,58,543
64,gamma,1.0,180,8637944567677812494,1119,183,1,47,64,433
64,gamma,1.0,181,4517411879869211964,1708,188,-1,64,40,636
64,gamma,1.0,182,2507020620240145046,898,156,-1,8,64,347
64,gamma,1.0,183,8277736593863112454,1509,187,1,53,64,503
64,gamma,1.0,184,1373982379591832335,847,131,-1,64,17,320
64,gamma,1.0,185,3813798669450595615,986,202,2,52,64,447
64,gamma,1.0,186,2602138460127888196,780,126,-1,64,6,262
64,gamma,1.0,187,7930332534752421572,1594,168,0,44,64,545
64,gamma,1.0,188,3642932571617121242,1077,231,1,33,64,438
64,gamma,1.0,189,8139193293027336234,1494,192,-1,60,64,519
64,gamma,1.0,190,8686881303212798341,982,142,1,20,64,375
64,gamma,1.0,191,5992948578396732516,1505,137,1,64,-1,506
64,gamma,1.0,192,2859312627255911681,909,137,2,27,64,392
64,gamma,1.0,193,1596603857169833075,785,143,1,64,21,329
64,gamma,1.0,194,8023500412210664127,374,124,0,64,28,196
64,gamma,1.0,195,7066226719200746848,1358,180,1,44,64,490
64,gamma,1.0,196,3791743904334242796,918,164,0,-8,64,368
64,gamma,1.0,197,7840555410612690820,1165,223,0,47,64,427
64,gamma,1.0,198,7769922694630813252,1005,173,-1,64,37,411
64,gamma,1.0,199,2869306704671940083,2048,160,1,36,64,669
64,gamma,1.0,200,7049785036776533972,1019,153,-2,64,55,372
64,gamma,1.0,201,7522577487063856758,1852,202,-1,46,64,700
64,gamma,1.0,202,4226016237410182155,1061,237,0,64,47,476
64,gamma,1.0,203,846481706739828966,1068,238,3,56,64,448
64,gamma,1.0,204,8984225824917651896,1384,172,-3,64,6,443
64,gamma,1.0,205,6039553003722892912,991,205,1,37,64,405
64,gamma,1.0,206,7831175369647693922,961,215,0,57,64,398
64,gamma,1.0,207,5960583022825911932,1421,211,0,29,64,528
64,gamma,1.0,208,5677481606430838328,880,168,-1,36,64,378
64,gamma,1.0,209,6040731790023512201,898,226,0,64,48,438
64,gamma,1.0,210,6598169762786383264,1123,189,-1,57,64,407
64,gamma,1.0,211,5030449064018251164,883,191,1,39,64,373
64,gamma,1.0,212,3172791087668834620,1207,131,0,27,64,430
64,gamma,1.0,213,2741854186807383890,1180,202,-2,64,22,435
64,gamma,1.0,214,2615527123311030348,892,230,1,58,64,412
64,gamma,1.0,215,1455598323529954394,1241,191,-1,64,43,469
64,gamma,1.0,216,7994757974516503449,1488,184,1,56,64,497
64,gamma,1.0,217,2433810029301294311,1589,179,0,64,45,592
64,gamma,1.0,218,4773490014200718854,908,172,-2,64,6,364
64,gamma,1.0,219,8375268005268484090,1905,231,2,64,51,657
64,gamma,1.0,220,91665934755964492,1098,182,-1,28,64,424
64,gamma,1.0,221,1795397649229517523,977,217,0,39,64,438
64,gamma,1.0,222,879619156976335046,1236,188,0,64,36,467
64,gamma,1.0,223,5522924064392515257,734,146,1,36,64,278
64,gamma,1.0,224,4180317248654020694,1394,216,0,64,52,514
64,gamma,1.0,225,3657248145830664008,1636,236,-2,64,54,514
64,gamma,1.0,226,3523884054608628083,517,145,0,64,39,278
64,gamma,1.0,227,3925708181143828858,1095,209,-1,47,64,456
64,gamma,1.0,228,1309547631450336750,1345,221,0,59,64,472
64,gamma,1.0,229,344784235147037533,1007,179,0,25,64,359
64,gamma,1.0,230,8903377800703467037,1019,199,0,64,51,417
64,gamma,1.0,231,973464980180315682,1943,187,0,63,64,543
64,gamma,1.0,232,6896886689146110611,1015,121,1,19,64,287
64,gamma,1.0,233,8781822164319555249,1047,185,0,64,25,392
64,gamma,1.0,234,1349102025892821221,1016,184,1,64,30,371
64,gamma,1.0,235,6261468513105931909,1415,203,0,64,47,493
64,gamma,1.0,236,1410619826352073938,989,153,1,64,37,368
64,gamma,1.0,237,1189777205102044892,1382,220,0,64,44,499
64,gamma,1.0,238,2760301956150083175,806,172,1,6,64,345
64,gamma,1.0,239,1879155241095704773,742,152,2,22,64,332
64,gamma,1.0,240,3679211860087289449,1578,252,2,34,64,563
64,gamma,1.0,241,5582587660841619390,621,181,3,51,64,286
64,gamma,1.0,242,4597661028401664604,1588,182,2,40,64,576
64,gamma,1.0,243,1202425022693304785,528,160,0,42,64,277
64,gamma,1.0,244,5347845157330873890,908,182,0,34,64,359
64,gamma,1.0,245,5857861621170884273,1035,227,0,59,64,450
64,gamma,1.0,246,5097464327440877263,850,152,-1,64,32,395
64,gamma,1.0,247,5133425631552561451,908,150,1,26,64,397
64,gamma,1.0,248,4499305880364627007,891,213,0,35,64,402
64,gamma,1.0,249,8315886398555170622,1173,189,1,47,64,448
64,gamma,1.0,250,3531534200422915176,1139,185,-1,21,64,384
64,gamma,1.0,251,2568634559201867502,1095,183,-1,64,41,436
64,gamma,1.0,252,5984099777584535241,762,196,-1,64,46,350
64,gamma,1.0,253,1817451890822850323,779,193,-2,57,64,359
64,gamma,1.0,254,5754768269645149214,1105,159,-2,64,11,460
64,gamma,1.0,255,276306292786245479,994,164,-1,40,64,381
64,gamma,1.0,256,786893277526965961,602,164,-2,64,34,277
64,gamma,1.0,257,6742652229319272596,1093,243,-1,59,64,543
64,gamma,1.0,258,7087038105251267679,1053,209,-2,64,9,417
64,gamma,1.0,259,8577379874430733224,761,173,0,64,37,318
64,gamma,1.0,260,3283719185462333436,749,161,2,39,64,308
64,gamma,1.0,261,599426451354718615,1506,174,0,64,46,545
64,gamma,1.0,262,3791135964716548684,1046,110,1,-12,64,384
64,gamma,1.0,263,4531739821885743488,2412,156,0,46,64,675
64,gamma,1.0,264,3166732539322472731,709,157,1,31,64,311
64,gamma,1.0,265,5960474129618106233,1389,229,3,47,64,586
64,gamma,1.0,266,2640153927767132250,740,150,-1,64,36,304
64,gamma,1.0,267,7919648720320745021,1176,204,-1,48,64,401
64,gamma,1.0,268,7894528402348666341,523,109,0,64,-1,229
64,gamma,1.0,269,2652436379304925119,999,207,1,45,64,405
64,gamma,1.0,270,7811148323569827242,567,145,-1,41,64,254
64,gamma,1.0,271,8610576983340507455,1015,175,1,64,31,335
64,gamma,1.0,272,1563457759020550351,1488,192,0,38,64,529
64,gamma,1.0,273,551773068762914739,833,149,1,13,64,313
64,gamma,1.0,274,5799797236723495621,1385,197,1,59,64,482
64,gamma,1.0,275,4315595629212617872,871,181,1,41,64,378
64,gamma,1.0,276,9136828286539375225,905,175,1,64,37,381
64,gamma,1.0,277,4729942633605436913,1316,162,0,26,64,459
64,gamma,1.0,278,4015008457469035533,2025,201,3,53,64,787
64,gamma,1.0,279,551602090932502721,1568,150,1,30,64,553
64,gamma,1.0,280,7708598947960065562,679,171,1,33,64,310
64,gamma,1.0,281,5359607040712238538,708,170,1,64,26,316
64,gamma,1.0,282,5528627662381357030,1195,191,-1,21,64,416
64,gamma,1.0,283,4161854056652594286,1150,184,-2,10,64,402
64,gamma,1.0,284,1841316070980108964,842,150,0,34,64,378
64,gamma,1.0,285,4993084196671492274,781,197,-1,64,31,341
64,gamma,1.0,286,3011810226378616495,1264,226,1,60,64,522
64,gamma,1.0,287,6574377161055874930,1065,217,-1,64,59,468
64,gamma,1.0,288,665108442997439385,764,210,1,64,52,367
64,gamma,1.0,289,4114327922475351933,778,142,2,64,28,327
64,gamma,1.0,290,5139029270188008769,863,197,-1,64,59,395
64,gamma,1.0,291,1739485402744546280,909,153,1,64,41,394
64,gamma,1.0,292,868303525182795926,1484,274,-3,22,64,616
64,gamma,1.0,293,7970564496717814861,807,201,2,51,64,359
64,gamma,1.0,294,1451878470375800742,1460,198,0,64,34,512
64,gamma,1.0,295,7051210694286584184,712,200,-2,64,16,321
64,gamma,1.0,296,3381264164221403762,904,160,-1,64,50,374
64,gamma,1.0,297,3757924082506445552,674,194,-1,24,64,328
64,gamma,1.0,298,4113969762707145471,976,180,-2,64,48,406
64,gamma,1.0,299,3615732080600228761,1182,234,1,64,58,523
64,gamma,1.0,300,3874496530059873461,1010,184,-2,52,64,398
64,gamma,1.0,301,3421709453982717081,647,173,0,33,64,271
64,gamma,1.0,302,6275259760891944375,1181,203,0,53,64,471
64,gamma,1.0,303,2681484224319019994,1401,213,-1,64,51,506
64,gamma,1.0,304,7894876314028430260,1074,172,-1,64,50,404
64,gamma,1.0,305,3485503878569005055,1182,226,-1,64,62,526
64,gamma,1.0,306,4396528281535973704,686,198,1,4,64,326
64,gamma,1.0,307,4769444093642854702,771,165,-1,41,64,339
64,gamma,1.0,308,5676853246878689850,992,190,-1,64,40,423
64,gamma,1.0,309,5737895085004515322,542,146,0,64,22,256
64,gamma,1.0,310,8675899880552611527,1121,205,-1,49,64,471
64,gamma,1.0,311,5071324848348087977,1440,200,0,4,64,509
64,gamma,1.0,312,5752435883503075430,1332,184,2,30,64,408
64,gamma,1.0,313,2523866615567275495,926,180,-1,64,46,351
64,gamma,1.0,314,107306595302543465,768,156,0,64,38,380
64,gamma,1.0,315,2246136585509184299,1373,187,-1,64,55,469
64,gamma,1.0,316,2462020667860382474,1342,258,-1,14,64,521
64,gamma,1.0,317,5343281229460008848,1101,199,1,55,64,448
64,gamma,1.0,318,3347978106989322606,1445,207,0,57,64,538
64,gamma,1.0,319,6923065423182505502,927,191,-3,25,64,404
64,gamma,1.0,320,6581102402080682374,829,169,-1,64,17,407
64,gamma,1.0,321,5703712681587661998,2174,204,-3,64,24,656
64,gamma,1.0,322,8034440758069147257,1233,203,-1,47,64,461
64,gamma,1.0,323,3696203125812741469,1857,191,-1,64,35,521
64,gamma,1.0,324,7562143231684062778,1195,179,1,27,64,443
64,gamma,1.0,325,6825976366045330944,768,182,0,64,38,391
64,gamma,1.0,326,8478115789426139851,870,228,-1,18,64,439
64,gamma,1.0,327,3864083992670621238,689,211,1,45,64,344
64,gamma,1.0,328,5879446807649460061,819,201,0,29,64,384
64,gamma,1.0,329,8152880432442428877,633,133,2,17,64,287
64,gamma,1.0,330,7152802658874276135,848,214,-1,32,64,383
64,gamma,1.0,331,5738484531588401044,1278,166,-2,64,52,439
64,gamma,1.0,332,6736105405774903508,333,131,1,64,-11,197
64,gamma,1.0,333,1113562207777866161,1500,200,0,64,44,518
64,gamma,1.0,334,6061343139734430052,1311,227,0,64,63,444
64,gamma,1.0,335,400814280474345371,1331,251,1,64,53,574
64,gamma,1.0,336,8607200843590329507,1455,243,2,64,29,559
64,gamma,1.0,337,9183635548677177963,574,134,-2,18,64,280
64,gamma,1.0,338,1256426790204189888,1620,252,-1,64,62,616
64,gamma,1.0,339,6068071376521084794,1017,181,0,43,64,418
64,gamma,1.0,340,3177565267222575349,930,226,3,56,64,434
64,gamma,1.0,341,7864674944665842271,1047,175,0,57,64,419
64,gamma,1.0,342,9186575062229051837,762,178,2,40,64,336
64,gamma,1.0,343,5516933532874600259,960,138,-2,64,26,391
64,gamma,1.0,344,5552288118982979418,1067,213,1,53,64,431
64,gamma,1.0,345,240958501290331796,705,163,-1,27,64,328
64,gamma,1.0,346,1357279862949292230,1563,199,-2,35,64,477
64,gamma,1.0,347,6668387945665821916,1409,195,0,43,64,500
64,gamma,1.0,348,1545065503484425041,1715,203,-2,64,51,609
64,gamma,1.0,349,7925596176943716924,980,188,1,40,64,406
64,gamma,1.0,350,7877404968686685522,1126,184,0,64,36,413
64,gamma,1.0,351,8453521593884394224,1377,223,1,41,64,588
64,gamma,1.0,352,720343221060013592,1130,192,-2,64,56,406
64,gamma,1.0,353,2211771821865461646,922,166,0,6,64,384
64,gamma,1.0,354,190848888598387283,1055,167,2,41,64,441
64,gamma,1.0,355,2486860475794883569,664,178,1,64,38,295
64,gamma,1.0,356,6010488543749068703,1091,183,0,64,49,450
64,gamma,1.0,357,4399677961577346686,746,170,1,18,64,338
64,gamma,1.0,358,5361647229339295821,713,159,3,37,64,317
64,gamma,1.0,359,3563511321820145327,856,196,1,64,40,363
64,gamma,1.0,360,3173769489791042688,1518,200,1,60,64,573
64,gamma,1.0,361,4924633017571062348,1175,157,0,21,64,403
64,gamma,1.0,362,1428741458907759919,760,208,2,14,64,351
64,gamma,1.0,363,1946127745926155075,962,164,-1,64,52,403
64,gamma,1.0,364,5818900042259305272,1080,164,-1,42,64,360
64,gamma,1.0,365,2799493530226257235,1248,152,2,60,64,434
64,gamma,1.0,366,8875570196355227827,1125,201,-2,64,45,461
64,gamma,1.0,367,2976709576513897815,849,175,0,29,64,345
64,gamma,1.0,368,5409706365149654685,1057,245,2,45,64,488
64,gamma,1.0,369,6641344887142014234,948,178,0,64,54,357
64,gamma,1.0,370,6162195470983755135,1080,166,-1,16,64,441
64,gamma,1.0,371,6949430897870519711,1010,206,-1,44,64,414
64,gamma,1.0,372,6564002451743008748,760,182,0,48,64,366
64,gamma,1.0,373,5880404994001091967,811,147,-3,5,64,353
64,gamma,1.0,374,8343178163430755616,1901,217,0,57,64,590
64,gamma,1.0,375,2341594347122866215,964,162,1,64,22,374
64,gamma,1.0,376,5094941585265897332,588,130,0,18,64,241
64,gamma,1.0,377,4580263740118752775,793,145,1,17,64,309
64,gamma,1.0,378,5773374163755665994,1565,235,1,39,64,563
64,gamma,1.0,379,2295126388714705832,849,219,1,64,41,391
64,gamma,1.0,380,2733112880641235139,505,173,-1,39,64,269
64,gamma,1.0,381,5719614230460999123,950,148,-1,64,48,397
64,gamma,1.0,382,1397596711460797129,648,152,1,38,64,300
64,gamma,1.0,383,3637637003418466098,1222,192,2,48,64,488
64,gamma,1.0,384,3453046520332095108,584,150,2,64,-2,292
64,gamma,1.0,385,588097331702369680,1064,200,-2,64,62,432
64,gamma,1.0,386,6212555473396660435,801,187,1,57,64,356
64,gamma,1.0,387,7654407992350887819,622,168,-2,64,52,281
64,gamma,1.0,388,8235768261887590598,1147,179,0,64,35,409
64,gamma,1.0,389,5848445000008553724,1421,197,-1,64,57,584
64,gamma,1.0,390,1817142758154769972,602,146,0,64,12,278
64,gamma,1.0,391,8581736107385295409,1278,206,1,64,36,474
64,gamma,1.0,392,1543784551707086162,1276,168,1,64,30,487
64,gamma,1.0,393,2755348667735051732,594,144,0,14,64,269
64,gamma,1.0,394,6949290479145734434,1343,247,-1,31,64,555
64,gamma,1.0,395,6845941006695504942,1312,140,-1,38,64,429
64,gamma,1.0,396,5994255778108508335,737,161,0,49,64,341
64,gamma,1.0,397,2811262867005162312,1521,207,-2,64,63,583
64,gamma,1.0,398,2132905099466879919,1329,225,-1,33,64,476
64,gamma,1.0,399,1660542021041367605,524,166,-1,42,64,263
64,gamma,1.0,400,8879669876802019622,1044,222,3,52,64,442
64,gamma,1.0,401,4217634440957491800,1251,171,1,37,64,489
64,gamma,1.0,402,131652125680502035,637,151,0,13,64,287
64,gamma,1.0,403,1519373083754678208,518,138,-2,26,64,270
64,gamma,1.0,404,1140777674535820270,834,154,0,64,46,344
64,gamma,1.0,405,2954210887627420033,624,166,0,50,64,315
64,gamma,1.0,406,8894107856447288519,1286,214,1,64,40,479
64,gamma,1.0,407,6049427855910589229,1437,263,0,64,25,520
64,gamma,1.0,408,6227756593929996784,1808,216,-2,64,52,638
64,gamma,1.0,409,9091207084905614157,914,202,1,64,56,394
64,gamma,1.0,410,3810262313258410559,1202,202,0,64,38,468
64,gamma,1.0,411,6016389284047572333,2002,202,0,64,58,675
64,gamma,1.0,412,8195850107713402401,552,166,-1,64,34,285
64,gamma,1.0,413,8501835584686732166,1035,161,0,64,17,381
64,gamma,1.0,414,6033048008891429115,1156,180,0,64,38,421
64,gamma,1.0,415,998911203860870581,1022,176,-2,64,38,370
64,gamma,1.0,416,5683777286947431581,1252,174,0,50,64,437
64,gamma,1.0,417,7169050659072595654,868,216,0,50,64,406
64,gamma,1.0,418,8207547807151479559,898,216,0,64,24,382
64,gamma,1.0,419,4629469173131522193,1377,205,0,64,51,532
64,gamma,1.0,420,2871890004010676251,1099,201,-2,64,53,414
64,gamma,1.0,421,7167811324114196909,777,187,1,33,64,376
64,gamma,1.0,422,871406628380523289,1001,249,0,49,64,459
64,gamma,1.0,423,9044856669317929108,1152,190,0,64,50,428
64,gamma,1.0,424,3542432811274622505,1879,239,0,51,64,621
64,gamma,1.0,425,4630482999653309210,1431,233,0,61,64,520
64,gamma,1.0,426,8989861881033126364,524,116,-1,20,64,281
64,gamma,1.0,427,5876271301648963874,1297,239,0,64,59,521
64,gamma,1.0,428,1852687756946007583,834,206,0,64,20,344
64,gamma,1.0,429,8315039233782429892,1299,227,-1,64,39,519
64,gamma,1.0,430,9096310552906231460,948,178,-1,38,64,373
64,gamma,1.0,431,5901075449266710087,572,132,1,64,36,253
64,gamma,1.0,432,8828781888280527983,617,147,-1,37,64,279
64,gamma,1.0,433,7827859557068422265,1388,188,0,62,64,460
64,gamma,1.0,434,2329203993224685590,1180,162,-2,34,64,342
64,gamma,1.0,435,6723358432160815610,997,167,1,41,64,428
64,gamma,1.0,436,2401419854969603961,1116,196,-2,34,64,470
64,gamma,1.0,437,8273329398351912421,556,134,0,16,64,274
64,gamma,1.0,438,2403818068547493568,1338,278,0,58,64,552
64,gamma,1.0,439,4301261412291356851,1179,239,-2,64,51,450
64,gamma,1.0,440,7395108752061176781,1302,160,0,64,16,460
64,gamma,1.0,441,7883926254884903728,835,125,0,64,-3,300
64,gamma,1.0,442,6122548209345109735,889,153,2,51,64,324
64,gamma,1.0,443,4308297162665260707,1163,197,1,45,64,446
64,gamma,1.0,444,8969560849080446514,908,190,-1,64,38,398
64,gamma,1.0,445,5692326635930332470,1535,171,-1,64,51,570
64,gamma,1.0,446,2653785687734547079,1086,168,-1,4,64,389
64,gamma,1.0,447,2343954009546347056,1208,142,2,64,16,428
64,gamma,1.0,448,550904995607710508,1009,181,-1,59,64,399
64,gamma,1.0,449,9093141460714330505,1086,208,-2,64,46,445
64,gamma,1.0,450,7623168346928905020,863,157,-2,25,64,370
64,gamma,1.0,451,2635099872773064040,706,144,0,18,64,306
64,gamma,1.0,452,1080174892830779064,939,159,1,41,64,356
64,gamma,1.0,453,8069075329970095358,1110,212,0,56,64,496
64,gamma,1.0,454,6403673213662749753,880,134,3,64,-2,324
64,gamma,1.0,455,3509636583552002608,1116,194,1,36,64,462
64,gamma,1.0,456,7645370348724580908,514,156,-1,20,64,247
64,gamma,1.0,457,6726475120475149626,604,158,-1,64,50,303
64,gamma,1.0,458,5951768511524568509,939,181,-2,64,39,397
64,gamma,1.0,459,3854196682569055995,710,184,0,64,28,321
64,gamma,1.0,460,8723853908775202554,1107,141,0,64,33,401
64,gamma,1.0,461,8507758961304473595,1031,201,2,61,64,462
64,gamma,1.0,462,450237128289928078,859,123,-1,13,64,333
64,gamma,1.0,463,7428619590742656012,901,213,-3,64,51,395
64,gamma,1.0,464,6168233841907528204,682,192,1,48,64,322
64,gamma,1.0,465,3542883306701007899,936,184,1,50,64,403
64,gamma,1.0,466,5849141183469012885,1026,170,2,40,64,394
64,gamma,1.0,467,5451082626376992967,709,145,-1,11,64,297
64,gamma,1.0,468,466310694094435377,615,175,0,64,45,278
64,gamma,1.0,469,1734053864848073505,1178,188,0,64,36,451
64,gamma,1.0,470,977392280759520641,1269,223,1,64,61,532
64,gamma,1.0,471,4943130070177451582,995,253,-1,64,13,433
64,gamma,1.0,472,243006879604859483,897,209,3,64,33,395
64,gamma,1.0,473,1145710843953512190,1474,180,0,64,28,490
64,gamma,1.0,474,729266162795745957,837,195,0,-9,64,402
64,gamma,1.0,475,5672675207101887182,496,140,-3,64,18,245
64,gamma,1.0,476,2658187234315499766,1306,214,2,50,64,524
64,gamma,1.0,477,8060275026122850118,1487,277,1,47,64,604
64,gamma,1.0,478,6985071752782311807,809,187,2,64,47,361
64,gamma,1.0,479,6764590362279686621,917,171,-1,31,64,351
64,gamma,1.0,480,7188075595134550495,1381,283,1,64,43,563
64,gamma,1.0,481,6554098554593877840,1044,156,-1,64,50,414
64,gamma,1.0,482,1672255435353677896,1075,163,2,49,64,443
64,gamma,1.0,483,3497709618642715897,1159,175,-1,64,45,414
64,gamma,1.0,484,8574926633521688255,467,123,0,25,64,219
64,gamma,1.0,485,8605806582049632495,911,181,1,37,64,409
64,gamma,1.0,486,1634420031193828114,1220,198,3,46,64,455
64,gamma,1.0,487,4263048389772528297,600,108,1,8,64,254
64,gamma,1.0,488,4839062092701533394,855,131,1,29,64,326
64,gamma,1.0,489,2675924690863810784,860,148,0,64,2,336
64,gamma,1.0,490,8058319130262733321,718,190,-1,64,28,352
64,gamma,1.0,491,2041134532168424785,714,150,1,64,24,290
64,gamma,1.0,492,5729620701625109842,1101,169,0,64,51,420
64,gamma,1.0,493,2097706329629324635,890,170,-1,64,28,349
64,gamma,1.0,494,5993871792687413885,1760,200,-2,44,64,571
64,gamma,1.0,495,5382458619721856428,877,175,-2,64,27,374
64,gamma,1.0,496,8403409264969567218,1009,219,0,64,41,433
64,gamma,1.0,497,7367629764175917927,675,217,0,64,59,366
64,gamma,1.0,498,8515129821996898997,1271,211,2,63,64,523
64,gamma,1.0,499,1795397192091113747,1406,232,2,64,26,540
64,gamma,1.0,500,5899722394617641672,932,176,2,64,22,401
64,gamma,1.0,501,2304348992243455162,796,172,0,52,64,350
64,gamma,1.0,502,4235995158968914114,644,178,1,24,64,321
64,gamma,1.0,503,8982984888649775856,377,123,-1,27,64,203
64,gamma,1.0,504,3759830567371983188,1231,243,-2,64,57,524
64,gamma,1.0,505,5014254239844831544,1100,180,-2,14,64,469
64,gamma,1.0,506,7877761874710926363,778,152,-2,30,64,356
64,gamma,1.0,507,6669197926967374733,605,163,1,31,64,272
64,gamma,1.0,508,2846982672490525901,1413,249,1,35,64,536
64,gamma,1.0,509,6743343576325266455,867,189,2,7,64,352
64,gamma,1.0,510,642895085392237369,682,172,-1,64,10,330
64,gamma,1.0,511,4893526977455632150,1058,182,2,36,64,396
64,gamma,1.0,512,3869314290311339684,957,219,2,64,19,439
64,gamma,1.0,513,4238588625348049986,1204,256,-1,44,64,499
64,gamma,1.0,514,7435291436875011416,786,156,-1,64,28,341
64,gamma,1.0,515,615037888692820560,1005,159,2,64,51,411
64,gamma,1.0,516,4806295600959771876,1679,239,0,64,37,594
64,gamma,1.0,517,2243743172277758585,1042,132,0,64,-16,369
64,gamma,1.0,518,8557855668363623317,1600,222,0,64,32,590
64,gamma,1.0,519,212703027123167610,723,183,2,61,64,346
64,gamma,1.0,520,7085009629270609795,1230,182,4,50,64,466
64,gamma,1.0,521,4135920205334856157,646,154,-1,16,64,264
64,gamma,1.0,522,6741681337678583792,1321,255,0,43,64,551
64,gamma,1.0,523,2788302114995267343,653,163,1,23,64,295
64,gamma,1.0,524,5427241249898306116,1789,203,-1,64,45,566
64,gamma,1.0,525,6033125010460194032,1275,189,1,49,64,472
64,gamma,1.0,526,7236664231252669236,862,180,-3,28,64,382
64,gamma,1.0,527,3598008445414966707,1070,232,1,40,64,482
64,gamma,1.0,528,7117522788588430028,818,182,-1,64,32,364
64,gamma,1.0,529,3887975336754777953,851,181,-1,64,53,352
64,gamma,1.0,530,3944606069973352697,610,152,0,64,24,292
64,gamma,1.0,531,6353434785733684071,711,205,1,64,53,340
64,gamma,1.0,532,7443392948079838735,2373,279,-1,64,45,794
64,gamma,1.0,533,2120751576433529036,788,192,2,56,64,354
64,gamma,1.0,534,7100851557888890780,766,178,1,64,28,321
64,gamma,1.0,535,5074217928173724615,1682,192,3,46,64,591
64,gamma,1.0,536,3865913415114185488,1005,195,0,49,64,372
64,gamma,1.0,537,7599594304015820183,1247,179,0,64,43,441
64,gamma,1.0,538,404607915387115047,787,189,2,64,49,368
64,gamma,1.0,539,7877222906875641986,649,173,1,64,47,304
64,gamma,1.0,540,5515954719831607706,573,121,0,7,64,257
64,gamma,1.0,541,6550057150603631339,932,142,1,64,14,358
64,gamma,1.0,542,6413239472038737893,1098,212,-1,64,48,438
64,gamma,1.0,543,553176492573174031,572,130,0,-4,64,263
64,gamma,1.0,544,8010417840206980812,768,156,0,32,64,374
64,gamma,1.0,545,9192343034906137138,1001,143,-1,64,23,360
64,gamma,1.0,546,7600337306129773333,650,166,1,64,40,310
64,gamma,1.0,547,3786073846501850686,1416,224,2,30,64,562
64,gamma,1.0,548,4735765039097320331,1476,178,1,64,8,541
64,gamma,1.0,549,1798136652150050991,1254,166,-1,36,64,497
64,gamma,1.0,550,4944725359803676285,754,190,-1,64,58,342
64,gamma,1.0,551,4950082316556959753,1448,168,0,38,64,568
64,gamma,1.0,552,5401096537240133723,1219,165,0,45,64,431
64,gamma,1.0,553,1523756828887710802,893,193,-1,64,51,382
64,gamma,1.0,554,5481065726566991442,1045,177,1,64,33,424
64,gamma,1.0,555,1638797891199768664,823,205,1,59,64,406
64,gamma,1.0,556,9023352677793839677,1076,186,-1,40,64,424
64,gamma,1.0,557,2152413499783019227,1801,329,-1,9,64,742
64,gamma,1.0,558,155730215237801942,1176,178,-1,64,26,427
64,gamma,1.0,559,5622617733025439458,988,258,0,64,52,468
64,gamma,1.0,560,6550847158228389281,677,159,0,64,61,290
64,gamma,1.0,561,6748445652530918771,873,161,-1,13,64,366
64,gamma,1.0,562,1255727851301113283,872,196,-1,32,64,368
64,gamma,1.0,563,1057508834695127388,964,164,0,64,28,334
64,gamma,1.0,564,4578434335219566408,891,207,1,64,35,398
64,gamma,1.0,565,4184947315428749843,476,158,0,64,22,254
64,gamma,1.0,566,1741627905388065216,978,180,1,64,54,414
64,gamma,1.0,567,2872122904629405970,488,160,1,36,64,260
64,gamma,1.0,568,6892315398960835947,757,143,-1,64,27,316
64,gamma,1.0,569,2316334467859018680,881,165,1,15,64,344
64,gamma,1.0,570,9076614430562901335,841,199,2,49,64,394
64,gamma,1.0,571,9132500879931298471,968,174,2,40,64,402
64,gamma,1.0,572,4589744753576264536,609,203,-2,29,64,334
64,gamma,1.0,573,7360828414358949949,776,160,0,20,64,315
64,gamma,1.0,574,1225224843778826980,956,186,0,64,48,412
64,gamma,1.0,575,3236950584107530091,1107,223,-1,57,64,463
64,gamma,1.0,576,1921986147524024230,1106,156,0,48,64,405
64,gamma,1.0,577,7049402147520300289,809,217,-2,64,41,378
64,gamma,1.0,578,4511154031816784537,595,143,0,11,64,282
64,gamma,1.0,579,882318885521299634,1077,169,0,64,47,396
64,gamma,1.0,580,2720385776025884903,1004,210,2,48,64,433
64,gamma,1.0,581,101160620822179646,648,124,1,-4,64,254
64,gamma,1.0,582,3371274564009886216,844,190,1,64,48,369
64,gamma,1.0,583,5263522175287807,1097,135,3,64,11,364
64,gamma,1.0,584,671302792085746004,1173,187,1,23,64,435
64,gamma,1.0,585,2770567812658516894,633,167,0,64,37,303
64,gamma,1.0,586,3691177076154107373,1499,191,0,29,64,554
64,gamma,1.0,587,2732346647682315540,526,158,2,32,64,279
64,gamma,1.0,588,6830868978480795193,772,118,-2,64,12,278
64,gamma,1.0,589,3210474404514793301,680,204,-3,64,48,325
64,gamma,1.0,590,3812884153155769093,918,176,1,-4,64,354
64,gamma,1.0,591,849577206987353245,752,166,1,56,64,335
64,gamma,1.0,592,5987142181899614581,1494,212,1,52,64,529
64,gamma,1.0,593,5420294932247532982,1068,156,-2,36,64,389
64,gamma,1.0,594,3935407243296419252,1247,201,1,43,64,484
64,gamma,1.0,595,3205928793808628941,780,142,1,14,64,327
64,gamma,1.0,596,459493435235536220,1044,158,2,32,64,368
64,gamma,1.0,597,496253202785317086,1342,262,1,64,62,525
64,gamma,1.0,598,1544236348458799955,1157,159,-1,64,29,427
64,gamma,1.0,599,4338173697873019218,1108,170,-1,42,64,405
64,gamma,1.0,600,3060173661528198680,1275,221,2,64,49,466
64,gamma,1.0,601,5343528660089415026,741,141,-1,64,33,334
64,gamma,1.0,602,8821718171500127872,858,174,0,64,-10,399
64,gamma,1.0,603,9202007828510493130,784,178,0,64,36,359
64,gamma,1.0,604,1306665739956643813,1050,152,0,64,4,437
64,gamma,1.0,605,3880619864905777805,982,194,-1,64,50,394
64,gamma,1.0,606,2457524636376773979,1537,227,1,64,63,535
64,gamma,1.0,607,5676236858294215120,1249,167,-1,64,35,444
64,gamma,1.0,608,7820965887289777546,1189,193,0,64,1,401
64,gamma,1.0,609,5306896540962350121,1366,270,4,64,46,577
64,gamma,1.0,610,7721649713026913282,1035,227,-1,64,43,451
64,gamma,1.0,611,4728217489579925553,862,134,-1,10,64,352
64,gamma,1.0,612,2296345493021359096,868,190,-2,64,42,377
64,gamma,1.0,613,90867485580601184,676,196,0,64,54,334
64,gamma,1.0,614,4602906583119893935,1362,162,0,32,64,510
64,gamma,1.0,615,137423765734904451,1873,215,1,33,64,592
64,gamma,1.0,616,7270748325069366297,1769,161,-2,64,31,623
64,gamma,1.0,617,3252311629676877457,571,173,0,64,39,289
64,gamma,1.0,618,251997801244729117,742,184,1,12,64,332
64,gamma,1.0,619,4879001667980318053,803,167,0,47,64,341
64,gamma,1.0,620,2217055682163316892,677,159,-1,64,53,312
64,gamma,1.0,621,6028436231237430319,935,211,-1,64,19,405
64,gamma,1.0,622,357824571161224197,510,186,1,42,64,285
64,gamma,1.0,623,4072018529502223281,1512,202,-1,64,30,599
64,gamma,1.0,624,825674269734358827,1042,202,-1,64,32,412
64,gamma,1.0,625,2311253901843053909,1345,197,2,64,49,517
64,gamma,1.0,626,3593176430410785778,742,180,-1,64,42,313
64,gamma,1.0,627,2214491431741348309,1372,198,0,64,52,519
64,gamma,1.0,628,3463561800916739957,1087,215,0,-11,64,438
64,gamma,1.0,629,7382582259673664102,966,206,0,64,42,449
64,gamma,1.0,630,2858060195075317064,1181,207,-2,61,64,481
64,gamma,1.0,631,443286543630524123,986,166,0,64,48,408
64,gamma,1.0,632,7559854785987679821,1137,167,0,64,51,449
64,gamma,1.0,633,3305131381147797300,2188,190,-1,64,34,736
64,gamma,1.0,634,8265462367933724290,1152,198,1,48,64,453
64,gamma,1.0,635,8724462429085448220,550,110,0,64,4,217
64,gamma,1.0,636,4324783032418678679,1032,208,-1,64,36,387
64,gamma,1.0,637,1446167228122976950,941,259,-1,64,7,430
64,gamma,1.0,638,7144728907025466858,1073,187,1,51,64,429
64,gamma,1.0,639,842928178502604269,1227,257,-1,64,49,602
64,gamma,1.0,640,6772942822108954781,621,187,1,64,45,298
64,gamma,1.0,641,6653362225218308219,766,184,2,54,64,351
64,gamma,1.0,642,4174700480974946702,899,181,3,39,64,388
64,gamma,1.0,643,8505088906969110971,1089,219,1,64,57,458
64,gamma,1.0,644,3555576404848715436,739,165,0,5,64,335
64,gamma,1.0,645,6511463302309014378,677,137,-1,64,35,310
64,gamma,1.0,646,3257218996967976073,833,163,-2,7,64,311
64,gamma,1.0,647,6132856361398672278,707,187,1,41,64,326
64,gamma,1.0,648,7086473663179574253,2228,154,-1,32,64,646
64,gamma,1.0,649,941984734254048424,822,164,0,22,64,323
64,gamma,1.0,650,8497892167097116968,931,165,1,55,64,397
64,gamma,1.0,651,1968052336061723907,2305,285,-1,64,39,670
64,gamma,1.0,652,8111344757041692948,979,189,1,49,64,404
64,gamma,1.0,653,5199225970623701911,896,138,-2,8,64,307
64,gamma,1.0,654,5435422691530504121,703,143,0,19,64,300
64,gamma,1.0,655,8964670467942823465,964,216,2,48,64,432
64,gamma,1.0,656,6057287832198329877,836,190,1,64,38,386
64,gamma,1.0,657,7576513685527163787,926,132,2,64,14,309
64,gamma,1.0,658,2117811375331033035,1015,185,0,64,5,393
64,gamma,1.0,659,8922474576165275920,559,139,1,64,33,258
64,gamma,1.0,660,1677053115164004124,569,139,-1,64,17,262
64,gamma,1.0,661,7402351682944412113,826,210,0,64,52,399
64,gamma,1.0,662,6552313182279541310,609,155,-1,64,29,288
64,gamma,1.0,663,8945427045519386540,1200,174,-1,50,64,407
64,gamma,1.0,664,4559614133141262633,1033,177,1,21,64,394
64,gamma,1.0,665,829427107909065244,1224,162,0,64,16,464
64,gamma,1.0,666,3716600075981072978,1036,216,-1,44,64,411
64,gamma,1.0,667,295721791766435082,1307,195,-1,57,64,445
64,gamma,1.0,668,1663192504077220093,1142,202,1,24,64,415
64,gamma,1.0,669,5564378930087565567,1127,173,0,64,45,459
64,gamma,1.0,670,3129379544801691086,468,150,-1,12,64,235
64,gamma,1.0,671,2670249250442716290,889,173,1,29,64,393
64,gamma,1.0,672,4867158722702484760,1082,178,-1,24,64,401
64,gamma,1.0,673,6120710882703935160,1180,210,1,54,64,490
64,gamma,1.0,674,5034185632273702431,991,159,-1,64,37,409
64,gamma,1.0,675,5623618005413399099,914,218,0,46,64,434
64,gamma,1.0,676,2325844078786045770,1039,157,1,35,64,374
64,gamma,1.0,677,9033194652821417792,886,156,0,0,64,354
64,gamma,1.0,678,7097234614031769290,1389,217,-3,64,55,512
64,gamma,1.0,679,1320270060863506569,1003,197,-1,64,53,412
64,gamma,1.0,680,8780413257719136995,934,152,-1,10,64,399
64,gamma,1.0,681,7647485877492387769,1227,155,2,29,64,437
64,gamma,1.0,682,911981113329448885,1062,192,0,64,8,452
64,gamma,1.0,683,2189132830518447155,1030,260,2,64,54,471
64,gamma,1.0,684,6028451208523103364,1424,194,-3,64,36,512
64,gamma,1.0,685,6724379163054161725,981,197,0,47,64,437
64,gamma,1.0,686,8138197348979125461,964,218,0,26,64,432
64,gamma,1.0,687,4363466323666071735,1652,196,-3,64,26,537
64,gamma,1.0,688,9182639720583334736,1210,156,1,22,64,403
64,gamma,1.0,689,1609542688973822506,1552,208,1,64,14,547
64,gamma,1.0,690,4906718623554329932,662,178,0,64,34,338
64,gamma,1.0,691,3179918830932897123,896,174,0,64,54,379
64,gamma,1.0,692,5010654951890122840,1223,153,0,33,64,413
64,gamma,1.0,693,7831010911179328527,1522,176,0,64,34,516
64,gamma,1.0,694,2308820599665470368,819,167,-3,64,35,330
64,gamma,1.0,695,7774551580784544207,1262,222,-1,64,48,507
64,gamma,1.0,696,8295580518146703591,1389,253,3,47,64,537
64,gamma,1.0,697,2137868298977107645,657,133,0,64,35,290
64,gamma,1.0,698,277488970636535199,1255,165,1,25,64,456
64,gamma,1.0,699,694285632986422659,1478,194,2,48,64,570
128,gamma,1.0,0,352104399514157935,1830,348,0,128,104,754
128,gamma,1.0,1,611506368952673508,2011,435,1,103,128,865
128,gamma,1.0,2,3049776401397809716,2150,414,-1,42,128,870
128,gamma,1.0,3,6688840409192149145,2527,429,1,107,128,1003
128,gamma,1.0,4,3448710223429006586,2683,479,1,128,115,1022
128,gamma,1.0,5,6104610691177697643,2007,403,0,128,109,812
128,gamma,1.0,6,8318474007687243624,3139,341,0,128,79,1093
128,gamma,1.0,7,1782907786596971324,1068,302,1,60,128,496
128,gamma,1.0,8,3516877937113979888,2014,326,2,84,128,769
128,gamma,1.0,9,6762696412269613564,2812,382,0,44,128,1049
128,gamma,1.0,10,5315888862992903222,2706,420,1,128,110,954
128,gamma,1.0,11,8510593799072110881,2330,336,0,128,50,862
128,gamma,1.0,12,222082091700021605,2280,430,-1,128,74,962
128,gamma,1.0,13,9167784449087643820,2197,349,-1,128,71,790
128,gamma,1.0,14,1750597920737772399,1787,335,-1,128,107,741
128,gamma,1.0,15,9121969609802923287,2242,362,-2,128,94,877
128,gamma,1.0,16,1183598379162663275,1645,407,-1,128,87,790
128,gamma,1.0,17,5367230147731019564,1779,327,-1,128,43,747
128,gamma,1.0,18,3351616847596087738,1754,412,0,92,128,771
128,gamma,1.0,19,7536429846650439422,1815,397,2,128,69,754
128,gamma,1.0,20,6326712705299397191,1668,374,0,68,128,769
128,gamma,1.0,21,1122736628913407103,2698,502,-2,128,100,1057
128,gamma,1.0,22,2442853016719779245,2237,443,2,128,115,892
128,gamma,1.0,23,2941730163170018535,1274,362,1,82,128,597
128,gamma,1.0,24,4263105824220809371,2281,403,-3,128,117,917
128,gamma,1.0,25,8401643341692991387,1889,359,1,128,55,762
128,gamma,1.0,26,2569614938407231717,2062,372,0,106,128,856
128,gamma,1.0,27,4940158972291332698,1993,419,-4,128,55,892
128,gamma,1.0,28,4901409902675996218,2478,394,1,98,128,880
128,gamma,1.0,29,1010591193215381333,2973,459,1,61,128,1169
128,gamma,1.0,30,7864575806410810540,2105,415,1,105,128,885
128,gamma,1.0,31,8300993666820850539,2472,454,0,80,128,985
128,gamma,1.0,32,5383409900191296636,2057,347,1,128,99,887
128,gamma,1.0,33,4537162316750237392,2322,380,-2,128,98,916
128,gamma,1.0,34,2605513977455635051,2733,469,-2,128,125,1038
128,gamma,1.0,35,1815731513519953930,3082,458,0,56,128,1124
128,gamma,1.0,36,2231873708711675420,2166,438,0,110,128,863
128,gamma,1.0,37,4092295773884596156,1645,349,1,128,93,694
128,gamma,1.0,38,4239789337427566192,1888,422,-1,128,100,823
128,gamma,1.0,39,8375955647676115551,2742,434,-2,120,128,994
128,gamma,1.0,40,8250770169965795410,1301,353,1,57,128,640
128,gamma,1.0,41,967601686164895367,1773,331,-1,128,61,699
128,gamma,1.0,42,6492710063959168148,2172,438,-3,128,122,934
128,gamma,1.0,43,5093053145181886442,2484,342,1,80,128,898
128,gamma,1.0,44,2144255929610887103,3394,526,1,128,120,1329
128,gamma,1.0,45,3967962102310704441,2157,371,0,91,128,856
128,gamma,1.0,46,3666445717440199384,2079,355,4,75,128,869
128,gamma,1.0,47,5455122456828586104,2074,406,0,126,128,819
128,gamma,1.0,48,281392708002434584,1518,426,0,116,128,715
128,gamma,1.0,49,8706419845801603543,2802,472,0,128,94,1069
128,gamma,1.0,50,5047503765951824206,1912,386,-4,52,128,813
128,gamma,1.0,51,6982303707140670403,2480,308,0,-10,128,857
128,gamma,1.0,52,4346365230154364557,1353,279,-2,128,35,555
128,gamma,1.0,53,7083552935715363820,2184,424,1,120,128,857
128,gamma,1.0,54,1226804534357228539,1974,330,1,44,128,828
128,gamma,1.0,55,6724831484616609677,2558,442,1,128,108,979
128,gamma,1.0,56,742163906750188969,1749,347,1,128,73,737
128,gamma,1.0,57,6878844418976678775,2224,426,0,128,108,891
128,gamma,1.0,58,1098996937919747049,1737,357,0,89,128,753
128,gamma,1.0,59,71782571071323435,1475,339,-1,128,83,662
128,gamma,1.0,60,5772085673767699494,2425,401,2,77,128,945
128,gamma,1.0,61,2056849811725447300,2196,428,-2,128,92,946
128,gamma,1.0,62,2325381279863925799,1646,328,0,64,128,682
128,gamma,1.0,63,885933316103030159,2520,360,1,128,94,979
128,gamma,1.0,64,2713597770434014985,2123,343,1,128,63,817
128,gamma,1.0,65,7284896504315981352,4303,475,-2,128,79,1479
128,gamma,1.0,66,8579175740462914250,1670,346,-2,-16,128,724
128,gamma,1.0,67,2770758869545399911,2094,428,0,116,128,847
128,gamma,1.0,68,739970984147307429,2574,330,0,128,78,924
128,gamma,1.0,69,3600804538953904426,4118,458,-1,66,128,1295
128,gamma,1.0,70,2700110108329172662,1261,351,0,128,93,654
128,gamma,1.0,71,1411639821496839360,2293,455,1,128,115,908
128,gamma,1.0,72,8741833051001989034,1872,408,0,98,128,801
128,gamma,1.0,73,354332141196978610,2462,422,0,128,82,925
128,gamma,1.0,74,3606201723347461915,1689,325,1,128,123,746
128,gamma,1.0,75,2754219148918872675,2750,394,1,110,128,897
128,gamma,1.0,76,8298406010624868849,2510,380,-1,128,76,958
128,gamma,1.0,77,2460003916545995643,2237,417,1,128,65,830
128,gamma,1.0,78,892174140438924506,3386,448,-1,128,108,1294
128,gamma,1.0,79,268534866564698885,1841,403,-2,128,49,797
128,gamma,1.0,80,1065569054677083727,2444,346,-1,128,60,890
128,gamma,1.0,81,1694032636730106053,1956,348,1,128,68,794
128,gamma,1.0,82,3165955211148122244,3028,450,0,84,128,1094
128,gamma,1.0,83,5194155784943871274,2278,420,1,94,128,942
128,gamma,1.0,84,4876076799451850110,2963,373,1,128,55,1115
128,gamma,1.0,85,7747905377696561533,2034,388,0,128,122,822
128,gamma,1.0,86,2769723643742675383,2540,436,0,126,128,1067
128,gamma,1.0,87,3867072820721345572,2410,418,0,88,128,934
128,gamma,1.0,88,5918380613207082019,2163,423,-1,95,128,873
128,gamma,1.0,89,7386153175798153566,2736,418,0,128,116,1017
128,gamma,1.0,90,6773624282895506700,2438,344,0,128,50,842
128,gamma,1.0,91,2365311208040165487,3280,356,2,84,128,1015
128,gamma,1.0,92,4167748430950923601,3260,432,0,116,128,1290
128,gamma,1.0,93,4630244886780189308,1686,312,1,84,128,683
128,gamma,1.0,94,383534079572262346,1957,375,0,107,128,822
128,gamma,1.0,95,9002764784750554354,2979,383,0,91,128,1003
128,gamma,1.0,96,4347422317082363043,2117,367,1,128,87,866
128,gamma,1.0,97,2432617933387085672,2354,310,3,68,128,843
128,gamma,1.0,98,6778973163822387206,2355,353,1,51,128,872
128,gamma,1.0,99,6949761099105901243,2560,386,0,106,128,960
128,gamma,1.0,100,5904500026213567450,2653,503,-3,128,109,999
128,gamma,1.0,101,651326170184030557,2856,384,2,128,106,847
128,gamma,1.0,102,5055800494909714652,1485,335,1,51,128,637
128,gamma,1.0,103,4070545041742871130,2596,514,-2,128,104,1053
128,gamma,1.0,104,1862411756355211869,3386,362,2,128,84,1260
128,gamma,1.0,105,368564958060813205,2041,433,0,128,123,889
128,gamma,1.0,106,5122085187988924477,2012,402,-1,128,68,839
128,gamma,1.0,107,1305191999760567572,4425,463,1,128,117,1247
128,gamma,1.0,108,3501346068606588969,1679,353,-1,75,128,812
128,gamma,1.0,109,2766719378822343843,2243,415,-1,128,121,891
128,gamma,1.0,110,2640779809068296294,2099,431,0,128,119,912
128,gamma,1.0,111,1025028356187433221,2396,398,0,128,88,887
128,gamma,1.0,112,5355219901913839065,1682,376,0,128,102,760
128,gamma,1.0,113,4884230641173285163,2437,377,0,77,128,979
128,gamma,1.0,114,3944400170747312336,3174,426,0,128,124,1209
128,gamma,1.0,115,909156839686360679,1717,279,0,51,128,686
128,gamma,1.0,116,715129264784484619,1355,369,2,85,128,642
128,gamma,1.0,117,3778950581927368681,3764,406,0,128,126,1264
128,gamma,1.0,118,5188911627579256617,2168,382,1,128,70,897
128,gamma,1.0,119,732155544236796150,2344,378,-1,128,114,979
128,gamma,1.0,120,7748059335841952422,2964,468,-1,108,128,1131
128,gamma,1.0,121,1433224355455603873,2308,426,2,112,128,931
128,gamma,1.0,122,5573660851365223201,2592,464,-2,128,86,910
128,gamma,1.0,123,1963245460831738629,3369,327,2,87,128,1048
128,gamma,1.0,124,8620106883534733710,2561,431,0,128,95,932
128,gamma,1.0,125,3844415377515197287,2160,418,1,128,96,964
128,gamma,1.0,126,1553433663555690290,1288,292,1,46,128,584
128,gamma,1.0,127,311810743818086916,1483,297,-1,128,63,613
128,gamma,1.0,128,1318888293530887815,1423,323,1,128,69,672
128,gamma,1.0,129,1411064123638697538,2404,360,0,128,110,1037
128,gamma,1.0,130,474832757085460253,1800,404,1,98,128,786
128,gamma,1.0,131,6309297223755850652,3021,455,0,103,128,1088
128,gamma,1.0,132,6073372512828028247,1840,410,-1,128,124,782
128,gamma,1.0,133,8078647509454334033,2293,299,1,79,128,832
128,gamma,1.0,134,7187804354575885778,2274,446,0,128,106,999
128,gamma,1.0,135,7985398980285279240,2015,401,-2,128,99,842
128,gamma,1.0,136,5326264871599342166,3107,467,-3,128,97,1193
128,gamma,1.0,137,2105844471091604130,1388,320,0,58,128,620
128,gamma,1.0,138,6989802235493392434,2317,369,0,128,89,871
128,gamma,1.0,139,1008372522453132509,2445,431,1,127,128,942
128,gamma,1.0,140,1928834205479331522,2429,389,0,119,128,878
128,gamma,1.0,141,2421720504543427732,2376,350,1,66,128,841
128,gamma,1.0,142,9137915618266676929,1814,320,1,40,128,640
128,gamma,1.0,143,3694781298714500750,2338,408,0,128,100,883
128,gamma,1.0,144,6100150987098882407,2860,356,-2,60,128,944
128,gamma,1.0,145,7807650458983543617,2534,420,-1,96,128,998
128,gamma,1.0,146,1068409081682802477,2024,440,1,120,128,814
128,gamma,1.0,147,6545901596248210357,3339,267,-1,35,128,955
128,gamma,1.0,148,7578962106622484556,1936,272,-1,20,128,761
128,gamma,1.0,149,8778944598320663070,2021,323,5,73,128,729
128,gamma,1.0,150,6117171181974562005,2368,392,-3,98,128,880
128,gamma,1.0,151,4256938042907758920,1794,296,0,128,32,641
128,gamma,1.0,152,7218699791901347699,2164,378,1,112,128,891
128,gamma,1.0,153,1113934518081962436,2504,414,0,122,128,1012
128,gamma,1.0,154,1346977164529051210,2080,392,-1,128,114,861
128,gamma,1.0,155,1177074293140390557,2230,330,-1,120,128,873
128,gamma,1.0,156,2482306521479933037,1658,356,0,98,128,728
128,gamma,1.0,157,7576716594923022950,2928,428,1,106,128,1028
128,gamma,1.0,158,6082365938733163977,1881,409,-2,128,115,804
128,gamma,1.0,159,521872825181195339,2283,443,0,111,128,927
128,gamma,1.0,160,8606508835216374197,2216,336,0,106,128,864
128,gamma,1.0,161,6965868094980337179,2712,374,0,118,128,1068
128,gamma,1.0,162,6738228231500086768,2351,449,2,103,128,1011
128,gamma,1.0,163,7114622962549505008,1983,399,0,115,128,809
128,gamma,1.0,164,5146580593996522675,1790,380,-1,86,128,770
128,gamma,1.0,165,8635661463867658837,1728,306,-1,128,56,704
128,gamma,1.0,166,5440166600155707778,1770,418,0,128,96,852
128,gamma,1.0,167,5720500265059750154,2453,475,0,103,128,979
128,gamma,1.0,168,7046413432281221235,1823,373,-1,128,93,780
128,gamma,1.0,169,6894900545895282733,2095,317,1,75,128,777
128,gamma,1.0,170,6279144697633921912,1947,293,0,55,128,783
128,gamma,1.0,171,536907879014715407,2228,362,-1,128,38,815
128,gamma,1.0,172,6783946593244476173,2050,390,1,128,110,852
128,gamma,1.0,173,952774337746797784,2540,392,1,122,128,1012
128,gamma,1.0,174,1512673173968813315,2349,475,1,53,128,1033
128,gamma,1.0,175,3211744830467115253,2279,429,-2,85,128,916
128,gamma,1.0,176,5427518247425613515,2488,404,0,94,128,929
128,gamma,1.0,177,427343929897306573,2449,345,0,128,69,854
128,gamma,1.0,178,3193458802013705853,2432,350,1,112,128,965
128,gamma,1.0,179,1658012507489981601,2328,358,-1,88,128,830
128,gamma,1.0,180,5940100993741434128,1967,457,2,121,128,837
128,gamma,1.0,181,5767665986852875167,1817,343,-1,128,75,734
128,gamma,1.0,182,2377162577273629366,3129,315,-1,71,128,1051
128,gamma,1.0,183,7269979050361760967,2226,368,-1,92,128,866
128,gamma,1.0,184,8688648048901922363,1506,336,0,34,128,643
128,gamma,1.0,185,6743577617592729434,1664,396,1,106,128,729
128,gamma,1.0,186,2432310471200088299,2855,371,-3,128,107,1020
128,gamma,1.0,187,8886768077376231819,2175,375,0,79,128,891
128,gamma,1.0,188,127745003900565691,2563,387,0,119,128,998
128,gamma,1.0,189,6614173157722590084,2049,337,0,97,128,793
128,gamma,1.0,190,6534069952742438392,1759,285,4,128,37,719
128,gamma,1.0,191,80303736740326299,2402,418,1,128,104,998
128,gamma,1.0,192,743274528931789899,1791,435,-2,128,121,797
128,gamma,1.0,193,315754291431455163,1684,386,1,128,60,731
128,gamma,1.0,194,4665456221046690763,2650,444,-2,128,104,1048
128,gamma,1.0,195,630066128282437367,1938,382,1,90,128,858
128,gamma,1.0,196,225198953904182079,1952,428,2,128,120,832
128,gamma,1.0,197,7076195820342991555,1400,330,0,128,82,613
128,gamma,1.0,198,6658770560011074072,2160,436,0,128,92,897
128,gamma,1.0,199,3935333725732400676,2749,433,-1,95,128,1035
128,gamma,1.0,200,5741382986291010719,2571,355,0,128,57,973
128,gamma,1.0,201,9000321963167498142,1811,349,-1,128,35,671
128,gamma,1.0,202,6145039015147936488,1628,342,1,86,128,714
128,gamma,1.0,203,6726623981592526421,2615,431,1,123,128,1011
128,gamma,1.0,204,4738163246237510990,2403,387,0,103,128,922
128,gamma,1.0,205,574558591460215361,1428,354,-1,128,86,673
128,gamma,1.0,206,8289145994408420683,3347,457,-2,128,117,1171
128,gamma,1.0,207,3851383424187340042,1214,340,1,100,128,567
128,gamma,1.0,208,5668542299061196393,1658,398,0,114,128,781
128,gamma,1.0,209,3803405796657353468,1830,348,1,128,30,759
128,gamma,1.0,210,3648420242252764199,2524,484,2,128,124,960
128,gamma,1.0,211,1638167957455371254,2287,393,1,128,61,985
128,gamma,1.0,212,8469171163686182345,1615,407,1,128,115,762
128,gamma,1.0,213,2761037745341034407,1936,354,0,82,128,784
128,gamma,1.0,214,3446297877518454193,2078,390,0,128,98,875
128,gamma,1.0,215,8383023649953370276,1937,393,0,128,113,779
128,gamma,1.0,216,1284228201756739133,2272,380,-2,128,72,920
128,gamma,1.0,217,6477113244197325939,3382,468,1,106,128,1299
128,gamma,1.0,218,224830787081300670,2533,391,1,93,128,874
128,gamma,1.0,219,5491937660232125989,2249,423,-1,111,128,888
128,gamma,1.0,220,1570117553445459355,1613,335,-2,128,111,698
128,gamma,1.0,221,9084732492890560317,2514,478,1,128,108,1026
128,gamma,1.0,222,625884358895878895,2023,333,0,128,97,810
128,gamma,1.0,223,6747304368080834764,2649,343,1,93,128,835
128,gamma,1.0,224,4651139030188095219,2144,312,1,128,18,812
128,gamma,1.0,225,8531128774901933364,3215,405,-1,67,128,1129
128,gamma,1.0,226,7862908064119753417,3287,433,3,101,128,1094
128,gamma,1.0,227,7188318004919681975,2413,425,1,89,128,999
128,gamma,1.0,228,1354578283782750532,2552,412,2,128,64,976
128,gamma,1.0,229,7762956232612272942,1608,366,0,86,128,703
128,gamma,1.0,230,6381583169157148336,2145,471,0,105,128,932
128,gamma,1.0,231,8400054741690599476,2035,359,-2,99,128,859
128,gamma,1.0,232,9032156498533683796,2571,463,1,121,128,1061
128,gamma,1.0,233,7485548301017044532,1950,318,0,128,80,743
128,gamma,1.0,234,1892911404971957199,2460,458,-1,114,128,1030
128,gamma,1.0,235,7713019985586941276,2767,407,0,128,91,992
128,gamma,1.0,236,4725392674818668173,1853,373,-1,128,83,742
128,gamma,1.0,237,9166714324796100179,1310,314,0,90,128,606
128,gamma,1.0,238,2903237811659815050,3053,505,0,128,115,1124
128,gamma,1.0,239,3365193421831160297,3232,492,1,128,108,1187
128,gamma,1.0,240,7504126864798725048,2669,461,1,95,128,1022
128,gamma,1.0,241,1367963322478806561,1915,359,1,29,128,779
128,gamma,1.0,242,7462813495141730323,1441,363,0,128,65,637
128,gamma,1.0,243,3681377098120641552,1718,390,-2,128,70,767
128,gamma,1.0,244,7983238495370466454,2433,377,0,91,128,927
128,gamma,1.0,245,5638917034406794268,1793,411,0,128,95,820
128,gamma,1.0,246,6548603943736041077,2544,400,0,104,128,958
128,gamma,1.0,247,3711613966542793556,2381,427,1,105,128,1033
128,gamma,1.0,248,8798636249737741041,2403,433,1,128,125,910
128,gamma,1.0,249,5534873229305512641,2839,419,1,128,69,1058
128,gamma,1.0,250,3874280310330606110,2037,339,-1,128,49,832
128,gamma,1.0,251,6293586137002000714,2109,401,-1,128,97,831
128,gamma,1.0,252,4905212319604204680,2038,362,-1,40,128,830
128,gamma,1.0,253,289657708937891473,2270,398,1,102,128,956
128,gamma,1.0,254,1371667109421060192,2491,481,-1,93,128,983
128,gamma,1.0,255,5242007568142520658,2325,429,1,109,128,918
128,gamma,1.0,256,6737129692452374657,2870,380,0,100,128,1076
128,gamma,1.0,257,1929687240730073099,1985,385,0,128,81,831
128,gamma,1.0,258,3200511933752728668,1656,370,2,58,128,705
128,gamma,1.0,259,1163831974291147998,2665,445,-1,115,128,1039
128,gamma,1.0,260,4548658843998456379,2645,381,0,128,55,936
128,gamma,1.0,261,8060944725139168650,2292,464,2,120,128,938
128,gamma,1.0,262,384248385032929662,1797,427,0,128,113,804
128,gamma,1.0,263,6292802999948357753,1793,363,1,97,128,744
128,gamma,1.0,264,3970788549808562832,1219,373,1,128,47,641
128,gamma,1.0,265,8472657222358286193,2074,452,-1,110,128,900
128,gamma,1.0,266,3475225476241774018,2184,380,-1,128,90,869
128,gamma,1.0,267,6458611144060216688,2240,390,1,84,128,891
128,gamma,1.0,268,4955882086613883522,3425,469,0,109,128,1230
128,gamma,1.0,269,152795236558762957,2582,414,-1,100,128,987
128,gamma,1.0,270,492874775437122196,1441,317,-1,128,49,650
128,gamma,1.0,271,2493094224357717950,1573,319,2,69,128,650
128,gamma,1.0,272,6052962571815104236,2519,429,2,95,128,1007
128,gamma,1.0,273,1510822642593827197,1530,346,-1,128,66,677
128,gamma,1.0,274,8406176899037447964,2130,312,-1,128,86,839
128,gamma,1.0,275,6176923777030523022,2081,353,1,67,128,856
128,gamma,1.0,276,4169300921255096723,1809,379,2,91,128,834
128,gamma,1.0,277,1762373095367859026,2732,382,0,110,128,970
128,gamma,1.0,278,5314112328104156743,2188,432,-1,104,128,911
128,gamma,1.0,279,156583323282537550,1860,386,0,128,94,901
128,gamma,1.0,280,3470647592880793149,2819,405,-1,111,128,1016
128,gamma,1.0,281,6188611602143455668,2564,464,-2,128,110,957
128,gamma,1.0,282,1931181675075803290,2065,343,-1,128,81,779
128,gamma,1.0,283,8500077154932925631,1862,374,2,102,128,812
128,gamma,1.0,284,1450173570723663909,1754,366,0,90,128,679
128,gamma,1.0,285,6435159056403632479,1714,340,1,26,128,720
128,gamma,1.0,286,2679984879155485407,1713,319,1,63,128,730
128,gamma,1.0,287,7427857405876948776,2878,458,-2,128,102,1144
128,gamma,1.0,288,1901635212157480923,1085,319,1,69,128,530
128,gamma,1.0,289,5782934367130152378,2272,450,1,96,128,925
128,gamma,1.0,290,5811912312097634701,2070,408,-1,78,128,799
128,gamma,1.0,291,2370685467277351216,3197,553,-1,115,128,1303
128,gamma,1.0,292,2442258773820747808,1796,312,1,34,128,738
128,gamma,1.0,293,8531532935940287918,2193,421,-1,128,87,935
128,gamma,1.0,294,5052442280313254856,2503,349,-1,128,41,868
128,gamma,1.0,295,6130716655206159357,1766,388,-1,106,128,768
128,gamma,1.0,296,6344401357743125193,1649,315,0,53,128,737
128,gamma,1.0,297,8300660101187079533,2140,398,3,74,128,860
128,gamma,1.0,298,5284627944024839888,1556,364,0,64,128,714
128,gamma,1.0,299,5775858946206824003,2234,442,0,122,128,867
128,gamma,1.0,300,3861912254447262785,1871,335,1,57,128,761
128,gamma,1.0,301,475772738974516746,3360,424,0,128,110,1213
128,gamma,1.0,302,8339209851981245795,1981,441,0,117,128,908
128,gamma,1.0,303,8242598238629517245,2184,442,1,102,128,914
128,gamma,1.0,304,1475622057190669771,2030,392,1,104,128,862
128,gamma,1.0,305,4195790252385948081,1613,341,1,57,128,731
128,gamma,1.0,306,3485346528655727175,4104,430,0,76,128,1339
128,gamma,1.0,307,7974986367575429032,2412,420,0,128,72,939
128,gamma,1.0,308,6202612757248347366,2800,390,-1,128,104,1050
128,gamma,1.0,309,3243990452089983009,2256,334,-2,128,62,783
128,gamma,1.0,310,1323315678305203618,1608,368,2,128,42,686
128,gamma,1.0,311,4766767480371423285,1724,256,1,128,58,678
128,gamma,1.0,312,3744634750395208568,2098,344,-2,56,128,818
128,gamma,1.0,313,3047288115214230899,2250,324,1,54,128,844
128,gamma,1.0,314,6843951840997072573,1871,355,2,103,128,758
128,gamma,1.0,315,3982851938524238022,1924,402,0,78,128,782
128,gamma,1.0,316,775425058968547603,1591,351,0,128,91,722
128,gamma,1.0,317,1219738454194180768,1351,335,-1,128,85,650
128,gamma,1.0,318,54978172496182306,2468,308,0,128,66,755
128,gamma,1.0,319,3919634733095303760,1955,463,-2,128,87,869
128,gamma,1.0,320,722009517773731664,2779,451,0,128,93,1053
128,gamma,1.0,321,8044342877187185897,2832,466,-2,128,110,1160
128,gamma,1.0,322,7286490727722678531,1323,287,0,128,21,603
128,gamma,1.0,323,6588011120473088024,3254,364,-3,128,68,1080
128,gamma,1.0,324,8197826674454873139,2057,431,0,95,128,880
128,gamma,1.0,325,909197954139286806,2475,383,2,99,128,944
128,gamma,1.0,326,2947920527257867912,2096,362,1,46,128,752
128,gamma,1.0,327,3047442700647673377,1983,387,0,65,128,840
128,gamma,1.0,328,1408461716927263899,2908,426,-1,116,128,1074
128,gamma,1.0,329,7164153065552891256,2537,363,0,81,128,936
128,gamma,1.0,330,4836908335824413541,2790,440,1,110,128,1061
128,gamma,1.0,331,8867321493388331085,2565,401,-3,128,91,934
128,gamma,1.0,332,7350389139422973854,2063,381,0,99,128,833
128,gamma,1.0,333,8217088162159191606,1862,400,1,114,128,868
128,gamma,1.0,334,3423077645781040193,2544,328,1,128,98,915
128,gamma,1.0,335,4725193541934545921,2344,430,0,116,128,985
128,gamma,1.0,336,1120282107236324488,2473,429,1,115,128,961
128,gamma,1.0,337,5008988322558775694,1709,381,1,97,128,762
128,gamma,1.0,338,8343223096399199141,2513,435,-2,128,103,1007
128,gamma,1.0,339,6215973820371222519,2602,384,-1,56,128,881
128,gamma,1.0,340,2519784902628525299,1941,329,-1,128,77,776
128,gamma,1.0,341,4485189556915412639,2528,428,2,128,118,1035
128,gamma,1.0,342,414193209982555635,1879,383,0,99,128,798
128,gamma,1.0,343,9037304191154196757,2920,356,1,128,78,980
128,gamma,1.0,344,4103678724378261992,1700,322,0,128,54,712
128,gamma,1.0,345,8602683242902257539,2349,401,1,107,128,913
128,gamma,1.0,346,5163678895165056140,1689,341,-2,128,87,676
128,gamma,1.0,347,5250850576258887783,1908,342,1,26,128,734
128,gamma,1.0,348,1154798712097994615,2799,471,1,123,128,1102
128,gamma,1.0,349,582659053074583087,2001,391,0,128,79,785
128,gamma,1.0,350,4675047126229590417,4135,355,2,41,128,1203
128,gamma,1.0,351,412358711874139307,1765,353,1,128,119,724
128,gamma,1.0,352,8724453299859062710,1373,279,0,128,71,578
128,gamma,1.0,353,5299736306083748843,1860,370,-2,128,104,813
128,gamma,1.0,354,4861693632437525888,3730,436,1,128,88,1302
128,gamma,1.0,355,1659074141413926400,3637,413,2,105,128,1261
128,gamma,1.0,356,1625095422977890978,1600,432,-4,92,128,749
128,gamma,1.0,357,5130702786505561738,2666,418,-2,128,96,959
128,gamma,1.0,358,3165133159019965076,1758,410,2,112,128,812
128,gamma,1.0,359,6370573799164529545,1608,310,-1,54,128,714
128,gamma,1.0,360,8463992110051575753,2372,354,3,70,128,912
128,gamma,1.0,361,5125916844274580876,2243,329,0,128,55,786
128,gamma,1.0,362,60236743081476147,2123,415,1,95,128,903
128,gamma,1.0,363,5335333317485719489,2204,438,2,78,128,917
128,gamma,1.0,364,8557686803622732774,3091,479,-1,128,101,1168
128,gamma,1.0,365,6561993288863179635,3217,421,-1,128,123,1261
128,gamma,1.0,366,9098426054338493634,2508,478,0,102,128,1043
128,gamma,1.0,367,9025808240405232397,2588,422,1,128,118,1026
128,gamma,1.0,368,9029016128682257073,2309,493,1,128,119,1004
128,gamma,1.0,369,4980275299222468409,1773,327,-1,128,85,766
128,gamma,1.0,370,8422699592384570913,2348,390,-3,128,100,854
128,gamma,1.0,371,3700242910204785031,2154,400,0,128,94,866
128,gamma,1.0,372,9012814289896395754,3187,347,0,128,79,957
128,gamma,1.0,373,282883985737904714,2601,319,1,128,79,969
128,gamma,1.0,374,4940779596380909110,2514,338,-2,128,86,989
128,gamma,1.0,375,1791710177545826910,2858,454,-1,128,102,1116
128,gamma,1.0,376,6114676863205011483,2398,380,0,82,128,901
128,gamma,1.0,377,4193160825897912212,1963,465,1,95,128,870
128,gamma,1.0,378,5556675620976274360,2272,384,0,54,128,883
128,gamma,1.0,379,7983513991255224240,2253,369,-1,128,89,875
128,gamma,1.0,380,2487634274765981500,1620,352,-3,106,128,697
128,gamma,1.0,381,6012815048582915623,1900,414,0,128,124,834
128,gamma,1.0,382,6728308826717674515,2017,355,0,128,61,813
128,gamma,1.0,383,160354046220845905,1371,361,0,91,128,658
128,gamma,1.0,384,7387149089436407090,2210,382,0,128,44,834
128,gamma,1.0,385,7352648426743256805,2596,350,-2,68,128,1002
128,gamma,1.0,386,8661271463302103288,1683,301,2,128,45,692
128,gamma,1.0,387,970093853508444256,2176,408,1,128,122,916
128,gamma,1.0,388,5031554665493630507,1740,344,0,128,86,692
128,gamma,1.0,389,2205925292423020459,2821,365,3,99,128,1115
128,gamma,1.0,390,7095342884525820746,1906,334,0,-4,128,744
128,gamma,1.0,391,1718979679979703185,2387,395,1,107,128,862
128,gamma,1.0,392,7191827200509779527,2804,450,1,84,128,1042
128,gamma,1.0,393,4167655351583775102,1991,369,1,103,128,853
128,gamma,1.0,394,3613942171815233551,3271,515,-2,128,79,1131
128,gamma,1.0,395,2490991926716509239,2604,406,-1,128,92,989
128,gamma,1.0,396,5572016046431482655,2200,426,0,110,128,950
128,gamma,1.0,397,7233909773733225739,2110,308,0,128,72,856
128,gamma,1.0,398,604367465196355557,2846,400,-1,128,92,1060
128,gamma,1.0,399,836582698872516414,2569,411,1,128,77,959
128,gamma,1.0,400,8249007275028151964,1808,306,2,60,128,674
128,gamma,1.0,401,7509217150104024715,2737,425,0,128,115,1055
128,gamma,1.0,402,3727248210674572093,2042,392,-1,106,128,824
128,gamma,1.0,403,3733104548431947234,2392,468,0,92,128,997
128,gamma,1.0,404,7291979542247437998,2036,340,-1,128,44,750
128,gamma,1.0,405,4062796171617653177,2698,384,0,122,128,993
128,gamma,1.0,406,7495969766873391290,2528,450,3,114,128,998
128,gamma,1.0,407,2828925866304640925,3661,565,2,125,128,1334
128,gamma,1.0,408,4765148761877616337,2095,407,0,128,123,874
128,gamma,1.0,409,6105758463435541792,1748,348,2,30,128,749
128,gamma,1.0,410,6366879584747761705,2589,377,0,128,73,923
128,gamma,1.0,411,5841286480247903708,2109,387,-4,39,128,800
128,gamma,1.0,412,2603685872898835707,2541,477,-3,128,119,1018
128,gamma,1.0,413,2722052309008160924,2275,267,-1,39,128,823
128,gamma,1.0,414,2107321892482194516,3237,409,-1,125,128,1135
128,gamma,1.0,415,2659248638828394916,1952,382,-1,128,100,827
128,gamma,1.0,416,8980903794349145954,1897,355,1,128,75,707
128,gamma,1.0,417,3232037182399817542,1607,315,0,128,27,656
128,gamma,1.0,418,3555076764325794784,2995,429,2,93,128,1099
128,gamma,1.0,419,2935899030105961408,2059,383,1,87,128,813
128,gamma,1.0,420,1015749462996879549,2692,430,0,44,128,1030
128,gamma,1.0,421,557976545889739052,1611,371,0,128,89,762
128,gamma,1.0,422,4853006935404080388,2058,426,1,122,128,909
128,gamma,1.0,423,8990969581955067145,1584,350,-2,128,108,645
128,gamma,1.0,424,6486388747478275637,2485,443,3,79,128,976
128,gamma,1.0,425,4037581704690031829,2509,321,-2,128,53,762
128,gamma,1.0,426,6609159317441169546,1608,288,0,128,6,631
128,gamma,1.0,427,4066915551145118760,1971,335,0,128,55,676
128,gamma,1.0,428,7031162441506374093,2384,388,1,96,128,916
128,gamma,1.0,429,2859287240395755741,1914,390,1,104,128,864
128,gamma,1.0,430,3442308180178734394,2016,362,1,98,128,780
128,gamma,1.0,431,6683742045903115695,2251,365,-1,81,128,873
128,gamma,1.0,432,3687195795348862056,1683,389,0,128,81,712
128,gamma,1.0,433,1754361148942040547,2265,391,1,63,128,903
128,gamma,1.0,434,5896229612816157244,2757,463,-1,113,128,1106
128,gamma,1.0,435,4943057653373988089,2370,310,-1,128,86,834
128,gamma,1.0,436,9181472070570964621,1352,338,-2,128,66,638
128,gamma,1.0,437,2098590759840728766,2173,357,0,73,128,774
128,gamma,1.0,438,3196676086152885495,3074,410,-1,128,114,1079
128,gamma,1.0,439,1573927070982178136,2103,417,0,87,128,872
128,gamma,1.0,440,8305973888188024288,3351,343,1,128,37,1155
128,gamma,1.0,441,6227642962817500772,2253,407,1,49,128,886
128,gamma,1.0,442,3619037390039717794,3622,386,0,128,90,1139
128,gamma,1.0,443,4249862298703147625,2513,403,-2,128,111,1038
128,gamma,1.0,444,5625126638059124877,2367,401,0,113,128,980
128,gamma,1.0,445,5943674358914706727,2472,396,1,118,128,940
128,gamma,1.0,446,6550504130365664083,2339,365,-1,128,69,920
128,gamma,1.0,447,7652846657432906927,2295,359,0,45,128,881
128,gamma,1.0,448,8572606801305790610,3339,337,1,85,128,1089
128,gamma,1.0,449,7102875478651919770,2743,407,-1,75,128,1054
128,gamma,1.0,450,8198809888143952075,2410,404,0,110,128,987
128,gamma,1.0,451,4532983590920230768,2195,345,-1,128,41,780
128,gamma,1.0,452,1526631970750635828,1749,331,1,67,128,680
128,gamma,1.0,453,8516208280907982041,2106,334,1,64,128,775
128,gamma,1.0,454,3185117772817805491,2612,414,0,112,128,1051
128,gamma,1.0,455,7505099193152418115,3494,286,-1,74,128,1047
128,gamma,1.0,456,7701330046798130960,1470,316,-1,128,64,700
128,gamma,1.0,457,421708421709816321,2232,428,2,98,128,867
128,gamma,1.0,458,4243254320757890960,1334,260,1,16,128,563
128,gamma,1.0,459,844772037899968448,2101,313,-2,87,128,821
128,gamma,1.0,460,2021862125101490705,2536,386,-2,104,128,887
128,gamma,1.0,461,2739102085779288223,2138,398,1,124,128,922
128,gamma,1.0,462,2685506832022588369,2703,419,1,101,128,1011
128,gamma,1.0,463,3473948431000381845,1545,395,-1,128,111,735
128,gamma,1.0,464,7398192526690767030,1704,352,-1,98,128,757
128,gamma,1.0,465,2925976015234614351,1752,382,1,68,128,755
128,gamma,1.0,466,5902213048954762612,2434,426,1,128,92,964
128,gamma,1.0,467,8203646825684339365,2238,396,-2,128,106,960
128,gamma,1.0,468,2159761083211849946,3224,486,-1,128,110,1288
128,gamma,1.0,469,2471677120278750607,1304,306,0,54,128,566
128,gamma,1.0,470,3940981394677924363,2127,419,0,119,128,873
128,gamma,1.0,471,4358650752724968964,1978,440,1,106,128,853
128,gamma,1.0,472,7426804083367487660,1460,374,-1,40,128,671
128,gamma,1.0,473,2011161825088784031,1617,349,2,89,128,723
128,gamma,1.0,474,6798477030748656820,1750,390,1,62,128,735
128,gamma,1.0,475,3697777284136250636,1862,274,0,50,128,770
128,gamma,1.0,476,6962639089728255186,1543,339,-1,128,87,681
128,gamma,1.0,477,3422176193043602333,3010,482,-1,128,100,1151
128,gamma,1.0,478,628645691629230435,2803,373,1,53,128,1080
128,gamma,1.0,479,6946679652525631951,2281,395,-1,128,99,885
128,gamma,1.0,480,7213392104396418569,2517,383,1,128,107,920
128,gamma,1.0,481,13819025578172910,2643,451,0,69,128,972
128,gamma,1.0,482,7013862792983502560,1775,349,-1,128,69,709
128,gamma,1.0,483,5286128636113839465,1411,357,-1,128,107,686
128,gamma,1.0,484,5874976170506367162,1994,426,0,128,110,828
128,gamma,1.0,485,8414895544759390570,2542,430,1,68,128,888
128,gamma,1.0,486,1847326284336303213,1568,264,0,46,128,658
128,gamma,1.0,487,71185161449832577,1794,362,-2,128,100,760
128,gamma,1.0,488,3519414157664839748,2483,451,2,107,128,988
128,gamma,1.0,489,7491353424706930684,2454,398,-2,94,128,970
128,gamma,1.0,490,3252910610885538703,1966,410,0,114,128,781
128,gamma,1.0,491,2283934057020891863,1737,291,1,128,35,661
128,gamma,1.0,492,3861747561210795420,2588,470,1,128,106,1008
128,gamma,1.0,493,5126840560596427842,1593,347,0,65,128,699
128,gamma,1.0,494,98183432484668057,2333,391,-1,91,128,900
128,gamma,1.0,495,7272941251735313724,2286,444,2,122,128,926
128,gamma,1.0,496,1697773130645406126,1996,390,-1,60,128,817
128,gamma,1.0,497,7858469748816530428,2212,386,1,42,128,862
128,gamma,1.0,498,1439501552645366606,1689,333,2,91,128,640
128,gamma,1.0,499,3021931664005440127,1981,399,-1,73,128,814
128,gamma,1.0,500,2002703994648766038,2539,409,-1,128,67,952
128,gamma,1.0,501,1894637991195305750,2611,437,-2,128,103,981
128,gamma,1.0,502,6944130446890202520,2015,429,0,128,93,1024
128,gamma,1.0,503,3695210960838185406,2909,429,0,99,128,986
128,gamma,1.0,504,2332609403636215441,1895,451,2,71,128,820
128,gamma,1.0,505,3070998610710678746,1572,354,-1,128,76,703
128,gamma,1.0,506,5079871609249836332,1659,367,-1,128,107,755
128,gamma,1.0,507,156053491091915258,1626,364,6,128,34,708
128,gamma,1.0,508,183343312147685719,2340,416,1,110,128,902
128,gamma,1.0,509,4212153789572969934,2457,411,2,71,128,922
128,gamma,1.0,510,6189772178035321144,2074,366,-2,128,66,883
128,gamma,1.0,511,3638644845569711919,1346,298,2,128,72,595
128,gamma,1.0,512,7307908763803022609,1510,400,1,128,100,727
128,gamma,1.0,513,6858609353666093306,1835,351,1,128,65,732
128,gamma,1.0,514,4738034374766623689,3258,382,0,74,128,1072
128,gamma,1.0,515,7052829612454786617,1616,314,-2,128,62,636
128,gamma,1.0,516,5590014652662910481,2470,438,0,128,118,980
128,gamma,1.0,517,6207130083668299437,2661,431,0,81,128,994
128,gamma,1.0,518,4100027644431010686,1632,342,0,128,62,695
128,gamma,1.0,519,142990093944099371,1956,334,-1,36,128,792
128,gamma,1.0,520,682315430410929086,2950,366,0,92,128,1026
128,gamma,1.0,521,7796953064536148899,3015,411,0,81,128,1219
128,gamma,1.0,522,3553753070169356103,2377,397,0,109,128,918
128,gamma,1.0,523,3424336801472769339,1929,351,2,97,128,808
128,gamma,1.0,524,3625184820089629517,2383,403,2,31,128,939
128,gamma,1.0,525,8261803945023123246,2878,424,0,128,110,1041
128,gamma,1.0,526,9103954564236801058,2098,362,-2,128,94,867
128,gamma,1.0,527,5531951673365455434,2888,520,-2,104,128,1204
128,gamma,1.0,528,4789934125842540570,4153,483,0,128,119,1412
128,gamma,1.0,529,6254385751524772411,1745,337,0,128,85,762
128,gamma,1.0,530,7462725804338778013,2372,472,0,102,128,1007
128,gamma,1.0,531,426379325949602576,1988,368,1,128,84,843
128,gamma,1.0,532,5113462947617383794,1872,332,-1,128,66,692
128,gamma,1.0,533,6236041285275472699,1970,382,-2,128,78,817
128,gamma,1.0,534,4489102265445350977,2523,451,1,123,128,942
128,gamma,1.0,535,2398145902970519706,1819,423,1,95,128,861
128,gamma,1.0,536,6322240518672216078,2179,377,0,128,67,891
128,gamma,1.0,537,8731648960012266240,2416,424,-1,128,98,944
128,gamma,1.0,538,2811310114598829830,2125,367,1,83,128,814
128,gamma,1.0,539,1682240124590732846,2465,335,0,128,77,918
128,gamma,1.0,540,4853036699344725850,3000,384,-2,128,106,1031
128,gamma,1.0,541,2117998968784049647,3348,518,-3,128,122,1154
128,gamma,1.0,542,2244183177205637665,1892,456,0,126,128,860
128,gamma,1.0,543,5541869290429375001,2518,390,-2,96,128,930
128,gamma,1.0,544,1743209713024074411,1834,344,-1,82,128,753
128,gamma,1.0,545,6234290050459989572,2222,364,1,80,128,840
128,gamma,1.0,546,3889055925332266055,3041,497,1,111,128,1148
128,gamma,1.0,547,8848239726318875438,1937,391,1,128,63,835
128,gamma,1.0,548,8301718173282818619,2246,488,-2,112,128,1013
128,gamma,1.0,549,2213499347200697586,2263,407,1,51,128,924
128,gamma,1.0,550,2413489733611845582,1360,332,1,128,90,622
128,gamma,1.0,551,1573248578660069071,2609,419,1,128,67,997
128,gamma,1.0,552,6330762104295202394,1250,324,0,46,128,590
128,gamma,1.0,553,4221134478444162933,2377,355,1,128,47,889
128,gamma,1.0,554,8764540773659422328,2547,405,-3,128,123,915
128,gamma,1.0,555,2344173389853857491,2965,437,1,128,101,1107
128,gamma,1.0,556,3935733540847528423,2002,420,0,88,128,810
128,gamma,1.0,557,810539253222605412,4204,490,-2,116,128,1466
128,gamma,1.0,558,915149442965040471,1946,306,-1,128,42,713
128,gamma,1.0,559,8203514889210961126,1805,363,-1,128,61,712
128,gamma,1.0,560,5669605148351222343,1662,336,0,128,80,718
128,gamma,1.0,561,2072530266871362705,2205,375,1,128,91,853
128,gamma,1.0,562,1584737783623864583,2794,308,0,128,44,924
128,gamma,1.0,563,1889278651233533488,2354,476,-3,120,128,981
128,gamma,1.0,564,2594574437736031424,1936,368,0,128,82,738
128,gamma,1.0,565,7821850883618704795,2397,481,-1,123,128,984
128,gamma,1.0,566,891963834597844644,2013,357,0,128,59,737
128,gamma,1.0,567,727645484226466748,2400,500,2,126,128,964
128,gamma,1.0,568,3851750598200015500,2367,431,2,81,128,998
128,gamma,1.0,569,6353348506956100949,2534,368,1,112,128,926
128,gamma,1.0,570,8811488871931679226,2297,333,1,49,128,910
128,gamma,1.0,571,1054479672956303912,2490,394,-1,128,112,939
128,gamma,1.0,572,3425679572161172536,2575,473,-2,128,113,1069
128,gamma,1.0,573,5652164910068881714,2199,379,1,69,128,891
128,gamma,1.0,574,5903597598755535920,2512,428,-2,62,128,1029
128,gamma,1.0,575,354413010344273318,1618,344,0,128,84,710
128,gamma,1.0,576,4126980863687484255,1803,357,-2,128,93,731
128,gamma,1.0,577,2696489898628000604,1588,386,2,128,116,704
128,gamma,1.0,578,6762596284756720117,1846,380,-1,128,82,748
128,gamma,1.0,579,9116075762487206801,1117,309,1,77,128,555
128,gamma,1.0,580,8115818226960078496,3089,397,-1,128,95,1017
128,gamma,1.0,581,2742785379414684566,2764,292,0,128,52,930
128,gamma,1.0,582,5588266576603448851,2530,338,1,128,58,897
128,gamma,1.0,583,5774209065403994240,2332,440,3,72,128,889
128,gamma,1.0,584,4293781429039354131,2584,446,0,128,88,1024
128,gamma,1.0,585,7267336971146200468,2234,328,1,72,128,910
128,gamma,1.0,586,6608986817439544940,2688,396,-2,128,74,935
128,gamma,1.0,587,5893934837530469572,1782,416,2,68,128,748
128,gamma,1.0,588,7166448431957743327,2399,355,-1,65,128,874
128,gamma,1.0,589,6018625125390106816,1403,337,2,79,128,603
128,gamma,1.0,590,4827852937595470626,2022,272,2,16,128,707
128,gamma,1.0,591,7244552312150675011,2058,362,-1,128,90,798
128,gamma,1.0,592,434798351237334578,1959,341,2,128,25,692
128,gamma,1.0,593,5271541981842209503,1696,386,-2,128,126,775
128,gamma,1.0,594,141624273711619982,1819,393,1,128,65,828
128,gamma,1.0,595,3380503456391727351,1669,307,-3,128,59,651
128,gamma,1.0,596,1956183839349954897,1759,377,-3,128,111,723
128,gamma,1.0,597,8817247592591987340,3131,499,-2,121,128,1259
128,gamma,1.0,598,6452900933645126189,1945,369,1,105,128,811
128,gamma,1.0,599,4832090213046617936,1577,345,1,128,55,681
128,gamma,1.0,600,4699976939077154064,2411,313,-2,19,128,812
128,gamma,1.0,601,968833879990016594,2467,435,0,15,128,969
128,gamma,1.0,602,5445148584367936704,2414,304,-1,38,128,874
128,gamma,1.0,603,8872430956940323112,3238,532,2,128,120,1335
128,gamma,1.0,604,7516671171601889292,1833,375,-1,99,128,783
128,gamma,1.0,605,929136913281013634,2270,388,-2,128,110,873
128,gamma,1.0,606,7843026068937950241,2520,406,2,128,108,966
128,gamma,1.0,607,4027304904815701008,2132,428,0,118,128,898
128,gamma,1.0,608,5675994056706481343,1716,378,2,122,128,742
128,gamma,1.0,609,5590321791028219000,4468,492,0,98,128,1323
128,gamma,1.0,610,3528521107836281412,1538,336,1,92,128,665
128,gamma,1.0,611,5052536794405499082,2525,385,-1,69,128,928
128,gamma,1.0,612,8852606392591579228,2059,379,2,101,128,844
128,gamma,1.0,613,2628140124323265565,2644,418,1,58,128,1022
128,gamma,1.0,614,58966621538519644,2114,446,0,108,128,898
128,gamma,1.0,615,7642767985002450090,2294,434,-2,128,106,970
128,gamma,1.0,616,538233160904883742,1827,317,0,7,128,712
128,gamma,1.0,617,22983616167142723,1926,384,1,128,66,767
128,gamma,1.0,618,4097570183994565803,1859,407,2,97,128,786
128,gamma,1.0,619,8592606595090125240,2308,362,0,104,128,907
128,gamma,1.0,620,4797997925141942261,2544,370,-1,128,84,867
128,gamma,1.0,621,5175624394356207879,2151,397,0,107,128,927
128,gamma,1.0,622,7852819087878903957,2907,493,0,128,107,1177
128,gamma,1.0,623,8980186285412493694,3134,464,1,114,128,1083
128,gamma,1.0,624,7126933734399110251,2194,382,-1,128,78,812
128,gamma,1.0,625,5595034996025428526,1622,342,0,70,128,722
128,gamma,1.0,626,7532631054769208780,2407,477,-1,128,105,971
128,gamma,1.0,627,3879169215004646058,1202,328,-1,128,56,538
128,gamma,1.0,628,7286734427407107543,2177,329,0,83,128,809
128,gamma,1.0,629,4341152996921475691,2864,426,-1,128,112,1092
128,gamma,1.0,630,1157620706604922019,1647,381,1,103,128,741
128,gamma,1.0,631,257433183944789326,2000,370,-1,128,102,820
128,gamma,1.0,632,520292039563803928,1971,383,2,128,77,823
128,gamma,1.0,633,2376339620137224790,1607,349,0,128,87,693
128,gamma,1.0,634,7271648712983421774,2924,336,0,128,10,1049
128,gamma,1.0,635,7099786645472752773,1925,321,0,128,73,690
128,gamma,1.0,636,8228501387383041990,2754,466,-3,128,114,997
128,gamma,1.0,637,910502002725809474,2856,442,-1,128,104,1092
128,gamma,1.0,638,8034229012133155373,2756,456,1,118,128,1026
128,gamma,1.0,639,2506262218630564342,2739,413,4,63,128,1029
128,gamma,1.0,640,1967023216978861641,2578,420,-4,128,112,1034
128,gamma,1.0,641,6791768428549185933,2151,319,0,128,41,868
128,gamma,1.0,642,2818570695197693909,2573,509,-1,128,61,1029
128,gamma,1.0,643,660688077194032025,1599,321,2,87,128,685
128,gamma,1.0,644,1628397256131298370,2254,414,0,128,102,964
128,gamma,1.0,645,3413884484082054387,2919,411,1,101,128,1051
128,gamma,1.0,646,1313342806949089823,2003,409,1,128,83,846
128,gamma,1.0,647,8440860178218309567,1839,351,1,79,128,740
128,gamma,1.0,648,2493775345509994837,2812,412,-1,128,70,1041
128,gamma,1.0,649,3056029228010959233,1665,325,1,77,128,714
128,gamma,1.0,650,8554474552443742359,1898,424,-2,128,124,823
128,gamma,1.0,651,6037794632344244795,2882,550,2,98,128,1244
128,gamma,1.0,652,1666978558935090793,2434,410,1,96,128,910
128,gamma,1.0,653,4748556211203026319,2870,464,1,128,92,1027
128,gamma,1.0,654,3019762630817544699,2777,431,1,111,128,975
128,gamma,1.0,655,7135878499231104055,2335,387,2,128,91,954
128,gamma,1.0,656,8838036818048738293,1442,312,2,128,66,616
128,gamma,1.0,657,8385399960745623112,1521,323,1,128,57,700
128,gamma,1.0,658,3081259869807989110,2252,354,0,102,128,900
128,gamma,1.0,659,5098615529719873523,1540,360,1,96,128,703
128,gamma,1.0,660,5086218235937435827,3185,421,-2,128,117,1129
128,gamma,1.0,661,2809837473793764465,2349,375,2,101,128,799
128,gamma,1.0,662,806849479591724928,1692,326,0,128,60,722
128,gamma,1.0,663,387957717027891502,1371,345,1,101,128,589
128,gamma,1.0,664,2699605747529318215,1541,337,-1,69,128,646
128,gamma,1.0,665,5205451125647105009,1945,377,-1,128,89,837
128,gamma,1.0,666,6326310582414165712,1549,353,1,128,79,626
128,gamma,1.0,667,4776695291865642750,1795,343,0,128,79,764
128,gamma,1.0,668,2191096206829729914,2230,458,0,124,128,967
128,gamma,1.0,669,7260581345764796269,2345,455,1,128,83,921
128,gamma,1.0,670,7635267123787642499,1724,282,1,44,128,656
128,gamma,1.0,671,5402301933228200705,2800,400,-2,128,66,1025
128,gamma,1.0,672,3123129439631987307,1827,379,0,128,111,811
128,gamma,1.0,673,3810467495139830961,2094,382,-2,128,72,876
128,gamma,1.0,674,964250827297614821,1809,413,-2,128,99,785
128,gamma,1.0,675,5215878477139228493,1908,342,1,128,70,775
128,gamma,1.0,676,8888103556920213933,1777,433,-2,117,128,844
128,gamma,1.0,677,4699257743665091896,2466,330,0,128,66,893
128,gamma,1.0,678,3043124520011073760,1810,348,0,128,52,817
128,gamma,1.0,679,4169052385067812491,2068,418,0,96,128,861
128,gamma,1.0,680,274267162584101096,3857,497,2,75,128,1435
128,gamma,1.0,681,6523930666668435215,2770,402,-1,128,106,1006
128,gamma,1.0,682,1685733174393070531,2049,423,1,128,97,867
128,gamma,1.0,683,7408357984239488985,1840,354,1,96,128,820
128,gamma,1.0,684,1318904584202281912,2086,400,1,128,90,869
128,gamma,1.0,685,683831190702499032,1850,328,-2,70,128,710
128,gamma,1.0,686,8051686998185727681,1961,323,1,128,51,801
128,gamma,1.0,687,6999258375218421930,2362,348,-1,88,128,875
128,gamma,1.0,688,1320400260958731346,2090,352,2,94,128,799
128,gamma,1.0,689,3091599333963862999,1554,400,0,128,120,714
128,gamma,1.0,690,2140633679181018520,1905,287,0,128,53,776
128,gamma,1.0,691,4902954178003298658,2507,389,1,77,128,915
128,gamma,1.0,692,5934255453591646250,1420,310,-1,128,40,615
128,gamma,1.0,693,1836880457362103387,2531,495,-1,73,128,975
128,gamma,1.0,694,6686453934326179000,2481,413,-3,128,127,974
128,gamma,1.0,695,9153055736456865535,2595,419,0,121,128,981
128,gamma,1.0,696,140254334880937036,2974,452,0,128,70,1093
128,gamma,1.0,697,1534261720356219913,1724,344,-3,128,84,740
128,gamma,1.0,698,1934919371615448466,2745,391,2,128,25,1021
128,gamma,1.0,699,6396537297835169277,2214,390,2,110,128,815
256,gamma,1.0,0,8135990974874362509,3217,707,1,161,256,1380
256,gamma,1.0,1,3904900189409296022,3744,848,-1,256,240,1652
256,gamma,1.0,2,213856411808330981,5765,815,1,205,256,2132
256,gamma,1.0,3,6791759292105415988,4740,966,0,256,252,1861
256,gamma,1.0,4,4717159197534001107,3259,753,0,175,256,1466
256,gamma,1.0,5,85089501927935280,4142,836,0,204,256,1734
256,gamma,1.0,6,3433104134988334212,4630,728,-3,256,162,1589
256,gamma,1.0,7,582056826369884876,4775,797,0,241,256,1898
256,gamma,1.0,8,8410303507973801415,4777,867,-1,256,211,1992
256,gamma,1.0,9,8934569406768566372,3734,666,0,256,130,1512
256,gamma,1.0,10,4980517090310170001,4552,826,1,256,248,1769
256,gamma,1.0,11,5526526104239281029,4067,847,-1,256,193,1712
256,gamma,1.0,12,4637119011357225929,4288,870,0,256,180,1767
256,gamma,1.0,13,2139590391310256139,5680,754,1,220,256,1942
256,gamma,1.0,14,5089236183618454574,5937,1007,0,245,256,2226
256,gamma,1.0,15,1364942597739118143,5084,904,-1,228,256,2014
256,gamma,1.0,16,4860971315892223870,4268,722,0,206,256,1724
256,gamma,1.0,17,6420956658973023931,4400,696,0,256,180,1705
256,gamma,1.0,18,1024843966668468144,4493,713,1,165,256,1681
256,gamma,1.0,19,474637665335035867,4811,851,-2,243,256,2079
256,gamma,1.0,20,6478359432543991690,3809,857,-2,256,243,1657
256,gamma,1.0,21,3441007090027339452,3803,735,-2,256,217,1541
256,gamma,1.0,22,4098009655043763635,5423,927,0,256,209,2132
256,gamma,1.0,23,157760121829723694,4037,731,0,141,256,1592
256,gamma,1.0,24,361933561484795328,4047,767,0,191,256,1653
256,gamma,1.0,25,5934581119063561606,3701,763,-1,256,183,1575
256,gamma,1.0,26,4817379457934784381,6431,841,-3,256,249,2289
256,gamma,1.0,27,6486755737861616762,3840,776,2,208,256,1594
256,gamma,1.0,28,4135320375028594410,5166,780,-1,256,204,1856
256,gamma,1.0,29,1854914837413148363,4995,921,0,256,221,2078
256,gamma,1.0,30,6479051283510552378,4830,868,1,228,256,1901
256,gamma,1.0,31,7608886594738990289,5749,915,0,227,256,2139
256,gamma,1.0,32,2778652480484027760,3501,713,1,256,175,1493
256,gamma,1.0,33,5186723579385740808,4795,755,0,215,256,1835
256,gamma,1.0,34,4182703561224349824,4114,810,1,256,186,1715
256,gamma,1.0,35,7638803797921679524,5561,881,-1,256,201,1979
256,gamma,1.0,36,3967165128867697077,4565,751,-1,256,207,1779
256,gamma,1.0,37,1927694929639729975,4378,714,-1,256,210,1745
256,gamma,1.0,38,2462649134846041913,4268,968,0,256,240,1925
256,gamma,1.0,39,1068789915937584699,4223,767,0,256,137,1651
256,gamma,1.0,40,2212875977825163226,3903,723,1,256,155,1603
256,gamma,1.0,41,5217100486973157911,6443,893,0,256,235,2349
256,gamma,1.0,42,8171602185470280294,5740,774,-1,204,256,1942
256,gamma,1.0,43,2489434304853253265,3730,794,-2,212,256,1560
256,gamma,1.0,44,7880490485061637002,3351,761,-3,155,256,1496
256,gamma,1.0,45,1943511543601534988,4603,881,3,229,256,1937
256,gamma,1.0,46,7665653428622828840,4549,839,0,223,256,1935
256,gamma,1.0,47,7581982750659408257,5045,833,1,256,221,1875
256,gamma,1.0,48,4220898725050966843,4784,914,-2,256,240,1991
256,gamma,1.0,49,8681216032043532612,4897,979,0,256,243,2011
256,gamma,1.0,50,7598669290033053445,5323,869,0,235,256,1942
256,gamma,1.0,51,4978853071558601351,4646,874,-1,222,256,1911
256,gamma,1.0,52,2786968096313879360,4922,760,0,158,256,1866
256,gamma,1.0,53,6610320939815211115,3322,732,0,162,256,1406
256,gamma,1.0,54,6440231690722344643,5003,811,0,233,256,1941
256,gamma,1.0,55,4248280461376191962,2666,606,-1,256,114,1236
256,gamma,1.0,56,4010133809644672376,5720,768,1,166,256,2045
256,gamma,1.0,57,5915690681707699969,3136,746,3,176,256,1409
256,gamma,1.0,58,7710137831928909311,3754,650,1,126,256,1510
256,gamma,1.0,59,1918481910213155848,4571,739,2,133,256,1740
256,gamma,1.0,60,5111797624399005687,4969,845,2,237,256,2002
256,gamma,1.0,61,7381158092370295662,5258,858,0,230,256,2043
256,gamma,1.0,62,3369597133463908032,5106,862,2,256,202,1977
256,gamma,1.0,63,4625659174152398506,5921,995,3,231,256,2362
256,gamma,1.0,64,1681293568478582087,4651,731,3,113,256,1669
256,gamma,1.0,65,2418019358901713746,4545,797,0,163,256,1870
256,gamma,1.0,66,9102451892239610887,4825,975,-1,225,256,1979
256,gamma,1.0,67,8240270898699454887,4684,842,1,256,186,1897
256,gamma,1.0,68,6310159114409608077,4769,803,0,256,233,1981
256,gamma,1.0,69,2487087116364880632,3518,810,-1,256,198,1561
256,gamma,1.0,70,2471959665353017675,3922,804,-2,256,176,1640
256,gamma,1.0,71,8537416069839869610,4936,832,1,256,192,1751
256,gamma,1.0,72,8788685763890681656,5378,872,2,234,256,2060
256,gamma,1.0,73,919690566263412643,3791,787,1,177,256,1617
256,gamma,1.0,74,4714138752511278585,4754,796,-1,256,204,1855
256,gamma,1.0,75,2553571818514216309,5274,902,-1,232,256,1984
256,gamma,1.0,76,5341561494977615153,4003,741,0,256,209,1610
256,gamma,1.0,77,4464857906603413077,3516,696,-2,256,122,1504
256,gamma,1.0,78,2069911135279435800,5227,785,1,193,256,1995
256,gamma,1.0,79,7097164506038268504,4594,818,0,228,256,1868
256,gamma,1.0,80,270186375487463765,3553,731,0,205,256,1474
256,gamma,1.0,81,749205908232270793,4659,831,1,195,256,1849
256,gamma,1.0,82,6552033890510227223,4936,880,-1,256,226,1867
256,gamma,1.0,83,4311827442378469039,4977,837,1,163,256,2013
256,gamma,1.0,84,2899051674986860281,3844,788,2,194,256,1627
256,gamma,1.0,85,9159282126040968627,3468,646,1,256,146,1397
256,gamma,1.0,86,2886181565825300559,4717,943,2,256,243,2003
256,gamma,1.0,87,7370005361469552514,5022,698,0,256,188,1960
256,gamma,1.0,88,2881935320644993145,5153,831,-1,235,256,1985
256,gamma,1.0,89,251349929778535779,4153,815,-1,256,225,1660
256,gamma,1.0,90,2848276075145893810,3903,813,-1,256,199,1713
256,gamma,1.0,91,3892257780907413935,4622,752,0,256,224,1716
256,gamma,1.0,92,7228840116842753794,6206,798,-1,256,210,2210
256,gamma,1.0,93,2208825646847403192,4007,841,1,227,256,1701
256,gamma,1.0,94,5066238472839419114,6336,838,-2,210,256,2179
256,gamma,1.0,95,8982734456537840392,5266,874,-1,238,256,2112
256,gamma,1.0,96,442470858428811894,5135,789,-1,256,203,1991
256,gamma,1.0,97,7737663307723819342,5105,791,1,169,256,1867
256,gamma,1.0,98,4044927270788394886,2943,595,3,63,256,1259
256,gamma,1.0,99,6674472518661091248,3902,730,0,146,256,1584
256,gamma,1.0,100,3601715344069755479,6601,909,3,211,256,2287
256,gamma,1.0,101,362453921079526533,7589,923,0,256,237,2601
256,gamma,1.0,102,86397490506803765,4260,760,-3,256,162,1596
256,gamma,1.0,103,1311562273069640373,4565,819,1,256,227,1756
256,gamma,1.0,104,4234120097564372996,4819,879,0,256,197,2037
256,gamma,1.0,105,3358389966680741130,5003,877,-1,233,256,1965
256,gamma,1.0,106,2895839527553928400,4710,826,1,222,256,1953
256,gamma,1.0,107,3121244128809611209,5641,903,1,256,193,2259
256,gamma,1.0,108,6380798798718411158,3309,701,1,185,256,1517
256,gamma,1.0,109,6835991674162442988,5231,829,1,201,256,1867
256,gamma,1.0,110,890823334599162429,6075,863,0,256,225,2200
256,gamma,1.0,111,2296743657255306099,4698,990,1,244,256,2045
256,gamma,1.0,112,5425422832997704487,4878,930,1,256,194,1947
256,gamma,1.0,113,7929300561367193344,8187,895,-1,219,256,2646
256,gamma,1.0,114,7198917938979477225,6165,943,2,253,256,2212
256,gamma,1.0,115,7057832612326618040,4302,774,0,256,174,1694
256,gamma,1.0,116,7704727449453929776,4034,822,-1,158,256,1716
256,gamma,1.0,117,5441967450091151964,3639,677,0,256,155,1513
256,gamma,1.0,118,724080322589581558,5097,805,0,175,256,1886
256,gamma,1.0,119,7785532915252105245,3899,801,2,207,256,1658
256,gamma,1.0,120,215000241928440833,3391,631,-1,256,119,1327
256,gamma,1.0,121,7258316434723366790,5650,908,0,256,202,2139
256,gamma,1.0,122,8181144079396126793,4545,859,0,229,256,1820
256,gamma,1.0,123,217397508053143663,5667,819,-1,256,225,2006
256,gamma,1.0,124,929575707677047483,3904,760,0,256,178,1586
256,gamma,1.0,125,8505026697291271727,4476,600,0,256,116,1652
256,gamma,1.0,126,5097010824970205502,4835,633,-1,256,139,1823
256,gamma,1.0,127,1273816523326709701,6202,872,-1,244,256,2273
256,gamma,1.0,128,6584010785876334440,4796,902,-1,256,248,1935
256,gamma,1.0,129,5688013281808404246,4576,850,0,256,224,1858
256,gamma,1.0,130,6064441185802342589,5250,914,2,216,256,2130
256,gamma,1.0,131,5363989703839888018,5023,711,0,256,163,1873
256,gamma,1.0,132,5869949211921519248,4356,902,0,256,210,1857
256,gamma,1.0,133,8195320244321071403,4127,871,-1,256,231,1804
256,gamma,1.0,134,3358591059038179540,5191,825,-1,256,175,1933
256,gamma,1.0,135,193910157064718634,5253,865,-2,256,201,2106
256,gamma,1.0,136,5424037999444576830,4462,868,2,242,256,1848
256,gamma,1.0,137,5711962338117538631,3780,872,0,130,256,1641
256,gamma,1.0,138,4839906182426971151,4399,785,1,207,256,1796
256,gamma,1.0,139,6920467010509163668,4451,765,0,165,256,1747
256,gamma,1.0,140,6668230206516408675,5399,783,-2,256,223,2025
256,gamma,1.0,141,6005491626731774969,3212,756,-4,256,152,1471
256,gamma,1.0,142,3823662826780974476,7118,814,-2,256,138,2186
256,gamma,1.0,143,4183633879636037768,6178,842,-2,252,256,2397
256,gamma,1.0,144,3433682863070012364,4152,886,2,256,210,1810
256,gamma,1.0,145,4343847777374884822,5331,919,1,229,256,2147
256,gamma,1.0,146,8324611673301533647,5052,764,-2,184,256,2047
256,gamma,1.0,147,3541801959067051137,3870,708,-2,256,180,1505
256,gamma,1.0,148,4759333013749901811,5355,785,1,183,256,1949
256,gamma,1.0,149,6943353923442293199,5712,916,-1,256,240,2274
256,gamma,1.0,150,2505514836222766670,5387,657,1,145,256,1899
256,gamma,1.0,151,787233797895865757,5203,873,-1,235,256,2002
256,gamma,1.0,152,8670926794522640009,4020,934,4,238,256,1824
256,gamma,1.0,153,403173890372697205,4935,1007,2,243,256,2026
256,gamma,1.0,154,618978736567826086,4508,800,0,256,196,1821
256,gamma,1.0,155,3314469589810193037,5307,985,0,256,213,2030
256,gamma,1.0,156,6399787166195337184,4175,931,0,256,177,1855
256,gamma,1.0,157,6956411406069153051,4742,846,-2,180,256,1839
256,gamma,1.0,158,7184584198627517580,5236,852,0,256,234,1990
256,gamma,1.0,159,4185372061900170092,5511,919,1,219,256,2182
256,gamma,1.0,160,6342941231708542000,5362,948,0,256,230,2184
256,gamma,1.0,161,97203684629963337,4747,855,0,215,256,1899
256,gamma,1.0,162,4012928527909201143,4858,770,-1,256,186,1875
256,gamma,1.0,163,1449211463956701426,4692,758,0,256,174,1737
256,gamma,1.0,164,5001008279588267500,4124,800,-3,256,178,1755
256,gamma,1.0,165,8692381024553083658,3538,774,0,256,200,1668
256,gamma,1.0,166,6399834644790338829,4692,920,-2,256,190,1924
256,gamma,1.0,167,3772840694396508475,5197,795,3,195,256,1886
256,gamma,1.0,168,8201480849990249832,4288,768,-1,190,256,1579
256,gamma,1.0,169,3579945886129420153,5104,806,0,244,256,1960
256,gamma,1.0,170,104153845011505753,4204,744,2,256,226,1646
256,gamma,1.0,171,2623585375442268102,4224,790,1,256,162,1731
256,gamma,1.0,172,5750232387609039526,4255,741,-1,151,256,1595
256,gamma,1.0,173,5075394634012559359,6577,957,-1,256,237,2271
256,gamma,1.0,174,1903842192531004587,5439,823,1,229,256,1947
256,gamma,1.0,175,7530720746054609758,3840,772,0,256,240,1556
256,gamma,1.0,176,6527947009117333385,4860,884,0,256,214,1930
256,gamma,1.0,177,2674211172473699026,4424,812,2,252,256,1789
256,gamma,1.0,178,3960237341912870865,3802,832,-1,256,242,1631
256,gamma,1.0,179,8085144283733374841,4301,947,-1,256,239,1827
256,gamma,1.0,180,3936814576761401011,4899,821,-4,256,205,1856
256,gamma,1.0,181,2458667964609692711,5035,953,0,211,256,1959
256,gamma,1.0,182,6392083649076938196,4729,809,-1,153,256,1900
256,gamma,1.0,183,7966637524146693448,3563,657,1,169,256,1443
256,gamma,1.0,184,6451507441289002834,4806,796,-1,196,256,1830
256,gamma,1.0,185,7711780123827676591,4604,892,-2,256,240,1881
256,gamma,1.0,186,4631973411062132774,4474,846,-2,256,254,1811
256,gamma,1.0,187,5117313846579694569,4883,863,1,201,256,1931
256,gamma,1.0,188,7179453491882753979,3709,739,1,256,167,1571
256,gamma,1.0,189,208154915591464708,5808,958,0,256,234,2185
256,gamma,1.0,190,4054333432734923295,6030,844,1,218,256,2042
256,gamma,1.0,191,8732044756226270434,5389,919,1,221,256,2097
256,gamma,1.0,192,6103640851097378994,4965,987,1,256,251,2028
256,gamma,1.0,193,7525093156643159852,3634,806,-1,256,244,1557
256,gamma,1.0,194,6651284491219527958,4432,774,0,140,256,1647
256,gamma,1.0,195,4281685729109288178,5100,800,3,180,256,1939
256,gamma,1.0,196,4277177962534350406,3863,679,1,79,256,1605
256,gamma,1.0,197,1846821458420274466,4097,703,1,256,173,1546
256,gamma,1.0,198,5747951436151436364,4053,819,1,253,256,1708
256,gamma,1.0,199,6350369083870150589,6284,922,-1,206,256,2266
256,gamma,1.0,200,2531535973748066778,4407,783,1,256,229,1749
256,gamma,1.0,201,3927482348455103484,5291,959,1,251,256,2021
256,gamma,1.0,202,9186639447238755325,4688,762,-1,256,188,1777
256,gamma,1.0,203,1940698458895959996,4498,772,0,256,192,1706
256,gamma,1.0,204,458205297329967918,6473,923,-2,256,209,2334
256,gamma,1.0,205,6099867479696177618,3877,723,0,256,173,1554
256,gamma,1.0,206,2909359811214435975,5645,887,2,256,233,2100
256,gamma,1.0,207,4775060100956813210,4924,854,1,256,204,1947
256,gamma,1.0,208,457074627170848540,5124,762,-1,256,206,1965
256,gamma,1.0,209,1273897168776163365,5683,915,-1,229,256,2074
256,gamma,1.0,210,104953709968177895,3670,652,1,256,122,1489
256,gamma,1.0,211,4871547922360475503,4630,734,1,172,256,1725
256,gamma,1.0,212,369228463449914113,6283,1033,0,256,215,2486
256,gamma,1.0,213,457737349628581806,4641,855,0,255,256,1866
256,gamma,1.0,214,5753977710711424864,4356,722,0,134,256,1680
256,gamma,1.0,215,7251547753237827837,5686,818,0,256,236,2137
256,gamma,1.0,216,287898522279546681,3516,780,-2,256,200,1478
256,gamma,1.0,217,635296024388985146,4107,779,1,253,256,1708
256,gamma,1.0,218,3886694183449375272,7216,950,0,250,256,2363
256,gamma,1.0,219,7348752975140609161,4616,866,0,202,256,1916
256,gamma,1.0,220,6430853539166203356,3939,685,-2,105,256,1587
256,gamma,1.0,221,8320915199769453405,5166,676,1,170,256,1906
256,gamma,1.0,222,3054330205280944367,4704,960,2,256,228,1923
256,gamma,1.0,223,7627329497885363785,5033,839,-3,256,215,1985
256,gamma,1.0,224,2129065945491163797,3666,692,0,256,206,1563
256,gamma,1.0,225,1549852473388390621,5116,966,0,256,238,2049
256,gamma,1.0,226,1342566478599434034,3653,697,0,193,256,1450
256,gamma,1.0,227,7045012677240061440,4014,786,-2,256,204,1586
256,gamma,1.0,228,7529514660411863156,4836,830,2,206,256,1936
256,gamma,1.0,229,7526670947437379677,4601,901,1,251,256,1853
256,gamma,1.0,230,8387018882543410874,4885,821,1,256,197,1876
256,gamma,1.0,231,4988777732031281791,5057,807,-1,256,189,1836
256,gamma,1.0,232,8329498105069485309,4512,704,-2,256,210,1718
256,gamma,1.0,233,311925420774426147,6021,931,1,249,256,2168
256,gamma,1.0,234,6838327204245572704,5124,838,-2,256,222,1916
256,gamma,1.0,235,7408546685415110577,5803,877,-2,256,189,2143
256,gamma,1.0,236,2743977951642602688,4199,735,0,256,189,1669
256,gamma,1.0,237,7365269744214017324,3635,693,0,183,256,1429
256,gamma,1.0,238,5407474512861924673,4859,783,2,197,256,1811
256,gamma,1.0,239,2158947471201845859,4457,833,0,256,231,1797
256,gamma,1.0,240,1937355911453251187,3392,768,1,128,256,1508
256,gamma,1.0,241,2906227633627133669,4824,750,0,256,152,1880
256,gamma,1.0,242,3974610508268758450,3838,738,-1,256,154,1546
256,gamma,1.0,243,6697260065552779001,4038,668,-2,256,138,1516
256,gamma,1.0,244,5192466560237138818,4911,939,-2,256,229,2026
256,gamma,1.0,245,3902194906989506980,6839,945,-1,187,256,2472
256,gamma,1.0,246,8276604935555445922,4121,633,0,256,43,1544
256,gamma,1.0,247,922155986190362855,5006,878,-2,256,204,1986
256,gamma,1.0,248,6692355091530798066,5437,855,-1,256,235,2056
256,gamma,1.0,249,8951034839092387652,3664,772,1,218,256,1641
256,gamma,1.0,250,4378306540648149610,4566,806,0,126,256,1814
256,gamma,1.0,251,7387033033806452306,5260,842,1,200,256,1983
256,gamma,1.0,252,1257155004145524676,5301,805,0,227,256,2027
256,gamma,1.0,253,7855170392096806530,4801,931,1,185,256,1936
256,gamma,1.0,254,407069703617009314,3935,775,-2,256,155,1669
256,gamma,1.0,255,2541046568627175467,4660,762,3,170,256,1871
256,gamma,1.0,256,1683257544938196126,4747,803,-1,256,143,1825
256,gamma,1.0,257,2798607409612506191,6537,1001,-1,256,223,2467
256,gamma,1.0,258,1350188419584535207,4446,824,1,256,180,1792
256,gamma,1.0,259,8812722685899876072,3473,719,-2,256,137,1488
256,gamma,1.0,260,1773323443335132191,2904,722,1,90,256,1335
256,gamma,1.0,261,6498133127456092258,4521,851,0,185,256,1811
256,gamma,1.0,262,810851342745449884,4077,789,-1,256,225,1734
256,gamma,1.0,263,6094610307869810616,5982,878,0,256,216,2231
256,gamma,1.0,264,7668513959590170208,4786,834,0,256,198,1933
256,gamma,1.0,265,6521140189624858683,5253,931,0,189,256,2048
256,gamma,1.0,266,6411645056305057087,5585,895,3,249,256,2096
256,gamma,1.0,267,4618195883746127865,4684,982,-1,256,204,1909
256,gamma,1.0,268,789566711867313861,4934,776,1,256,214,1828
256,gamma,1.0,269,8256948880172428204,4288,840,1,256,184,1843
256,gamma,1.0,270,1699859060714276779,4127,763,0,155,256,1668
256,gamma,1.0,271,5635031501185493636,5584,942,2,256,248,2146
256,gamma,1.0,272,3731424754959570950,3653,743,1,256,171,1585
256,gamma,1.0,273,7287448657638161565,4682,898,0,164,256,1887
256,gamma,1.0,274,9177532610153072672,5103,831,1,175,256,2024
256,gamma,1.0,275,4920697811849320754,5461,859,0,247,256,2202
256,gamma,1.0,276,8505353074990797906,3879,681,0,256,135,1529
256,gamma,1.0,277,7696953180211336437,5022,820,1,256,166,1948
256,gamma,1.0,278,1246724274012788668,3340,730,0,186,256,1486
256,gamma,1.0,279,7610311580564633544,5238,806,-2,256,210,1875
256,gamma,1.0,280,7103501141552366457,5783,947,0,256,249,2205
256,gamma,1.0,281,5574793001240978427,4504,884,1,212,256,2004
256,gamma,1.0,282,2923824446354786648,3739,743,2,173,256,1592
256,gamma,1.0,283,1275888046882387954,5213,825,-2,256,227,1979
256,gamma,1.0,284,6096154464320499652,5041,669,-1,123,256,1868
256,gamma,1.0,285,1046834856261270176,3371,657,-2,256,117,1406
256,gamma,1.0,286,6130993582422637594,3436,730,0,256,210,1481
256,gamma,1.0,287,8127963859247318626,4696,810,2,212,256,1823
256,gamma,1.0,288,7686373186470693741,4064,862,-1,252,256,1669
256,gamma,1.0,289,1433525036314246711,5008,860,0,222,256,1952
256,gamma,1.0,290,872282727282277341,3874,736,2,184,256,1532
256,gamma,1.0,291,6662886092254990740,4555,863,-2,256,237,1824
256,gamma,1.0,292,1244198655679291432,5264,952,1,248,256,2024
256,gamma,1.0,293,1763135864846905138,4499,863,0,187,256,1764
256,gamma,1.0,294,1391815548092604289,4603,789,2,256,215,1846
256,gamma,1.0,295,6867398096703088446,5524,888,1,246,256,2036
256,gamma,1.0,296,8862995475222162734,4850,872,1,256,246,1838
256,gamma,1.0,297,5182114355912805621,5916,888,3,120,256,2143
256,gamma,1.0,298,7291782992643002425,4227,757,3,151,256,1716
256,gamma,1.0,299,1761405463824951031,3855,711,-2,159,256,1609
256,gamma,1.0,300,1088081464082827160,4214,884,0,256,240,1791
256,gamma,1.0,301,8667163310762073906,5421,935,0,256,213,2104
256,gamma,1.0,302,2002990520450898252,4764,908,1,256,252,1932
256,gamma,1.0,303,5592611807466208293,3694,746,1,144,256,1529
256,gamma,1.0,304,6392306729704665878,7006,1016,2,244,256,2561
256,gamma,1.0,305,5370371403048156237,4107,797,0,256,153,1717
256,gamma,1.0,306,7423059935651383900,3742,696,-1,256,142,1529
256,gamma,1.0,307,7139053270475594101,3413,597,-1,256,139,1328
256,gamma,1.0,308,1872563373237277984,4701,745,-2,256,235,1858
256,gamma,1.0,309,5592777088921227452,5550,806,-2,166,256,1876
256,gamma,1.0,310,6902014481584732379,5212,980,2,256,204,1982
256,gamma,1.0,311,2542400357724933715,5665,851,0,245,256,2105
256,gamma,1.0,312,983143663320209443,5286,690,0,256,142,1857
256,gamma,1.0,313,1316644433474924583,3823,703,1,143,256,1529
256,gamma,1.0,314,6504545332864697837,4500,796,1,168,256,1671
256,gamma,1.0,315,8190115687580472185,4652,774,0,256,236,1830
256,gamma,1.0,316,3968092331298544898,5208,806,1,256,236,2012
256,gamma,1.0,317,1677499197081092785,6152,1004,-1,256,240,2254
256,gamma,1.0,318,336625825472014130,4937,811,3,205,256,1831
256,gamma,1.0,319,5495519535817046425,3926,826,-2,256,208,1629
256,gamma,1.0,320,1564036751431094705,4804,854,2,246,256,1993
256,gamma,1.0,321,3244137146908894082,4183,757,0,195,256,1634
256,gamma,1.0,322,5712549579698214627,3457,707,0,187,256,1489
256,gamma,1.0,323,4399556857943315666,4985,799,-2,256,251,1823
256,gamma,1.0,324,957403970811493404,4694,748,-2,256,194,1817
256,gamma,1.0,325,843457666045799740,4503,803,1,209,256,1890
256,gamma,1.0,326,7268622991582006201,3568,798,-1,170,256,1563
256,gamma,1.0,327,7414691327503059528,4365,783,-1,256,221,1792
256,gamma,1.0,328,7880040402377751049,4669,955,1,256,215,2065
256,gamma,1.0,329,6453289096888595377,4672,858,-2,256,242,1916
256,gamma,1.0,330,6496358404278362736,4281,889,0,191,256,1803
256,gamma,1.0,331,6646502344966921678,5559,759,0,256,227,1996
256,gamma,1.0,332,4575711661310762342,5084,928,3,226,256,2015
256,gamma,1.0,333,6095539821257499507,4178,900,0,210,256,1811
256,gamma,1.0,334,897738738979144673,3547,709,-1,169,256,1502
256,gamma,1.0,335,3152437054684107097,6772,912,-3,256,250,2333
256,gamma,1.0,336,8219463839793189867,4166,808,-1,256,114,1718
256,gamma,1.0,337,7080276562753668993,5312,896,-2,238,256,2138
256,gamma,1.0,338,8848927643725588572,4091,849,-1,256,145,1768
256,gamma,1.0,339,4389230286625694966,5472,882,1,194,256,2136
256,gamma,1.0,340,4377602138854658113,3677,711,0,256,153,1527
256,gamma,1.0,341,1374460985773600648,3520,738,-1,236,256,1516
256,gamma,1.0,342,8317227791184860528,6069,825,0,256,209,2215
256,gamma,1.0,343,7500713802988774975,4524,766,1,256,136,1765
256,gamma,1.0,344,6115379343092212604,6506,844,0,222,256,2224
256,gamma,1.0,345,4990928178355656008,4839,711,3,175,256,1736
256,gamma,1.0,346,1255447939385868770,4862,794,2,152,256,1698
256,gamma,1.0,347,6847222786043120217,5281,857,2,256,197,1995
256,gamma,1.0,348,7444652551365649209,5022,974,2,248,256,2089
256,gamma,1.0,349,2361176483326866085,4296,818,1,152,256,1736
256,gamma,1.0,350,2868867680733123516,4952,866,-1,234,256,1986
256,gamma,1.0,351,6679072069866396559,4374,854,1,224,256,1751
256,gamma,1.0,352,5430212167537718353,4402,760,0,160,256,1696
256,gamma,1.0,353,6742558703768572503,4282,780,0,256,222,1691
256,gamma,1.0,354,6860285757308562045,5874,884,0,228,256,2094
256,gamma,1.0,355,5958189748107405149,5270,804,-1,218,256,1994
256,gamma,1.0,356,3251081485503094598,4284,808,0,256,194,1783
256,gamma,1.0,357,2125632031197513946,5297,905,-5,256,241,2140
256,gamma,1.0,358,7937726171871954232,4225,873,1,256,235,1750
256,gamma,1.0,359,4953602419205302749,4843,763,1,256,187,1772
256,gamma,1.0,360,6769173086903259002,6265,833,-1,256,183,2237
256,gamma,1.0,361,57275746939360209,3950,820,0,194,256,1749
256,gamma,1.0,362,3522533820753764263,4740,856,0,208,256,1837
256,gamma,1.0,363,4879071453292185716,5755,957,1,245,256,2361
256,gamma,1.0,364,5668429493316032308,4562,876,-1,256,242,1831
256,gamma,1.0,365,7449039005792269256,4997,933,0,256,181,1940
256,gamma,1.0,366,5598424413921764227,3524,684,0,256,136,1405
256,gamma,1.0,367,6064433372926056011,5667,937,-1,211,256,2248
256,gamma,1.0,368,5486685681064990499,4927,719,1,205,256,1815
256,gamma,1.0,369,6584864692563002122,4150,758,2,184,256,1641
256,gamma,1.0,370,2454728019017005617,5082,846,-2,226,256,1960
256,gamma,1.0,371,29560720656761909,4356,892,-2,256,190,1822
256,gamma,1.0,372,173787202724140680,5469,985,2,243,256,2120
256,gamma,1.0,373,8507432800622564229,5853,925,-2,256,219,2239
256,gamma,1.0,374,8085890447461209576,4213,743,3,256,167,1716
256,gamma,1.0,375,1453057796006222950,5260,798,-5,256,190,1937
256,gamma,1.0,376,1452855204293144192,6351,831,2,235,256,2311
256,gamma,1.0,377,8750616062035358486,4547,791,1,256,205,1780
256,gamma,1.0,378,9089565585341334499,5084,956,0,256,220,1960
256,gamma,1.0,379,6016379090648952455,4420,822,2,188,256,1733
256,gamma,1.0,380,7316189671645825900,5743,961,2,231,256,2201
256,gamma,1.0,381,5851810117321210595,5520,876,2,256,146,2039
256,gamma,1.0,382,6632962126933816496,5559,935,0,245,256,2079
256,gamma,1.0,383,5939191610393267612,4545,833,1,195,256,1780
256,gamma,1.0,384,229793133075488175,5492,880,0,236,256,2194
256,gamma,1.0,385,3526583482675582280,3326,582,-1,256,132,1257
256,gamma,1.0,386,727435563376190786,3895,667,1,256,151,1456
256,gamma,1.0,387,2885109831915764890,4078,716,-1,200,256,1619
256,gamma,1.0,388,3389898048530650153,5471,839,3,235,256,2096
256,gamma,1.0,389,4409121247414509433,4958,866,0,252,256,1885
256,gamma,1.0,390,2554878234134874742,4112,828,-3,256,242,1720
256,gamma,1.0,391,107357006779650363,4503,725,1,159,256,1740
256,gamma,1.0,392,3792660500100527606,4590,772,-2,256,144,1796
256,gamma,1.0,393,7909692046997873768,5295,831,1,175,256,2045
256,gamma,1.0,394,2327125272317094393,3324,782,0,256,158,1548
256,gamma,1.0,395,629382255567629851,5329,811,2,195,256,2021
256,gamma,1.0,396,39751972522429501,5464,894,0,256,222,2027
256,gamma,1.0,397,5857205896498121167,3813,795,2,219,256,1625
256,gamma,1.0,398,5292770847052838343,4333,847,1,251,256,1733
256,gamma,1.0,399,7031390582053295024,4978,882,-3,256,244,1901
256,gamma,1.0,400,7405410200738397393,4831,769,1,223,256,1958
256,gamma,1.0,401,8009007208735546082,3543,651,2,89,256,1469
256,gamma,1.0,402,8924486273467520234,4630,840,2,256,220,1872
256,gamma,1.0,403,5891349755251736916,4245,769,-1,256,145,1628
256,gamma,1.0,404,1277929784462929741,4759,871,1,223,256,1814
256,gamma,1.0,405,1275556013631603015,5452,888,0,256,146,2125
256,gamma,1.0,406,3555054776462931068,6301,889,3,256,179,2286
256,gamma,1.0,407,1399867258320716205,4568,920,1,238,256,1893
256,gamma,1.0,408,162906751522954589,4041,875,1,241,256,1759
256,gamma,1.0,409,8039144953793835981,5767,911,-1,256,243,2253
256,gamma,1.0,410,2591499979006357666,5272,746,1,256,190,1912
256,gamma,1.0,411,4504520597530034433,4999,771,0,256,187,1951
256,gamma,1.0,412,6056984010230060724,4696,770,0,212,256,1795
256,gamma,1.0,413,3951196029930033136,4604,844,-2,232,256,1903
256,gamma,1.0,414,7712178365916050478,3874,800,0,256,184,1605
256,gamma,1.0,415,8845412057771745777,6385,927,0,256,231,2222
256,gamma,1.0,416,2811304646972136756,5275,919,0,209,256,2034
256,gamma,1.0,417,6625213413648923816,3197,635,0,256,153,1340
256,gamma,1.0,418,1950149781546404536,4158,814,-1,256,218,1707
256,gamma,1.0,419,6178696298201438240,4691,873,-1,256,239,1990
256,gamma,1.0,420,434829889581298981,5430,870,2,228,256,1993
256,gamma,1.0,421,6312551929943810400,3886,836,2,252,256,1653
256,gamma,1.0,422,1509092204846592563,3650,768,-1,256,226,1616
256,gamma,1.0,423,9045642362319351815,4910,810,0,220,256,1867
256,gamma,1.0,424,3451455768573119956,4551,779,0,256,205,1992
256,gamma,1.0,425,3185182266394269124,4990,692,-2,150,256,1794
256,gamma,1.0,426,3107965981275843637,5029,837,-1,256,249,1971
256,gamma,1.0,427,9154970971270112869,4766,892,-1,256,200,1918
256,gamma,1.0,428,1069867901143039317,4950,852,-2,256,214,1983
256,gamma,1.0,429,4714050408142002806,3975,823,0,217,256,1726
256,gamma,1.0,430,1216821924990852554,6350,942,-2,256,240,2343
256,gamma,1.0,431,2759725550408108781,5077,777,0,125,256,1896
256,gamma,1.0,432,9134269205278274020,4860,966,1,236,256,1999
256,gamma,1.0,433,5930481612594172427,3697,773,-1,221,256,1559
256,gamma,1.0,434,2574135748328365806,5044,832,-3,256,244,1962
256,gamma,1.0,435,8624084377500090569,4831,827,-2,256,249,1920
256,gamma,1.0,436,1784188395298675423,5308,930,-1,220,256,2090
256,gamma,1.0,437,9171513753323023822,5601,901,1,209,256,2233
256,gamma,1.0,438,6956905929014461967,5402,850,-2,256,198,2020
256,gamma,1.0,439,4616031737453901043,5037,911,-1,256,211,2038
256,gamma,1.0,440,8259433716684625825,3138,702,0,256,134,1349
256,gamma,1.0,441,2640568402590363486,4146,784,2,256,208,1629
256,gamma,1.0,442,8389940423653660795,3778,812,0,228,256,1701
256,gamma,1.0,443,5572161630664723209,4383,847,0,256,205,1835
256,gamma,1.0,444,7237640996132587218,4381,793,-1,189,256,1817
256,gamma,1.0,445,9217280046706257604,4282,830,1,182,256,1764
256,gamma,1.0,446,2936245970892264887,5077,795,-1,147,256,1854
256,gamma,1.0,447,4553776956807954666,4232,738,0,256,156,1706
256,gamma,1.0,448,4365264226335152712,4634,748,-1,256,146,1770
256,gamma,1.0,449,7789286436475182579,4222,802,0,216,256,1805
256,gamma,1.0,450,2956523657188918033,3416,836,3,256,168,1514
256,gamma,1.0,451,3627745645740978874,4686,780,-4,256,198,1803
256,gamma,1.0,452,6239895088697628297,7102,942,0,202,256,2502
256,gamma,1.0,453,2998495282960332161,5551,813,1,229,256,2114
256,gamma,1.0,454,2295247633613085229,3881,815,1,256,163,1693
256,gamma,1.0,455,3833395935541305683,4432,744,0,256,168,1809
256,gamma,1.0,456,7662585878362276243,5174,878,3,204,256,1924
256,gamma,1.0,457,4552823896535007754,5262,834,3,216,256,1931
256,gamma,1.0,458,3535099618948426517,5045,783,0,181,256,1827
256,gamma,1.0,459,508335539590827815,4518,780,1,224,256,1766
256,gamma,1.0,460,7834700467988810676,5235,865,-1,256,221,2071
256,gamma,1.0,461,8594456058351536991,3873,783,0,256,165,1642
256,gamma,1.0,462,3577551235356713050,4039,713,0,109,256,1577
256,gamma,1.0,463,3931697036224217698,4222,838,0,256,224,1827
256,gamma,1.0,464,6574554469968630614,5566,854,1,192,256,2154
256,gamma,1.0,465,6024826128587699151,4519,791,0,256,195,1815
256,gamma,1.0,466,3730868692320472106,4164,746,0,188,256,1727
256,gamma,1.0,467,5789435249181379611,6676,932,1,224,256,2324
256,gamma,1.0,468,9029655590157447408,5236,792,-1,256,242,2028
256,gamma,1.0,469,9965404896828397,5756,882,-1,256,208,2087
256,gamma,1.0,470,2912577408380065920,5563,911,-1,195,256,2092
256,gamma,1.0,471,8375122104956260049,4506,952,2,236,256,1893
256,gamma,1.0,472,4169221854715941756,3395,793,0,256,229,1452
256,gamma,1.0,473,1566610353831926941,4670,876,2,212,256,1928
256,gamma,1.0,474,4744577485571724359,4223,737,2,215,256,1656
256,gamma,1.0,475,882154895320275207,3973,731,2,173,256,1592
256,gamma,1.0,476,6707471334988253445,5506,834,1,220,256,2146
256,gamma,1.0,477,4323831646966300466,6218,984,0,256,236,2416
256,gamma,1.0,478,2434035998490921129,4258,712,-1,148,256,1580
256,gamma,1.0,479,6313827101470809498,3893,827,0,256,225,1697
256,gamma,1.0,480,6879196543776454029,4616,794,-1,256,164,1793
256,gamma,1.0,481,2304446558519197996,4597,753,-3,207,256,1702
256,gamma,1.0,482,8697945441141225605,3489,737,0,256,167,1538
256,gamma,1.0,483,7159822341416473135,5914,1036,1,256,208,2417
256,gamma,1.0,484,7253988492204230674,3969,749,-1,256,199,1564
256,gamma,1.0,485,207863183196067400,5340,868,0,256,226,2016
256,gamma,1.0,486,3176029219957223985,3776,870,2,204,256,1659
256,gamma,1.0,487,6363932264670433772,4968,868,-1,230,256,1881
256,gamma,1.0,488,6476347991633061227,5035,831,1,256,239,1993
256,gamma,1.0,489,6856791290834716097,5120,826,0,256,242,1922
256,gamma,1.0,490,3296833132725105566,4861,875,0,256,203,1924
256,gamma,1.0,491,8557898915390226894,4311,687,-2,256,197,1684
256,gamma,1.0,492,6520504206868505747,5360,916,0,256,254,2157
256,gamma,1.0,493,4053718592211273397,4759,825,2,209,256,1847
256,gamma,1.0,494,5054774789695871415,3834,794,-3,204,256,1577
256,gamma,1.0,495,3552256203274642186,4671,819,1,145,256,1905
256,gamma,1.0,496,4150343159732270977,4899,865,1,243,256,1853
256,gamma,1.0,497,2797836283339667045,3770,820,1,256,200,1662
256,gamma,1.0,498,7954510986377439108,5400,824,2,230,256,2104
256,gamma,1.0,499,2860337613976724938,4489,767,1,235,256,1822
256,gamma,1.0,500,734001445771329421,4394,750,-1,256,154,1732
256,gamma,1.0,501,3550734002947964261,5344,918,-1,194,256,2110
256,gamma,1.0,502,7218472320697113931,6052,870,-1,256,250,2171
256,gamma,1.0,503,3856047548652975529,4282,758,0,256,208,1794
256,gamma,1.0,504,2260212197789954936,8458,902,1,256,168,2682
256,gamma,1.0,505,3079434567721557654,5073,907,-2,256,209,2027
256,gamma,1.0,506,3509127123625955549,4086,792,-1,256,228,1711
256,gamma,1.0,507,5596630923756125796,4919,813,1,256,215,1892
256,gamma,1.0,508,8106331635336042701,4678,950,1,234,256,1861
256,gamma,1.0,509,3029872121482649776,4775,881,1,223,256,1958
256,gamma,1.0,510,4604334185782194137,3979,791,-1,256,201,1629
256,gamma,1.0,511,4697801719345567740,6640,864,-2,230,256,2384
256,gamma,1.0,512,6343947614275527567,4120,844,-2,256,198,1796
256,gamma,1.0,513,4525517862216669854,5129,731,0,193,256,2004
256,gamma,1.0,514,1052289747062419906,4248,742,0,172,256,1690
256,gamma,1.0,515,1039543926987000525,6053,1013,0,256,213,2364
256,gamma,1.0,516,8646678553594661074,4126,754,0,256,208,1725
256,gamma,1.0,517,3326263415103024797,4414,736,1,200,256,1773
256,gamma,1.0,518,5317922952509037120,5198,718,2,176,256,1887
256,gamma,1.0,519,1837326060595535219,4558,778,-1,256,234,1850
256,gamma,1.0,520,285915329572136914,4527,725,0,185,256,1692
256,gamma,1.0,521,8650023999929466203,5452,900,-2,256,238,2120
256,gamma,1.0,522,1626934862455484981,4750,776,0,162,256,1914
256,gamma,1.0,523,9202578753884863397,4553,865,-1,256,209,1895
256,gamma,1.0,524,8118983462473040376,4449,769,-1,256,187,1761
256,gamma,1.0,525,5175912518901639120,5814,890,-1,256,246,2175
256,gamma,1.0,526,1649642517289431048,3807,777,3,161,256,1659
256,gamma,1.0,527,3247961242087128648,4460,838,-1,256,198,1888
256,gamma,1.0,528,7801519039559185218,5042,770,1,244,256,1998
256,gamma,1.0,529,9208264578493098709,5265,863,0,256,233,2078
256,gamma,1.0,530,5640435657037877585,4470,816,1,256,224,1721
256,gamma,1.0,531,50212298178797843,4492,770,-1,228,256,1670
256,gamma,1.0,532,996241644510744342,5590,902,0,256,216,2170
256,gamma,1.0,533,8928826594860653781,5344,830,1,190,256,2009
256,gamma,1.0,534,7544663679482163394,6205,873,-2,256,229,2344
256,gamma,1.0,535,7848189438796414639,5523,891,1,256,227,2174
256,gamma,1.0,536,7903084109942885342,5405,993,2,233,256,2222
256,gamma,1.0,537,4630183304858434980,4664,756,1,256,174,1774
256,gamma,1.0,538,6641158337939156885,4703,817,-1,256,217,1831
256,gamma,1.0,539,168519980762790164,5201,811,0,209,256,1946
256,gamma,1.0,540,6095348362672134271,6134,912,1,202,256,2124
256,gamma,1.0,541,5565912545042226354,5182,958,-3,244,256,2178
256,gamma,1.0,542,4864955227623312087,4239,765,-2,256,129,1741
256,gamma,1.0,543,3218705043726797317,5093,891,1,256,199,2143
256,gamma,1.0,544,750730536651802960,4750,784,-2,164,256,1658
256,gamma,1.0,545,7026948470952098208,4422,740,0,134,256,1680
256,gamma,1.0,546,7700046893620252581,3533,629,-2,77,256,1400
256,gamma,1.0,547,7152346343755920758,3734,696,0,256,142,1547
256,gamma,1.0,548,9009977520274421346,5684,932,0,214,256,2105
256,gamma,1.0,549,632178081234310952,6448,868,2,256,162,2339
256,gamma,1.0,550,2896278895622684988,4126,836,1,252,256,1818
256,gamma,1.0,551,3359150440601166714,3839,703,0,187,256,1466
256,gamma,1.0,552,8972201242695488815,3962,768,0,176,256,1654
256,gamma,1.0,553,1923027376946171224,4860,804,-1,256,212,1884
256,gamma,1.0,554,4463535276128063231,4934,860,-2,256,244,1948
256,gamma,1.0,555,3020786642521922505,5515,785,1,256,231,1893
256,gamma,1.0,556,5449534818205191715,4620,876,1,256,184,1896
256,gamma,1.0,557,6765065010648088591,4272,778,3,214,256,1660
256,gamma,1.0,558,1768954424558767551,3984,822,0,182,256,1593
256,gamma,1.0,559,7934466876713225339,5796,738,1,208,256,2029
256,gamma,1.0,560,1845129141097508320,5394,908,-2,242,256,2044
256,gamma,1.0,561,3001140932655632115,3372,700,3,162,256,1460
256,gamma,1.0,562,5773415941760734347,3472,750,2,256,206,1521
256,gamma,1.0,563,4542673413313253130,3838,762,0,256,184,1576
256,gamma,1.0,564,714902025593408423,4180,758,0,256,218,1773
256,gamma,1.0,565,836430832866988114,5044,938,0,256,236,1959
256,gamma,1.0,566,6140738753617079847,5066,810,-1,236,256,2023
256,gamma,1.0,567,97878801811877535,4110,770,0,204,256,1742
256,gamma,1.0,568,7553328171579162291,6606,854,2,196,256,2343
256,gamma,1.0,569,5091116412631063487,6123,713,0,149,256,2329
256,gamma,1.0,570,959893492644740402,3905,739,1,175,256,1483
256,gamma,1.0,571,8414023455855565125,4505,905,0,201,256,1813
256,gamma,1.0,572,849662119803870001,4518,818,-1,252,256,1700
256,gamma,1.0,573,6175932116393935369,4535,771,-1,181,256,1796
256,gamma,1.0,574,5654079978973384412,4728,952,-3,256,250,1985
256,gamma,1.0,575,1800380064717597581,4737,789,-1,256,249,1865
256,gamma,1.0,576,4966151113039467115,6553,843,2,221,256,2305
256,gamma,1.0,577,3638304779316504281,4802,866,-1,256,208,1983
256,gamma,1.0,578,1282169920841387619,3998,772,-1,256,232,1759
256,gamma,1.0,579,884936236869483057,5373,919,-2,256,225,2110
256,gamma,1.0,580,697830615615088218,4194,942,0,236,256,1801
256,gamma,1.0,581,445633150137773169,4542,756,-1,154,256,1836
256,gamma,1.0,582,8138213528709973304,5210,880,-5,238,256,2045
256,gamma,1.0,583,6932488643506565974,5066,858,2,226,256,1921
256,gamma,1.0,584,322599660030713602,5958,782,2,202,256,2150
256,gamma,1.0,585,4803293036501305141,4138,756,1,220,256,1630
256,gamma,1.0,586,5521511478553538279,5892,920,-1,256,234,2275
256,gamma,1.0,587,3334458843097291255,4372,970,1,252,256,1868
256,gamma,1.0,588,7864907298066419721,4118,776,-2,194,256,1679
256,gamma,1.0,589,7512207414063867199,5098,714,-1,256,164,1836
256,gamma,1.0,590,5528433784938613502,3873,827,0,173,256,1689
256,gamma,1.0,591,4593189677067009871,3626,768,1,224,256,1435
256,gamma,1.0,592,519412096701830452,6688,1010,3,248,256,2465
256,gamma,1.0,593,6617681949087596617,5428,718,-3,96,256,1999
256,gamma,1.0,594,1026206629048842532,4359,827,-1,256,241,1830
256,gamma,1.0,595,4734644957392217589,4824,758,2,206,256,1831
256,gamma,1.0,596,7457218995115411052,5819,891,-1,243,256,2226
256,gamma,1.0,597,5820838662085000347,4630,804,1,256,232,1901
256,gamma,1.0,598,7556428571443522347,5193,967,-2,207,256,2068
256,gamma,1.0,599,479282115467820793,4760,772,0,256,228,1854
256,gamma,1.0,600,6638835395253880212,3723,833,1,256,215,1636
256,gamma,1.0,601,6918774869381231027,3788,754,2,170,256,1528
256,gamma,1.0,602,4304990188360986176,3141,591,1,256,123,1317
256,gamma,1.0,603,8671093418008099049,4435,799,0,256,161,1790
256,gamma,1.0,604,4994779983218312347,4731,863,2,221,256,1891
256,gamma,1.0,605,5640419143814824934,3410,650,-2,256,94,1396
256,gamma,1.0,606,1958094783282610559,4612,862,0,218,256,1981
256,gamma,1.0,607,5046631286025988249,4361,767,2,177,256,1742
256,gamma,1.0,608,842385451896160178,4595,873,0,256,227,1900
256,gamma,1.0,609,8053118930220732079,4232,880,0,256,204,1789
256,gamma,1.0,610,1465594785276653236,3855,727,0,193,256,1644
256,gamma,1.0,611,1735764437043633718,3597,877,1,256,233,1673
256,gamma,1.0,612,1682579091374255068,3693,729,0,256,181,1510
256,gamma,1.0,613,8721355243300641934,4151,917,0,256,235,1805
256,gamma,1.0,614,4801045086261339495,3299,653,-2,256,151,1406
256,gamma,1.0,615,1771548682263709912,6225,853,0,256,227,2342
256,gamma,1.0,616,4226555041531813207,2903,725,1,185,256,1296
256,gamma,1.0,617,7669324910871626588,3922,798,1,256,172,1606
256,gamma,1.0,618,773689495840923995,3677,807,0,203,256,1611
256,gamma,1.0,619,6975676522768998541,3699,787,0,256,175,1546
256,gamma,1.0,620,701052664789642758,5934,878,-2,206,256,2176
256,gamma,1.0,621,8110734401488953239,4779,833,-1,256,249,1919
256,gamma,1.0,622,1528955106488805363,6077,933,-2,239,256,2403
256,gamma,1.0,623,8658946507903126309,5894,938,-3,256,212,2296
256,gamma,1.0,624,8028690839023280482,4346,750,1,192,256,1723
256,gamma,1.0,625,2852478446033050839,5370,758,1,216,256,1919
256,gamma,1.0,626,7407133731345278668,5334,784,-2,256,170,2024
256,gamma,1.0,627,6056995049459987510,4435,821,0,233,256,1739
256,gamma,1.0,628,5301895439034982663,4393,799,2,221,256,1754
256,gamma,1.0,629,3311470298556233864,4000,648,1,98,256,1510
256,gamma,1.0,630,7128905382678166309,6194,950,0,256,246,2432
256,gamma,1.0,631,5911349515937751642,4742,776,0,218,256,1809
256,gamma,1.0,632,3878054464019200225,4295,871,-2,256,231,1795
256,gamma,1.0,633,6399630823948862607,4956,746,0,126,256,1810
256,gamma,1.0,634,555897390663408690,4418,882,-1,256,220,1803
256,gamma,1.0,635,3706245720680234602,4840,826,1,236,256,1862
256,gamma,1.0,636,2041173066302148297,4380,824,-1,200,256,1779
256,gamma,1.0,637,3823959193977355080,5257,875,-1,256,231,2100
256,gamma,1.0,638,8137489565835306127,4102,782,0,218,256,1650
256,gamma,1.0,639,8330520984361856617,4267,815,-1,207,256,1827
256,gamma,1.0,640,3436271103193903144,5209,1055,-4,256,213,2160
256,gamma,1.0,641,2074903479595041389,4448,844,-3,256,220,1831
256,gamma,1.0,642,3800840299327155005,4727,751,0,215,256,1792
256,gamma,1.0,643,8011948368469538506,4745,947,0,225,256,2003
256,gamma,1.0,644,2488019178338507548,5676,840,-2,200,256,2079
256,gamma,1.0,645,5951863820509666840,4037,797,-3,213,256,1679
256,gamma,1.0,646,5628503202106814602,4854,900,3,232,256,1997
256,gamma,1.0,647,1718092723108559011,4600,942,0,256,242,1959
256,gamma,1.0,648,6907299552525090935,5378,924,0,242,256,2035
256,gamma,1.0,649,3728645999338210666,3134,620,0,256,122,1377
256,gamma,1.0,650,3310702312409493269,4183,825,-1,185,256,1683
256,gamma,1.0,651,2587164996235935339,5423,775,0,189,256,2061
256,gamma,1.0,652,8304942706394664851,6309,901,-1,256,187,2524
256,gamma,1.0,653,4886520654390966897,5206,776,-3,256,202,2000
256,gamma,1.0,654,6847057031897271287,4779,777,0,256,201,1856
256,gamma,1.0,655,1406581544392480504,5340,794,-1,256,248,2062
256,gamma,1.0,656,217222154733631149,4634,912,0,226,256,1901
256,gamma,1.0,657,4951818143891863094,5536,870,0,256,238,2199
256,gamma,1.0,658,1244135752717883168,5012,1074,1,256,226,2095
256,gamma,1.0,659,1227866558022879821,4468,768,0,172,256,1774
256,gamma,1.0,660,729241821336643494,4411,747,0,235,256,1729
256,gamma,1.0,661,6664926886536396347,3933,693,-1,256,175,1681
256,gamma,1.0,662,4834108601259570595,4792,814,1,218,256,1952
256,gamma,1.0,663,1105166047211585691,4894,1006,0,256,196,2043
256,gamma,1.0,664,6758397189733208026,4767,947,4,233,256,1983
256,gamma,1.0,665,7901104805445024027,4604,972,0,256,206,2045
256,gamma,1.0,666,4540217797959537535,3900,738,-1,256,160,1578
256,gamma,1.0,667,6595419269038394313,5023,695,-1,256,149,1727
256,gamma,1.0,668,6256469504370664042,3872,800,0,256,246,1645
256,gamma,1.0,669,7843965820934299037,3761,635,-1,256,121,1502
256,gamma,1.0,670,6315080625904973904,5756,856,0,256,246,2057
256,gamma,1.0,671,1826057587287848503,5500,884,1,248,256,2060
256,gamma,1.0,672,8454697336210827113,6082,882,0,256,182,2133
256,gamma,1.0,673,1220319891806019866,3996,722,-1,256,196,1611
256,gamma,1.0,674,236523418131667388,5606,784,0,256,196,1983
256,gamma,1.0,675,150664453542613486,5738,874,-1,256,236,2146
256,gamma,1.0,676,1587416934917716887,3933,709,-1,256,189,1588
256,gamma,1.0,677,6496132600706130616,3313,667,1,147,256,1367
256,gamma,1.0,678,7145492474383733176,3937,779,0,77,256,1602
256,gamma,1.0,679,1329352736915937686,3836,770,1,176,256,1613
256,gamma,1.0,680,3929419284955860428,3859,749,1,149,256,1586
256,gamma,1.0,681,2790924537146484730,4554,866,2,256,236,1882
256,gamma,1.0,682,566021097145800140,6108,790,1,178,256,2138
256,gamma,1.0,683,1644707957626760868,3246,648,-2,256,134,1326
256,gamma,1.0,684,1790813684826653471,4576,818,4,256,166,1804
256,gamma,1.0,685,2194835640342803259,5770,828,1,256,162,2072
256,gamma,1.0,686,688497709458495761,5211,875,-3,249,256,1980
256,gamma,1.0,687,3578828726208121938,4776,796,-2,256,206,1781
256,gamma,1.0,688,6475728648745986868,4040,770,2,256,184,1638
256,gamma,1.0,689,2917788861358592563,4719,911,-3,219,256,1901
256,gamma,1.0,690,4287732009099956484,6326,948,1,220,256,2488
256,gamma,1.0,691,6802601128259003845,5636,878,2,256,190,2105
256,gamma,1.0,692,2930944994963071197,4645,753,0,256,149,1848
256,gamma,1.0,693,6813321958801358206,3702,850,2,234,256,1637
256,gamma,1.0,694,4387866410558586027,5058,806,-2,256,224,1880
256,gamma,1.0,695,1227854865948273363,4185,807,-1,256,195,1694
256,gamma,1.0,696,8535800319786557819,4492,862,0,256,230,1868
256,gamma,1.0,697,857470548902416117,3935,761,1,256,177,1613
256,gamma,1.0,698,4579525199683961914,4241,707,0,256,159,1671
256,gamma,1.0,699,4070999242517187605,3816,742,0,256,120,1579
